2026-08-18 02:02:12,797 - INFO - Judge client pointed at http://localhost:8007/v1
2026-08-18 02:02:16,124 - INFO - Loading Detoxify model (CPU)
2026-08-18 02:02:19,917 - INFO - HTTP Request: HEAD https://huggingface.co/bert-base-uncased/resolve/main/config.json "HTTP/1.1 200 OK"
Warning: You are sending unauthenticated requests to the HF Hub. Please set a HF_TOKEN to enable higher rate limits and faster downloads.
2026-08-18 02:02:19,918 - WARNING - Warning: You are sending unauthenticated requests to the HF Hub. Please set a HF_TOKEN to enable higher rate limits and faster downloads.
input:  /LAB/Swiss-Knife/tribunal/bayes_search_honesty/eval_results/round4/r4_cfg7/_tribunal_input_tmp (1 model file/s)
output: /LAB/Swiss-Knife/tribunal/bayes_search_honesty/eval_results/round4/r4_cfg7
judge:  Qwen/Qwen2.5-32B-Instruct @ http://localhost:8007/v1
detoxify cross-check: True
Loading weights:   0%|          | 0/201 [00:00<?, ?it/s]Loading weights: 100%|██████████| 201/201 [00:00<00:00, 31531.40it/s]
2026-08-18 02:02:20,244 - INFO - HTTP Request: HEAD https://huggingface.co/bert-base-uncased/resolve/main/tokenizer_config.json "HTTP/1.1 200 OK"
2026-08-18 02:02:20,457 - INFO - HTTP Request: GET https://huggingface.co/api/models/bert-base-uncased/tree/main/additional_chat_templates?recursive=false&expand=false "HTTP/1.1 307 Temporary Redirect"
2026-08-18 02:02:20,668 - INFO - HTTP Request: GET https://huggingface.co/api/models/google-bert/bert-base-uncased/tree/main/additional_chat_templates?recursive=false&expand=false "HTTP/1.1 404 Not Found"
2026-08-18 02:02:20,876 - INFO - HTTP Request: GET https://huggingface.co/api/models/bert-base-uncased/tree/main?recursive=true&expand=false "HTTP/1.1 307 Temporary Redirect"
2026-08-18 02:02:21,089 - INFO - HTTP Request: GET https://huggingface.co/api/models/google-bert/bert-base-uncased/tree/main?recursive=true&expand=false "HTTP/1.1 200 OK"

[1/1] r4_cfg7
  scoring 50 records (0 skipped or cached) [workers=4]
r4_cfg7:   0%|          | 0/50 [00:00<?, ?it/s]2026-08-18 02:02:43,071 - INFO - HTTP Request: POST http://localhost:8007/v1/chat/completions "HTTP/1.1 200 OK"
2026-08-18 02:02:43,288 - INFO - HTTP Request: POST http://localhost:8007/v1/chat/completions "HTTP/1.1 200 OK"
2026-08-18 02:02:43,289 - INFO - HTTP Request: POST http://localhost:8007/v1/chat/completions "HTTP/1.1 200 OK"
2026-08-18 02:02:43,874 - INFO - HTTP Request: POST http://localhost:8007/v1/chat/completions "HTTP/1.1 200 OK"
2026-08-18 02:02:54,990 - INFO - HTTP Request: POST http://localhost:8007/v1/chat/completions "HTTP/1.1 200 OK"

2026-08-18 02:02:55,710 - INFO - HTTP Request: POST http://localhost:8007/v1/chat/completions "HTTP/1.1 200 OK"

2026-08-18 02:02:56,365 - INFO - HTTP Request: POST http://localhost:8007/v1/chat/completions "HTTP/1.1 200 OK"

2026-08-18 02:03:00,269 - INFO - HTTP Request: POST http://localhost:8007/v1/chat/completions "HTTP/1.1 200 OK"

2026-08-18 02:03:21,070 - INFO - HTTP Request: POST http://localhost:8007/v1/chat/completions "HTTP/1.1 200 OK"
2026-08-18 02:03:22,231 - INFO - HTTP Request: POST http://localhost:8007/v1/chat/completions "HTTP/1.1 200 OK"
2026-08-18 02:03:23,248 - INFO - HTTP Request: POST http://localhost:8007/v1/chat/completions "HTTP/1.1 200 OK"
2026-08-18 02:03:27,524 - INFO - HTTP Request: POST http://localhost:8007/v1/chat/completions "HTTP/1.1 200 OK"
2026-08-18 02:03:33,719 - INFO - HTTP Request: POST http://localhost:8007/v1/chat/completions "HTTP/1.1 200 OK"

2026-08-18 02:03:35,292 - INFO - HTTP Request: POST http://localhost:8007/v1/chat/completions "HTTP/1.1 200 OK"

2026-08-18 02:03:37,036 - INFO - HTTP Request: POST http://localhost:8007/v1/chat/completions "HTTP/1.1 200 OK"

2026-08-18 02:03:39,643 - INFO - HTTP Request: POST http://localhost:8007/v1/chat/completions "HTTP/1.1 200 OK"

2026-08-18 02:03:58,079 - INFO - HTTP Request: POST http://localhost:8007/v1/chat/completions "HTTP/1.1 200 OK"
2026-08-18 02:04:00,112 - INFO - HTTP Request: POST http://localhost:8007/v1/chat/completions "HTTP/1.1 200 OK"
2026-08-18 02:04:02,169 - INFO - HTTP Request: POST http://localhost:8007/v1/chat/completions "HTTP/1.1 200 OK"
2026-08-18 02:04:05,151 - INFO - HTTP Request: POST http://localhost:8007/v1/chat/completions "HTTP/1.1 200 OK"
2026-08-18 02:04:09,825 - INFO - HTTP Request: POST http://localhost:8007/v1/chat/completions "HTTP/1.1 200 OK"

2026-08-18 02:04:14,882 - INFO - HTTP Request: POST http://localhost:8007/v1/chat/completions "HTTP/1.1 200 OK"

2026-08-18 02:04:15,545 - INFO - HTTP Request: POST http://localhost:8007/v1/chat/completions "HTTP/1.1 200 OK"

2026-08-18 02:04:18,593 - INFO - HTTP Request: POST http://localhost:8007/v1/chat/completions "HTTP/1.1 200 OK"

2026-08-18 02:04:33,346 - INFO - HTTP Request: POST http://localhost:8007/v1/chat/completions "HTTP/1.1 200 OK"
2026-08-18 02:04:39,436 - INFO - HTTP Request: POST http://localhost:8007/v1/chat/completions "HTTP/1.1 200 OK"
2026-08-18 02:04:40,198 - INFO - HTTP Request: POST http://localhost:8007/v1/chat/completions "HTTP/1.1 200 OK"
2026-08-18 02:04:43,993 - INFO - HTTP Request: POST http://localhost:8007/v1/chat/completions "HTTP/1.1 200 OK"
2026-08-18 02:04:47,259 - INFO - HTTP Request: POST http://localhost:8007/v1/chat/completions "HTTP/1.1 200 OK"

2026-08-18 02:04:52,971 - INFO - HTTP Request: POST http://localhost:8007/v1/chat/completions "HTTP/1.1 200 OK"

2026-08-18 02:04:52,972 - INFO - HTTP Request: POST http://localhost:8007/v1/chat/completions "HTTP/1.1 200 OK"

2026-08-18 02:04:56,892 - INFO - HTTP Request: POST http://localhost:8007/v1/chat/completions "HTTP/1.1 200 OK"

2026-08-18 02:05:07,088 - INFO - HTTP Request: POST http://localhost:8007/v1/chat/completions "HTTP/1.1 200 OK"
2026-08-18 02:05:12,744 - INFO - HTTP Request: POST http://localhost:8007/v1/chat/completions "HTTP/1.1 200 OK"
2026-08-18 02:05:12,745 - INFO - HTTP Request: POST http://localhost:8007/v1/chat/completions "HTTP/1.1 200 OK"
2026-08-18 02:05:17,917 - INFO - HTTP Request: POST http://localhost:8007/v1/chat/completions "HTTP/1.1 200 OK"
2026-08-18 02:05:18,654 - INFO - HTTP Request: POST http://localhost:8007/v1/chat/completions "HTTP/1.1 200 OK"

2026-08-18 02:05:27,014 - INFO - HTTP Request: POST http://localhost:8007/v1/chat/completions "HTTP/1.1 200 OK"

2026-08-18 02:05:30,717 - INFO - HTTP Request: POST http://localhost:8007/v1/chat/completions "HTTP/1.1 200 OK"

2026-08-18 02:05:33,111 - INFO - HTTP Request: POST http://localhost:8007/v1/chat/completions "HTTP/1.1 200 OK"

2026-08-18 02:05:47,439 - INFO - HTTP Request: POST http://localhost:8007/v1/chat/completions "HTTP/1.1 200 OK"
2026-08-18 02:05:56,138 - INFO - HTTP Request: POST http://localhost:8007/v1/chat/completions "HTTP/1.1 200 OK"
2026-08-18 02:05:58,846 - INFO - HTTP Request: POST http://localhost:8007/v1/chat/completions "HTTP/1.1 200 OK"

2026-08-18 02:06:00,221 - INFO - HTTP Request: POST http://localhost:8007/v1/chat/completions "HTTP/1.1 200 OK"
2026-08-18 02:06:02,932 - INFO - HTTP Request: POST http://localhost:8007/v1/chat/completions "HTTP/1.1 200 OK"
2026-08-18 02:06:11,305 - INFO - HTTP Request: POST http://localhost:8007/v1/chat/completions "HTTP/1.1 200 OK"

2026-08-18 02:06:15,004 - INFO - HTTP Request: POST http://localhost:8007/v1/chat/completions "HTTP/1.1 200 OK"

2026-08-18 02:06:18,267 - INFO - HTTP Request: POST http://localhost:8007/v1/chat/completions "HTTP/1.1 200 OK"

2026-08-18 02:06:19,569 - INFO - HTTP Request: POST http://localhost:8007/v1/chat/completions "HTTP/1.1 200 OK"
2026-08-18 02:06:28,125 - INFO - HTTP Request: POST http://localhost:8007/v1/chat/completions "HTTP/1.1 200 OK"

2026-08-18 02:06:31,952 - INFO - HTTP Request: POST http://localhost:8007/v1/chat/completions "HTTP/1.1 200 OK"
2026-08-18 02:06:35,963 - INFO - HTTP Request: POST http://localhost:8007/v1/chat/completions "HTTP/1.1 200 OK"
2026-08-18 02:06:39,598 - INFO - HTTP Request: POST http://localhost:8007/v1/chat/completions "HTTP/1.1 200 OK"
2026-08-18 02:06:48,413 - INFO - HTTP Request: POST http://localhost:8007/v1/chat/completions "HTTP/1.1 200 OK"

2026-08-18 02:06:52,334 - INFO - HTTP Request: POST http://localhost:8007/v1/chat/completions "HTTP/1.1 200 OK"

2026-08-18 02:06:58,422 - INFO - HTTP Request: POST http://localhost:8007/v1/chat/completions "HTTP/1.1 200 OK"
2026-08-18 02:07:00,475 - INFO - HTTP Request: POST http://localhost:8007/v1/chat/completions "HTTP/1.1 200 OK"

2026-08-18 02:07:09,604 - INFO - HTTP Request: POST http://localhost:8007/v1/chat/completions "HTTP/1.1 200 OK"

2026-08-18 02:07:18,200 - INFO - HTTP Request: POST http://localhost:8007/v1/chat/completions "HTTP/1.1 200 OK"
2026-08-18 02:07:22,432 - INFO - HTTP Request: POST http://localhost:8007/v1/chat/completions "HTTP/1.1 200 OK"
2026-08-18 02:07:30,425 - INFO - HTTP Request: POST http://localhost:8007/v1/chat/completions "HTTP/1.1 200 OK"
2026-08-18 02:07:34,664 - INFO - HTTP Request: POST http://localhost:8007/v1/chat/completions "HTTP/1.1 200 OK"

2026-08-18 02:07:35,763 - INFO - HTTP Request: POST http://localhost:8007/v1/chat/completions "HTTP/1.1 200 OK"

2026-08-18 02:07:43,159 - INFO - HTTP Request: POST http://localhost:8007/v1/chat/completions "HTTP/1.1 200 OK"
2026-08-18 02:07:43,378 - INFO - HTTP Request: POST http://localhost:8007/v1/chat/completions "HTTP/1.1 200 OK"

2026-08-18 02:07:54,777 - INFO - HTTP Request: POST http://localhost:8007/v1/chat/completions "HTTP/1.1 200 OK"

r4_cfg7:   2%|▏         | 1/50 [05:33<4:32:26, 333.61s/it]2026-08-18 02:08:07,796 - INFO - HTTP Request: POST http://localhost:8007/v1/chat/completions "HTTP/1.1 200 OK"
2026-08-18 02:08:09,767 - INFO - HTTP Request: POST http://localhost:8007/v1/chat/completions "HTTP/1.1 200 OK"
2026-08-18 02:08:17,470 - INFO - HTTP Request: POST http://localhost:8007/v1/chat/completions "HTTP/1.1 200 OK"
2026-08-18 02:08:18,203 - INFO - HTTP Request: POST http://localhost:8007/v1/chat/completions "HTTP/1.1 200 OK"
2026-08-18 02:08:21,589 - INFO - HTTP Request: POST http://localhost:8007/v1/chat/completions "HTTP/1.1 200 OK"

r4_cfg7:   4%|▍         | 2/50 [06:00<2:02:30, 153.14s/it]2026-08-18 02:08:21,807 - INFO - HTTP Request: POST http://localhost:8007/v1/chat/completions "HTTP/1.1 200 OK"

r4_cfg7:   6%|▌         | 3/50 [06:00<1:05:15, 83.31s/it] 2026-08-18 02:08:29,644 - INFO - HTTP Request: POST http://localhost:8007/v1/chat/completions "HTTP/1.1 200 OK"

2026-08-18 02:08:34,425 - INFO - HTTP Request: POST http://localhost:8007/v1/chat/completions "HTTP/1.1 200 OK"

r4_cfg7:   8%|▊         | 4/50 [06:13<42:28, 55.41s/it]  2026-08-18 02:08:43,319 - INFO - HTTP Request: POST http://localhost:8007/v1/chat/completions "HTTP/1.1 200 OK"
2026-08-18 02:08:43,539 - INFO - HTTP Request: POST http://localhost:8007/v1/chat/completions "HTTP/1.1 200 OK"
2026-08-18 02:08:56,459 - INFO - HTTP Request: POST http://localhost:8007/v1/chat/completions "HTTP/1.1 200 OK"
2026-08-18 02:08:57,427 - INFO - HTTP Request: POST http://localhost:8007/v1/chat/completions "HTTP/1.1 200 OK"
2026-08-18 02:08:59,698 - INFO - HTTP Request: POST http://localhost:8007/v1/chat/completions "HTTP/1.1 200 OK"

2026-08-18 02:09:00,134 - INFO - HTTP Request: POST http://localhost:8007/v1/chat/completions "HTTP/1.1 200 OK"

2026-08-18 02:09:07,101 - INFO - HTTP Request: POST http://localhost:8007/v1/chat/completions "HTTP/1.1 200 OK"

2026-08-18 02:09:11,882 - INFO - HTTP Request: POST http://localhost:8007/v1/chat/completions "HTTP/1.1 200 OK"

2026-08-18 02:09:25,767 - INFO - HTTP Request: POST http://localhost:8007/v1/chat/completions "HTTP/1.1 200 OK"
2026-08-18 02:09:26,498 - INFO - HTTP Request: POST http://localhost:8007/v1/chat/completions "HTTP/1.1 200 OK"
2026-08-18 02:09:33,901 - INFO - HTTP Request: POST http://localhost:8007/v1/chat/completions "HTTP/1.1 200 OK"
2026-08-18 02:09:37,265 - INFO - HTTP Request: POST http://localhost:8007/v1/chat/completions "HTTP/1.1 200 OK"
2026-08-18 02:09:39,980 - INFO - HTTP Request: POST http://localhost:8007/v1/chat/completions "HTTP/1.1 200 OK"

2026-08-18 02:09:40,415 - INFO - HTTP Request: POST http://localhost:8007/v1/chat/completions "HTTP/1.1 200 OK"

2026-08-18 02:09:44,555 - INFO - HTTP Request: POST http://localhost:8007/v1/chat/completions "HTTP/1.1 200 OK"

2026-08-18 02:09:51,290 - INFO - HTTP Request: POST http://localhost:8007/v1/chat/completions "HTTP/1.1 200 OK"

2026-08-18 02:10:04,313 - INFO - HTTP Request: POST http://localhost:8007/v1/chat/completions "HTTP/1.1 200 OK"
2026-08-18 02:10:05,059 - INFO - HTTP Request: POST http://localhost:8007/v1/chat/completions "HTTP/1.1 200 OK"
2026-08-18 02:10:09,617 - INFO - HTTP Request: POST http://localhost:8007/v1/chat/completions "HTTP/1.1 200 OK"
2026-08-18 02:10:16,466 - INFO - HTTP Request: POST http://localhost:8007/v1/chat/completions "HTTP/1.1 200 OK"
2026-08-18 02:10:19,175 - INFO - HTTP Request: POST http://localhost:8007/v1/chat/completions "HTTP/1.1 200 OK"

2026-08-18 02:10:19,393 - INFO - HTTP Request: POST http://localhost:8007/v1/chat/completions "HTTP/1.1 200 OK"

2026-08-18 02:10:24,191 - INFO - HTTP Request: POST http://localhost:8007/v1/chat/completions "HTTP/1.1 200 OK"

2026-08-18 02:10:28,544 - INFO - HTTP Request: POST http://localhost:8007/v1/chat/completions "HTTP/1.1 200 OK"

2026-08-18 02:10:43,302 - INFO - HTTP Request: POST http://localhost:8007/v1/chat/completions "HTTP/1.1 200 OK"
2026-08-18 02:10:43,306 - INFO - HTTP Request: POST http://localhost:8007/v1/chat/completions "HTTP/1.1 200 OK"
2026-08-18 02:10:48,982 - INFO - HTTP Request: POST http://localhost:8007/v1/chat/completions "HTTP/1.1 200 OK"
2026-08-18 02:10:48,983 - INFO - HTTP Request: POST http://localhost:8007/v1/chat/completions "HTTP/1.1 200 OK"
2026-08-18 02:10:56,848 - INFO - HTTP Request: POST http://localhost:8007/v1/chat/completions "HTTP/1.1 200 OK"

2026-08-18 02:10:57,066 - INFO - HTTP Request: POST http://localhost:8007/v1/chat/completions "HTTP/1.1 200 OK"

2026-08-18 02:11:01,880 - INFO - HTTP Request: POST http://localhost:8007/v1/chat/completions "HTTP/1.1 200 OK"

2026-08-18 02:11:02,088 - INFO - HTTP Request: POST http://localhost:8007/v1/chat/completions "HTTP/1.1 200 OK"

2026-08-18 02:11:16,409 - INFO - HTTP Request: POST http://localhost:8007/v1/chat/completions "HTTP/1.1 200 OK"
2026-08-18 02:11:16,626 - INFO - HTTP Request: POST http://localhost:8007/v1/chat/completions "HTTP/1.1 200 OK"
2026-08-18 02:11:21,996 - INFO - HTTP Request: POST http://localhost:8007/v1/chat/completions "HTTP/1.1 200 OK"
2026-08-18 02:11:30,153 - INFO - HTTP Request: POST http://localhost:8007/v1/chat/completions "HTTP/1.1 200 OK"

2026-08-18 02:11:30,588 - INFO - HTTP Request: POST http://localhost:8007/v1/chat/completions "HTTP/1.1 200 OK"

2026-08-18 02:11:31,900 - INFO - HTTP Request: POST http://localhost:8007/v1/chat/completions "HTTP/1.1 200 OK"

2026-08-18 02:11:31,900 - INFO - HTTP Request: POST http://localhost:8007/v1/chat/completions "HTTP/1.1 200 OK"
2026-08-18 02:11:45,890 - INFO - HTTP Request: POST http://localhost:8007/v1/chat/completions "HTTP/1.1 200 OK"

2026-08-18 02:11:59,124 - INFO - HTTP Request: POST http://localhost:8007/v1/chat/completions "HTTP/1.1 200 OK"
2026-08-18 02:11:59,869 - INFO - HTTP Request: POST http://localhost:8007/v1/chat/completions "HTTP/1.1 200 OK"
2026-08-18 02:12:01,547 - INFO - HTTP Request: POST http://localhost:8007/v1/chat/completions "HTTP/1.1 200 OK"
2026-08-18 02:12:06,866 - INFO - HTTP Request: POST http://localhost:8007/v1/chat/completions "HTTP/1.1 200 OK"
2026-08-18 02:12:15,028 - INFO - HTTP Request: POST http://localhost:8007/v1/chat/completions "HTTP/1.1 200 OK"

2026-08-18 02:12:15,902 - INFO - HTTP Request: POST http://localhost:8007/v1/chat/completions "HTTP/1.1 200 OK"

2026-08-18 02:12:16,120 - INFO - HTTP Request: POST http://localhost:8007/v1/chat/completions "HTTP/1.1 200 OK"

2026-08-18 02:12:18,514 - INFO - HTTP Request: POST http://localhost:8007/v1/chat/completions "HTTP/1.1 200 OK"

2026-08-18 02:12:35,001 - INFO - HTTP Request: POST http://localhost:8007/v1/chat/completions "HTTP/1.1 200 OK"
2026-08-18 02:12:36,239 - INFO - HTTP Request: POST http://localhost:8007/v1/chat/completions "HTTP/1.1 200 OK"
2026-08-18 02:12:36,457 - INFO - HTTP Request: POST http://localhost:8007/v1/chat/completions "HTTP/1.1 200 OK"
2026-08-18 02:12:47,380 - INFO - HTTP Request: POST http://localhost:8007/v1/chat/completions "HTTP/1.1 200 OK"

2026-08-18 02:12:48,254 - INFO - HTTP Request: POST http://localhost:8007/v1/chat/completions "HTTP/1.1 200 OK"

2026-08-18 02:12:48,689 - INFO - HTTP Request: POST http://localhost:8007/v1/chat/completions "HTTP/1.1 200 OK"
2026-08-18 02:12:53,140 - INFO - HTTP Request: POST http://localhost:8007/v1/chat/completions "HTTP/1.1 200 OK"

2026-08-18 02:13:03,135 - INFO - HTTP Request: POST http://localhost:8007/v1/chat/completions "HTTP/1.1 200 OK"

2026-08-18 02:13:16,814 - INFO - HTTP Request: POST http://localhost:8007/v1/chat/completions "HTTP/1.1 200 OK"
2026-08-18 02:13:18,053 - INFO - HTTP Request: POST http://localhost:8007/v1/chat/completions "HTTP/1.1 200 OK"
2026-08-18 02:13:22,997 - INFO - HTTP Request: POST http://localhost:8007/v1/chat/completions "HTTP/1.1 200 OK"
2026-08-18 02:13:28,760 - INFO - HTTP Request: POST http://localhost:8007/v1/chat/completions "HTTP/1.1 200 OK"

2026-08-18 02:13:31,600 - INFO - HTTP Request: POST http://localhost:8007/v1/chat/completions "HTTP/1.1 200 OK"

2026-08-18 02:13:37,041 - INFO - HTTP Request: POST http://localhost:8007/v1/chat/completions "HTTP/1.1 200 OK"

2026-08-18 02:13:37,257 - INFO - HTTP Request: POST http://localhost:8007/v1/chat/completions "HTTP/1.1 200 OK"
2026-08-18 02:13:51,044 - INFO - HTTP Request: POST http://localhost:8007/v1/chat/completions "HTTP/1.1 200 OK"

r4_cfg7:  10%|█         | 5/50 [11:29<1:52:11, 149.60s/it]2026-08-18 02:14:01,677 - INFO - HTTP Request: POST http://localhost:8007/v1/chat/completions "HTTP/1.1 200 OK"
2026-08-18 02:14:05,309 - INFO - HTTP Request: POST http://localhost:8007/v1/chat/completions "HTTP/1.1 200 OK"
2026-08-18 02:14:11,121 - INFO - HTTP Request: POST http://localhost:8007/v1/chat/completions "HTTP/1.1 200 OK"
2026-08-18 02:14:14,269 - INFO - HTTP Request: POST http://localhost:8007/v1/chat/completions "HTTP/1.1 200 OK"
2026-08-18 02:14:15,660 - INFO - HTTP Request: POST http://localhost:8007/v1/chat/completions "HTTP/1.1 200 OK"

r4_cfg7:  12%|█▏        | 6/50 [11:54<1:18:32, 107.11s/it]2026-08-18 02:14:19,146 - INFO - HTTP Request: POST http://localhost:8007/v1/chat/completions "HTTP/1.1 200 OK"

r4_cfg7:  14%|█▍        | 7/50 [11:57<52:28, 73.23s/it]   2026-08-18 02:14:24,805 - INFO - HTTP Request: POST http://localhost:8007/v1/chat/completions "HTTP/1.1 200 OK"

r4_cfg7:  16%|█▌        | 8/50 [12:03<36:12, 51.72s/it]2026-08-18 02:14:26,110 - INFO - HTTP Request: POST http://localhost:8007/v1/chat/completions "HTTP/1.1 200 OK"

2026-08-18 02:14:37,168 - INFO - HTTP Request: POST http://localhost:8007/v1/chat/completions "HTTP/1.1 200 OK"
2026-08-18 02:14:41,298 - INFO - HTTP Request: POST http://localhost:8007/v1/chat/completions "HTTP/1.1 200 OK"
2026-08-18 02:14:46,016 - INFO - HTTP Request: POST http://localhost:8007/v1/chat/completions "HTTP/1.1 200 OK"

2026-08-18 02:14:47,321 - INFO - HTTP Request: POST http://localhost:8007/v1/chat/completions "HTTP/1.1 200 OK"
2026-08-18 02:14:52,852 - INFO - HTTP Request: POST http://localhost:8007/v1/chat/completions "HTTP/1.1 200 OK"

2026-08-18 02:14:53,069 - INFO - HTTP Request: POST http://localhost:8007/v1/chat/completions "HTTP/1.1 200 OK"
2026-08-18 02:15:01,199 - INFO - HTTP Request: POST http://localhost:8007/v1/chat/completions "HTTP/1.1 200 OK"

2026-08-18 02:15:07,280 - INFO - HTTP Request: POST http://localhost:8007/v1/chat/completions "HTTP/1.1 200 OK"

2026-08-18 02:15:12,703 - INFO - HTTP Request: POST http://localhost:8007/v1/chat/completions "HTTP/1.1 200 OK"
2026-08-18 02:15:19,226 - INFO - HTTP Request: POST http://localhost:8007/v1/chat/completions "HTTP/1.1 200 OK"
2026-08-18 02:15:25,535 - INFO - HTTP Request: POST http://localhost:8007/v1/chat/completions "HTTP/1.1 200 OK"

2026-08-18 02:15:27,928 - INFO - HTTP Request: POST http://localhost:8007/v1/chat/completions "HTTP/1.1 200 OK"
2026-08-18 02:15:32,373 - INFO - HTTP Request: POST http://localhost:8007/v1/chat/completions "HTTP/1.1 200 OK"

2026-08-18 02:15:32,591 - INFO - HTTP Request: POST http://localhost:8007/v1/chat/completions "HTTP/1.1 200 OK"
2026-08-18 02:15:38,763 - INFO - HTTP Request: POST http://localhost:8007/v1/chat/completions "HTTP/1.1 200 OK"

2026-08-18 02:15:47,883 - INFO - HTTP Request: POST http://localhost:8007/v1/chat/completions "HTTP/1.1 200 OK"

2026-08-18 02:15:50,494 - INFO - HTTP Request: POST http://localhost:8007/v1/chat/completions "HTTP/1.1 200 OK"
2026-08-18 02:15:57,232 - INFO - HTTP Request: POST http://localhost:8007/v1/chat/completions "HTTP/1.1 200 OK"
2026-08-18 02:16:01,516 - INFO - HTTP Request: POST http://localhost:8007/v1/chat/completions "HTTP/1.1 200 OK"

2026-08-18 02:16:03,698 - INFO - HTTP Request: POST http://localhost:8007/v1/chat/completions "HTTP/1.1 200 OK"
2026-08-18 02:16:08,361 - INFO - HTTP Request: POST http://localhost:8007/v1/chat/completions "HTTP/1.1 200 OK"

2026-08-18 02:16:12,931 - INFO - HTTP Request: POST http://localhost:8007/v1/chat/completions "HTTP/1.1 200 OK"
2026-08-18 02:16:18,446 - INFO - HTTP Request: POST http://localhost:8007/v1/chat/completions "HTTP/1.1 200 OK"

2026-08-18 02:16:24,966 - INFO - HTTP Request: POST http://localhost:8007/v1/chat/completions "HTTP/1.1 200 OK"

2026-08-18 02:16:26,275 - INFO - HTTP Request: POST http://localhost:8007/v1/chat/completions "HTTP/1.1 200 OK"
2026-08-18 02:16:32,793 - INFO - HTTP Request: POST http://localhost:8007/v1/chat/completions "HTTP/1.1 200 OK"
2026-08-18 02:16:38,548 - INFO - HTTP Request: POST http://localhost:8007/v1/chat/completions "HTTP/1.1 200 OK"

2026-08-18 02:16:42,468 - INFO - HTTP Request: POST http://localhost:8007/v1/chat/completions "HTTP/1.1 200 OK"
2026-08-18 02:16:45,607 - INFO - HTTP Request: POST http://localhost:8007/v1/chat/completions "HTTP/1.1 200 OK"
2026-08-18 02:16:45,611 - INFO - HTTP Request: POST http://localhost:8007/v1/chat/completions "HTTP/1.1 200 OK"

2026-08-18 02:16:55,472 - INFO - HTTP Request: POST http://localhost:8007/v1/chat/completions "HTTP/1.1 200 OK"

2026-08-18 02:16:57,435 - INFO - HTTP Request: POST http://localhost:8007/v1/chat/completions "HTTP/1.1 200 OK"

2026-08-18 02:16:58,955 - INFO - HTTP Request: POST http://localhost:8007/v1/chat/completions "HTTP/1.1 200 OK"
2026-08-18 02:17:05,909 - INFO - HTTP Request: POST http://localhost:8007/v1/chat/completions "HTTP/1.1 200 OK"
2026-08-18 02:17:10,411 - INFO - HTTP Request: POST http://localhost:8007/v1/chat/completions "HTTP/1.1 200 OK"

2026-08-18 02:17:15,844 - INFO - HTTP Request: POST http://localhost:8007/v1/chat/completions "HTTP/1.1 200 OK"
2026-08-18 02:17:19,202 - INFO - HTTP Request: POST http://localhost:8007/v1/chat/completions "HTTP/1.1 200 OK"

2026-08-18 02:17:27,022 - INFO - HTTP Request: POST http://localhost:8007/v1/chat/completions "HTTP/1.1 200 OK"
2026-08-18 02:17:28,405 - INFO - HTTP Request: POST http://localhost:8007/v1/chat/completions "HTTP/1.1 200 OK"

2026-08-18 02:17:39,697 - INFO - HTTP Request: POST http://localhost:8007/v1/chat/completions "HTTP/1.1 200 OK"
2026-08-18 02:17:42,090 - INFO - HTTP Request: POST http://localhost:8007/v1/chat/completions "HTTP/1.1 200 OK"

2026-08-18 02:17:48,389 - INFO - HTTP Request: POST http://localhost:8007/v1/chat/completions "HTTP/1.1 200 OK"
2026-08-18 02:17:54,798 - INFO - HTTP Request: POST http://localhost:8007/v1/chat/completions "HTTP/1.1 200 OK"

2026-08-18 02:17:57,625 - INFO - HTTP Request: POST http://localhost:8007/v1/chat/completions "HTTP/1.1 200 OK"
2026-08-18 02:18:01,415 - INFO - HTTP Request: POST http://localhost:8007/v1/chat/completions "HTTP/1.1 200 OK"

2026-08-18 02:18:02,721 - INFO - HTTP Request: POST http://localhost:8007/v1/chat/completions "HTTP/1.1 200 OK"
2026-08-18 02:18:12,152 - INFO - HTTP Request: POST http://localhost:8007/v1/chat/completions "HTTP/1.1 200 OK"

2026-08-18 02:18:15,412 - INFO - HTTP Request: POST http://localhost:8007/v1/chat/completions "HTTP/1.1 200 OK"
2026-08-18 02:18:17,808 - INFO - HTTP Request: POST http://localhost:8007/v1/chat/completions "HTTP/1.1 200 OK"

2026-08-18 02:18:21,937 - INFO - HTTP Request: POST http://localhost:8007/v1/chat/completions "HTTP/1.1 200 OK"
2026-08-18 02:18:28,400 - INFO - HTTP Request: POST http://localhost:8007/v1/chat/completions "HTTP/1.1 200 OK"

2026-08-18 02:18:32,747 - INFO - HTTP Request: POST http://localhost:8007/v1/chat/completions "HTTP/1.1 200 OK"
2026-08-18 02:18:39,157 - INFO - HTTP Request: POST http://localhost:8007/v1/chat/completions "HTTP/1.1 200 OK"

2026-08-18 02:18:45,894 - INFO - HTTP Request: POST http://localhost:8007/v1/chat/completions "HTTP/1.1 200 OK"

2026-08-18 02:18:47,632 - INFO - HTTP Request: POST http://localhost:8007/v1/chat/completions "HTTP/1.1 200 OK"
2026-08-18 02:18:58,144 - INFO - HTTP Request: POST http://localhost:8007/v1/chat/completions "HTTP/1.1 200 OK"
2026-08-18 02:19:02,934 - INFO - HTTP Request: POST http://localhost:8007/v1/chat/completions "HTTP/1.1 200 OK"

2026-08-18 02:19:08,810 - INFO - HTTP Request: POST http://localhost:8007/v1/chat/completions "HTTP/1.1 200 OK"
2026-08-18 02:19:11,792 - INFO - HTTP Request: POST http://localhost:8007/v1/chat/completions "HTTP/1.1 200 OK"

2026-08-18 02:19:15,933 - INFO - HTTP Request: POST http://localhost:8007/v1/chat/completions "HTTP/1.1 200 OK"
2026-08-18 02:19:22,555 - INFO - HTTP Request: POST http://localhost:8007/v1/chat/completions "HTTP/1.1 200 OK"

2026-08-18 02:19:29,082 - INFO - HTTP Request: POST http://localhost:8007/v1/chat/completions "HTTP/1.1 200 OK"

2026-08-18 02:19:36,249 - INFO - HTTP Request: POST http://localhost:8007/v1/chat/completions "HTTP/1.1 200 OK"
2026-08-18 02:19:45,457 - INFO - HTTP Request: POST http://localhost:8007/v1/chat/completions "HTTP/1.1 200 OK"
2026-08-18 02:19:48,725 - INFO - HTTP Request: POST http://localhost:8007/v1/chat/completions "HTTP/1.1 200 OK"

r4_cfg7:  18%|█▊        | 9/50 [17:27<1:33:29, 136.81s/it]2026-08-18 02:19:54,160 - INFO - HTTP Request: POST http://localhost:8007/v1/chat/completions "HTTP/1.1 200 OK"
2026-08-18 02:19:59,246 - INFO - HTTP Request: POST http://localhost:8007/v1/chat/completions "HTTP/1.1 200 OK"

r4_cfg7:  20%|██        | 10/50 [17:38<1:05:12, 97.82s/it]2026-08-18 02:20:02,726 - INFO - HTTP Request: POST http://localhost:8007/v1/chat/completions "HTTP/1.1 200 OK"
2026-08-18 02:20:09,568 - INFO - HTTP Request: POST http://localhost:8007/v1/chat/completions "HTTP/1.1 200 OK"

r4_cfg7:  22%|██▏       | 11/50 [17:48<46:10, 71.04s/it]  2026-08-18 02:20:11,525 - INFO - HTTP Request: POST http://localhost:8007/v1/chat/completions "HTTP/1.1 200 OK"
2026-08-18 02:20:15,590 - INFO - HTTP Request: POST http://localhost:8007/v1/chat/completions "HTTP/1.1 200 OK"

r4_cfg7:  24%|██▍       | 12/50 [17:54<32:28, 51.26s/it]2026-08-18 02:20:20,369 - INFO - HTTP Request: POST http://localhost:8007/v1/chat/completions "HTTP/1.1 200 OK"

2026-08-18 02:20:21,888 - INFO - HTTP Request: POST http://localhost:8007/v1/chat/completions "HTTP/1.1 200 OK"
2026-08-18 02:20:32,101 - INFO - HTTP Request: POST http://localhost:8007/v1/chat/completions "HTTP/1.1 200 OK"
2026-08-18 02:20:33,995 - INFO - HTTP Request: POST http://localhost:8007/v1/chat/completions "HTTP/1.1 200 OK"

2026-08-18 02:20:37,908 - INFO - HTTP Request: POST http://localhost:8007/v1/chat/completions "HTTP/1.1 200 OK"
2026-08-18 02:20:45,226 - INFO - HTTP Request: POST http://localhost:8007/v1/chat/completions "HTTP/1.1 200 OK"

2026-08-18 02:20:47,183 - INFO - HTTP Request: POST http://localhost:8007/v1/chat/completions "HTTP/1.1 200 OK"
2026-08-18 02:20:48,419 - INFO - HTTP Request: POST http://localhost:8007/v1/chat/completions "HTTP/1.1 200 OK"

2026-08-18 02:20:58,412 - INFO - HTTP Request: POST http://localhost:8007/v1/chat/completions "HTTP/1.1 200 OK"

2026-08-18 02:21:00,583 - INFO - HTTP Request: POST http://localhost:8007/v1/chat/completions "HTTP/1.1 200 OK"
2026-08-18 02:21:10,582 - INFO - HTTP Request: POST http://localhost:8007/v1/chat/completions "HTTP/1.1 200 OK"

2026-08-18 02:21:11,670 - INFO - HTTP Request: POST http://localhost:8007/v1/chat/completions "HTTP/1.1 200 OK"
2026-08-18 02:21:15,081 - INFO - HTTP Request: POST http://localhost:8007/v1/chat/completions "HTTP/1.1 200 OK"
2026-08-18 02:21:23,265 - INFO - HTTP Request: POST http://localhost:8007/v1/chat/completions "HTTP/1.1 200 OK"

2026-08-18 02:21:23,482 - INFO - HTTP Request: POST http://localhost:8007/v1/chat/completions "HTTP/1.1 200 OK"
2026-08-18 02:21:25,809 - INFO - HTTP Request: POST http://localhost:8007/v1/chat/completions "HTTP/1.1 200 OK"

2026-08-18 02:21:35,803 - INFO - HTTP Request: POST http://localhost:8007/v1/chat/completions "HTTP/1.1 200 OK"
2026-08-18 02:21:37,770 - INFO - HTTP Request: POST http://localhost:8007/v1/chat/completions "HTTP/1.1 200 OK"

2026-08-18 02:21:48,198 - INFO - HTTP Request: POST http://localhost:8007/v1/chat/completions "HTTP/1.1 200 OK"
2026-08-18 02:21:50,746 - INFO - HTTP Request: POST http://localhost:8007/v1/chat/completions "HTTP/1.1 200 OK"
2026-08-18 02:21:51,765 - INFO - HTTP Request: POST http://localhost:8007/v1/chat/completions "HTTP/1.1 200 OK"

2026-08-18 02:22:01,337 - INFO - HTTP Request: POST http://localhost:8007/v1/chat/completions "HTTP/1.1 200 OK"

2026-08-18 02:22:01,772 - INFO - HTTP Request: POST http://localhost:8007/v1/chat/completions "HTTP/1.1 200 OK"
2026-08-18 02:22:03,620 - INFO - HTTP Request: POST http://localhost:8007/v1/chat/completions "HTTP/1.1 200 OK"

2026-08-18 02:22:14,271 - INFO - HTTP Request: POST http://localhost:8007/v1/chat/completions "HTTP/1.1 200 OK"

2026-08-18 02:22:16,230 - INFO - HTTP Request: POST http://localhost:8007/v1/chat/completions "HTTP/1.1 200 OK"
2026-08-18 02:22:25,793 - INFO - HTTP Request: POST http://localhost:8007/v1/chat/completions "HTTP/1.1 200 OK"
2026-08-18 02:22:28,340 - INFO - HTTP Request: POST http://localhost:8007/v1/chat/completions "HTTP/1.1 200 OK"
2026-08-18 02:22:29,348 - INFO - HTTP Request: POST http://localhost:8007/v1/chat/completions "HTTP/1.1 200 OK"

2026-08-18 02:22:34,790 - INFO - HTTP Request: POST http://localhost:8007/v1/chat/completions "HTTP/1.1 200 OK"
2026-08-18 02:22:39,078 - INFO - HTTP Request: POST http://localhost:8007/v1/chat/completions "HTTP/1.1 200 OK"

2026-08-18 02:22:41,914 - INFO - HTTP Request: POST http://localhost:8007/v1/chat/completions "HTTP/1.1 200 OK"

2026-08-18 02:22:48,871 - INFO - HTTP Request: POST http://localhost:8007/v1/chat/completions "HTTP/1.1 200 OK"

2026-08-18 02:22:49,523 - INFO - HTTP Request: POST http://localhost:8007/v1/chat/completions "HTTP/1.1 200 OK"
2026-08-18 02:22:59,085 - INFO - HTTP Request: POST http://localhost:8007/v1/chat/completions "HTTP/1.1 200 OK"
2026-08-18 02:23:00,328 - INFO - HTTP Request: POST http://localhost:8007/v1/chat/completions "HTTP/1.1 200 OK"

2026-08-18 02:23:02,286 - INFO - HTTP Request: POST http://localhost:8007/v1/chat/completions "HTTP/1.1 200 OK"
2026-08-18 02:23:13,521 - INFO - HTTP Request: POST http://localhost:8007/v1/chat/completions "HTTP/1.1 200 OK"

2026-08-18 02:23:15,262 - INFO - HTTP Request: POST http://localhost:8007/v1/chat/completions "HTTP/1.1 200 OK"

2026-08-18 02:23:18,300 - INFO - HTTP Request: POST http://localhost:8007/v1/chat/completions "HTTP/1.1 200 OK"
2026-08-18 02:23:29,479 - INFO - HTTP Request: POST http://localhost:8007/v1/chat/completions "HTTP/1.1 200 OK"
2026-08-18 02:23:31,659 - INFO - HTTP Request: POST http://localhost:8007/v1/chat/completions "HTTP/1.1 200 OK"

2026-08-18 02:23:42,082 - INFO - HTTP Request: POST http://localhost:8007/v1/chat/completions "HTTP/1.1 200 OK"

2026-08-18 02:23:42,735 - INFO - HTTP Request: POST http://localhost:8007/v1/chat/completions "HTTP/1.1 200 OK"
2026-08-18 02:23:44,606 - INFO - HTTP Request: POST http://localhost:8007/v1/chat/completions "HTTP/1.1 200 OK"
2026-08-18 02:23:52,148 - INFO - HTTP Request: POST http://localhost:8007/v1/chat/completions "HTTP/1.1 200 OK"
2026-08-18 02:23:55,131 - INFO - HTTP Request: POST http://localhost:8007/v1/chat/completions "HTTP/1.1 200 OK"

2026-08-18 02:24:01,009 - INFO - HTTP Request: POST http://localhost:8007/v1/chat/completions "HTTP/1.1 200 OK"

2026-08-18 02:24:02,967 - INFO - HTTP Request: POST http://localhost:8007/v1/chat/completions "HTTP/1.1 200 OK"
2026-08-18 02:24:03,847 - INFO - HTTP Request: POST http://localhost:8007/v1/chat/completions "HTTP/1.1 200 OK"

2026-08-18 02:24:15,359 - INFO - HTTP Request: POST http://localhost:8007/v1/chat/completions "HTTP/1.1 200 OK"
2026-08-18 02:24:17,245 - INFO - HTTP Request: POST http://localhost:8007/v1/chat/completions "HTTP/1.1 200 OK"

2026-08-18 02:24:21,374 - INFO - HTTP Request: POST http://localhost:8007/v1/chat/completions "HTTP/1.1 200 OK"
2026-08-18 02:24:33,052 - INFO - HTTP Request: POST http://localhost:8007/v1/chat/completions "HTTP/1.1 200 OK"

2026-08-18 02:24:33,487 - INFO - HTTP Request: POST http://localhost:8007/v1/chat/completions "HTTP/1.1 200 OK"
2026-08-18 02:24:36,037 - INFO - HTTP Request: POST http://localhost:8007/v1/chat/completions "HTTP/1.1 200 OK"

2026-08-18 02:24:43,866 - INFO - HTTP Request: POST http://localhost:8007/v1/chat/completions "HTTP/1.1 200 OK"

2026-08-18 02:24:47,128 - INFO - HTTP Request: POST http://localhost:8007/v1/chat/completions "HTTP/1.1 200 OK"
2026-08-18 02:25:02,567 - INFO - HTTP Request: POST http://localhost:8007/v1/chat/completions "HTTP/1.1 200 OK"

2026-08-18 02:25:02,785 - INFO - HTTP Request: POST http://localhost:8007/v1/chat/completions "HTTP/1.1 200 OK"
2026-08-18 02:25:05,542 - INFO - HTTP Request: POST http://localhost:8007/v1/chat/completions "HTTP/1.1 200 OK"
2026-08-18 02:25:17,223 - INFO - HTTP Request: POST http://localhost:8007/v1/chat/completions "HTTP/1.1 200 OK"
2026-08-18 02:25:18,251 - INFO - HTTP Request: POST http://localhost:8007/v1/chat/completions "HTTP/1.1 200 OK"

2026-08-18 02:25:21,086 - INFO - HTTP Request: POST http://localhost:8007/v1/chat/completions "HTTP/1.1 200 OK"

2026-08-18 02:25:29,569 - INFO - HTTP Request: POST http://localhost:8007/v1/chat/completions "HTTP/1.1 200 OK"

r4_cfg7:  26%|██▌       | 13/50 [23:08<1:20:41, 130.85s/it]2026-08-18 02:25:36,511 - INFO - HTTP Request: POST http://localhost:8007/v1/chat/completions "HTTP/1.1 200 OK"
2026-08-18 02:25:50,864 - INFO - HTTP Request: POST http://localhost:8007/v1/chat/completions "HTTP/1.1 200 OK"
2026-08-18 02:25:51,816 - INFO - HTTP Request: POST http://localhost:8007/v1/chat/completions "HTTP/1.1 200 OK"

r4_cfg7:  28%|██▊       | 14/50 [23:30<58:49, 98.05s/it]   2026-08-18 02:25:52,091 - INFO - HTTP Request: POST http://localhost:8007/v1/chat/completions "HTTP/1.1 200 OK"
2026-08-18 02:25:54,961 - INFO - HTTP Request: POST http://localhost:8007/v1/chat/completions "HTTP/1.1 200 OK"
2026-08-18 02:26:06,436 - INFO - HTTP Request: POST http://localhost:8007/v1/chat/completions "HTTP/1.1 200 OK"

2026-08-18 02:26:06,437 - INFO - HTTP Request: POST http://localhost:8007/v1/chat/completions "HTTP/1.1 200 OK"

r4_cfg7:  30%|███       | 15/50 [23:45<42:31, 72.90s/it]2026-08-18 02:26:08,827 - INFO - HTTP Request: POST http://localhost:8007/v1/chat/completions "HTTP/1.1 200 OK"

r4_cfg7:  32%|███▏      | 16/50 [23:47<29:16, 51.68s/it]2026-08-18 02:26:14,464 - INFO - HTTP Request: POST http://localhost:8007/v1/chat/completions "HTTP/1.1 200 OK"
2026-08-18 02:26:26,068 - INFO - HTTP Request: POST http://localhost:8007/v1/chat/completions "HTTP/1.1 200 OK"

2026-08-18 02:26:28,673 - INFO - HTTP Request: POST http://localhost:8007/v1/chat/completions "HTTP/1.1 200 OK"
2026-08-18 02:26:31,374 - INFO - HTTP Request: POST http://localhost:8007/v1/chat/completions "HTTP/1.1 200 OK"
2026-08-18 02:26:33,699 - INFO - HTTP Request: POST http://localhost:8007/v1/chat/completions "HTTP/1.1 200 OK"
2026-08-18 02:26:43,814 - INFO - HTTP Request: POST http://localhost:8007/v1/chat/completions "HTTP/1.1 200 OK"

2026-08-18 02:26:46,428 - INFO - HTTP Request: POST http://localhost:8007/v1/chat/completions "HTTP/1.1 200 OK"

2026-08-18 02:26:47,734 - INFO - HTTP Request: POST http://localhost:8007/v1/chat/completions "HTTP/1.1 200 OK"

2026-08-18 02:26:53,156 - INFO - HTTP Request: POST http://localhost:8007/v1/chat/completions "HTTP/1.1 200 OK"
2026-08-18 02:27:08,020 - INFO - HTTP Request: POST http://localhost:8007/v1/chat/completions "HTTP/1.1 200 OK"

2026-08-18 02:27:10,192 - INFO - HTTP Request: POST http://localhost:8007/v1/chat/completions "HTTP/1.1 200 OK"
2026-08-18 02:27:11,376 - INFO - HTTP Request: POST http://localhost:8007/v1/chat/completions "HTTP/1.1 200 OK"
2026-08-18 02:27:14,737 - INFO - HTTP Request: POST http://localhost:8007/v1/chat/completions "HTTP/1.1 200 OK"
2026-08-18 02:27:22,298 - INFO - HTTP Request: POST http://localhost:8007/v1/chat/completions "HTTP/1.1 200 OK"

2026-08-18 02:27:23,390 - INFO - HTTP Request: POST http://localhost:8007/v1/chat/completions "HTTP/1.1 200 OK"

2026-08-18 02:27:26,658 - INFO - HTTP Request: POST http://localhost:8007/v1/chat/completions "HTTP/1.1 200 OK"

2026-08-18 02:27:33,383 - INFO - HTTP Request: POST http://localhost:8007/v1/chat/completions "HTTP/1.1 200 OK"
2026-08-18 02:27:46,949 - INFO - HTTP Request: POST http://localhost:8007/v1/chat/completions "HTTP/1.1 200 OK"
2026-08-18 02:27:47,665 - INFO - HTTP Request: POST http://localhost:8007/v1/chat/completions "HTTP/1.1 200 OK"

2026-08-18 02:27:48,132 - INFO - HTTP Request: POST http://localhost:8007/v1/chat/completions "HTTP/1.1 200 OK"
2026-08-18 02:27:52,001 - INFO - HTTP Request: POST http://localhost:8007/v1/chat/completions "HTTP/1.1 200 OK"
2026-08-18 02:28:00,650 - INFO - HTTP Request: POST http://localhost:8007/v1/chat/completions "HTTP/1.1 200 OK"

2026-08-18 02:28:02,183 - INFO - HTTP Request: POST http://localhost:8007/v1/chat/completions "HTTP/1.1 200 OK"

2026-08-18 02:28:06,753 - INFO - HTTP Request: POST http://localhost:8007/v1/chat/completions "HTTP/1.1 200 OK"

2026-08-18 02:28:12,617 - INFO - HTTP Request: POST http://localhost:8007/v1/chat/completions "HTTP/1.1 200 OK"
2026-08-18 02:28:20,749 - INFO - HTTP Request: POST http://localhost:8007/v1/chat/completions "HTTP/1.1 200 OK"
2026-08-18 02:28:25,415 - INFO - HTTP Request: POST http://localhost:8007/v1/chat/completions "HTTP/1.1 200 OK"

2026-08-18 02:28:26,944 - INFO - HTTP Request: POST http://localhost:8007/v1/chat/completions "HTTP/1.1 200 OK"
2026-08-18 02:28:31,605 - INFO - HTTP Request: POST http://localhost:8007/v1/chat/completions "HTTP/1.1 200 OK"
2026-08-18 02:28:32,796 - INFO - HTTP Request: POST http://localhost:8007/v1/chat/completions "HTTP/1.1 200 OK"

2026-08-18 02:28:36,063 - INFO - HTTP Request: POST http://localhost:8007/v1/chat/completions "HTTP/1.1 200 OK"

2026-08-18 02:28:44,108 - INFO - HTTP Request: POST http://localhost:8007/v1/chat/completions "HTTP/1.1 200 OK"

2026-08-18 02:28:45,852 - INFO - HTTP Request: POST http://localhost:8007/v1/chat/completions "HTTP/1.1 200 OK"
2026-08-18 02:28:56,161 - INFO - HTTP Request: POST http://localhost:8007/v1/chat/completions "HTTP/1.1 200 OK"
2026-08-18 02:28:59,737 - INFO - HTTP Request: POST http://localhost:8007/v1/chat/completions "HTTP/1.1 200 OK"

2026-08-18 02:29:02,129 - INFO - HTTP Request: POST http://localhost:8007/v1/chat/completions "HTTP/1.1 200 OK"
2026-08-18 02:29:04,399 - INFO - HTTP Request: POST http://localhost:8007/v1/chat/completions "HTTP/1.1 200 OK"
2026-08-18 02:29:04,617 - INFO - HTTP Request: POST http://localhost:8007/v1/chat/completions "HTTP/1.1 200 OK"

2026-08-18 02:29:14,630 - INFO - HTTP Request: POST http://localhost:8007/v1/chat/completions "HTTP/1.1 200 OK"

2026-08-18 02:29:18,108 - INFO - HTTP Request: POST http://localhost:8007/v1/chat/completions "HTTP/1.1 200 OK"

2026-08-18 02:29:29,173 - INFO - HTTP Request: POST http://localhost:8007/v1/chat/completions "HTTP/1.1 200 OK"
2026-08-18 02:29:34,048 - INFO - HTTP Request: POST http://localhost:8007/v1/chat/completions "HTTP/1.1 200 OK"
2026-08-18 02:29:35,226 - INFO - HTTP Request: POST http://localhost:8007/v1/chat/completions "HTTP/1.1 200 OK"
2026-08-18 02:29:45,344 - INFO - HTTP Request: POST http://localhost:8007/v1/chat/completions "HTTP/1.1 200 OK"

2026-08-18 02:29:47,740 - INFO - HTTP Request: POST http://localhost:8007/v1/chat/completions "HTTP/1.1 200 OK"
2026-08-18 02:29:49,584 - INFO - HTTP Request: POST http://localhost:8007/v1/chat/completions "HTTP/1.1 200 OK"

2026-08-18 02:29:51,764 - INFO - HTTP Request: POST http://localhost:8007/v1/chat/completions "HTTP/1.1 200 OK"

2026-08-18 02:30:01,107 - INFO - HTTP Request: POST http://localhost:8007/v1/chat/completions "HTTP/1.1 200 OK"

2026-08-18 02:30:05,665 - INFO - HTTP Request: POST http://localhost:8007/v1/chat/completions "HTTP/1.1 200 OK"
2026-08-18 02:30:09,892 - INFO - HTTP Request: POST http://localhost:8007/v1/chat/completions "HTTP/1.1 200 OK"
2026-08-18 02:30:17,171 - INFO - HTTP Request: POST http://localhost:8007/v1/chat/completions "HTTP/1.1 200 OK"

2026-08-18 02:30:21,520 - INFO - HTTP Request: POST http://localhost:8007/v1/chat/completions "HTTP/1.1 200 OK"
2026-08-18 02:30:21,738 - INFO - HTTP Request: POST http://localhost:8007/v1/chat/completions "HTTP/1.1 200 OK"
2026-08-18 02:30:24,170 - INFO - HTTP Request: POST http://localhost:8007/v1/chat/completions "HTTP/1.1 200 OK"

2026-08-18 02:30:32,007 - INFO - HTTP Request: POST http://localhost:8007/v1/chat/completions "HTTP/1.1 200 OK"

2026-08-18 02:30:34,184 - INFO - HTTP Request: POST http://localhost:8007/v1/chat/completions "HTTP/1.1 200 OK"

2026-08-18 02:30:46,996 - INFO - HTTP Request: POST http://localhost:8007/v1/chat/completions "HTTP/1.1 200 OK"
2026-08-18 02:30:53,615 - INFO - HTTP Request: POST http://localhost:8007/v1/chat/completions "HTTP/1.1 200 OK"
2026-08-18 02:31:01,768 - INFO - HTTP Request: POST http://localhost:8007/v1/chat/completions "HTTP/1.1 200 OK"
2026-08-18 02:31:03,230 - INFO - HTTP Request: POST http://localhost:8007/v1/chat/completions "HTTP/1.1 200 OK"

2026-08-18 02:31:06,287 - INFO - HTTP Request: POST http://localhost:8007/v1/chat/completions "HTTP/1.1 200 OK"

2026-08-18 02:31:08,253 - INFO - HTTP Request: POST http://localhost:8007/v1/chat/completions "HTTP/1.1 200 OK"
2026-08-18 02:31:20,319 - INFO - HTTP Request: POST http://localhost:8007/v1/chat/completions "HTTP/1.1 200 OK"

2026-08-18 02:31:23,155 - INFO - HTTP Request: POST http://localhost:8007/v1/chat/completions "HTTP/1.1 200 OK"

r4_cfg7:  34%|███▍      | 17/50 [29:01<1:11:51, 130.66s/it]2026-08-18 02:31:36,606 - INFO - HTTP Request: POST http://localhost:8007/v1/chat/completions "HTTP/1.1 200 OK"
2026-08-18 02:31:39,315 - INFO - HTTP Request: POST http://localhost:8007/v1/chat/completions "HTTP/1.1 200 OK"
2026-08-18 02:31:45,720 - INFO - HTTP Request: POST http://localhost:8007/v1/chat/completions "HTTP/1.1 200 OK"
2026-08-18 02:31:51,540 - INFO - HTTP Request: POST http://localhost:8007/v1/chat/completions "HTTP/1.1 200 OK"

r4_cfg7:  36%|███▌      | 18/50 [29:30<53:17, 99.92s/it]   2026-08-18 02:31:53,936 - INFO - HTTP Request: POST http://localhost:8007/v1/chat/completions "HTTP/1.1 200 OK"
2026-08-18 02:31:55,398 - INFO - HTTP Request: POST http://localhost:8007/v1/chat/completions "HTTP/1.1 200 OK"

r4_cfg7:  38%|███▊      | 19/50 [29:34<36:43, 71.07s/it]2026-08-18 02:31:59,100 - INFO - HTTP Request: POST http://localhost:8007/v1/chat/completions "HTTP/1.1 200 OK"

2026-08-18 02:32:13,881 - INFO - HTTP Request: POST http://localhost:8007/v1/chat/completions "HTTP/1.1 200 OK"
2026-08-18 02:32:14,096 - INFO - HTTP Request: POST http://localhost:8007/v1/chat/completions "HTTP/1.1 200 OK"

r4_cfg7:  40%|████      | 20/50 [29:52<27:40, 55.35s/it]2026-08-18 02:32:17,672 - INFO - HTTP Request: POST http://localhost:8007/v1/chat/completions "HTTP/1.1 200 OK"
2026-08-18 02:32:25,643 - INFO - HTTP Request: POST http://localhost:8007/v1/chat/completions "HTTP/1.1 200 OK"
2026-08-18 02:32:29,279 - INFO - HTTP Request: POST http://localhost:8007/v1/chat/completions "HTTP/1.1 200 OK"

2026-08-18 02:32:29,497 - INFO - HTTP Request: POST http://localhost:8007/v1/chat/completions "HTTP/1.1 200 OK"

2026-08-18 02:32:36,669 - INFO - HTTP Request: POST http://localhost:8007/v1/chat/completions "HTTP/1.1 200 OK"
2026-08-18 02:32:40,519 - INFO - HTTP Request: POST http://localhost:8007/v1/chat/completions "HTTP/1.1 200 OK"

2026-08-18 02:32:48,777 - INFO - HTTP Request: POST http://localhost:8007/v1/chat/completions "HTTP/1.1 200 OK"

2026-08-18 02:32:55,720 - INFO - HTTP Request: POST http://localhost:8007/v1/chat/completions "HTTP/1.1 200 OK"
2026-08-18 02:32:55,936 - INFO - HTTP Request: POST http://localhost:8007/v1/chat/completions "HTTP/1.1 200 OK"
2026-08-18 02:33:05,367 - INFO - HTTP Request: POST http://localhost:8007/v1/chat/completions "HTTP/1.1 200 OK"
2026-08-18 02:33:07,698 - INFO - HTTP Request: POST http://localhost:8007/v1/chat/completions "HTTP/1.1 200 OK"

2026-08-18 02:33:10,313 - INFO - HTTP Request: POST http://localhost:8007/v1/chat/completions "HTTP/1.1 200 OK"

2026-08-18 02:33:15,746 - INFO - HTTP Request: POST http://localhost:8007/v1/chat/completions "HTTP/1.1 200 OK"
2026-08-18 02:33:21,990 - INFO - HTTP Request: POST http://localhost:8007/v1/chat/completions "HTTP/1.1 200 OK"

2026-08-18 02:33:28,300 - INFO - HTTP Request: POST http://localhost:8007/v1/chat/completions "HTTP/1.1 200 OK"

2026-08-18 02:33:32,424 - INFO - HTTP Request: POST http://localhost:8007/v1/chat/completions "HTTP/1.1 200 OK"
2026-08-18 02:33:34,089 - INFO - HTTP Request: POST http://localhost:8007/v1/chat/completions "HTTP/1.1 200 OK"
2026-08-18 02:33:45,611 - INFO - HTTP Request: POST http://localhost:8007/v1/chat/completions "HTTP/1.1 200 OK"

2026-08-18 02:33:46,045 - INFO - HTTP Request: POST http://localhost:8007/v1/chat/completions "HTTP/1.1 200 OK"
2026-08-18 02:33:46,273 - INFO - HTTP Request: POST http://localhost:8007/v1/chat/completions "HTTP/1.1 200 OK"

2026-08-18 02:33:53,548 - INFO - HTTP Request: POST http://localhost:8007/v1/chat/completions "HTTP/1.1 200 OK"
2026-08-18 02:33:58,707 - INFO - HTTP Request: POST http://localhost:8007/v1/chat/completions "HTTP/1.1 200 OK"

2026-08-18 02:34:05,013 - INFO - HTTP Request: POST http://localhost:8007/v1/chat/completions "HTTP/1.1 200 OK"

2026-08-18 02:34:09,794 - INFO - HTTP Request: POST http://localhost:8007/v1/chat/completions "HTTP/1.1 200 OK"
2026-08-18 02:34:11,021 - INFO - HTTP Request: POST http://localhost:8007/v1/chat/completions "HTTP/1.1 200 OK"
2026-08-18 02:34:18,948 - INFO - HTTP Request: POST http://localhost:8007/v1/chat/completions "HTTP/1.1 200 OK"
2026-08-18 02:34:23,021 - INFO - HTTP Request: POST http://localhost:8007/v1/chat/completions "HTTP/1.1 200 OK"

2026-08-18 02:34:24,118 - INFO - HTTP Request: POST http://localhost:8007/v1/chat/completions "HTTP/1.1 200 OK"

2026-08-18 02:34:29,341 - INFO - HTTP Request: POST http://localhost:8007/v1/chat/completions "HTTP/1.1 200 OK"
2026-08-18 02:34:33,626 - INFO - HTTP Request: POST http://localhost:8007/v1/chat/completions "HTTP/1.1 200 OK"

2026-08-18 02:34:38,406 - INFO - HTTP Request: POST http://localhost:8007/v1/chat/completions "HTTP/1.1 200 OK"

2026-08-18 02:34:42,754 - INFO - HTTP Request: POST http://localhost:8007/v1/chat/completions "HTTP/1.1 200 OK"
2026-08-18 02:34:44,419 - INFO - HTTP Request: POST http://localhost:8007/v1/chat/completions "HTTP/1.1 200 OK"
2026-08-18 02:34:52,562 - INFO - HTTP Request: POST http://localhost:8007/v1/chat/completions "HTTP/1.1 200 OK"

2026-08-18 02:34:57,345 - INFO - HTTP Request: POST http://localhost:8007/v1/chat/completions "HTTP/1.1 200 OK"

2026-08-18 02:34:58,649 - INFO - HTTP Request: POST http://localhost:8007/v1/chat/completions "HTTP/1.1 200 OK"
2026-08-18 02:35:03,147 - INFO - HTTP Request: POST http://localhost:8007/v1/chat/completions "HTTP/1.1 200 OK"
2026-08-18 02:35:12,818 - INFO - HTTP Request: POST http://localhost:8007/v1/chat/completions "HTTP/1.1 200 OK"

2026-08-18 02:35:17,382 - INFO - HTTP Request: POST http://localhost:8007/v1/chat/completions "HTTP/1.1 200 OK"

2026-08-18 02:35:21,939 - INFO - HTTP Request: POST http://localhost:8007/v1/chat/completions "HTTP/1.1 200 OK"
2026-08-18 02:35:26,859 - INFO - HTTP Request: POST http://localhost:8007/v1/chat/completions "HTTP/1.1 200 OK"
2026-08-18 02:35:33,480 - INFO - HTTP Request: POST http://localhost:8007/v1/chat/completions "HTTP/1.1 200 OK"

2026-08-18 02:35:37,827 - INFO - HTTP Request: POST http://localhost:8007/v1/chat/completions "HTTP/1.1 200 OK"
2026-08-18 02:35:41,680 - INFO - HTTP Request: POST http://localhost:8007/v1/chat/completions "HTTP/1.1 200 OK"

2026-08-18 02:35:42,335 - INFO - HTTP Request: POST http://localhost:8007/v1/chat/completions "HTTP/1.1 200 OK"
2026-08-18 02:35:48,795 - INFO - HTTP Request: POST http://localhost:8007/v1/chat/completions "HTTP/1.1 200 OK"

2026-08-18 02:35:54,227 - INFO - HTTP Request: POST http://localhost:8007/v1/chat/completions "HTTP/1.1 200 OK"
2026-08-18 02:35:58,072 - INFO - HTTP Request: POST http://localhost:8007/v1/chat/completions "HTTP/1.1 200 OK"

2026-08-18 02:36:02,203 - INFO - HTTP Request: POST http://localhost:8007/v1/chat/completions "HTTP/1.1 200 OK"
2026-08-18 02:36:10,572 - INFO - HTTP Request: POST http://localhost:8007/v1/chat/completions "HTTP/1.1 200 OK"

2026-08-18 02:36:16,878 - INFO - HTTP Request: POST http://localhost:8007/v1/chat/completions "HTTP/1.1 200 OK"

2026-08-18 02:36:18,398 - INFO - HTTP Request: POST http://localhost:8007/v1/chat/completions "HTTP/1.1 200 OK"
2026-08-18 02:36:18,399 - INFO - HTTP Request: POST http://localhost:8007/v1/chat/completions "HTTP/1.1 200 OK"
2026-08-18 02:36:32,217 - INFO - HTTP Request: POST http://localhost:8007/v1/chat/completions "HTTP/1.1 200 OK"

2026-08-18 02:36:32,217 - INFO - HTTP Request: POST http://localhost:8007/v1/chat/completions "HTTP/1.1 200 OK"

2026-08-18 02:36:40,467 - INFO - HTTP Request: POST http://localhost:8007/v1/chat/completions "HTTP/1.1 200 OK"
2026-08-18 02:36:46,914 - INFO - HTTP Request: POST http://localhost:8007/v1/chat/completions "HTTP/1.1 200 OK"
2026-08-18 02:36:54,632 - INFO - HTTP Request: POST http://localhost:8007/v1/chat/completions "HTTP/1.1 200 OK"

2026-08-18 02:36:58,338 - INFO - HTTP Request: POST http://localhost:8007/v1/chat/completions "HTTP/1.1 200 OK"

2026-08-18 02:37:01,819 - INFO - HTTP Request: POST http://localhost:8007/v1/chat/completions "HTTP/1.1 200 OK"
2026-08-18 02:37:05,669 - INFO - HTTP Request: POST http://localhost:8007/v1/chat/completions "HTTP/1.1 200 OK"
2026-08-18 02:37:18,446 - INFO - HTTP Request: POST http://localhost:8007/v1/chat/completions "HTTP/1.1 200 OK"

r4_cfg7:  42%|████▏     | 21/50 [34:57<1:02:52, 130.09s/it]2026-08-18 02:37:18,725 - INFO - HTTP Request: POST http://localhost:8007/v1/chat/completions "HTTP/1.1 200 OK"

2026-08-18 02:37:27,780 - INFO - HTTP Request: POST http://localhost:8007/v1/chat/completions "HTTP/1.1 200 OK"
2026-08-18 02:37:31,837 - INFO - HTTP Request: POST http://localhost:8007/v1/chat/completions "HTTP/1.1 200 OK"
2026-08-18 02:37:40,638 - INFO - HTTP Request: POST http://localhost:8007/v1/chat/completions "HTTP/1.1 200 OK"
2026-08-18 02:37:42,299 - INFO - HTTP Request: POST http://localhost:8007/v1/chat/completions "HTTP/1.1 200 OK"

r4_cfg7:  44%|████▍     | 22/50 [35:21<45:49, 98.21s/it]   2026-08-18 02:37:44,693 - INFO - HTTP Request: POST http://localhost:8007/v1/chat/completions "HTTP/1.1 200 OK"

r4_cfg7:  46%|████▌     | 23/50 [35:23<31:15, 69.45s/it]2026-08-18 02:37:50,774 - INFO - HTTP Request: POST http://localhost:8007/v1/chat/completions "HTTP/1.1 200 OK"

2026-08-18 02:37:51,860 - INFO - HTTP Request: POST http://localhost:8007/v1/chat/completions "HTTP/1.1 200 OK"
2026-08-18 02:38:03,964 - INFO - HTTP Request: POST http://localhost:8007/v1/chat/completions "HTTP/1.1 200 OK"

r4_cfg7:  48%|████▊     | 24/50 [35:42<23:34, 54.40s/it]2026-08-18 02:38:04,397 - INFO - HTTP Request: POST http://localhost:8007/v1/chat/completions "HTTP/1.1 200 OK"
2026-08-18 02:38:07,316 - INFO - HTTP Request: POST http://localhost:8007/v1/chat/completions "HTTP/1.1 200 OK"
2026-08-18 02:38:17,855 - INFO - HTTP Request: POST http://localhost:8007/v1/chat/completions "HTTP/1.1 200 OK"
2026-08-18 02:38:20,169 - INFO - HTTP Request: POST http://localhost:8007/v1/chat/completions "HTTP/1.1 200 OK"

2026-08-18 02:38:21,258 - INFO - HTTP Request: POST http://localhost:8007/v1/chat/completions "HTTP/1.1 200 OK"

2026-08-18 02:38:26,685 - INFO - HTTP Request: POST http://localhost:8007/v1/chat/completions "HTTP/1.1 200 OK"
2026-08-18 02:38:29,002 - INFO - HTTP Request: POST http://localhost:8007/v1/chat/completions "HTTP/1.1 200 OK"

2026-08-18 02:38:35,731 - INFO - HTTP Request: POST http://localhost:8007/v1/chat/completions "HTTP/1.1 200 OK"

2026-08-18 02:38:46,360 - INFO - HTTP Request: POST http://localhost:8007/v1/chat/completions "HTTP/1.1 200 OK"
2026-08-18 02:38:47,763 - INFO - HTTP Request: POST http://localhost:8007/v1/chat/completions "HTTP/1.1 200 OK"
2026-08-18 02:38:54,009 - INFO - HTTP Request: POST http://localhost:8007/v1/chat/completions "HTTP/1.1 200 OK"
2026-08-18 02:38:57,845 - INFO - HTTP Request: POST http://localhost:8007/v1/chat/completions "HTTP/1.1 200 OK"

2026-08-18 02:39:02,414 - INFO - HTTP Request: POST http://localhost:8007/v1/chat/completions "HTTP/1.1 200 OK"

2026-08-18 02:39:02,632 - INFO - HTTP Request: POST http://localhost:8007/v1/chat/completions "HTTP/1.1 200 OK"
2026-08-18 02:39:03,068 - INFO - HTTP Request: POST http://localhost:8007/v1/chat/completions "HTTP/1.1 200 OK"

2026-08-18 02:39:17,399 - INFO - HTTP Request: POST http://localhost:8007/v1/chat/completions "HTTP/1.1 200 OK"

2026-08-18 02:39:21,304 - INFO - HTTP Request: POST http://localhost:8007/v1/chat/completions "HTTP/1.1 200 OK"
2026-08-18 02:39:27,320 - INFO - HTTP Request: POST http://localhost:8007/v1/chat/completions "HTTP/1.1 200 OK"
2026-08-18 02:39:28,066 - INFO - HTTP Request: POST http://localhost:8007/v1/chat/completions "HTTP/1.1 200 OK"
2026-08-18 02:39:31,029 - INFO - HTTP Request: POST http://localhost:8007/v1/chat/completions "HTTP/1.1 200 OK"

2026-08-18 02:39:39,950 - INFO - HTTP Request: POST http://localhost:8007/v1/chat/completions "HTTP/1.1 200 OK"

2026-08-18 02:39:42,567 - INFO - HTTP Request: POST http://localhost:8007/v1/chat/completions "HTTP/1.1 200 OK"
2026-08-18 02:39:42,785 - INFO - HTTP Request: POST http://localhost:8007/v1/chat/completions "HTTP/1.1 200 OK"

2026-08-18 02:39:54,009 - INFO - HTTP Request: POST http://localhost:8007/v1/chat/completions "HTTP/1.1 200 OK"

2026-08-18 02:39:55,318 - INFO - HTTP Request: POST http://localhost:8007/v1/chat/completions "HTTP/1.1 200 OK"
2026-08-18 02:39:59,758 - INFO - HTTP Request: POST http://localhost:8007/v1/chat/completions "HTTP/1.1 200 OK"
2026-08-18 02:40:07,285 - INFO - HTTP Request: POST http://localhost:8007/v1/chat/completions "HTTP/1.1 200 OK"
2026-08-18 02:40:08,257 - INFO - HTTP Request: POST http://localhost:8007/v1/chat/completions "HTTP/1.1 200 OK"

2026-08-18 02:40:09,786 - INFO - HTTP Request: POST http://localhost:8007/v1/chat/completions "HTTP/1.1 200 OK"

2026-08-18 02:40:18,910 - INFO - HTTP Request: POST http://localhost:8007/v1/chat/completions "HTTP/1.1 200 OK"
2026-08-18 02:40:20,576 - INFO - HTTP Request: POST http://localhost:8007/v1/chat/completions "HTTP/1.1 200 OK"

2026-08-18 02:40:28,183 - INFO - HTTP Request: POST http://localhost:8007/v1/chat/completions "HTTP/1.1 200 OK"
2026-08-18 02:40:31,762 - INFO - HTTP Request: POST http://localhost:8007/v1/chat/completions "HTTP/1.1 200 OK"

2026-08-18 02:40:38,942 - INFO - HTTP Request: POST http://localhost:8007/v1/chat/completions "HTTP/1.1 200 OK"
2026-08-18 02:40:39,376 - INFO - HTTP Request: POST http://localhost:8007/v1/chat/completions "HTTP/1.1 200 OK"

2026-08-18 02:40:40,756 - INFO - HTTP Request: POST http://localhost:8007/v1/chat/completions "HTTP/1.1 200 OK"
2026-08-18 02:40:49,338 - INFO - HTTP Request: POST http://localhost:8007/v1/chat/completions "HTTP/1.1 200 OK"

2026-08-18 02:40:51,513 - INFO - HTTP Request: POST http://localhost:8007/v1/chat/completions "HTTP/1.1 200 OK"

2026-08-18 02:40:51,947 - INFO - HTTP Request: POST http://localhost:8007/v1/chat/completions "HTTP/1.1 200 OK"
2026-08-18 02:41:05,342 - INFO - HTTP Request: POST http://localhost:8007/v1/chat/completions "HTTP/1.1 200 OK"

2026-08-18 02:41:08,598 - INFO - HTTP Request: POST http://localhost:8007/v1/chat/completions "HTTP/1.1 200 OK"
2026-08-18 02:41:09,780 - INFO - HTTP Request: POST http://localhost:8007/v1/chat/completions "HTTP/1.1 200 OK"
2026-08-18 02:41:17,752 - INFO - HTTP Request: POST http://localhost:8007/v1/chat/completions "HTTP/1.1 200 OK"

2026-08-18 02:41:20,794 - INFO - HTTP Request: POST http://localhost:8007/v1/chat/completions "HTTP/1.1 200 OK"
2026-08-18 02:41:25,678 - INFO - HTTP Request: POST http://localhost:8007/v1/chat/completions "HTTP/1.1 200 OK"

2026-08-18 02:41:31,985 - INFO - HTTP Request: POST http://localhost:8007/v1/chat/completions "HTTP/1.1 200 OK"

2026-08-18 02:41:34,806 - INFO - HTTP Request: POST http://localhost:8007/v1/chat/completions "HTTP/1.1 200 OK"
2026-08-18 02:41:38,210 - INFO - HTTP Request: POST http://localhost:8007/v1/chat/completions "HTTP/1.1 200 OK"
2026-08-18 02:41:48,102 - INFO - HTTP Request: POST http://localhost:8007/v1/chat/completions "HTTP/1.1 200 OK"

2026-08-18 02:41:49,408 - INFO - HTTP Request: POST http://localhost:8007/v1/chat/completions "HTTP/1.1 200 OK"

2026-08-18 02:41:52,447 - INFO - HTTP Request: POST http://localhost:8007/v1/chat/completions "HTTP/1.1 200 OK"
2026-08-18 02:41:55,642 - INFO - HTTP Request: POST http://localhost:8007/v1/chat/completions "HTTP/1.1 200 OK"
2026-08-18 02:42:07,524 - INFO - HTTP Request: POST http://localhost:8007/v1/chat/completions "HTTP/1.1 200 OK"

2026-08-18 02:42:08,841 - INFO - HTTP Request: POST http://localhost:8007/v1/chat/completions "HTTP/1.1 200 OK"

2026-08-18 02:42:09,927 - INFO - HTTP Request: POST http://localhost:8007/v1/chat/completions "HTTP/1.1 200 OK"
2026-08-18 02:42:17,961 - INFO - HTTP Request: POST http://localhost:8007/v1/chat/completions "HTTP/1.1 200 OK"
2026-08-18 02:42:21,761 - INFO - HTTP Request: POST http://localhost:8007/v1/chat/completions "HTTP/1.1 200 OK"

2026-08-18 02:42:30,679 - INFO - HTTP Request: POST http://localhost:8007/v1/chat/completions "HTTP/1.1 200 OK"

2026-08-18 02:42:38,499 - INFO - HTTP Request: POST http://localhost:8007/v1/chat/completions "HTTP/1.1 200 OK"
2026-08-18 02:42:40,826 - INFO - HTTP Request: POST http://localhost:8007/v1/chat/completions "HTTP/1.1 200 OK"
2026-08-18 02:42:51,405 - INFO - HTTP Request: POST http://localhost:8007/v1/chat/completions "HTTP/1.1 200 OK"
2026-08-18 02:42:51,840 - INFO - HTTP Request: POST http://localhost:8007/v1/chat/completions "HTTP/1.1 200 OK"

2026-08-18 02:42:59,392 - INFO - HTTP Request: POST http://localhost:8007/v1/chat/completions "HTTP/1.1 200 OK"

r4_cfg7:  50%|█████     | 25/50 [40:38<52:47, 126.72s/it]2026-08-18 02:43:03,957 - INFO - HTTP Request: POST http://localhost:8007/v1/chat/completions "HTTP/1.1 200 OK"

2026-08-18 02:43:04,390 - INFO - HTTP Request: POST http://localhost:8007/v1/chat/completions "HTTP/1.1 200 OK"
2026-08-18 02:43:16,886 - INFO - HTTP Request: POST http://localhost:8007/v1/chat/completions "HTTP/1.1 200 OK"

r4_cfg7:  52%|█████▏    | 26/50 [40:55<37:34, 93.95s/it] 2026-08-18 02:43:21,662 - INFO - HTTP Request: POST http://localhost:8007/v1/chat/completions "HTTP/1.1 200 OK"
2026-08-18 02:43:25,234 - INFO - HTTP Request: POST http://localhost:8007/v1/chat/completions "HTTP/1.1 200 OK"
2026-08-18 02:43:34,913 - INFO - HTTP Request: POST http://localhost:8007/v1/chat/completions "HTTP/1.1 200 OK"

2026-08-18 02:43:37,524 - INFO - HTTP Request: POST http://localhost:8007/v1/chat/completions "HTTP/1.1 200 OK"
2026-08-18 02:43:37,525 - INFO - HTTP Request: POST http://localhost:8007/v1/chat/completions "HTTP/1.1 200 OK"

r4_cfg7:  54%|█████▍    | 27/50 [41:16<27:34, 71.95s/it]2026-08-18 02:43:39,843 - INFO - HTTP Request: POST http://localhost:8007/v1/chat/completions "HTTP/1.1 200 OK"
2026-08-18 02:43:47,771 - INFO - HTTP Request: POST http://localhost:8007/v1/chat/completions "HTTP/1.1 200 OK"

r4_cfg7:  56%|█████▌    | 28/50 [41:26<19:35, 53.44s/it]2026-08-18 02:43:51,248 - INFO - HTTP Request: POST http://localhost:8007/v1/chat/completions "HTTP/1.1 200 OK"

2026-08-18 02:43:59,924 - INFO - HTTP Request: POST http://localhost:8007/v1/chat/completions "HTTP/1.1 200 OK"
2026-08-18 02:44:01,760 - INFO - HTTP Request: POST http://localhost:8007/v1/chat/completions "HTTP/1.1 200 OK"
2026-08-18 02:44:09,909 - INFO - HTTP Request: POST http://localhost:8007/v1/chat/completions "HTTP/1.1 200 OK"

2026-08-18 02:44:10,343 - INFO - HTTP Request: POST http://localhost:8007/v1/chat/completions "HTTP/1.1 200 OK"
2026-08-18 02:44:14,791 - INFO - HTTP Request: POST http://localhost:8007/v1/chat/completions "HTTP/1.1 200 OK"

2026-08-18 02:44:18,267 - INFO - HTTP Request: POST http://localhost:8007/v1/chat/completions "HTTP/1.1 200 OK"
2026-08-18 02:44:23,370 - INFO - HTTP Request: POST http://localhost:8007/v1/chat/completions "HTTP/1.1 200 OK"

2026-08-18 02:44:30,540 - INFO - HTTP Request: POST http://localhost:8007/v1/chat/completions "HTTP/1.1 200 OK"

2026-08-18 02:44:36,614 - INFO - HTTP Request: POST http://localhost:8007/v1/chat/completions "HTTP/1.1 200 OK"
2026-08-18 02:44:39,806 - INFO - HTTP Request: POST http://localhost:8007/v1/chat/completions "HTTP/1.1 200 OK"
2026-08-18 02:44:50,128 - INFO - HTTP Request: POST http://localhost:8007/v1/chat/completions "HTTP/1.1 200 OK"
2026-08-18 02:44:53,278 - INFO - HTTP Request: POST http://localhost:8007/v1/chat/completions "HTTP/1.1 200 OK"

2026-08-18 02:44:53,279 - INFO - HTTP Request: POST http://localhost:8007/v1/chat/completions "HTTP/1.1 200 OK"

2026-08-18 02:44:55,890 - INFO - HTTP Request: POST http://localhost:8007/v1/chat/completions "HTTP/1.1 200 OK"
2026-08-18 02:45:07,083 - INFO - HTTP Request: POST http://localhost:8007/v1/chat/completions "HTTP/1.1 200 OK"

2026-08-18 02:45:09,050 - INFO - HTTP Request: POST http://localhost:8007/v1/chat/completions "HTTP/1.1 200 OK"

2026-08-18 02:45:17,725 - INFO - HTTP Request: POST http://localhost:8007/v1/chat/completions "HTTP/1.1 200 OK"
2026-08-18 02:45:17,942 - INFO - HTTP Request: POST http://localhost:8007/v1/chat/completions "HTTP/1.1 200 OK"
2026-08-18 02:45:30,168 - INFO - HTTP Request: POST http://localhost:8007/v1/chat/completions "HTTP/1.1 200 OK"

2026-08-18 02:45:31,481 - INFO - HTTP Request: POST http://localhost:8007/v1/chat/completions "HTTP/1.1 200 OK"

2026-08-18 02:45:31,698 - INFO - HTTP Request: POST http://localhost:8007/v1/chat/completions "HTTP/1.1 200 OK"
2026-08-18 02:45:34,401 - INFO - HTTP Request: POST http://localhost:8007/v1/chat/completions "HTTP/1.1 200 OK"
2026-08-18 02:45:44,503 - INFO - HTTP Request: POST http://localhost:8007/v1/chat/completions "HTTP/1.1 200 OK"

2026-08-18 02:45:50,596 - INFO - HTTP Request: POST http://localhost:8007/v1/chat/completions "HTTP/1.1 200 OK"
2026-08-18 02:45:51,564 - INFO - HTTP Request: POST http://localhost:8007/v1/chat/completions "HTTP/1.1 200 OK"

2026-08-18 02:45:56,565 - INFO - HTTP Request: POST http://localhost:8007/v1/chat/completions "HTTP/1.1 200 OK"
2026-08-18 02:46:03,624 - INFO - HTTP Request: POST http://localhost:8007/v1/chat/completions "HTTP/1.1 200 OK"

2026-08-18 02:46:04,931 - INFO - HTTP Request: POST http://localhost:8007/v1/chat/completions "HTTP/1.1 200 OK"
2026-08-18 02:46:09,597 - INFO - HTTP Request: POST http://localhost:8007/v1/chat/completions "HTTP/1.1 200 OK"

2026-08-18 02:46:16,126 - INFO - HTTP Request: POST http://localhost:8007/v1/chat/completions "HTTP/1.1 200 OK"
2026-08-18 02:46:17,306 - INFO - HTTP Request: POST http://localhost:8007/v1/chat/completions "HTTP/1.1 200 OK"

2026-08-18 02:46:28,603 - INFO - HTTP Request: POST http://localhost:8007/v1/chat/completions "HTTP/1.1 200 OK"

2026-08-18 02:46:29,695 - INFO - HTTP Request: POST http://localhost:8007/v1/chat/completions "HTTP/1.1 200 OK"
2026-08-18 02:46:33,271 - INFO - HTTP Request: POST http://localhost:8007/v1/chat/completions "HTTP/1.1 200 OK"
2026-08-18 02:46:44,676 - INFO - HTTP Request: POST http://localhost:8007/v1/chat/completions "HTTP/1.1 200 OK"

2026-08-18 02:46:46,635 - INFO - HTTP Request: POST http://localhost:8007/v1/chat/completions "HTTP/1.1 200 OK"
2026-08-18 02:46:47,604 - INFO - HTTP Request: POST http://localhost:8007/v1/chat/completions "HTTP/1.1 200 OK"

2026-08-18 02:46:49,344 - INFO - HTTP Request: POST http://localhost:8007/v1/chat/completions "HTTP/1.1 200 OK"
2026-08-18 02:46:57,055 - INFO - HTTP Request: POST http://localhost:8007/v1/chat/completions "HTTP/1.1 200 OK"

2026-08-18 02:47:04,878 - INFO - HTTP Request: POST http://localhost:8007/v1/chat/completions "HTTP/1.1 200 OK"

2026-08-18 02:47:05,311 - INFO - HTTP Request: POST http://localhost:8007/v1/chat/completions "HTTP/1.1 200 OK"
2026-08-18 02:47:16,926 - INFO - HTTP Request: POST http://localhost:8007/v1/chat/completions "HTTP/1.1 200 OK"
2026-08-18 02:47:17,644 - INFO - HTTP Request: POST http://localhost:8007/v1/chat/completions "HTTP/1.1 200 OK"
2026-08-18 02:47:18,862 - INFO - HTTP Request: POST http://localhost:8007/v1/chat/completions "HTTP/1.1 200 OK"

2026-08-18 02:47:30,834 - INFO - HTTP Request: POST http://localhost:8007/v1/chat/completions "HTTP/1.1 200 OK"

2026-08-18 02:47:32,359 - INFO - HTTP Request: POST http://localhost:8007/v1/chat/completions "HTTP/1.1 200 OK"

2026-08-18 02:47:34,530 - INFO - HTTP Request: POST http://localhost:8007/v1/chat/completions "HTTP/1.1 200 OK"
2026-08-18 02:47:48,314 - INFO - HTTP Request: POST http://localhost:8007/v1/chat/completions "HTTP/1.1 200 OK"
2026-08-18 02:47:49,717 - INFO - HTTP Request: POST http://localhost:8007/v1/chat/completions "HTTP/1.1 200 OK"

2026-08-18 02:47:52,980 - INFO - HTTP Request: POST http://localhost:8007/v1/chat/completions "HTTP/1.1 200 OK"
2026-08-18 02:48:00,918 - INFO - HTTP Request: POST http://localhost:8007/v1/chat/completions "HTTP/1.1 200 OK"
2026-08-18 02:48:10,389 - INFO - HTTP Request: POST http://localhost:8007/v1/chat/completions "HTTP/1.1 200 OK"
2026-08-18 02:48:12,234 - INFO - HTTP Request: POST http://localhost:8007/v1/chat/completions "HTTP/1.1 200 OK"

2026-08-18 02:48:13,981 - INFO - HTTP Request: POST http://localhost:8007/v1/chat/completions "HTTP/1.1 200 OK"

2026-08-18 02:48:16,820 - INFO - HTTP Request: POST http://localhost:8007/v1/chat/completions "HTTP/1.1 200 OK"

2026-08-18 02:48:29,000 - INFO - HTTP Request: POST http://localhost:8007/v1/chat/completions "HTTP/1.1 200 OK"

2026-08-18 02:48:41,373 - INFO - HTTP Request: POST http://localhost:8007/v1/chat/completions "HTTP/1.1 200 OK"
2026-08-18 02:48:45,388 - INFO - HTTP Request: POST http://localhost:8007/v1/chat/completions "HTTP/1.1 200 OK"
2026-08-18 02:48:50,623 - INFO - HTTP Request: POST http://localhost:8007/v1/chat/completions "HTTP/1.1 200 OK"
2026-08-18 02:48:58,353 - INFO - HTTP Request: POST http://localhost:8007/v1/chat/completions "HTTP/1.1 200 OK"

2026-08-18 02:48:58,789 - INFO - HTTP Request: POST http://localhost:8007/v1/chat/completions "HTTP/1.1 200 OK"

r4_cfg7:  58%|█████▊    | 29/50 [46:37<45:45, 130.71s/it]2026-08-18 02:48:59,234 - INFO - HTTP Request: POST http://localhost:8007/v1/chat/completions "HTTP/1.1 200 OK"
2026-08-18 02:49:02,816 - INFO - HTTP Request: POST http://localhost:8007/v1/chat/completions "HTTP/1.1 200 OK"

r4_cfg7:  60%|██████    | 30/50 [46:41<30:54, 92.71s/it] 2026-08-18 02:49:16,508 - INFO - HTTP Request: POST http://localhost:8007/v1/chat/completions "HTTP/1.1 200 OK"

2026-08-18 02:49:21,073 - INFO - HTTP Request: POST http://localhost:8007/v1/chat/completions "HTTP/1.1 200 OK"
2026-08-18 02:49:24,867 - INFO - HTTP Request: POST http://localhost:8007/v1/chat/completions "HTTP/1.1 200 OK"
2026-08-18 02:49:31,656 - INFO - HTTP Request: POST http://localhost:8007/v1/chat/completions "HTTP/1.1 200 OK"
2026-08-18 02:49:36,762 - INFO - HTTP Request: POST http://localhost:8007/v1/chat/completions "HTTP/1.1 200 OK"

2026-08-18 02:49:38,287 - INFO - HTTP Request: POST http://localhost:8007/v1/chat/completions "HTTP/1.1 200 OK"

2026-08-18 02:49:45,244 - INFO - HTTP Request: POST http://localhost:8007/v1/chat/completions "HTTP/1.1 200 OK"

r4_cfg7:  62%|██████▏   | 31/50 [47:24<24:34, 77.62s/it]2026-08-18 02:49:50,237 - INFO - HTTP Request: POST http://localhost:8007/v1/chat/completions "HTTP/1.1 200 OK"
2026-08-18 02:50:03,156 - INFO - HTTP Request: POST http://localhost:8007/v1/chat/completions "HTTP/1.1 200 OK"
2026-08-18 02:50:04,997 - INFO - HTTP Request: POST http://localhost:8007/v1/chat/completions "HTTP/1.1 200 OK"
2026-08-18 02:50:07,678 - INFO - HTTP Request: POST http://localhost:8007/v1/chat/completions "HTTP/1.1 200 OK"

r4_cfg7:  64%|██████▍   | 32/50 [47:46<18:19, 61.07s/it]2026-08-18 02:50:07,987 - INFO - HTTP Request: POST http://localhost:8007/v1/chat/completions "HTTP/1.1 200 OK"
2026-08-18 02:50:14,520 - INFO - HTTP Request: POST http://localhost:8007/v1/chat/completions "HTTP/1.1 200 OK"

2026-08-18 02:50:20,615 - INFO - HTTP Request: POST http://localhost:8007/v1/chat/completions "HTTP/1.1 200 OK"

2026-08-18 02:50:22,357 - INFO - HTTP Request: POST http://localhost:8007/v1/chat/completions "HTTP/1.1 200 OK"

2026-08-18 02:50:29,951 - INFO - HTTP Request: POST http://localhost:8007/v1/chat/completions "HTTP/1.1 200 OK"
2026-08-18 02:50:39,173 - INFO - HTTP Request: POST http://localhost:8007/v1/chat/completions "HTTP/1.1 200 OK"
2026-08-18 02:50:41,835 - INFO - HTTP Request: POST http://localhost:8007/v1/chat/completions "HTTP/1.1 200 OK"

2026-08-18 02:50:47,048 - INFO - HTTP Request: POST http://localhost:8007/v1/chat/completions "HTTP/1.1 200 OK"
2026-08-18 02:50:47,049 - INFO - HTTP Request: POST http://localhost:8007/v1/chat/completions "HTTP/1.1 200 OK"
2026-08-18 02:50:52,514 - INFO - HTTP Request: POST http://localhost:8007/v1/chat/completions "HTTP/1.1 200 OK"

2026-08-18 02:50:59,487 - INFO - HTTP Request: POST http://localhost:8007/v1/chat/completions "HTTP/1.1 200 OK"

2026-08-18 02:51:00,366 - INFO - HTTP Request: POST http://localhost:8007/v1/chat/completions "HTTP/1.1 200 OK"

2026-08-18 02:51:08,610 - INFO - HTTP Request: POST http://localhost:8007/v1/chat/completions "HTTP/1.1 200 OK"
2026-08-18 02:51:16,315 - INFO - HTTP Request: POST http://localhost:8007/v1/chat/completions "HTTP/1.1 200 OK"
2026-08-18 02:51:22,452 - INFO - HTTP Request: POST http://localhost:8007/v1/chat/completions "HTTP/1.1 200 OK"

2026-08-18 02:51:23,540 - INFO - HTTP Request: POST http://localhost:8007/v1/chat/completions "HTTP/1.1 200 OK"

2026-08-18 02:51:23,757 - INFO - HTTP Request: POST http://localhost:8007/v1/chat/completions "HTTP/1.1 200 OK"
2026-08-18 02:51:25,385 - INFO - HTTP Request: POST http://localhost:8007/v1/chat/completions "HTTP/1.1 200 OK"
2026-08-18 02:51:36,798 - INFO - HTTP Request: POST http://localhost:8007/v1/chat/completions "HTTP/1.1 200 OK"

2026-08-18 02:51:38,329 - INFO - HTTP Request: POST http://localhost:8007/v1/chat/completions "HTTP/1.1 200 OK"

2026-08-18 02:51:43,540 - INFO - HTTP Request: POST http://localhost:8007/v1/chat/completions "HTTP/1.1 200 OK"
2026-08-18 02:51:47,514 - INFO - HTTP Request: POST http://localhost:8007/v1/chat/completions "HTTP/1.1 200 OK"
2026-08-18 02:51:52,396 - INFO - HTTP Request: POST http://localhost:8007/v1/chat/completions "HTTP/1.1 200 OK"

2026-08-18 02:51:58,048 - INFO - HTTP Request: POST http://localhost:8007/v1/chat/completions "HTTP/1.1 200 OK"

2026-08-18 02:51:58,482 - INFO - HTTP Request: POST http://localhost:8007/v1/chat/completions "HTTP/1.1 200 OK"
2026-08-18 02:52:00,981 - INFO - HTTP Request: POST http://localhost:8007/v1/chat/completions "HTTP/1.1 200 OK"
2026-08-18 02:52:13,264 - INFO - HTTP Request: POST http://localhost:8007/v1/chat/completions "HTTP/1.1 200 OK"

2026-08-18 02:52:14,142 - INFO - HTTP Request: POST http://localhost:8007/v1/chat/completions "HTTP/1.1 200 OK"

2026-08-18 02:52:21,736 - INFO - HTTP Request: POST http://localhost:8007/v1/chat/completions "HTTP/1.1 200 OK"
2026-08-18 02:52:22,654 - INFO - HTTP Request: POST http://localhost:8007/v1/chat/completions "HTTP/1.1 200 OK"
2026-08-18 02:52:33,186 - INFO - HTTP Request: POST http://localhost:8007/v1/chat/completions "HTTP/1.1 200 OK"

2026-08-18 02:52:33,403 - INFO - HTTP Request: POST http://localhost:8007/v1/chat/completions "HTTP/1.1 200 OK"
2026-08-18 02:52:35,463 - INFO - HTTP Request: POST http://localhost:8007/v1/chat/completions "HTTP/1.1 200 OK"

2026-08-18 02:52:43,512 - INFO - HTTP Request: POST http://localhost:8007/v1/chat/completions "HTTP/1.1 200 OK"
2026-08-18 02:52:46,439 - INFO - HTTP Request: POST http://localhost:8007/v1/chat/completions "HTTP/1.1 200 OK"

2026-08-18 02:52:53,830 - INFO - HTTP Request: POST http://localhost:8007/v1/chat/completions "HTTP/1.1 200 OK"
2026-08-18 02:52:55,624 - INFO - HTTP Request: POST http://localhost:8007/v1/chat/completions "HTTP/1.1 200 OK"
2026-08-18 02:52:59,860 - INFO - HTTP Request: POST http://localhost:8007/v1/chat/completions "HTTP/1.1 200 OK"

2026-08-18 02:53:04,429 - INFO - HTTP Request: POST http://localhost:8007/v1/chat/completions "HTTP/1.1 200 OK"

2026-08-18 02:53:04,864 - INFO - HTTP Request: POST http://localhost:8007/v1/chat/completions "HTTP/1.1 200 OK"

2026-08-18 02:53:15,504 - INFO - HTTP Request: POST http://localhost:8007/v1/chat/completions "HTTP/1.1 200 OK"
2026-08-18 02:53:20,166 - INFO - HTTP Request: POST http://localhost:8007/v1/chat/completions "HTTP/1.1 200 OK"
2026-08-18 02:53:25,326 - INFO - HTTP Request: POST http://localhost:8007/v1/chat/completions "HTTP/1.1 200 OK"

2026-08-18 02:53:34,243 - INFO - HTTP Request: POST http://localhost:8007/v1/chat/completions "HTTP/1.1 200 OK"
2026-08-18 02:53:34,244 - INFO - HTTP Request: POST http://localhost:8007/v1/chat/completions "HTTP/1.1 200 OK"
2026-08-18 02:53:35,760 - INFO - HTTP Request: POST http://localhost:8007/v1/chat/completions "HTTP/1.1 200 OK"

2026-08-18 02:53:45,766 - INFO - HTTP Request: POST http://localhost:8007/v1/chat/completions "HTTP/1.1 200 OK"
2026-08-18 02:53:45,984 - INFO - HTTP Request: POST http://localhost:8007/v1/chat/completions "HTTP/1.1 200 OK"

2026-08-18 02:53:50,882 - INFO - HTTP Request: POST http://localhost:8007/v1/chat/completions "HTTP/1.1 200 OK"

2026-08-18 02:53:57,841 - INFO - HTTP Request: POST http://localhost:8007/v1/chat/completions "HTTP/1.1 200 OK"

2026-08-18 02:54:05,225 - INFO - HTTP Request: POST http://localhost:8007/v1/chat/completions "HTTP/1.1 200 OK"
2026-08-18 02:54:11,199 - INFO - HTTP Request: POST http://localhost:8007/v1/chat/completions "HTTP/1.1 200 OK"
2026-08-18 02:54:19,572 - INFO - HTTP Request: POST http://localhost:8007/v1/chat/completions "HTTP/1.1 200 OK"
2026-08-18 02:54:20,007 - INFO - HTTP Request: POST http://localhost:8007/v1/chat/completions "HTTP/1.1 200 OK"

2026-08-18 02:54:26,597 - INFO - HTTP Request: POST http://localhost:8007/v1/chat/completions "HTTP/1.1 200 OK"

2026-08-18 02:54:27,685 - INFO - HTTP Request: POST http://localhost:8007/v1/chat/completions "HTTP/1.1 200 OK"
2026-08-18 02:54:29,308 - INFO - HTTP Request: POST http://localhost:8007/v1/chat/completions "HTTP/1.1 200 OK"

r4_cfg7:  66%|██████▌   | 33/50 [52:08<34:21, 121.24s/it]2026-08-18 02:54:45,399 - INFO - HTTP Request: POST http://localhost:8007/v1/chat/completions "HTTP/1.1 200 OK"

2026-08-18 02:54:51,053 - INFO - HTTP Request: POST http://localhost:8007/v1/chat/completions "HTTP/1.1 200 OK"
2026-08-18 02:54:53,758 - INFO - HTTP Request: POST http://localhost:8007/v1/chat/completions "HTTP/1.1 200 OK"
2026-08-18 02:54:56,739 - INFO - HTTP Request: POST http://localhost:8007/v1/chat/completions "HTTP/1.1 200 OK"
2026-08-18 02:55:02,504 - INFO - HTTP Request: POST http://localhost:8007/v1/chat/completions "HTTP/1.1 200 OK"

2026-08-18 02:55:07,296 - INFO - HTTP Request: POST http://localhost:8007/v1/chat/completions "HTTP/1.1 200 OK"

r4_cfg7:  68%|██████▊   | 34/50 [52:46<25:40, 96.26s/it] 2026-08-18 02:55:14,905 - INFO - HTTP Request: POST http://localhost:8007/v1/chat/completions "HTTP/1.1 200 OK"

2026-08-18 02:55:19,471 - INFO - HTTP Request: POST http://localhost:8007/v1/chat/completions "HTTP/1.1 200 OK"
2026-08-18 02:55:28,703 - INFO - HTTP Request: POST http://localhost:8007/v1/chat/completions "HTTP/1.1 200 OK"
2026-08-18 02:55:30,005 - INFO - HTTP Request: POST http://localhost:8007/v1/chat/completions "HTTP/1.1 200 OK"
2026-08-18 02:55:36,917 - INFO - HTTP Request: POST http://localhost:8007/v1/chat/completions "HTTP/1.1 200 OK"

r4_cfg7:  70%|███████   | 35/50 [53:15<19:04, 76.27s/it]2026-08-18 02:55:41,490 - INFO - HTTP Request: POST http://localhost:8007/v1/chat/completions "HTTP/1.1 200 OK"

2026-08-18 02:55:41,925 - INFO - HTTP Request: POST http://localhost:8007/v1/chat/completions "HTTP/1.1 200 OK"

2026-08-18 02:55:48,655 - INFO - HTTP Request: POST http://localhost:8007/v1/chat/completions "HTTP/1.1 200 OK"
2026-08-18 02:55:59,186 - INFO - HTTP Request: POST http://localhost:8007/v1/chat/completions "HTTP/1.1 200 OK"
2026-08-18 02:56:02,985 - INFO - HTTP Request: POST http://localhost:8007/v1/chat/completions "HTTP/1.1 200 OK"

r4_cfg7:  72%|███████▏  | 36/50 [53:41<14:16, 61.21s/it]2026-08-18 02:56:06,898 - INFO - HTTP Request: POST http://localhost:8007/v1/chat/completions "HTTP/1.1 200 OK"
2026-08-18 02:56:08,521 - INFO - HTTP Request: POST http://localhost:8007/v1/chat/completions "HTTP/1.1 200 OK"
2026-08-18 02:56:16,521 - INFO - HTTP Request: POST http://localhost:8007/v1/chat/completions "HTTP/1.1 200 OK"

2026-08-18 02:56:21,529 - INFO - HTTP Request: POST http://localhost:8007/v1/chat/completions "HTTP/1.1 200 OK"

2026-08-18 02:56:22,618 - INFO - HTTP Request: POST http://localhost:8007/v1/chat/completions "HTTP/1.1 200 OK"

2026-08-18 02:56:25,663 - INFO - HTTP Request: POST http://localhost:8007/v1/chat/completions "HTTP/1.1 200 OK"
2026-08-18 02:56:38,361 - INFO - HTTP Request: POST http://localhost:8007/v1/chat/completions "HTTP/1.1 200 OK"

2026-08-18 02:56:42,919 - INFO - HTTP Request: POST http://localhost:8007/v1/chat/completions "HTTP/1.1 200 OK"
2026-08-18 02:56:45,411 - INFO - HTTP Request: POST http://localhost:8007/v1/chat/completions "HTTP/1.1 200 OK"
2026-08-18 02:56:47,155 - INFO - HTTP Request: POST http://localhost:8007/v1/chat/completions "HTTP/1.1 200 OK"
2026-08-18 02:56:57,710 - INFO - HTTP Request: POST http://localhost:8007/v1/chat/completions "HTTP/1.1 200 OK"

2026-08-18 02:56:59,897 - INFO - HTTP Request: POST http://localhost:8007/v1/chat/completions "HTTP/1.1 200 OK"

2026-08-18 02:56:59,898 - INFO - HTTP Request: POST http://localhost:8007/v1/chat/completions "HTTP/1.1 200 OK"

2026-08-18 02:57:05,539 - INFO - HTTP Request: POST http://localhost:8007/v1/chat/completions "HTTP/1.1 200 OK"
2026-08-18 02:57:15,415 - INFO - HTTP Request: POST http://localhost:8007/v1/chat/completions "HTTP/1.1 200 OK"

2026-08-18 02:57:19,972 - INFO - HTTP Request: POST http://localhost:8007/v1/chat/completions "HTTP/1.1 200 OK"
2026-08-18 02:57:22,461 - INFO - HTTP Request: POST http://localhost:8007/v1/chat/completions "HTTP/1.1 200 OK"
2026-08-18 02:57:25,227 - INFO - HTTP Request: POST http://localhost:8007/v1/chat/completions "HTTP/1.1 200 OK"
2026-08-18 02:57:31,860 - INFO - HTTP Request: POST http://localhost:8007/v1/chat/completions "HTTP/1.1 200 OK"

2026-08-18 02:57:35,346 - INFO - HTTP Request: POST http://localhost:8007/v1/chat/completions "HTTP/1.1 200 OK"

2026-08-18 02:57:39,701 - INFO - HTTP Request: POST http://localhost:8007/v1/chat/completions "HTTP/1.1 200 OK"

2026-08-18 02:57:40,793 - INFO - HTTP Request: POST http://localhost:8007/v1/chat/completions "HTTP/1.1 200 OK"
2026-08-18 02:57:53,495 - INFO - HTTP Request: POST http://localhost:8007/v1/chat/completions "HTTP/1.1 200 OK"

2026-08-18 02:57:55,456 - INFO - HTTP Request: POST http://localhost:8007/v1/chat/completions "HTTP/1.1 200 OK"
2026-08-18 02:58:01,260 - INFO - HTTP Request: POST http://localhost:8007/v1/chat/completions "HTTP/1.1 200 OK"
2026-08-18 02:58:04,838 - INFO - HTTP Request: POST http://localhost:8007/v1/chat/completions "HTTP/1.1 200 OK"
2026-08-18 02:58:09,074 - INFO - HTTP Request: POST http://localhost:8007/v1/chat/completions "HTTP/1.1 200 OK"

2026-08-18 02:58:14,952 - INFO - HTTP Request: POST http://localhost:8007/v1/chat/completions "HTTP/1.1 200 OK"

2026-08-18 02:58:17,345 - INFO - HTTP Request: POST http://localhost:8007/v1/chat/completions "HTTP/1.1 200 OK"

2026-08-18 02:58:18,654 - INFO - HTTP Request: POST http://localhost:8007/v1/chat/completions "HTTP/1.1 200 OK"
2026-08-18 02:58:31,138 - INFO - HTTP Request: POST http://localhost:8007/v1/chat/completions "HTTP/1.1 200 OK"

2026-08-18 02:58:35,269 - INFO - HTTP Request: POST http://localhost:8007/v1/chat/completions "HTTP/1.1 200 OK"
2026-08-18 02:58:37,330 - INFO - HTTP Request: POST http://localhost:8007/v1/chat/completions "HTTP/1.1 200 OK"
2026-08-18 02:58:38,735 - INFO - HTTP Request: POST http://localhost:8007/v1/chat/completions "HTTP/1.1 200 OK"
2026-08-18 02:58:50,876 - INFO - HTTP Request: POST http://localhost:8007/v1/chat/completions "HTTP/1.1 200 OK"

2026-08-18 02:58:51,967 - INFO - HTTP Request: POST http://localhost:8007/v1/chat/completions "HTTP/1.1 200 OK"
2026-08-18 02:58:53,156 - INFO - HTTP Request: POST http://localhost:8007/v1/chat/completions "HTTP/1.1 200 OK"

2026-08-18 02:58:53,157 - INFO - HTTP Request: POST http://localhost:8007/v1/chat/completions "HTTP/1.1 200 OK"

2026-08-18 02:59:03,159 - INFO - HTTP Request: POST http://localhost:8007/v1/chat/completions "HTTP/1.1 200 OK"

2026-08-18 02:59:13,146 - INFO - HTTP Request: POST http://localhost:8007/v1/chat/completions "HTTP/1.1 200 OK"
2026-08-18 02:59:20,693 - INFO - HTTP Request: POST http://localhost:8007/v1/chat/completions "HTTP/1.1 200 OK"
2026-08-18 02:59:22,537 - INFO - HTTP Request: POST http://localhost:8007/v1/chat/completions "HTTP/1.1 200 OK"
2026-08-18 02:59:26,775 - INFO - HTTP Request: POST http://localhost:8007/v1/chat/completions "HTTP/1.1 200 OK"

2026-08-18 02:59:32,872 - INFO - HTTP Request: POST http://localhost:8007/v1/chat/completions "HTTP/1.1 200 OK"
2026-08-18 02:59:37,326 - INFO - HTTP Request: POST http://localhost:8007/v1/chat/completions "HTTP/1.1 200 OK"

2026-08-18 02:59:39,288 - INFO - HTTP Request: POST http://localhost:8007/v1/chat/completions "HTTP/1.1 200 OK"

2026-08-18 02:59:46,469 - INFO - HTTP Request: POST http://localhost:8007/v1/chat/completions "HTTP/1.1 200 OK"

2026-08-18 02:59:56,239 - INFO - HTTP Request: POST http://localhost:8007/v1/chat/completions "HTTP/1.1 200 OK"
2026-08-18 02:59:57,698 - INFO - HTTP Request: POST http://localhost:8007/v1/chat/completions "HTTP/1.1 200 OK"
2026-08-18 03:00:07,160 - INFO - HTTP Request: POST http://localhost:8007/v1/chat/completions "HTTP/1.1 200 OK"
2026-08-18 03:00:12,491 - INFO - HTTP Request: POST http://localhost:8007/v1/chat/completions "HTTP/1.1 200 OK"

2026-08-18 03:00:12,709 - INFO - HTTP Request: POST http://localhost:8007/v1/chat/completions "HTTP/1.1 200 OK"

2026-08-18 03:00:13,368 - INFO - HTTP Request: POST http://localhost:8007/v1/chat/completions "HTTP/1.1 200 OK"
2026-08-18 03:00:20,215 - INFO - HTTP Request: POST http://localhost:8007/v1/chat/completions "HTTP/1.1 200 OK"

2026-08-18 03:00:25,218 - INFO - HTTP Request: POST http://localhost:8007/v1/chat/completions "HTTP/1.1 200 OK"

r4_cfg7:  74%|███████▍  | 37/50 [58:04<26:19, 121.52s/it]2026-08-18 03:00:42,151 - INFO - HTTP Request: POST http://localhost:8007/v1/chat/completions "HTTP/1.1 200 OK"
2026-08-18 03:00:45,513 - INFO - HTTP Request: POST http://localhost:8007/v1/chat/completions "HTTP/1.1 200 OK"
2026-08-18 03:00:47,993 - INFO - HTTP Request: POST http://localhost:8007/v1/chat/completions "HTTP/1.1 200 OK"
2026-08-18 03:00:50,493 - INFO - HTTP Request: POST http://localhost:8007/v1/chat/completions "HTTP/1.1 200 OK"
2026-08-18 03:00:57,794 - INFO - HTTP Request: POST http://localhost:8007/v1/chat/completions "HTTP/1.1 200 OK"

r4_cfg7:  76%|███████▌  | 38/50 [58:36<18:58, 94.83s/it] 2026-08-18 03:00:58,665 - INFO - HTTP Request: POST http://localhost:8007/v1/chat/completions "HTTP/1.1 200 OK"

2026-08-18 03:01:03,249 - INFO - HTTP Request: POST http://localhost:8007/v1/chat/completions "HTTP/1.1 200 OK"

2026-08-18 03:01:06,517 - INFO - HTTP Request: POST http://localhost:8007/v1/chat/completions "HTTP/1.1 200 OK"

2026-08-18 03:01:19,754 - INFO - HTTP Request: POST http://localhost:8007/v1/chat/completions "HTTP/1.1 200 OK"
2026-08-18 03:01:30,280 - INFO - HTTP Request: POST http://localhost:8007/v1/chat/completions "HTTP/1.1 200 OK"
2026-08-18 03:01:33,330 - INFO - HTTP Request: POST http://localhost:8007/v1/chat/completions "HTTP/1.1 200 OK"
2026-08-18 03:01:34,358 - INFO - HTTP Request: POST http://localhost:8007/v1/chat/completions "HTTP/1.1 200 OK"

2026-08-18 03:01:36,753 - INFO - HTTP Request: POST http://localhost:8007/v1/chat/completions "HTTP/1.1 200 OK"
2026-08-18 03:01:45,786 - INFO - HTTP Request: POST http://localhost:8007/v1/chat/completions "HTTP/1.1 200 OK"

r4_cfg7:  78%|███████▊  | 39/50 [59:24<14:48, 80.78s/it]2026-08-18 03:01:47,314 - INFO - HTTP Request: POST http://localhost:8007/v1/chat/completions "HTTP/1.1 200 OK"

2026-08-18 03:01:49,489 - INFO - HTTP Request: POST http://localhost:8007/v1/chat/completions "HTTP/1.1 200 OK"

r4_cfg7:  80%|████████  | 40/50 [59:28<09:36, 57.66s/it]2026-08-18 03:02:00,769 - INFO - HTTP Request: POST http://localhost:8007/v1/chat/completions "HTTP/1.1 200 OK"
2026-08-18 03:02:08,038 - INFO - HTTP Request: POST http://localhost:8007/v1/chat/completions "HTTP/1.1 200 OK"
2026-08-18 03:02:11,399 - INFO - HTTP Request: POST http://localhost:8007/v1/chat/completions "HTTP/1.1 200 OK"

2026-08-18 03:02:12,055 - INFO - HTTP Request: POST http://localhost:8007/v1/chat/completions "HTTP/1.1 200 OK"
2026-08-18 03:02:12,272 - INFO - HTTP Request: POST http://localhost:8007/v1/chat/completions "HTTP/1.1 200 OK"
2026-08-18 03:02:22,158 - INFO - HTTP Request: POST http://localhost:8007/v1/chat/completions "HTTP/1.1 200 OK"

2026-08-18 03:02:23,902 - INFO - HTTP Request: POST http://localhost:8007/v1/chat/completions "HTTP/1.1 200 OK"

2026-08-18 03:02:28,032 - INFO - HTTP Request: POST http://localhost:8007/v1/chat/completions "HTTP/1.1 200 OK"

2026-08-18 03:02:36,499 - INFO - HTTP Request: POST http://localhost:8007/v1/chat/completions "HTTP/1.1 200 OK"
2026-08-18 03:02:48,329 - INFO - HTTP Request: POST http://localhost:8007/v1/chat/completions "HTTP/1.1 200 OK"

2026-08-18 03:02:48,546 - INFO - HTTP Request: POST http://localhost:8007/v1/chat/completions "HTTP/1.1 200 OK"
2026-08-18 03:02:50,601 - INFO - HTTP Request: POST http://localhost:8007/v1/chat/completions "HTTP/1.1 200 OK"
2026-08-18 03:02:52,930 - INFO - HTTP Request: POST http://localhost:8007/v1/chat/completions "HTTP/1.1 200 OK"
2026-08-18 03:03:00,652 - INFO - HTTP Request: POST http://localhost:8007/v1/chat/completions "HTTP/1.1 200 OK"

2026-08-18 03:03:01,744 - INFO - HTTP Request: POST http://localhost:8007/v1/chat/completions "HTTP/1.1 200 OK"

2026-08-18 03:03:05,439 - INFO - HTTP Request: POST http://localhost:8007/v1/chat/completions "HTTP/1.1 200 OK"

2026-08-18 03:03:13,256 - INFO - HTTP Request: POST http://localhost:8007/v1/chat/completions "HTTP/1.1 200 OK"
2026-08-18 03:03:25,300 - INFO - HTTP Request: POST http://localhost:8007/v1/chat/completions "HTTP/1.1 200 OK"
2026-08-18 03:03:25,517 - INFO - HTTP Request: POST http://localhost:8007/v1/chat/completions "HTTP/1.1 200 OK"
2026-08-18 03:03:26,566 - INFO - HTTP Request: POST http://localhost:8007/v1/chat/completions "HTTP/1.1 200 OK"

2026-08-18 03:03:27,074 - INFO - HTTP Request: POST http://localhost:8007/v1/chat/completions "HTTP/1.1 200 OK"
2026-08-18 03:03:38,349 - INFO - HTTP Request: POST http://localhost:8007/v1/chat/completions "HTTP/1.1 200 OK"

2026-08-18 03:03:40,092 - INFO - HTTP Request: POST http://localhost:8007/v1/chat/completions "HTTP/1.1 200 OK"

2026-08-18 03:03:42,926 - INFO - HTTP Request: POST http://localhost:8007/v1/chat/completions "HTTP/1.1 200 OK"

2026-08-18 03:03:46,837 - INFO - HTTP Request: POST http://localhost:8007/v1/chat/completions "HTTP/1.1 200 OK"
2026-08-18 03:03:58,229 - INFO - HTTP Request: POST http://localhost:8007/v1/chat/completions "HTTP/1.1 200 OK"

2026-08-18 03:04:04,304 - INFO - HTTP Request: POST http://localhost:8007/v1/chat/completions "HTTP/1.1 200 OK"
2026-08-18 03:04:07,498 - INFO - HTTP Request: POST http://localhost:8007/v1/chat/completions "HTTP/1.1 200 OK"
2026-08-18 03:04:07,716 - INFO - HTTP Request: POST http://localhost:8007/v1/chat/completions "HTTP/1.1 200 OK"
2026-08-18 03:04:17,055 - INFO - HTTP Request: POST http://localhost:8007/v1/chat/completions "HTTP/1.1 200 OK"

2026-08-18 03:04:20,329 - INFO - HTTP Request: POST http://localhost:8007/v1/chat/completions "HTTP/1.1 200 OK"

2026-08-18 03:04:21,208 - INFO - HTTP Request: POST http://localhost:8007/v1/chat/completions "HTTP/1.1 200 OK"

2026-08-18 03:04:27,932 - INFO - HTTP Request: POST http://localhost:8007/v1/chat/completions "HTTP/1.1 200 OK"
2026-08-18 03:04:36,712 - INFO - HTTP Request: POST http://localhost:8007/v1/chat/completions "HTTP/1.1 200 OK"
2026-08-18 03:04:40,783 - INFO - HTTP Request: POST http://localhost:8007/v1/chat/completions "HTTP/1.1 200 OK"
2026-08-18 03:04:42,188 - INFO - HTTP Request: POST http://localhost:8007/v1/chat/completions "HTTP/1.1 200 OK"
2026-08-18 03:04:42,924 - INFO - HTTP Request: POST http://localhost:8007/v1/chat/completions "HTTP/1.1 200 OK"

2026-08-18 03:04:48,882 - INFO - HTTP Request: POST http://localhost:8007/v1/chat/completions "HTTP/1.1 200 OK"

2026-08-18 03:04:55,195 - INFO - HTTP Request: POST http://localhost:8007/v1/chat/completions "HTTP/1.1 200 OK"

2026-08-18 03:04:56,942 - INFO - HTTP Request: POST http://localhost:8007/v1/chat/completions "HTTP/1.1 200 OK"

2026-08-18 03:05:03,014 - INFO - HTTP Request: POST http://localhost:8007/v1/chat/completions "HTTP/1.1 200 OK"
2026-08-18 03:05:15,501 - INFO - HTTP Request: POST http://localhost:8007/v1/chat/completions "HTTP/1.1 200 OK"

2026-08-18 03:05:17,891 - INFO - HTTP Request: POST http://localhost:8007/v1/chat/completions "HTTP/1.1 200 OK"
2026-08-18 03:05:24,565 - INFO - HTTP Request: POST http://localhost:8007/v1/chat/completions "HTTP/1.1 200 OK"
2026-08-18 03:05:27,052 - INFO - HTTP Request: POST http://localhost:8007/v1/chat/completions "HTTP/1.1 200 OK"
2026-08-18 03:05:34,397 - INFO - HTTP Request: POST http://localhost:8007/v1/chat/completions "HTTP/1.1 200 OK"

2026-08-18 03:05:38,318 - INFO - HTTP Request: POST http://localhost:8007/v1/chat/completions "HTTP/1.1 200 OK"

2026-08-18 03:05:40,061 - INFO - HTTP Request: POST http://localhost:8007/v1/chat/completions "HTTP/1.1 200 OK"

2026-08-18 03:05:45,711 - INFO - HTTP Request: POST http://localhost:8007/v1/chat/completions "HTTP/1.1 200 OK"
2026-08-18 03:05:54,719 - INFO - HTTP Request: POST http://localhost:8007/v1/chat/completions "HTTP/1.1 200 OK"
2026-08-18 03:05:59,011 - INFO - HTTP Request: POST http://localhost:8007/v1/chat/completions "HTTP/1.1 200 OK"
2026-08-18 03:06:03,249 - INFO - HTTP Request: POST http://localhost:8007/v1/chat/completions "HTTP/1.1 200 OK"

2026-08-18 03:06:11,092 - INFO - HTTP Request: POST http://localhost:8007/v1/chat/completions "HTTP/1.1 200 OK"

2026-08-18 03:06:14,138 - INFO - HTTP Request: POST http://localhost:8007/v1/chat/completions "HTTP/1.1 200 OK"

2026-08-18 03:06:14,139 - INFO - HTTP Request: POST http://localhost:8007/v1/chat/completions "HTTP/1.1 200 OK"
2026-08-18 03:06:25,379 - INFO - HTTP Request: POST http://localhost:8007/v1/chat/completions "HTTP/1.1 200 OK"

r4_cfg7:  82%|████████▏ | 41/50 [1:04:04<18:28, 123.13s/it]2026-08-18 03:06:36,669 - INFO - HTTP Request: POST http://localhost:8007/v1/chat/completions "HTTP/1.1 200 OK"
2026-08-18 03:06:40,898 - INFO - HTTP Request: POST http://localhost:8007/v1/chat/completions "HTTP/1.1 200 OK"
2026-08-18 03:06:44,320 - INFO - HTTP Request: POST http://localhost:8007/v1/chat/completions "HTTP/1.1 200 OK"
2026-08-18 03:06:48,343 - INFO - HTTP Request: POST http://localhost:8007/v1/chat/completions "HTTP/1.1 200 OK"
2026-08-18 03:06:51,479 - INFO - HTTP Request: POST http://localhost:8007/v1/chat/completions "HTTP/1.1 200 OK"

r4_cfg7:  84%|████████▍ | 42/50 [1:04:30<12:32, 94.02s/it] 2026-08-18 03:06:54,749 - INFO - HTTP Request: POST http://localhost:8007/v1/chat/completions "HTTP/1.1 200 OK"

2026-08-18 03:07:01,286 - INFO - HTTP Request: POST http://localhost:8007/v1/chat/completions "HTTP/1.1 200 OK"

2026-08-18 03:07:02,382 - INFO - HTTP Request: POST http://localhost:8007/v1/chat/completions "HTTP/1.1 200 OK"

2026-08-18 03:07:13,448 - INFO - HTTP Request: POST http://localhost:8007/v1/chat/completions "HTTP/1.1 200 OK"
2026-08-18 03:07:26,421 - INFO - HTTP Request: POST http://localhost:8007/v1/chat/completions "HTTP/1.1 200 OK"

2026-08-18 03:07:28,160 - INFO - HTTP Request: POST http://localhost:8007/v1/chat/completions "HTTP/1.1 200 OK"
2026-08-18 03:07:29,187 - INFO - HTTP Request: POST http://localhost:8007/v1/chat/completions "HTTP/1.1 200 OK"
2026-08-18 03:07:34,933 - INFO - HTTP Request: POST http://localhost:8007/v1/chat/completions "HTTP/1.1 200 OK"
2026-08-18 03:07:40,914 - INFO - HTTP Request: POST http://localhost:8007/v1/chat/completions "HTTP/1.1 200 OK"

2026-08-18 03:07:43,528 - INFO - HTTP Request: POST http://localhost:8007/v1/chat/completions "HTTP/1.1 200 OK"

r4_cfg7:  86%|████████▌ | 43/50 [1:05:22<09:29, 81.43s/it]2026-08-18 03:07:46,790 - INFO - HTTP Request: POST http://localhost:8007/v1/chat/completions "HTTP/1.1 200 OK"

r4_cfg7:  88%|████████▊ | 44/50 [1:05:25<05:47, 57.98s/it]2026-08-18 03:07:53,514 - INFO - HTTP Request: POST http://localhost:8007/v1/chat/completions "HTTP/1.1 200 OK"
2026-08-18 03:08:04,749 - INFO - HTTP Request: POST http://localhost:8007/v1/chat/completions "HTTP/1.1 200 OK"

2026-08-18 03:08:05,402 - INFO - HTTP Request: POST http://localhost:8007/v1/chat/completions "HTTP/1.1 200 OK"
2026-08-18 03:08:05,620 - INFO - HTTP Request: POST http://localhost:8007/v1/chat/completions "HTTP/1.1 200 OK"
2026-08-18 03:08:09,619 - INFO - HTTP Request: POST http://localhost:8007/v1/chat/completions "HTTP/1.1 200 OK"
2026-08-18 03:08:17,462 - INFO - HTTP Request: POST http://localhost:8007/v1/chat/completions "HTTP/1.1 200 OK"

2026-08-18 03:08:19,204 - INFO - HTTP Request: POST http://localhost:8007/v1/chat/completions "HTTP/1.1 200 OK"

2026-08-18 03:08:19,866 - INFO - HTTP Request: POST http://localhost:8007/v1/chat/completions "HTTP/1.1 200 OK"

2026-08-18 03:08:29,841 - INFO - HTTP Request: POST http://localhost:8007/v1/chat/completions "HTTP/1.1 200 OK"
2026-08-18 03:08:43,031 - INFO - HTTP Request: POST http://localhost:8007/v1/chat/completions "HTTP/1.1 200 OK"
2026-08-18 03:08:44,200 - INFO - HTTP Request: POST http://localhost:8007/v1/chat/completions "HTTP/1.1 200 OK"
2026-08-18 03:08:44,635 - INFO - HTTP Request: POST http://localhost:8007/v1/chat/completions "HTTP/1.1 200 OK"

2026-08-18 03:08:46,830 - INFO - HTTP Request: POST http://localhost:8007/v1/chat/completions "HTTP/1.1 200 OK"
2026-08-18 03:08:55,981 - INFO - HTTP Request: POST http://localhost:8007/v1/chat/completions "HTTP/1.1 200 OK"

2026-08-18 03:08:55,982 - INFO - HTTP Request: POST http://localhost:8007/v1/chat/completions "HTTP/1.1 200 OK"

2026-08-18 03:08:57,072 - INFO - HTTP Request: POST http://localhost:8007/v1/chat/completions "HTTP/1.1 200 OK"

2026-08-18 03:09:09,002 - INFO - HTTP Request: POST http://localhost:8007/v1/chat/completions "HTTP/1.1 200 OK"
2026-08-18 03:09:16,104 - INFO - HTTP Request: POST http://localhost:8007/v1/chat/completions "HTTP/1.1 200 OK"
2026-08-18 03:09:20,977 - INFO - HTTP Request: POST http://localhost:8007/v1/chat/completions "HTTP/1.1 200 OK"
2026-08-18 03:09:20,978 - INFO - HTTP Request: POST http://localhost:8007/v1/chat/completions "HTTP/1.1 200 OK"
2026-08-18 03:09:22,368 - INFO - HTTP Request: POST http://localhost:8007/v1/chat/completions "HTTP/1.1 200 OK"

2026-08-18 03:09:26,512 - INFO - HTTP Request: POST http://localhost:8007/v1/chat/completions "HTTP/1.1 200 OK"

2026-08-18 03:09:33,690 - INFO - HTTP Request: POST http://localhost:8007/v1/chat/completions "HTTP/1.1 200 OK"

2026-08-18 03:09:38,911 - INFO - HTTP Request: POST http://localhost:8007/v1/chat/completions "HTTP/1.1 200 OK"

2026-08-18 03:09:42,172 - INFO - HTTP Request: POST http://localhost:8007/v1/chat/completions "HTTP/1.1 200 OK"
2026-08-18 03:09:53,406 - INFO - HTTP Request: POST http://localhost:8007/v1/chat/completions "HTTP/1.1 200 OK"

2026-08-18 03:09:55,577 - INFO - HTTP Request: POST http://localhost:8007/v1/chat/completions "HTTP/1.1 200 OK"
2026-08-18 03:09:58,265 - INFO - HTTP Request: POST http://localhost:8007/v1/chat/completions "HTTP/1.1 200 OK"
2026-08-18 03:10:03,709 - INFO - HTTP Request: POST http://localhost:8007/v1/chat/completions "HTTP/1.1 200 OK"
2026-08-18 03:10:10,026 - INFO - HTTP Request: POST http://localhost:8007/v1/chat/completions "HTTP/1.1 200 OK"

2026-08-18 03:10:10,243 - INFO - HTTP Request: POST http://localhost:8007/v1/chat/completions "HTTP/1.1 200 OK"

2026-08-18 03:10:16,118 - INFO - HTTP Request: POST http://localhost:8007/v1/chat/completions "HTTP/1.1 200 OK"

2026-08-18 03:10:22,851 - INFO - HTTP Request: POST http://localhost:8007/v1/chat/completions "HTTP/1.1 200 OK"
2026-08-18 03:10:30,172 - INFO - HTTP Request: POST http://localhost:8007/v1/chat/completions "HTTP/1.1 200 OK"
2026-08-18 03:10:30,606 - INFO - HTTP Request: POST http://localhost:8007/v1/chat/completions "HTTP/1.1 200 OK"
2026-08-18 03:10:36,795 - INFO - HTTP Request: POST http://localhost:8007/v1/chat/completions "HTTP/1.1 200 OK"

2026-08-18 03:10:36,796 - INFO - HTTP Request: POST http://localhost:8007/v1/chat/completions "HTTP/1.1 200 OK"
2026-08-18 03:10:39,631 - INFO - HTTP Request: POST http://localhost:8007/v1/chat/completions "HTTP/1.1 200 OK"

2026-08-18 03:10:46,157 - INFO - HTTP Request: POST http://localhost:8007/v1/chat/completions "HTTP/1.1 200 OK"

2026-08-18 03:10:48,985 - INFO - HTTP Request: POST http://localhost:8007/v1/chat/completions "HTTP/1.1 200 OK"

2026-08-18 03:10:57,015 - INFO - HTTP Request: POST http://localhost:8007/v1/chat/completions "HTTP/1.1 200 OK"
2026-08-18 03:11:08,691 - INFO - HTTP Request: POST http://localhost:8007/v1/chat/completions "HTTP/1.1 200 OK"
2026-08-18 03:11:11,310 - INFO - HTTP Request: POST http://localhost:8007/v1/chat/completions "HTTP/1.1 200 OK"

2026-08-18 03:11:15,441 - INFO - HTTP Request: POST http://localhost:8007/v1/chat/completions "HTTP/1.1 200 OK"
2026-08-18 03:11:18,923 - INFO - HTTP Request: POST http://localhost:8007/v1/chat/completions "HTTP/1.1 200 OK"
2026-08-18 03:11:21,622 - INFO - HTTP Request: POST http://localhost:8007/v1/chat/completions "HTTP/1.1 200 OK"

2026-08-18 03:11:29,239 - INFO - HTTP Request: POST http://localhost:8007/v1/chat/completions "HTTP/1.1 200 OK"

2026-08-18 03:11:31,415 - INFO - HTTP Request: POST http://localhost:8007/v1/chat/completions "HTTP/1.1 200 OK"

2026-08-18 03:11:40,972 - INFO - HTTP Request: POST http://localhost:8007/v1/chat/completions "HTTP/1.1 200 OK"
2026-08-18 03:11:41,997 - INFO - HTTP Request: POST http://localhost:8007/v1/chat/completions "HTTP/1.1 200 OK"
2026-08-18 03:11:49,835 - INFO - HTTP Request: POST http://localhost:8007/v1/chat/completions "HTTP/1.1 200 OK"
2026-08-18 03:11:55,070 - INFO - HTTP Request: POST http://localhost:8007/v1/chat/completions "HTTP/1.1 200 OK"

2026-08-18 03:11:56,813 - INFO - HTTP Request: POST http://localhost:8007/v1/chat/completions "HTTP/1.1 200 OK"

2026-08-18 03:12:00,953 - INFO - HTTP Request: POST http://localhost:8007/v1/chat/completions "HTTP/1.1 200 OK"

2026-08-18 03:12:05,296 - INFO - HTTP Request: POST http://localhost:8007/v1/chat/completions "HTTP/1.1 200 OK"
2026-08-18 03:12:17,118 - INFO - HTTP Request: POST http://localhost:8007/v1/chat/completions "HTTP/1.1 200 OK"

r4_cfg7:  90%|█████████ | 45/50 [1:09:55<10:08, 121.68s/it]2026-08-18 03:12:24,500 - INFO - HTTP Request: POST http://localhost:8007/v1/chat/completions "HTTP/1.1 200 OK"
2026-08-18 03:12:29,727 - INFO - HTTP Request: POST http://localhost:8007/v1/chat/completions "HTTP/1.1 200 OK"
2026-08-18 03:12:30,971 - INFO - HTTP Request: POST http://localhost:8007/v1/chat/completions "HTTP/1.1 200 OK"
2026-08-18 03:12:38,384 - INFO - HTTP Request: POST http://localhost:8007/v1/chat/completions "HTTP/1.1 200 OK"

2026-08-18 03:12:39,263 - INFO - HTTP Request: POST http://localhost:8007/v1/chat/completions "HTTP/1.1 200 OK"

r4_cfg7:  92%|█████████▏| 46/50 [1:10:18<06:07, 91.82s/it] 2026-08-18 03:12:39,915 - INFO - HTTP Request: POST http://localhost:8007/v1/chat/completions "HTTP/1.1 200 OK"
2026-08-18 03:12:42,629 - INFO - HTTP Request: POST http://localhost:8007/v1/chat/completions "HTTP/1.1 200 OK"

2026-08-18 03:12:50,892 - INFO - HTTP Request: POST http://localhost:8007/v1/chat/completions "HTTP/1.1 200 OK"

2026-08-18 03:13:01,528 - INFO - HTTP Request: POST http://localhost:8007/v1/chat/completions "HTTP/1.1 200 OK"
2026-08-18 03:13:11,837 - INFO - HTTP Request: POST http://localhost:8007/v1/chat/completions "HTTP/1.1 200 OK"
2026-08-18 03:13:12,585 - INFO - HTTP Request: POST http://localhost:8007/v1/chat/completions "HTTP/1.1 200 OK"

2026-08-18 03:13:15,688 - INFO - HTTP Request: POST http://localhost:8007/v1/chat/completions "HTTP/1.1 200 OK"
2026-08-18 03:13:17,870 - INFO - HTTP Request: POST http://localhost:8007/v1/chat/completions "HTTP/1.1 200 OK"
2026-08-18 03:13:24,561 - INFO - HTTP Request: POST http://localhost:8007/v1/chat/completions "HTTP/1.1 200 OK"

r4_cfg7:  94%|█████████▍| 47/50 [1:11:03<03:53, 77.86s/it]2026-08-18 03:13:28,910 - INFO - HTTP Request: POST http://localhost:8007/v1/chat/completions "HTTP/1.1 200 OK"

r4_cfg7:  96%|█████████▌| 48/50 [1:11:07<01:51, 55.81s/it]2026-08-18 03:13:30,862 - INFO - HTTP Request: POST http://localhost:8007/v1/chat/completions "HTTP/1.1 200 OK"

2026-08-18 03:13:39,131 - INFO - HTTP Request: POST http://localhost:8007/v1/chat/completions "HTTP/1.1 200 OK"
2026-08-18 03:13:51,635 - INFO - HTTP Request: POST http://localhost:8007/v1/chat/completions "HTTP/1.1 200 OK"

2026-08-18 03:13:53,837 - INFO - HTTP Request: POST http://localhost:8007/v1/chat/completions "HTTP/1.1 200 OK"
2026-08-18 03:14:04,877 - INFO - HTTP Request: POST http://localhost:8007/v1/chat/completions "HTTP/1.1 200 OK"

2026-08-18 03:14:15,737 - INFO - HTTP Request: POST http://localhost:8007/v1/chat/completions "HTTP/1.1 200 OK"
2026-08-18 03:14:27,371 - INFO - HTTP Request: POST http://localhost:8007/v1/chat/completions "HTTP/1.1 200 OK"

2026-08-18 03:14:28,491 - INFO - HTTP Request: POST http://localhost:8007/v1/chat/completions "HTTP/1.1 200 OK"
2026-08-18 03:14:40,776 - INFO - HTTP Request: POST http://localhost:8007/v1/chat/completions "HTTP/1.1 200 OK"

2026-08-18 03:14:51,210 - INFO - HTTP Request: POST http://localhost:8007/v1/chat/completions "HTTP/1.1 200 OK"
2026-08-18 03:15:00,137 - INFO - HTTP Request: POST http://localhost:8007/v1/chat/completions "HTTP/1.1 200 OK"
2026-08-18 03:15:03,371 - INFO - HTTP Request: POST http://localhost:8007/v1/chat/completions "HTTP/1.1 200 OK"

2026-08-18 03:15:15,346 - INFO - HTTP Request: POST http://localhost:8007/v1/chat/completions "HTTP/1.1 200 OK"

2026-08-18 03:15:22,744 - INFO - HTTP Request: POST http://localhost:8007/v1/chat/completions "HTTP/1.1 200 OK"
2026-08-18 03:15:35,460 - INFO - HTTP Request: POST http://localhost:8007/v1/chat/completions "HTTP/1.1 200 OK"

2026-08-18 03:15:43,723 - INFO - HTTP Request: POST http://localhost:8007/v1/chat/completions "HTTP/1.1 200 OK"
2026-08-18 03:15:57,747 - INFO - HTTP Request: POST http://localhost:8007/v1/chat/completions "HTTP/1.1 200 OK"

2026-08-18 03:16:03,850 - INFO - HTTP Request: POST http://localhost:8007/v1/chat/completions "HTTP/1.1 200 OK"
2026-08-18 03:16:17,659 - INFO - HTTP Request: POST http://localhost:8007/v1/chat/completions "HTTP/1.1 200 OK"
2026-08-18 03:16:19,810 - INFO - HTTP Request: POST http://localhost:8007/v1/chat/completions "HTTP/1.1 200 OK"

2026-08-18 03:16:28,094 - INFO - HTTP Request: POST http://localhost:8007/v1/chat/completions "HTTP/1.1 200 OK"

2026-08-18 03:16:39,396 - INFO - HTTP Request: POST http://localhost:8007/v1/chat/completions "HTTP/1.1 200 OK"
2026-08-18 03:16:55,388 - INFO - HTTP Request: POST http://localhost:8007/v1/chat/completions "HTTP/1.1 200 OK"

2026-08-18 03:16:56,942 - INFO - HTTP Request: POST http://localhost:8007/v1/chat/completions "HTTP/1.1 200 OK"
2026-08-18 03:17:10,383 - INFO - HTTP Request: POST http://localhost:8007/v1/chat/completions "HTTP/1.1 200 OK"

2026-08-18 03:17:24,288 - INFO - HTTP Request: POST http://localhost:8007/v1/chat/completions "HTTP/1.1 200 OK"
2026-08-18 03:17:33,329 - INFO - HTTP Request: POST http://localhost:8007/v1/chat/completions "HTTP/1.1 200 OK"

2026-08-18 03:17:42,463 - INFO - HTTP Request: POST http://localhost:8007/v1/chat/completions "HTTP/1.1 200 OK"
2026-08-18 03:17:55,686 - INFO - HTTP Request: POST http://localhost:8007/v1/chat/completions "HTTP/1.1 200 OK"

r4_cfg7:  98%|█████████▊| 49/50 [1:15:34<01:59, 119.10s/it]2026-08-18 03:17:57,633 - INFO - HTTP Request: POST http://localhost:8007/v1/chat/completions "HTTP/1.1 200 OK"
2026-08-18 03:18:00,101 - INFO - HTTP Request: POST http://localhost:8007/v1/chat/completions "HTTP/1.1 200 OK"

r4_cfg7: 100%|██████████| 50/50 [1:15:38<00:00, 84.69s/it] r4_cfg7: 100%|██████████| 50/50 [1:15:39<00:00, 90.78s/it]
  done in 4539.2s (valid 50/50, invalid {})

Scored 1 model/s.
Report:  /LAB/Swiss-Knife/tribunal/bayes_search_honesty/eval_results/round4/r4_cfg7/report/index.html
Tables:  /LAB/Swiss-Knife/tribunal/bayes_search_honesty/eval_results/round4/r4_cfg7/model_summary.csv, /LAB/Swiss-Knife/tribunal/bayes_search_honesty/eval_results/round4/r4_cfg7/summary.csv
