2026-08-17 23:44:54,464 - INFO - Judge client pointed at http://localhost:8002/v1
2026-08-17 23:44:57,734 - INFO - Loading Detoxify model (CPU)
2026-08-17 23:45:01,373 - INFO - HTTP Request: HEAD https://huggingface.co/bert-base-uncased/resolve/main/config.json "HTTP/1.1 200 OK"
Warning: You are sending unauthenticated requests to the HF Hub. Please set a HF_TOKEN to enable higher rate limits and faster downloads.
2026-08-17 23:45:01,374 - WARNING - Warning: You are sending unauthenticated requests to the HF Hub. Please set a HF_TOKEN to enable higher rate limits and faster downloads.
input:  /LAB/Swiss-Knife/tribunal/bayes_search_honesty/eval_results/round3/r3_cfg2/_tribunal_input_tmp (1 model file/s)
output: /LAB/Swiss-Knife/tribunal/bayes_search_honesty/eval_results/round3/r3_cfg2
judge:  Qwen/Qwen2.5-32B-Instruct @ http://localhost:8002/v1
detoxify cross-check: True
Loading weights:   0%|          | 0/201 [00:00<?, ?it/s]Loading weights: 100%|██████████| 201/201 [00:00<00:00, 23106.26it/s]
2026-08-17 23:45:01,702 - INFO - HTTP Request: HEAD https://huggingface.co/bert-base-uncased/resolve/main/tokenizer_config.json "HTTP/1.1 200 OK"
2026-08-17 23:45:01,911 - INFO - HTTP Request: GET https://huggingface.co/api/models/bert-base-uncased/tree/main/additional_chat_templates?recursive=false&expand=false "HTTP/1.1 307 Temporary Redirect"
2026-08-17 23:45:02,124 - INFO - HTTP Request: GET https://huggingface.co/api/models/google-bert/bert-base-uncased/tree/main/additional_chat_templates?recursive=false&expand=false "HTTP/1.1 404 Not Found"
2026-08-17 23:45:02,335 - INFO - HTTP Request: GET https://huggingface.co/api/models/bert-base-uncased/tree/main?recursive=true&expand=false "HTTP/1.1 307 Temporary Redirect"
2026-08-17 23:45:02,546 - INFO - HTTP Request: GET https://huggingface.co/api/models/google-bert/bert-base-uncased/tree/main?recursive=true&expand=false "HTTP/1.1 200 OK"

[1/1] r3_cfg2
  scoring 50 records (0 skipped or cached) [workers=4]
r3_cfg2:   0%|          | 0/50 [00:00<?, ?it/s]2026-08-17 23:45:24,570 - INFO - HTTP Request: POST http://localhost:8002/v1/chat/completions "HTTP/1.1 200 OK"
2026-08-17 23:45:24,777 - INFO - HTTP Request: POST http://localhost:8002/v1/chat/completions "HTTP/1.1 200 OK"
2026-08-17 23:45:24,783 - INFO - HTTP Request: POST http://localhost:8002/v1/chat/completions "HTTP/1.1 200 OK"
2026-08-17 23:45:25,334 - INFO - HTTP Request: POST http://localhost:8002/v1/chat/completions "HTTP/1.1 200 OK"
2026-08-17 23:45:34,930 - INFO - HTTP Request: POST http://localhost:8002/v1/chat/completions "HTTP/1.1 200 OK"

2026-08-17 23:45:36,304 - INFO - HTTP Request: POST http://localhost:8002/v1/chat/completions "HTTP/1.1 200 OK"

2026-08-17 23:45:37,827 - INFO - HTTP Request: POST http://localhost:8002/v1/chat/completions "HTTP/1.1 200 OK"

2026-08-17 23:45:40,002 - INFO - HTTP Request: POST http://localhost:8002/v1/chat/completions "HTTP/1.1 200 OK"

2026-08-17 23:46:01,038 - INFO - HTTP Request: POST http://localhost:8002/v1/chat/completions "HTTP/1.1 200 OK"
2026-08-17 23:46:02,856 - INFO - HTTP Request: POST http://localhost:8002/v1/chat/completions "HTTP/1.1 200 OK"
2026-08-17 23:46:04,477 - INFO - HTTP Request: POST http://localhost:8002/v1/chat/completions "HTTP/1.1 200 OK"
2026-08-17 23:46:07,241 - INFO - HTTP Request: POST http://localhost:8002/v1/chat/completions "HTTP/1.1 200 OK"
2026-08-17 23:46:13,935 - INFO - HTTP Request: POST http://localhost:8002/v1/chat/completions "HTTP/1.1 200 OK"

2026-08-17 23:46:15,948 - INFO - HTTP Request: POST http://localhost:8002/v1/chat/completions "HTTP/1.1 200 OK"

2026-08-17 23:46:16,166 - INFO - HTTP Request: POST http://localhost:8002/v1/chat/completions "HTTP/1.1 200 OK"

2026-08-17 23:46:23,124 - INFO - HTTP Request: POST http://localhost:8002/v1/chat/completions "HTTP/1.1 200 OK"

2026-08-17 23:46:37,232 - INFO - HTTP Request: POST http://localhost:8002/v1/chat/completions "HTTP/1.1 200 OK"
2026-08-17 23:46:40,792 - INFO - HTTP Request: POST http://localhost:8002/v1/chat/completions "HTTP/1.1 200 OK"
2026-08-17 23:46:41,010 - INFO - HTTP Request: POST http://localhost:8002/v1/chat/completions "HTTP/1.1 200 OK"
2026-08-17 23:46:48,618 - INFO - HTTP Request: POST http://localhost:8002/v1/chat/completions "HTTP/1.1 200 OK"
2026-08-17 23:46:52,262 - INFO - HTTP Request: POST http://localhost:8002/v1/chat/completions "HTTP/1.1 200 OK"

2026-08-17 23:46:53,621 - INFO - HTTP Request: POST http://localhost:8002/v1/chat/completions "HTTP/1.1 200 OK"

2026-08-17 23:46:54,937 - INFO - HTTP Request: POST http://localhost:8002/v1/chat/completions "HTTP/1.1 200 OK"

2026-08-17 23:47:02,333 - INFO - HTTP Request: POST http://localhost:8002/v1/chat/completions "HTTP/1.1 200 OK"

2026-08-17 23:47:16,232 - INFO - HTTP Request: POST http://localhost:8002/v1/chat/completions "HTTP/1.1 200 OK"
2026-08-17 23:47:17,981 - INFO - HTTP Request: POST http://localhost:8002/v1/chat/completions "HTTP/1.1 200 OK"
2026-08-17 23:47:19,075 - INFO - HTTP Request: POST http://localhost:8002/v1/chat/completions "HTTP/1.1 200 OK"
2026-08-17 23:47:27,568 - INFO - HTTP Request: POST http://localhost:8002/v1/chat/completions "HTTP/1.1 200 OK"
2026-08-17 23:47:30,184 - INFO - HTTP Request: POST http://localhost:8002/v1/chat/completions "HTTP/1.1 200 OK"

2026-08-17 23:47:31,544 - INFO - HTTP Request: POST http://localhost:8002/v1/chat/completions "HTTP/1.1 200 OK"

2026-08-17 23:47:32,208 - INFO - HTTP Request: POST http://localhost:8002/v1/chat/completions "HTTP/1.1 200 OK"

2026-08-17 23:47:40,251 - INFO - HTTP Request: POST http://localhost:8002/v1/chat/completions "HTTP/1.1 200 OK"

2026-08-17 23:47:49,591 - INFO - HTTP Request: POST http://localhost:8002/v1/chat/completions "HTTP/1.1 200 OK"
2026-08-17 23:47:51,774 - INFO - HTTP Request: POST http://localhost:8002/v1/chat/completions "HTTP/1.1 200 OK"
2026-08-17 23:47:51,992 - INFO - HTTP Request: POST http://localhost:8002/v1/chat/completions "HTTP/1.1 200 OK"
2026-08-17 23:48:00,305 - INFO - HTTP Request: POST http://localhost:8002/v1/chat/completions "HTTP/1.1 200 OK"

2026-08-17 23:48:01,244 - INFO - HTTP Request: POST http://localhost:8002/v1/chat/completions "HTTP/1.1 200 OK"
2026-08-17 23:48:02,926 - INFO - HTTP Request: POST http://localhost:8002/v1/chat/completions "HTTP/1.1 200 OK"

2026-08-17 23:48:03,363 - INFO - HTTP Request: POST http://localhost:8002/v1/chat/completions "HTTP/1.1 200 OK"

2026-08-17 23:48:14,670 - INFO - HTTP Request: POST http://localhost:8002/v1/chat/completions "HTTP/1.1 200 OK"

2026-08-17 23:48:29,433 - INFO - HTTP Request: POST http://localhost:8002/v1/chat/completions "HTTP/1.1 200 OK"
2026-08-17 23:48:32,052 - INFO - HTTP Request: POST http://localhost:8002/v1/chat/completions "HTTP/1.1 200 OK"
2026-08-17 23:48:32,755 - INFO - HTTP Request: POST http://localhost:8002/v1/chat/completions "HTTP/1.1 200 OK"
2026-08-17 23:48:39,776 - INFO - HTTP Request: POST http://localhost:8002/v1/chat/completions "HTTP/1.1 200 OK"

2026-08-17 23:48:44,202 - INFO - HTTP Request: POST http://localhost:8002/v1/chat/completions "HTTP/1.1 200 OK"

2026-08-17 23:48:44,419 - INFO - HTTP Request: POST http://localhost:8002/v1/chat/completions "HTTP/1.1 200 OK"
2026-08-17 23:48:46,480 - INFO - HTTP Request: POST http://localhost:8002/v1/chat/completions "HTTP/1.1 200 OK"

2026-08-17 23:48:58,650 - INFO - HTTP Request: POST http://localhost:8002/v1/chat/completions "HTTP/1.1 200 OK"

2026-08-17 23:49:00,170 - INFO - HTTP Request: POST http://localhost:8002/v1/chat/completions "HTTP/1.1 200 OK"
2026-08-17 23:49:05,038 - INFO - HTTP Request: POST http://localhost:8002/v1/chat/completions "HTTP/1.1 200 OK"
2026-08-17 23:49:07,223 - INFO - HTTP Request: POST http://localhost:8002/v1/chat/completions "HTTP/1.1 200 OK"
2026-08-17 23:49:14,948 - INFO - HTTP Request: POST http://localhost:8002/v1/chat/completions "HTTP/1.1 200 OK"

2026-08-17 23:49:19,875 - INFO - HTTP Request: POST http://localhost:8002/v1/chat/completions "HTTP/1.1 200 OK"
2026-08-17 23:49:21,991 - INFO - HTTP Request: POST http://localhost:8002/v1/chat/completions "HTTP/1.1 200 OK"

2026-08-17 23:49:23,519 - INFO - HTTP Request: POST http://localhost:8002/v1/chat/completions "HTTP/1.1 200 OK"

2026-08-17 23:49:34,828 - INFO - HTTP Request: POST http://localhost:8002/v1/chat/completions "HTTP/1.1 200 OK"

2026-08-17 23:49:44,600 - INFO - HTTP Request: POST http://localhost:8002/v1/chat/completions "HTTP/1.1 200 OK"
2026-08-17 23:49:51,653 - INFO - HTTP Request: POST http://localhost:8002/v1/chat/completions "HTTP/1.1 200 OK"
2026-08-17 23:49:53,404 - INFO - HTTP Request: POST http://localhost:8002/v1/chat/completions "HTTP/1.1 200 OK"
2026-08-17 23:49:57,642 - INFO - HTTP Request: POST http://localhost:8002/v1/chat/completions "HTTP/1.1 200 OK"

2026-08-17 23:50:03,651 - INFO - HTTP Request: POST http://localhost:8002/v1/chat/completions "HTTP/1.1 200 OK"

2026-08-17 23:50:05,182 - INFO - HTTP Request: POST http://localhost:8002/v1/chat/completions "HTTP/1.1 200 OK"
2026-08-17 23:50:06,643 - INFO - HTTP Request: POST http://localhost:8002/v1/chat/completions "HTTP/1.1 200 OK"

2026-08-17 23:50:21,872 - INFO - HTTP Request: POST http://localhost:8002/v1/chat/completions "HTTP/1.1 200 OK"

2026-08-17 23:50:30,787 - INFO - HTTP Request: POST http://localhost:8002/v1/chat/completions "HTTP/1.1 200 OK"
2026-08-17 23:50:37,190 - INFO - HTTP Request: POST http://localhost:8002/v1/chat/completions "HTTP/1.1 200 OK"
2026-08-17 23:50:40,463 - INFO - HTTP Request: POST http://localhost:8002/v1/chat/completions "HTTP/1.1 200 OK"
2026-08-17 23:50:42,656 - INFO - HTTP Request: POST http://localhost:8002/v1/chat/completions "HTTP/1.1 200 OK"

r3_cfg2:   2%|▏         | 1/50 [05:40<4:37:41, 340.03s/it]2026-08-17 23:50:54,195 - INFO - HTTP Request: POST http://localhost:8002/v1/chat/completions "HTTP/1.1 200 OK"

r3_cfg2:   4%|▍         | 2/50 [05:51<1:57:26, 146.80s/it]2026-08-17 23:50:55,065 - INFO - HTTP Request: POST http://localhost:8002/v1/chat/completions "HTTP/1.1 200 OK"

r3_cfg2:   6%|▌         | 3/50 [05:52<1:02:47, 80.17s/it] 2026-08-17 23:50:56,158 - INFO - HTTP Request: POST http://localhost:8002/v1/chat/completions "HTTP/1.1 200 OK"
2026-08-17 23:51:04,785 - INFO - HTTP Request: POST http://localhost:8002/v1/chat/completions "HTTP/1.1 200 OK"
2026-08-17 23:51:09,234 - INFO - HTTP Request: POST http://localhost:8002/v1/chat/completions "HTTP/1.1 200 OK"

r3_cfg2:   8%|▊         | 4/50 [06:06<41:29, 54.11s/it]  2026-08-17 23:51:16,838 - INFO - HTTP Request: POST http://localhost:8002/v1/chat/completions "HTTP/1.1 200 OK"
2026-08-17 23:51:18,080 - INFO - HTTP Request: POST http://localhost:8002/v1/chat/completions "HTTP/1.1 200 OK"
2026-08-17 23:51:19,828 - INFO - HTTP Request: POST http://localhost:8002/v1/chat/completions "HTTP/1.1 200 OK"

2026-08-17 23:51:30,055 - INFO - HTTP Request: POST http://localhost:8002/v1/chat/completions "HTTP/1.1 200 OK"

2026-08-17 23:51:30,489 - INFO - HTTP Request: POST http://localhost:8002/v1/chat/completions "HTTP/1.1 200 OK"

2026-08-17 23:51:31,795 - INFO - HTTP Request: POST http://localhost:8002/v1/chat/completions "HTTP/1.1 200 OK"
2026-08-17 23:51:45,369 - INFO - HTTP Request: POST http://localhost:8002/v1/chat/completions "HTTP/1.1 200 OK"

2026-08-17 23:51:46,240 - INFO - HTTP Request: POST http://localhost:8002/v1/chat/completions "HTTP/1.1 200 OK"
2026-08-17 23:51:56,772 - INFO - HTTP Request: POST http://localhost:8002/v1/chat/completions "HTTP/1.1 200 OK"
2026-08-17 23:51:57,506 - INFO - HTTP Request: POST http://localhost:8002/v1/chat/completions "HTTP/1.1 200 OK"
2026-08-17 23:52:01,943 - INFO - HTTP Request: POST http://localhost:8002/v1/chat/completions "HTTP/1.1 200 OK"

2026-08-17 23:52:09,125 - INFO - HTTP Request: POST http://localhost:8002/v1/chat/completions "HTTP/1.1 200 OK"

2026-08-17 23:52:09,560 - INFO - HTTP Request: POST http://localhost:8002/v1/chat/completions "HTTP/1.1 200 OK"

2026-08-17 23:52:12,385 - INFO - HTTP Request: POST http://localhost:8002/v1/chat/completions "HTTP/1.1 200 OK"
2026-08-17 23:52:22,537 - INFO - HTTP Request: POST http://localhost:8002/v1/chat/completions "HTTP/1.1 200 OK"

2026-08-17 23:52:26,662 - INFO - HTTP Request: POST http://localhost:8002/v1/chat/completions "HTTP/1.1 200 OK"
2026-08-17 23:52:34,152 - INFO - HTTP Request: POST http://localhost:8002/v1/chat/completions "HTTP/1.1 200 OK"
2026-08-17 23:52:34,587 - INFO - HTTP Request: POST http://localhost:8002/v1/chat/completions "HTTP/1.1 200 OK"
2026-08-17 23:52:38,448 - INFO - HTTP Request: POST http://localhost:8002/v1/chat/completions "HTTP/1.1 200 OK"

2026-08-17 23:52:47,815 - INFO - HTTP Request: POST http://localhost:8002/v1/chat/completions "HTTP/1.1 200 OK"
2026-08-17 23:52:48,551 - INFO - HTTP Request: POST http://localhost:8002/v1/chat/completions "HTTP/1.1 200 OK"

2026-08-17 23:52:49,668 - INFO - HTTP Request: POST http://localhost:8002/v1/chat/completions "HTTP/1.1 200 OK"

2026-08-17 23:53:00,325 - INFO - HTTP Request: POST http://localhost:8002/v1/chat/completions "HTTP/1.1 200 OK"

2026-08-17 23:53:02,938 - INFO - HTTP Request: POST http://localhost:8002/v1/chat/completions "HTTP/1.1 200 OK"
2026-08-17 23:53:13,097 - INFO - HTTP Request: POST http://localhost:8002/v1/chat/completions "HTTP/1.1 200 OK"
2026-08-17 23:53:14,555 - INFO - HTTP Request: POST http://localhost:8002/v1/chat/completions "HTTP/1.1 200 OK"
2026-08-17 23:53:16,302 - INFO - HTTP Request: POST http://localhost:8002/v1/chat/completions "HTTP/1.1 200 OK"

2026-08-17 23:53:25,450 - INFO - HTTP Request: POST http://localhost:8002/v1/chat/completions "HTTP/1.1 200 OK"
2026-08-17 23:53:26,423 - INFO - HTTP Request: POST http://localhost:8002/v1/chat/completions "HTTP/1.1 200 OK"

2026-08-17 23:53:27,301 - INFO - HTTP Request: POST http://localhost:8002/v1/chat/completions "HTTP/1.1 200 OK"

2026-08-17 23:53:36,434 - INFO - HTTP Request: POST http://localhost:8002/v1/chat/completions "HTTP/1.1 200 OK"
2026-08-17 23:53:39,579 - INFO - HTTP Request: POST http://localhost:8002/v1/chat/completions "HTTP/1.1 200 OK"

2026-08-17 23:53:46,109 - INFO - HTTP Request: POST http://localhost:8002/v1/chat/completions "HTTP/1.1 200 OK"
2026-08-17 23:53:47,138 - INFO - HTTP Request: POST http://localhost:8002/v1/chat/completions "HTTP/1.1 200 OK"

2026-08-17 23:53:47,791 - INFO - HTTP Request: POST http://localhost:8002/v1/chat/completions "HTTP/1.1 200 OK"
2026-08-17 23:53:57,153 - INFO - HTTP Request: POST http://localhost:8002/v1/chat/completions "HTTP/1.1 200 OK"

2026-08-17 23:53:57,371 - INFO - HTTP Request: POST http://localhost:8002/v1/chat/completions "HTTP/1.1 200 OK"

2026-08-17 23:53:59,978 - INFO - HTTP Request: POST http://localhost:8002/v1/chat/completions "HTTP/1.1 200 OK"
2026-08-17 23:54:13,555 - INFO - HTTP Request: POST http://localhost:8002/v1/chat/completions "HTTP/1.1 200 OK"

2026-08-17 23:54:16,379 - INFO - HTTP Request: POST http://localhost:8002/v1/chat/completions "HTTP/1.1 200 OK"
2026-08-17 23:54:26,475 - INFO - HTTP Request: POST http://localhost:8002/v1/chat/completions "HTTP/1.1 200 OK"
2026-08-17 23:54:26,692 - INFO - HTTP Request: POST http://localhost:8002/v1/chat/completions "HTTP/1.1 200 OK"
2026-08-17 23:54:31,201 - INFO - HTTP Request: POST http://localhost:8002/v1/chat/completions "HTTP/1.1 200 OK"

2026-08-17 23:54:38,384 - INFO - HTTP Request: POST http://localhost:8002/v1/chat/completions "HTTP/1.1 200 OK"

2026-08-17 23:54:39,257 - INFO - HTTP Request: POST http://localhost:8002/v1/chat/completions "HTTP/1.1 200 OK"

2026-08-17 23:54:43,165 - INFO - HTTP Request: POST http://localhost:8002/v1/chat/completions "HTTP/1.1 200 OK"
2026-08-17 23:54:51,526 - INFO - HTTP Request: POST http://localhost:8002/v1/chat/completions "HTTP/1.1 200 OK"
2026-08-17 23:54:57,720 - INFO - HTTP Request: POST http://localhost:8002/v1/chat/completions "HTTP/1.1 200 OK"

2026-08-17 23:54:59,027 - INFO - HTTP Request: POST http://localhost:8002/v1/chat/completions "HTTP/1.1 200 OK"
2026-08-17 23:55:00,271 - INFO - HTTP Request: POST http://localhost:8002/v1/chat/completions "HTTP/1.1 200 OK"
2026-08-17 23:55:05,726 - INFO - HTTP Request: POST http://localhost:8002/v1/chat/completions "HTTP/1.1 200 OK"

2026-08-17 23:55:12,911 - INFO - HTTP Request: POST http://localhost:8002/v1/chat/completions "HTTP/1.1 200 OK"

2026-08-17 23:55:16,609 - INFO - HTTP Request: POST http://localhost:8002/v1/chat/completions "HTTP/1.1 200 OK"

2026-08-17 23:55:18,348 - INFO - HTTP Request: POST http://localhost:8002/v1/chat/completions "HTTP/1.1 200 OK"
2026-08-17 23:55:31,716 - INFO - HTTP Request: POST http://localhost:8002/v1/chat/completions "HTTP/1.1 200 OK"

2026-08-17 23:55:35,193 - INFO - HTTP Request: POST http://localhost:8002/v1/chat/completions "HTTP/1.1 200 OK"
2026-08-17 23:55:42,687 - INFO - HTTP Request: POST http://localhost:8002/v1/chat/completions "HTTP/1.1 200 OK"
2026-08-17 23:55:46,325 - INFO - HTTP Request: POST http://localhost:8002/v1/chat/completions "HTTP/1.1 200 OK"

2026-08-17 23:55:46,760 - INFO - HTTP Request: POST http://localhost:8002/v1/chat/completions "HTTP/1.1 200 OK"
2026-08-17 23:55:59,403 - INFO - HTTP Request: POST http://localhost:8002/v1/chat/completions "HTTP/1.1 200 OK"

2026-08-17 23:56:00,282 - INFO - HTTP Request: POST http://localhost:8002/v1/chat/completions "HTTP/1.1 200 OK"

2026-08-17 23:56:01,811 - INFO - HTTP Request: POST http://localhost:8002/v1/chat/completions "HTTP/1.1 200 OK"
2026-08-17 23:56:14,958 - INFO - HTTP Request: POST http://localhost:8002/v1/chat/completions "HTTP/1.1 200 OK"

2026-08-17 23:56:19,959 - INFO - HTTP Request: POST http://localhost:8002/v1/chat/completions "HTTP/1.1 200 OK"
2026-08-17 23:56:32,672 - INFO - HTTP Request: POST http://localhost:8002/v1/chat/completions "HTTP/1.1 200 OK"
2026-08-17 23:56:33,702 - INFO - HTTP Request: POST http://localhost:8002/v1/chat/completions "HTTP/1.1 200 OK"
2026-08-17 23:56:35,602 - INFO - HTTP Request: POST http://localhost:8002/v1/chat/completions "HTTP/1.1 200 OK"

r3_cfg2:  10%|█         | 5/50 [11:32<1:54:13, 152.29s/it]2026-08-17 23:56:43,225 - INFO - HTTP Request: POST http://localhost:8002/v1/chat/completions "HTTP/1.1 200 OK"

r3_cfg2:  12%|█▏        | 6/50 [11:40<1:15:36, 103.10s/it]2026-08-17 23:56:47,359 - INFO - HTTP Request: POST http://localhost:8002/v1/chat/completions "HTTP/1.1 200 OK"

r3_cfg2:  14%|█▍        | 7/50 [11:44<50:42, 70.75s/it]   2026-08-17 23:56:48,663 - INFO - HTTP Request: POST http://localhost:8002/v1/chat/completions "HTTP/1.1 200 OK"
2026-08-17 23:56:57,676 - INFO - HTTP Request: POST http://localhost:8002/v1/chat/completions "HTTP/1.1 200 OK"
2026-08-17 23:57:00,422 - INFO - HTTP Request: POST http://localhost:8002/v1/chat/completions "HTTP/1.1 200 OK"

r3_cfg2:  16%|█▌        | 8/50 [11:57<36:40, 52.38s/it]2026-08-17 23:57:05,635 - INFO - HTTP Request: POST http://localhost:8002/v1/chat/completions "HTTP/1.1 200 OK"
2026-08-17 23:57:10,063 - INFO - HTTP Request: POST http://localhost:8002/v1/chat/completions "HTTP/1.1 200 OK"

2026-08-17 23:57:10,063 - INFO - HTTP Request: POST http://localhost:8002/v1/chat/completions "HTTP/1.1 200 OK"
2026-08-17 23:57:19,984 - INFO - HTTP Request: POST http://localhost:8002/v1/chat/completions "HTTP/1.1 200 OK"

2026-08-17 23:57:22,809 - INFO - HTTP Request: POST http://localhost:8002/v1/chat/completions "HTTP/1.1 200 OK"
2026-08-17 23:57:23,027 - INFO - HTTP Request: POST http://localhost:8002/v1/chat/completions "HTTP/1.1 200 OK"

2026-08-17 23:57:36,374 - INFO - HTTP Request: POST http://localhost:8002/v1/chat/completions "HTTP/1.1 200 OK"

2026-08-17 23:57:36,591 - INFO - HTTP Request: POST http://localhost:8002/v1/chat/completions "HTTP/1.1 200 OK"
2026-08-17 23:57:46,517 - INFO - HTTP Request: POST http://localhost:8002/v1/chat/completions "HTTP/1.1 200 OK"
2026-08-17 23:57:49,859 - INFO - HTTP Request: POST http://localhost:8002/v1/chat/completions "HTTP/1.1 200 OK"
2026-08-17 23:57:50,292 - INFO - HTTP Request: POST http://localhost:8002/v1/chat/completions "HTTP/1.1 200 OK"

2026-08-17 23:57:59,792 - INFO - HTTP Request: POST http://localhost:8002/v1/chat/completions "HTTP/1.1 200 OK"

2026-08-17 23:57:59,793 - INFO - HTTP Request: POST http://localhost:8002/v1/chat/completions "HTTP/1.1 200 OK"

2026-08-17 23:58:03,052 - INFO - HTTP Request: POST http://localhost:8002/v1/chat/completions "HTTP/1.1 200 OK"
2026-08-17 23:58:15,103 - INFO - HTTP Request: POST http://localhost:8002/v1/chat/completions "HTTP/1.1 200 OK"

2026-08-17 23:58:15,104 - INFO - HTTP Request: POST http://localhost:8002/v1/chat/completions "HTTP/1.1 200 OK"
2026-08-17 23:58:24,586 - INFO - HTTP Request: POST http://localhost:8002/v1/chat/completions "HTTP/1.1 200 OK"
2026-08-17 23:58:24,587 - INFO - HTTP Request: POST http://localhost:8002/v1/chat/completions "HTTP/1.1 200 OK"
2026-08-17 23:58:25,899 - INFO - HTTP Request: POST http://localhost:8002/v1/chat/completions "HTTP/1.1 200 OK"

2026-08-17 23:58:38,085 - INFO - HTTP Request: POST http://localhost:8002/v1/chat/completions "HTTP/1.1 200 OK"

2026-08-17 23:58:40,048 - INFO - HTTP Request: POST http://localhost:8002/v1/chat/completions "HTTP/1.1 200 OK"
2026-08-17 23:58:42,320 - INFO - HTTP Request: POST http://localhost:8002/v1/chat/completions "HTTP/1.1 200 OK"

2026-08-17 23:58:50,370 - INFO - HTTP Request: POST http://localhost:8002/v1/chat/completions "HTTP/1.1 200 OK"
2026-08-17 23:58:57,682 - INFO - HTTP Request: POST http://localhost:8002/v1/chat/completions "HTTP/1.1 200 OK"

2026-08-17 23:59:02,684 - INFO - HTTP Request: POST http://localhost:8002/v1/chat/completions "HTTP/1.1 200 OK"
2026-08-17 23:59:03,924 - INFO - HTTP Request: POST http://localhost:8002/v1/chat/completions "HTTP/1.1 200 OK"

2026-08-17 23:59:06,322 - INFO - HTTP Request: POST http://localhost:8002/v1/chat/completions "HTTP/1.1 200 OK"
2026-08-17 23:59:15,597 - INFO - HTTP Request: POST http://localhost:8002/v1/chat/completions "HTTP/1.1 200 OK"

2026-08-17 23:59:19,299 - INFO - HTTP Request: POST http://localhost:8002/v1/chat/completions "HTTP/1.1 200 OK"

2026-08-17 23:59:22,126 - INFO - HTTP Request: POST http://localhost:8002/v1/chat/completions "HTTP/1.1 200 OK"
2026-08-17 23:59:24,177 - INFO - HTTP Request: POST http://localhost:8002/v1/chat/completions "HTTP/1.1 200 OK"
2026-08-17 23:59:34,967 - INFO - HTTP Request: POST http://localhost:8002/v1/chat/completions "HTTP/1.1 200 OK"

2026-08-17 23:59:35,184 - INFO - HTTP Request: POST http://localhost:8002/v1/chat/completions "HTTP/1.1 200 OK"

2026-08-17 23:59:35,845 - INFO - HTTP Request: POST http://localhost:8002/v1/chat/completions "HTTP/1.1 200 OK"
2026-08-17 23:59:39,400 - INFO - HTTP Request: POST http://localhost:8002/v1/chat/completions "HTTP/1.1 200 OK"
2026-08-17 23:59:45,566 - INFO - HTTP Request: POST http://localhost:8002/v1/chat/completions "HTTP/1.1 200 OK"

2026-08-17 23:59:49,912 - INFO - HTTP Request: POST http://localhost:8002/v1/chat/completions "HTTP/1.1 200 OK"

2026-08-17 23:59:55,339 - INFO - HTTP Request: POST http://localhost:8002/v1/chat/completions "HTTP/1.1 200 OK"
2026-08-18 00:00:04,781 - INFO - HTTP Request: POST http://localhost:8002/v1/chat/completions "HTTP/1.1 200 OK"
2026-08-18 00:00:10,512 - INFO - HTTP Request: POST http://localhost:8002/v1/chat/completions "HTTP/1.1 200 OK"

2026-08-18 00:00:14,640 - INFO - HTTP Request: POST http://localhost:8002/v1/chat/completions "HTTP/1.1 200 OK"
2026-08-18 00:00:19,217 - INFO - HTTP Request: POST http://localhost:8002/v1/chat/completions "HTTP/1.1 200 OK"
2026-08-18 00:00:20,229 - INFO - HTTP Request: POST http://localhost:8002/v1/chat/completions "HTTP/1.1 200 OK"

2026-08-18 00:00:27,840 - INFO - HTTP Request: POST http://localhost:8002/v1/chat/completions "HTTP/1.1 200 OK"

2026-08-18 00:00:31,753 - INFO - HTTP Request: POST http://localhost:8002/v1/chat/completions "HTTP/1.1 200 OK"

2026-08-18 00:00:39,569 - INFO - HTTP Request: POST http://localhost:8002/v1/chat/completions "HTTP/1.1 200 OK"
2026-08-18 00:00:40,533 - INFO - HTTP Request: POST http://localhost:8002/v1/chat/completions "HTTP/1.1 200 OK"
2026-08-18 00:00:48,294 - INFO - HTTP Request: POST http://localhost:8002/v1/chat/completions "HTTP/1.1 200 OK"

2026-08-18 00:00:48,297 - INFO - HTTP Request: POST http://localhost:8002/v1/chat/completions "HTTP/1.1 200 OK"
2026-08-18 00:00:52,074 - INFO - HTTP Request: POST http://localhost:8002/v1/chat/completions "HTTP/1.1 200 OK"

2026-08-18 00:00:52,509 - INFO - HTTP Request: POST http://localhost:8002/v1/chat/completions "HTTP/1.1 200 OK"
2026-08-18 00:01:03,968 - INFO - HTTP Request: POST http://localhost:8002/v1/chat/completions "HTTP/1.1 200 OK"

2026-08-18 00:01:07,232 - INFO - HTTP Request: POST http://localhost:8002/v1/chat/completions "HTTP/1.1 200 OK"

2026-08-18 00:01:12,227 - INFO - HTTP Request: POST http://localhost:8002/v1/chat/completions "HTTP/1.1 200 OK"
2026-08-18 00:01:18,197 - INFO - HTTP Request: POST http://localhost:8002/v1/chat/completions "HTTP/1.1 200 OK"
2026-08-18 00:01:24,209 - INFO - HTTP Request: POST http://localhost:8002/v1/chat/completions "HTTP/1.1 200 OK"

2026-08-18 00:01:27,905 - INFO - HTTP Request: POST http://localhost:8002/v1/chat/completions "HTTP/1.1 200 OK"

2026-08-18 00:01:33,559 - INFO - HTTP Request: POST http://localhost:8002/v1/chat/completions "HTTP/1.1 200 OK"
2026-08-18 00:01:37,117 - INFO - HTTP Request: POST http://localhost:8002/v1/chat/completions "HTTP/1.1 200 OK"
2026-08-18 00:01:51,410 - INFO - HTTP Request: POST http://localhost:8002/v1/chat/completions "HTTP/1.1 200 OK"

2026-08-18 00:01:52,074 - INFO - HTTP Request: POST http://localhost:8002/v1/chat/completions "HTTP/1.1 200 OK"

2026-08-18 00:01:53,818 - INFO - HTTP Request: POST http://localhost:8002/v1/chat/completions "HTTP/1.1 200 OK"
2026-08-18 00:02:01,308 - INFO - HTTP Request: POST http://localhost:8002/v1/chat/completions "HTTP/1.1 200 OK"
2026-08-18 00:02:05,144 - INFO - HTTP Request: POST http://localhost:8002/v1/chat/completions "HTTP/1.1 200 OK"

2026-08-18 00:02:16,671 - INFO - HTTP Request: POST http://localhost:8002/v1/chat/completions "HTTP/1.1 200 OK"

r3_cfg2:  18%|█▊        | 9/50 [17:14<1:32:09, 134.87s/it]2026-08-18 00:02:24,272 - INFO - HTTP Request: POST http://localhost:8002/v1/chat/completions "HTTP/1.1 200 OK"
2026-08-18 00:02:25,437 - INFO - HTTP Request: POST http://localhost:8002/v1/chat/completions "HTTP/1.1 200 OK"
2026-08-18 00:02:36,466 - INFO - HTTP Request: POST http://localhost:8002/v1/chat/completions "HTTP/1.1 200 OK"

r3_cfg2:  20%|██        | 10/50 [17:33<1:06:13, 99.35s/it]2026-08-18 00:02:36,901 - INFO - HTTP Request: POST http://localhost:8002/v1/chat/completions "HTTP/1.1 200 OK"

r3_cfg2:  22%|██▏       | 11/50 [17:34<44:53, 69.07s/it]  2026-08-18 00:02:38,642 - INFO - HTTP Request: POST http://localhost:8002/v1/chat/completions "HTTP/1.1 200 OK"
2026-08-18 00:02:39,358 - INFO - HTTP Request: POST http://localhost:8002/v1/chat/completions "HTTP/1.1 200 OK"
2026-08-18 00:02:50,799 - INFO - HTTP Request: POST http://localhost:8002/v1/chat/completions "HTTP/1.1 200 OK"

2026-08-18 00:02:51,889 - INFO - HTTP Request: POST http://localhost:8002/v1/chat/completions "HTTP/1.1 200 OK"

r3_cfg2:  24%|██▍       | 12/50 [17:49<33:19, 52.62s/it]2026-08-18 00:02:58,613 - INFO - HTTP Request: POST http://localhost:8002/v1/chat/completions "HTTP/1.1 200 OK"
2026-08-18 00:02:59,700 - INFO - HTTP Request: POST http://localhost:8002/v1/chat/completions "HTTP/1.1 200 OK"
2026-08-18 00:03:11,986 - INFO - HTTP Request: POST http://localhost:8002/v1/chat/completions "HTTP/1.1 200 OK"

2026-08-18 00:03:12,860 - INFO - HTTP Request: POST http://localhost:8002/v1/chat/completions "HTTP/1.1 200 OK"

2026-08-18 00:03:14,161 - INFO - HTTP Request: POST http://localhost:8002/v1/chat/completions "HTTP/1.1 200 OK"
2026-08-18 00:03:17,493 - INFO - HTTP Request: POST http://localhost:8002/v1/chat/completions "HTTP/1.1 200 OK"
2026-08-18 00:03:24,766 - INFO - HTTP Request: POST http://localhost:8002/v1/chat/completions "HTTP/1.1 200 OK"

2026-08-18 00:03:30,418 - INFO - HTTP Request: POST http://localhost:8002/v1/chat/completions "HTTP/1.1 200 OK"

2026-08-18 00:03:38,449 - INFO - HTTP Request: POST http://localhost:8002/v1/chat/completions "HTTP/1.1 200 OK"
2026-08-18 00:03:39,537 - INFO - HTTP Request: POST http://localhost:8002/v1/chat/completions "HTTP/1.1 200 OK"
2026-08-18 00:03:51,390 - INFO - HTTP Request: POST http://localhost:8002/v1/chat/completions "HTTP/1.1 200 OK"
2026-08-18 00:03:51,825 - INFO - HTTP Request: POST http://localhost:8002/v1/chat/completions "HTTP/1.1 200 OK"

2026-08-18 00:03:52,618 - INFO - HTTP Request: POST http://localhost:8002/v1/chat/completions "HTTP/1.1 200 OK"

2026-08-18 00:03:55,443 - INFO - HTTP Request: POST http://localhost:8002/v1/chat/completions "HTTP/1.1 200 OK"
2026-08-18 00:04:01,194 - INFO - HTTP Request: POST http://localhost:8002/v1/chat/completions "HTTP/1.1 200 OK"

2026-08-18 00:04:06,846 - INFO - HTTP Request: POST http://localhost:8002/v1/chat/completions "HTTP/1.1 200 OK"

2026-08-18 00:04:16,619 - INFO - HTTP Request: POST http://localhost:8002/v1/chat/completions "HTTP/1.1 200 OK"
2026-08-18 00:04:17,496 - INFO - HTTP Request: POST http://localhost:8002/v1/chat/completions "HTTP/1.1 200 OK"
2026-08-18 00:04:26,130 - INFO - HTTP Request: POST http://localhost:8002/v1/chat/completions "HTTP/1.1 200 OK"
2026-08-18 00:04:31,056 - INFO - HTTP Request: POST http://localhost:8002/v1/chat/completions "HTTP/1.1 200 OK"

2026-08-18 00:04:31,719 - INFO - HTTP Request: POST http://localhost:8002/v1/chat/completions "HTTP/1.1 200 OK"
2026-08-18 00:04:32,901 - INFO - HTTP Request: POST http://localhost:8002/v1/chat/completions "HTTP/1.1 200 OK"

2026-08-18 00:04:40,085 - INFO - HTTP Request: POST http://localhost:8002/v1/chat/completions "HTTP/1.1 200 OK"

2026-08-18 00:04:43,789 - INFO - HTTP Request: POST http://localhost:8002/v1/chat/completions "HTTP/1.1 200 OK"

2026-08-18 00:04:55,300 - INFO - HTTP Request: POST http://localhost:8002/v1/chat/completions "HTTP/1.1 200 OK"
2026-08-18 00:04:56,703 - INFO - HTTP Request: POST http://localhost:8002/v1/chat/completions "HTTP/1.1 200 OK"
2026-08-18 00:05:04,111 - INFO - HTTP Request: POST http://localhost:8002/v1/chat/completions "HTTP/1.1 200 OK"
2026-08-18 00:05:04,112 - INFO - HTTP Request: POST http://localhost:8002/v1/chat/completions "HTTP/1.1 200 OK"
2026-08-18 00:05:08,473 - INFO - HTTP Request: POST http://localhost:8002/v1/chat/completions "HTTP/1.1 200 OK"

2026-08-18 00:05:09,571 - INFO - HTTP Request: POST http://localhost:8002/v1/chat/completions "HTTP/1.1 200 OK"

2026-08-18 00:05:16,321 - INFO - HTTP Request: POST http://localhost:8002/v1/chat/completions "HTTP/1.1 200 OK"

2026-08-18 00:05:19,155 - INFO - HTTP Request: POST http://localhost:8002/v1/chat/completions "HTTP/1.1 200 OK"

2026-08-18 00:05:28,271 - INFO - HTTP Request: POST http://localhost:8002/v1/chat/completions "HTTP/1.1 200 OK"
2026-08-18 00:05:29,726 - INFO - HTTP Request: POST http://localhost:8002/v1/chat/completions "HTTP/1.1 200 OK"
2026-08-18 00:05:36,694 - INFO - HTTP Request: POST http://localhost:8002/v1/chat/completions "HTTP/1.1 200 OK"
2026-08-18 00:05:40,093 - INFO - HTTP Request: POST http://localhost:8002/v1/chat/completions "HTTP/1.1 200 OK"

2026-08-18 00:05:42,055 - INFO - HTTP Request: POST http://localhost:8002/v1/chat/completions "HTTP/1.1 200 OK"

2026-08-18 00:05:47,485 - INFO - HTTP Request: POST http://localhost:8002/v1/chat/completions "HTTP/1.1 200 OK"

2026-08-18 00:05:48,571 - INFO - HTTP Request: POST http://localhost:8002/v1/chat/completions "HTTP/1.1 200 OK"
2026-08-18 00:06:02,576 - INFO - HTTP Request: POST http://localhost:8002/v1/chat/completions "HTTP/1.1 200 OK"

2026-08-18 00:06:09,089 - INFO - HTTP Request: POST http://localhost:8002/v1/chat/completions "HTTP/1.1 200 OK"
2026-08-18 00:06:11,262 - INFO - HTTP Request: POST http://localhost:8002/v1/chat/completions "HTTP/1.1 200 OK"
2026-08-18 00:06:17,020 - INFO - HTTP Request: POST http://localhost:8002/v1/chat/completions "HTTP/1.1 200 OK"
2026-08-18 00:06:21,452 - INFO - HTTP Request: POST http://localhost:8002/v1/chat/completions "HTTP/1.1 200 OK"

2026-08-18 00:06:23,195 - INFO - HTTP Request: POST http://localhost:8002/v1/chat/completions "HTTP/1.1 200 OK"
2026-08-18 00:06:25,471 - INFO - HTTP Request: POST http://localhost:8002/v1/chat/completions "HTTP/1.1 200 OK"

2026-08-18 00:06:30,262 - INFO - HTTP Request: POST http://localhost:8002/v1/chat/completions "HTTP/1.1 200 OK"

2026-08-18 00:06:40,042 - INFO - HTTP Request: POST http://localhost:8002/v1/chat/completions "HTTP/1.1 200 OK"

2026-08-18 00:06:41,779 - INFO - HTTP Request: POST http://localhost:8002/v1/chat/completions "HTTP/1.1 200 OK"
2026-08-18 00:06:45,698 - INFO - HTTP Request: POST http://localhost:8002/v1/chat/completions "HTTP/1.1 200 OK"
2026-08-18 00:06:50,856 - INFO - HTTP Request: POST http://localhost:8002/v1/chat/completions "HTTP/1.1 200 OK"
2026-08-18 00:06:55,129 - INFO - HTTP Request: POST http://localhost:8002/v1/chat/completions "HTTP/1.1 200 OK"

2026-08-18 00:06:59,702 - INFO - HTTP Request: POST http://localhost:8002/v1/chat/completions "HTTP/1.1 200 OK"

2026-08-18 00:07:02,312 - INFO - HTTP Request: POST http://localhost:8002/v1/chat/completions "HTTP/1.1 200 OK"

2026-08-18 00:07:09,912 - INFO - HTTP Request: POST http://localhost:8002/v1/chat/completions "HTTP/1.1 200 OK"
2026-08-18 00:07:23,059 - INFO - HTTP Request: POST http://localhost:8002/v1/chat/completions "HTTP/1.1 200 OK"

2026-08-18 00:07:24,588 - INFO - HTTP Request: POST http://localhost:8002/v1/chat/completions "HTTP/1.1 200 OK"
2026-08-18 00:07:29,376 - INFO - HTTP Request: POST http://localhost:8002/v1/chat/completions "HTTP/1.1 200 OK"
2026-08-18 00:07:32,356 - INFO - HTTP Request: POST http://localhost:8002/v1/chat/completions "HTTP/1.1 200 OK"
2026-08-18 00:07:38,808 - INFO - HTTP Request: POST http://localhost:8002/v1/chat/completions "HTTP/1.1 200 OK"

2026-08-18 00:07:44,040 - INFO - HTTP Request: POST http://localhost:8002/v1/chat/completions "HTTP/1.1 200 OK"

2026-08-18 00:07:45,790 - INFO - HTTP Request: POST http://localhost:8002/v1/chat/completions "HTTP/1.1 200 OK"

2026-08-18 00:07:56,433 - INFO - HTTP Request: POST http://localhost:8002/v1/chat/completions "HTTP/1.1 200 OK"
2026-08-18 00:08:11,100 - INFO - HTTP Request: POST http://localhost:8002/v1/chat/completions "HTTP/1.1 200 OK"

r3_cfg2:  26%|██▌       | 13/50 [23:08<1:22:15, 133.38s/it]2026-08-18 00:08:12,190 - INFO - HTTP Request: POST http://localhost:8002/v1/chat/completions "HTTP/1.1 200 OK"
2026-08-18 00:08:15,673 - INFO - HTTP Request: POST http://localhost:8002/v1/chat/completions "HTTP/1.1 200 OK"
2026-08-18 00:08:19,667 - INFO - HTTP Request: POST http://localhost:8002/v1/chat/completions "HTTP/1.1 200 OK"
2026-08-18 00:08:25,265 - INFO - HTTP Request: POST http://localhost:8002/v1/chat/completions "HTTP/1.1 200 OK"

r3_cfg2:  28%|██▊       | 14/50 [23:22<58:25, 97.37s/it]   2026-08-18 00:08:30,925 - INFO - HTTP Request: POST http://localhost:8002/v1/chat/completions "HTTP/1.1 200 OK"

r3_cfg2:  30%|███       | 15/50 [23:28<40:40, 69.73s/it]2026-08-18 00:08:33,970 - INFO - HTTP Request: POST http://localhost:8002/v1/chat/completions "HTTP/1.1 200 OK"
2026-08-18 00:08:35,158 - INFO - HTTP Request: POST http://localhost:8002/v1/chat/completions "HTTP/1.1 200 OK"

r3_cfg2:  32%|███▏      | 16/50 [23:32<28:20, 50.01s/it]2026-08-18 00:08:45,805 - INFO - HTTP Request: POST http://localhost:8002/v1/chat/completions "HTTP/1.1 200 OK"

2026-08-18 00:08:47,542 - INFO - HTTP Request: POST http://localhost:8002/v1/chat/completions "HTTP/1.1 200 OK"
2026-08-18 00:08:53,290 - INFO - HTTP Request: POST http://localhost:8002/v1/chat/completions "HTTP/1.1 200 OK"
2026-08-18 00:08:57,741 - INFO - HTTP Request: POST http://localhost:8002/v1/chat/completions "HTTP/1.1 200 OK"
2026-08-18 00:09:01,601 - INFO - HTTP Request: POST http://localhost:8002/v1/chat/completions "HTTP/1.1 200 OK"

2026-08-18 00:09:03,781 - INFO - HTTP Request: POST http://localhost:8002/v1/chat/completions "HTTP/1.1 200 OK"

2026-08-18 00:09:11,171 - INFO - HTTP Request: POST http://localhost:8002/v1/chat/completions "HTTP/1.1 200 OK"

2026-08-18 00:09:12,909 - INFO - HTTP Request: POST http://localhost:8002/v1/chat/completions "HTTP/1.1 200 OK"
2026-08-18 00:09:25,665 - INFO - HTTP Request: POST http://localhost:8002/v1/chat/completions "HTTP/1.1 200 OK"

2026-08-18 00:09:28,054 - INFO - HTTP Request: POST http://localhost:8002/v1/chat/completions "HTTP/1.1 200 OK"
2026-08-18 00:09:30,541 - INFO - HTTP Request: POST http://localhost:8002/v1/chat/completions "HTTP/1.1 200 OK"
2026-08-18 00:09:38,311 - INFO - HTTP Request: POST http://localhost:8002/v1/chat/completions "HTTP/1.1 200 OK"
2026-08-18 00:09:43,043 - INFO - HTTP Request: POST http://localhost:8002/v1/chat/completions "HTTP/1.1 200 OK"

2026-08-18 00:09:45,005 - INFO - HTTP Request: POST http://localhost:8002/v1/chat/completions "HTTP/1.1 200 OK"

2026-08-18 00:09:49,137 - INFO - HTTP Request: POST http://localhost:8002/v1/chat/completions "HTTP/1.1 200 OK"

2026-08-18 00:09:51,091 - INFO - HTTP Request: POST http://localhost:8002/v1/chat/completions "HTTP/1.1 200 OK"
2026-08-18 00:10:02,109 - INFO - HTTP Request: POST http://localhost:8002/v1/chat/completions "HTTP/1.1 200 OK"

2026-08-18 00:10:07,760 - INFO - HTTP Request: POST http://localhost:8002/v1/chat/completions "HTTP/1.1 200 OK"
2026-08-18 00:10:10,036 - INFO - HTTP Request: POST http://localhost:8002/v1/chat/completions "HTTP/1.1 200 OK"
2026-08-18 00:10:14,489 - INFO - HTTP Request: POST http://localhost:8002/v1/chat/completions "HTTP/1.1 200 OK"
2026-08-18 00:10:21,838 - INFO - HTTP Request: POST http://localhost:8002/v1/chat/completions "HTTP/1.1 200 OK"

2026-08-18 00:10:23,372 - INFO - HTTP Request: POST http://localhost:8002/v1/chat/completions "HTTP/1.1 200 OK"

2026-08-18 00:10:27,292 - INFO - HTTP Request: POST http://localhost:8002/v1/chat/completions "HTTP/1.1 200 OK"
2026-08-18 00:10:28,482 - INFO - HTTP Request: POST http://localhost:8002/v1/chat/completions "HTTP/1.1 200 OK"

2026-08-18 00:10:40,438 - INFO - HTTP Request: POST http://localhost:8002/v1/chat/completions "HTTP/1.1 200 OK"

2026-08-18 00:10:46,305 - INFO - HTTP Request: POST http://localhost:8002/v1/chat/completions "HTTP/1.1 200 OK"
2026-08-18 00:10:47,925 - INFO - HTTP Request: POST http://localhost:8002/v1/chat/completions "HTTP/1.1 200 OK"
2026-08-18 00:10:53,241 - INFO - HTTP Request: POST http://localhost:8002/v1/chat/completions "HTTP/1.1 200 OK"
2026-08-18 00:10:59,496 - INFO - HTTP Request: POST http://localhost:8002/v1/chat/completions "HTTP/1.1 200 OK"

2026-08-18 00:11:00,813 - INFO - HTTP Request: POST http://localhost:8002/v1/chat/completions "HTTP/1.1 200 OK"

2026-08-18 00:11:01,247 - INFO - HTTP Request: POST http://localhost:8002/v1/chat/completions "HTTP/1.1 200 OK"
2026-08-18 00:11:06,196 - INFO - HTTP Request: POST http://localhost:8002/v1/chat/completions "HTTP/1.1 200 OK"

2026-08-18 00:11:11,853 - INFO - HTTP Request: POST http://localhost:8002/v1/chat/completions "HTTP/1.1 200 OK"

2026-08-18 00:11:19,667 - INFO - HTTP Request: POST http://localhost:8002/v1/chat/completions "HTTP/1.1 200 OK"
2026-08-18 00:11:21,289 - INFO - HTTP Request: POST http://localhost:8002/v1/chat/completions "HTTP/1.1 200 OK"
2026-08-18 00:11:26,174 - INFO - HTTP Request: POST http://localhost:8002/v1/chat/completions "HTTP/1.1 200 OK"
2026-08-18 00:11:28,508 - INFO - HTTP Request: POST http://localhost:8002/v1/chat/completions "HTTP/1.1 200 OK"

2026-08-18 00:11:35,041 - INFO - HTTP Request: POST http://localhost:8002/v1/chat/completions "HTTP/1.1 200 OK"

2026-08-18 00:11:38,739 - INFO - HTTP Request: POST http://localhost:8002/v1/chat/completions "HTTP/1.1 200 OK"

2026-08-18 00:11:41,561 - INFO - HTTP Request: POST http://localhost:8002/v1/chat/completions "HTTP/1.1 200 OK"
2026-08-18 00:11:56,005 - INFO - HTTP Request: POST http://localhost:8002/v1/chat/completions "HTTP/1.1 200 OK"

2026-08-18 00:11:57,525 - INFO - HTTP Request: POST http://localhost:8002/v1/chat/completions "HTTP/1.1 200 OK"
2026-08-18 00:12:04,364 - INFO - HTTP Request: POST http://localhost:8002/v1/chat/completions "HTTP/1.1 200 OK"
2026-08-18 00:12:08,377 - INFO - HTTP Request: POST http://localhost:8002/v1/chat/completions "HTTP/1.1 200 OK"
2026-08-18 00:12:11,362 - INFO - HTTP Request: POST http://localhost:8002/v1/chat/completions "HTTP/1.1 200 OK"

2026-08-18 00:12:17,023 - INFO - HTTP Request: POST http://localhost:8002/v1/chat/completions "HTTP/1.1 200 OK"
2026-08-18 00:12:18,268 - INFO - HTTP Request: POST http://localhost:8002/v1/chat/completions "HTTP/1.1 200 OK"

2026-08-18 00:12:21,755 - INFO - HTTP Request: POST http://localhost:8002/v1/chat/completions "HTTP/1.1 200 OK"

2026-08-18 00:12:31,754 - INFO - HTTP Request: POST http://localhost:8002/v1/chat/completions "HTTP/1.1 200 OK"
2026-08-18 00:12:33,647 - INFO - HTTP Request: POST http://localhost:8002/v1/chat/completions "HTTP/1.1 200 OK"

2026-08-18 00:12:38,649 - INFO - HTTP Request: POST http://localhost:8002/v1/chat/completions "HTTP/1.1 200 OK"
2026-08-18 00:12:42,450 - INFO - HTTP Request: POST http://localhost:8002/v1/chat/completions "HTTP/1.1 200 OK"
2026-08-18 00:12:43,480 - INFO - HTTP Request: POST http://localhost:8002/v1/chat/completions "HTTP/1.1 200 OK"

2026-08-18 00:12:49,141 - INFO - HTTP Request: POST http://localhost:8002/v1/chat/completions "HTTP/1.1 200 OK"

2026-08-18 00:12:56,320 - INFO - HTTP Request: POST http://localhost:8002/v1/chat/completions "HTTP/1.1 200 OK"

2026-08-18 00:13:03,488 - INFO - HTTP Request: POST http://localhost:8002/v1/chat/completions "HTTP/1.1 200 OK"
2026-08-18 00:13:12,993 - INFO - HTTP Request: POST http://localhost:8002/v1/chat/completions "HTTP/1.1 200 OK"
2026-08-18 00:13:14,838 - INFO - HTTP Request: POST http://localhost:8002/v1/chat/completions "HTTP/1.1 200 OK"

2026-08-18 00:13:18,981 - INFO - HTTP Request: POST http://localhost:8002/v1/chat/completions "HTTP/1.1 200 OK"
2026-08-18 00:13:26,265 - INFO - HTTP Request: POST http://localhost:8002/v1/chat/completions "HTTP/1.1 200 OK"

2026-08-18 00:13:26,483 - INFO - HTTP Request: POST http://localhost:8002/v1/chat/completions "HTTP/1.1 200 OK"
2026-08-18 00:13:34,041 - INFO - HTTP Request: POST http://localhost:8002/v1/chat/completions "HTTP/1.1 200 OK"

2026-08-18 00:13:40,356 - INFO - HTTP Request: POST http://localhost:8002/v1/chat/completions "HTTP/1.1 200 OK"

2026-08-18 00:13:48,614 - INFO - HTTP Request: POST http://localhost:8002/v1/chat/completions "HTTP/1.1 200 OK"
2026-08-18 00:13:58,120 - INFO - HTTP Request: POST http://localhost:8002/v1/chat/completions "HTTP/1.1 200 OK"
2026-08-18 00:14:01,975 - INFO - HTTP Request: POST http://localhost:8002/v1/chat/completions "HTTP/1.1 200 OK"

r3_cfg2:  34%|███▍      | 17/50 [28:59<1:13:17, 133.25s/it]2026-08-18 00:14:07,849 - INFO - HTTP Request: POST http://localhost:8002/v1/chat/completions "HTTP/1.1 200 OK"
2026-08-18 00:14:11,220 - INFO - HTTP Request: POST http://localhost:8002/v1/chat/completions "HTTP/1.1 200 OK"

r3_cfg2:  36%|███▌      | 18/50 [29:08<51:11, 95.99s/it]   2026-08-18 00:14:14,481 - INFO - HTTP Request: POST http://localhost:8002/v1/chat/completions "HTTP/1.1 200 OK"
2026-08-18 00:14:21,169 - INFO - HTTP Request: POST http://localhost:8002/v1/chat/completions "HTTP/1.1 200 OK"

r3_cfg2:  38%|███▊      | 19/50 [29:18<36:14, 70.15s/it]2026-08-18 00:14:24,649 - INFO - HTTP Request: POST http://localhost:8002/v1/chat/completions "HTTP/1.1 200 OK"
2026-08-18 00:14:28,662 - INFO - HTTP Request: POST http://localhost:8002/v1/chat/completions "HTTP/1.1 200 OK"

r3_cfg2:  40%|████      | 20/50 [29:26<25:40, 51.33s/it]2026-08-18 00:14:33,660 - INFO - HTTP Request: POST http://localhost:8002/v1/chat/completions "HTTP/1.1 200 OK"
2026-08-18 00:14:40,718 - INFO - HTTP Request: POST http://localhost:8002/v1/chat/completions "HTTP/1.1 200 OK"

2026-08-18 00:14:43,763 - INFO - HTTP Request: POST http://localhost:8002/v1/chat/completions "HTTP/1.1 200 OK"
2026-08-18 00:14:47,183 - INFO - HTTP Request: POST http://localhost:8002/v1/chat/completions "HTTP/1.1 200 OK"

2026-08-18 00:14:51,314 - INFO - HTTP Request: POST http://localhost:8002/v1/chat/completions "HTTP/1.1 200 OK"
2026-08-18 00:15:01,260 - INFO - HTTP Request: POST http://localhost:8002/v1/chat/completions "HTTP/1.1 200 OK"

2026-08-18 00:15:04,957 - INFO - HTTP Request: POST http://localhost:8002/v1/chat/completions "HTTP/1.1 200 OK"

2026-08-18 00:15:07,562 - INFO - HTTP Request: POST http://localhost:8002/v1/chat/completions "HTTP/1.1 200 OK"
2026-08-18 00:15:13,961 - INFO - HTTP Request: POST http://localhost:8002/v1/chat/completions "HTTP/1.1 200 OK"
2026-08-18 00:15:25,596 - INFO - HTTP Request: POST http://localhost:8002/v1/chat/completions "HTTP/1.1 200 OK"

2026-08-18 00:15:27,989 - INFO - HTTP Request: POST http://localhost:8002/v1/chat/completions "HTTP/1.1 200 OK"
2026-08-18 00:15:30,104 - INFO - HTTP Request: POST http://localhost:8002/v1/chat/completions "HTTP/1.1 200 OK"

2026-08-18 00:15:32,063 - INFO - HTTP Request: POST http://localhost:8002/v1/chat/completions "HTTP/1.1 200 OK"
2026-08-18 00:15:42,444 - INFO - HTTP Request: POST http://localhost:8002/v1/chat/completions "HTTP/1.1 200 OK"

2026-08-18 00:15:43,100 - INFO - HTTP Request: POST http://localhost:8002/v1/chat/completions "HTTP/1.1 200 OK"

2026-08-18 00:15:50,695 - INFO - HTTP Request: POST http://localhost:8002/v1/chat/completions "HTTP/1.1 200 OK"
2026-08-18 00:15:55,141 - INFO - HTTP Request: POST http://localhost:8002/v1/chat/completions "HTTP/1.1 200 OK"
2026-08-18 00:16:07,426 - INFO - HTTP Request: POST http://localhost:8002/v1/chat/completions "HTTP/1.1 200 OK"
2026-08-18 00:16:08,455 - INFO - HTTP Request: POST http://localhost:8002/v1/chat/completions "HTTP/1.1 200 OK"
2026-08-18 00:16:09,202 - INFO - HTTP Request: POST http://localhost:8002/v1/chat/completions "HTTP/1.1 200 OK"

2026-08-18 00:16:13,195 - INFO - HTTP Request: POST http://localhost:8002/v1/chat/completions "HTTP/1.1 200 OK"

2026-08-18 00:16:21,909 - INFO - HTTP Request: POST http://localhost:8002/v1/chat/completions "HTTP/1.1 200 OK"

2026-08-18 00:16:24,092 - INFO - HTTP Request: POST http://localhost:8002/v1/chat/completions "HTTP/1.1 200 OK"

2026-08-18 00:16:33,429 - INFO - HTTP Request: POST http://localhost:8002/v1/chat/completions "HTTP/1.1 200 OK"
2026-08-18 00:16:37,719 - INFO - HTTP Request: POST http://localhost:8002/v1/chat/completions "HTTP/1.1 200 OK"
2026-08-18 00:16:46,298 - INFO - HTTP Request: POST http://localhost:8002/v1/chat/completions "HTTP/1.1 200 OK"

2026-08-18 00:16:46,516 - INFO - HTTP Request: POST http://localhost:8002/v1/chat/completions "HTTP/1.1 200 OK"
2026-08-18 00:16:49,289 - INFO - HTTP Request: POST http://localhost:8002/v1/chat/completions "HTTP/1.1 200 OK"
2026-08-18 00:16:50,966 - INFO - HTTP Request: POST http://localhost:8002/v1/chat/completions "HTTP/1.1 200 OK"

2026-08-18 00:16:59,464 - INFO - HTTP Request: POST http://localhost:8002/v1/chat/completions "HTTP/1.1 200 OK"

2026-08-18 00:17:01,864 - INFO - HTTP Request: POST http://localhost:8002/v1/chat/completions "HTTP/1.1 200 OK"

2026-08-18 00:17:06,858 - INFO - HTTP Request: POST http://localhost:8002/v1/chat/completions "HTTP/1.1 200 OK"
2026-08-18 00:17:11,087 - INFO - HTTP Request: POST http://localhost:8002/v1/chat/completions "HTTP/1.1 200 OK"
2026-08-18 00:17:19,888 - INFO - HTTP Request: POST http://localhost:8002/v1/chat/completions "HTTP/1.1 200 OK"
2026-08-18 00:17:20,638 - INFO - HTTP Request: POST http://localhost:8002/v1/chat/completions "HTTP/1.1 200 OK"

2026-08-18 00:17:22,659 - INFO - HTTP Request: POST http://localhost:8002/v1/chat/completions "HTTP/1.1 200 OK"
2026-08-18 00:17:24,337 - INFO - HTTP Request: POST http://localhost:8002/v1/chat/completions "HTTP/1.1 200 OK"

2026-08-18 00:17:32,828 - INFO - HTTP Request: POST http://localhost:8002/v1/chat/completions "HTTP/1.1 200 OK"

2026-08-18 00:17:36,310 - INFO - HTTP Request: POST http://localhost:8002/v1/chat/completions "HTTP/1.1 200 OK"

2026-08-18 00:17:49,767 - INFO - HTTP Request: POST http://localhost:8002/v1/chat/completions "HTTP/1.1 200 OK"
2026-08-18 00:17:53,340 - INFO - HTTP Request: POST http://localhost:8002/v1/chat/completions "HTTP/1.1 200 OK"
2026-08-18 00:18:02,139 - INFO - HTTP Request: POST http://localhost:8002/v1/chat/completions "HTTP/1.1 200 OK"
2026-08-18 00:18:04,421 - INFO - HTTP Request: POST http://localhost:8002/v1/chat/completions "HTTP/1.1 200 OK"

2026-08-18 00:18:05,948 - INFO - HTTP Request: POST http://localhost:8002/v1/chat/completions "HTTP/1.1 200 OK"
2026-08-18 00:18:08,060 - INFO - HTTP Request: POST http://localhost:8002/v1/chat/completions "HTTP/1.1 200 OK"

2026-08-18 00:18:16,770 - INFO - HTTP Request: POST http://localhost:8002/v1/chat/completions "HTTP/1.1 200 OK"

2026-08-18 00:18:19,816 - INFO - HTTP Request: POST http://localhost:8002/v1/chat/completions "HTTP/1.1 200 OK"

2026-08-18 00:18:24,809 - INFO - HTTP Request: POST http://localhost:8002/v1/chat/completions "HTTP/1.1 200 OK"
2026-08-18 00:18:28,385 - INFO - HTTP Request: POST http://localhost:8002/v1/chat/completions "HTTP/1.1 200 OK"
2026-08-18 00:18:37,408 - INFO - HTTP Request: POST http://localhost:8002/v1/chat/completions "HTTP/1.1 200 OK"
2026-08-18 00:18:39,740 - INFO - HTTP Request: POST http://localhost:8002/v1/chat/completions "HTTP/1.1 200 OK"

2026-08-18 00:18:40,833 - INFO - HTTP Request: POST http://localhost:8002/v1/chat/completions "HTTP/1.1 200 OK"
2026-08-18 00:18:42,951 - INFO - HTTP Request: POST http://localhost:8002/v1/chat/completions "HTTP/1.1 200 OK"

2026-08-18 00:18:53,185 - INFO - HTTP Request: POST http://localhost:8002/v1/chat/completions "HTTP/1.1 200 OK"

2026-08-18 00:19:02,104 - INFO - HTTP Request: POST http://localhost:8002/v1/chat/completions "HTTP/1.1 200 OK"

2026-08-18 00:19:09,270 - INFO - HTTP Request: POST http://localhost:8002/v1/chat/completions "HTTP/1.1 200 OK"
2026-08-18 00:19:12,413 - INFO - HTTP Request: POST http://localhost:8002/v1/chat/completions "HTTP/1.1 200 OK"
2026-08-18 00:19:22,313 - INFO - HTTP Request: POST http://localhost:8002/v1/chat/completions "HTTP/1.1 200 OK"

2026-08-18 00:19:22,978 - INFO - HTTP Request: POST http://localhost:8002/v1/chat/completions "HTTP/1.1 200 OK"
2026-08-18 00:19:25,742 - INFO - HTTP Request: POST http://localhost:8002/v1/chat/completions "HTTP/1.1 200 OK"

2026-08-18 00:19:32,277 - INFO - HTTP Request: POST http://localhost:8002/v1/chat/completions "HTTP/1.1 200 OK"
2026-08-18 00:19:34,609 - INFO - HTTP Request: POST http://localhost:8002/v1/chat/completions "HTTP/1.1 200 OK"

2026-08-18 00:19:44,402 - INFO - HTTP Request: POST http://localhost:8002/v1/chat/completions "HTTP/1.1 200 OK"

2026-08-18 00:19:56,132 - INFO - HTTP Request: POST http://localhost:8002/v1/chat/completions "HTTP/1.1 200 OK"
2026-08-18 00:19:57,536 - INFO - HTTP Request: POST http://localhost:8002/v1/chat/completions "HTTP/1.1 200 OK"
2026-08-18 00:20:08,308 - INFO - HTTP Request: POST http://localhost:8002/v1/chat/completions "HTTP/1.1 200 OK"
2026-08-18 00:20:08,527 - INFO - HTTP Request: POST http://localhost:8002/v1/chat/completions "HTTP/1.1 200 OK"

r3_cfg2:  42%|████▏     | 21/50 [35:05<1:06:40, 137.94s/it]2026-08-18 00:20:09,560 - INFO - HTTP Request: POST http://localhost:8002/v1/chat/completions "HTTP/1.1 200 OK"

r3_cfg2:  44%|████▍     | 22/50 [35:06<45:11, 96.85s/it]   2026-08-18 00:20:18,475 - INFO - HTTP Request: POST http://localhost:8002/v1/chat/completions "HTTP/1.1 200 OK"
2026-08-18 00:20:19,225 - INFO - HTTP Request: POST http://localhost:8002/v1/chat/completions "HTTP/1.1 200 OK"

r3_cfg2:  46%|████▌     | 23/50 [35:16<31:48, 70.69s/it]2026-08-18 00:20:30,803 - INFO - HTTP Request: POST http://localhost:8002/v1/chat/completions "HTTP/1.1 200 OK"
2026-08-18 00:20:31,988 - INFO - HTTP Request: POST http://localhost:8002/v1/chat/completions "HTTP/1.1 200 OK"
2026-08-18 00:20:35,177 - INFO - HTTP Request: POST http://localhost:8002/v1/chat/completions "HTTP/1.1 200 OK"

r3_cfg2:  48%|████▊     | 24/50 [35:32<23:30, 54.27s/it]2026-08-18 00:20:40,614 - INFO - HTTP Request: POST http://localhost:8002/v1/chat/completions "HTTP/1.1 200 OK"

2026-08-18 00:20:41,268 - INFO - HTTP Request: POST http://localhost:8002/v1/chat/completions "HTTP/1.1 200 OK"
2026-08-18 00:20:44,247 - INFO - HTTP Request: POST http://localhost:8002/v1/chat/completions "HTTP/1.1 200 OK"

2026-08-18 00:20:50,552 - INFO - HTTP Request: POST http://localhost:8002/v1/chat/completions "HTTP/1.1 200 OK"

2026-08-18 00:20:57,281 - INFO - HTTP Request: POST http://localhost:8002/v1/chat/completions "HTTP/1.1 200 OK"
2026-08-18 00:21:05,602 - INFO - HTTP Request: POST http://localhost:8002/v1/chat/completions "HTTP/1.1 200 OK"

2026-08-18 00:21:07,122 - INFO - HTTP Request: POST http://localhost:8002/v1/chat/completions "HTTP/1.1 200 OK"
2026-08-18 00:21:10,698 - INFO - HTTP Request: POST http://localhost:8002/v1/chat/completions "HTTP/1.1 200 OK"
2026-08-18 00:21:17,155 - INFO - HTTP Request: POST http://localhost:8002/v1/chat/completions "HTTP/1.1 200 OK"
2026-08-18 00:21:20,139 - INFO - HTTP Request: POST http://localhost:8002/v1/chat/completions "HTTP/1.1 200 OK"

2026-08-18 00:21:21,883 - INFO - HTTP Request: POST http://localhost:8002/v1/chat/completions "HTTP/1.1 200 OK"

2026-08-18 00:21:29,058 - INFO - HTTP Request: POST http://localhost:8002/v1/chat/completions "HTTP/1.1 200 OK"

2026-08-18 00:21:32,532 - INFO - HTTP Request: POST http://localhost:8002/v1/chat/completions "HTTP/1.1 200 OK"
2026-08-18 00:21:43,469 - INFO - HTTP Request: POST http://localhost:8002/v1/chat/completions "HTTP/1.1 200 OK"
2026-08-18 00:21:43,470 - INFO - HTTP Request: POST http://localhost:8002/v1/chat/completions "HTTP/1.1 200 OK"

2026-08-18 00:21:46,724 - INFO - HTTP Request: POST http://localhost:8002/v1/chat/completions "HTTP/1.1 200 OK"
2026-08-18 00:21:52,961 - INFO - HTTP Request: POST http://localhost:8002/v1/chat/completions "HTTP/1.1 200 OK"
2026-08-18 00:21:54,206 - INFO - HTTP Request: POST http://localhost:8002/v1/chat/completions "HTTP/1.1 200 OK"

2026-08-18 00:21:57,913 - INFO - HTTP Request: POST http://localhost:8002/v1/chat/completions "HTTP/1.1 200 OK"

2026-08-18 00:22:08,789 - INFO - HTTP Request: POST http://localhost:8002/v1/chat/completions "HTTP/1.1 200 OK"
2026-08-18 00:22:12,343 - INFO - HTTP Request: POST http://localhost:8002/v1/chat/completions "HTTP/1.1 200 OK"

2026-08-18 00:22:17,780 - INFO - HTTP Request: POST http://localhost:8002/v1/chat/completions "HTTP/1.1 200 OK"
2026-08-18 00:22:19,731 - INFO - HTTP Request: POST http://localhost:8002/v1/chat/completions "HTTP/1.1 200 OK"

2026-08-18 00:22:22,566 - INFO - HTTP Request: POST http://localhost:8002/v1/chat/completions "HTTP/1.1 200 OK"
2026-08-18 00:22:30,472 - INFO - HTTP Request: POST http://localhost:8002/v1/chat/completions "HTTP/1.1 200 OK"

2026-08-18 00:22:35,040 - INFO - HTTP Request: POST http://localhost:8002/v1/chat/completions "HTTP/1.1 200 OK"

2026-08-18 00:22:36,349 - INFO - HTTP Request: POST http://localhost:8002/v1/chat/completions "HTTP/1.1 200 OK"
2026-08-18 00:22:44,275 - INFO - HTTP Request: POST http://localhost:8002/v1/chat/completions "HTTP/1.1 200 OK"
2026-08-18 00:22:50,216 - INFO - HTTP Request: POST http://localhost:8002/v1/chat/completions "HTTP/1.1 200 OK"

2026-08-18 00:22:50,652 - INFO - HTTP Request: POST http://localhost:8002/v1/chat/completions "HTTP/1.1 200 OK"
2026-08-18 00:22:55,544 - INFO - HTTP Request: POST http://localhost:8002/v1/chat/completions "HTTP/1.1 200 OK"
2026-08-18 00:22:56,999 - INFO - HTTP Request: POST http://localhost:8002/v1/chat/completions "HTTP/1.1 200 OK"

2026-08-18 00:23:04,180 - INFO - HTTP Request: POST http://localhost:8002/v1/chat/completions "HTTP/1.1 200 OK"

2026-08-18 00:23:05,919 - INFO - HTTP Request: POST http://localhost:8002/v1/chat/completions "HTTP/1.1 200 OK"

2026-08-18 00:23:10,478 - INFO - HTTP Request: POST http://localhost:8002/v1/chat/completions "HTTP/1.1 200 OK"
2026-08-18 00:23:17,151 - INFO - HTTP Request: POST http://localhost:8002/v1/chat/completions "HTTP/1.1 200 OK"
2026-08-18 00:23:21,352 - INFO - HTTP Request: POST http://localhost:8002/v1/chat/completions "HTTP/1.1 200 OK"

2026-08-18 00:23:28,736 - INFO - HTTP Request: POST http://localhost:8002/v1/chat/completions "HTTP/1.1 200 OK"

2026-08-18 00:23:33,295 - INFO - HTTP Request: POST http://localhost:8002/v1/chat/completions "HTTP/1.1 200 OK"
2026-08-18 00:23:35,346 - INFO - HTTP Request: POST http://localhost:8002/v1/chat/completions "HTTP/1.1 200 OK"
2026-08-18 00:23:44,555 - INFO - HTTP Request: POST http://localhost:8002/v1/chat/completions "HTTP/1.1 200 OK"

2026-08-18 00:23:46,081 - INFO - HTTP Request: POST http://localhost:8002/v1/chat/completions "HTTP/1.1 200 OK"

2026-08-18 00:23:50,423 - INFO - HTTP Request: POST http://localhost:8002/v1/chat/completions "HTTP/1.1 200 OK"
2026-08-18 00:23:58,134 - INFO - HTTP Request: POST http://localhost:8002/v1/chat/completions "HTTP/1.1 200 OK"
2026-08-18 00:24:02,990 - INFO - HTTP Request: POST http://localhost:8002/v1/chat/completions "HTTP/1.1 200 OK"

2026-08-18 00:24:04,946 - INFO - HTTP Request: POST http://localhost:8002/v1/chat/completions "HTTP/1.1 200 OK"
2026-08-18 00:24:06,617 - INFO - HTTP Request: POST http://localhost:8002/v1/chat/completions "HTTP/1.1 200 OK"
2026-08-18 00:24:11,284 - INFO - HTTP Request: POST http://localhost:8002/v1/chat/completions "HTTP/1.1 200 OK"

2026-08-18 00:24:18,900 - INFO - HTTP Request: POST http://localhost:8002/v1/chat/completions "HTTP/1.1 200 OK"

2026-08-18 00:24:21,294 - INFO - HTTP Request: POST http://localhost:8002/v1/chat/completions "HTTP/1.1 200 OK"

2026-08-18 00:24:23,467 - INFO - HTTP Request: POST http://localhost:8002/v1/chat/completions "HTTP/1.1 200 OK"
2026-08-18 00:24:31,665 - INFO - HTTP Request: POST http://localhost:8002/v1/chat/completions "HTTP/1.1 200 OK"
2026-08-18 00:24:42,404 - INFO - HTTP Request: POST http://localhost:8002/v1/chat/completions "HTTP/1.1 200 OK"

2026-08-18 00:24:44,796 - INFO - HTTP Request: POST http://localhost:8002/v1/chat/completions "HTTP/1.1 200 OK"

2026-08-18 00:24:48,490 - INFO - HTTP Request: POST http://localhost:8002/v1/chat/completions "HTTP/1.1 200 OK"
2026-08-18 00:24:51,028 - INFO - HTTP Request: POST http://localhost:8002/v1/chat/completions "HTTP/1.1 200 OK"
2026-08-18 00:25:00,043 - INFO - HTTP Request: POST http://localhost:8002/v1/chat/completions "HTTP/1.1 200 OK"

2026-08-18 00:25:06,576 - INFO - HTTP Request: POST http://localhost:8002/v1/chat/completions "HTTP/1.1 200 OK"

2026-08-18 00:25:12,012 - INFO - HTTP Request: POST http://localhost:8002/v1/chat/completions "HTTP/1.1 200 OK"
2026-08-18 00:25:14,777 - INFO - HTTP Request: POST http://localhost:8002/v1/chat/completions "HTTP/1.1 200 OK"
2026-08-18 00:25:25,516 - INFO - HTTP Request: POST http://localhost:8002/v1/chat/completions "HTTP/1.1 200 OK"

2026-08-18 00:25:30,088 - INFO - HTTP Request: POST http://localhost:8002/v1/chat/completions "HTTP/1.1 200 OK"

2026-08-18 00:25:33,569 - INFO - HTTP Request: POST http://localhost:8002/v1/chat/completions "HTTP/1.1 200 OK"
2026-08-18 00:25:40,239 - INFO - HTTP Request: POST http://localhost:8002/v1/chat/completions "HTTP/1.1 200 OK"
2026-08-18 00:25:43,165 - INFO - HTTP Request: POST http://localhost:8002/v1/chat/completions "HTTP/1.1 200 OK"

r3_cfg2:  50%|█████     | 25/50 [40:40<54:19, 130.39s/it]2026-08-18 00:25:55,343 - INFO - HTTP Request: POST http://localhost:8002/v1/chat/completions "HTTP/1.1 200 OK"

r3_cfg2:  52%|█████▏    | 26/50 [40:52<37:58, 94.93s/it] 2026-08-18 00:25:58,604 - INFO - HTTP Request: POST http://localhost:8002/v1/chat/completions "HTTP/1.1 200 OK"
2026-08-18 00:26:03,686 - INFO - HTTP Request: POST http://localhost:8002/v1/chat/completions "HTTP/1.1 200 OK"
2026-08-18 00:26:05,499 - INFO - HTTP Request: POST http://localhost:8002/v1/chat/completions "HTTP/1.1 200 OK"
2026-08-18 00:26:12,131 - INFO - HTTP Request: POST http://localhost:8002/v1/chat/completions "HTTP/1.1 200 OK"

r3_cfg2:  54%|█████▍    | 27/50 [41:09<27:24, 71.48s/it]2026-08-18 00:26:14,310 - INFO - HTTP Request: POST http://localhost:8002/v1/chat/completions "HTTP/1.1 200 OK"

r3_cfg2:  56%|█████▌    | 28/50 [41:11<18:35, 50.69s/it]2026-08-18 00:26:18,006 - INFO - HTTP Request: POST http://localhost:8002/v1/chat/completions "HTTP/1.1 200 OK"

2026-08-18 00:26:18,223 - INFO - HTTP Request: POST http://localhost:8002/v1/chat/completions "HTTP/1.1 200 OK"
2026-08-18 00:26:31,794 - INFO - HTTP Request: POST http://localhost:8002/v1/chat/completions "HTTP/1.1 200 OK"

2026-08-18 00:26:34,616 - INFO - HTTP Request: POST http://localhost:8002/v1/chat/completions "HTTP/1.1 200 OK"
2026-08-18 00:26:36,891 - INFO - HTTP Request: POST http://localhost:8002/v1/chat/completions "HTTP/1.1 200 OK"
2026-08-18 00:26:45,095 - INFO - HTTP Request: POST http://localhost:8002/v1/chat/completions "HTTP/1.1 200 OK"
2026-08-18 00:26:47,862 - INFO - HTTP Request: POST http://localhost:8002/v1/chat/completions "HTTP/1.1 200 OK"

2026-08-18 00:26:51,129 - INFO - HTTP Request: POST http://localhost:8002/v1/chat/completions "HTTP/1.1 200 OK"

2026-08-18 00:26:58,956 - INFO - HTTP Request: POST http://localhost:8002/v1/chat/completions "HTTP/1.1 200 OK"
2026-08-18 00:27:01,666 - INFO - HTTP Request: POST http://localhost:8002/v1/chat/completions "HTTP/1.1 200 OK"

2026-08-18 00:27:12,539 - INFO - HTTP Request: POST http://localhost:8002/v1/chat/completions "HTTP/1.1 200 OK"

2026-08-18 00:27:14,277 - INFO - HTTP Request: POST http://localhost:8002/v1/chat/completions "HTTP/1.1 200 OK"
2026-08-18 00:27:17,907 - INFO - HTTP Request: POST http://localhost:8002/v1/chat/completions "HTTP/1.1 200 OK"
2026-08-18 00:27:26,768 - INFO - HTTP Request: POST http://localhost:8002/v1/chat/completions "HTTP/1.1 200 OK"
2026-08-18 00:27:28,831 - INFO - HTTP Request: POST http://localhost:8002/v1/chat/completions "HTTP/1.1 200 OK"

2026-08-18 00:27:31,447 - INFO - HTTP Request: POST http://localhost:8002/v1/chat/completions "HTTP/1.1 200 OK"

2026-08-18 00:27:37,968 - INFO - HTTP Request: POST http://localhost:8002/v1/chat/completions "HTTP/1.1 200 OK"
2026-08-18 00:27:41,765 - INFO - HTTP Request: POST http://localhost:8002/v1/chat/completions "HTTP/1.1 200 OK"

2026-08-18 00:27:51,336 - INFO - HTTP Request: POST http://localhost:8002/v1/chat/completions "HTTP/1.1 200 OK"

2026-08-18 00:27:53,514 - INFO - HTTP Request: POST http://localhost:8002/v1/chat/completions "HTTP/1.1 200 OK"
2026-08-18 00:27:56,444 - INFO - HTTP Request: POST http://localhost:8002/v1/chat/completions "HTTP/1.1 200 OK"
2026-08-18 00:28:06,609 - INFO - HTTP Request: POST http://localhost:8002/v1/chat/completions "HTTP/1.1 200 OK"
2026-08-18 00:28:08,731 - INFO - HTTP Request: POST http://localhost:8002/v1/chat/completions "HTTP/1.1 200 OK"

2026-08-18 00:28:10,265 - INFO - HTTP Request: POST http://localhost:8002/v1/chat/completions "HTTP/1.1 200 OK"

2026-08-18 00:28:16,357 - INFO - HTTP Request: POST http://localhost:8002/v1/chat/completions "HTTP/1.1 200 OK"
2026-08-18 00:28:20,586 - INFO - HTTP Request: POST http://localhost:8002/v1/chat/completions "HTTP/1.1 200 OK"

2026-08-18 00:28:29,504 - INFO - HTTP Request: POST http://localhost:8002/v1/chat/completions "HTTP/1.1 200 OK"

2026-08-18 00:28:33,202 - INFO - HTTP Request: POST http://localhost:8002/v1/chat/completions "HTTP/1.1 200 OK"
2026-08-18 00:28:34,876 - INFO - HTTP Request: POST http://localhost:8002/v1/chat/completions "HTTP/1.1 200 OK"
2026-08-18 00:28:41,067 - INFO - HTTP Request: POST http://localhost:8002/v1/chat/completions "HTTP/1.1 200 OK"
2026-08-18 00:28:46,179 - INFO - HTTP Request: POST http://localhost:8002/v1/chat/completions "HTTP/1.1 200 OK"

2026-08-18 00:28:47,714 - INFO - HTTP Request: POST http://localhost:8002/v1/chat/completions "HTTP/1.1 200 OK"

2026-08-18 00:28:49,895 - INFO - HTTP Request: POST http://localhost:8002/v1/chat/completions "HTTP/1.1 200 OK"
2026-08-18 00:28:54,239 - INFO - HTTP Request: POST http://localhost:8002/v1/chat/completions "HTTP/1.1 200 OK"

2026-08-18 00:29:05,763 - INFO - HTTP Request: POST http://localhost:8002/v1/chat/completions "HTTP/1.1 200 OK"

2026-08-18 00:29:06,416 - INFO - HTTP Request: POST http://localhost:8002/v1/chat/completions "HTTP/1.1 200 OK"
2026-08-18 00:29:08,309 - INFO - HTTP Request: POST http://localhost:8002/v1/chat/completions "HTTP/1.1 200 OK"
2026-08-18 00:29:16,460 - INFO - HTTP Request: POST http://localhost:8002/v1/chat/completions "HTTP/1.1 200 OK"

2026-08-18 00:29:17,767 - INFO - HTTP Request: POST http://localhost:8002/v1/chat/completions "HTTP/1.1 200 OK"

2026-08-18 00:29:23,628 - INFO - HTTP Request: POST http://localhost:8002/v1/chat/completions "HTTP/1.1 200 OK"
2026-08-18 00:29:35,463 - INFO - HTTP Request: POST http://localhost:8002/v1/chat/completions "HTTP/1.1 200 OK"
2026-08-18 00:29:35,680 - INFO - HTTP Request: POST http://localhost:8002/v1/chat/completions "HTTP/1.1 200 OK"

2026-08-18 00:29:45,773 - INFO - HTTP Request: POST http://localhost:8002/v1/chat/completions "HTTP/1.1 200 OK"
2026-08-18 00:29:47,397 - INFO - HTTP Request: POST http://localhost:8002/v1/chat/completions "HTTP/1.1 200 OK"
2026-08-18 00:29:50,601 - INFO - HTTP Request: POST http://localhost:8002/v1/chat/completions "HTTP/1.1 200 OK"

2026-08-18 00:29:56,699 - INFO - HTTP Request: POST http://localhost:8002/v1/chat/completions "HTTP/1.1 200 OK"
2026-08-18 00:30:01,162 - INFO - HTTP Request: POST http://localhost:8002/v1/chat/completions "HTTP/1.1 200 OK"

2026-08-18 00:30:01,820 - INFO - HTTP Request: POST http://localhost:8002/v1/chat/completions "HTTP/1.1 200 OK"

2026-08-18 00:30:10,952 - INFO - HTTP Request: POST http://localhost:8002/v1/chat/completions "HTTP/1.1 200 OK"
2026-08-18 00:30:12,358 - INFO - HTTP Request: POST http://localhost:8002/v1/chat/completions "HTTP/1.1 200 OK"

2026-08-18 00:30:21,493 - INFO - HTTP Request: POST http://localhost:8002/v1/chat/completions "HTTP/1.1 200 OK"
2026-08-18 00:30:22,518 - INFO - HTTP Request: POST http://localhost:8002/v1/chat/completions "HTTP/1.1 200 OK"
2026-08-18 00:30:28,338 - INFO - HTTP Request: POST http://localhost:8002/v1/chat/completions "HTTP/1.1 200 OK"

2026-08-18 00:30:31,172 - INFO - HTTP Request: POST http://localhost:8002/v1/chat/completions "HTTP/1.1 200 OK"

2026-08-18 00:30:36,176 - INFO - HTTP Request: POST http://localhost:8002/v1/chat/completions "HTTP/1.1 200 OK"

2026-08-18 00:30:42,257 - INFO - HTTP Request: POST http://localhost:8002/v1/chat/completions "HTTP/1.1 200 OK"
2026-08-18 00:30:57,801 - INFO - HTTP Request: POST http://localhost:8002/v1/chat/completions "HTTP/1.1 200 OK"
2026-08-18 00:30:59,206 - INFO - HTTP Request: POST http://localhost:8002/v1/chat/completions "HTTP/1.1 200 OK"

2026-08-18 00:31:00,957 - INFO - HTTP Request: POST http://localhost:8002/v1/chat/completions "HTTP/1.1 200 OK"
2026-08-18 00:31:06,339 - INFO - HTTP Request: POST http://localhost:8002/v1/chat/completions "HTTP/1.1 200 OK"
2026-08-18 00:31:09,713 - INFO - HTTP Request: POST http://localhost:8002/v1/chat/completions "HTTP/1.1 200 OK"

2026-08-18 00:31:13,208 - INFO - HTTP Request: POST http://localhost:8002/v1/chat/completions "HTTP/1.1 200 OK"

2026-08-18 00:31:19,088 - INFO - HTTP Request: POST http://localhost:8002/v1/chat/completions "HTTP/1.1 200 OK"

2026-08-18 00:31:32,990 - INFO - HTTP Request: POST http://localhost:8002/v1/chat/completions "HTTP/1.1 200 OK"
2026-08-18 00:31:42,662 - INFO - HTTP Request: POST http://localhost:8002/v1/chat/completions "HTTP/1.1 200 OK"
2026-08-18 00:31:46,245 - INFO - HTTP Request: POST http://localhost:8002/v1/chat/completions "HTTP/1.1 200 OK"
2026-08-18 00:31:49,384 - INFO - HTTP Request: POST http://localhost:8002/v1/chat/completions "HTTP/1.1 200 OK"

r3_cfg2:  58%|█████▊    | 29/50 [46:46<47:36, 136.01s/it]2026-08-18 00:31:53,311 - INFO - HTTP Request: POST http://localhost:8002/v1/chat/completions "HTTP/1.1 200 OK"
2026-08-18 00:31:56,683 - INFO - HTTP Request: POST http://localhost:8002/v1/chat/completions "HTTP/1.1 200 OK"

r3_cfg2:  60%|██████    | 30/50 [46:54<32:27, 97.39s/it] 2026-08-18 00:32:01,042 - INFO - HTTP Request: POST http://localhost:8002/v1/chat/completions "HTTP/1.1 200 OK"

r3_cfg2:  62%|██████▏   | 31/50 [46:58<22:00, 69.48s/it]2026-08-18 00:32:08,216 - INFO - HTTP Request: POST http://localhost:8002/v1/chat/completions "HTTP/1.1 200 OK"

r3_cfg2:  64%|██████▍   | 32/50 [47:05<15:14, 50.79s/it]2026-08-18 00:32:11,689 - INFO - HTTP Request: POST http://localhost:8002/v1/chat/completions "HTTP/1.1 200 OK"
2026-08-18 00:32:18,961 - INFO - HTTP Request: POST http://localhost:8002/v1/chat/completions "HTTP/1.1 200 OK"
2026-08-18 00:32:23,416 - INFO - HTTP Request: POST http://localhost:8002/v1/chat/completions "HTTP/1.1 200 OK"
2026-08-18 00:32:26,128 - INFO - HTTP Request: POST http://localhost:8002/v1/chat/completions "HTTP/1.1 200 OK"

2026-08-18 00:32:31,138 - INFO - HTTP Request: POST http://localhost:8002/v1/chat/completions "HTTP/1.1 200 OK"
2026-08-18 00:32:34,070 - INFO - HTTP Request: POST http://localhost:8002/v1/chat/completions "HTTP/1.1 200 OK"

2026-08-18 00:32:34,944 - INFO - HTTP Request: POST http://localhost:8002/v1/chat/completions "HTTP/1.1 200 OK"

2026-08-18 00:32:44,071 - INFO - HTTP Request: POST http://localhost:8002/v1/chat/completions "HTTP/1.1 200 OK"

2026-08-18 00:32:49,499 - INFO - HTTP Request: POST http://localhost:8002/v1/chat/completions "HTTP/1.1 200 OK"
2026-08-18 00:33:00,588 - INFO - HTTP Request: POST http://localhost:8002/v1/chat/completions "HTTP/1.1 200 OK"
2026-08-18 00:33:01,831 - INFO - HTTP Request: POST http://localhost:8002/v1/chat/completions "HTTP/1.1 200 OK"
2026-08-18 00:33:05,641 - INFO - HTTP Request: POST http://localhost:8002/v1/chat/completions "HTTP/1.1 200 OK"

2026-08-18 00:33:11,304 - INFO - HTTP Request: POST http://localhost:8002/v1/chat/completions "HTTP/1.1 200 OK"
2026-08-18 00:33:17,339 - INFO - HTTP Request: POST http://localhost:8002/v1/chat/completions "HTTP/1.1 200 OK"

2026-08-18 00:33:18,213 - INFO - HTTP Request: POST http://localhost:8002/v1/chat/completions "HTTP/1.1 200 OK"

2026-08-18 00:33:22,346 - INFO - HTTP Request: POST http://localhost:8002/v1/chat/completions "HTTP/1.1 200 OK"

2026-08-18 00:33:30,377 - INFO - HTTP Request: POST http://localhost:8002/v1/chat/completions "HTTP/1.1 200 OK"
2026-08-18 00:33:42,002 - INFO - HTTP Request: POST http://localhost:8002/v1/chat/completions "HTTP/1.1 200 OK"
2026-08-18 00:33:43,242 - INFO - HTTP Request: POST http://localhost:8002/v1/chat/completions "HTTP/1.1 200 OK"
2026-08-18 00:33:43,961 - INFO - HTTP Request: POST http://localhost:8002/v1/chat/completions "HTTP/1.1 200 OK"

2026-08-18 00:33:47,707 - INFO - HTTP Request: POST http://localhost:8002/v1/chat/completions "HTTP/1.1 200 OK"
2026-08-18 00:33:54,346 - INFO - HTTP Request: POST http://localhost:8002/v1/chat/completions "HTTP/1.1 200 OK"

2026-08-18 00:33:55,226 - INFO - HTTP Request: POST http://localhost:8002/v1/chat/completions "HTTP/1.1 200 OK"

2026-08-18 00:34:01,971 - INFO - HTTP Request: POST http://localhost:8002/v1/chat/completions "HTTP/1.1 200 OK"

2026-08-18 00:34:08,491 - INFO - HTTP Request: POST http://localhost:8002/v1/chat/completions "HTTP/1.1 200 OK"
2026-08-18 00:34:18,806 - INFO - HTTP Request: POST http://localhost:8002/v1/chat/completions "HTTP/1.1 200 OK"
2026-08-18 00:34:19,998 - INFO - HTTP Request: POST http://localhost:8002/v1/chat/completions "HTTP/1.1 200 OK"
2026-08-18 00:34:21,839 - INFO - HTTP Request: POST http://localhost:8002/v1/chat/completions "HTTP/1.1 200 OK"

2026-08-18 00:34:26,419 - INFO - HTTP Request: POST http://localhost:8002/v1/chat/completions "HTTP/1.1 200 OK"
2026-08-18 00:34:31,095 - INFO - HTTP Request: POST http://localhost:8002/v1/chat/completions "HTTP/1.1 200 OK"

2026-08-18 00:34:33,499 - INFO - HTTP Request: POST http://localhost:8002/v1/chat/completions "HTTP/1.1 200 OK"

2026-08-18 00:34:38,937 - INFO - HTTP Request: POST http://localhost:8002/v1/chat/completions "HTTP/1.1 200 OK"

2026-08-18 00:34:41,549 - INFO - HTTP Request: POST http://localhost:8002/v1/chat/completions "HTTP/1.1 200 OK"
2026-08-18 00:34:50,829 - INFO - HTTP Request: POST http://localhost:8002/v1/chat/completions "HTTP/1.1 200 OK"
2026-08-18 00:34:54,029 - INFO - HTTP Request: POST http://localhost:8002/v1/chat/completions "HTTP/1.1 200 OK"
2026-08-18 00:34:57,179 - INFO - HTTP Request: POST http://localhost:8002/v1/chat/completions "HTTP/1.1 200 OK"

2026-08-18 00:34:59,359 - INFO - HTTP Request: POST http://localhost:8002/v1/chat/completions "HTTP/1.1 200 OK"
2026-08-18 00:34:59,577 - INFO - HTTP Request: POST http://localhost:8002/v1/chat/completions "HTTP/1.1 200 OK"

2026-08-18 00:35:04,801 - INFO - HTTP Request: POST http://localhost:8002/v1/chat/completions "HTTP/1.1 200 OK"

2026-08-18 00:35:12,194 - INFO - HTTP Request: POST http://localhost:8002/v1/chat/completions "HTTP/1.1 200 OK"

2026-08-18 00:35:26,304 - INFO - HTTP Request: POST http://localhost:8002/v1/chat/completions "HTTP/1.1 200 OK"
2026-08-18 00:35:29,013 - INFO - HTTP Request: POST http://localhost:8002/v1/chat/completions "HTTP/1.1 200 OK"
2026-08-18 00:35:34,117 - INFO - HTTP Request: POST http://localhost:8002/v1/chat/completions "HTTP/1.1 200 OK"
2026-08-18 00:35:41,840 - INFO - HTTP Request: POST http://localhost:8002/v1/chat/completions "HTTP/1.1 200 OK"
2026-08-18 00:35:42,058 - INFO - HTTP Request: POST http://localhost:8002/v1/chat/completions "HTTP/1.1 200 OK"

2026-08-18 00:35:45,863 - INFO - HTTP Request: POST http://localhost:8002/v1/chat/completions "HTTP/1.1 200 OK"

2026-08-18 00:35:48,912 - INFO - HTTP Request: POST http://localhost:8002/v1/chat/completions "HTTP/1.1 200 OK"

2026-08-18 00:35:55,216 - INFO - HTTP Request: POST http://localhost:8002/v1/chat/completions "HTTP/1.1 200 OK"

2026-08-18 00:36:02,379 - INFO - HTTP Request: POST http://localhost:8002/v1/chat/completions "HTTP/1.1 200 OK"
2026-08-18 00:36:06,225 - INFO - HTTP Request: POST http://localhost:8002/v1/chat/completions "HTTP/1.1 200 OK"
2026-08-18 00:36:09,642 - INFO - HTTP Request: POST http://localhost:8002/v1/chat/completions "HTTP/1.1 200 OK"
2026-08-18 00:36:16,283 - INFO - HTTP Request: POST http://localhost:8002/v1/chat/completions "HTTP/1.1 200 OK"
2026-08-18 00:36:20,966 - INFO - HTTP Request: POST http://localhost:8002/v1/chat/completions "HTTP/1.1 200 OK"

2026-08-18 00:36:21,841 - INFO - HTTP Request: POST http://localhost:8002/v1/chat/completions "HTTP/1.1 200 OK"

2026-08-18 00:36:22,276 - INFO - HTTP Request: POST http://localhost:8002/v1/chat/completions "HTTP/1.1 200 OK"

2026-08-18 00:36:27,500 - INFO - HTTP Request: POST http://localhost:8002/v1/chat/completions "HTTP/1.1 200 OK"

2026-08-18 00:36:50,080 - INFO - HTTP Request: POST http://localhost:8002/v1/chat/completions "HTTP/1.1 200 OK"
2026-08-18 00:36:51,270 - INFO - HTTP Request: POST http://localhost:8002/v1/chat/completions "HTTP/1.1 200 OK"
2026-08-18 00:36:52,016 - INFO - HTTP Request: POST http://localhost:8002/v1/chat/completions "HTTP/1.1 200 OK"
2026-08-18 00:36:57,624 - INFO - HTTP Request: POST http://localhost:8002/v1/chat/completions "HTTP/1.1 200 OK"
2026-08-18 00:37:01,871 - INFO - HTTP Request: POST http://localhost:8002/v1/chat/completions "HTTP/1.1 200 OK"

2026-08-18 00:37:04,061 - INFO - HTTP Request: POST http://localhost:8002/v1/chat/completions "HTTP/1.1 200 OK"

2026-08-18 00:37:08,643 - INFO - HTTP Request: POST http://localhost:8002/v1/chat/completions "HTTP/1.1 200 OK"

2026-08-18 00:37:12,783 - INFO - HTTP Request: POST http://localhost:8002/v1/chat/completions "HTTP/1.1 200 OK"

2026-08-18 00:37:34,499 - INFO - HTTP Request: POST http://localhost:8002/v1/chat/completions "HTTP/1.1 200 OK"
2026-08-18 00:37:37,430 - INFO - HTTP Request: POST http://localhost:8002/v1/chat/completions "HTTP/1.1 200 OK"
2026-08-18 00:37:41,718 - INFO - HTTP Request: POST http://localhost:8002/v1/chat/completions "HTTP/1.1 200 OK"
2026-08-18 00:37:46,834 - INFO - HTTP Request: POST http://localhost:8002/v1/chat/completions "HTTP/1.1 200 OK"
2026-08-18 00:37:48,245 - INFO - HTTP Request: POST http://localhost:8002/v1/chat/completions "HTTP/1.1 200 OK"

r3_cfg2:  66%|██████▌   | 33/50 [52:45<38:58, 137.56s/it]2026-08-18 00:37:52,390 - INFO - HTTP Request: POST http://localhost:8002/v1/chat/completions "HTTP/1.1 200 OK"

r3_cfg2:  68%|██████▊   | 34/50 [52:49<26:00, 97.54s/it] 2026-08-18 00:37:56,966 - INFO - HTTP Request: POST http://localhost:8002/v1/chat/completions "HTTP/1.1 200 OK"

r3_cfg2:  70%|███████   | 35/50 [52:54<17:24, 69.65s/it]2026-08-18 00:38:02,619 - INFO - HTTP Request: POST http://localhost:8002/v1/chat/completions "HTTP/1.1 200 OK"

r3_cfg2:  72%|███████▏  | 36/50 [53:00<11:46, 50.45s/it]2026-08-18 00:38:10,215 - INFO - HTTP Request: POST http://localhost:8002/v1/chat/completions "HTTP/1.1 200 OK"
2026-08-18 00:38:14,221 - INFO - HTTP Request: POST http://localhost:8002/v1/chat/completions "HTTP/1.1 200 OK"
2026-08-18 00:38:19,367 - INFO - HTTP Request: POST http://localhost:8002/v1/chat/completions "HTTP/1.1 200 OK"
2026-08-18 00:38:24,037 - INFO - HTTP Request: POST http://localhost:8002/v1/chat/completions "HTTP/1.1 200 OK"

2026-08-18 00:38:25,345 - INFO - HTTP Request: POST http://localhost:8002/v1/chat/completions "HTTP/1.1 200 OK"
2026-08-18 00:38:27,400 - INFO - HTTP Request: POST http://localhost:8002/v1/chat/completions "HTTP/1.1 200 OK"

2026-08-18 00:38:32,840 - INFO - HTTP Request: POST http://localhost:8002/v1/chat/completions "HTTP/1.1 200 OK"

2026-08-18 00:38:38,057 - INFO - HTTP Request: POST http://localhost:8002/v1/chat/completions "HTTP/1.1 200 OK"

2026-08-18 00:38:50,430 - INFO - HTTP Request: POST http://localhost:8002/v1/chat/completions "HTTP/1.1 200 OK"
2026-08-18 00:38:53,795 - INFO - HTTP Request: POST http://localhost:8002/v1/chat/completions "HTTP/1.1 200 OK"
2026-08-18 00:38:59,378 - INFO - HTTP Request: POST http://localhost:8002/v1/chat/completions "HTTP/1.1 200 OK"
2026-08-18 00:39:01,657 - INFO - HTTP Request: POST http://localhost:8002/v1/chat/completions "HTTP/1.1 200 OK"

2026-08-18 00:39:04,924 - INFO - HTTP Request: POST http://localhost:8002/v1/chat/completions "HTTP/1.1 200 OK"
2026-08-18 00:39:07,202 - INFO - HTTP Request: POST http://localhost:8002/v1/chat/completions "HTTP/1.1 200 OK"

2026-08-18 00:39:12,211 - INFO - HTTP Request: POST http://localhost:8002/v1/chat/completions "HTTP/1.1 200 OK"

2026-08-18 00:39:14,822 - INFO - HTTP Request: POST http://localhost:8002/v1/chat/completions "HTTP/1.1 200 OK"

2026-08-18 00:39:26,326 - INFO - HTTP Request: POST http://localhost:8002/v1/chat/completions "HTTP/1.1 200 OK"
2026-08-18 00:39:31,862 - INFO - HTTP Request: POST http://localhost:8002/v1/chat/completions "HTTP/1.1 200 OK"
2026-08-18 00:39:35,922 - INFO - HTTP Request: POST http://localhost:8002/v1/chat/completions "HTTP/1.1 200 OK"
2026-08-18 00:39:37,226 - INFO - HTTP Request: POST http://localhost:8002/v1/chat/completions "HTTP/1.1 200 OK"

2026-08-18 00:39:40,064 - INFO - HTTP Request: POST http://localhost:8002/v1/chat/completions "HTTP/1.1 200 OK"
2026-08-18 00:39:46,478 - INFO - HTTP Request: POST http://localhost:8002/v1/chat/completions "HTTP/1.1 200 OK"

2026-08-18 00:39:48,230 - INFO - HTTP Request: POST http://localhost:8002/v1/chat/completions "HTTP/1.1 200 OK"

2026-08-18 00:39:53,671 - INFO - HTTP Request: POST http://localhost:8002/v1/chat/completions "HTTP/1.1 200 OK"

2026-08-18 00:40:01,708 - INFO - HTTP Request: POST http://localhost:8002/v1/chat/completions "HTTP/1.1 200 OK"
2026-08-18 00:40:10,715 - INFO - HTTP Request: POST http://localhost:8002/v1/chat/completions "HTTP/1.1 200 OK"
2026-08-18 00:40:12,815 - INFO - HTTP Request: POST http://localhost:8002/v1/chat/completions "HTTP/1.1 200 OK"
2026-08-18 00:40:14,988 - INFO - HTTP Request: POST http://localhost:8002/v1/chat/completions "HTTP/1.1 200 OK"

2026-08-18 00:40:18,478 - INFO - HTTP Request: POST http://localhost:8002/v1/chat/completions "HTTP/1.1 200 OK"
2026-08-18 00:40:23,802 - INFO - HTTP Request: POST http://localhost:8002/v1/chat/completions "HTTP/1.1 200 OK"

2026-08-18 00:40:28,164 - INFO - HTTP Request: POST http://localhost:8002/v1/chat/completions "HTTP/1.1 200 OK"

2026-08-18 00:40:30,998 - INFO - HTTP Request: POST http://localhost:8002/v1/chat/completions "HTTP/1.1 200 OK"

2026-08-18 00:40:35,125 - INFO - HTTP Request: POST http://localhost:8002/v1/chat/completions "HTTP/1.1 200 OK"
2026-08-18 00:40:43,918 - INFO - HTTP Request: POST http://localhost:8002/v1/chat/completions "HTTP/1.1 200 OK"
2026-08-18 00:40:48,410 - INFO - HTTP Request: POST http://localhost:8002/v1/chat/completions "HTTP/1.1 200 OK"
2026-08-18 00:40:50,250 - INFO - HTTP Request: POST http://localhost:8002/v1/chat/completions "HTTP/1.1 200 OK"

2026-08-18 00:40:51,123 - INFO - HTTP Request: POST http://localhost:8002/v1/chat/completions "HTTP/1.1 200 OK"
2026-08-18 00:40:53,399 - INFO - HTTP Request: POST http://localhost:8002/v1/chat/completions "HTTP/1.1 200 OK"

2026-08-18 00:41:00,584 - INFO - HTTP Request: POST http://localhost:8002/v1/chat/completions "HTTP/1.1 200 OK"

2026-08-18 00:41:01,240 - INFO - HTTP Request: POST http://localhost:8002/v1/chat/completions "HTTP/1.1 200 OK"

2026-08-18 00:41:19,254 - INFO - HTTP Request: POST http://localhost:8002/v1/chat/completions "HTTP/1.1 200 OK"
2026-08-18 00:41:22,393 - INFO - HTTP Request: POST http://localhost:8002/v1/chat/completions "HTTP/1.1 200 OK"
2026-08-18 00:41:29,713 - INFO - HTTP Request: POST http://localhost:8002/v1/chat/completions "HTTP/1.1 200 OK"
2026-08-18 00:41:30,681 - INFO - HTTP Request: POST http://localhost:8002/v1/chat/completions "HTTP/1.1 200 OK"
2026-08-18 00:41:35,132 - INFO - HTTP Request: POST http://localhost:8002/v1/chat/completions "HTTP/1.1 200 OK"

2026-08-18 00:41:36,442 - INFO - HTTP Request: POST http://localhost:8002/v1/chat/completions "HTTP/1.1 200 OK"

2026-08-18 00:41:40,144 - INFO - HTTP Request: POST http://localhost:8002/v1/chat/completions "HTTP/1.1 200 OK"

2026-08-18 00:41:44,057 - INFO - HTTP Request: POST http://localhost:8002/v1/chat/completions "HTTP/1.1 200 OK"

2026-08-18 00:41:55,127 - INFO - HTTP Request: POST http://localhost:8002/v1/chat/completions "HTTP/1.1 200 OK"
2026-08-18 00:41:56,748 - INFO - HTTP Request: POST http://localhost:8002/v1/chat/completions "HTTP/1.1 200 OK"
2026-08-18 00:42:00,590 - INFO - HTTP Request: POST http://localhost:8002/v1/chat/completions "HTTP/1.1 200 OK"
2026-08-18 00:42:04,830 - INFO - HTTP Request: POST http://localhost:8002/v1/chat/completions "HTTP/1.1 200 OK"
2026-08-18 00:42:05,801 - INFO - HTTP Request: POST http://localhost:8002/v1/chat/completions "HTTP/1.1 200 OK"

2026-08-18 00:42:10,159 - INFO - HTTP Request: POST http://localhost:8002/v1/chat/completions "HTTP/1.1 200 OK"

2026-08-18 00:42:15,169 - INFO - HTTP Request: POST http://localhost:8002/v1/chat/completions "HTTP/1.1 200 OK"

2026-08-18 00:42:17,345 - INFO - HTTP Request: POST http://localhost:8002/v1/chat/completions "HTTP/1.1 200 OK"

2026-08-18 00:42:34,933 - INFO - HTTP Request: POST http://localhost:8002/v1/chat/completions "HTTP/1.1 200 OK"
2026-08-18 00:42:39,601 - INFO - HTTP Request: POST http://localhost:8002/v1/chat/completions "HTTP/1.1 200 OK"
2026-08-18 00:42:44,750 - INFO - HTTP Request: POST http://localhost:8002/v1/chat/completions "HTTP/1.1 200 OK"
2026-08-18 00:42:46,373 - INFO - HTTP Request: POST http://localhost:8002/v1/chat/completions "HTTP/1.1 200 OK"

2026-08-18 00:42:47,254 - INFO - HTTP Request: POST http://localhost:8002/v1/chat/completions "HTTP/1.1 200 OK"
2026-08-18 00:42:53,233 - INFO - HTTP Request: POST http://localhost:8002/v1/chat/completions "HTTP/1.1 200 OK"

2026-08-18 00:42:57,380 - INFO - HTTP Request: POST http://localhost:8002/v1/chat/completions "HTTP/1.1 200 OK"

2026-08-18 00:42:58,042 - INFO - HTTP Request: POST http://localhost:8002/v1/chat/completions "HTTP/1.1 200 OK"

2026-08-18 00:43:19,323 - INFO - HTTP Request: POST http://localhost:8002/v1/chat/completions "HTTP/1.1 200 OK"
2026-08-18 00:43:26,167 - INFO - HTTP Request: POST http://localhost:8002/v1/chat/completions "HTTP/1.1 200 OK"
2026-08-18 00:43:30,449 - INFO - HTTP Request: POST http://localhost:8002/v1/chat/completions "HTTP/1.1 200 OK"
2026-08-18 00:43:31,421 - INFO - HTTP Request: POST http://localhost:8002/v1/chat/completions "HTTP/1.1 200 OK"

r3_cfg2:  74%|███████▍  | 37/50 [58:28<29:01, 133.96s/it]2026-08-18 00:43:31,855 - INFO - HTTP Request: POST http://localhost:8002/v1/chat/completions "HTTP/1.1 200 OK"
2026-08-18 00:43:39,796 - INFO - HTTP Request: POST http://localhost:8002/v1/chat/completions "HTTP/1.1 200 OK"

r3_cfg2:  76%|███████▌  | 38/50 [58:37<19:15, 96.28s/it] 2026-08-18 00:43:43,502 - INFO - HTTP Request: POST http://localhost:8002/v1/chat/completions "HTTP/1.1 200 OK"

r3_cfg2:  78%|███████▊  | 39/50 [58:40<12:33, 68.51s/it]2026-08-18 00:43:47,416 - INFO - HTTP Request: POST http://localhost:8002/v1/chat/completions "HTTP/1.1 200 OK"

r3_cfg2:  80%|████████  | 40/50 [58:44<08:11, 49.13s/it]2026-08-18 00:43:53,709 - INFO - HTTP Request: POST http://localhost:8002/v1/chat/completions "HTTP/1.1 200 OK"
2026-08-18 00:44:02,061 - INFO - HTTP Request: POST http://localhost:8002/v1/chat/completions "HTTP/1.1 200 OK"
2026-08-18 00:44:05,913 - INFO - HTTP Request: POST http://localhost:8002/v1/chat/completions "HTTP/1.1 200 OK"
2026-08-18 00:44:08,626 - INFO - HTTP Request: POST http://localhost:8002/v1/chat/completions "HTTP/1.1 200 OK"

2026-08-18 00:44:10,370 - INFO - HTTP Request: POST http://localhost:8002/v1/chat/completions "HTTP/1.1 200 OK"
2026-08-18 00:44:17,438 - INFO - HTTP Request: POST http://localhost:8002/v1/chat/completions "HTTP/1.1 200 OK"

2026-08-18 00:44:19,618 - INFO - HTTP Request: POST http://localhost:8002/v1/chat/completions "HTTP/1.1 200 OK"

2026-08-18 00:44:22,009 - INFO - HTTP Request: POST http://localhost:8002/v1/chat/completions "HTTP/1.1 200 OK"

2026-08-18 00:44:35,028 - INFO - HTTP Request: POST http://localhost:8002/v1/chat/completions "HTTP/1.1 200 OK"
2026-08-18 00:44:43,823 - INFO - HTTP Request: POST http://localhost:8002/v1/chat/completions "HTTP/1.1 200 OK"
2026-08-18 00:44:46,155 - INFO - HTTP Request: POST http://localhost:8002/v1/chat/completions "HTTP/1.1 200 OK"

2026-08-18 00:44:46,372 - INFO - HTTP Request: POST http://localhost:8002/v1/chat/completions "HTTP/1.1 200 OK"
2026-08-18 00:44:48,919 - INFO - HTTP Request: POST http://localhost:8002/v1/chat/completions "HTTP/1.1 200 OK"
2026-08-18 00:44:54,799 - INFO - HTTP Request: POST http://localhost:8002/v1/chat/completions "HTTP/1.1 200 OK"

2026-08-18 00:44:59,808 - INFO - HTTP Request: POST http://localhost:8002/v1/chat/completions "HTTP/1.1 200 OK"

2026-08-18 00:45:01,550 - INFO - HTTP Request: POST http://localhost:8002/v1/chat/completions "HTTP/1.1 200 OK"

2026-08-18 00:45:11,317 - INFO - HTTP Request: POST http://localhost:8002/v1/chat/completions "HTTP/1.1 200 OK"
2026-08-18 00:45:19,458 - INFO - HTTP Request: POST http://localhost:8002/v1/chat/completions "HTTP/1.1 200 OK"
2026-08-18 00:45:23,530 - INFO - HTTP Request: POST http://localhost:8002/v1/chat/completions "HTTP/1.1 200 OK"

2026-08-18 00:45:24,844 - INFO - HTTP Request: POST http://localhost:8002/v1/chat/completions "HTTP/1.1 200 OK"
2026-08-18 00:45:26,902 - INFO - HTTP Request: POST http://localhost:8002/v1/chat/completions "HTTP/1.1 200 OK"
2026-08-18 00:45:32,666 - INFO - HTTP Request: POST http://localhost:8002/v1/chat/completions "HTTP/1.1 200 OK"

2026-08-18 00:45:38,987 - INFO - HTTP Request: POST http://localhost:8002/v1/chat/completions "HTTP/1.1 200 OK"

2026-08-18 00:45:40,083 - INFO - HTTP Request: POST http://localhost:8002/v1/chat/completions "HTTP/1.1 200 OK"

2026-08-18 00:45:47,683 - INFO - HTTP Request: POST http://localhost:8002/v1/chat/completions "HTTP/1.1 200 OK"
2026-08-18 00:45:57,121 - INFO - HTTP Request: POST http://localhost:8002/v1/chat/completions "HTTP/1.1 200 OK"
2026-08-18 00:46:00,163 - INFO - HTTP Request: POST http://localhost:8002/v1/chat/completions "HTTP/1.1 200 OK"

2026-08-18 00:46:03,215 - INFO - HTTP Request: POST http://localhost:8002/v1/chat/completions "HTTP/1.1 200 OK"
2026-08-18 00:46:04,614 - INFO - HTTP Request: POST http://localhost:8002/v1/chat/completions "HTTP/1.1 200 OK"
2026-08-18 00:46:11,252 - INFO - HTTP Request: POST http://localhost:8002/v1/chat/completions "HTTP/1.1 200 OK"

2026-08-18 00:46:16,048 - INFO - HTTP Request: POST http://localhost:8002/v1/chat/completions "HTTP/1.1 200 OK"

2026-08-18 00:46:17,362 - INFO - HTTP Request: POST http://localhost:8002/v1/chat/completions "HTTP/1.1 200 OK"

2026-08-18 00:46:20,622 - INFO - HTTP Request: POST http://localhost:8002/v1/chat/completions "HTTP/1.1 200 OK"
2026-08-18 00:46:31,367 - INFO - HTTP Request: POST http://localhost:8002/v1/chat/completions "HTTP/1.1 200 OK"
2026-08-18 00:46:32,100 - INFO - HTTP Request: POST http://localhost:8002/v1/chat/completions "HTTP/1.1 200 OK"

2026-08-18 00:46:36,525 - INFO - HTTP Request: POST http://localhost:8002/v1/chat/completions "HTTP/1.1 200 OK"
2026-08-18 00:46:38,147 - INFO - HTTP Request: POST http://localhost:8002/v1/chat/completions "HTTP/1.1 200 OK"
2026-08-18 00:46:43,256 - INFO - HTTP Request: POST http://localhost:8002/v1/chat/completions "HTTP/1.1 200 OK"

2026-08-18 00:46:51,747 - INFO - HTTP Request: POST http://localhost:8002/v1/chat/completions "HTTP/1.1 200 OK"

2026-08-18 00:46:51,964 - INFO - HTTP Request: POST http://localhost:8002/v1/chat/completions "HTTP/1.1 200 OK"

2026-08-18 00:47:01,517 - INFO - HTTP Request: POST http://localhost:8002/v1/chat/completions "HTTP/1.1 200 OK"
2026-08-18 00:47:12,260 - INFO - HTTP Request: POST http://localhost:8002/v1/chat/completions "HTTP/1.1 200 OK"
2026-08-18 00:47:14,807 - INFO - HTTP Request: POST http://localhost:8002/v1/chat/completions "HTTP/1.1 200 OK"

2026-08-18 00:47:21,116 - INFO - HTTP Request: POST http://localhost:8002/v1/chat/completions "HTTP/1.1 200 OK"
2026-08-18 00:47:21,333 - INFO - HTTP Request: POST http://localhost:8002/v1/chat/completions "HTTP/1.1 200 OK"
2026-08-18 00:47:27,406 - INFO - HTTP Request: POST http://localhost:8002/v1/chat/completions "HTTP/1.1 200 OK"

2026-08-18 00:47:35,462 - INFO - HTTP Request: POST http://localhost:8002/v1/chat/completions "HTTP/1.1 200 OK"
2026-08-18 00:47:37,742 - INFO - HTTP Request: POST http://localhost:8002/v1/chat/completions "HTTP/1.1 200 OK"

2026-08-18 00:47:38,178 - INFO - HTTP Request: POST http://localhost:8002/v1/chat/completions "HTTP/1.1 200 OK"

2026-08-18 00:47:47,094 - INFO - HTTP Request: POST http://localhost:8002/v1/chat/completions "HTTP/1.1 200 OK"

2026-08-18 00:47:47,747 - INFO - HTTP Request: POST http://localhost:8002/v1/chat/completions "HTTP/1.1 200 OK"
2026-08-18 00:47:58,120 - INFO - HTTP Request: POST http://localhost:8002/v1/chat/completions "HTTP/1.1 200 OK"
2026-08-18 00:47:58,840 - INFO - HTTP Request: POST http://localhost:8002/v1/chat/completions "HTTP/1.1 200 OK"
2026-08-18 00:48:01,806 - INFO - HTTP Request: POST http://localhost:8002/v1/chat/completions "HTTP/1.1 200 OK"

2026-08-18 00:48:13,999 - INFO - HTTP Request: POST http://localhost:8002/v1/chat/completions "HTTP/1.1 200 OK"

2026-08-18 00:48:15,090 - INFO - HTTP Request: POST http://localhost:8002/v1/chat/completions "HTTP/1.1 200 OK"

2026-08-18 00:48:17,263 - INFO - HTTP Request: POST http://localhost:8002/v1/chat/completions "HTTP/1.1 200 OK"
2026-08-18 00:48:28,670 - INFO - HTTP Request: POST http://localhost:8002/v1/chat/completions "HTTP/1.1 200 OK"

2026-08-18 00:48:31,285 - INFO - HTTP Request: POST http://localhost:8002/v1/chat/completions "HTTP/1.1 200 OK"
2026-08-18 00:48:43,839 - INFO - HTTP Request: POST http://localhost:8002/v1/chat/completions "HTTP/1.1 200 OK"
2026-08-18 00:48:45,248 - INFO - HTTP Request: POST http://localhost:8002/v1/chat/completions "HTTP/1.1 200 OK"
2026-08-18 00:48:49,057 - INFO - HTTP Request: POST http://localhost:8002/v1/chat/completions "HTTP/1.1 200 OK"

2026-08-18 00:48:55,599 - INFO - HTTP Request: POST http://localhost:8002/v1/chat/completions "HTTP/1.1 200 OK"

2026-08-18 00:48:57,348 - INFO - HTTP Request: POST http://localhost:8002/v1/chat/completions "HTTP/1.1 200 OK"

2026-08-18 00:49:02,349 - INFO - HTTP Request: POST http://localhost:8002/v1/chat/completions "HTTP/1.1 200 OK"
2026-08-18 00:49:11,360 - INFO - HTTP Request: POST http://localhost:8002/v1/chat/completions "HTTP/1.1 200 OK"

r3_cfg2:  82%|████████▏ | 41/50 [1:04:08<19:44, 131.57s/it]2026-08-18 00:49:22,003 - INFO - HTTP Request: POST http://localhost:8002/v1/chat/completions "HTTP/1.1 200 OK"
2026-08-18 00:49:29,337 - INFO - HTTP Request: POST http://localhost:8002/v1/chat/completions "HTTP/1.1 200 OK"
2026-08-18 00:49:30,741 - INFO - HTTP Request: POST http://localhost:8002/v1/chat/completions "HTTP/1.1 200 OK"
2026-08-18 00:49:34,332 - INFO - HTTP Request: POST http://localhost:8002/v1/chat/completions "HTTP/1.1 200 OK"
2026-08-18 00:49:35,960 - INFO - HTTP Request: POST http://localhost:8002/v1/chat/completions "HTTP/1.1 200 OK"

r3_cfg2:  84%|████████▍ | 42/50 [1:04:33<13:15, 99.48s/it] 2026-08-18 00:49:44,026 - INFO - HTTP Request: POST http://localhost:8002/v1/chat/completions "HTTP/1.1 200 OK"

r3_cfg2:  86%|████████▌ | 43/50 [1:04:41<08:24, 72.06s/it]2026-08-18 00:49:44,461 - INFO - HTTP Request: POST http://localhost:8002/v1/chat/completions "HTTP/1.1 200 OK"

r3_cfg2:  88%|████████▊ | 44/50 [1:04:41<05:03, 50.57s/it]2026-08-18 00:49:46,206 - INFO - HTTP Request: POST http://localhost:8002/v1/chat/completions "HTTP/1.1 200 OK"

2026-08-18 00:49:57,922 - INFO - HTTP Request: POST http://localhost:8002/v1/chat/completions "HTTP/1.1 200 OK"
2026-08-18 00:50:05,846 - INFO - HTTP Request: POST http://localhost:8002/v1/chat/completions "HTTP/1.1 200 OK"
2026-08-18 00:50:06,857 - INFO - HTTP Request: POST http://localhost:8002/v1/chat/completions "HTTP/1.1 200 OK"
2026-08-18 00:50:12,184 - INFO - HTTP Request: POST http://localhost:8002/v1/chat/completions "HTTP/1.1 200 OK"

2026-08-18 00:50:13,057 - INFO - HTTP Request: POST http://localhost:8002/v1/chat/completions "HTTP/1.1 200 OK"
2026-08-18 00:50:17,512 - INFO - HTTP Request: POST http://localhost:8002/v1/chat/completions "HTTP/1.1 200 OK"

2026-08-18 00:50:18,604 - INFO - HTTP Request: POST http://localhost:8002/v1/chat/completions "HTTP/1.1 200 OK"

2026-08-18 00:50:24,905 - INFO - HTTP Request: POST http://localhost:8002/v1/chat/completions "HTTP/1.1 200 OK"

2026-08-18 00:50:38,580 - INFO - HTTP Request: POST http://localhost:8002/v1/chat/completions "HTTP/1.1 200 OK"
2026-08-18 00:50:43,948 - INFO - HTTP Request: POST http://localhost:8002/v1/chat/completions "HTTP/1.1 200 OK"
2026-08-18 00:50:45,137 - INFO - HTTP Request: POST http://localhost:8002/v1/chat/completions "HTTP/1.1 200 OK"
2026-08-18 00:50:50,075 - INFO - HTTP Request: POST http://localhost:8002/v1/chat/completions "HTTP/1.1 200 OK"
2026-08-18 00:50:54,971 - INFO - HTTP Request: POST http://localhost:8002/v1/chat/completions "HTTP/1.1 200 OK"

2026-08-18 00:50:54,972 - INFO - HTTP Request: POST http://localhost:8002/v1/chat/completions "HTTP/1.1 200 OK"

2026-08-18 00:51:00,640 - INFO - HTTP Request: POST http://localhost:8002/v1/chat/completions "HTTP/1.1 200 OK"

2026-08-18 00:51:01,730 - INFO - HTTP Request: POST http://localhost:8002/v1/chat/completions "HTTP/1.1 200 OK"

2026-08-18 00:51:19,316 - INFO - HTTP Request: POST http://localhost:8002/v1/chat/completions "HTTP/1.1 200 OK"
2026-08-18 00:51:19,317 - INFO - HTTP Request: POST http://localhost:8002/v1/chat/completions "HTTP/1.1 200 OK"
2026-08-18 00:51:25,496 - INFO - HTTP Request: POST http://localhost:8002/v1/chat/completions "HTTP/1.1 200 OK"
2026-08-18 00:51:26,686 - INFO - HTTP Request: POST http://localhost:8002/v1/chat/completions "HTTP/1.1 200 OK"
2026-08-18 00:51:31,361 - INFO - HTTP Request: POST http://localhost:8002/v1/chat/completions "HTTP/1.1 200 OK"

2026-08-18 00:51:33,114 - INFO - HTTP Request: POST http://localhost:8002/v1/chat/completions "HTTP/1.1 200 OK"

2026-08-18 00:51:36,390 - INFO - HTTP Request: POST http://localhost:8002/v1/chat/completions "HTTP/1.1 200 OK"

2026-08-18 00:51:40,092 - INFO - HTTP Request: POST http://localhost:8002/v1/chat/completions "HTTP/1.1 200 OK"

2026-08-18 00:51:55,509 - INFO - HTTP Request: POST http://localhost:8002/v1/chat/completions "HTTP/1.1 200 OK"
2026-08-18 00:51:57,170 - INFO - HTTP Request: POST http://localhost:8002/v1/chat/completions "HTTP/1.1 200 OK"
2026-08-18 00:52:00,315 - INFO - HTTP Request: POST http://localhost:8002/v1/chat/completions "HTTP/1.1 200 OK"
2026-08-18 00:52:00,316 - INFO - HTTP Request: POST http://localhost:8002/v1/chat/completions "HTTP/1.1 200 OK"
2026-08-18 00:52:09,056 - INFO - HTTP Request: POST http://localhost:8002/v1/chat/completions "HTTP/1.1 200 OK"

2026-08-18 00:52:10,374 - INFO - HTTP Request: POST http://localhost:8002/v1/chat/completions "HTTP/1.1 200 OK"

2026-08-18 00:52:11,907 - INFO - HTTP Request: POST http://localhost:8002/v1/chat/completions "HTTP/1.1 200 OK"

2026-08-18 00:52:13,432 - INFO - HTTP Request: POST http://localhost:8002/v1/chat/completions "HTTP/1.1 200 OK"

2026-08-18 00:52:28,845 - INFO - HTTP Request: POST http://localhost:8002/v1/chat/completions "HTTP/1.1 200 OK"
2026-08-18 00:52:29,856 - INFO - HTTP Request: POST http://localhost:8002/v1/chat/completions "HTTP/1.1 200 OK"
2026-08-18 00:52:33,707 - INFO - HTTP Request: POST http://localhost:8002/v1/chat/completions "HTTP/1.1 200 OK"
2026-08-18 00:52:40,340 - INFO - HTTP Request: POST http://localhost:8002/v1/chat/completions "HTTP/1.1 200 OK"

2026-08-18 00:52:41,432 - INFO - HTTP Request: POST http://localhost:8002/v1/chat/completions "HTTP/1.1 200 OK"
2026-08-18 00:52:44,580 - INFO - HTTP Request: POST http://localhost:8002/v1/chat/completions "HTTP/1.1 200 OK"

2026-08-18 00:52:48,502 - INFO - HTTP Request: POST http://localhost:8002/v1/chat/completions "HTTP/1.1 200 OK"

2026-08-18 00:52:55,674 - INFO - HTTP Request: POST http://localhost:8002/v1/chat/completions "HTTP/1.1 200 OK"

2026-08-18 00:53:09,349 - INFO - HTTP Request: POST http://localhost:8002/v1/chat/completions "HTTP/1.1 200 OK"
2026-08-18 00:53:13,402 - INFO - HTTP Request: POST http://localhost:8002/v1/chat/completions "HTTP/1.1 200 OK"
2026-08-18 00:53:16,111 - INFO - HTTP Request: POST http://localhost:8002/v1/chat/completions "HTTP/1.1 200 OK"
2026-08-18 00:53:17,954 - INFO - HTTP Request: POST http://localhost:8002/v1/chat/completions "HTTP/1.1 200 OK"
2026-08-18 00:53:23,720 - INFO - HTTP Request: POST http://localhost:8002/v1/chat/completions "HTTP/1.1 200 OK"

2026-08-18 00:53:29,388 - INFO - HTTP Request: POST http://localhost:8002/v1/chat/completions "HTTP/1.1 200 OK"

2026-08-18 00:53:30,698 - INFO - HTTP Request: POST http://localhost:8002/v1/chat/completions "HTTP/1.1 200 OK"

2026-08-18 00:53:32,006 - INFO - HTTP Request: POST http://localhost:8002/v1/chat/completions "HTTP/1.1 200 OK"

2026-08-18 00:53:43,729 - INFO - HTTP Request: POST http://localhost:8002/v1/chat/completions "HTTP/1.1 200 OK"
2026-08-18 00:53:49,523 - INFO - HTTP Request: POST http://localhost:8002/v1/chat/completions "HTTP/1.1 200 OK"
2026-08-18 00:53:52,455 - INFO - HTTP Request: POST http://localhost:8002/v1/chat/completions "HTTP/1.1 200 OK"
2026-08-18 00:53:55,823 - INFO - HTTP Request: POST http://localhost:8002/v1/chat/completions "HTTP/1.1 200 OK"

2026-08-18 00:54:00,614 - INFO - HTTP Request: POST http://localhost:8002/v1/chat/completions "HTTP/1.1 200 OK"
2026-08-18 00:54:02,460 - INFO - HTTP Request: POST http://localhost:8002/v1/chat/completions "HTTP/1.1 200 OK"

2026-08-18 00:54:05,294 - INFO - HTTP Request: POST http://localhost:8002/v1/chat/completions "HTTP/1.1 200 OK"

2026-08-18 00:54:14,432 - INFO - HTTP Request: POST http://localhost:8002/v1/chat/completions "HTTP/1.1 200 OK"

2026-08-18 00:54:25,297 - INFO - HTTP Request: POST http://localhost:8002/v1/chat/completions "HTTP/1.1 200 OK"
2026-08-18 00:54:31,746 - INFO - HTTP Request: POST http://localhost:8002/v1/chat/completions "HTTP/1.1 200 OK"
2026-08-18 00:54:34,896 - INFO - HTTP Request: POST http://localhost:8002/v1/chat/completions "HTTP/1.1 200 OK"
2026-08-18 00:54:43,058 - INFO - HTTP Request: POST http://localhost:8002/v1/chat/completions "HTTP/1.1 200 OK"

2026-08-18 00:54:46,333 - INFO - HTTP Request: POST http://localhost:8002/v1/chat/completions "HTTP/1.1 200 OK"

2026-08-18 00:54:48,300 - INFO - HTTP Request: POST http://localhost:8002/v1/chat/completions "HTTP/1.1 200 OK"
2026-08-18 00:54:50,361 - INFO - HTTP Request: POST http://localhost:8002/v1/chat/completions "HTTP/1.1 200 OK"

2026-08-18 00:54:59,281 - INFO - HTTP Request: POST http://localhost:8002/v1/chat/completions "HTTP/1.1 200 OK"

r3_cfg2:  90%|█████████ | 45/50 [1:09:56<10:49, 129.85s/it]2026-08-18 00:55:16,435 - INFO - HTTP Request: POST http://localhost:8002/v1/chat/completions "HTTP/1.1 200 OK"
2026-08-18 00:55:19,188 - INFO - HTTP Request: POST http://localhost:8002/v1/chat/completions "HTTP/1.1 200 OK"
2026-08-18 00:55:21,682 - INFO - HTTP Request: POST http://localhost:8002/v1/chat/completions "HTTP/1.1 200 OK"
2026-08-18 00:55:24,236 - INFO - HTTP Request: POST http://localhost:8002/v1/chat/completions "HTTP/1.1 200 OK"
2026-08-18 00:55:28,918 - INFO - HTTP Request: POST http://localhost:8002/v1/chat/completions "HTTP/1.1 200 OK"

r3_cfg2:  92%|█████████▏| 46/50 [1:10:26<06:39, 99.78s/it] 2026-08-18 00:55:31,753 - INFO - HTTP Request: POST http://localhost:8002/v1/chat/completions "HTTP/1.1 200 OK"

r3_cfg2:  94%|█████████▍| 47/50 [1:10:29<03:32, 70.70s/it]2026-08-18 00:55:32,841 - INFO - HTTP Request: POST http://localhost:8002/v1/chat/completions "HTTP/1.1 200 OK"

2026-08-18 00:55:37,623 - INFO - HTTP Request: POST http://localhost:8002/v1/chat/completions "HTTP/1.1 200 OK"

r3_cfg2:  96%|█████████▌| 48/50 [1:10:35<01:42, 51.25s/it]2026-08-18 00:55:50,833 - INFO - HTTP Request: POST http://localhost:8002/v1/chat/completions "HTTP/1.1 200 OK"
2026-08-18 00:55:58,986 - INFO - HTTP Request: POST http://localhost:8002/v1/chat/completions "HTTP/1.1 200 OK"
2026-08-18 00:56:07,226 - INFO - HTTP Request: POST http://localhost:8002/v1/chat/completions "HTTP/1.1 200 OK"

2026-08-18 00:56:09,218 - INFO - HTTP Request: POST http://localhost:8002/v1/chat/completions "HTTP/1.1 200 OK"

2026-08-18 00:56:32,859 - INFO - HTTP Request: POST http://localhost:8002/v1/chat/completions "HTTP/1.1 200 OK"
2026-08-18 00:56:33,392 - INFO - HTTP Request: POST http://localhost:8002/v1/chat/completions "HTTP/1.1 200 OK"
2026-08-18 00:56:45,791 - INFO - HTTP Request: POST http://localhost:8002/v1/chat/completions "HTTP/1.1 200 OK"

2026-08-18 00:56:46,915 - INFO - HTTP Request: POST http://localhost:8002/v1/chat/completions "HTTP/1.1 200 OK"

2026-08-18 00:57:09,691 - INFO - HTTP Request: POST http://localhost:8002/v1/chat/completions "HTTP/1.1 200 OK"
2026-08-18 00:57:10,900 - INFO - HTTP Request: POST http://localhost:8002/v1/chat/completions "HTTP/1.1 200 OK"
2026-08-18 00:57:22,387 - INFO - HTTP Request: POST http://localhost:8002/v1/chat/completions "HTTP/1.1 200 OK"

2026-08-18 00:57:23,294 - INFO - HTTP Request: POST http://localhost:8002/v1/chat/completions "HTTP/1.1 200 OK"

2026-08-18 00:57:42,828 - INFO - HTTP Request: POST http://localhost:8002/v1/chat/completions "HTTP/1.1 200 OK"
2026-08-18 00:57:45,628 - INFO - HTTP Request: POST http://localhost:8002/v1/chat/completions "HTTP/1.1 200 OK"
2026-08-18 00:57:51,613 - INFO - HTTP Request: POST http://localhost:8002/v1/chat/completions "HTTP/1.1 200 OK"

2026-08-18 00:57:57,728 - INFO - HTTP Request: POST http://localhost:8002/v1/chat/completions "HTTP/1.1 200 OK"

2026-08-18 00:58:17,263 - INFO - HTTP Request: POST http://localhost:8002/v1/chat/completions "HTTP/1.1 200 OK"
2026-08-18 00:58:19,990 - INFO - HTTP Request: POST http://localhost:8002/v1/chat/completions "HTTP/1.1 200 OK"
2026-08-18 00:58:30,824 - INFO - HTTP Request: POST http://localhost:8002/v1/chat/completions "HTTP/1.1 200 OK"

2026-08-18 00:58:33,685 - INFO - HTTP Request: POST http://localhost:8002/v1/chat/completions "HTTP/1.1 200 OK"

2026-08-18 00:58:53,433 - INFO - HTTP Request: POST http://localhost:8002/v1/chat/completions "HTTP/1.1 200 OK"
2026-08-18 00:58:59,275 - INFO - HTTP Request: POST http://localhost:8002/v1/chat/completions "HTTP/1.1 200 OK"
2026-08-18 00:59:04,175 - INFO - HTTP Request: POST http://localhost:8002/v1/chat/completions "HTTP/1.1 200 OK"

2026-08-18 00:59:13,982 - INFO - HTTP Request: POST http://localhost:8002/v1/chat/completions "HTTP/1.1 200 OK"

2026-08-18 00:59:32,867 - INFO - HTTP Request: POST http://localhost:8002/v1/chat/completions "HTTP/1.1 200 OK"
2026-08-18 00:59:33,935 - INFO - HTTP Request: POST http://localhost:8002/v1/chat/completions "HTTP/1.1 200 OK"
2026-08-18 00:59:45,802 - INFO - HTTP Request: POST http://localhost:8002/v1/chat/completions "HTTP/1.1 200 OK"

2026-08-18 00:59:50,617 - INFO - HTTP Request: POST http://localhost:8002/v1/chat/completions "HTTP/1.1 200 OK"

2026-08-18 01:00:17,739 - INFO - HTTP Request: POST http://localhost:8002/v1/chat/completions "HTTP/1.1 200 OK"
2026-08-18 01:00:19,676 - INFO - HTTP Request: POST http://localhost:8002/v1/chat/completions "HTTP/1.1 200 OK"
2026-08-18 01:00:31,539 - INFO - HTTP Request: POST http://localhost:8002/v1/chat/completions "HTTP/1.1 200 OK"

2026-08-18 01:00:31,756 - INFO - HTTP Request: POST http://localhost:8002/v1/chat/completions "HTTP/1.1 200 OK"

r3_cfg2:  98%|█████████▊| 49/50 [1:15:29<02:04, 124.11s/it]2026-08-18 01:00:37,687 - INFO - HTTP Request: POST http://localhost:8002/v1/chat/completions "HTTP/1.1 200 OK"
2026-08-18 01:00:40,239 - INFO - HTTP Request: POST http://localhost:8002/v1/chat/completions "HTTP/1.1 200 OK"

r3_cfg2: 100%|██████████| 50/50 [1:15:37<00:00, 89.43s/it] r3_cfg2: 100%|██████████| 50/50 [1:15:37<00:00, 90.76s/it]
  done in 4537.9s (valid 50/50, invalid {})

Scored 1 model/s.
Report:  /LAB/Swiss-Knife/tribunal/bayes_search_honesty/eval_results/round3/r3_cfg2/report/index.html
Tables:  /LAB/Swiss-Knife/tribunal/bayes_search_honesty/eval_results/round3/r3_cfg2/model_summary.csv, /LAB/Swiss-Knife/tribunal/bayes_search_honesty/eval_results/round3/r3_cfg2/summary.csv
