2026-08-17 10:01:26,755 - INFO - Judge client pointed at http://localhost:8002/v1
2026-08-17 10:01:29,954 - INFO - Loading Detoxify model (CPU)
2026-08-17 10:01:33,782 - INFO - HTTP Request: HEAD https://huggingface.co/bert-base-uncased/resolve/main/config.json "HTTP/1.1 200 OK"
Warning: You are sending unauthenticated requests to the HF Hub. Please set a HF_TOKEN to enable higher rate limits and faster downloads.
2026-08-17 10:01:33,783 - WARNING - Warning: You are sending unauthenticated requests to the HF Hub. Please set a HF_TOKEN to enable higher rate limits and faster downloads.
input:  /LAB/Swiss-Knife/tribunal/bayes_search_honesty/eval_results/round0/r0_cfg21/_tribunal_input_tmp (1 model file/s)
output: /LAB/Swiss-Knife/tribunal/bayes_search_honesty/eval_results/round0/r0_cfg21
judge:  Qwen/Qwen2.5-32B-Instruct @ http://localhost:8002/v1
detoxify cross-check: True
Loading weights:   0%|          | 0/201 [00:00<?, ?it/s]Loading weights: 100%|██████████| 201/201 [00:00<00:00, 23394.80it/s]
2026-08-17 10:01:34,116 - INFO - HTTP Request: HEAD https://huggingface.co/bert-base-uncased/resolve/main/tokenizer_config.json "HTTP/1.1 200 OK"
2026-08-17 10:01:34,342 - INFO - HTTP Request: GET https://huggingface.co/api/models/bert-base-uncased/tree/main/additional_chat_templates?recursive=false&expand=false "HTTP/1.1 307 Temporary Redirect"
2026-08-17 10:01:34,553 - INFO - HTTP Request: GET https://huggingface.co/api/models/google-bert/bert-base-uncased/tree/main/additional_chat_templates?recursive=false&expand=false "HTTP/1.1 404 Not Found"
2026-08-17 10:01:34,763 - INFO - HTTP Request: GET https://huggingface.co/api/models/bert-base-uncased/tree/main?recursive=true&expand=false "HTTP/1.1 307 Temporary Redirect"
2026-08-17 10:01:34,976 - INFO - HTTP Request: GET https://huggingface.co/api/models/google-bert/bert-base-uncased/tree/main?recursive=true&expand=false "HTTP/1.1 200 OK"

[1/1] r0_cfg21
  scoring 50 records (0 skipped or cached) [workers=4]
r0_cfg21:   0%|          | 0/50 [00:00<?, ?it/s]2026-08-17 10:01:57,894 - INFO - HTTP Request: POST http://localhost:8002/v1/chat/completions "HTTP/1.1 200 OK"
2026-08-17 10:01:58,111 - INFO - HTTP Request: POST http://localhost:8002/v1/chat/completions "HTTP/1.1 200 OK"
2026-08-17 10:01:58,112 - INFO - HTTP Request: POST http://localhost:8002/v1/chat/completions "HTTP/1.1 200 OK"
2026-08-17 10:01:58,578 - INFO - HTTP Request: POST http://localhost:8002/v1/chat/completions "HTTP/1.1 200 OK"
2026-08-17 10:02:10,678 - INFO - HTTP Request: POST http://localhost:8002/v1/chat/completions "HTTP/1.1 200 OK"

2026-08-17 10:02:11,402 - INFO - HTTP Request: POST http://localhost:8002/v1/chat/completions "HTTP/1.1 200 OK"

2026-08-17 10:02:12,490 - INFO - HTTP Request: POST http://localhost:8002/v1/chat/completions "HTTP/1.1 200 OK"

2026-08-17 10:02:14,881 - INFO - HTTP Request: POST http://localhost:8002/v1/chat/completions "HTTP/1.1 200 OK"

2026-08-17 10:02:36,794 - INFO - HTTP Request: POST http://localhost:8002/v1/chat/completions "HTTP/1.1 200 OK"
2026-08-17 10:02:37,960 - INFO - HTTP Request: POST http://localhost:8002/v1/chat/completions "HTTP/1.1 200 OK"
2026-08-17 10:02:39,418 - INFO - HTTP Request: POST http://localhost:8002/v1/chat/completions "HTTP/1.1 200 OK"
2026-08-17 10:02:41,867 - INFO - HTTP Request: POST http://localhost:8002/v1/chat/completions "HTTP/1.1 200 OK"
2026-08-17 10:02:48,941 - INFO - HTTP Request: POST http://localhost:8002/v1/chat/completions "HTTP/1.1 200 OK"

2026-08-17 10:02:49,647 - INFO - HTTP Request: POST http://localhost:8002/v1/chat/completions "HTTP/1.1 200 OK"

2026-08-17 10:02:53,132 - INFO - HTTP Request: POST http://localhost:8002/v1/chat/completions "HTTP/1.1 200 OK"

2026-08-17 10:02:55,744 - INFO - HTTP Request: POST http://localhost:8002/v1/chat/completions "HTTP/1.1 200 OK"

2026-08-17 10:03:13,331 - INFO - HTTP Request: POST http://localhost:8002/v1/chat/completions "HTTP/1.1 200 OK"
2026-08-17 10:03:14,431 - INFO - HTTP Request: POST http://localhost:8002/v1/chat/completions "HTTP/1.1 200 OK"
2026-08-17 10:03:18,285 - INFO - HTTP Request: POST http://localhost:8002/v1/chat/completions "HTTP/1.1 200 OK"
2026-08-17 10:03:20,950 - INFO - HTTP Request: POST http://localhost:8002/v1/chat/completions "HTTP/1.1 200 OK"
2026-08-17 10:03:28,242 - INFO - HTTP Request: POST http://localhost:8002/v1/chat/completions "HTTP/1.1 200 OK"

2026-08-17 10:03:28,680 - INFO - HTTP Request: POST http://localhost:8002/v1/chat/completions "HTTP/1.1 200 OK"

2026-08-17 10:03:30,697 - INFO - HTTP Request: POST http://localhost:8002/v1/chat/completions "HTTP/1.1 200 OK"

2026-08-17 10:03:32,662 - INFO - HTTP Request: POST http://localhost:8002/v1/chat/completions "HTTP/1.1 200 OK"

2026-08-17 10:03:52,427 - INFO - HTTP Request: POST http://localhost:8002/v1/chat/completions "HTTP/1.1 200 OK"
2026-08-17 10:03:53,197 - INFO - HTTP Request: POST http://localhost:8002/v1/chat/completions "HTTP/1.1 200 OK"
2026-08-17 10:03:55,483 - INFO - HTTP Request: POST http://localhost:8002/v1/chat/completions "HTTP/1.1 200 OK"
2026-08-17 10:03:57,803 - INFO - HTTP Request: POST http://localhost:8002/v1/chat/completions "HTTP/1.1 200 OK"
2026-08-17 10:04:04,997 - INFO - HTTP Request: POST http://localhost:8002/v1/chat/completions "HTTP/1.1 200 OK"

2026-08-17 10:04:06,360 - INFO - HTTP Request: POST http://localhost:8002/v1/chat/completions "HTTP/1.1 200 OK"

2026-08-17 10:04:06,578 - INFO - HTTP Request: POST http://localhost:8002/v1/chat/completions "HTTP/1.1 200 OK"

2026-08-17 10:04:10,508 - INFO - HTTP Request: POST http://localhost:8002/v1/chat/completions "HTTP/1.1 200 OK"

2026-08-17 10:04:24,410 - INFO - HTTP Request: POST http://localhost:8002/v1/chat/completions "HTTP/1.1 200 OK"
2026-08-17 10:04:26,295 - INFO - HTTP Request: POST http://localhost:8002/v1/chat/completions "HTTP/1.1 200 OK"
2026-08-17 10:04:26,513 - INFO - HTTP Request: POST http://localhost:8002/v1/chat/completions "HTTP/1.1 200 OK"
2026-08-17 10:04:31,249 - INFO - HTTP Request: POST http://localhost:8002/v1/chat/completions "HTTP/1.1 200 OK"
2026-08-17 10:04:36,366 - INFO - HTTP Request: POST http://localhost:8002/v1/chat/completions "HTTP/1.1 200 OK"

2026-08-17 10:04:38,395 - INFO - HTTP Request: POST http://localhost:8002/v1/chat/completions "HTTP/1.1 200 OK"

2026-08-17 10:04:41,012 - INFO - HTTP Request: POST http://localhost:8002/v1/chat/completions "HTTP/1.1 200 OK"

2026-08-17 10:04:45,146 - INFO - HTTP Request: POST http://localhost:8002/v1/chat/completions "HTTP/1.1 200 OK"

2026-08-17 10:05:05,129 - INFO - HTTP Request: POST http://localhost:8002/v1/chat/completions "HTTP/1.1 200 OK"
2026-08-17 10:05:07,536 - INFO - HTTP Request: POST http://localhost:8002/v1/chat/completions "HTTP/1.1 200 OK"
2026-08-17 10:05:10,201 - INFO - HTTP Request: POST http://localhost:8002/v1/chat/completions "HTTP/1.1 200 OK"
2026-08-17 10:05:14,713 - INFO - HTTP Request: POST http://localhost:8002/v1/chat/completions "HTTP/1.1 200 OK"
2026-08-17 10:05:16,991 - INFO - HTTP Request: POST http://localhost:8002/v1/chat/completions "HTTP/1.1 200 OK"

2026-08-17 10:05:21,642 - INFO - HTTP Request: POST http://localhost:8002/v1/chat/completions "HTTP/1.1 200 OK"

2026-08-17 10:05:26,001 - INFO - HTTP Request: POST http://localhost:8002/v1/chat/completions "HTTP/1.1 200 OK"

2026-08-17 10:05:29,048 - INFO - HTTP Request: POST http://localhost:8002/v1/chat/completions "HTTP/1.1 200 OK"

2026-08-17 10:05:37,084 - INFO - HTTP Request: POST http://localhost:8002/v1/chat/completions "HTTP/1.1 200 OK"
2026-08-17 10:05:41,868 - INFO - HTTP Request: POST http://localhost:8002/v1/chat/completions "HTTP/1.1 200 OK"
2026-08-17 10:05:46,595 - INFO - HTTP Request: POST http://localhost:8002/v1/chat/completions "HTTP/1.1 200 OK"
2026-08-17 10:05:48,279 - INFO - HTTP Request: POST http://localhost:8002/v1/chat/completions "HTTP/1.1 200 OK"

2026-08-17 10:05:50,163 - INFO - HTTP Request: POST http://localhost:8002/v1/chat/completions "HTTP/1.1 200 OK"
2026-08-17 10:05:54,625 - INFO - HTTP Request: POST http://localhost:8002/v1/chat/completions "HTTP/1.1 200 OK"

2026-08-17 10:05:58,984 - INFO - HTTP Request: POST http://localhost:8002/v1/chat/completions "HTTP/1.1 200 OK"

2026-08-17 10:06:06,382 - INFO - HTTP Request: POST http://localhost:8002/v1/chat/completions "HTTP/1.1 200 OK"

2026-08-17 10:06:17,897 - INFO - HTTP Request: POST http://localhost:8002/v1/chat/completions "HTTP/1.1 200 OK"
2026-08-17 10:06:23,997 - INFO - HTTP Request: POST http://localhost:8002/v1/chat/completions "HTTP/1.1 200 OK"
2026-08-17 10:06:28,724 - INFO - HTTP Request: POST http://localhost:8002/v1/chat/completions "HTTP/1.1 200 OK"
2026-08-17 10:06:30,409 - INFO - HTTP Request: POST http://localhost:8002/v1/chat/completions "HTTP/1.1 200 OK"

2026-08-17 10:06:36,641 - INFO - HTTP Request: POST http://localhost:8002/v1/chat/completions "HTTP/1.1 200 OK"
2026-08-17 10:06:38,487 - INFO - HTTP Request: POST http://localhost:8002/v1/chat/completions "HTTP/1.1 200 OK"

2026-08-17 10:06:43,724 - INFO - HTTP Request: POST http://localhost:8002/v1/chat/completions "HTTP/1.1 200 OK"

2026-08-17 10:06:51,779 - INFO - HTTP Request: POST http://localhost:8002/v1/chat/completions "HTTP/1.1 200 OK"

2026-08-17 10:07:03,298 - INFO - HTTP Request: POST http://localhost:8002/v1/chat/completions "HTTP/1.1 200 OK"
2026-08-17 10:07:11,789 - INFO - HTTP Request: POST http://localhost:8002/v1/chat/completions "HTTP/1.1 200 OK"
2026-08-17 10:07:14,924 - INFO - HTTP Request: POST http://localhost:8002/v1/chat/completions "HTTP/1.1 200 OK"

r0_cfg21:   2%|▏         | 1/50 [05:39<4:37:33, 339.87s/it]2026-08-17 10:07:17,103 - INFO - HTTP Request: POST http://localhost:8002/v1/chat/completions "HTTP/1.1 200 OK"
2026-08-17 10:07:26,132 - INFO - HTTP Request: POST http://localhost:8002/v1/chat/completions "HTTP/1.1 200 OK"
2026-08-17 10:07:27,108 - INFO - HTTP Request: POST http://localhost:8002/v1/chat/completions "HTTP/1.1 200 OK"

r0_cfg21:   4%|▍         | 2/50 [05:52<1:57:41, 147.11s/it]2026-08-17 10:07:29,289 - INFO - HTTP Request: POST http://localhost:8002/v1/chat/completions "HTTP/1.1 200 OK"

r0_cfg21:   6%|▌         | 3/50 [05:54<1:03:23, 80.94s/it] 2026-08-17 10:07:37,336 - INFO - HTTP Request: POST http://localhost:8002/v1/chat/completions "HTTP/1.1 200 OK"
2026-08-17 10:07:42,193 - INFO - HTTP Request: POST http://localhost:8002/v1/chat/completions "HTTP/1.1 200 OK"

r0_cfg21:   8%|▊         | 4/50 [06:07<41:27, 54.08s/it]  2026-08-17 10:07:47,409 - INFO - HTTP Request: POST http://localhost:8002/v1/chat/completions "HTTP/1.1 200 OK"

2026-08-17 10:07:48,930 - INFO - HTTP Request: POST http://localhost:8002/v1/chat/completions "HTTP/1.1 200 OK"
2026-08-17 10:07:51,418 - INFO - HTTP Request: POST http://localhost:8002/v1/chat/completions "HTTP/1.1 200 OK"
2026-08-17 10:08:02,817 - INFO - HTTP Request: POST http://localhost:8002/v1/chat/completions "HTTP/1.1 200 OK"

2026-08-17 10:08:04,993 - INFO - HTTP Request: POST http://localhost:8002/v1/chat/completions "HTTP/1.1 200 OK"
2026-08-17 10:08:06,668 - INFO - HTTP Request: POST http://localhost:8002/v1/chat/completions "HTTP/1.1 200 OK"

2026-08-17 10:08:14,494 - INFO - HTTP Request: POST http://localhost:8002/v1/chat/completions "HTTP/1.1 200 OK"
2026-08-17 10:08:18,703 - INFO - HTTP Request: POST http://localhost:8002/v1/chat/completions "HTTP/1.1 200 OK"

2026-08-17 10:08:25,005 - INFO - HTTP Request: POST http://localhost:8002/v1/chat/completions "HTTP/1.1 200 OK"

2026-08-17 10:08:29,352 - INFO - HTTP Request: POST http://localhost:8002/v1/chat/completions "HTTP/1.1 200 OK"
2026-08-17 10:08:33,146 - INFO - HTTP Request: POST http://localhost:8002/v1/chat/completions "HTTP/1.1 200 OK"
2026-08-17 10:08:41,280 - INFO - HTTP Request: POST http://localhost:8002/v1/chat/completions "HTTP/1.1 200 OK"

2026-08-17 10:08:45,414 - INFO - HTTP Request: POST http://localhost:8002/v1/chat/completions "HTTP/1.1 200 OK"
2026-08-17 10:08:47,963 - INFO - HTTP Request: POST http://localhost:8002/v1/chat/completions "HTTP/1.1 200 OK"

2026-08-17 10:08:50,359 - INFO - HTTP Request: POST http://localhost:8002/v1/chat/completions "HTTP/1.1 200 OK"
2026-08-17 10:08:58,702 - INFO - HTTP Request: POST http://localhost:8002/v1/chat/completions "HTTP/1.1 200 OK"

2026-08-17 10:08:59,574 - INFO - HTTP Request: POST http://localhost:8002/v1/chat/completions "HTTP/1.1 200 OK"

2026-08-17 10:09:06,100 - INFO - HTTP Request: POST http://localhost:8002/v1/chat/completions "HTTP/1.1 200 OK"
2026-08-17 10:09:12,726 - INFO - HTTP Request: POST http://localhost:8002/v1/chat/completions "HTTP/1.1 200 OK"
2026-08-17 10:09:19,773 - INFO - HTTP Request: POST http://localhost:8002/v1/chat/completions "HTTP/1.1 200 OK"

2026-08-17 10:09:23,697 - INFO - HTTP Request: POST http://localhost:8002/v1/chat/completions "HTTP/1.1 200 OK"
2026-08-17 10:09:23,698 - INFO - HTTP Request: POST http://localhost:8002/v1/chat/completions "HTTP/1.1 200 OK"
2026-08-17 10:09:26,702 - INFO - HTTP Request: POST http://localhost:8002/v1/chat/completions "HTTP/1.1 200 OK"

2026-08-17 10:09:34,105 - INFO - HTTP Request: POST http://localhost:8002/v1/chat/completions "HTTP/1.1 200 OK"

2026-08-17 10:09:36,504 - INFO - HTTP Request: POST http://localhost:8002/v1/chat/completions "HTTP/1.1 200 OK"

2026-08-17 10:09:44,542 - INFO - HTTP Request: POST http://localhost:8002/v1/chat/completions "HTTP/1.1 200 OK"
2026-08-17 10:09:50,945 - INFO - HTTP Request: POST http://localhost:8002/v1/chat/completions "HTTP/1.1 200 OK"
2026-08-17 10:09:56,901 - INFO - HTTP Request: POST http://localhost:8002/v1/chat/completions "HTTP/1.1 200 OK"
2026-08-17 10:09:57,628 - INFO - HTTP Request: POST http://localhost:8002/v1/chat/completions "HTTP/1.1 200 OK"

2026-08-17 10:09:58,723 - INFO - HTTP Request: POST http://localhost:8002/v1/chat/completions "HTTP/1.1 200 OK"
2026-08-17 10:10:04,486 - INFO - HTTP Request: POST http://localhost:8002/v1/chat/completions "HTTP/1.1 200 OK"

2026-08-17 10:10:07,106 - INFO - HTTP Request: POST http://localhost:8002/v1/chat/completions "HTTP/1.1 200 OK"

2026-08-17 10:10:11,238 - INFO - HTTP Request: POST http://localhost:8002/v1/chat/completions "HTTP/1.1 200 OK"

2026-08-17 10:10:17,758 - INFO - HTTP Request: POST http://localhost:8002/v1/chat/completions "HTTP/1.1 200 OK"
2026-08-17 10:10:24,598 - INFO - HTTP Request: POST http://localhost:8002/v1/chat/completions "HTTP/1.1 200 OK"
2026-08-17 10:10:31,643 - INFO - HTTP Request: POST http://localhost:8002/v1/chat/completions "HTTP/1.1 200 OK"
2026-08-17 10:10:31,861 - INFO - HTTP Request: POST http://localhost:8002/v1/chat/completions "HTTP/1.1 200 OK"

2026-08-17 10:10:34,628 - INFO - HTTP Request: POST http://localhost:8002/v1/chat/completions "HTTP/1.1 200 OK"

2026-08-17 10:10:36,804 - INFO - HTTP Request: POST http://localhost:8002/v1/chat/completions "HTTP/1.1 200 OK"
2026-08-17 10:10:44,054 - INFO - HTTP Request: POST http://localhost:8002/v1/chat/completions "HTTP/1.1 200 OK"

2026-08-17 10:10:48,617 - INFO - HTTP Request: POST http://localhost:8002/v1/chat/completions "HTTP/1.1 200 OK"

2026-08-17 10:11:00,992 - INFO - HTTP Request: POST http://localhost:8002/v1/chat/completions "HTTP/1.1 200 OK"
2026-08-17 10:11:03,694 - INFO - HTTP Request: POST http://localhost:8002/v1/chat/completions "HTTP/1.1 200 OK"
2026-08-17 10:11:09,210 - INFO - HTTP Request: POST http://localhost:8002/v1/chat/completions "HTTP/1.1 200 OK"
2026-08-17 10:11:11,246 - INFO - HTTP Request: POST http://localhost:8002/v1/chat/completions "HTTP/1.1 200 OK"

2026-08-17 10:11:13,425 - INFO - HTTP Request: POST http://localhost:8002/v1/chat/completions "HTTP/1.1 200 OK"
2026-08-17 10:11:15,050 - INFO - HTTP Request: POST http://localhost:8002/v1/chat/completions "HTTP/1.1 200 OK"

2026-08-17 10:11:21,581 - INFO - HTTP Request: POST http://localhost:8002/v1/chat/completions "HTTP/1.1 200 OK"

2026-08-17 10:11:26,369 - INFO - HTTP Request: POST http://localhost:8002/v1/chat/completions "HTTP/1.1 200 OK"

2026-08-17 10:11:31,582 - INFO - HTTP Request: POST http://localhost:8002/v1/chat/completions "HTTP/1.1 200 OK"
2026-08-17 10:11:35,379 - INFO - HTTP Request: POST http://localhost:8002/v1/chat/completions "HTTP/1.1 200 OK"
2026-08-17 10:11:45,476 - INFO - HTTP Request: POST http://localhost:8002/v1/chat/completions "HTTP/1.1 200 OK"

2026-08-17 10:11:47,001 - INFO - HTTP Request: POST http://localhost:8002/v1/chat/completions "HTTP/1.1 200 OK"
2026-08-17 10:11:49,332 - INFO - HTTP Request: POST http://localhost:8002/v1/chat/completions "HTTP/1.1 200 OK"

2026-08-17 10:11:51,727 - INFO - HTTP Request: POST http://localhost:8002/v1/chat/completions "HTTP/1.1 200 OK"
2026-08-17 10:12:00,507 - INFO - HTTP Request: POST http://localhost:8002/v1/chat/completions "HTTP/1.1 200 OK"

2026-08-17 10:12:06,595 - INFO - HTTP Request: POST http://localhost:8002/v1/chat/completions "HTTP/1.1 200 OK"

2026-08-17 10:12:15,072 - INFO - HTTP Request: POST http://localhost:8002/v1/chat/completions "HTTP/1.1 200 OK"
2026-08-17 10:12:18,867 - INFO - HTTP Request: POST http://localhost:8002/v1/chat/completions "HTTP/1.1 200 OK"
2026-08-17 10:12:28,526 - INFO - HTTP Request: POST http://localhost:8002/v1/chat/completions "HTTP/1.1 200 OK"

2026-08-17 10:12:30,278 - INFO - HTTP Request: POST http://localhost:8002/v1/chat/completions "HTTP/1.1 200 OK"
2026-08-17 10:12:32,389 - INFO - HTTP Request: POST http://localhost:8002/v1/chat/completions "HTTP/1.1 200 OK"

2026-08-17 10:12:40,662 - INFO - HTTP Request: POST http://localhost:8002/v1/chat/completions "HTTP/1.1 200 OK"
2026-08-17 10:12:42,695 - INFO - HTTP Request: POST http://localhost:8002/v1/chat/completions "HTTP/1.1 200 OK"

2026-08-17 10:12:51,614 - INFO - HTTP Request: POST http://localhost:8002/v1/chat/completions "HTTP/1.1 200 OK"

r0_cfg21:  10%|█         | 5/50 [11:16<1:49:37, 146.16s/it]2026-08-17 10:13:02,038 - INFO - HTTP Request: POST http://localhost:8002/v1/chat/completions "HTTP/1.1 200 OK"
2026-08-17 10:13:05,834 - INFO - HTTP Request: POST http://localhost:8002/v1/chat/completions "HTTP/1.1 200 OK"
2026-08-17 10:13:14,192 - INFO - HTTP Request: POST http://localhost:8002/v1/chat/completions "HTTP/1.1 200 OK"
2026-08-17 10:13:16,692 - INFO - HTTP Request: POST http://localhost:8002/v1/chat/completions "HTTP/1.1 200 OK"
2026-08-17 10:13:16,693 - INFO - HTTP Request: POST http://localhost:8002/v1/chat/completions "HTTP/1.1 200 OK"

r0_cfg21:  12%|█▏        | 6/50 [11:41<1:16:59, 104.99s/it]2026-08-17 10:13:18,810 - INFO - HTTP Request: POST http://localhost:8002/v1/chat/completions "HTTP/1.1 200 OK"

r0_cfg21:  14%|█▍        | 7/50 [11:43<51:08, 71.36s/it]   2026-08-17 10:13:27,957 - INFO - HTTP Request: POST http://localhost:8002/v1/chat/completions "HTTP/1.1 200 OK"

2026-08-17 10:13:28,391 - INFO - HTTP Request: POST http://localhost:8002/v1/chat/completions "HTTP/1.1 200 OK"

r0_cfg21:  16%|█▌        | 8/50 [11:53<36:11, 51.69s/it]2026-08-17 10:13:38,811 - INFO - HTTP Request: POST http://localhost:8002/v1/chat/completions "HTTP/1.1 200 OK"
2026-08-17 10:13:41,136 - INFO - HTTP Request: POST http://localhost:8002/v1/chat/completions "HTTP/1.1 200 OK"
2026-08-17 10:13:50,870 - INFO - HTTP Request: POST http://localhost:8002/v1/chat/completions "HTTP/1.1 200 OK"

2026-08-17 10:13:51,090 - INFO - HTTP Request: POST http://localhost:8002/v1/chat/completions "HTTP/1.1 200 OK"
2026-08-17 10:13:54,238 - INFO - HTTP Request: POST http://localhost:8002/v1/chat/completions "HTTP/1.1 200 OK"

2026-08-17 10:13:55,110 - INFO - HTTP Request: POST http://localhost:8002/v1/chat/completions "HTTP/1.1 200 OK"
2026-08-17 10:14:04,623 - INFO - HTTP Request: POST http://localhost:8002/v1/chat/completions "HTTP/1.1 200 OK"

2026-08-17 10:14:08,972 - INFO - HTTP Request: POST http://localhost:8002/v1/chat/completions "HTTP/1.1 200 OK"

2026-08-17 10:14:17,656 - INFO - HTTP Request: POST http://localhost:8002/v1/chat/completions "HTTP/1.1 200 OK"
2026-08-17 10:14:20,858 - INFO - HTTP Request: POST http://localhost:8002/v1/chat/completions "HTTP/1.1 200 OK"
2026-08-17 10:14:31,541 - INFO - HTTP Request: POST http://localhost:8002/v1/chat/completions "HTTP/1.1 200 OK"
2026-08-17 10:14:32,955 - INFO - HTTP Request: POST http://localhost:8002/v1/chat/completions "HTTP/1.1 200 OK"

2026-08-17 10:14:34,484 - INFO - HTTP Request: POST http://localhost:8002/v1/chat/completions "HTTP/1.1 200 OK"
2026-08-17 10:14:36,329 - INFO - HTTP Request: POST http://localhost:8002/v1/chat/completions "HTTP/1.1 200 OK"

2026-08-17 10:14:44,170 - INFO - HTTP Request: POST http://localhost:8002/v1/chat/completions "HTTP/1.1 200 OK"

2026-08-17 10:14:45,919 - INFO - HTTP Request: POST http://localhost:8002/v1/chat/completions "HTTP/1.1 200 OK"

2026-08-17 10:14:57,642 - INFO - HTTP Request: POST http://localhost:8002/v1/chat/completions "HTTP/1.1 200 OK"
2026-08-17 10:15:01,056 - INFO - HTTP Request: POST http://localhost:8002/v1/chat/completions "HTTP/1.1 200 OK"
2026-08-17 10:15:08,396 - INFO - HTTP Request: POST http://localhost:8002/v1/chat/completions "HTTP/1.1 200 OK"

2026-08-17 10:15:08,831 - INFO - HTTP Request: POST http://localhost:8002/v1/chat/completions "HTTP/1.1 200 OK"
2026-08-17 10:15:10,245 - INFO - HTTP Request: POST http://localhost:8002/v1/chat/completions "HTTP/1.1 200 OK"
2026-08-17 10:15:16,132 - INFO - HTTP Request: POST http://localhost:8002/v1/chat/completions "HTTP/1.1 200 OK"

2026-08-17 10:15:23,109 - INFO - HTTP Request: POST http://localhost:8002/v1/chat/completions "HTTP/1.1 200 OK"

2026-08-17 10:15:24,206 - INFO - HTTP Request: POST http://localhost:8002/v1/chat/completions "HTTP/1.1 200 OK"

2026-08-17 10:15:33,109 - INFO - HTTP Request: POST http://localhost:8002/v1/chat/completions "HTTP/1.1 200 OK"
2026-08-17 10:15:40,384 - INFO - HTTP Request: POST http://localhost:8002/v1/chat/completions "HTTP/1.1 200 OK"
2026-08-17 10:15:43,536 - INFO - HTTP Request: POST http://localhost:8002/v1/chat/completions "HTTP/1.1 200 OK"
2026-08-17 10:15:46,471 - INFO - HTTP Request: POST http://localhost:8002/v1/chat/completions "HTTP/1.1 200 OK"

2026-08-17 10:15:49,312 - INFO - HTTP Request: POST http://localhost:8002/v1/chat/completions "HTTP/1.1 200 OK"
2026-08-17 10:15:53,554 - INFO - HTTP Request: POST http://localhost:8002/v1/chat/completions "HTTP/1.1 200 OK"

2026-08-17 10:15:58,789 - INFO - HTTP Request: POST http://localhost:8002/v1/chat/completions "HTTP/1.1 200 OK"

2026-08-17 10:16:02,052 - INFO - HTTP Request: POST http://localhost:8002/v1/chat/completions "HTTP/1.1 200 OK"

2026-08-17 10:16:06,185 - INFO - HTTP Request: POST http://localhost:8002/v1/chat/completions "HTTP/1.1 200 OK"
2026-08-17 10:16:13,730 - INFO - HTTP Request: POST http://localhost:8002/v1/chat/completions "HTTP/1.1 200 OK"
2026-08-17 10:16:20,416 - INFO - HTTP Request: POST http://localhost:8002/v1/chat/completions "HTTP/1.1 200 OK"

2026-08-17 10:16:22,594 - INFO - HTTP Request: POST http://localhost:8002/v1/chat/completions "HTTP/1.1 200 OK"
2026-08-17 10:16:25,744 - INFO - HTTP Request: POST http://localhost:8002/v1/chat/completions "HTTP/1.1 200 OK"

2026-08-17 10:16:28,573 - INFO - HTTP Request: POST http://localhost:8002/v1/chat/completions "HTTP/1.1 200 OK"
2026-08-17 10:16:36,508 - INFO - HTTP Request: POST http://localhost:8002/v1/chat/completions "HTTP/1.1 200 OK"

2026-08-17 10:16:44,552 - INFO - HTTP Request: POST http://localhost:8002/v1/chat/completions "HTTP/1.1 200 OK"

2026-08-17 10:16:49,764 - INFO - HTTP Request: POST http://localhost:8002/v1/chat/completions "HTTP/1.1 200 OK"
2026-08-17 10:16:55,083 - INFO - HTTP Request: POST http://localhost:8002/v1/chat/completions "HTTP/1.1 200 OK"
2026-08-17 10:17:05,203 - INFO - HTTP Request: POST http://localhost:8002/v1/chat/completions "HTTP/1.1 200 OK"
2026-08-17 10:17:05,940 - INFO - HTTP Request: POST http://localhost:8002/v1/chat/completions "HTTP/1.1 200 OK"

2026-08-17 10:17:06,179 - INFO - HTTP Request: POST http://localhost:8002/v1/chat/completions "HTTP/1.1 200 OK"
2026-08-17 10:17:07,804 - INFO - HTTP Request: POST http://localhost:8002/v1/chat/completions "HTTP/1.1 200 OK"

2026-08-17 10:17:16,299 - INFO - HTTP Request: POST http://localhost:8002/v1/chat/completions "HTTP/1.1 200 OK"

2026-08-17 10:17:16,955 - INFO - HTTP Request: POST http://localhost:8002/v1/chat/completions "HTTP/1.1 200 OK"

2026-08-17 10:17:26,292 - INFO - HTTP Request: POST http://localhost:8002/v1/chat/completions "HTTP/1.1 200 OK"
2026-08-17 10:17:28,185 - INFO - HTTP Request: POST http://localhost:8002/v1/chat/completions "HTTP/1.1 200 OK"
2026-08-17 10:17:37,704 - INFO - HTTP Request: POST http://localhost:8002/v1/chat/completions "HTTP/1.1 200 OK"
2026-08-17 10:17:42,874 - INFO - HTTP Request: POST http://localhost:8002/v1/chat/completions "HTTP/1.1 200 OK"

2026-08-17 10:17:46,578 - INFO - HTTP Request: POST http://localhost:8002/v1/chat/completions "HTTP/1.1 200 OK"
2026-08-17 10:17:48,424 - INFO - HTTP Request: POST http://localhost:8002/v1/chat/completions "HTTP/1.1 200 OK"

2026-08-17 10:17:51,695 - INFO - HTTP Request: POST http://localhost:8002/v1/chat/completions "HTTP/1.1 200 OK"

2026-08-17 10:18:00,616 - INFO - HTTP Request: POST http://localhost:8002/v1/chat/completions "HTTP/1.1 200 OK"

2026-08-17 10:18:12,352 - INFO - HTTP Request: POST http://localhost:8002/v1/chat/completions "HTTP/1.1 200 OK"
2026-08-17 10:18:17,943 - INFO - HTTP Request: POST http://localhost:8002/v1/chat/completions "HTTP/1.1 200 OK"
2026-08-17 10:18:21,584 - INFO - HTTP Request: POST http://localhost:8002/v1/chat/completions "HTTP/1.1 200 OK"
2026-08-17 10:18:26,098 - INFO - HTTP Request: POST http://localhost:8002/v1/chat/completions "HTTP/1.1 200 OK"

2026-08-17 10:18:33,510 - INFO - HTTP Request: POST http://localhost:8002/v1/chat/completions "HTTP/1.1 200 OK"

2026-08-17 10:18:34,825 - INFO - HTTP Request: POST http://localhost:8002/v1/chat/completions "HTTP/1.1 200 OK"
2026-08-17 10:18:36,451 - INFO - HTTP Request: POST http://localhost:8002/v1/chat/completions "HTTP/1.1 200 OK"

2026-08-17 10:18:48,418 - INFO - HTTP Request: POST http://localhost:8002/v1/chat/completions "HTTP/1.1 200 OK"

r0_cfg21:  18%|█▊        | 9/50 [17:13<1:32:38, 135.58s/it]2026-08-17 10:18:59,493 - INFO - HTTP Request: POST http://localhost:8002/v1/chat/completions "HTTP/1.1 200 OK"
2026-08-17 10:19:06,825 - INFO - HTTP Request: POST http://localhost:8002/v1/chat/completions "HTTP/1.1 200 OK"
2026-08-17 10:19:10,247 - INFO - HTTP Request: POST http://localhost:8002/v1/chat/completions "HTTP/1.1 200 OK"
2026-08-17 10:19:11,492 - INFO - HTTP Request: POST http://localhost:8002/v1/chat/completions "HTTP/1.1 200 OK"
2026-08-17 10:19:13,555 - INFO - HTTP Request: POST http://localhost:8002/v1/chat/completions "HTTP/1.1 200 OK"

r0_cfg21:  20%|██        | 10/50 [17:38<1:07:39, 101.48s/it]2026-08-17 10:19:20,970 - INFO - HTTP Request: POST http://localhost:8002/v1/chat/completions "HTTP/1.1 200 OK"

r0_cfg21:  22%|██▏       | 11/50 [17:45<47:15, 72.69s/it]   2026-08-17 10:19:22,716 - INFO - HTTP Request: POST http://localhost:8002/v1/chat/completions "HTTP/1.1 200 OK"

r0_cfg21:  24%|██▍       | 12/50 [17:47<32:22, 51.11s/it]2026-08-17 10:19:24,240 - INFO - HTTP Request: POST http://localhost:8002/v1/chat/completions "HTTP/1.1 200 OK"

2026-08-17 10:19:35,523 - INFO - HTTP Request: POST http://localhost:8002/v1/chat/completions "HTTP/1.1 200 OK"
2026-08-17 10:19:43,284 - INFO - HTTP Request: POST http://localhost:8002/v1/chat/completions "HTTP/1.1 200 OK"
2026-08-17 10:19:45,175 - INFO - HTTP Request: POST http://localhost:8002/v1/chat/completions "HTTP/1.1 200 OK"
2026-08-17 10:19:51,151 - INFO - HTTP Request: POST http://localhost:8002/v1/chat/completions "HTTP/1.1 200 OK"
2026-08-17 10:19:52,123 - INFO - HTTP Request: POST http://localhost:8002/v1/chat/completions "HTTP/1.1 200 OK"

2026-08-17 10:19:55,174 - INFO - HTTP Request: POST http://localhost:8002/v1/chat/completions "HTTP/1.1 200 OK"

2026-08-17 10:19:59,531 - INFO - HTTP Request: POST http://localhost:8002/v1/chat/completions "HTTP/1.1 200 OK"

2026-08-17 10:20:02,358 - INFO - HTTP Request: POST http://localhost:8002/v1/chat/completions "HTTP/1.1 200 OK"

2026-08-17 10:20:18,203 - INFO - HTTP Request: POST http://localhost:8002/v1/chat/completions "HTTP/1.1 200 OK"
2026-08-17 10:20:21,618 - INFO - HTTP Request: POST http://localhost:8002/v1/chat/completions "HTTP/1.1 200 OK"
2026-08-17 10:20:26,113 - INFO - HTTP Request: POST http://localhost:8002/v1/chat/completions "HTTP/1.1 200 OK"
2026-08-17 10:20:27,520 - INFO - HTTP Request: POST http://localhost:8002/v1/chat/completions "HTTP/1.1 200 OK"
2026-08-17 10:20:30,454 - INFO - HTTP Request: POST http://localhost:8002/v1/chat/completions "HTTP/1.1 200 OK"

2026-08-17 10:20:32,418 - INFO - HTTP Request: POST http://localhost:8002/v1/chat/completions "HTTP/1.1 200 OK"

2026-08-17 10:20:40,912 - INFO - HTTP Request: POST http://localhost:8002/v1/chat/completions "HTTP/1.1 200 OK"

2026-08-17 10:20:41,568 - INFO - HTTP Request: POST http://localhost:8002/v1/chat/completions "HTTP/1.1 200 OK"

2026-08-17 10:20:54,815 - INFO - HTTP Request: POST http://localhost:8002/v1/chat/completions "HTTP/1.1 200 OK"
2026-08-17 10:20:57,143 - INFO - HTTP Request: POST http://localhost:8002/v1/chat/completions "HTTP/1.1 200 OK"
2026-08-17 10:21:05,772 - INFO - HTTP Request: POST http://localhost:8002/v1/chat/completions "HTTP/1.1 200 OK"
2026-08-17 10:21:06,491 - INFO - HTTP Request: POST http://localhost:8002/v1/chat/completions "HTTP/1.1 200 OK"
2026-08-17 10:21:09,450 - INFO - HTTP Request: POST http://localhost:8002/v1/chat/completions "HTTP/1.1 200 OK"

2026-08-17 10:21:10,549 - INFO - HTTP Request: POST http://localhost:8002/v1/chat/completions "HTTP/1.1 200 OK"

2026-08-17 10:21:16,872 - INFO - HTTP Request: POST http://localhost:8002/v1/chat/completions "HTTP/1.1 200 OK"

2026-08-17 10:21:19,055 - INFO - HTTP Request: POST http://localhost:8002/v1/chat/completions "HTTP/1.1 200 OK"

2026-08-17 10:21:33,604 - INFO - HTTP Request: POST http://localhost:8002/v1/chat/completions "HTTP/1.1 200 OK"
2026-08-17 10:21:34,340 - INFO - HTTP Request: POST http://localhost:8002/v1/chat/completions "HTTP/1.1 200 OK"
2026-08-17 10:21:39,278 - INFO - HTTP Request: POST http://localhost:8002/v1/chat/completions "HTTP/1.1 200 OK"
2026-08-17 10:21:41,770 - INFO - HTTP Request: POST http://localhost:8002/v1/chat/completions "HTTP/1.1 200 OK"
2026-08-17 10:21:46,445 - INFO - HTTP Request: POST http://localhost:8002/v1/chat/completions "HTTP/1.1 200 OK"

2026-08-17 10:21:46,882 - INFO - HTTP Request: POST http://localhost:8002/v1/chat/completions "HTTP/1.1 200 OK"

2026-08-17 10:21:47,990 - INFO - HTTP Request: POST http://localhost:8002/v1/chat/completions "HTTP/1.1 200 OK"

2026-08-17 10:21:54,293 - INFO - HTTP Request: POST http://localhost:8002/v1/chat/completions "HTTP/1.1 200 OK"

2026-08-17 10:22:05,804 - INFO - HTTP Request: POST http://localhost:8002/v1/chat/completions "HTTP/1.1 200 OK"
2026-08-17 10:22:07,046 - INFO - HTTP Request: POST http://localhost:8002/v1/chat/completions "HTTP/1.1 200 OK"
2026-08-17 10:22:14,588 - INFO - HTTP Request: POST http://localhost:8002/v1/chat/completions "HTTP/1.1 200 OK"
2026-08-17 10:22:17,517 - INFO - HTTP Request: POST http://localhost:8002/v1/chat/completions "HTTP/1.1 200 OK"
2026-08-17 10:22:20,228 - INFO - HTTP Request: POST http://localhost:8002/v1/chat/completions "HTTP/1.1 200 OK"

2026-08-17 10:22:21,322 - INFO - HTTP Request: POST http://localhost:8002/v1/chat/completions "HTTP/1.1 200 OK"

2026-08-17 10:22:26,985 - INFO - HTTP Request: POST http://localhost:8002/v1/chat/completions "HTTP/1.1 200 OK"

2026-08-17 10:22:29,161 - INFO - HTTP Request: POST http://localhost:8002/v1/chat/completions "HTTP/1.1 200 OK"

2026-08-17 10:22:48,927 - INFO - HTTP Request: POST http://localhost:8002/v1/chat/completions "HTTP/1.1 200 OK"
2026-08-17 10:22:49,143 - INFO - HTTP Request: POST http://localhost:8002/v1/chat/completions "HTTP/1.1 200 OK"
2026-08-17 10:22:50,464 - INFO - HTTP Request: POST http://localhost:8002/v1/chat/completions "HTTP/1.1 200 OK"
2026-08-17 10:22:56,452 - INFO - HTTP Request: POST http://localhost:8002/v1/chat/completions "HTTP/1.1 200 OK"
2026-08-17 10:23:01,122 - INFO - HTTP Request: POST http://localhost:8002/v1/chat/completions "HTTP/1.1 200 OK"

2026-08-17 10:23:01,340 - INFO - HTTP Request: POST http://localhost:8002/v1/chat/completions "HTTP/1.1 200 OK"

2026-08-17 10:23:05,483 - INFO - HTTP Request: POST http://localhost:8002/v1/chat/completions "HTTP/1.1 200 OK"

2026-08-17 10:23:07,660 - INFO - HTTP Request: POST http://localhost:8002/v1/chat/completions "HTTP/1.1 200 OK"

2026-08-17 10:23:21,340 - INFO - HTTP Request: POST http://localhost:8002/v1/chat/completions "HTTP/1.1 200 OK"
2026-08-17 10:23:25,612 - INFO - HTTP Request: POST http://localhost:8002/v1/chat/completions "HTTP/1.1 200 OK"
2026-08-17 10:23:28,162 - INFO - HTTP Request: POST http://localhost:8002/v1/chat/completions "HTTP/1.1 200 OK"
2026-08-17 10:23:31,095 - INFO - HTTP Request: POST http://localhost:8002/v1/chat/completions "HTTP/1.1 200 OK"
2026-08-17 10:23:36,207 - INFO - HTTP Request: POST http://localhost:8002/v1/chat/completions "HTTP/1.1 200 OK"

2026-08-17 10:23:38,609 - INFO - HTTP Request: POST http://localhost:8002/v1/chat/completions "HTTP/1.1 200 OK"

2026-08-17 10:23:39,484 - INFO - HTTP Request: POST http://localhost:8002/v1/chat/completions "HTTP/1.1 200 OK"

2026-08-17 10:23:45,577 - INFO - HTTP Request: POST http://localhost:8002/v1/chat/completions "HTTP/1.1 200 OK"

2026-08-17 10:24:05,346 - INFO - HTTP Request: POST http://localhost:8002/v1/chat/completions "HTTP/1.1 200 OK"
2026-08-17 10:24:07,881 - INFO - HTTP Request: POST http://localhost:8002/v1/chat/completions "HTTP/1.1 200 OK"
2026-08-17 10:24:09,121 - INFO - HTTP Request: POST http://localhost:8002/v1/chat/completions "HTTP/1.1 200 OK"
2026-08-17 10:24:19,461 - INFO - HTTP Request: POST http://localhost:8002/v1/chat/completions "HTTP/1.1 200 OK"
2026-08-17 10:24:22,614 - INFO - HTTP Request: POST http://localhost:8002/v1/chat/completions "HTTP/1.1 200 OK"

2026-08-17 10:24:23,280 - INFO - HTTP Request: POST http://localhost:8002/v1/chat/completions "HTTP/1.1 200 OK"

2026-08-17 10:24:23,281 - INFO - HTTP Request: POST http://localhost:8002/v1/chat/completions "HTTP/1.1 200 OK"

2026-08-17 10:24:29,805 - INFO - HTTP Request: POST http://localhost:8002/v1/chat/completions "HTTP/1.1 200 OK"

r0_cfg21:  26%|██▌       | 13/50 [22:54<1:19:20, 128.65s/it]2026-08-17 10:24:51,951 - INFO - HTTP Request: POST http://localhost:8002/v1/chat/completions "HTTP/1.1 200 OK"
2026-08-17 10:24:55,530 - INFO - HTTP Request: POST http://localhost:8002/v1/chat/completions "HTTP/1.1 200 OK"
2026-08-17 10:24:56,280 - INFO - HTTP Request: POST http://localhost:8002/v1/chat/completions "HTTP/1.1 200 OK"
2026-08-17 10:24:56,281 - INFO - HTTP Request: POST http://localhost:8002/v1/chat/completions "HTTP/1.1 200 OK"
2026-08-17 10:25:02,844 - INFO - HTTP Request: POST http://localhost:8002/v1/chat/completions "HTTP/1.1 200 OK"

2026-08-17 10:25:08,296 - INFO - HTTP Request: POST http://localhost:8002/v1/chat/completions "HTTP/1.1 200 OK"

r0_cfg21:  28%|██▊       | 14/50 [23:33<1:00:51, 101.42s/it]2026-08-17 10:25:09,170 - INFO - HTTP Request: POST http://localhost:8002/v1/chat/completions "HTTP/1.1 200 OK"

r0_cfg21:  30%|███       | 15/50 [23:34<41:28, 71.11s/it]   2026-08-17 10:25:11,562 - INFO - HTTP Request: POST http://localhost:8002/v1/chat/completions "HTTP/1.1 200 OK"

r0_cfg21:  32%|███▏      | 16/50 [23:36<28:34, 50.43s/it]2026-08-17 10:25:28,926 - INFO - HTTP Request: POST http://localhost:8002/v1/chat/completions "HTTP/1.1 200 OK"
2026-08-17 10:25:30,330 - INFO - HTTP Request: POST http://localhost:8002/v1/chat/completions "HTTP/1.1 200 OK"
2026-08-17 10:25:31,734 - INFO - HTTP Request: POST http://localhost:8002/v1/chat/completions "HTTP/1.1 200 OK"
2026-08-17 10:25:34,504 - INFO - HTTP Request: POST http://localhost:8002/v1/chat/completions "HTTP/1.1 200 OK"
2026-08-17 10:25:40,928 - INFO - HTTP Request: POST http://localhost:8002/v1/chat/completions "HTTP/1.1 200 OK"

2026-08-17 10:25:43,546 - INFO - HTTP Request: POST http://localhost:8002/v1/chat/completions "HTTP/1.1 200 OK"

2026-08-17 10:25:44,203 - INFO - HTTP Request: POST http://localhost:8002/v1/chat/completions "HTTP/1.1 200 OK"

2026-08-17 10:25:47,681 - INFO - HTTP Request: POST http://localhost:8002/v1/chat/completions "HTTP/1.1 200 OK"

2026-08-17 10:26:07,004 - INFO - HTTP Request: POST http://localhost:8002/v1/chat/completions "HTTP/1.1 200 OK"
2026-08-17 10:26:08,836 - INFO - HTTP Request: POST http://localhost:8002/v1/chat/completions "HTTP/1.1 200 OK"
2026-08-17 10:26:10,242 - INFO - HTTP Request: POST http://localhost:8002/v1/chat/completions "HTTP/1.1 200 OK"
2026-08-17 10:26:14,760 - INFO - HTTP Request: POST http://localhost:8002/v1/chat/completions "HTTP/1.1 200 OK"
2026-08-17 10:26:20,803 - INFO - HTTP Request: POST http://localhost:8002/v1/chat/completions "HTTP/1.1 200 OK"

2026-08-17 10:26:22,550 - INFO - HTTP Request: POST http://localhost:8002/v1/chat/completions "HTTP/1.1 200 OK"

2026-08-17 10:26:22,986 - INFO - HTTP Request: POST http://localhost:8002/v1/chat/completions "HTTP/1.1 200 OK"

2026-08-17 10:26:29,955 - INFO - HTTP Request: POST http://localhost:8002/v1/chat/completions "HTTP/1.1 200 OK"

2026-08-17 10:26:45,152 - INFO - HTTP Request: POST http://localhost:8002/v1/chat/completions "HTTP/1.1 200 OK"
2026-08-17 10:26:46,772 - INFO - HTTP Request: POST http://localhost:8002/v1/chat/completions "HTTP/1.1 200 OK"
2026-08-17 10:26:47,506 - INFO - HTTP Request: POST http://localhost:8002/v1/chat/completions "HTTP/1.1 200 OK"
2026-08-17 10:26:55,303 - INFO - HTTP Request: POST http://localhost:8002/v1/chat/completions "HTTP/1.1 200 OK"
2026-08-17 10:26:59,550 - INFO - HTTP Request: POST http://localhost:8002/v1/chat/completions "HTTP/1.1 200 OK"

2026-08-17 10:27:01,303 - INFO - HTTP Request: POST http://localhost:8002/v1/chat/completions "HTTP/1.1 200 OK"

2026-08-17 10:27:03,707 - INFO - HTTP Request: POST http://localhost:8002/v1/chat/completions "HTTP/1.1 200 OK"

2026-08-17 10:27:10,237 - INFO - HTTP Request: POST http://localhost:8002/v1/chat/completions "HTTP/1.1 200 OK"

2026-08-17 10:27:19,362 - INFO - HTTP Request: POST http://localhost:8002/v1/chat/completions "HTTP/1.1 200 OK"
2026-08-17 10:27:25,549 - INFO - HTTP Request: POST http://localhost:8002/v1/chat/completions "HTTP/1.1 200 OK"
2026-08-17 10:27:27,823 - INFO - HTTP Request: POST http://localhost:8002/v1/chat/completions "HTTP/1.1 200 OK"
2026-08-17 10:27:30,812 - INFO - HTTP Request: POST http://localhost:8002/v1/chat/completions "HTTP/1.1 200 OK"

2026-08-17 10:27:35,171 - INFO - HTTP Request: POST http://localhost:8002/v1/chat/completions "HTTP/1.1 200 OK"
2026-08-17 10:27:38,539 - INFO - HTTP Request: POST http://localhost:8002/v1/chat/completions "HTTP/1.1 200 OK"

2026-08-17 10:27:40,944 - INFO - HTTP Request: POST http://localhost:8002/v1/chat/completions "HTTP/1.1 200 OK"

2026-08-17 10:27:47,910 - INFO - HTTP Request: POST http://localhost:8002/v1/chat/completions "HTTP/1.1 200 OK"

2026-08-17 10:27:58,337 - INFO - HTTP Request: POST http://localhost:8002/v1/chat/completions "HTTP/1.1 200 OK"
2026-08-17 10:28:00,175 - INFO - HTTP Request: POST http://localhost:8002/v1/chat/completions "HTTP/1.1 200 OK"
2026-08-17 10:28:00,891 - INFO - HTTP Request: POST http://localhost:8002/v1/chat/completions "HTTP/1.1 200 OK"
2026-08-17 10:28:08,704 - INFO - HTTP Request: POST http://localhost:8002/v1/chat/completions "HTTP/1.1 200 OK"
2026-08-17 10:28:13,822 - INFO - HTTP Request: POST http://localhost:8002/v1/chat/completions "HTTP/1.1 200 OK"

2026-08-17 10:28:14,481 - INFO - HTTP Request: POST http://localhost:8002/v1/chat/completions "HTTP/1.1 200 OK"

2026-08-17 10:28:15,137 - INFO - HTTP Request: POST http://localhost:8002/v1/chat/completions "HTTP/1.1 200 OK"

2026-08-17 10:28:21,877 - INFO - HTTP Request: POST http://localhost:8002/v1/chat/completions "HTTP/1.1 200 OK"

2026-08-17 10:28:35,121 - INFO - HTTP Request: POST http://localhost:8002/v1/chat/completions "HTTP/1.1 200 OK"
2026-08-17 10:28:42,836 - INFO - HTTP Request: POST http://localhost:8002/v1/chat/completions "HTTP/1.1 200 OK"
2026-08-17 10:28:43,812 - INFO - HTTP Request: POST http://localhost:8002/v1/chat/completions "HTTP/1.1 200 OK"
2026-08-17 10:28:46,085 - INFO - HTTP Request: POST http://localhost:8002/v1/chat/completions "HTTP/1.1 200 OK"

2026-08-17 10:28:51,530 - INFO - HTTP Request: POST http://localhost:8002/v1/chat/completions "HTTP/1.1 200 OK"
2026-08-17 10:28:57,295 - INFO - HTTP Request: POST http://localhost:8002/v1/chat/completions "HTTP/1.1 200 OK"

2026-08-17 10:28:58,170 - INFO - HTTP Request: POST http://localhost:8002/v1/chat/completions "HTTP/1.1 200 OK"

2026-08-17 10:29:05,782 - INFO - HTTP Request: POST http://localhost:8002/v1/chat/completions "HTTP/1.1 200 OK"

2026-08-17 10:29:15,556 - INFO - HTTP Request: POST http://localhost:8002/v1/chat/completions "HTTP/1.1 200 OK"
2026-08-17 10:29:17,616 - INFO - HTTP Request: POST http://localhost:8002/v1/chat/completions "HTTP/1.1 200 OK"
2026-08-17 10:29:18,861 - INFO - HTTP Request: POST http://localhost:8002/v1/chat/completions "HTTP/1.1 200 OK"
2026-08-17 10:29:26,814 - INFO - HTTP Request: POST http://localhost:8002/v1/chat/completions "HTTP/1.1 200 OK"
2026-08-17 10:29:28,226 - INFO - HTTP Request: POST http://localhost:8002/v1/chat/completions "HTTP/1.1 200 OK"

2026-08-17 10:29:31,504 - INFO - HTTP Request: POST http://localhost:8002/v1/chat/completions "HTTP/1.1 200 OK"

2026-08-17 10:29:31,941 - INFO - HTTP Request: POST http://localhost:8002/v1/chat/completions "HTTP/1.1 200 OK"

2026-08-17 10:29:42,169 - INFO - HTTP Request: POST http://localhost:8002/v1/chat/completions "HTTP/1.1 200 OK"

2026-08-17 10:30:00,638 - INFO - HTTP Request: POST http://localhost:8002/v1/chat/completions "HTTP/1.1 200 OK"
2026-08-17 10:30:00,639 - INFO - HTTP Request: POST http://localhost:8002/v1/chat/completions "HTTP/1.1 200 OK"
2026-08-17 10:30:01,548 - INFO - HTTP Request: POST http://localhost:8002/v1/chat/completions "HTTP/1.1 200 OK"
2026-08-17 10:30:12,370 - INFO - HTTP Request: POST http://localhost:8002/v1/chat/completions "HTTP/1.1 200 OK"
2026-08-17 10:30:14,436 - INFO - HTTP Request: POST http://localhost:8002/v1/chat/completions "HTTP/1.1 200 OK"

r0_cfg21:  34%|███▍      | 17/50 [28:39<1:09:29, 126.34s/it]2026-08-17 10:30:15,965 - INFO - HTTP Request: POST http://localhost:8002/v1/chat/completions "HTTP/1.1 200 OK"

2026-08-17 10:30:18,806 - INFO - HTTP Request: POST http://localhost:8002/v1/chat/completions "HTTP/1.1 200 OK"

2026-08-17 10:30:27,080 - INFO - HTTP Request: POST http://localhost:8002/v1/chat/completions "HTTP/1.1 200 OK"

2026-08-17 10:30:36,424 - INFO - HTTP Request: POST http://localhost:8002/v1/chat/completions "HTTP/1.1 200 OK"
2026-08-17 10:30:48,915 - INFO - HTTP Request: POST http://localhost:8002/v1/chat/completions "HTTP/1.1 200 OK"
2026-08-17 10:30:52,501 - INFO - HTTP Request: POST http://localhost:8002/v1/chat/completions "HTTP/1.1 200 OK"
2026-08-17 10:30:52,719 - INFO - HTTP Request: POST http://localhost:8002/v1/chat/completions "HTTP/1.1 200 OK"

2026-08-17 10:31:01,155 - INFO - HTTP Request: POST http://localhost:8002/v1/chat/completions "HTTP/1.1 200 OK"
2026-08-17 10:31:02,131 - INFO - HTTP Request: POST http://localhost:8002/v1/chat/completions "HTTP/1.1 200 OK"

r0_cfg21:  36%|███▌      | 18/50 [29:27<54:46, 102.71s/it]  2026-08-17 10:31:04,093 - INFO - HTTP Request: POST http://localhost:8002/v1/chat/completions "HTTP/1.1 200 OK"

r0_cfg21:  38%|███▊      | 19/50 [29:29<37:25, 72.45s/it] 2026-08-17 10:31:16,924 - INFO - HTTP Request: POST http://localhost:8002/v1/chat/completions "HTTP/1.1 200 OK"

r0_cfg21:  40%|████      | 20/50 [29:41<27:16, 54.55s/it]2026-08-17 10:31:19,531 - INFO - HTTP Request: POST http://localhost:8002/v1/chat/completions "HTTP/1.1 200 OK"
2026-08-17 10:31:24,413 - INFO - HTTP Request: POST http://localhost:8002/v1/chat/completions "HTTP/1.1 200 OK"
2026-08-17 10:31:26,683 - INFO - HTTP Request: POST http://localhost:8002/v1/chat/completions "HTTP/1.1 200 OK"
2026-08-17 10:31:34,631 - INFO - HTTP Request: POST http://localhost:8002/v1/chat/completions "HTTP/1.1 200 OK"

2026-08-17 10:31:36,375 - INFO - HTTP Request: POST http://localhost:8002/v1/chat/completions "HTTP/1.1 200 OK"

2026-08-17 10:31:38,117 - INFO - HTTP Request: POST http://localhost:8002/v1/chat/completions "HTTP/1.1 200 OK"

2026-08-17 10:31:39,854 - INFO - HTTP Request: POST http://localhost:8002/v1/chat/completions "HTTP/1.1 200 OK"
2026-08-17 10:31:48,430 - INFO - HTTP Request: POST http://localhost:8002/v1/chat/completions "HTTP/1.1 200 OK"

2026-08-17 10:31:59,286 - INFO - HTTP Request: POST http://localhost:8002/v1/chat/completions "HTTP/1.1 200 OK"
2026-08-17 10:32:03,083 - INFO - HTTP Request: POST http://localhost:8002/v1/chat/completions "HTTP/1.1 200 OK"
2026-08-17 10:32:05,139 - INFO - HTTP Request: POST http://localhost:8002/v1/chat/completions "HTTP/1.1 200 OK"
2026-08-17 10:32:13,525 - INFO - HTTP Request: POST http://localhost:8002/v1/chat/completions "HTTP/1.1 200 OK"

2026-08-17 10:32:15,494 - INFO - HTTP Request: POST http://localhost:8002/v1/chat/completions "HTTP/1.1 200 OK"
2026-08-17 10:32:18,209 - INFO - HTTP Request: POST http://localhost:8002/v1/chat/completions "HTTP/1.1 200 OK"

2026-08-17 10:32:19,737 - INFO - HTTP Request: POST http://localhost:8002/v1/chat/completions "HTTP/1.1 200 OK"

2026-08-17 10:32:26,044 - INFO - HTTP Request: POST http://localhost:8002/v1/chat/completions "HTTP/1.1 200 OK"

2026-08-17 10:32:37,334 - INFO - HTTP Request: POST http://localhost:8002/v1/chat/completions "HTTP/1.1 200 OK"
2026-08-17 10:32:42,865 - INFO - HTTP Request: POST http://localhost:8002/v1/chat/completions "HTTP/1.1 200 OK"
2026-08-17 10:32:44,704 - INFO - HTTP Request: POST http://localhost:8002/v1/chat/completions "HTTP/1.1 200 OK"
2026-08-17 10:32:50,687 - INFO - HTTP Request: POST http://localhost:8002/v1/chat/completions "HTTP/1.1 200 OK"

2026-08-17 10:32:51,351 - INFO - HTTP Request: POST http://localhost:8002/v1/chat/completions "HTTP/1.1 200 OK"
2026-08-17 10:32:55,808 - INFO - HTTP Request: POST http://localhost:8002/v1/chat/completions "HTTP/1.1 200 OK"

2026-08-17 10:32:56,688 - INFO - HTTP Request: POST http://localhost:8002/v1/chat/completions "HTTP/1.1 200 OK"

2026-08-17 10:33:04,956 - INFO - HTTP Request: POST http://localhost:8002/v1/chat/completions "HTTP/1.1 200 OK"

2026-08-17 10:33:10,826 - INFO - HTTP Request: POST http://localhost:8002/v1/chat/completions "HTTP/1.1 200 OK"
2026-08-17 10:33:20,055 - INFO - HTTP Request: POST http://localhost:8002/v1/chat/completions "HTTP/1.1 200 OK"
2026-08-17 10:33:21,240 - INFO - HTTP Request: POST http://localhost:8002/v1/chat/completions "HTTP/1.1 200 OK"
2026-08-17 10:33:22,862 - INFO - HTTP Request: POST http://localhost:8002/v1/chat/completions "HTTP/1.1 200 OK"

2026-08-17 10:33:30,047 - INFO - HTTP Request: POST http://localhost:8002/v1/chat/completions "HTTP/1.1 200 OK"
2026-08-17 10:33:32,873 - INFO - HTTP Request: POST http://localhost:8002/v1/chat/completions "HTTP/1.1 200 OK"

2026-08-17 10:33:34,189 - INFO - HTTP Request: POST http://localhost:8002/v1/chat/completions "HTTP/1.1 200 OK"

2026-08-17 10:33:42,675 - INFO - HTTP Request: POST http://localhost:8002/v1/chat/completions "HTTP/1.1 200 OK"

2026-08-17 10:33:52,018 - INFO - HTTP Request: POST http://localhost:8002/v1/chat/completions "HTTP/1.1 200 OK"
2026-08-17 10:33:52,235 - INFO - HTTP Request: POST http://localhost:8002/v1/chat/completions "HTTP/1.1 200 OK"
2026-08-17 10:33:54,604 - INFO - HTTP Request: POST http://localhost:8002/v1/chat/completions "HTTP/1.1 200 OK"
2026-08-17 10:34:02,985 - INFO - HTTP Request: POST http://localhost:8002/v1/chat/completions "HTTP/1.1 200 OK"
2026-08-17 10:34:07,566 - INFO - HTTP Request: POST http://localhost:8002/v1/chat/completions "HTTP/1.1 200 OK"

2026-08-17 10:34:08,441 - INFO - HTTP Request: POST http://localhost:8002/v1/chat/completions "HTTP/1.1 200 OK"

2026-08-17 10:34:08,659 - INFO - HTTP Request: POST http://localhost:8002/v1/chat/completions "HTTP/1.1 200 OK"

2026-08-17 10:34:11,708 - INFO - HTTP Request: POST http://localhost:8002/v1/chat/completions "HTTP/1.1 200 OK"

2026-08-17 10:34:28,427 - INFO - HTTP Request: POST http://localhost:8002/v1/chat/completions "HTTP/1.1 200 OK"
2026-08-17 10:34:36,571 - INFO - HTTP Request: POST http://localhost:8002/v1/chat/completions "HTTP/1.1 200 OK"
2026-08-17 10:34:37,972 - INFO - HTTP Request: POST http://localhost:8002/v1/chat/completions "HTTP/1.1 200 OK"
2026-08-17 10:34:41,341 - INFO - HTTP Request: POST http://localhost:8002/v1/chat/completions "HTTP/1.1 200 OK"
2026-08-17 10:34:42,315 - INFO - HTTP Request: POST http://localhost:8002/v1/chat/completions "HTTP/1.1 200 OK"

2026-08-17 10:34:51,250 - INFO - HTTP Request: POST http://localhost:8002/v1/chat/completions "HTTP/1.1 200 OK"

2026-08-17 10:34:52,125 - INFO - HTTP Request: POST http://localhost:8002/v1/chat/completions "HTTP/1.1 200 OK"

2026-08-17 10:34:55,608 - INFO - HTTP Request: POST http://localhost:8002/v1/chat/completions "HTTP/1.1 200 OK"

2026-08-17 10:35:11,246 - INFO - HTTP Request: POST http://localhost:8002/v1/chat/completions "HTTP/1.1 200 OK"
2026-08-17 10:35:11,464 - INFO - HTTP Request: POST http://localhost:8002/v1/chat/completions "HTTP/1.1 200 OK"
2026-08-17 10:35:12,749 - INFO - HTTP Request: POST http://localhost:8002/v1/chat/completions "HTTP/1.1 200 OK"
2026-08-17 10:35:16,556 - INFO - HTTP Request: POST http://localhost:8002/v1/chat/completions "HTTP/1.1 200 OK"
2026-08-17 10:35:22,985 - INFO - HTTP Request: POST http://localhost:8002/v1/chat/completions "HTTP/1.1 200 OK"

2026-08-17 10:35:26,263 - INFO - HTTP Request: POST http://localhost:8002/v1/chat/completions "HTTP/1.1 200 OK"

2026-08-17 10:35:26,481 - INFO - HTTP Request: POST http://localhost:8002/v1/chat/completions "HTTP/1.1 200 OK"

2026-08-17 10:35:29,966 - INFO - HTTP Request: POST http://localhost:8002/v1/chat/completions "HTTP/1.1 200 OK"

2026-08-17 10:35:55,385 - INFO - HTTP Request: POST http://localhost:8002/v1/chat/completions "HTTP/1.1 200 OK"
2026-08-17 10:35:55,602 - INFO - HTTP Request: POST http://localhost:8002/v1/chat/completions "HTTP/1.1 200 OK"
2026-08-17 10:35:56,638 - INFO - HTTP Request: POST http://localhost:8002/v1/chat/completions "HTTP/1.1 200 OK"
2026-08-17 10:36:00,040 - INFO - HTTP Request: POST http://localhost:8002/v1/chat/completions "HTTP/1.1 200 OK"
2026-08-17 10:36:09,093 - INFO - HTTP Request: POST http://localhost:8002/v1/chat/completions "HTTP/1.1 200 OK"

r0_cfg21:  42%|████▏     | 21/50 [34:34<1:00:50, 125.88s/it]2026-08-17 10:36:09,748 - INFO - HTTP Request: POST http://localhost:8002/v1/chat/completions "HTTP/1.1 200 OK"

2026-08-17 10:36:10,187 - INFO - HTTP Request: POST http://localhost:8002/v1/chat/completions "HTTP/1.1 200 OK"

2026-08-17 10:36:12,814 - INFO - HTTP Request: POST http://localhost:8002/v1/chat/completions "HTTP/1.1 200 OK"

2026-08-17 10:36:31,063 - INFO - HTTP Request: POST http://localhost:8002/v1/chat/completions "HTTP/1.1 200 OK"
2026-08-17 10:36:41,292 - INFO - HTTP Request: POST http://localhost:8002/v1/chat/completions "HTTP/1.1 200 OK"
2026-08-17 10:36:43,480 - INFO - HTTP Request: POST http://localhost:8002/v1/chat/completions "HTTP/1.1 200 OK"
2026-08-17 10:36:46,850 - INFO - HTTP Request: POST http://localhost:8002/v1/chat/completions "HTTP/1.1 200 OK"
2026-08-17 10:36:50,227 - INFO - HTTP Request: POST http://localhost:8002/v1/chat/completions "HTTP/1.1 200 OK"

2026-08-17 10:36:53,500 - INFO - HTTP Request: POST http://localhost:8002/v1/chat/completions "HTTP/1.1 200 OK"

r0_cfg21:  44%|████▍     | 22/50 [35:18<47:19, 101.43s/it]  2026-08-17 10:36:54,371 - INFO - HTTP Request: POST http://localhost:8002/v1/chat/completions "HTTP/1.1 200 OK"

r0_cfg21:  46%|████▌     | 23/50 [35:19<32:03, 71.25s/it] 2026-08-17 10:36:59,594 - INFO - HTTP Request: POST http://localhost:8002/v1/chat/completions "HTTP/1.1 200 OK"

r0_cfg21:  48%|████▊     | 24/50 [35:24<22:17, 51.44s/it]2026-08-17 10:37:15,443 - INFO - HTTP Request: POST http://localhost:8002/v1/chat/completions "HTTP/1.1 200 OK"
2026-08-17 10:37:16,412 - INFO - HTTP Request: POST http://localhost:8002/v1/chat/completions "HTTP/1.1 200 OK"
2026-08-17 10:37:16,628 - INFO - HTTP Request: POST http://localhost:8002/v1/chat/completions "HTTP/1.1 200 OK"
2026-08-17 10:37:22,400 - INFO - HTTP Request: POST http://localhost:8002/v1/chat/completions "HTTP/1.1 200 OK"
2026-08-17 10:37:29,098 - INFO - HTTP Request: POST http://localhost:8002/v1/chat/completions "HTTP/1.1 200 OK"

2026-08-17 10:37:29,533 - INFO - HTTP Request: POST http://localhost:8002/v1/chat/completions "HTTP/1.1 200 OK"

2026-08-17 10:37:31,938 - INFO - HTTP Request: POST http://localhost:8002/v1/chat/completions "HTTP/1.1 200 OK"

2026-08-17 10:37:34,328 - INFO - HTTP Request: POST http://localhost:8002/v1/chat/completions "HTTP/1.1 200 OK"

2026-08-17 10:37:53,866 - INFO - HTTP Request: POST http://localhost:8002/v1/chat/completions "HTTP/1.1 200 OK"
2026-08-17 10:37:55,396 - INFO - HTTP Request: POST http://localhost:8002/v1/chat/completions "HTTP/1.1 200 OK"
2026-08-17 10:37:58,542 - INFO - HTTP Request: POST http://localhost:8002/v1/chat/completions "HTTP/1.1 200 OK"
2026-08-17 10:38:01,313 - INFO - HTTP Request: POST http://localhost:8002/v1/chat/completions "HTTP/1.1 200 OK"
2026-08-17 10:38:04,521 - INFO - HTTP Request: POST http://localhost:8002/v1/chat/completions "HTTP/1.1 200 OK"

2026-08-17 10:38:08,455 - INFO - HTTP Request: POST http://localhost:8002/v1/chat/completions "HTTP/1.1 200 OK"

2026-08-17 10:38:14,771 - INFO - HTTP Request: POST http://localhost:8002/v1/chat/completions "HTTP/1.1 200 OK"

2026-08-17 10:38:17,166 - INFO - HTTP Request: POST http://localhost:8002/v1/chat/completions "HTTP/1.1 200 OK"

2026-08-17 10:38:28,674 - INFO - HTTP Request: POST http://localhost:8002/v1/chat/completions "HTTP/1.1 200 OK"
2026-08-17 10:38:31,941 - INFO - HTTP Request: POST http://localhost:8002/v1/chat/completions "HTTP/1.1 200 OK"
2026-08-17 10:38:39,773 - INFO - HTTP Request: POST http://localhost:8002/v1/chat/completions "HTTP/1.1 200 OK"
2026-08-17 10:38:41,454 - INFO - HTTP Request: POST http://localhost:8002/v1/chat/completions "HTTP/1.1 200 OK"
2026-08-17 10:38:42,186 - INFO - HTTP Request: POST http://localhost:8002/v1/chat/completions "HTTP/1.1 200 OK"

2026-08-17 10:38:44,668 - INFO - HTTP Request: POST http://localhost:8002/v1/chat/completions "HTTP/1.1 200 OK"

2026-08-17 10:38:54,477 - INFO - HTTP Request: POST http://localhost:8002/v1/chat/completions "HTTP/1.1 200 OK"

2026-08-17 10:38:57,530 - INFO - HTTP Request: POST http://localhost:8002/v1/chat/completions "HTTP/1.1 200 OK"

2026-08-17 10:39:01,662 - INFO - HTTP Request: POST http://localhost:8002/v1/chat/completions "HTTP/1.1 200 OK"
2026-08-17 10:39:08,845 - INFO - HTTP Request: POST http://localhost:8002/v1/chat/completions "HTTP/1.1 200 OK"
2026-08-17 10:39:14,602 - INFO - HTTP Request: POST http://localhost:8002/v1/chat/completions "HTTP/1.1 200 OK"

2026-08-17 10:39:19,169 - INFO - HTTP Request: POST http://localhost:8002/v1/chat/completions "HTTP/1.1 200 OK"
2026-08-17 10:39:21,779 - INFO - HTTP Request: POST http://localhost:8002/v1/chat/completions "HTTP/1.1 200 OK"

2026-08-17 10:39:21,997 - INFO - HTTP Request: POST http://localhost:8002/v1/chat/completions "HTTP/1.1 200 OK"
2026-08-17 10:39:32,338 - INFO - HTTP Request: POST http://localhost:8002/v1/chat/completions "HTTP/1.1 200 OK"

2026-08-17 10:39:35,174 - INFO - HTTP Request: POST http://localhost:8002/v1/chat/completions "HTTP/1.1 200 OK"

2026-08-17 10:39:41,908 - INFO - HTTP Request: POST http://localhost:8002/v1/chat/completions "HTTP/1.1 200 OK"
2026-08-17 10:39:44,399 - INFO - HTTP Request: POST http://localhost:8002/v1/chat/completions "HTTP/1.1 200 OK"
2026-08-17 10:39:52,241 - INFO - HTTP Request: POST http://localhost:8002/v1/chat/completions "HTTP/1.1 200 OK"
2026-08-17 10:39:54,140 - INFO - HTTP Request: POST http://localhost:8002/v1/chat/completions "HTTP/1.1 200 OK"

2026-08-17 10:39:55,015 - INFO - HTTP Request: POST http://localhost:8002/v1/chat/completions "HTTP/1.1 200 OK"

2026-08-17 10:39:55,888 - INFO - HTTP Request: POST http://localhost:8002/v1/chat/completions "HTTP/1.1 200 OK"
2026-08-17 10:40:05,352 - INFO - HTTP Request: POST http://localhost:8002/v1/chat/completions "HTTP/1.1 200 OK"

2026-08-17 10:40:06,007 - INFO - HTTP Request: POST http://localhost:8002/v1/chat/completions "HTTP/1.1 200 OK"

2026-08-17 10:40:15,346 - INFO - HTTP Request: POST http://localhost:8002/v1/chat/completions "HTTP/1.1 200 OK"
2026-08-17 10:40:23,401 - INFO - HTTP Request: POST http://localhost:8002/v1/chat/completions "HTTP/1.1 200 OK"
2026-08-17 10:40:34,164 - INFO - HTTP Request: POST http://localhost:8002/v1/chat/completions "HTTP/1.1 200 OK"

2026-08-17 10:40:34,599 - INFO - HTTP Request: POST http://localhost:8002/v1/chat/completions "HTTP/1.1 200 OK"
2026-08-17 10:40:35,579 - INFO - HTTP Request: POST http://localhost:8002/v1/chat/completions "HTTP/1.1 200 OK"
2026-08-17 10:40:43,308 - INFO - HTTP Request: POST http://localhost:8002/v1/chat/completions "HTTP/1.1 200 OK"

2026-08-17 10:40:46,359 - INFO - HTTP Request: POST http://localhost:8002/v1/chat/completions "HTTP/1.1 200 OK"

2026-08-17 10:40:52,232 - INFO - HTTP Request: POST http://localhost:8002/v1/chat/completions "HTTP/1.1 200 OK"

2026-08-17 10:40:54,841 - INFO - HTTP Request: POST http://localhost:8002/v1/chat/completions "HTTP/1.1 200 OK"
2026-08-17 10:41:05,818 - INFO - HTTP Request: POST http://localhost:8002/v1/chat/completions "HTTP/1.1 200 OK"

2026-08-17 10:41:06,689 - INFO - HTTP Request: POST http://localhost:8002/v1/chat/completions "HTTP/1.1 200 OK"
2026-08-17 10:41:12,885 - INFO - HTTP Request: POST http://localhost:8002/v1/chat/completions "HTTP/1.1 200 OK"
2026-08-17 10:41:13,103 - INFO - HTTP Request: POST http://localhost:8002/v1/chat/completions "HTTP/1.1 200 OK"
2026-08-17 10:41:26,349 - INFO - HTTP Request: POST http://localhost:8002/v1/chat/completions "HTTP/1.1 200 OK"

2026-08-17 10:41:28,313 - INFO - HTTP Request: POST http://localhost:8002/v1/chat/completions "HTTP/1.1 200 OK"

2026-08-17 10:41:30,274 - INFO - HTTP Request: POST http://localhost:8002/v1/chat/completions "HTTP/1.1 200 OK"

2026-08-17 10:41:35,928 - INFO - HTTP Request: POST http://localhost:8002/v1/chat/completions "HTTP/1.1 200 OK"
2026-08-17 10:41:48,865 - INFO - HTTP Request: POST http://localhost:8002/v1/chat/completions "HTTP/1.1 200 OK"

2026-08-17 10:41:55,827 - INFO - HTTP Request: POST http://localhost:8002/v1/chat/completions "HTTP/1.1 200 OK"
2026-08-17 10:41:58,158 - INFO - HTTP Request: POST http://localhost:8002/v1/chat/completions "HTTP/1.1 200 OK"
2026-08-17 10:42:03,929 - INFO - HTTP Request: POST http://localhost:8002/v1/chat/completions "HTTP/1.1 200 OK"
2026-08-17 10:42:09,174 - INFO - HTTP Request: POST http://localhost:8002/v1/chat/completions "HTTP/1.1 200 OK"

2026-08-17 10:42:12,669 - INFO - HTTP Request: POST http://localhost:8002/v1/chat/completions "HTTP/1.1 200 OK"

2026-08-17 10:42:19,634 - INFO - HTTP Request: POST http://localhost:8002/v1/chat/completions "HTTP/1.1 200 OK"

r0_cfg21:  50%|█████     | 25/50 [40:44<55:00, 132.03s/it]2026-08-17 10:42:22,892 - INFO - HTTP Request: POST http://localhost:8002/v1/chat/completions "HTTP/1.1 200 OK"
2026-08-17 10:42:35,174 - INFO - HTTP Request: POST http://localhost:8002/v1/chat/completions "HTTP/1.1 200 OK"

r0_cfg21:  52%|█████▏    | 26/50 [41:00<38:49, 97.08s/it] 2026-08-17 10:42:41,910 - INFO - HTTP Request: POST http://localhost:8002/v1/chat/completions "HTTP/1.1 200 OK"
2026-08-17 10:42:41,913 - INFO - HTTP Request: POST http://localhost:8002/v1/chat/completions "HTTP/1.1 200 OK"
2026-08-17 10:42:46,664 - INFO - HTTP Request: POST http://localhost:8002/v1/chat/completions "HTTP/1.1 200 OK"
2026-08-17 10:42:55,923 - INFO - HTTP Request: POST http://localhost:8002/v1/chat/completions "HTTP/1.1 200 OK"

r0_cfg21:  54%|█████▍    | 27/50 [41:20<28:26, 74.18s/it]2026-08-17 10:42:58,105 - INFO - HTTP Request: POST http://localhost:8002/v1/chat/completions "HTTP/1.1 200 OK"

2026-08-17 10:42:58,107 - INFO - HTTP Request: POST http://localhost:8002/v1/chat/completions "HTTP/1.1 200 OK"
2026-08-17 10:43:01,807 - INFO - HTTP Request: POST http://localhost:8002/v1/chat/completions "HTTP/1.1 200 OK"

r0_cfg21:  56%|█████▌    | 28/50 [41:26<19:41, 53.69s/it]2026-08-17 10:43:07,022 - INFO - HTTP Request: POST http://localhost:8002/v1/chat/completions "HTTP/1.1 200 OK"

2026-08-17 10:43:17,880 - INFO - HTTP Request: POST http://localhost:8002/v1/chat/completions "HTTP/1.1 200 OK"
2026-08-17 10:43:24,067 - INFO - HTTP Request: POST http://localhost:8002/v1/chat/completions "HTTP/1.1 200 OK"
2026-08-17 10:43:25,040 - INFO - HTTP Request: POST http://localhost:8002/v1/chat/completions "HTTP/1.1 200 OK"
2026-08-17 10:43:30,929 - INFO - HTTP Request: POST http://localhost:8002/v1/chat/completions "HTTP/1.1 200 OK"

2026-08-17 10:43:33,545 - INFO - HTTP Request: POST http://localhost:8002/v1/chat/completions "HTTP/1.1 200 OK"

2026-08-17 10:43:33,979 - INFO - HTTP Request: POST http://localhost:8002/v1/chat/completions "HTTP/1.1 200 OK"
2026-08-17 10:43:38,337 - INFO - HTTP Request: POST http://localhost:8002/v1/chat/completions "HTTP/1.1 200 OK"

2026-08-17 10:43:44,204 - INFO - HTTP Request: POST http://localhost:8002/v1/chat/completions "HTTP/1.1 200 OK"

2026-08-17 10:43:57,230 - INFO - HTTP Request: POST http://localhost:8002/v1/chat/completions "HTTP/1.1 200 OK"
2026-08-17 10:44:00,210 - INFO - HTTP Request: POST http://localhost:8002/v1/chat/completions "HTTP/1.1 200 OK"
2026-08-17 10:44:03,362 - INFO - HTTP Request: POST http://localhost:8002/v1/chat/completions "HTTP/1.1 200 OK"
2026-08-17 10:44:09,473 - INFO - HTTP Request: POST http://localhost:8002/v1/chat/completions "HTTP/1.1 200 OK"
2026-08-17 10:44:13,403 - INFO - HTTP Request: POST http://localhost:8002/v1/chat/completions "HTTP/1.1 200 OK"

2026-08-17 10:44:13,840 - INFO - HTTP Request: POST http://localhost:8002/v1/chat/completions "HTTP/1.1 200 OK"

2026-08-17 10:44:14,061 - INFO - HTTP Request: POST http://localhost:8002/v1/chat/completions "HTTP/1.1 200 OK"

2026-08-17 10:44:21,887 - INFO - HTTP Request: POST http://localhost:8002/v1/chat/completions "HTTP/1.1 200 OK"

2026-08-17 10:44:37,745 - INFO - HTTP Request: POST http://localhost:8002/v1/chat/completions "HTTP/1.1 200 OK"
2026-08-17 10:44:37,746 - INFO - HTTP Request: POST http://localhost:8002/v1/chat/completions "HTTP/1.1 200 OK"
2026-08-17 10:44:39,010 - INFO - HTTP Request: POST http://localhost:8002/v1/chat/completions "HTTP/1.1 200 OK"
2026-08-17 10:44:46,954 - INFO - HTTP Request: POST http://localhost:8002/v1/chat/completions "HTTP/1.1 200 OK"
2026-08-17 10:44:50,755 - INFO - HTTP Request: POST http://localhost:8002/v1/chat/completions "HTTP/1.1 200 OK"

2026-08-17 10:44:54,034 - INFO - HTTP Request: POST http://localhost:8002/v1/chat/completions "HTTP/1.1 200 OK"

2026-08-17 10:44:54,252 - INFO - HTTP Request: POST http://localhost:8002/v1/chat/completions "HTTP/1.1 200 OK"

2026-08-17 10:44:59,694 - INFO - HTTP Request: POST http://localhost:8002/v1/chat/completions "HTTP/1.1 200 OK"

2026-08-17 10:45:10,556 - INFO - HTTP Request: POST http://localhost:8002/v1/chat/completions "HTTP/1.1 200 OK"
2026-08-17 10:45:18,173 - INFO - HTTP Request: POST http://localhost:8002/v1/chat/completions "HTTP/1.1 200 OK"
2026-08-17 10:45:18,891 - INFO - HTTP Request: POST http://localhost:8002/v1/chat/completions "HTTP/1.1 200 OK"
2026-08-17 10:45:19,639 - INFO - HTTP Request: POST http://localhost:8002/v1/chat/completions "HTTP/1.1 200 OK"

2026-08-17 10:45:20,329 - INFO - HTTP Request: POST http://localhost:8002/v1/chat/completions "HTTP/1.1 200 OK"
2026-08-17 10:45:30,795 - INFO - HTTP Request: POST http://localhost:8002/v1/chat/completions "HTTP/1.1 200 OK"

2026-08-17 10:45:31,894 - INFO - HTTP Request: POST http://localhost:8002/v1/chat/completions "HTTP/1.1 200 OK"

2026-08-17 10:45:32,112 - INFO - HTTP Request: POST http://localhost:8002/v1/chat/completions "HTTP/1.1 200 OK"

2026-08-17 10:45:48,613 - INFO - HTTP Request: POST http://localhost:8002/v1/chat/completions "HTTP/1.1 200 OK"
2026-08-17 10:45:50,793 - INFO - HTTP Request: POST http://localhost:8002/v1/chat/completions "HTTP/1.1 200 OK"
2026-08-17 10:45:51,769 - INFO - HTTP Request: POST http://localhost:8002/v1/chat/completions "HTTP/1.1 200 OK"
2026-08-17 10:46:01,025 - INFO - HTTP Request: POST http://localhost:8002/v1/chat/completions "HTTP/1.1 200 OK"

2026-08-17 10:46:01,683 - INFO - HTTP Request: POST http://localhost:8002/v1/chat/completions "HTTP/1.1 200 OK"
2026-08-17 10:46:01,900 - INFO - HTTP Request: POST http://localhost:8002/v1/chat/completions "HTTP/1.1 200 OK"

2026-08-17 10:46:04,951 - INFO - HTTP Request: POST http://localhost:8002/v1/chat/completions "HTTP/1.1 200 OK"

2026-08-17 10:46:11,908 - INFO - HTTP Request: POST http://localhost:8002/v1/chat/completions "HTTP/1.1 200 OK"

2026-08-17 10:46:21,245 - INFO - HTTP Request: POST http://localhost:8002/v1/chat/completions "HTTP/1.1 200 OK"
2026-08-17 10:46:31,041 - INFO - HTTP Request: POST http://localhost:8002/v1/chat/completions "HTTP/1.1 200 OK"
2026-08-17 10:46:32,445 - INFO - HTTP Request: POST http://localhost:8002/v1/chat/completions "HTTP/1.1 200 OK"
2026-08-17 10:46:34,413 - INFO - HTTP Request: POST http://localhost:8002/v1/chat/completions "HTTP/1.1 200 OK"
2026-08-17 10:46:35,820 - INFO - HTTP Request: POST http://localhost:8002/v1/chat/completions "HTTP/1.1 200 OK"

2026-08-17 10:46:46,066 - INFO - HTTP Request: POST http://localhost:8002/v1/chat/completions "HTTP/1.1 200 OK"

2026-08-17 10:46:46,284 - INFO - HTTP Request: POST http://localhost:8002/v1/chat/completions "HTTP/1.1 200 OK"

2026-08-17 10:46:48,681 - INFO - HTTP Request: POST http://localhost:8002/v1/chat/completions "HTTP/1.1 200 OK"

2026-08-17 10:47:04,971 - INFO - HTTP Request: POST http://localhost:8002/v1/chat/completions "HTTP/1.1 200 OK"
2026-08-17 10:47:06,503 - INFO - HTTP Request: POST http://localhost:8002/v1/chat/completions "HTTP/1.1 200 OK"
2026-08-17 10:47:09,218 - INFO - HTTP Request: POST http://localhost:8002/v1/chat/completions "HTTP/1.1 200 OK"
2026-08-17 10:47:16,081 - INFO - HTTP Request: POST http://localhost:8002/v1/chat/completions "HTTP/1.1 200 OK"
2026-08-17 10:47:19,139 - INFO - HTTP Request: POST http://localhost:8002/v1/chat/completions "HTTP/1.1 200 OK"

2026-08-17 10:47:23,290 - INFO - HTTP Request: POST http://localhost:8002/v1/chat/completions "HTTP/1.1 200 OK"

2026-08-17 10:47:24,383 - INFO - HTTP Request: POST http://localhost:8002/v1/chat/completions "HTTP/1.1 200 OK"

2026-08-17 10:47:30,039 - INFO - HTTP Request: POST http://localhost:8002/v1/chat/completions "HTTP/1.1 200 OK"

2026-08-17 10:47:51,773 - INFO - HTTP Request: POST http://localhost:8002/v1/chat/completions "HTTP/1.1 200 OK"
2026-08-17 10:47:52,654 - INFO - HTTP Request: POST http://localhost:8002/v1/chat/completions "HTTP/1.1 200 OK"
2026-08-17 10:47:54,060 - INFO - HTTP Request: POST http://localhost:8002/v1/chat/completions "HTTP/1.1 200 OK"
2026-08-17 10:48:03,980 - INFO - HTTP Request: POST http://localhost:8002/v1/chat/completions "HTTP/1.1 200 OK"
2026-08-17 10:48:04,415 - INFO - HTTP Request: POST http://localhost:8002/v1/chat/completions "HTTP/1.1 200 OK"

r0_cfg21:  58%|█████▊    | 29/50 [46:29<44:55, 128.37s/it]2026-08-17 10:48:06,821 - INFO - HTTP Request: POST http://localhost:8002/v1/chat/completions "HTTP/1.1 200 OK"

2026-08-17 10:48:07,703 - INFO - HTTP Request: POST http://localhost:8002/v1/chat/completions "HTTP/1.1 200 OK"

2026-08-17 10:48:15,969 - INFO - HTTP Request: POST http://localhost:8002/v1/chat/completions "HTTP/1.1 200 OK"

r0_cfg21:  60%|██████    | 30/50 [46:40<31:06, 93.32s/it] 2026-08-17 10:48:26,394 - INFO - HTTP Request: POST http://localhost:8002/v1/chat/completions "HTTP/1.1 200 OK"
2026-08-17 10:48:38,237 - INFO - HTTP Request: POST http://localhost:8002/v1/chat/completions "HTTP/1.1 200 OK"
2026-08-17 10:48:39,861 - INFO - HTTP Request: POST http://localhost:8002/v1/chat/completions "HTTP/1.1 200 OK"
2026-08-17 10:48:41,704 - INFO - HTTP Request: POST http://localhost:8002/v1/chat/completions "HTTP/1.1 200 OK"
2026-08-17 10:48:43,114 - INFO - HTTP Request: POST http://localhost:8002/v1/chat/completions "HTTP/1.1 200 OK"

2026-08-17 10:48:49,876 - INFO - HTTP Request: POST http://localhost:8002/v1/chat/completions "HTTP/1.1 200 OK"

2026-08-17 10:48:54,236 - INFO - HTTP Request: POST http://localhost:8002/v1/chat/completions "HTTP/1.1 200 OK"

r0_cfg21:  62%|██████▏   | 31/50 [47:19<24:19, 76.81s/it]2026-08-17 10:48:55,761 - INFO - HTTP Request: POST http://localhost:8002/v1/chat/completions "HTTP/1.1 200 OK"

r0_cfg21:  64%|██████▍   | 32/50 [47:20<16:15, 54.22s/it]2026-08-17 10:49:09,218 - INFO - HTTP Request: POST http://localhost:8002/v1/chat/completions "HTTP/1.1 200 OK"
2026-08-17 10:49:16,063 - INFO - HTTP Request: POST http://localhost:8002/v1/chat/completions "HTTP/1.1 200 OK"
2026-08-17 10:49:16,281 - INFO - HTTP Request: POST http://localhost:8002/v1/chat/completions "HTTP/1.1 200 OK"
2026-08-17 10:49:18,490 - INFO - HTTP Request: POST http://localhost:8002/v1/chat/completions "HTTP/1.1 200 OK"
2026-08-17 10:49:22,294 - INFO - HTTP Request: POST http://localhost:8002/v1/chat/completions "HTTP/1.1 200 OK"

2026-08-17 10:49:29,054 - INFO - HTTP Request: POST http://localhost:8002/v1/chat/completions "HTTP/1.1 200 OK"
2026-08-17 10:49:29,055 - INFO - HTTP Request: POST http://localhost:8002/v1/chat/completions "HTTP/1.1 200 OK"


2026-08-17 10:49:30,366 - INFO - HTTP Request: POST http://localhost:8002/v1/chat/completions "HTTP/1.1 200 OK"

2026-08-17 10:49:46,644 - INFO - HTTP Request: POST http://localhost:8002/v1/chat/completions "HTTP/1.1 200 OK"
2026-08-17 10:49:53,922 - INFO - HTTP Request: POST http://localhost:8002/v1/chat/completions "HTTP/1.1 200 OK"
2026-08-17 10:49:55,766 - INFO - HTTP Request: POST http://localhost:8002/v1/chat/completions "HTTP/1.1 200 OK"
2026-08-17 10:49:55,767 - INFO - HTTP Request: POST http://localhost:8002/v1/chat/completions "HTTP/1.1 200 OK"
2026-08-17 10:50:01,302 - INFO - HTTP Request: POST http://localhost:8002/v1/chat/completions "HTTP/1.1 200 OK"

2026-08-17 10:50:06,761 - INFO - HTTP Request: POST http://localhost:8002/v1/chat/completions "HTTP/1.1 200 OK"

2026-08-17 10:50:06,978 - INFO - HTTP Request: POST http://localhost:8002/v1/chat/completions "HTTP/1.1 200 OK"

2026-08-17 10:50:07,416 - INFO - HTTP Request: POST http://localhost:8002/v1/chat/completions "HTTP/1.1 200 OK"

2026-08-17 10:50:24,792 - INFO - HTTP Request: POST http://localhost:8002/v1/chat/completions "HTTP/1.1 200 OK"
2026-08-17 10:50:31,195 - INFO - HTTP Request: POST http://localhost:8002/v1/chat/completions "HTTP/1.1 200 OK"
2026-08-17 10:50:31,413 - INFO - HTTP Request: POST http://localhost:8002/v1/chat/completions "HTTP/1.1 200 OK"
2026-08-17 10:50:32,696 - INFO - HTTP Request: POST http://localhost:8002/v1/chat/completions "HTTP/1.1 200 OK"
2026-08-17 10:50:39,164 - INFO - HTTP Request: POST http://localhost:8002/v1/chat/completions "HTTP/1.1 200 OK"

2026-08-17 10:50:43,968 - INFO - HTTP Request: POST http://localhost:8002/v1/chat/completions "HTTP/1.1 200 OK"

2026-08-17 10:50:44,186 - INFO - HTTP Request: POST http://localhost:8002/v1/chat/completions "HTTP/1.1 200 OK"

2026-08-17 10:50:46,160 - INFO - HTTP Request: POST http://localhost:8002/v1/chat/completions "HTTP/1.1 200 OK"

2026-08-17 10:50:58,972 - INFO - HTTP Request: POST http://localhost:8002/v1/chat/completions "HTTP/1.1 200 OK"
2026-08-17 10:51:04,074 - INFO - HTTP Request: POST http://localhost:8002/v1/chat/completions "HTTP/1.1 200 OK"
2026-08-17 10:51:08,745 - INFO - HTTP Request: POST http://localhost:8002/v1/chat/completions "HTTP/1.1 200 OK"
2026-08-17 10:51:11,066 - INFO - HTTP Request: POST http://localhost:8002/v1/chat/completions "HTTP/1.1 200 OK"
2026-08-17 10:51:13,562 - INFO - HTTP Request: POST http://localhost:8002/v1/chat/completions "HTTP/1.1 200 OK"

2026-08-17 10:51:14,655 - INFO - HTTP Request: POST http://localhost:8002/v1/chat/completions "HTTP/1.1 200 OK"

2026-08-17 10:51:19,880 - INFO - HTTP Request: POST http://localhost:8002/v1/chat/completions "HTTP/1.1 200 OK"

2026-08-17 10:51:23,151 - INFO - HTTP Request: POST http://localhost:8002/v1/chat/completions "HTTP/1.1 200 OK"

2026-08-17 10:51:39,655 - INFO - HTTP Request: POST http://localhost:8002/v1/chat/completions "HTTP/1.1 200 OK"
2026-08-17 10:51:42,409 - INFO - HTTP Request: POST http://localhost:8002/v1/chat/completions "HTTP/1.1 200 OK"
2026-08-17 10:51:43,377 - INFO - HTTP Request: POST http://localhost:8002/v1/chat/completions "HTTP/1.1 200 OK"
2026-08-17 10:51:44,108 - INFO - HTTP Request: POST http://localhost:8002/v1/chat/completions "HTTP/1.1 200 OK"
2026-08-17 10:51:52,069 - INFO - HTTP Request: POST http://localhost:8002/v1/chat/completions "HTTP/1.1 200 OK"

2026-08-17 10:51:53,163 - INFO - HTTP Request: POST http://localhost:8002/v1/chat/completions "HTTP/1.1 200 OK"

2026-08-17 10:51:55,343 - INFO - HTTP Request: POST http://localhost:8002/v1/chat/completions "HTTP/1.1 200 OK"

2026-08-17 10:51:58,174 - INFO - HTTP Request: POST http://localhost:8002/v1/chat/completions "HTTP/1.1 200 OK"

2026-08-17 10:52:15,328 - INFO - HTTP Request: POST http://localhost:8002/v1/chat/completions "HTTP/1.1 200 OK"
2026-08-17 10:52:18,474 - INFO - HTTP Request: POST http://localhost:8002/v1/chat/completions "HTTP/1.1 200 OK"
2026-08-17 10:52:21,409 - INFO - HTTP Request: POST http://localhost:8002/v1/chat/completions "HTTP/1.1 200 OK"
2026-08-17 10:52:22,639 - INFO - HTTP Request: POST http://localhost:8002/v1/chat/completions "HTTP/1.1 200 OK"
2026-08-17 10:52:27,969 - INFO - HTTP Request: POST http://localhost:8002/v1/chat/completions "HTTP/1.1 200 OK"

2026-08-17 10:52:32,113 - INFO - HTTP Request: POST http://localhost:8002/v1/chat/completions "HTTP/1.1 200 OK"

2026-08-17 10:52:32,987 - INFO - HTTP Request: POST http://localhost:8002/v1/chat/completions "HTTP/1.1 200 OK"

2026-08-17 10:52:35,166 - INFO - HTTP Request: POST http://localhost:8002/v1/chat/completions "HTTP/1.1 200 OK"

2026-08-17 10:52:52,110 - INFO - HTTP Request: POST http://localhost:8002/v1/chat/completions "HTTP/1.1 200 OK"
2026-08-17 10:52:55,300 - INFO - HTTP Request: POST http://localhost:8002/v1/chat/completions "HTTP/1.1 200 OK"
2026-08-17 10:52:57,578 - INFO - HTTP Request: POST http://localhost:8002/v1/chat/completions "HTTP/1.1 200 OK"
2026-08-17 10:53:02,911 - INFO - HTTP Request: POST http://localhost:8002/v1/chat/completions "HTTP/1.1 200 OK"
2026-08-17 10:53:05,413 - INFO - HTTP Request: POST http://localhost:8002/v1/chat/completions "HTTP/1.1 200 OK"

2026-08-17 10:53:10,215 - INFO - HTTP Request: POST http://localhost:8002/v1/chat/completions "HTTP/1.1 200 OK"

2026-08-17 10:53:16,097 - INFO - HTTP Request: POST http://localhost:8002/v1/chat/completions "HTTP/1.1 200 OK"

2026-08-17 10:53:16,532 - INFO - HTTP Request: POST http://localhost:8002/v1/chat/completions "HTTP/1.1 200 OK"

2026-08-17 10:53:34,581 - INFO - HTTP Request: POST http://localhost:8002/v1/chat/completions "HTTP/1.1 200 OK"
2026-08-17 10:53:39,511 - INFO - HTTP Request: POST http://localhost:8002/v1/chat/completions "HTTP/1.1 200 OK"
2026-08-17 10:53:48,316 - INFO - HTTP Request: POST http://localhost:8002/v1/chat/completions "HTTP/1.1 200 OK"

2026-08-17 10:53:48,980 - INFO - HTTP Request: POST http://localhost:8002/v1/chat/completions "HTTP/1.1 200 OK"
2026-08-17 10:53:50,389 - INFO - HTTP Request: POST http://localhost:8002/v1/chat/completions "HTTP/1.1 200 OK"
2026-08-17 10:53:55,291 - INFO - HTTP Request: POST http://localhost:8002/v1/chat/completions "HTTP/1.1 200 OK"

2026-08-17 10:54:00,530 - INFO - HTTP Request: POST http://localhost:8002/v1/chat/completions "HTTP/1.1 200 OK"

r0_cfg21:  66%|██████▌   | 33/50 [52:25<36:39, 129.39s/it]2026-08-17 10:54:03,578 - INFO - HTTP Request: POST http://localhost:8002/v1/chat/completions "HTTP/1.1 200 OK"

r0_cfg21:  68%|██████▊   | 34/50 [52:28<24:23, 91.48s/it] 2026-08-17 10:54:22,036 - INFO - HTTP Request: POST http://localhost:8002/v1/chat/completions "HTTP/1.1 200 OK"
2026-08-17 10:54:22,254 - INFO - HTTP Request: POST http://localhost:8002/v1/chat/completions "HTTP/1.1 200 OK"
2026-08-17 10:54:26,033 - INFO - HTTP Request: POST http://localhost:8002/v1/chat/completions "HTTP/1.1 200 OK"
2026-08-17 10:54:28,530 - INFO - HTTP Request: POST http://localhost:8002/v1/chat/completions "HTTP/1.1 200 OK"
2026-08-17 10:54:34,955 - INFO - HTTP Request: POST http://localhost:8002/v1/chat/completions "HTTP/1.1 200 OK"

2026-08-17 10:54:35,173 - INFO - HTTP Request: POST http://localhost:8002/v1/chat/completions "HTTP/1.1 200 OK"

r0_cfg21:  70%|███████   | 35/50 [53:00<18:22, 73.52s/it]2026-08-17 10:54:38,883 - INFO - HTTP Request: POST http://localhost:8002/v1/chat/completions "HTTP/1.1 200 OK"

r0_cfg21:  72%|███████▏  | 36/50 [53:03<12:16, 52.57s/it]2026-08-17 10:54:42,579 - INFO - HTTP Request: POST http://localhost:8002/v1/chat/completions "HTTP/1.1 200 OK"

2026-08-17 10:54:57,123 - INFO - HTTP Request: POST http://localhost:8002/v1/chat/completions "HTTP/1.1 200 OK"
2026-08-17 10:55:01,138 - INFO - HTTP Request: POST http://localhost:8002/v1/chat/completions "HTTP/1.1 200 OK"
2026-08-17 10:55:01,359 - INFO - HTTP Request: POST http://localhost:8002/v1/chat/completions "HTTP/1.1 200 OK"
2026-08-17 10:55:09,673 - INFO - HTTP Request: POST http://localhost:8002/v1/chat/completions "HTTP/1.1 200 OK"
2026-08-17 10:55:11,087 - INFO - HTTP Request: POST http://localhost:8002/v1/chat/completions "HTTP/1.1 200 OK"

2026-08-17 10:55:12,834 - INFO - HTTP Request: POST http://localhost:8002/v1/chat/completions "HTTP/1.1 200 OK"

2026-08-17 10:55:12,836 - INFO - HTTP Request: POST http://localhost:8002/v1/chat/completions "HTTP/1.1 200 OK"

2026-08-17 10:55:23,494 - INFO - HTTP Request: POST http://localhost:8002/v1/chat/completions "HTTP/1.1 200 OK"

2026-08-17 10:55:37,174 - INFO - HTTP Request: POST http://localhost:8002/v1/chat/completions "HTTP/1.1 200 OK"
2026-08-17 10:55:37,175 - INFO - HTTP Request: POST http://localhost:8002/v1/chat/completions "HTTP/1.1 200 OK"
2026-08-17 10:55:39,670 - INFO - HTTP Request: POST http://localhost:8002/v1/chat/completions "HTTP/1.1 200 OK"
2026-08-17 10:55:48,985 - INFO - HTTP Request: POST http://localhost:8002/v1/chat/completions "HTTP/1.1 200 OK"
2026-08-17 10:55:50,011 - INFO - HTTP Request: POST http://localhost:8002/v1/chat/completions "HTTP/1.1 200 OK"

2026-08-17 10:55:52,628 - INFO - HTTP Request: POST http://localhost:8002/v1/chat/completions "HTTP/1.1 200 OK"

2026-08-17 10:55:55,686 - INFO - HTTP Request: POST http://localhost:8002/v1/chat/completions "HTTP/1.1 200 OK"

2026-08-17 10:56:02,864 - INFO - HTTP Request: POST http://localhost:8002/v1/chat/completions "HTTP/1.1 200 OK"

2026-08-17 10:56:14,379 - INFO - HTTP Request: POST http://localhost:8002/v1/chat/completions "HTTP/1.1 200 OK"
2026-08-17 10:56:16,869 - INFO - HTTP Request: POST http://localhost:8002/v1/chat/completions "HTTP/1.1 200 OK"
2026-08-17 10:56:20,674 - INFO - HTTP Request: POST http://localhost:8002/v1/chat/completions "HTTP/1.1 200 OK"
2026-08-17 10:56:28,020 - INFO - HTTP Request: POST http://localhost:8002/v1/chat/completions "HTTP/1.1 200 OK"
2026-08-17 10:56:30,521 - INFO - HTTP Request: POST http://localhost:8002/v1/chat/completions "HTTP/1.1 200 OK"

2026-08-17 10:56:30,956 - INFO - HTTP Request: POST http://localhost:8002/v1/chat/completions "HTTP/1.1 200 OK"

2026-08-17 10:56:35,115 - INFO - HTTP Request: POST http://localhost:8002/v1/chat/completions "HTTP/1.1 200 OK"

2026-08-17 10:56:40,123 - INFO - HTTP Request: POST http://localhost:8002/v1/chat/completions "HTTP/1.1 200 OK"

2026-08-17 10:56:50,769 - INFO - HTTP Request: POST http://localhost:8002/v1/chat/completions "HTTP/1.1 200 OK"
2026-08-17 10:56:54,838 - INFO - HTTP Request: POST http://localhost:8002/v1/chat/completions "HTTP/1.1 200 OK"
2026-08-17 10:56:59,289 - INFO - HTTP Request: POST http://localhost:8002/v1/chat/completions "HTTP/1.1 200 OK"
2026-08-17 10:57:00,699 - INFO - HTTP Request: POST http://localhost:8002/v1/chat/completions "HTTP/1.1 200 OK"

2026-08-17 10:57:00,918 - INFO - HTTP Request: POST http://localhost:8002/v1/chat/completions "HTTP/1.1 200 OK"
2026-08-17 10:57:08,215 - INFO - HTTP Request: POST http://localhost:8002/v1/chat/completions "HTTP/1.1 200 OK"

2026-08-17 10:57:11,273 - INFO - HTTP Request: POST http://localhost:8002/v1/chat/completions "HTTP/1.1 200 OK"

2026-08-17 10:57:12,804 - INFO - HTTP Request: POST http://localhost:8002/v1/chat/completions "HTTP/1.1 200 OK"

2026-08-17 10:57:28,000 - INFO - HTTP Request: POST http://localhost:8002/v1/chat/completions "HTTP/1.1 200 OK"
2026-08-17 10:57:30,057 - INFO - HTTP Request: POST http://localhost:8002/v1/chat/completions "HTTP/1.1 200 OK"
2026-08-17 10:57:31,685 - INFO - HTTP Request: POST http://localhost:8002/v1/chat/completions "HTTP/1.1 200 OK"
2026-08-17 10:57:40,507 - INFO - HTTP Request: POST http://localhost:8002/v1/chat/completions "HTTP/1.1 200 OK"

2026-08-17 10:57:42,254 - INFO - HTTP Request: POST http://localhost:8002/v1/chat/completions "HTTP/1.1 200 OK"

2026-08-17 10:57:42,471 - INFO - HTTP Request: POST http://localhost:8002/v1/chat/completions "HTTP/1.1 200 OK"
2026-08-17 10:57:44,750 - INFO - HTTP Request: POST http://localhost:8002/v1/chat/completions "HTTP/1.1 200 OK"

2026-08-17 10:57:56,709 - INFO - HTTP Request: POST http://localhost:8002/v1/chat/completions "HTTP/1.1 200 OK"

2026-08-17 10:58:04,745 - INFO - HTTP Request: POST http://localhost:8002/v1/chat/completions "HTTP/1.1 200 OK"
2026-08-17 10:58:09,905 - INFO - HTTP Request: POST http://localhost:8002/v1/chat/completions "HTTP/1.1 200 OK"
2026-08-17 10:58:11,962 - INFO - HTTP Request: POST http://localhost:8002/v1/chat/completions "HTTP/1.1 200 OK"
2026-08-17 10:58:17,734 - INFO - HTTP Request: POST http://localhost:8002/v1/chat/completions "HTTP/1.1 200 OK"
2026-08-17 10:58:18,764 - INFO - HTTP Request: POST http://localhost:8002/v1/chat/completions "HTTP/1.1 200 OK"

2026-08-17 10:58:23,998 - INFO - HTTP Request: POST http://localhost:8002/v1/chat/completions "HTTP/1.1 200 OK"

2026-08-17 10:58:26,833 - INFO - HTTP Request: POST http://localhost:8002/v1/chat/completions "HTTP/1.1 200 OK"

2026-08-17 10:58:34,014 - INFO - HTTP Request: POST http://localhost:8002/v1/chat/completions "HTTP/1.1 200 OK"

2026-08-17 10:58:44,005 - INFO - HTTP Request: POST http://localhost:8002/v1/chat/completions "HTTP/1.1 200 OK"
2026-08-17 10:58:47,153 - INFO - HTTP Request: POST http://localhost:8002/v1/chat/completions "HTTP/1.1 200 OK"
2026-08-17 10:58:48,616 - INFO - HTTP Request: POST http://localhost:8002/v1/chat/completions "HTTP/1.1 200 OK"
2026-08-17 10:59:02,080 - INFO - HTTP Request: POST http://localhost:8002/v1/chat/completions "HTTP/1.1 200 OK"

2026-08-17 10:59:02,297 - INFO - HTTP Request: POST http://localhost:8002/v1/chat/completions "HTTP/1.1 200 OK"

2026-08-17 10:59:02,515 - INFO - HTTP Request: POST http://localhost:8002/v1/chat/completions "HTTP/1.1 200 OK"

2026-08-17 10:59:04,259 - INFO - HTTP Request: POST http://localhost:8002/v1/chat/completions "HTTP/1.1 200 OK"
2026-08-17 10:59:19,593 - INFO - HTTP Request: POST http://localhost:8002/v1/chat/completions "HTTP/1.1 200 OK"

2026-08-17 10:59:31,549 - INFO - HTTP Request: POST http://localhost:8002/v1/chat/completions "HTTP/1.1 200 OK"
2026-08-17 10:59:32,266 - INFO - HTTP Request: POST http://localhost:8002/v1/chat/completions "HTTP/1.1 200 OK"
2026-08-17 10:59:35,669 - INFO - HTTP Request: POST http://localhost:8002/v1/chat/completions "HTTP/1.1 200 OK"
2026-08-17 10:59:45,424 - INFO - HTTP Request: POST http://localhost:8002/v1/chat/completions "HTTP/1.1 200 OK"

2026-08-17 10:59:47,613 - INFO - HTTP Request: POST http://localhost:8002/v1/chat/completions "HTTP/1.1 200 OK"

r0_cfg21:  74%|███████▍  | 37/50 [58:12<28:02, 129.42s/it]2026-08-17 10:59:49,139 - INFO - HTTP Request: POST http://localhost:8002/v1/chat/completions "HTTP/1.1 200 OK"

2026-08-17 10:59:53,707 - INFO - HTTP Request: POST http://localhost:8002/v1/chat/completions "HTTP/1.1 200 OK"
2026-08-17 11:00:05,605 - INFO - HTTP Request: POST http://localhost:8002/v1/chat/completions "HTTP/1.1 200 OK"

r0_cfg21:  76%|███████▌  | 38/50 [58:30<19:11, 95.99s/it] 2026-08-17 11:00:09,950 - INFO - HTTP Request: POST http://localhost:8002/v1/chat/completions "HTTP/1.1 200 OK"
2026-08-17 11:00:18,529 - INFO - HTTP Request: POST http://localhost:8002/v1/chat/completions "HTTP/1.1 200 OK"
2026-08-17 11:00:22,769 - INFO - HTTP Request: POST http://localhost:8002/v1/chat/completions "HTTP/1.1 200 OK"
2026-08-17 11:00:24,182 - INFO - HTTP Request: POST http://localhost:8002/v1/chat/completions "HTTP/1.1 200 OK"

2026-08-17 11:00:28,542 - INFO - HTTP Request: POST http://localhost:8002/v1/chat/completions "HTTP/1.1 200 OK"
2026-08-17 11:00:35,185 - INFO - HTTP Request: POST http://localhost:8002/v1/chat/completions "HTTP/1.1 200 OK"

r0_cfg21:  78%|███████▊  | 39/50 [59:00<13:56, 76.07s/it]2026-08-17 11:00:38,456 - INFO - HTTP Request: POST http://localhost:8002/v1/chat/completions "HTTP/1.1 200 OK"

r0_cfg21:  80%|████████  | 40/50 [59:03<09:02, 54.23s/it]2026-08-17 11:00:43,458 - INFO - HTTP Request: POST http://localhost:8002/v1/chat/completions "HTTP/1.1 200 OK"

2026-08-17 11:00:50,624 - INFO - HTTP Request: POST http://localhost:8002/v1/chat/completions "HTTP/1.1 200 OK"
2026-08-17 11:00:57,252 - INFO - HTTP Request: POST http://localhost:8002/v1/chat/completions "HTTP/1.1 200 OK"
2026-08-17 11:01:01,052 - INFO - HTTP Request: POST http://localhost:8002/v1/chat/completions "HTTP/1.1 200 OK"
2026-08-17 11:01:06,873 - INFO - HTTP Request: POST http://localhost:8002/v1/chat/completions "HTTP/1.1 200 OK"

2026-08-17 11:01:10,577 - INFO - HTTP Request: POST http://localhost:8002/v1/chat/completions "HTTP/1.1 200 OK"
2026-08-17 11:01:13,080 - INFO - HTTP Request: POST http://localhost:8002/v1/chat/completions "HTTP/1.1 200 OK"

2026-08-17 11:01:13,081 - INFO - HTTP Request: POST http://localhost:8002/v1/chat/completions "HTTP/1.1 200 OK"

2026-08-17 11:01:25,478 - INFO - HTTP Request: POST http://localhost:8002/v1/chat/completions "HTTP/1.1 200 OK"

2026-08-17 11:01:31,559 - INFO - HTTP Request: POST http://localhost:8002/v1/chat/completions "HTTP/1.1 200 OK"
2026-08-17 11:01:39,492 - INFO - HTTP Request: POST http://localhost:8002/v1/chat/completions "HTTP/1.1 200 OK"
2026-08-17 11:01:39,492 - INFO - HTTP Request: POST http://localhost:8002/v1/chat/completions "HTTP/1.1 200 OK"
2026-08-17 11:01:44,610 - INFO - HTTP Request: POST http://localhost:8002/v1/chat/completions "HTTP/1.1 200 OK"

2026-08-17 11:01:50,935 - INFO - HTTP Request: POST http://localhost:8002/v1/chat/completions "HTTP/1.1 200 OK"
2026-08-17 11:01:53,217 - INFO - HTTP Request: POST http://localhost:8002/v1/chat/completions "HTTP/1.1 200 OK"

2026-08-17 11:01:56,052 - INFO - HTTP Request: POST http://localhost:8002/v1/chat/completions "HTTP/1.1 200 OK"

2026-08-17 11:02:03,664 - INFO - HTTP Request: POST http://localhost:8002/v1/chat/completions "HTTP/1.1 200 OK"

2026-08-17 11:02:09,101 - INFO - HTTP Request: POST http://localhost:8002/v1/chat/completions "HTTP/1.1 200 OK"
2026-08-17 11:02:17,961 - INFO - HTTP Request: POST http://localhost:8002/v1/chat/completions "HTTP/1.1 200 OK"
2026-08-17 11:02:21,164 - INFO - HTTP Request: POST http://localhost:8002/v1/chat/completions "HTTP/1.1 200 OK"
2026-08-17 11:02:22,357 - INFO - HTTP Request: POST http://localhost:8002/v1/chat/completions "HTTP/1.1 200 OK"

2026-08-17 11:02:28,680 - INFO - HTTP Request: POST http://localhost:8002/v1/chat/completions "HTTP/1.1 200 OK"
2026-08-17 11:02:34,011 - INFO - HTTP Request: POST http://localhost:8002/v1/chat/completions "HTTP/1.1 200 OK"

2026-08-17 11:02:34,676 - INFO - HTTP Request: POST http://localhost:8002/v1/chat/completions "HTTP/1.1 200 OK"

2026-08-17 11:02:41,205 - INFO - HTTP Request: POST http://localhost:8002/v1/chat/completions "HTTP/1.1 200 OK"

2026-08-17 11:02:42,515 - INFO - HTTP Request: POST http://localhost:8002/v1/chat/completions "HTTP/1.1 200 OK"
2026-08-17 11:02:53,924 - INFO - HTTP Request: POST http://localhost:8002/v1/chat/completions "HTTP/1.1 200 OK"

2026-08-17 11:02:57,834 - INFO - HTTP Request: POST http://localhost:8002/v1/chat/completions "HTTP/1.1 200 OK"
2026-08-17 11:02:59,241 - INFO - HTTP Request: POST http://localhost:8002/v1/chat/completions "HTTP/1.1 200 OK"
2026-08-17 11:03:01,519 - INFO - HTTP Request: POST http://localhost:8002/v1/chat/completions "HTTP/1.1 200 OK"
2026-08-17 11:03:11,113 - INFO - HTTP Request: POST http://localhost:8002/v1/chat/completions "HTTP/1.1 200 OK"

2026-08-17 11:03:12,431 - INFO - HTTP Request: POST http://localhost:8002/v1/chat/completions "HTTP/1.1 200 OK"

2026-08-17 11:03:15,266 - INFO - HTTP Request: POST http://localhost:8002/v1/chat/completions "HTTP/1.1 200 OK"

2026-08-17 11:03:23,731 - INFO - HTTP Request: POST http://localhost:8002/v1/chat/completions "HTTP/1.1 200 OK"
2026-08-17 11:03:30,786 - INFO - HTTP Request: POST http://localhost:8002/v1/chat/completions "HTTP/1.1 200 OK"
2026-08-17 11:03:32,902 - INFO - HTTP Request: POST http://localhost:8002/v1/chat/completions "HTTP/1.1 200 OK"
2026-08-17 11:03:37,147 - INFO - HTTP Request: POST http://localhost:8002/v1/chat/completions "HTTP/1.1 200 OK"

2026-08-17 11:03:43,031 - INFO - HTTP Request: POST http://localhost:8002/v1/chat/completions "HTTP/1.1 200 OK"

2026-08-17 11:03:43,687 - INFO - HTTP Request: POST http://localhost:8002/v1/chat/completions "HTTP/1.1 200 OK"

2026-08-17 11:03:44,991 - INFO - HTTP Request: POST http://localhost:8002/v1/chat/completions "HTTP/1.1 200 OK"
2026-08-17 11:03:57,485 - INFO - HTTP Request: POST http://localhost:8002/v1/chat/completions "HTTP/1.1 200 OK"
2026-08-17 11:03:59,329 - INFO - HTTP Request: POST http://localhost:8002/v1/chat/completions "HTTP/1.1 200 OK"

2026-08-17 11:04:12,379 - INFO - HTTP Request: POST http://localhost:8002/v1/chat/completions "HTTP/1.1 200 OK"
2026-08-17 11:04:13,353 - INFO - HTTP Request: POST http://localhost:8002/v1/chat/completions "HTTP/1.1 200 OK"
2026-08-17 11:04:15,630 - INFO - HTTP Request: POST http://localhost:8002/v1/chat/completions "HTTP/1.1 200 OK"

2026-08-17 11:04:19,987 - INFO - HTTP Request: POST http://localhost:8002/v1/chat/completions "HTTP/1.1 200 OK"
2026-08-17 11:04:23,361 - INFO - HTTP Request: POST http://localhost:8002/v1/chat/completions "HTTP/1.1 200 OK"

2026-08-17 11:04:28,375 - INFO - HTTP Request: POST http://localhost:8002/v1/chat/completions "HTTP/1.1 200 OK"

2026-08-17 11:04:37,950 - INFO - HTTP Request: POST http://localhost:8002/v1/chat/completions "HTTP/1.1 200 OK"

2026-08-17 11:04:43,383 - INFO - HTTP Request: POST http://localhost:8002/v1/chat/completions "HTTP/1.1 200 OK"
2026-08-17 11:04:45,497 - INFO - HTTP Request: POST http://localhost:8002/v1/chat/completions "HTTP/1.1 200 OK"
2026-08-17 11:04:49,084 - INFO - HTTP Request: POST http://localhost:8002/v1/chat/completions "HTTP/1.1 200 OK"
2026-08-17 11:04:59,439 - INFO - HTTP Request: POST http://localhost:8002/v1/chat/completions "HTTP/1.1 200 OK"

2026-08-17 11:05:01,839 - INFO - HTTP Request: POST http://localhost:8002/v1/chat/completions "HTTP/1.1 200 OK"

2026-08-17 11:05:02,937 - INFO - HTTP Request: POST http://localhost:8002/v1/chat/completions "HTTP/1.1 200 OK"

2026-08-17 11:05:08,152 - INFO - HTTP Request: POST http://localhost:8002/v1/chat/completions "HTTP/1.1 200 OK"
2026-08-17 11:05:21,744 - INFO - HTTP Request: POST http://localhost:8002/v1/chat/completions "HTTP/1.1 200 OK"

2026-08-17 11:05:28,923 - INFO - HTTP Request: POST http://localhost:8002/v1/chat/completions "HTTP/1.1 200 OK"
2026-08-17 11:05:32,778 - INFO - HTTP Request: POST http://localhost:8002/v1/chat/completions "HTTP/1.1 200 OK"
2026-08-17 11:05:35,275 - INFO - HTTP Request: POST http://localhost:8002/v1/chat/completions "HTTP/1.1 200 OK"
2026-08-17 11:05:44,974 - INFO - HTTP Request: POST http://localhost:8002/v1/chat/completions "HTTP/1.1 200 OK"

2026-08-17 11:05:49,341 - INFO - HTTP Request: POST http://localhost:8002/v1/chat/completions "HTTP/1.1 200 OK"

r0_cfg21:  82%|████████▏ | 41/50 [1:04:14<19:41, 131.23s/it]2026-08-17 11:05:51,737 - INFO - HTTP Request: POST http://localhost:8002/v1/chat/completions "HTTP/1.1 200 OK"

2026-08-17 11:05:55,871 - INFO - HTTP Request: POST http://localhost:8002/v1/chat/completions "HTTP/1.1 200 OK"
2026-08-17 11:06:07,065 - INFO - HTTP Request: POST http://localhost:8002/v1/chat/completions "HTTP/1.1 200 OK"

r0_cfg21:  84%|████████▍ | 42/50 [1:04:32<12:57, 97.18s/it] 2026-08-17 11:06:11,410 - INFO - HTTP Request: POST http://localhost:8002/v1/chat/completions "HTTP/1.1 200 OK"
2026-08-17 11:06:18,441 - INFO - HTTP Request: POST http://localhost:8002/v1/chat/completions "HTTP/1.1 200 OK"
2026-08-17 11:06:23,766 - INFO - HTTP Request: POST http://localhost:8002/v1/chat/completions "HTTP/1.1 200 OK"
2026-08-17 11:06:24,581 - INFO - HTTP Request: POST http://localhost:8002/v1/chat/completions "HTTP/1.1 200 OK"

2026-08-17 11:06:29,956 - INFO - HTTP Request: POST http://localhost:8002/v1/chat/completions "HTTP/1.1 200 OK"
2026-08-17 11:06:30,706 - INFO - HTTP Request: POST http://localhost:8002/v1/chat/completions "HTTP/1.1 200 OK"

r0_cfg21:  86%|████████▌ | 43/50 [1:04:55<08:45, 75.12s/it]2026-08-17 11:06:38,175 - INFO - HTTP Request: POST http://localhost:8002/v1/chat/completions "HTTP/1.1 200 OK"

r0_cfg21:  88%|████████▊ | 44/50 [1:05:03<05:28, 54.82s/it]2026-08-17 11:06:45,136 - INFO - HTTP Request: POST http://localhost:8002/v1/chat/completions "HTTP/1.1 200 OK"

2026-08-17 11:06:51,216 - INFO - HTTP Request: POST http://localhost:8002/v1/chat/completions "HTTP/1.1 200 OK"
2026-08-17 11:06:52,873 - INFO - HTTP Request: POST http://localhost:8002/v1/chat/completions "HTTP/1.1 200 OK"
2026-08-17 11:07:00,588 - INFO - HTTP Request: POST http://localhost:8002/v1/chat/completions "HTTP/1.1 200 OK"
2026-08-17 11:07:01,560 - INFO - HTTP Request: POST http://localhost:8002/v1/chat/completions "HTTP/1.1 200 OK"

2026-08-17 11:07:05,915 - INFO - HTTP Request: POST http://localhost:8002/v1/chat/completions "HTTP/1.1 200 OK"

2026-08-17 11:07:12,004 - INFO - HTTP Request: POST http://localhost:8002/v1/chat/completions "HTTP/1.1 200 OK"
2026-08-17 11:07:13,249 - INFO - HTTP Request: POST http://localhost:8002/v1/chat/completions "HTTP/1.1 200 OK"

2026-08-17 11:07:25,210 - INFO - HTTP Request: POST http://localhost:8002/v1/chat/completions "HTTP/1.1 200 OK"

2026-08-17 11:07:26,297 - INFO - HTTP Request: POST http://localhost:8002/v1/chat/completions "HTTP/1.1 200 OK"
2026-08-17 11:07:32,459 - INFO - HTTP Request: POST http://localhost:8002/v1/chat/completions "HTTP/1.1 200 OK"
2026-08-17 11:07:36,098 - INFO - HTTP Request: POST http://localhost:8002/v1/chat/completions "HTTP/1.1 200 OK"

2026-08-17 11:07:39,806 - INFO - HTTP Request: POST http://localhost:8002/v1/chat/completions "HTTP/1.1 200 OK"
2026-08-17 11:07:45,349 - INFO - HTTP Request: POST http://localhost:8002/v1/chat/completions "HTTP/1.1 200 OK"

2026-08-17 11:07:50,352 - INFO - HTTP Request: POST http://localhost:8002/v1/chat/completions "HTTP/1.1 200 OK"
2026-08-17 11:07:54,429 - INFO - HTTP Request: POST http://localhost:8002/v1/chat/completions "HTTP/1.1 200 OK"

2026-08-17 11:08:00,955 - INFO - HTTP Request: POST http://localhost:8002/v1/chat/completions "HTTP/1.1 200 OK"
2026-08-17 11:08:03,712 - INFO - HTTP Request: POST http://localhost:8002/v1/chat/completions "HTTP/1.1 200 OK"

2026-08-17 11:08:10,237 - INFO - HTTP Request: POST http://localhost:8002/v1/chat/completions "HTTP/1.1 200 OK"
2026-08-17 11:08:13,002 - INFO - HTTP Request: POST http://localhost:8002/v1/chat/completions "HTTP/1.1 200 OK"

2026-08-17 11:08:19,318 - INFO - HTTP Request: POST http://localhost:8002/v1/chat/completions "HTTP/1.1 200 OK"
2026-08-17 11:08:21,594 - INFO - HTTP Request: POST http://localhost:8002/v1/chat/completions "HTTP/1.1 200 OK"

2026-08-17 11:08:28,559 - INFO - HTTP Request: POST http://localhost:8002/v1/chat/completions "HTTP/1.1 200 OK"
2026-08-17 11:08:33,504 - INFO - HTTP Request: POST http://localhost:8002/v1/chat/completions "HTTP/1.1 200 OK"
2026-08-17 11:08:37,070 - INFO - HTTP Request: POST http://localhost:8002/v1/chat/completions "HTTP/1.1 200 OK"

2026-08-17 11:08:41,211 - INFO - HTTP Request: POST http://localhost:8002/v1/chat/completions "HTTP/1.1 200 OK"

2026-08-17 11:08:44,913 - INFO - HTTP Request: POST http://localhost:8002/v1/chat/completions "HTTP/1.1 200 OK"

2026-08-17 11:08:46,000 - INFO - HTTP Request: POST http://localhost:8002/v1/chat/completions "HTTP/1.1 200 OK"
2026-08-17 11:08:58,498 - INFO - HTTP Request: POST http://localhost:8002/v1/chat/completions "HTTP/1.1 200 OK"

2026-08-17 11:09:01,330 - INFO - HTTP Request: POST http://localhost:8002/v1/chat/completions "HTTP/1.1 200 OK"
2026-08-17 11:09:01,331 - INFO - HTTP Request: POST http://localhost:8002/v1/chat/completions "HTTP/1.1 200 OK"
2026-08-17 11:09:14,202 - INFO - HTTP Request: POST http://localhost:8002/v1/chat/completions "HTTP/1.1 200 OK"

2026-08-17 11:09:14,637 - INFO - HTTP Request: POST http://localhost:8002/v1/chat/completions "HTTP/1.1 200 OK"
2026-08-17 11:09:15,375 - INFO - HTTP Request: POST http://localhost:8002/v1/chat/completions "HTTP/1.1 200 OK"

2026-08-17 11:09:19,067 - INFO - HTTP Request: POST http://localhost:8002/v1/chat/completions "HTTP/1.1 200 OK"
2026-08-17 11:09:25,528 - INFO - HTTP Request: POST http://localhost:8002/v1/chat/completions "HTTP/1.1 200 OK"

2026-08-17 11:09:31,403 - INFO - HTTP Request: POST http://localhost:8002/v1/chat/completions "HTTP/1.1 200 OK"

2026-08-17 11:09:34,445 - INFO - HTTP Request: POST http://localhost:8002/v1/chat/completions "HTTP/1.1 200 OK"
2026-08-17 11:09:44,766 - INFO - HTTP Request: POST http://localhost:8002/v1/chat/completions "HTTP/1.1 200 OK"
2026-08-17 11:09:46,225 - INFO - HTTP Request: POST http://localhost:8002/v1/chat/completions "HTTP/1.1 200 OK"
2026-08-17 11:09:54,211 - INFO - HTTP Request: POST http://localhost:8002/v1/chat/completions "HTTP/1.1 200 OK"

2026-08-17 11:09:58,568 - INFO - HTTP Request: POST http://localhost:8002/v1/chat/completions "HTTP/1.1 200 OK"

2026-08-17 11:09:59,873 - INFO - HTTP Request: POST http://localhost:8002/v1/chat/completions "HTTP/1.1 200 OK"

2026-08-17 11:10:00,961 - INFO - HTTP Request: POST http://localhost:8002/v1/chat/completions "HTTP/1.1 200 OK"
2026-08-17 11:10:16,074 - INFO - HTTP Request: POST http://localhost:8002/v1/chat/completions "HTTP/1.1 200 OK"

2026-08-17 11:10:18,900 - INFO - HTTP Request: POST http://localhost:8002/v1/chat/completions "HTTP/1.1 200 OK"
2026-08-17 11:10:23,628 - INFO - HTTP Request: POST http://localhost:8002/v1/chat/completions "HTTP/1.1 200 OK"
2026-08-17 11:10:30,040 - INFO - HTTP Request: POST http://localhost:8002/v1/chat/completions "HTTP/1.1 200 OK"
2026-08-17 11:10:31,210 - INFO - HTTP Request: POST http://localhost:8002/v1/chat/completions "HTTP/1.1 200 OK"

2026-08-17 11:10:36,873 - INFO - HTTP Request: POST http://localhost:8002/v1/chat/completions "HTTP/1.1 200 OK"
2026-08-17 11:10:39,643 - INFO - HTTP Request: POST http://localhost:8002/v1/chat/completions "HTTP/1.1 200 OK"

2026-08-17 11:10:40,734 - INFO - HTTP Request: POST http://localhost:8002/v1/chat/completions "HTTP/1.1 200 OK"

2026-08-17 11:10:48,793 - INFO - HTTP Request: POST http://localhost:8002/v1/chat/completions "HTTP/1.1 200 OK"

2026-08-17 11:10:59,657 - INFO - HTTP Request: POST http://localhost:8002/v1/chat/completions "HTTP/1.1 200 OK"
2026-08-17 11:11:01,063 - INFO - HTTP Request: POST http://localhost:8002/v1/chat/completions "HTTP/1.1 200 OK"
2026-08-17 11:11:12,774 - INFO - HTTP Request: POST http://localhost:8002/v1/chat/completions "HTTP/1.1 200 OK"

2026-08-17 11:11:12,992 - INFO - HTTP Request: POST http://localhost:8002/v1/chat/completions "HTTP/1.1 200 OK"

2026-08-17 11:11:14,523 - INFO - HTTP Request: POST http://localhost:8002/v1/chat/completions "HTTP/1.1 200 OK"
2026-08-17 11:11:18,732 - INFO - HTTP Request: POST http://localhost:8002/v1/chat/completions "HTTP/1.1 200 OK"
2026-08-17 11:11:24,766 - INFO - HTTP Request: POST http://localhost:8002/v1/chat/completions "HTTP/1.1 200 OK"

r0_cfg21:  90%|█████████ | 45/50 [1:09:49<10:21, 124.35s/it]2026-08-17 11:11:40,438 - INFO - HTTP Request: POST http://localhost:8002/v1/chat/completions "HTTP/1.1 200 OK"

2026-08-17 11:11:42,401 - INFO - HTTP Request: POST http://localhost:8002/v1/chat/completions "HTTP/1.1 200 OK"
2026-08-17 11:11:46,199 - INFO - HTTP Request: POST http://localhost:8002/v1/chat/completions "HTTP/1.1 200 OK"
2026-08-17 11:11:47,444 - INFO - HTTP Request: POST http://localhost:8002/v1/chat/completions "HTTP/1.1 200 OK"
2026-08-17 11:11:57,581 - INFO - HTTP Request: POST http://localhost:8002/v1/chat/completions "HTTP/1.1 200 OK"

2026-08-17 11:11:57,799 - INFO - HTTP Request: POST http://localhost:8002/v1/chat/completions "HTTP/1.1 200 OK"

2026-08-17 11:12:00,415 - INFO - HTTP Request: POST http://localhost:8002/v1/chat/completions "HTTP/1.1 200 OK"

r0_cfg21:  92%|█████████▏| 46/50 [1:10:25<06:30, 97.74s/it] 2026-08-17 11:12:14,095 - INFO - HTTP Request: POST http://localhost:8002/v1/chat/completions "HTTP/1.1 200 OK"
2026-08-17 11:12:22,732 - INFO - HTTP Request: POST http://localhost:8002/v1/chat/completions "HTTP/1.1 200 OK"
2026-08-17 11:12:24,576 - INFO - HTTP Request: POST http://localhost:8002/v1/chat/completions "HTTP/1.1 200 OK"
2026-08-17 11:12:25,325 - INFO - HTTP Request: POST http://localhost:8002/v1/chat/completions "HTTP/1.1 200 OK"

r0_cfg21:  94%|█████████▍| 47/50 [1:10:50<03:47, 75.89s/it]2026-08-17 11:12:31,264 - INFO - HTTP Request: POST http://localhost:8002/v1/chat/completions "HTTP/1.1 200 OK"
2026-08-17 11:12:35,941 - INFO - HTTP Request: POST http://localhost:8002/v1/chat/completions "HTTP/1.1 200 OK"

2026-08-17 11:12:39,863 - INFO - HTTP Request: POST http://localhost:8002/v1/chat/completions "HTTP/1.1 200 OK"

2026-08-17 11:12:43,775 - INFO - HTTP Request: POST http://localhost:8002/v1/chat/completions "HTTP/1.1 200 OK"

r0_cfg21:  96%|█████████▌| 48/50 [1:11:08<01:57, 58.66s/it]2026-08-17 11:13:01,970 - INFO - HTTP Request: POST http://localhost:8002/v1/chat/completions "HTTP/1.1 200 OK"
2026-08-17 11:13:04,332 - INFO - HTTP Request: POST http://localhost:8002/v1/chat/completions "HTTP/1.1 200 OK"
2026-08-17 11:13:14,958 - INFO - HTTP Request: POST http://localhost:8002/v1/chat/completions "HTTP/1.1 200 OK"

2026-08-17 11:13:16,300 - INFO - HTTP Request: POST http://localhost:8002/v1/chat/completions "HTTP/1.1 200 OK"

2026-08-17 11:13:38,650 - INFO - HTTP Request: POST http://localhost:8002/v1/chat/completions "HTTP/1.1 200 OK"
2026-08-17 11:13:40,523 - INFO - HTTP Request: POST http://localhost:8002/v1/chat/completions "HTTP/1.1 200 OK"
2026-08-17 11:13:51,091 - INFO - HTTP Request: POST http://localhost:8002/v1/chat/completions "HTTP/1.1 200 OK"

2026-08-17 11:13:53,525 - INFO - HTTP Request: POST http://localhost:8002/v1/chat/completions "HTTP/1.1 200 OK"

2026-08-17 11:14:10,456 - INFO - HTTP Request: POST http://localhost:8002/v1/chat/completions "HTTP/1.1 200 OK"
2026-08-17 11:14:17,599 - INFO - HTTP Request: POST http://localhost:8002/v1/chat/completions "HTTP/1.1 200 OK"
2026-08-17 11:14:26,210 - INFO - HTTP Request: POST http://localhost:8002/v1/chat/completions "HTTP/1.1 200 OK"

2026-08-17 11:14:29,723 - INFO - HTTP Request: POST http://localhost:8002/v1/chat/completions "HTTP/1.1 200 OK"

2026-08-17 11:14:49,262 - INFO - HTTP Request: POST http://localhost:8002/v1/chat/completions "HTTP/1.1 200 OK"
2026-08-17 11:14:54,612 - INFO - HTTP Request: POST http://localhost:8002/v1/chat/completions "HTTP/1.1 200 OK"
2026-08-17 11:15:00,618 - INFO - HTTP Request: POST http://localhost:8002/v1/chat/completions "HTTP/1.1 200 OK"

2026-08-17 11:15:08,907 - INFO - HTTP Request: POST http://localhost:8002/v1/chat/completions "HTTP/1.1 200 OK"

2026-08-17 11:15:28,660 - INFO - HTTP Request: POST http://localhost:8002/v1/chat/completions "HTTP/1.1 200 OK"
2026-08-17 11:15:28,877 - INFO - HTTP Request: POST http://localhost:8002/v1/chat/completions "HTTP/1.1 200 OK"
2026-08-17 11:15:41,124 - INFO - HTTP Request: POST http://localhost:8002/v1/chat/completions "HTTP/1.1 200 OK"

2026-08-17 11:15:41,598 - INFO - HTTP Request: POST http://localhost:8002/v1/chat/completions "HTTP/1.1 200 OK"

2026-08-17 11:16:00,702 - INFO - HTTP Request: POST http://localhost:8002/v1/chat/completions "HTTP/1.1 200 OK"
2026-08-17 11:16:10,620 - INFO - HTTP Request: POST http://localhost:8002/v1/chat/completions "HTTP/1.1 200 OK"
2026-08-17 11:16:13,642 - INFO - HTTP Request: POST http://localhost:8002/v1/chat/completions "HTTP/1.1 200 OK"

2026-08-17 11:16:23,018 - INFO - HTTP Request: POST http://localhost:8002/v1/chat/completions "HTTP/1.1 200 OK"

2026-08-17 11:16:42,347 - INFO - HTTP Request: POST http://localhost:8002/v1/chat/completions "HTTP/1.1 200 OK"
2026-08-17 11:16:55,298 - INFO - HTTP Request: POST http://localhost:8002/v1/chat/completions "HTTP/1.1 200 OK"
2026-08-17 11:16:56,798 - INFO - HTTP Request: POST http://localhost:8002/v1/chat/completions "HTTP/1.1 200 OK"

2026-08-17 11:17:07,475 - INFO - HTTP Request: POST http://localhost:8002/v1/chat/completions "HTTP/1.1 200 OK"

r0_cfg21:  98%|█████████▊| 49/50 [1:15:32<02:00, 120.17s/it]2026-08-17 11:17:11,544 - INFO - HTTP Request: POST http://localhost:8002/v1/chat/completions "HTTP/1.1 200 OK"
2026-08-17 11:17:14,771 - INFO - HTTP Request: POST http://localhost:8002/v1/chat/completions "HTTP/1.1 200 OK"

r0_cfg21: 100%|██████████| 50/50 [1:15:39<00:00, 86.31s/it] r0_cfg21: 100%|██████████| 50/50 [1:15:40<00:00, 90.80s/it]
  done in 4540.0s (valid 50/50, invalid {})

Scored 1 model/s.
Report:  /LAB/Swiss-Knife/tribunal/bayes_search_honesty/eval_results/round0/r0_cfg21/report/index.html
Tables:  /LAB/Swiss-Knife/tribunal/bayes_search_honesty/eval_results/round0/r0_cfg21/model_summary.csv, /LAB/Swiss-Knife/tribunal/bayes_search_honesty/eval_results/round0/r0_cfg21/summary.csv
