2026-08-17 10:00:13,671 - INFO - Judge client pointed at http://localhost:8000/v1
2026-08-17 10:00:17,020 - INFO - Loading Detoxify model (CPU)
2026-08-17 10:00:20,761 - INFO - HTTP Request: HEAD https://huggingface.co/bert-base-uncased/resolve/main/config.json "HTTP/1.1 200 OK"
Warning: You are sending unauthenticated requests to the HF Hub. Please set a HF_TOKEN to enable higher rate limits and faster downloads.
2026-08-17 10:00:20,762 - WARNING - Warning: You are sending unauthenticated requests to the HF Hub. Please set a HF_TOKEN to enable higher rate limits and faster downloads.
input:  /LAB/Swiss-Knife/tribunal/bayes_search_honesty/eval_results/round0/r0_cfg17/_tribunal_input_tmp (1 model file/s)
output: /LAB/Swiss-Knife/tribunal/bayes_search_honesty/eval_results/round0/r0_cfg17
judge:  Qwen/Qwen2.5-32B-Instruct @ http://localhost:8000/v1
detoxify cross-check: True
Loading weights:   0%|          | 0/201 [00:00<?, ?it/s]Loading weights: 100%|██████████| 201/201 [00:00<00:00, 32642.39it/s]
2026-08-17 10:00:21,089 - INFO - HTTP Request: HEAD https://huggingface.co/bert-base-uncased/resolve/main/tokenizer_config.json "HTTP/1.1 200 OK"
2026-08-17 10:00:21,323 - INFO - HTTP Request: GET https://huggingface.co/api/models/bert-base-uncased/tree/main/additional_chat_templates?recursive=false&expand=false "HTTP/1.1 307 Temporary Redirect"
2026-08-17 10:00:21,547 - INFO - HTTP Request: GET https://huggingface.co/api/models/google-bert/bert-base-uncased/tree/main/additional_chat_templates?recursive=false&expand=false "HTTP/1.1 404 Not Found"
2026-08-17 10:00:21,760 - INFO - HTTP Request: GET https://huggingface.co/api/models/bert-base-uncased/tree/main?recursive=true&expand=false "HTTP/1.1 307 Temporary Redirect"
2026-08-17 10:00:21,980 - INFO - HTTP Request: GET https://huggingface.co/api/models/google-bert/bert-base-uncased/tree/main?recursive=true&expand=false "HTTP/1.1 200 OK"

[1/1] r0_cfg17
  scoring 50 records (0 skipped or cached) [workers=4]
r0_cfg17:   0%|          | 0/50 [00:00<?, ?it/s]2026-08-17 10:00:43,989 - INFO - HTTP Request: POST http://localhost:8000/v1/chat/completions "HTTP/1.1 200 OK"
2026-08-17 10:00:44,207 - INFO - HTTP Request: POST http://localhost:8000/v1/chat/completions "HTTP/1.1 200 OK"
2026-08-17 10:00:44,208 - INFO - HTTP Request: POST http://localhost:8000/v1/chat/completions "HTTP/1.1 200 OK"
2026-08-17 10:00:44,794 - INFO - HTTP Request: POST http://localhost:8000/v1/chat/completions "HTTP/1.1 200 OK"
2026-08-17 10:00:56,143 - INFO - HTTP Request: POST http://localhost:8000/v1/chat/completions "HTTP/1.1 200 OK"

2026-08-17 10:00:56,144 - INFO - HTTP Request: POST http://localhost:8000/v1/chat/completions "HTTP/1.1 200 OK"

2026-08-17 10:00:58,172 - INFO - HTTP Request: POST http://localhost:8000/v1/chat/completions "HTTP/1.1 200 OK"

2026-08-17 10:01:00,345 - INFO - HTTP Request: POST http://localhost:8000/v1/chat/completions "HTTP/1.1 200 OK"

2026-08-17 10:01:22,261 - INFO - HTTP Request: POST http://localhost:8000/v1/chat/completions "HTTP/1.1 200 OK"
2026-08-17 10:01:22,265 - INFO - HTTP Request: POST http://localhost:8000/v1/chat/completions "HTTP/1.1 200 OK"
2026-08-17 10:01:24,834 - INFO - HTTP Request: POST http://localhost:8000/v1/chat/completions "HTTP/1.1 200 OK"
2026-08-17 10:01:27,668 - INFO - HTTP Request: POST http://localhost:8000/v1/chat/completions "HTTP/1.1 200 OK"
2026-08-17 10:01:35,842 - INFO - HTTP Request: POST http://localhost:8000/v1/chat/completions "HTTP/1.1 200 OK"

2026-08-17 10:01:35,843 - INFO - HTTP Request: POST http://localhost:8000/v1/chat/completions "HTTP/1.1 200 OK"

2026-08-17 10:01:39,381 - INFO - HTTP Request: POST http://localhost:8000/v1/chat/completions "HTTP/1.1 200 OK"

2026-08-17 10:01:40,470 - INFO - HTTP Request: POST http://localhost:8000/v1/chat/completions "HTTP/1.1 200 OK"

2026-08-17 10:02:00,234 - INFO - HTTP Request: POST http://localhost:8000/v1/chat/completions "HTTP/1.1 200 OK"
2026-08-17 10:02:00,235 - INFO - HTTP Request: POST http://localhost:8000/v1/chat/completions "HTTP/1.1 200 OK"
2026-08-17 10:02:04,549 - INFO - HTTP Request: POST http://localhost:8000/v1/chat/completions "HTTP/1.1 200 OK"
2026-08-17 10:02:05,960 - INFO - HTTP Request: POST http://localhost:8000/v1/chat/completions "HTTP/1.1 200 OK"
2026-08-17 10:02:11,745 - INFO - HTTP Request: POST http://localhost:8000/v1/chat/completions "HTTP/1.1 200 OK"

2026-08-17 10:02:16,817 - INFO - HTTP Request: POST http://localhost:8000/v1/chat/completions "HTTP/1.1 200 OK"

2026-08-17 10:02:17,482 - INFO - HTTP Request: POST http://localhost:8000/v1/chat/completions "HTTP/1.1 200 OK"

2026-08-17 10:02:19,014 - INFO - HTTP Request: POST http://localhost:8000/v1/chat/completions "HTTP/1.1 200 OK"

2026-08-17 10:02:35,317 - INFO - HTTP Request: POST http://localhost:8000/v1/chat/completions "HTTP/1.1 200 OK"
2026-08-17 10:02:40,764 - INFO - HTTP Request: POST http://localhost:8000/v1/chat/completions "HTTP/1.1 200 OK"
2026-08-17 10:02:42,397 - INFO - HTTP Request: POST http://localhost:8000/v1/chat/completions "HTTP/1.1 200 OK"
2026-08-17 10:02:44,364 - INFO - HTTP Request: POST http://localhost:8000/v1/chat/completions "HTTP/1.1 200 OK"
2026-08-17 10:02:49,270 - INFO - HTTP Request: POST http://localhost:8000/v1/chat/completions "HTTP/1.1 200 OK"

2026-08-17 10:02:54,129 - INFO - HTTP Request: POST http://localhost:8000/v1/chat/completions "HTTP/1.1 200 OK"

2026-08-17 10:02:55,664 - INFO - HTTP Request: POST http://localhost:8000/v1/chat/completions "HTTP/1.1 200 OK"

2026-08-17 10:02:56,980 - INFO - HTTP Request: POST http://localhost:8000/v1/chat/completions "HTTP/1.1 200 OK"

2026-08-17 10:03:09,151 - INFO - HTTP Request: POST http://localhost:8000/v1/chat/completions "HTTP/1.1 200 OK"
2026-08-17 10:03:13,945 - INFO - HTTP Request: POST http://localhost:8000/v1/chat/completions "HTTP/1.1 200 OK"
2026-08-17 10:03:16,350 - INFO - HTTP Request: POST http://localhost:8000/v1/chat/completions "HTTP/1.1 200 OK"
2026-08-17 10:03:17,985 - INFO - HTTP Request: POST http://localhost:8000/v1/chat/completions "HTTP/1.1 200 OK"
2026-08-17 10:03:24,858 - INFO - HTTP Request: POST http://localhost:8000/v1/chat/completions "HTTP/1.1 200 OK"

2026-08-17 10:03:24,859 - INFO - HTTP Request: POST http://localhost:8000/v1/chat/completions "HTTP/1.1 200 OK"

2026-08-17 10:03:28,414 - INFO - HTTP Request: POST http://localhost:8000/v1/chat/completions "HTTP/1.1 200 OK"

2026-08-17 10:03:30,157 - INFO - HTTP Request: POST http://localhost:8000/v1/chat/completions "HTTP/1.1 200 OK"

2026-08-17 10:03:53,628 - INFO - HTTP Request: POST http://localhost:8000/v1/chat/completions "HTTP/1.1 200 OK"
2026-08-17 10:03:53,629 - INFO - HTTP Request: POST http://localhost:8000/v1/chat/completions "HTTP/1.1 200 OK"
2026-08-17 10:03:57,946 - INFO - HTTP Request: POST http://localhost:8000/v1/chat/completions "HTTP/1.1 200 OK"
2026-08-17 10:04:00,010 - INFO - HTTP Request: POST http://localhost:8000/v1/chat/completions "HTTP/1.1 200 OK"
2026-08-17 10:04:05,571 - INFO - HTTP Request: POST http://localhost:8000/v1/chat/completions "HTTP/1.1 200 OK"

2026-08-17 10:04:06,957 - INFO - HTTP Request: POST http://localhost:8000/v1/chat/completions "HTTP/1.1 200 OK"

2026-08-17 10:04:08,486 - INFO - HTTP Request: POST http://localhost:8000/v1/chat/completions "HTTP/1.1 200 OK"

2026-08-17 10:04:16,541 - INFO - HTTP Request: POST http://localhost:8000/v1/chat/completions "HTTP/1.1 200 OK"

2026-08-17 10:04:25,670 - INFO - HTTP Request: POST http://localhost:8000/v1/chat/completions "HTTP/1.1 200 OK"
2026-08-17 10:04:27,432 - INFO - HTTP Request: POST http://localhost:8000/v1/chat/completions "HTTP/1.1 200 OK"
2026-08-17 10:04:29,336 - INFO - HTTP Request: POST http://localhost:8000/v1/chat/completions "HTTP/1.1 200 OK"
2026-08-17 10:04:36,640 - INFO - HTTP Request: POST http://localhost:8000/v1/chat/completions "HTTP/1.1 200 OK"

2026-08-17 10:04:37,875 - INFO - HTTP Request: POST http://localhost:8000/v1/chat/completions "HTTP/1.1 200 OK"
2026-08-17 10:04:41,693 - INFO - HTTP Request: POST http://localhost:8000/v1/chat/completions "HTTP/1.1 200 OK"

2026-08-17 10:04:44,312 - INFO - HTTP Request: POST http://localhost:8000/v1/chat/completions "HTTP/1.1 200 OK"

2026-08-17 10:04:54,545 - INFO - HTTP Request: POST http://localhost:8000/v1/chat/completions "HTTP/1.1 200 OK"

2026-08-17 10:05:06,287 - INFO - HTTP Request: POST http://localhost:8000/v1/chat/completions "HTTP/1.1 200 OK"
2026-08-17 10:05:11,392 - INFO - HTTP Request: POST http://localhost:8000/v1/chat/completions "HTTP/1.1 200 OK"
2026-08-17 10:05:14,389 - INFO - HTTP Request: POST http://localhost:8000/v1/chat/completions "HTTP/1.1 200 OK"
2026-08-17 10:05:18,423 - INFO - HTTP Request: POST http://localhost:8000/v1/chat/completions "HTTP/1.1 200 OK"

2026-08-17 10:05:23,574 - INFO - HTTP Request: POST http://localhost:8000/v1/chat/completions "HTTP/1.1 200 OK"

2026-08-17 10:05:25,108 - INFO - HTTP Request: POST http://localhost:8000/v1/chat/completions "HTTP/1.1 200 OK"
2026-08-17 10:05:26,522 - INFO - HTTP Request: POST http://localhost:8000/v1/chat/completions "HTTP/1.1 200 OK"

2026-08-17 10:05:39,154 - INFO - HTTP Request: POST http://localhost:8000/v1/chat/completions "HTTP/1.1 200 OK"

2026-08-17 10:05:51,551 - INFO - HTTP Request: POST http://localhost:8000/v1/chat/completions "HTTP/1.1 200 OK"
2026-08-17 10:05:57,090 - INFO - HTTP Request: POST http://localhost:8000/v1/chat/completions "HTTP/1.1 200 OK"
2026-08-17 10:06:00,523 - INFO - HTTP Request: POST http://localhost:8000/v1/chat/completions "HTTP/1.1 200 OK"
2026-08-17 10:06:02,292 - INFO - HTTP Request: POST http://localhost:8000/v1/chat/completions "HTTP/1.1 200 OK"

r0_cfg17:   2%|▏         | 1/50 [05:40<4:37:51, 340.24s/it]2026-08-17 10:06:09,707 - INFO - HTTP Request: POST http://localhost:8000/v1/chat/completions "HTTP/1.1 200 OK"

r0_cfg17:   4%|▍         | 2/50 [05:47<1:55:34, 144.46s/it]2026-08-17 10:06:11,455 - INFO - HTTP Request: POST http://localhost:8000/v1/chat/completions "HTTP/1.1 200 OK"

r0_cfg17:   6%|▌         | 3/50 [05:49<1:02:06, 79.29s/it] 2026-08-17 10:06:13,626 - INFO - HTTP Request: POST http://localhost:8000/v1/chat/completions "HTTP/1.1 200 OK"
2026-08-17 10:06:24,392 - INFO - HTTP Request: POST http://localhost:8000/v1/chat/completions "HTTP/1.1 200 OK"
2026-08-17 10:06:29,943 - INFO - HTTP Request: POST http://localhost:8000/v1/chat/completions "HTTP/1.1 200 OK"

r0_cfg17:   8%|▊         | 4/50 [06:07<42:23, 55.29s/it]  2026-08-17 10:06:32,339 - INFO - HTTP Request: POST http://localhost:8000/v1/chat/completions "HTTP/1.1 200 OK"
2026-08-17 10:06:34,181 - INFO - HTTP Request: POST http://localhost:8000/v1/chat/completions "HTTP/1.1 200 OK"
2026-08-17 10:06:38,048 - INFO - HTTP Request: POST http://localhost:8000/v1/chat/completions "HTTP/1.1 200 OK"

2026-08-17 10:06:44,151 - INFO - HTTP Request: POST http://localhost:8000/v1/chat/completions "HTTP/1.1 200 OK"

2026-08-17 10:06:46,764 - INFO - HTTP Request: POST http://localhost:8000/v1/chat/completions "HTTP/1.1 200 OK"

2026-08-17 10:06:52,629 - INFO - HTTP Request: POST http://localhost:8000/v1/chat/completions "HTTP/1.1 200 OK"
2026-08-17 10:07:04,482 - INFO - HTTP Request: POST http://localhost:8000/v1/chat/completions "HTTP/1.1 200 OK"
2026-08-17 10:07:05,204 - INFO - HTTP Request: POST http://localhost:8000/v1/chat/completions "HTTP/1.1 200 OK"

2026-08-17 10:07:10,904 - INFO - HTTP Request: POST http://localhost:8000/v1/chat/completions "HTTP/1.1 200 OK"
2026-08-17 10:07:13,841 - INFO - HTTP Request: POST http://localhost:8000/v1/chat/completions "HTTP/1.1 200 OK"
2026-08-17 10:07:21,425 - INFO - HTTP Request: POST http://localhost:8000/v1/chat/completions "HTTP/1.1 200 OK"

2026-08-17 10:07:21,643 - INFO - HTTP Request: POST http://localhost:8000/v1/chat/completions "HTTP/1.1 200 OK"

2026-08-17 10:07:27,527 - INFO - HTTP Request: POST http://localhost:8000/v1/chat/completions "HTTP/1.1 200 OK"

2026-08-17 10:07:31,877 - INFO - HTTP Request: POST http://localhost:8000/v1/chat/completions "HTTP/1.1 200 OK"
2026-08-17 10:07:46,181 - INFO - HTTP Request: POST http://localhost:8000/v1/chat/completions "HTTP/1.1 200 OK"
2026-08-17 10:07:46,399 - INFO - HTTP Request: POST http://localhost:8000/v1/chat/completions "HTTP/1.1 200 OK"
2026-08-17 10:07:48,349 - INFO - HTTP Request: POST http://localhost:8000/v1/chat/completions "HTTP/1.1 200 OK"

2026-08-17 10:07:52,928 - INFO - HTTP Request: POST http://localhost:8000/v1/chat/completions "HTTP/1.1 200 OK"
2026-08-17 10:08:01,163 - INFO - HTTP Request: POST http://localhost:8000/v1/chat/completions "HTTP/1.1 200 OK"

2026-08-17 10:08:02,045 - INFO - HTTP Request: POST http://localhost:8000/v1/chat/completions "HTTP/1.1 200 OK"

2026-08-17 10:08:05,318 - INFO - HTTP Request: POST http://localhost:8000/v1/chat/completions "HTTP/1.1 200 OK"

2026-08-17 10:08:13,148 - INFO - HTTP Request: POST http://localhost:8000/v1/chat/completions "HTTP/1.1 200 OK"
2026-08-17 10:08:25,274 - INFO - HTTP Request: POST http://localhost:8000/v1/chat/completions "HTTP/1.1 200 OK"

2026-08-17 10:08:25,709 - INFO - HTTP Request: POST http://localhost:8000/v1/chat/completions "HTTP/1.1 200 OK"
2026-08-17 10:08:27,024 - INFO - HTTP Request: POST http://localhost:8000/v1/chat/completions "HTTP/1.1 200 OK"
2026-08-17 10:08:30,610 - INFO - HTTP Request: POST http://localhost:8000/v1/chat/completions "HTTP/1.1 200 OK"
2026-08-17 10:08:39,713 - INFO - HTTP Request: POST http://localhost:8000/v1/chat/completions "HTTP/1.1 200 OK"

2026-08-17 10:08:40,378 - INFO - HTTP Request: POST http://localhost:8000/v1/chat/completions "HTTP/1.1 200 OK"

2026-08-17 10:08:43,214 - INFO - HTTP Request: POST http://localhost:8000/v1/chat/completions "HTTP/1.1 200 OK"

2026-08-17 10:08:49,953 - INFO - HTTP Request: POST http://localhost:8000/v1/chat/completions "HTTP/1.1 200 OK"
2026-08-17 10:08:59,852 - INFO - HTTP Request: POST http://localhost:8000/v1/chat/completions "HTTP/1.1 200 OK"
2026-08-17 10:09:00,069 - INFO - HTTP Request: POST http://localhost:8000/v1/chat/completions "HTTP/1.1 200 OK"
2026-08-17 10:09:02,793 - INFO - HTTP Request: POST http://localhost:8000/v1/chat/completions "HTTP/1.1 200 OK"

2026-08-17 10:09:04,112 - INFO - HTTP Request: POST http://localhost:8000/v1/chat/completions "HTTP/1.1 200 OK"
2026-08-17 10:09:11,692 - INFO - HTTP Request: POST http://localhost:8000/v1/chat/completions "HTTP/1.1 200 OK"

2026-08-17 10:09:13,005 - INFO - HTTP Request: POST http://localhost:8000/v1/chat/completions "HTTP/1.1 200 OK"

2026-08-17 10:09:13,878 - INFO - HTTP Request: POST http://localhost:8000/v1/chat/completions "HTTP/1.1 200 OK"

2026-08-17 10:09:23,004 - INFO - HTTP Request: POST http://localhost:8000/v1/chat/completions "HTTP/1.1 200 OK"
2026-08-17 10:09:34,206 - INFO - HTTP Request: POST http://localhost:8000/v1/chat/completions "HTTP/1.1 200 OK"

2026-08-17 10:09:40,726 - INFO - HTTP Request: POST http://localhost:8000/v1/chat/completions "HTTP/1.1 200 OK"
2026-08-17 10:09:42,351 - INFO - HTTP Request: POST http://localhost:8000/v1/chat/completions "HTTP/1.1 200 OK"
2026-08-17 10:09:43,597 - INFO - HTTP Request: POST http://localhost:8000/v1/chat/completions "HTTP/1.1 200 OK"
2026-08-17 10:09:53,731 - INFO - HTTP Request: POST http://localhost:8000/v1/chat/completions "HTTP/1.1 200 OK"

2026-08-17 10:09:56,349 - INFO - HTTP Request: POST http://localhost:8000/v1/chat/completions "HTTP/1.1 200 OK"

2026-08-17 10:09:57,657 - INFO - HTTP Request: POST http://localhost:8000/v1/chat/completions "HTTP/1.1 200 OK"

2026-08-17 10:10:03,960 - INFO - HTTP Request: POST http://localhost:8000/v1/chat/completions "HTTP/1.1 200 OK"
2026-08-17 10:10:14,070 - INFO - HTTP Request: POST http://localhost:8000/v1/chat/completions "HTTP/1.1 200 OK"
2026-08-17 10:10:17,065 - INFO - HTTP Request: POST http://localhost:8000/v1/chat/completions "HTTP/1.1 200 OK"
2026-08-17 10:10:18,480 - INFO - HTTP Request: POST http://localhost:8000/v1/chat/completions "HTTP/1.1 200 OK"

2026-08-17 10:10:18,696 - INFO - HTTP Request: POST http://localhost:8000/v1/chat/completions "HTTP/1.1 200 OK"
2026-08-17 10:10:29,273 - INFO - HTTP Request: POST http://localhost:8000/v1/chat/completions "HTTP/1.1 200 OK"

2026-08-17 10:10:29,709 - INFO - HTTP Request: POST http://localhost:8000/v1/chat/completions "HTTP/1.1 200 OK"

2026-08-17 10:10:30,805 - INFO - HTTP Request: POST http://localhost:8000/v1/chat/completions "HTTP/1.1 200 OK"

2026-08-17 10:10:38,846 - INFO - HTTP Request: POST http://localhost:8000/v1/chat/completions "HTTP/1.1 200 OK"
2026-08-17 10:10:57,070 - INFO - HTTP Request: POST http://localhost:8000/v1/chat/completions "HTTP/1.1 200 OK"

2026-08-17 10:10:58,811 - INFO - HTTP Request: POST http://localhost:8000/v1/chat/completions "HTTP/1.1 200 OK"
2026-08-17 10:10:59,548 - INFO - HTTP Request: POST http://localhost:8000/v1/chat/completions "HTTP/1.1 200 OK"
2026-08-17 10:11:01,033 - INFO - HTTP Request: POST http://localhost:8000/v1/chat/completions "HTTP/1.1 200 OK"
2026-08-17 10:11:11,610 - INFO - HTTP Request: POST http://localhost:8000/v1/chat/completions "HTTP/1.1 200 OK"

2026-08-17 10:11:13,364 - INFO - HTTP Request: POST http://localhost:8000/v1/chat/completions "HTTP/1.1 200 OK"

2026-08-17 10:11:17,727 - INFO - HTTP Request: POST http://localhost:8000/v1/chat/completions "HTTP/1.1 200 OK"

2026-08-17 10:11:27,298 - INFO - HTTP Request: POST http://localhost:8000/v1/chat/completions "HTTP/1.1 200 OK"
2026-08-17 10:11:40,030 - INFO - HTTP Request: POST http://localhost:8000/v1/chat/completions "HTTP/1.1 200 OK"

2026-08-17 10:11:44,385 - INFO - HTTP Request: POST http://localhost:8000/v1/chat/completions "HTTP/1.1 200 OK"
2026-08-17 10:11:45,487 - INFO - HTTP Request: POST http://localhost:8000/v1/chat/completions "HTTP/1.1 200 OK"
2026-08-17 10:11:52,115 - INFO - HTTP Request: POST http://localhost:8000/v1/chat/completions "HTTP/1.1 200 OK"
2026-08-17 10:11:59,205 - INFO - HTTP Request: POST http://localhost:8000/v1/chat/completions "HTTP/1.1 200 OK"

r0_cfg17:  10%|█         | 5/50 [11:37<1:55:33, 154.09s/it]2026-08-17 10:11:59,863 - INFO - HTTP Request: POST http://localhost:8000/v1/chat/completions "HTTP/1.1 200 OK"

r0_cfg17:  12%|█▏        | 6/50 [11:37<1:14:44, 101.92s/it]2026-08-17 10:12:05,305 - INFO - HTTP Request: POST http://localhost:8000/v1/chat/completions "HTTP/1.1 200 OK"

r0_cfg17:  14%|█▍        | 7/50 [11:43<50:26, 70.38s/it]   2026-08-17 10:12:14,432 - INFO - HTTP Request: POST http://localhost:8000/v1/chat/completions "HTTP/1.1 200 OK"
2026-08-17 10:12:21,067 - INFO - HTTP Request: POST http://localhost:8000/v1/chat/completions "HTTP/1.1 200 OK"
2026-08-17 10:12:22,083 - INFO - HTTP Request: POST http://localhost:8000/v1/chat/completions "HTTP/1.1 200 OK"
2026-08-17 10:12:28,076 - INFO - HTTP Request: POST http://localhost:8000/v1/chat/completions "HTTP/1.1 200 OK"
2026-08-17 10:12:29,928 - INFO - HTTP Request: POST http://localhost:8000/v1/chat/completions "HTTP/1.1 200 OK"

r0_cfg17:  16%|█▌        | 8/50 [12:07<39:04, 55.81s/it]2026-08-17 10:12:33,201 - INFO - HTTP Request: POST http://localhost:8000/v1/chat/completions "HTTP/1.1 200 OK"

2026-08-17 10:12:35,382 - INFO - HTTP Request: POST http://localhost:8000/v1/chat/completions "HTTP/1.1 200 OK"

2026-08-17 10:12:46,910 - INFO - HTTP Request: POST http://localhost:8000/v1/chat/completions "HTTP/1.1 200 OK"

2026-08-17 10:12:51,908 - INFO - HTTP Request: POST http://localhost:8000/v1/chat/completions "HTTP/1.1 200 OK"
2026-08-17 10:12:59,460 - INFO - HTTP Request: POST http://localhost:8000/v1/chat/completions "HTTP/1.1 200 OK"
2026-08-17 10:13:02,083 - INFO - HTTP Request: POST http://localhost:8000/v1/chat/completions "HTTP/1.1 200 OK"
2026-08-17 10:13:05,460 - INFO - HTTP Request: POST http://localhost:8000/v1/chat/completions "HTTP/1.1 200 OK"

2026-08-17 10:13:10,689 - INFO - HTTP Request: POST http://localhost:8000/v1/chat/completions "HTTP/1.1 200 OK"

2026-08-17 10:13:13,955 - INFO - HTTP Request: POST http://localhost:8000/v1/chat/completions "HTTP/1.1 200 OK"
2026-08-17 10:13:16,725 - INFO - HTTP Request: POST http://localhost:8000/v1/chat/completions "HTTP/1.1 200 OK"

2026-08-17 10:13:24,779 - INFO - HTTP Request: POST http://localhost:8000/v1/chat/completions "HTTP/1.1 200 OK"

2026-08-17 10:13:31,949 - INFO - HTTP Request: POST http://localhost:8000/v1/chat/completions "HTTP/1.1 200 OK"
2026-08-17 10:13:35,805 - INFO - HTTP Request: POST http://localhost:8000/v1/chat/completions "HTTP/1.1 200 OK"
2026-08-17 10:13:41,610 - INFO - HTTP Request: POST http://localhost:8000/v1/chat/completions "HTTP/1.1 200 OK"
2026-08-17 10:13:43,023 - INFO - HTTP Request: POST http://localhost:8000/v1/chat/completions "HTTP/1.1 200 OK"

2026-08-17 10:13:49,993 - INFO - HTTP Request: POST http://localhost:8000/v1/chat/completions "HTTP/1.1 200 OK"
2026-08-17 10:13:49,994 - INFO - HTTP Request: POST http://localhost:8000/v1/chat/completions "HTTP/1.1 200 OK"

2026-08-17 10:13:56,901 - INFO - HTTP Request: POST http://localhost:8000/v1/chat/completions "HTTP/1.1 200 OK"

2026-08-17 10:14:00,609 - INFO - HTTP Request: POST http://localhost:8000/v1/chat/completions "HTTP/1.1 200 OK"

2026-08-17 10:14:07,784 - INFO - HTTP Request: POST http://localhost:8000/v1/chat/completions "HTTP/1.1 200 OK"
2026-08-17 10:14:14,687 - INFO - HTTP Request: POST http://localhost:8000/v1/chat/completions "HTTP/1.1 200 OK"
2026-08-17 10:14:21,014 - INFO - HTTP Request: POST http://localhost:8000/v1/chat/completions "HTTP/1.1 200 OK"
2026-08-17 10:14:22,207 - INFO - HTTP Request: POST http://localhost:8000/v1/chat/completions "HTTP/1.1 200 OK"

2026-08-17 10:14:25,701 - INFO - HTTP Request: POST http://localhost:8000/v1/chat/completions "HTTP/1.1 200 OK"
2026-08-17 10:14:29,729 - INFO - HTTP Request: POST http://localhost:8000/v1/chat/completions "HTTP/1.1 200 OK"

2026-08-17 10:14:34,097 - INFO - HTTP Request: POST http://localhost:8000/v1/chat/completions "HTTP/1.1 200 OK"

2026-08-17 10:14:38,238 - INFO - HTTP Request: POST http://localhost:8000/v1/chat/completions "HTTP/1.1 200 OK"

2026-08-17 10:14:46,715 - INFO - HTTP Request: POST http://localhost:8000/v1/chat/completions "HTTP/1.1 200 OK"
2026-08-17 10:14:49,864 - INFO - HTTP Request: POST http://localhost:8000/v1/chat/completions "HTTP/1.1 200 OK"
2026-08-17 10:14:54,360 - INFO - HTTP Request: POST http://localhost:8000/v1/chat/completions "HTTP/1.1 200 OK"
2026-08-17 10:14:58,823 - INFO - HTTP Request: POST http://localhost:8000/v1/chat/completions "HTTP/1.1 200 OK"
2026-08-17 10:15:00,674 - INFO - HTTP Request: POST http://localhost:8000/v1/chat/completions "HTTP/1.1 200 OK"

2026-08-17 10:15:02,428 - INFO - HTTP Request: POST http://localhost:8000/v1/chat/completions "HTTP/1.1 200 OK"

2026-08-17 10:15:06,351 - INFO - HTTP Request: POST http://localhost:8000/v1/chat/completions "HTTP/1.1 200 OK"

2026-08-17 10:15:13,313 - INFO - HTTP Request: POST http://localhost:8000/v1/chat/completions "HTTP/1.1 200 OK"

2026-08-17 10:15:20,048 - INFO - HTTP Request: POST http://localhost:8000/v1/chat/completions "HTTP/1.1 200 OK"
2026-08-17 10:15:31,516 - INFO - HTTP Request: POST http://localhost:8000/v1/chat/completions "HTTP/1.1 200 OK"
2026-08-17 10:15:32,968 - INFO - HTTP Request: POST http://localhost:8000/v1/chat/completions "HTTP/1.1 200 OK"

2026-08-17 10:15:35,579 - INFO - HTTP Request: POST http://localhost:8000/v1/chat/completions "HTTP/1.1 200 OK"
2026-08-17 10:15:42,430 - INFO - HTTP Request: POST http://localhost:8000/v1/chat/completions "HTTP/1.1 200 OK"

2026-08-17 10:15:42,865 - INFO - HTTP Request: POST http://localhost:8000/v1/chat/completions "HTTP/1.1 200 OK"
2026-08-17 10:15:48,199 - INFO - HTTP Request: POST http://localhost:8000/v1/chat/completions "HTTP/1.1 200 OK"

2026-08-17 10:15:55,382 - INFO - HTTP Request: POST http://localhost:8000/v1/chat/completions "HTTP/1.1 200 OK"

2026-08-17 10:16:02,337 - INFO - HTTP Request: POST http://localhost:8000/v1/chat/completions "HTTP/1.1 200 OK"
2026-08-17 10:16:03,072 - INFO - HTTP Request: POST http://localhost:8000/v1/chat/completions "HTTP/1.1 200 OK"
2026-08-17 10:16:08,676 - INFO - HTTP Request: POST http://localhost:8000/v1/chat/completions "HTTP/1.1 200 OK"
2026-08-17 10:16:16,197 - INFO - HTTP Request: POST http://localhost:8000/v1/chat/completions "HTTP/1.1 200 OK"
2026-08-17 10:16:17,663 - INFO - HTTP Request: POST http://localhost:8000/v1/chat/completions "HTTP/1.1 200 OK"

2026-08-17 10:16:19,410 - INFO - HTTP Request: POST http://localhost:8000/v1/chat/completions "HTTP/1.1 200 OK"

2026-08-17 10:16:20,939 - INFO - HTTP Request: POST http://localhost:8000/v1/chat/completions "HTTP/1.1 200 OK"

2026-08-17 10:16:28,123 - INFO - HTTP Request: POST http://localhost:8000/v1/chat/completions "HTTP/1.1 200 OK"

2026-08-17 10:16:37,687 - INFO - HTTP Request: POST http://localhost:8000/v1/chat/completions "HTTP/1.1 200 OK"
2026-08-17 10:16:48,947 - INFO - HTTP Request: POST http://localhost:8000/v1/chat/completions "HTTP/1.1 200 OK"
2026-08-17 10:16:50,618 - INFO - HTTP Request: POST http://localhost:8000/v1/chat/completions "HTTP/1.1 200 OK"
2026-08-17 10:16:52,248 - INFO - HTTP Request: POST http://localhost:8000/v1/chat/completions "HTTP/1.1 200 OK"

2026-08-17 10:16:58,133 - INFO - HTTP Request: POST http://localhost:8000/v1/chat/completions "HTTP/1.1 200 OK"
2026-08-17 10:17:03,254 - INFO - HTTP Request: POST http://localhost:8000/v1/chat/completions "HTTP/1.1 200 OK"

2026-08-17 10:17:03,473 - INFO - HTTP Request: POST http://localhost:8000/v1/chat/completions "HTTP/1.1 200 OK"

2026-08-17 10:17:13,281 - INFO - HTTP Request: POST http://localhost:8000/v1/chat/completions "HTTP/1.1 200 OK"

2026-08-17 10:17:21,765 - INFO - HTTP Request: POST http://localhost:8000/v1/chat/completions "HTTP/1.1 200 OK"
2026-08-17 10:17:36,072 - INFO - HTTP Request: POST http://localhost:8000/v1/chat/completions "HTTP/1.1 200 OK"
2026-08-17 10:17:36,291 - INFO - HTTP Request: POST http://localhost:8000/v1/chat/completions "HTTP/1.1 200 OK"

2026-08-17 10:17:37,096 - INFO - HTTP Request: POST http://localhost:8000/v1/chat/completions "HTTP/1.1 200 OK"
2026-08-17 10:17:47,220 - INFO - HTTP Request: POST http://localhost:8000/v1/chat/completions "HTTP/1.1 200 OK"
2026-08-17 10:17:49,293 - INFO - HTTP Request: POST http://localhost:8000/v1/chat/completions "HTTP/1.1 200 OK"

r0_cfg17:  18%|█▊        | 9/50 [17:27<1:34:26, 138.20s/it]2026-08-17 10:17:50,167 - INFO - HTTP Request: POST http://localhost:8000/v1/chat/completions "HTTP/1.1 200 OK"

r0_cfg17:  20%|██        | 10/50 [17:28<1:03:52, 95.81s/it]2026-08-17 10:18:01,489 - INFO - HTTP Request: POST http://localhost:8000/v1/chat/completions "HTTP/1.1 200 OK"

r0_cfg17:  22%|██▏       | 11/50 [17:39<45:28, 69.95s/it]  2026-08-17 10:18:09,744 - INFO - HTTP Request: POST http://localhost:8000/v1/chat/completions "HTTP/1.1 200 OK"
2026-08-17 10:18:11,211 - INFO - HTTP Request: POST http://localhost:8000/v1/chat/completions "HTTP/1.1 200 OK"
2026-08-17 10:18:12,744 - INFO - HTTP Request: POST http://localhost:8000/v1/chat/completions "HTTP/1.1 200 OK"
2026-08-17 10:18:20,476 - INFO - HTTP Request: POST http://localhost:8000/v1/chat/completions "HTTP/1.1 200 OK"

2026-08-17 10:18:23,311 - INFO - HTTP Request: POST http://localhost:8000/v1/chat/completions "HTTP/1.1 200 OK"

r0_cfg17:  24%|██▍       | 12/50 [18:01<35:01, 55.31s/it]2026-08-17 10:18:24,402 - INFO - HTTP Request: POST http://localhost:8000/v1/chat/completions "HTTP/1.1 200 OK"
2026-08-17 10:18:27,162 - INFO - HTTP Request: POST http://localhost:8000/v1/chat/completions "HTTP/1.1 200 OK"

2026-08-17 10:18:32,815 - INFO - HTTP Request: POST http://localhost:8000/v1/chat/completions "HTTP/1.1 200 OK"

2026-08-17 10:18:45,420 - INFO - HTTP Request: POST http://localhost:8000/v1/chat/completions "HTTP/1.1 200 OK"
2026-08-17 10:18:47,039 - INFO - HTTP Request: POST http://localhost:8000/v1/chat/completions "HTTP/1.1 200 OK"
2026-08-17 10:18:53,798 - INFO - HTTP Request: POST http://localhost:8000/v1/chat/completions "HTTP/1.1 200 OK"
2026-08-17 10:18:57,607 - INFO - HTTP Request: POST http://localhost:8000/v1/chat/completions "HTTP/1.1 200 OK"

2026-08-17 10:18:59,788 - INFO - HTTP Request: POST http://localhost:8000/v1/chat/completions "HTTP/1.1 200 OK"
2026-08-17 10:19:01,462 - INFO - HTTP Request: POST http://localhost:8000/v1/chat/completions "HTTP/1.1 200 OK"

2026-08-17 10:19:05,819 - INFO - HTTP Request: POST http://localhost:8000/v1/chat/completions "HTTP/1.1 200 OK"

2026-08-17 10:19:13,430 - INFO - HTTP Request: POST http://localhost:8000/v1/chat/completions "HTTP/1.1 200 OK"

2026-08-17 10:19:23,857 - INFO - HTTP Request: POST http://localhost:8000/v1/chat/completions "HTTP/1.1 200 OK"
2026-08-17 10:19:26,138 - INFO - HTTP Request: POST http://localhost:8000/v1/chat/completions "HTTP/1.1 200 OK"
2026-08-17 10:19:30,726 - INFO - HTTP Request: POST http://localhost:8000/v1/chat/completions "HTTP/1.1 200 OK"
2026-08-17 10:19:36,715 - INFO - HTTP Request: POST http://localhost:8000/v1/chat/completions "HTTP/1.1 200 OK"

2026-08-17 10:19:38,677 - INFO - HTTP Request: POST http://localhost:8000/v1/chat/completions "HTTP/1.1 200 OK"
2026-08-17 10:19:40,352 - INFO - HTTP Request: POST http://localhost:8000/v1/chat/completions "HTTP/1.1 200 OK"

2026-08-17 10:19:45,369 - INFO - HTTP Request: POST http://localhost:8000/v1/chat/completions "HTTP/1.1 200 OK"

2026-08-17 10:19:52,552 - INFO - HTTP Request: POST http://localhost:8000/v1/chat/completions "HTTP/1.1 200 OK"

2026-08-17 10:20:01,248 - INFO - HTTP Request: POST http://localhost:8000/v1/chat/completions "HTTP/1.1 200 OK"
2026-08-17 10:20:04,179 - INFO - HTTP Request: POST http://localhost:8000/v1/chat/completions "HTTP/1.1 200 OK"
2026-08-17 10:20:09,412 - INFO - HTTP Request: POST http://localhost:8000/v1/chat/completions "HTTP/1.1 200 OK"
2026-08-17 10:20:16,053 - INFO - HTTP Request: POST http://localhost:8000/v1/chat/completions "HTTP/1.1 200 OK"

2026-08-17 10:20:17,152 - INFO - HTTP Request: POST http://localhost:8000/v1/chat/completions "HTTP/1.1 200 OK"

2026-08-17 10:20:17,370 - INFO - HTTP Request: POST http://localhost:8000/v1/chat/completions "HTTP/1.1 200 OK"
2026-08-17 10:20:22,750 - INFO - HTTP Request: POST http://localhost:8000/v1/chat/completions "HTTP/1.1 200 OK"

2026-08-17 10:20:29,713 - INFO - HTTP Request: POST http://localhost:8000/v1/chat/completions "HTTP/1.1 200 OK"

2026-08-17 10:20:37,105 - INFO - HTTP Request: POST http://localhost:8000/v1/chat/completions "HTTP/1.1 200 OK"
2026-08-17 10:20:40,595 - INFO - HTTP Request: POST http://localhost:8000/v1/chat/completions "HTTP/1.1 200 OK"
2026-08-17 10:20:42,722 - INFO - HTTP Request: POST http://localhost:8000/v1/chat/completions "HTTP/1.1 200 OK"
2026-08-17 10:20:48,929 - INFO - HTTP Request: POST http://localhost:8000/v1/chat/completions "HTTP/1.1 200 OK"

2026-08-17 10:20:50,022 - INFO - HTTP Request: POST http://localhost:8000/v1/chat/completions "HTTP/1.1 200 OK"
2026-08-17 10:20:53,226 - INFO - HTTP Request: POST http://localhost:8000/v1/chat/completions "HTTP/1.1 200 OK"

2026-08-17 10:20:55,847 - INFO - HTTP Request: POST http://localhost:8000/v1/chat/completions "HTTP/1.1 200 OK"

2026-08-17 10:20:59,327 - INFO - HTTP Request: POST http://localhost:8000/v1/chat/completions "HTTP/1.1 200 OK"

2026-08-17 10:21:13,014 - INFO - HTTP Request: POST http://localhost:8000/v1/chat/completions "HTTP/1.1 200 OK"
2026-08-17 10:21:18,120 - INFO - HTTP Request: POST http://localhost:8000/v1/chat/completions "HTTP/1.1 200 OK"
2026-08-17 10:21:25,096 - INFO - HTTP Request: POST http://localhost:8000/v1/chat/completions "HTTP/1.1 200 OK"
2026-08-17 10:21:26,067 - INFO - HTTP Request: POST http://localhost:8000/v1/chat/completions "HTTP/1.1 200 OK"

2026-08-17 10:21:28,900 - INFO - HTTP Request: POST http://localhost:8000/v1/chat/completions "HTTP/1.1 200 OK"
2026-08-17 10:21:29,700 - INFO - HTTP Request: POST http://localhost:8000/v1/chat/completions "HTTP/1.1 200 OK"

2026-08-17 10:21:40,150 - INFO - HTTP Request: POST http://localhost:8000/v1/chat/completions "HTTP/1.1 200 OK"

2026-08-17 10:21:40,806 - INFO - HTTP Request: POST http://localhost:8000/v1/chat/completions "HTTP/1.1 200 OK"

2026-08-17 10:21:49,715 - INFO - HTTP Request: POST http://localhost:8000/v1/chat/completions "HTTP/1.1 200 OK"
2026-08-17 10:21:55,168 - INFO - HTTP Request: POST http://localhost:8000/v1/chat/completions "HTTP/1.1 200 OK"
2026-08-17 10:22:00,714 - INFO - HTTP Request: POST http://localhost:8000/v1/chat/completions "HTTP/1.1 200 OK"
2026-08-17 10:22:01,521 - INFO - HTTP Request: POST http://localhost:8000/v1/chat/completions "HTTP/1.1 200 OK"
2026-08-17 10:22:07,510 - INFO - HTTP Request: POST http://localhost:8000/v1/chat/completions "HTTP/1.1 200 OK"

2026-08-17 10:22:09,476 - INFO - HTTP Request: POST http://localhost:8000/v1/chat/completions "HTTP/1.1 200 OK"

2026-08-17 10:22:14,707 - INFO - HTTP Request: POST http://localhost:8000/v1/chat/completions "HTTP/1.1 200 OK"

2026-08-17 10:22:17,971 - INFO - HTTP Request: POST http://localhost:8000/v1/chat/completions "HTTP/1.1 200 OK"

2026-08-17 10:22:29,490 - INFO - HTTP Request: POST http://localhost:8000/v1/chat/completions "HTTP/1.1 200 OK"
2026-08-17 10:22:36,995 - INFO - HTTP Request: POST http://localhost:8000/v1/chat/completions "HTTP/1.1 200 OK"
2026-08-17 10:22:44,419 - INFO - HTTP Request: POST http://localhost:8000/v1/chat/completions "HTTP/1.1 200 OK"
2026-08-17 10:22:45,226 - INFO - HTTP Request: POST http://localhost:8000/v1/chat/completions "HTTP/1.1 200 OK"

2026-08-17 10:22:47,844 - INFO - HTTP Request: POST http://localhost:8000/v1/chat/completions "HTTP/1.1 200 OK"
2026-08-17 10:22:49,907 - INFO - HTTP Request: POST http://localhost:8000/v1/chat/completions "HTTP/1.1 200 OK"

2026-08-17 10:22:57,760 - INFO - HTTP Request: POST http://localhost:8000/v1/chat/completions "HTTP/1.1 200 OK"

2026-08-17 10:23:01,688 - INFO - HTTP Request: POST http://localhost:8000/v1/chat/completions "HTTP/1.1 200 OK"

2026-08-17 10:23:14,737 - INFO - HTTP Request: POST http://localhost:8000/v1/chat/completions "HTTP/1.1 200 OK"
2026-08-17 10:23:22,677 - INFO - HTTP Request: POST http://localhost:8000/v1/chat/completions "HTTP/1.1 200 OK"
2026-08-17 10:23:25,086 - INFO - HTTP Request: POST http://localhost:8000/v1/chat/completions "HTTP/1.1 200 OK"

2026-08-17 10:23:30,970 - INFO - HTTP Request: POST http://localhost:8000/v1/chat/completions "HTTP/1.1 200 OK"
2026-08-17 10:23:35,257 - INFO - HTTP Request: POST http://localhost:8000/v1/chat/completions "HTTP/1.1 200 OK"

r0_cfg17:  26%|██▌       | 13/50 [23:13<1:22:02, 133.05s/it]2026-08-17 10:23:35,566 - INFO - HTTP Request: POST http://localhost:8000/v1/chat/completions "HTTP/1.1 200 OK"
2026-08-17 10:23:40,588 - INFO - HTTP Request: POST http://localhost:8000/v1/chat/completions "HTTP/1.1 200 OK"

r0_cfg17:  28%|██▊       | 14/50 [23:18<56:41, 94.48s/it]   2026-08-17 10:23:47,556 - INFO - HTTP Request: POST http://localhost:8000/v1/chat/completions "HTTP/1.1 200 OK"

r0_cfg17:  30%|███       | 15/50 [23:25<39:43, 68.10s/it]2026-08-17 10:23:57,552 - INFO - HTTP Request: POST http://localhost:8000/v1/chat/completions "HTTP/1.1 200 OK"
2026-08-17 10:23:57,987 - INFO - HTTP Request: POST http://localhost:8000/v1/chat/completions "HTTP/1.1 200 OK"
2026-08-17 10:24:02,892 - INFO - HTTP Request: POST http://localhost:8000/v1/chat/completions "HTTP/1.1 200 OK"
2026-08-17 10:24:10,316 - INFO - HTTP Request: POST http://localhost:8000/v1/chat/completions "HTTP/1.1 200 OK"
2026-08-17 10:24:11,037 - INFO - HTTP Request: POST http://localhost:8000/v1/chat/completions "HTTP/1.1 200 OK"

2026-08-17 10:24:12,164 - INFO - HTTP Request: POST http://localhost:8000/v1/chat/completions "HTTP/1.1 200 OK"

r0_cfg17:  32%|███▏      | 16/50 [23:50<31:10, 55.01s/it]2026-08-17 10:24:16,955 - INFO - HTTP Request: POST http://localhost:8000/v1/chat/completions "HTTP/1.1 200 OK"

2026-08-17 10:24:20,871 - INFO - HTTP Request: POST http://localhost:8000/v1/chat/completions "HTTP/1.1 200 OK"

2026-08-17 10:24:34,121 - INFO - HTTP Request: POST http://localhost:8000/v1/chat/completions "HTTP/1.1 200 OK"
2026-08-17 10:24:37,488 - INFO - HTTP Request: POST http://localhost:8000/v1/chat/completions "HTTP/1.1 200 OK"
2026-08-17 10:24:43,600 - INFO - HTTP Request: POST http://localhost:8000/v1/chat/completions "HTTP/1.1 200 OK"
2026-08-17 10:24:43,818 - INFO - HTTP Request: POST http://localhost:8000/v1/chat/completions "HTTP/1.1 200 OK"

2026-08-17 10:24:47,533 - INFO - HTTP Request: POST http://localhost:8000/v1/chat/completions "HTTP/1.1 200 OK"
2026-08-17 10:24:48,725 - INFO - HTTP Request: POST http://localhost:8000/v1/chat/completions "HTTP/1.1 200 OK"

2026-08-17 10:24:54,825 - INFO - HTTP Request: POST http://localhost:8000/v1/chat/completions "HTTP/1.1 200 OK"

2026-08-17 10:25:00,917 - INFO - HTTP Request: POST http://localhost:8000/v1/chat/completions "HTTP/1.1 200 OK"

2026-08-17 10:25:10,478 - INFO - HTTP Request: POST http://localhost:8000/v1/chat/completions "HTTP/1.1 200 OK"
2026-08-17 10:25:13,464 - INFO - HTTP Request: POST http://localhost:8000/v1/chat/completions "HTTP/1.1 200 OK"
2026-08-17 10:25:19,792 - INFO - HTTP Request: POST http://localhost:8000/v1/chat/completions "HTTP/1.1 200 OK"
2026-08-17 10:25:25,039 - INFO - HTTP Request: POST http://localhost:8000/v1/chat/completions "HTTP/1.1 200 OK"
2026-08-17 10:25:27,611 - INFO - HTTP Request: POST http://localhost:8000/v1/chat/completions "HTTP/1.1 200 OK"

2026-08-17 10:25:28,922 - INFO - HTTP Request: POST http://localhost:8000/v1/chat/completions "HTTP/1.1 200 OK"

2026-08-17 10:25:31,109 - INFO - HTTP Request: POST http://localhost:8000/v1/chat/completions "HTTP/1.1 200 OK"

2026-08-17 10:25:35,686 - INFO - HTTP Request: POST http://localhost:8000/v1/chat/completions "HTTP/1.1 200 OK"

2026-08-17 10:25:51,987 - INFO - HTTP Request: POST http://localhost:8000/v1/chat/completions "HTTP/1.1 200 OK"
2026-08-17 10:25:53,449 - INFO - HTTP Request: POST http://localhost:8000/v1/chat/completions "HTTP/1.1 200 OK"
2026-08-17 10:25:55,782 - INFO - HTTP Request: POST http://localhost:8000/v1/chat/completions "HTTP/1.1 200 OK"
2026-08-17 10:26:00,807 - INFO - HTTP Request: POST http://localhost:8000/v1/chat/completions "HTTP/1.1 200 OK"
2026-08-17 10:26:06,578 - INFO - HTTP Request: POST http://localhost:8000/v1/chat/completions "HTTP/1.1 200 OK"

2026-08-17 10:26:07,897 - INFO - HTTP Request: POST http://localhost:8000/v1/chat/completions "HTTP/1.1 200 OK"

2026-08-17 10:26:08,561 - INFO - HTTP Request: POST http://localhost:8000/v1/chat/completions "HTTP/1.1 200 OK"

2026-08-17 10:26:13,569 - INFO - HTTP Request: POST http://localhost:8000/v1/chat/completions "HTTP/1.1 200 OK"

2026-08-17 10:26:26,391 - INFO - HTTP Request: POST http://localhost:8000/v1/chat/completions "HTTP/1.1 200 OK"
2026-08-17 10:26:28,580 - INFO - HTTP Request: POST http://localhost:8000/v1/chat/completions "HTTP/1.1 200 OK"
2026-08-17 10:26:32,296 - INFO - HTTP Request: POST http://localhost:8000/v1/chat/completions "HTTP/1.1 200 OK"
2026-08-17 10:26:34,140 - INFO - HTTP Request: POST http://localhost:8000/v1/chat/completions "HTTP/1.1 200 OK"
2026-08-17 10:26:38,601 - INFO - HTTP Request: POST http://localhost:8000/v1/chat/completions "HTTP/1.1 200 OK"

2026-08-17 10:26:42,311 - INFO - HTTP Request: POST http://localhost:8000/v1/chat/completions "HTTP/1.1 200 OK"

2026-08-17 10:26:44,057 - INFO - HTTP Request: POST http://localhost:8000/v1/chat/completions "HTTP/1.1 200 OK"

2026-08-17 10:26:45,365 - INFO - HTTP Request: POST http://localhost:8000/v1/chat/completions "HTTP/1.1 200 OK"

2026-08-17 10:27:05,140 - INFO - HTTP Request: POST http://localhost:8000/v1/chat/completions "HTTP/1.1 200 OK"
2026-08-17 10:27:07,638 - INFO - HTTP Request: POST http://localhost:8000/v1/chat/completions "HTTP/1.1 200 OK"
2026-08-17 10:27:11,569 - INFO - HTTP Request: POST http://localhost:8000/v1/chat/completions "HTTP/1.1 200 OK"
2026-08-17 10:27:13,541 - INFO - HTTP Request: POST http://localhost:8000/v1/chat/completions "HTTP/1.1 200 OK"
2026-08-17 10:27:20,402 - INFO - HTTP Request: POST http://localhost:8000/v1/chat/completions "HTTP/1.1 200 OK"

2026-08-17 10:27:23,238 - INFO - HTTP Request: POST http://localhost:8000/v1/chat/completions "HTTP/1.1 200 OK"

2026-08-17 10:27:23,674 - INFO - HTTP Request: POST http://localhost:8000/v1/chat/completions "HTTP/1.1 200 OK"

2026-08-17 10:27:28,031 - INFO - HTTP Request: POST http://localhost:8000/v1/chat/completions "HTTP/1.1 200 OK"

2026-08-17 10:27:43,239 - INFO - HTTP Request: POST http://localhost:8000/v1/chat/completions "HTTP/1.1 200 OK"
2026-08-17 10:27:43,673 - INFO - HTTP Request: POST http://localhost:8000/v1/chat/completions "HTTP/1.1 200 OK"
2026-08-17 10:27:48,490 - INFO - HTTP Request: POST http://localhost:8000/v1/chat/completions "HTTP/1.1 200 OK"
2026-08-17 10:27:49,899 - INFO - HTTP Request: POST http://localhost:8000/v1/chat/completions "HTTP/1.1 200 OK"
2026-08-17 10:27:56,112 - INFO - HTTP Request: POST http://localhost:8000/v1/chat/completions "HTTP/1.1 200 OK"

2026-08-17 10:27:58,950 - INFO - HTTP Request: POST http://localhost:8000/v1/chat/completions "HTTP/1.1 200 OK"

2026-08-17 10:28:02,221 - INFO - HTTP Request: POST http://localhost:8000/v1/chat/completions "HTTP/1.1 200 OK"

2026-08-17 10:28:03,313 - INFO - HTTP Request: POST http://localhost:8000/v1/chat/completions "HTTP/1.1 200 OK"

2026-08-17 10:28:23,305 - INFO - HTTP Request: POST http://localhost:8000/v1/chat/completions "HTTP/1.1 200 OK"
2026-08-17 10:28:25,640 - INFO - HTTP Request: POST http://localhost:8000/v1/chat/completions "HTTP/1.1 200 OK"
2026-08-17 10:28:28,710 - INFO - HTTP Request: POST http://localhost:8000/v1/chat/completions "HTTP/1.1 200 OK"
2026-08-17 10:28:32,304 - INFO - HTTP Request: POST http://localhost:8000/v1/chat/completions "HTTP/1.1 200 OK"
2026-08-17 10:28:39,301 - INFO - HTTP Request: POST http://localhost:8000/v1/chat/completions "HTTP/1.1 200 OK"

2026-08-17 10:28:41,057 - INFO - HTTP Request: POST http://localhost:8000/v1/chat/completions "HTTP/1.1 200 OK"

2026-08-17 10:28:42,374 - INFO - HTTP Request: POST http://localhost:8000/v1/chat/completions "HTTP/1.1 200 OK"

2026-08-17 10:28:55,647 - INFO - HTTP Request: POST http://localhost:8000/v1/chat/completions "HTTP/1.1 200 OK"

2026-08-17 10:29:11,523 - INFO - HTTP Request: POST http://localhost:8000/v1/chat/completions "HTTP/1.1 200 OK"
2026-08-17 10:29:12,246 - INFO - HTTP Request: POST http://localhost:8000/v1/chat/completions "HTTP/1.1 200 OK"
2026-08-17 10:29:14,040 - INFO - HTTP Request: POST http://localhost:8000/v1/chat/completions "HTTP/1.1 200 OK"
2026-08-17 10:29:24,179 - INFO - HTTP Request: POST http://localhost:8000/v1/chat/completions "HTTP/1.1 200 OK"

2026-08-17 10:29:24,180 - INFO - HTTP Request: POST http://localhost:8000/v1/chat/completions "HTTP/1.1 200 OK"

r0_cfg17:  34%|███▍      | 17/50 [29:02<1:12:45, 132.29s/it]2026-08-17 10:29:28,098 - INFO - HTTP Request: POST http://localhost:8000/v1/chat/completions "HTTP/1.1 200 OK"

2026-08-17 10:29:29,628 - INFO - HTTP Request: POST http://localhost:8000/v1/chat/completions "HTTP/1.1 200 OK"
2026-08-17 10:29:45,306 - INFO - HTTP Request: POST http://localhost:8000/v1/chat/completions "HTTP/1.1 200 OK"

r0_cfg17:  38%|███▊      | 19/50 [29:23<39:17, 76.04s/it]   2026-08-17 10:29:46,395 - INFO - HTTP Request: POST http://localhost:8000/v1/chat/completions "HTTP/1.1 200 OK"
2026-08-17 10:29:46,611 - INFO - HTTP Request: POST http://localhost:8000/v1/chat/completions "HTTP/1.1 200 OK"
2026-08-17 10:29:58,793 - INFO - HTTP Request: POST http://localhost:8000/v1/chat/completions "HTTP/1.1 200 OK"

2026-08-17 10:30:01,407 - INFO - HTTP Request: POST http://localhost:8000/v1/chat/completions "HTTP/1.1 200 OK"
2026-08-17 10:30:03,038 - INFO - HTTP Request: POST http://localhost:8000/v1/chat/completions "HTTP/1.1 200 OK"

2026-08-17 10:30:08,262 - INFO - HTTP Request: POST http://localhost:8000/v1/chat/completions "HTTP/1.1 200 OK"
2026-08-17 10:30:17,073 - INFO - HTTP Request: POST http://localhost:8000/v1/chat/completions "HTTP/1.1 200 OK"

r0_cfg17:  40%|████      | 20/50 [29:55<32:31, 65.05s/it]2026-08-17 10:30:20,338 - INFO - HTTP Request: POST http://localhost:8000/v1/chat/completions "HTTP/1.1 200 OK"

2026-08-17 10:30:25,550 - INFO - HTTP Request: POST http://localhost:8000/v1/chat/completions "HTTP/1.1 200 OK"
2026-08-17 10:30:29,840 - INFO - HTTP Request: POST http://localhost:8000/v1/chat/completions "HTTP/1.1 200 OK"
2026-08-17 10:30:39,745 - INFO - HTTP Request: POST http://localhost:8000/v1/chat/completions "HTTP/1.1 200 OK"
2026-08-17 10:30:43,175 - INFO - HTTP Request: POST http://localhost:8000/v1/chat/completions "HTTP/1.1 200 OK"

2026-08-17 10:30:45,793 - INFO - HTTP Request: POST http://localhost:8000/v1/chat/completions "HTTP/1.1 200 OK"

2026-08-17 10:30:47,536 - INFO - HTTP Request: POST http://localhost:8000/v1/chat/completions "HTTP/1.1 200 OK"
2026-08-17 10:30:51,774 - INFO - HTTP Request: POST http://localhost:8000/v1/chat/completions "HTTP/1.1 200 OK"

2026-08-17 10:30:58,300 - INFO - HTTP Request: POST http://localhost:8000/v1/chat/completions "HTTP/1.1 200 OK"

2026-08-17 10:31:07,860 - INFO - HTTP Request: POST http://localhost:8000/v1/chat/completions "HTTP/1.1 200 OK"
2026-08-17 10:31:10,789 - INFO - HTTP Request: POST http://localhost:8000/v1/chat/completions "HTTP/1.1 200 OK"
2026-08-17 10:31:18,520 - INFO - HTTP Request: POST http://localhost:8000/v1/chat/completions "HTTP/1.1 200 OK"
2026-08-17 10:31:21,948 - INFO - HTTP Request: POST http://localhost:8000/v1/chat/completions "HTTP/1.1 200 OK"

2026-08-17 10:31:23,701 - INFO - HTTP Request: POST http://localhost:8000/v1/chat/completions "HTTP/1.1 200 OK"
2026-08-17 10:31:23,919 - INFO - HTTP Request: POST http://localhost:8000/v1/chat/completions "HTTP/1.1 200 OK"

2026-08-17 10:31:32,962 - INFO - HTTP Request: POST http://localhost:8000/v1/chat/completions "HTTP/1.1 200 OK"

2026-08-17 10:31:34,705 - INFO - HTTP Request: POST http://localhost:8000/v1/chat/completions "HTTP/1.1 200 OK"

2026-08-17 10:31:46,225 - INFO - HTTP Request: POST http://localhost:8000/v1/chat/completions "HTTP/1.1 200 OK"
2026-08-17 10:31:48,498 - INFO - HTTP Request: POST http://localhost:8000/v1/chat/completions "HTTP/1.1 200 OK"
2026-08-17 10:31:57,972 - INFO - HTTP Request: POST http://localhost:8000/v1/chat/completions "HTTP/1.1 200 OK"
2026-08-17 10:31:59,439 - INFO - HTTP Request: POST http://localhost:8000/v1/chat/completions "HTTP/1.1 200 OK"

2026-08-17 10:31:59,658 - INFO - HTTP Request: POST http://localhost:8000/v1/chat/completions "HTTP/1.1 200 OK"
2026-08-17 10:32:01,943 - INFO - HTTP Request: POST http://localhost:8000/v1/chat/completions "HTTP/1.1 200 OK"

2026-08-17 10:32:11,754 - INFO - HTTP Request: POST http://localhost:8000/v1/chat/completions "HTTP/1.1 200 OK"

2026-08-17 10:32:13,939 - INFO - HTTP Request: POST http://localhost:8000/v1/chat/completions "HTTP/1.1 200 OK"

2026-08-17 10:32:19,156 - INFO - HTTP Request: POST http://localhost:8000/v1/chat/completions "HTTP/1.1 200 OK"
2026-08-17 10:32:22,084 - INFO - HTTP Request: POST http://localhost:8000/v1/chat/completions "HTTP/1.1 200 OK"
2026-08-17 10:32:32,208 - INFO - HTTP Request: POST http://localhost:8000/v1/chat/completions "HTTP/1.1 200 OK"
2026-08-17 10:32:33,619 - INFO - HTTP Request: POST http://localhost:8000/v1/chat/completions "HTTP/1.1 200 OK"

2026-08-17 10:32:34,929 - INFO - HTTP Request: POST http://localhost:8000/v1/chat/completions "HTTP/1.1 200 OK"

2026-08-17 10:32:38,847 - INFO - HTTP Request: POST http://localhost:8000/v1/chat/completions "HTTP/1.1 200 OK"
2026-08-17 10:32:46,190 - INFO - HTTP Request: POST http://localhost:8000/v1/chat/completions "HTTP/1.1 200 OK"

2026-08-17 10:32:52,064 - INFO - HTTP Request: POST http://localhost:8000/v1/chat/completions "HTTP/1.1 200 OK"

2026-08-17 10:33:02,716 - INFO - HTTP Request: POST http://localhost:8000/v1/chat/completions "HTTP/1.1 200 OK"
2026-08-17 10:33:04,341 - INFO - HTTP Request: POST http://localhost:8000/v1/chat/completions "HTTP/1.1 200 OK"
2026-08-17 10:33:12,494 - INFO - HTTP Request: POST http://localhost:8000/v1/chat/completions "HTTP/1.1 200 OK"
2026-08-17 10:33:15,926 - INFO - HTTP Request: POST http://localhost:8000/v1/chat/completions "HTTP/1.1 200 OK"
2026-08-17 10:33:17,990 - INFO - HTTP Request: POST http://localhost:8000/v1/chat/completions "HTTP/1.1 200 OK"

2026-08-17 10:33:19,520 - INFO - HTTP Request: POST http://localhost:8000/v1/chat/completions "HTTP/1.1 200 OK"

2026-08-17 10:33:23,009 - INFO - HTTP Request: POST http://localhost:8000/v1/chat/completions "HTTP/1.1 200 OK"

2026-08-17 10:33:30,844 - INFO - HTTP Request: POST http://localhost:8000/v1/chat/completions "HTTP/1.1 200 OK"

2026-08-17 10:33:38,014 - INFO - HTTP Request: POST http://localhost:8000/v1/chat/completions "HTTP/1.1 200 OK"
2026-08-17 10:33:39,918 - INFO - HTTP Request: POST http://localhost:8000/v1/chat/completions "HTTP/1.1 200 OK"
2026-08-17 10:33:51,561 - INFO - HTTP Request: POST http://localhost:8000/v1/chat/completions "HTTP/1.1 200 OK"
2026-08-17 10:33:52,756 - INFO - HTTP Request: POST http://localhost:8000/v1/chat/completions "HTTP/1.1 200 OK"
2026-08-17 10:33:52,971 - INFO - HTTP Request: POST http://localhost:8000/v1/chat/completions "HTTP/1.1 200 OK"

2026-08-17 10:33:55,095 - INFO - HTTP Request: POST http://localhost:8000/v1/chat/completions "HTTP/1.1 200 OK"

2026-08-17 10:34:06,866 - INFO - HTTP Request: POST http://localhost:8000/v1/chat/completions "HTTP/1.1 200 OK"

2026-08-17 10:34:15,138 - INFO - HTTP Request: POST http://localhost:8000/v1/chat/completions "HTTP/1.1 200 OK"

2026-08-17 10:34:22,530 - INFO - HTTP Request: POST http://localhost:8000/v1/chat/completions "HTTP/1.1 200 OK"
2026-08-17 10:34:24,590 - INFO - HTTP Request: POST http://localhost:8000/v1/chat/completions "HTTP/1.1 200 OK"
2026-08-17 10:34:27,530 - INFO - HTTP Request: POST http://localhost:8000/v1/chat/completions "HTTP/1.1 200 OK"
2026-08-17 10:34:36,199 - INFO - HTTP Request: POST http://localhost:8000/v1/chat/completions "HTTP/1.1 200 OK"

2026-08-17 10:34:37,518 - INFO - HTTP Request: POST http://localhost:8000/v1/chat/completions "HTTP/1.1 200 OK"

2026-08-17 10:34:40,793 - INFO - HTTP Request: POST http://localhost:8000/v1/chat/completions "HTTP/1.1 200 OK"

2026-08-17 10:34:45,358 - INFO - HTTP Request: POST http://localhost:8000/v1/chat/completions "HTTP/1.1 200 OK"
2026-08-17 10:35:00,042 - INFO - HTTP Request: POST http://localhost:8000/v1/chat/completions "HTTP/1.1 200 OK"

2026-08-17 10:35:09,181 - INFO - HTTP Request: POST http://localhost:8000/v1/chat/completions "HTTP/1.1 200 OK"
2026-08-17 10:35:10,591 - INFO - HTTP Request: POST http://localhost:8000/v1/chat/completions "HTTP/1.1 200 OK"
2026-08-17 10:35:10,808 - INFO - HTTP Request: POST http://localhost:8000/v1/chat/completions "HTTP/1.1 200 OK"
2026-08-17 10:35:22,207 - INFO - HTTP Request: POST http://localhost:8000/v1/chat/completions "HTTP/1.1 200 OK"

r0_cfg17:  42%|████▏     | 21/50 [35:00<1:01:48, 127.89s/it]2026-08-17 10:35:22,864 - INFO - HTTP Request: POST http://localhost:8000/v1/chat/completions "HTTP/1.1 200 OK"

r0_cfg17:  44%|████▍     | 22/50 [35:00<43:31, 93.26s/it]   2026-08-17 10:35:23,514 - INFO - HTTP Request: POST http://localhost:8000/v1/chat/completions "HTTP/1.1 200 OK"

2026-08-17 10:35:34,172 - INFO - HTTP Request: POST http://localhost:8000/v1/chat/completions "HTTP/1.1 200 OK"
2026-08-17 10:35:44,938 - INFO - HTTP Request: POST http://localhost:8000/v1/chat/completions "HTTP/1.1 200 OK"
2026-08-17 10:35:45,155 - INFO - HTTP Request: POST http://localhost:8000/v1/chat/completions "HTTP/1.1 200 OK"
2026-08-17 10:35:48,753 - INFO - HTTP Request: POST http://localhost:8000/v1/chat/completions "HTTP/1.1 200 OK"

r0_cfg17:  46%|████▌     | 23/50 [35:26<33:28, 74.40s/it]2026-08-17 10:35:57,465 - INFO - HTTP Request: POST http://localhost:8000/v1/chat/completions "HTTP/1.1 200 OK"
2026-08-17 10:35:58,203 - INFO - HTTP Request: POST http://localhost:8000/v1/chat/completions "HTTP/1.1 200 OK"

2026-08-17 10:35:58,938 - INFO - HTTP Request: POST http://localhost:8000/v1/chat/completions "HTTP/1.1 200 OK"

2026-08-17 10:36:09,382 - INFO - HTTP Request: POST http://localhost:8000/v1/chat/completions "HTTP/1.1 200 OK"

r0_cfg17:  48%|████▊     | 24/50 [35:47<25:35, 59.04s/it]2026-08-17 10:36:11,120 - INFO - HTTP Request: POST http://localhost:8000/v1/chat/completions "HTTP/1.1 200 OK"
2026-08-17 10:36:24,056 - INFO - HTTP Request: POST http://localhost:8000/v1/chat/completions "HTTP/1.1 200 OK"

2026-08-17 10:36:24,710 - INFO - HTTP Request: POST http://localhost:8000/v1/chat/completions "HTTP/1.1 200 OK"
2026-08-17 10:36:25,585 - INFO - HTTP Request: POST http://localhost:8000/v1/chat/completions "HTTP/1.1 200 OK"
2026-08-17 10:36:32,222 - INFO - HTTP Request: POST http://localhost:8000/v1/chat/completions "HTTP/1.1 200 OK"
2026-08-17 10:36:35,812 - INFO - HTTP Request: POST http://localhost:8000/v1/chat/completions "HTTP/1.1 200 OK"

2026-08-17 10:36:36,687 - INFO - HTTP Request: POST http://localhost:8000/v1/chat/completions "HTTP/1.1 200 OK"

2026-08-17 10:36:43,648 - INFO - HTTP Request: POST http://localhost:8000/v1/chat/completions "HTTP/1.1 200 OK"

2026-08-17 10:36:51,034 - INFO - HTTP Request: POST http://localhost:8000/v1/chat/completions "HTTP/1.1 200 OK"
2026-08-17 10:37:00,496 - INFO - HTTP Request: POST http://localhost:8000/v1/chat/completions "HTTP/1.1 200 OK"
2026-08-17 10:37:01,691 - INFO - HTTP Request: POST http://localhost:8000/v1/chat/completions "HTTP/1.1 200 OK"
2026-08-17 10:37:02,792 - INFO - HTTP Request: POST http://localhost:8000/v1/chat/completions "HTTP/1.1 200 OK"

2026-08-17 10:37:10,634 - INFO - HTTP Request: POST http://localhost:8000/v1/chat/completions "HTTP/1.1 200 OK"
2026-08-17 10:37:12,268 - INFO - HTTP Request: POST http://localhost:8000/v1/chat/completions "HTTP/1.1 200 OK"

2026-08-17 10:37:13,150 - INFO - HTTP Request: POST http://localhost:8000/v1/chat/completions "HTTP/1.1 200 OK"

2026-08-17 10:37:25,124 - INFO - HTTP Request: POST http://localhost:8000/v1/chat/completions "HTTP/1.1 200 OK"

2026-08-17 10:37:27,515 - INFO - HTTP Request: POST http://localhost:8000/v1/chat/completions "HTTP/1.1 200 OK"
2026-08-17 10:37:36,757 - INFO - HTTP Request: POST http://localhost:8000/v1/chat/completions "HTTP/1.1 200 OK"
2026-08-17 10:37:37,850 - INFO - HTTP Request: POST http://localhost:8000/v1/chat/completions "HTTP/1.1 200 OK"
2026-08-17 10:37:41,879 - INFO - HTTP Request: POST http://localhost:8000/v1/chat/completions "HTTP/1.1 200 OK"

2026-08-17 10:37:49,730 - INFO - HTTP Request: POST http://localhost:8000/v1/chat/completions "HTTP/1.1 200 OK"

2026-08-17 10:37:49,948 - INFO - HTTP Request: POST http://localhost:8000/v1/chat/completions "HTTP/1.1 200 OK"

2026-08-17 10:37:50,392 - INFO - HTTP Request: POST http://localhost:8000/v1/chat/completions "HTTP/1.1 200 OK"
2026-08-17 10:38:03,771 - INFO - HTTP Request: POST http://localhost:8000/v1/chat/completions "HTTP/1.1 200 OK"

2026-08-17 10:38:06,170 - INFO - HTTP Request: POST http://localhost:8000/v1/chat/completions "HTTP/1.1 200 OK"
2026-08-17 10:38:10,182 - INFO - HTTP Request: POST http://localhost:8000/v1/chat/completions "HTTP/1.1 200 OK"
2026-08-17 10:38:10,400 - INFO - HTTP Request: POST http://localhost:8000/v1/chat/completions "HTTP/1.1 200 OK"
2026-08-17 10:38:19,888 - INFO - HTTP Request: POST http://localhost:8000/v1/chat/completions "HTTP/1.1 200 OK"

2026-08-17 10:38:21,857 - INFO - HTTP Request: POST http://localhost:8000/v1/chat/completions "HTTP/1.1 200 OK"

2026-08-17 10:38:23,165 - INFO - HTTP Request: POST http://localhost:8000/v1/chat/completions "HTTP/1.1 200 OK"

2026-08-17 10:38:28,597 - INFO - HTTP Request: POST http://localhost:8000/v1/chat/completions "HTTP/1.1 200 OK"
2026-08-17 10:38:40,011 - INFO - HTTP Request: POST http://localhost:8000/v1/chat/completions "HTTP/1.1 200 OK"
2026-08-17 10:38:41,419 - INFO - HTTP Request: POST http://localhost:8000/v1/chat/completions "HTTP/1.1 200 OK"

2026-08-17 10:38:51,214 - INFO - HTTP Request: POST http://localhost:8000/v1/chat/completions "HTTP/1.1 200 OK"
2026-08-17 10:38:52,527 - INFO - HTTP Request: POST http://localhost:8000/v1/chat/completions "HTTP/1.1 200 OK"

2026-08-17 10:38:52,745 - INFO - HTTP Request: POST http://localhost:8000/v1/chat/completions "HTTP/1.1 200 OK"
2026-08-17 10:39:01,120 - INFO - HTTP Request: POST http://localhost:8000/v1/chat/completions "HTTP/1.1 200 OK"

2026-08-17 10:39:01,777 - INFO - HTTP Request: POST http://localhost:8000/v1/chat/completions "HTTP/1.1 200 OK"
2026-08-17 10:39:06,238 - INFO - HTTP Request: POST http://localhost:8000/v1/chat/completions "HTTP/1.1 200 OK"

2026-08-17 10:39:11,900 - INFO - HTTP Request: POST http://localhost:8000/v1/chat/completions "HTTP/1.1 200 OK"

2026-08-17 10:39:21,458 - INFO - HTTP Request: POST http://localhost:8000/v1/chat/completions "HTTP/1.1 200 OK"
2026-08-17 10:39:21,892 - INFO - HTTP Request: POST http://localhost:8000/v1/chat/completions "HTTP/1.1 200 OK"
2026-08-17 10:39:26,789 - INFO - HTTP Request: POST http://localhost:8000/v1/chat/completions "HTTP/1.1 200 OK"
2026-08-17 10:39:34,311 - INFO - HTTP Request: POST http://localhost:8000/v1/chat/completions "HTTP/1.1 200 OK"

2026-08-17 10:39:34,970 - INFO - HTTP Request: POST http://localhost:8000/v1/chat/completions "HTTP/1.1 200 OK"

2026-08-17 10:39:40,196 - INFO - HTTP Request: POST http://localhost:8000/v1/chat/completions "HTTP/1.1 200 OK"

2026-08-17 10:39:41,502 - INFO - HTTP Request: POST http://localhost:8000/v1/chat/completions "HTTP/1.1 200 OK"
2026-08-17 10:39:55,314 - INFO - HTTP Request: POST http://localhost:8000/v1/chat/completions "HTTP/1.1 200 OK"
2026-08-17 10:39:56,291 - INFO - HTTP Request: POST http://localhost:8000/v1/chat/completions "HTTP/1.1 200 OK"

2026-08-17 10:40:04,128 - INFO - HTTP Request: POST http://localhost:8000/v1/chat/completions "HTTP/1.1 200 OK"
2026-08-17 10:40:10,239 - INFO - HTTP Request: POST http://localhost:8000/v1/chat/completions "HTTP/1.1 200 OK"
2026-08-17 10:40:14,927 - INFO - HTTP Request: POST http://localhost:8000/v1/chat/completions "HTTP/1.1 200 OK"

2026-08-17 10:40:16,891 - INFO - HTTP Request: POST http://localhost:8000/v1/chat/completions "HTTP/1.1 200 OK"
2026-08-17 10:40:18,304 - INFO - HTTP Request: POST http://localhost:8000/v1/chat/completions "HTTP/1.1 200 OK"

2026-08-17 10:40:24,852 - INFO - HTTP Request: POST http://localhost:8000/v1/chat/completions "HTTP/1.1 200 OK"

2026-08-17 10:40:33,132 - INFO - HTTP Request: POST http://localhost:8000/v1/chat/completions "HTTP/1.1 200 OK"

2026-08-17 10:40:44,437 - INFO - HTTP Request: POST http://localhost:8000/v1/chat/completions "HTTP/1.1 200 OK"
2026-08-17 10:40:51,726 - INFO - HTTP Request: POST http://localhost:8000/v1/chat/completions "HTTP/1.1 200 OK"
2026-08-17 10:40:57,187 - INFO - HTTP Request: POST http://localhost:8000/v1/chat/completions "HTTP/1.1 200 OK"

2026-08-17 10:40:57,851 - INFO - HTTP Request: POST http://localhost:8000/v1/chat/completions "HTTP/1.1 200 OK"
2026-08-17 10:41:03,187 - INFO - HTTP Request: POST http://localhost:8000/v1/chat/completions "HTTP/1.1 200 OK"
2026-08-17 10:41:04,169 - INFO - HTTP Request: POST http://localhost:8000/v1/chat/completions "HTTP/1.1 200 OK"

r0_cfg17:  50%|█████     | 25/50 [40:42<53:04, 127.37s/it]2026-08-17 10:41:14,632 - INFO - HTTP Request: POST http://localhost:8000/v1/chat/completions "HTTP/1.1 200 OK"

r0_cfg17:  52%|█████▏    | 26/50 [40:52<37:15, 93.14s/it] 2026-08-17 10:41:17,682 - INFO - HTTP Request: POST http://localhost:8000/v1/chat/completions "HTTP/1.1 200 OK"

2026-08-17 10:41:25,949 - INFO - HTTP Request: POST http://localhost:8000/v1/chat/completions "HTTP/1.1 200 OK"
2026-08-17 10:41:30,675 - INFO - HTTP Request: POST http://localhost:8000/v1/chat/completions "HTTP/1.1 200 OK"
2026-08-17 10:41:37,313 - INFO - HTTP Request: POST http://localhost:8000/v1/chat/completions "HTTP/1.1 200 OK"
2026-08-17 10:41:41,131 - INFO - HTTP Request: POST http://localhost:8000/v1/chat/completions "HTTP/1.1 200 OK"

2026-08-17 10:41:43,967 - INFO - HTTP Request: POST http://localhost:8000/v1/chat/completions "HTTP/1.1 200 OK"

r0_cfg17:  54%|█████▍    | 27/50 [41:21<28:29, 74.32s/it]2026-08-17 10:41:46,363 - INFO - HTTP Request: POST http://localhost:8000/v1/chat/completions "HTTP/1.1 200 OK"

2026-08-17 10:41:51,797 - INFO - HTTP Request: POST http://localhost:8000/v1/chat/completions "HTTP/1.1 200 OK"
2026-08-17 10:42:05,826 - INFO - HTTP Request: POST http://localhost:8000/v1/chat/completions "HTTP/1.1 200 OK"

r0_cfg17:  56%|█████▌    | 28/50 [41:43<21:32, 58.77s/it]2026-08-17 10:42:06,263 - INFO - HTTP Request: POST http://localhost:8000/v1/chat/completions "HTTP/1.1 200 OK"
2026-08-17 10:42:07,794 - INFO - HTTP Request: POST http://localhost:8000/v1/chat/completions "HTTP/1.1 200 OK"
2026-08-17 10:42:13,396 - INFO - HTTP Request: POST http://localhost:8000/v1/chat/completions "HTTP/1.1 200 OK"
2026-08-17 10:42:19,879 - INFO - HTTP Request: POST http://localhost:8000/v1/chat/completions "HTTP/1.1 200 OK"

2026-08-17 10:42:22,278 - INFO - HTTP Request: POST http://localhost:8000/v1/chat/completions "HTTP/1.1 200 OK"

2026-08-17 10:42:27,067 - INFO - HTTP Request: POST http://localhost:8000/v1/chat/completions "HTTP/1.1 200 OK"

2026-08-17 10:42:28,805 - INFO - HTTP Request: POST http://localhost:8000/v1/chat/completions "HTTP/1.1 200 OK"
2026-08-17 10:42:44,790 - INFO - HTTP Request: POST http://localhost:8000/v1/chat/completions "HTTP/1.1 200 OK"

2026-08-17 10:42:46,312 - INFO - HTTP Request: POST http://localhost:8000/v1/chat/completions "HTTP/1.1 200 OK"
2026-08-17 10:42:47,195 - INFO - HTTP Request: POST http://localhost:8000/v1/chat/completions "HTTP/1.1 200 OK"
2026-08-17 10:42:52,362 - INFO - HTTP Request: POST http://localhost:8000/v1/chat/completions "HTTP/1.1 200 OK"
2026-08-17 10:43:01,463 - INFO - HTTP Request: POST http://localhost:8000/v1/chat/completions "HTTP/1.1 200 OK"

2026-08-17 10:43:01,900 - INFO - HTTP Request: POST http://localhost:8000/v1/chat/completions "HTTP/1.1 200 OK"

2026-08-17 10:43:03,435 - INFO - HTTP Request: POST http://localhost:8000/v1/chat/completions "HTTP/1.1 200 OK"

2026-08-17 10:43:11,914 - INFO - HTTP Request: POST http://localhost:8000/v1/chat/completions "HTTP/1.1 200 OK"
2026-08-17 10:43:26,216 - INFO - HTTP Request: POST http://localhost:8000/v1/chat/completions "HTTP/1.1 200 OK"
2026-08-17 10:43:26,432 - INFO - HTTP Request: POST http://localhost:8000/v1/chat/completions "HTTP/1.1 200 OK"
2026-08-17 10:43:28,293 - INFO - HTTP Request: POST http://localhost:8000/v1/chat/completions "HTTP/1.1 200 OK"

2026-08-17 10:43:28,294 - INFO - HTTP Request: POST http://localhost:8000/v1/chat/completions "HTTP/1.1 200 OK"
2026-08-17 10:43:39,084 - INFO - HTTP Request: POST http://localhost:8000/v1/chat/completions "HTTP/1.1 200 OK"

2026-08-17 10:43:40,400 - INFO - HTTP Request: POST http://localhost:8000/v1/chat/completions "HTTP/1.1 200 OK"

2026-08-17 10:43:41,063 - INFO - HTTP Request: POST http://localhost:8000/v1/chat/completions "HTTP/1.1 200 OK"

2026-08-17 10:43:53,013 - INFO - HTTP Request: POST http://localhost:8000/v1/chat/completions "HTTP/1.1 200 OK"
2026-08-17 10:43:59,210 - INFO - HTTP Request: POST http://localhost:8000/v1/chat/completions "HTTP/1.1 200 OK"
2026-08-17 10:44:01,550 - INFO - HTTP Request: POST http://localhost:8000/v1/chat/completions "HTTP/1.1 200 OK"
2026-08-17 10:44:04,981 - INFO - HTTP Request: POST http://localhost:8000/v1/chat/completions "HTTP/1.1 200 OK"
2026-08-17 10:44:08,633 - INFO - HTTP Request: POST http://localhost:8000/v1/chat/completions "HTTP/1.1 200 OK"

2026-08-17 10:44:12,132 - INFO - HTTP Request: POST http://localhost:8000/v1/chat/completions "HTTP/1.1 200 OK"

2026-08-17 10:44:14,312 - INFO - HTTP Request: POST http://localhost:8000/v1/chat/completions "HTTP/1.1 200 OK"

2026-08-17 10:44:19,968 - INFO - HTTP Request: POST http://localhost:8000/v1/chat/completions "HTTP/1.1 200 OK"

2026-08-17 10:44:32,793 - INFO - HTTP Request: POST http://localhost:8000/v1/chat/completions "HTTP/1.1 200 OK"
2026-08-17 10:44:40,075 - INFO - HTTP Request: POST http://localhost:8000/v1/chat/completions "HTTP/1.1 200 OK"
2026-08-17 10:44:41,393 - INFO - HTTP Request: POST http://localhost:8000/v1/chat/completions "HTTP/1.1 200 OK"
2026-08-17 10:44:43,902 - INFO - HTTP Request: POST http://localhost:8000/v1/chat/completions "HTTP/1.1 200 OK"
2026-08-17 10:44:46,409 - INFO - HTTP Request: POST http://localhost:8000/v1/chat/completions "HTTP/1.1 200 OK"

2026-08-17 10:44:55,793 - INFO - HTTP Request: POST http://localhost:8000/v1/chat/completions "HTTP/1.1 200 OK"

2026-08-17 10:44:56,886 - INFO - HTTP Request: POST http://localhost:8000/v1/chat/completions "HTTP/1.1 200 OK"

2026-08-17 10:44:57,760 - INFO - HTTP Request: POST http://localhost:8000/v1/chat/completions "HTTP/1.1 200 OK"

2026-08-17 10:45:06,233 - INFO - HTTP Request: POST http://localhost:8000/v1/chat/completions "HTTP/1.1 200 OK"
2026-08-17 10:45:17,219 - INFO - HTTP Request: POST http://localhost:8000/v1/chat/completions "HTTP/1.1 200 OK"
2026-08-17 10:45:18,470 - INFO - HTTP Request: POST http://localhost:8000/v1/chat/completions "HTTP/1.1 200 OK"
2026-08-17 10:45:18,688 - INFO - HTTP Request: POST http://localhost:8000/v1/chat/completions "HTTP/1.1 200 OK"

2026-08-17 10:45:25,606 - INFO - HTTP Request: POST http://localhost:8000/v1/chat/completions "HTTP/1.1 200 OK"
2026-08-17 10:45:34,340 - INFO - HTTP Request: POST http://localhost:8000/v1/chat/completions "HTTP/1.1 200 OK"

2026-08-17 10:45:35,215 - INFO - HTTP Request: POST http://localhost:8000/v1/chat/completions "HTTP/1.1 200 OK"

2026-08-17 10:45:38,917 - INFO - HTTP Request: POST http://localhost:8000/v1/chat/completions "HTTP/1.1 200 OK"

2026-08-17 10:45:48,047 - INFO - HTTP Request: POST http://localhost:8000/v1/chat/completions "HTTP/1.1 200 OK"
2026-08-17 10:45:59,250 - INFO - HTTP Request: POST http://localhost:8000/v1/chat/completions "HTTP/1.1 200 OK"
2026-08-17 10:46:02,532 - INFO - HTTP Request: POST http://localhost:8000/v1/chat/completions "HTTP/1.1 200 OK"

2026-08-17 10:46:04,058 - INFO - HTTP Request: POST http://localhost:8000/v1/chat/completions "HTTP/1.1 200 OK"
2026-08-17 10:46:05,307 - INFO - HTTP Request: POST http://localhost:8000/v1/chat/completions "HTTP/1.1 200 OK"
2026-08-17 10:46:10,485 - INFO - HTTP Request: POST http://localhost:8000/v1/chat/completions "HTTP/1.1 200 OK"

2026-08-17 10:46:19,860 - INFO - HTTP Request: POST http://localhost:8000/v1/chat/completions "HTTP/1.1 200 OK"

2026-08-17 10:46:20,524 - INFO - HTTP Request: POST http://localhost:8000/v1/chat/completions "HTTP/1.1 200 OK"

2026-08-17 10:46:23,356 - INFO - HTTP Request: POST http://localhost:8000/v1/chat/completions "HTTP/1.1 200 OK"
2026-08-17 10:46:40,009 - INFO - HTTP Request: POST http://localhost:8000/v1/chat/completions "HTTP/1.1 200 OK"
2026-08-17 10:46:40,895 - INFO - HTTP Request: POST http://localhost:8000/v1/chat/completions "HTTP/1.1 200 OK"

2026-08-17 10:46:53,085 - INFO - HTTP Request: POST http://localhost:8000/v1/chat/completions "HTTP/1.1 200 OK"
2026-08-17 10:46:54,551 - INFO - HTTP Request: POST http://localhost:8000/v1/chat/completions "HTTP/1.1 200 OK"
2026-08-17 10:46:56,460 - INFO - HTTP Request: POST http://localhost:8000/v1/chat/completions "HTTP/1.1 200 OK"

2026-08-17 10:47:07,369 - INFO - HTTP Request: POST http://localhost:8000/v1/chat/completions "HTTP/1.1 200 OK"

r0_cfg17:  58%|█████▊    | 29/50 [46:45<45:50, 130.99s/it]2026-08-17 10:47:08,244 - INFO - HTTP Request: POST http://localhost:8000/v1/chat/completions "HTTP/1.1 200 OK"

r0_cfg17:  60%|██████    | 30/50 [46:46<30:43, 92.19s/it] 2026-08-17 10:47:10,853 - INFO - HTTP Request: POST http://localhost:8000/v1/chat/completions "HTTP/1.1 200 OK"
2026-08-17 10:47:26,850 - INFO - HTTP Request: POST http://localhost:8000/v1/chat/completions "HTTP/1.1 200 OK"

2026-08-17 10:47:29,464 - INFO - HTTP Request: POST http://localhost:8000/v1/chat/completions "HTTP/1.1 200 OK"
2026-08-17 10:47:30,185 - INFO - HTTP Request: POST http://localhost:8000/v1/chat/completions "HTTP/1.1 200 OK"
2026-08-17 10:47:31,102 - INFO - HTTP Request: POST http://localhost:8000/v1/chat/completions "HTTP/1.1 200 OK"
2026-08-17 10:47:41,887 - INFO - HTTP Request: POST http://localhost:8000/v1/chat/completions "HTTP/1.1 200 OK"

2026-08-17 10:47:44,287 - INFO - HTTP Request: POST http://localhost:8000/v1/chat/completions "HTTP/1.1 200 OK"

r0_cfg17:  62%|██████▏   | 31/50 [47:22<23:52, 75.41s/it]2026-08-17 10:47:44,566 - INFO - HTTP Request: POST http://localhost:8000/v1/chat/completions "HTTP/1.1 200 OK"

2026-08-17 10:48:00,370 - INFO - HTTP Request: POST http://localhost:8000/v1/chat/completions "HTTP/1.1 200 OK"
2026-08-17 10:48:06,568 - INFO - HTTP Request: POST http://localhost:8000/v1/chat/completions "HTTP/1.1 200 OK"
2026-08-17 10:48:08,635 - INFO - HTTP Request: POST http://localhost:8000/v1/chat/completions "HTTP/1.1 200 OK"
2026-08-17 10:48:11,632 - INFO - HTTP Request: POST http://localhost:8000/v1/chat/completions "HTTP/1.1 200 OK"
2026-08-17 10:48:17,411 - INFO - HTTP Request: POST http://localhost:8000/v1/chat/completions "HTTP/1.1 200 OK"

r0_cfg17:  64%|██████▍   | 32/50 [47:55<18:49, 62.76s/it]2026-08-17 10:48:20,250 - INFO - HTTP Request: POST http://localhost:8000/v1/chat/completions "HTTP/1.1 200 OK"

2026-08-17 10:48:25,701 - INFO - HTTP Request: POST http://localhost:8000/v1/chat/completions "HTTP/1.1 200 OK"

2026-08-17 10:48:36,365 - INFO - HTTP Request: POST http://localhost:8000/v1/chat/completions "HTTP/1.1 200 OK"

2026-08-17 10:48:39,408 - INFO - HTTP Request: POST http://localhost:8000/v1/chat/completions "HTTP/1.1 200 OK"
2026-08-17 10:48:44,948 - INFO - HTTP Request: POST http://localhost:8000/v1/chat/completions "HTTP/1.1 200 OK"
2026-08-17 10:48:50,716 - INFO - HTTP Request: POST http://localhost:8000/v1/chat/completions "HTTP/1.1 200 OK"
2026-08-17 10:48:53,437 - INFO - HTTP Request: POST http://localhost:8000/v1/chat/completions "HTTP/1.1 200 OK"

2026-08-17 10:48:57,797 - INFO - HTTP Request: POST http://localhost:8000/v1/chat/completions "HTTP/1.1 200 OK"

2026-08-17 10:49:03,461 - INFO - HTTP Request: POST http://localhost:8000/v1/chat/completions "HTTP/1.1 200 OK"
2026-08-17 10:49:05,579 - INFO - HTTP Request: POST http://localhost:8000/v1/chat/completions "HTTP/1.1 200 OK"

2026-08-17 10:49:17,117 - INFO - HTTP Request: POST http://localhost:8000/v1/chat/completions "HTTP/1.1 200 OK"

2026-08-17 10:49:19,943 - INFO - HTTP Request: POST http://localhost:8000/v1/chat/completions "HTTP/1.1 200 OK"
2026-08-17 10:49:22,441 - INFO - HTTP Request: POST http://localhost:8000/v1/chat/completions "HTTP/1.1 200 OK"
2026-08-17 10:49:30,170 - INFO - HTTP Request: POST http://localhost:8000/v1/chat/completions "HTTP/1.1 200 OK"
2026-08-17 10:49:31,142 - INFO - HTTP Request: POST http://localhost:8000/v1/chat/completions "HTTP/1.1 200 OK"

2026-08-17 10:49:37,242 - INFO - HTTP Request: POST http://localhost:8000/v1/chat/completions "HTTP/1.1 200 OK"

2026-08-17 10:49:42,256 - INFO - HTTP Request: POST http://localhost:8000/v1/chat/completions "HTTP/1.1 200 OK"

2026-08-17 10:49:42,474 - INFO - HTTP Request: POST http://localhost:8000/v1/chat/completions "HTTP/1.1 200 OK"
2026-08-17 10:49:55,859 - INFO - HTTP Request: POST http://localhost:8000/v1/chat/completions "HTTP/1.1 200 OK"
2026-08-17 10:49:57,705 - INFO - HTTP Request: POST http://localhost:8000/v1/chat/completions "HTTP/1.1 200 OK"
2026-08-17 10:49:57,706 - INFO - HTTP Request: POST http://localhost:8000/v1/chat/completions "HTTP/1.1 200 OK"

2026-08-17 10:50:03,087 - INFO - HTTP Request: POST http://localhost:8000/v1/chat/completions "HTTP/1.1 200 OK"
2026-08-17 10:50:06,462 - INFO - HTTP Request: POST http://localhost:8000/v1/chat/completions "HTTP/1.1 200 OK"

2026-08-17 10:50:08,433 - INFO - HTTP Request: POST http://localhost:8000/v1/chat/completions "HTTP/1.1 200 OK"

2026-08-17 10:50:13,871 - INFO - HTTP Request: POST http://localhost:8000/v1/chat/completions "HTTP/1.1 200 OK"

2026-08-17 10:50:22,562 - INFO - HTTP Request: POST http://localhost:8000/v1/chat/completions "HTTP/1.1 200 OK"
2026-08-17 10:50:30,281 - INFO - HTTP Request: POST http://localhost:8000/v1/chat/completions "HTTP/1.1 200 OK"
2026-08-17 10:50:35,607 - INFO - HTTP Request: POST http://localhost:8000/v1/chat/completions "HTTP/1.1 200 OK"

2026-08-17 10:50:37,793 - INFO - HTTP Request: POST http://localhost:8000/v1/chat/completions "HTTP/1.1 200 OK"
2026-08-17 10:50:42,690 - INFO - HTTP Request: POST http://localhost:8000/v1/chat/completions "HTTP/1.1 200 OK"

2026-08-17 10:50:43,570 - INFO - HTTP Request: POST http://localhost:8000/v1/chat/completions "HTTP/1.1 200 OK"
2026-08-17 10:50:50,852 - INFO - HTTP Request: POST http://localhost:8000/v1/chat/completions "HTTP/1.1 200 OK"

2026-08-17 10:50:56,077 - INFO - HTTP Request: POST http://localhost:8000/v1/chat/completions "HTTP/1.1 200 OK"
2026-08-17 10:50:59,667 - INFO - HTTP Request: POST http://localhost:8000/v1/chat/completions "HTTP/1.1 200 OK"

2026-08-17 10:51:02,718 - INFO - HTTP Request: POST http://localhost:8000/v1/chat/completions "HTTP/1.1 200 OK"
2026-08-17 10:51:11,649 - INFO - HTTP Request: POST http://localhost:8000/v1/chat/completions "HTTP/1.1 200 OK"
2026-08-17 10:51:11,650 - INFO - HTTP Request: POST http://localhost:8000/v1/chat/completions "HTTP/1.1 200 OK"

2026-08-17 10:51:16,162 - INFO - HTTP Request: POST http://localhost:8000/v1/chat/completions "HTTP/1.1 200 OK"

2026-08-17 10:51:20,518 - INFO - HTTP Request: POST http://localhost:8000/v1/chat/completions "HTTP/1.1 200 OK"
2026-08-17 10:51:28,027 - INFO - HTTP Request: POST http://localhost:8000/v1/chat/completions "HTTP/1.1 200 OK"

2026-08-17 10:51:34,124 - INFO - HTTP Request: POST http://localhost:8000/v1/chat/completions "HTTP/1.1 200 OK"

2026-08-17 10:51:41,080 - INFO - HTTP Request: POST http://localhost:8000/v1/chat/completions "HTTP/1.1 200 OK"
2026-08-17 10:51:45,539 - INFO - HTTP Request: POST http://localhost:8000/v1/chat/completions "HTTP/1.1 200 OK"
2026-08-17 10:51:52,613 - INFO - HTTP Request: POST http://localhost:8000/v1/chat/completions "HTTP/1.1 200 OK"

2026-08-17 10:51:57,838 - INFO - HTTP Request: POST http://localhost:8000/v1/chat/completions "HTTP/1.1 200 OK"
2026-08-17 10:51:58,820 - INFO - HTTP Request: POST http://localhost:8000/v1/chat/completions "HTTP/1.1 200 OK"

2026-08-17 10:52:04,263 - INFO - HTTP Request: POST http://localhost:8000/v1/chat/completions "HTTP/1.1 200 OK"
2026-08-17 10:52:09,159 - INFO - HTTP Request: POST http://localhost:8000/v1/chat/completions "HTTP/1.1 200 OK"

2026-08-17 10:52:13,302 - INFO - HTTP Request: POST http://localhost:8000/v1/chat/completions "HTTP/1.1 200 OK"
2026-08-17 10:52:15,808 - INFO - HTTP Request: POST http://localhost:8000/v1/chat/completions "HTTP/1.1 200 OK"

2026-08-17 10:52:19,518 - INFO - HTTP Request: POST http://localhost:8000/v1/chat/completions "HTTP/1.1 200 OK"
2026-08-17 10:52:27,251 - INFO - HTTP Request: POST http://localhost:8000/v1/chat/completions "HTTP/1.1 200 OK"

2026-08-17 10:52:31,825 - INFO - HTTP Request: POST http://localhost:8000/v1/chat/completions "HTTP/1.1 200 OK"

2026-08-17 10:52:42,913 - INFO - HTTP Request: POST http://localhost:8000/v1/chat/completions "HTTP/1.1 200 OK"
2026-08-17 10:52:48,900 - INFO - HTTP Request: POST http://localhost:8000/v1/chat/completions "HTTP/1.1 200 OK"
2026-08-17 10:52:56,107 - INFO - HTTP Request: POST http://localhost:8000/v1/chat/completions "HTTP/1.1 200 OK"

r0_cfg17:  66%|██████▌   | 33/50 [52:34<36:05, 127.41s/it]2026-08-17 10:52:57,199 - INFO - HTTP Request: POST http://localhost:8000/v1/chat/completions "HTTP/1.1 200 OK"
2026-08-17 10:53:00,138 - INFO - HTTP Request: POST http://localhost:8000/v1/chat/completions "HTTP/1.1 200 OK"

r0_cfg17:  68%|██████▊   | 34/50 [52:38<24:07, 90.45s/it] 2026-08-17 10:53:02,101 - INFO - HTTP Request: POST http://localhost:8000/v1/chat/completions "HTTP/1.1 200 OK"
2026-08-17 10:53:12,005 - INFO - HTTP Request: POST http://localhost:8000/v1/chat/completions "HTTP/1.1 200 OK"

2026-08-17 10:53:16,584 - INFO - HTTP Request: POST http://localhost:8000/v1/chat/completions "HTTP/1.1 200 OK"

2026-08-17 10:53:18,765 - INFO - HTTP Request: POST http://localhost:8000/v1/chat/completions "HTTP/1.1 200 OK"
2026-08-17 10:53:22,837 - INFO - HTTP Request: POST http://localhost:8000/v1/chat/completions "HTTP/1.1 200 OK"
2026-08-17 10:53:32,798 - INFO - HTTP Request: POST http://localhost:8000/v1/chat/completions "HTTP/1.1 200 OK"

2026-08-17 10:53:35,630 - INFO - HTTP Request: POST http://localhost:8000/v1/chat/completions "HTTP/1.1 200 OK"

2026-08-17 10:53:44,107 - INFO - HTTP Request: POST http://localhost:8000/v1/chat/completions "HTTP/1.1 200 OK"
2026-08-17 10:53:49,130 - INFO - HTTP Request: POST http://localhost:8000/v1/chat/completions "HTTP/1.1 200 OK"
2026-08-17 10:53:54,245 - INFO - HTTP Request: POST http://localhost:8000/v1/chat/completions "HTTP/1.1 200 OK"

r0_cfg17:  70%|███████   | 35/50 [53:32<19:53, 79.56s/it]2026-08-17 10:53:59,685 - INFO - HTTP Request: POST http://localhost:8000/v1/chat/completions "HTTP/1.1 200 OK"
2026-08-17 10:54:02,897 - INFO - HTTP Request: POST http://localhost:8000/v1/chat/completions "HTTP/1.1 200 OK"
2026-08-17 10:54:11,136 - INFO - HTTP Request: POST http://localhost:8000/v1/chat/completions "HTTP/1.1 200 OK"

r0_cfg17:  72%|███████▏  | 36/50 [53:49<14:10, 60.77s/it]2026-08-17 10:54:12,883 - INFO - HTTP Request: POST http://localhost:8000/v1/chat/completions "HTTP/1.1 200 OK"

2026-08-17 10:54:15,496 - INFO - HTTP Request: POST http://localhost:8000/v1/chat/completions "HTTP/1.1 200 OK"

2026-08-17 10:54:17,017 - INFO - HTTP Request: POST http://localhost:8000/v1/chat/completions "HTTP/1.1 200 OK"
2026-08-17 10:54:33,496 - INFO - HTTP Request: POST http://localhost:8000/v1/chat/completions "HTTP/1.1 200 OK"
2026-08-17 10:54:34,218 - INFO - HTTP Request: POST http://localhost:8000/v1/chat/completions "HTTP/1.1 200 OK"

2026-08-17 10:54:37,954 - INFO - HTTP Request: POST http://localhost:8000/v1/chat/completions "HTTP/1.1 200 OK"
2026-08-17 10:54:40,947 - INFO - HTTP Request: POST http://localhost:8000/v1/chat/completions "HTTP/1.1 200 OK"
2026-08-17 10:54:43,509 - INFO - HTTP Request: POST http://localhost:8000/v1/chat/completions "HTTP/1.1 200 OK"

2026-08-17 10:54:50,484 - INFO - HTTP Request: POST http://localhost:8000/v1/chat/completions "HTTP/1.1 200 OK"

2026-08-17 10:54:55,059 - INFO - HTTP Request: POST http://localhost:8000/v1/chat/completions "HTTP/1.1 200 OK"

2026-08-17 10:55:01,149 - INFO - HTTP Request: POST http://localhost:8000/v1/chat/completions "HTTP/1.1 200 OK"
2026-08-17 10:55:10,013 - INFO - HTTP Request: POST http://localhost:8000/v1/chat/completions "HTTP/1.1 200 OK"
2026-08-17 10:55:11,425 - INFO - HTTP Request: POST http://localhost:8000/v1/chat/completions "HTTP/1.1 200 OK"

2026-08-17 10:55:15,344 - INFO - HTTP Request: POST http://localhost:8000/v1/chat/completions "HTTP/1.1 200 OK"
2026-08-17 10:55:20,028 - INFO - HTTP Request: POST http://localhost:8000/v1/chat/completions "HTTP/1.1 200 OK"
2026-08-17 10:55:22,804 - INFO - HTTP Request: POST http://localhost:8000/v1/chat/completions "HTTP/1.1 200 OK"

2026-08-17 10:55:28,255 - INFO - HTTP Request: POST http://localhost:8000/v1/chat/completions "HTTP/1.1 200 OK"

2026-08-17 10:55:33,269 - INFO - HTTP Request: POST http://localhost:8000/v1/chat/completions "HTTP/1.1 200 OK"

2026-08-17 10:55:36,534 - INFO - HTTP Request: POST http://localhost:8000/v1/chat/completions "HTTP/1.1 200 OK"
2026-08-17 10:55:47,573 - INFO - HTTP Request: POST http://localhost:8000/v1/chat/completions "HTTP/1.1 200 OK"
2026-08-17 10:55:48,295 - INFO - HTTP Request: POST http://localhost:8000/v1/chat/completions "HTTP/1.1 200 OK"
2026-08-17 10:55:50,452 - INFO - HTTP Request: POST http://localhost:8000/v1/chat/completions "HTTP/1.1 200 OK"

2026-08-17 10:55:54,165 - INFO - HTTP Request: POST http://localhost:8000/v1/chat/completions "HTTP/1.1 200 OK"
2026-08-17 10:56:00,652 - INFO - HTTP Request: POST http://localhost:8000/v1/chat/completions "HTTP/1.1 200 OK"

2026-08-17 10:56:01,317 - INFO - HTTP Request: POST http://localhost:8000/v1/chat/completions "HTTP/1.1 200 OK"

2026-08-17 10:56:10,236 - INFO - HTTP Request: POST http://localhost:8000/v1/chat/completions "HTTP/1.1 200 OK"

2026-08-17 10:56:15,017 - INFO - HTTP Request: POST http://localhost:8000/v1/chat/completions "HTTP/1.1 200 OK"
2026-08-17 10:56:25,036 - INFO - HTTP Request: POST http://localhost:8000/v1/chat/completions "HTTP/1.1 200 OK"
2026-08-17 10:56:27,970 - INFO - HTTP Request: POST http://localhost:8000/v1/chat/completions "HTTP/1.1 200 OK"

2026-08-17 10:56:30,808 - INFO - HTTP Request: POST http://localhost:8000/v1/chat/completions "HTTP/1.1 200 OK"
2026-08-17 10:56:38,104 - INFO - HTTP Request: POST http://localhost:8000/v1/chat/completions "HTTP/1.1 200 OK"

2026-08-17 10:56:40,072 - INFO - HTTP Request: POST http://localhost:8000/v1/chat/completions "HTTP/1.1 200 OK"
2026-08-17 10:56:44,590 - INFO - HTTP Request: POST http://localhost:8000/v1/chat/completions "HTTP/1.1 200 OK"

2026-08-17 10:56:48,071 - INFO - HTTP Request: POST http://localhost:8000/v1/chat/completions "HTTP/1.1 200 OK"
2026-08-17 10:56:54,986 - INFO - HTTP Request: POST http://localhost:8000/v1/chat/completions "HTTP/1.1 200 OK"

2026-08-17 10:56:58,688 - INFO - HTTP Request: POST http://localhost:8000/v1/chat/completions "HTTP/1.1 200 OK"
2026-08-17 10:56:58,692 - INFO - HTTP Request: POST http://localhost:8000/v1/chat/completions "HTTP/1.1 200 OK"

2026-08-17 10:57:05,320 - INFO - HTTP Request: POST http://localhost:8000/v1/chat/completions "HTTP/1.1 200 OK"
2026-08-17 10:57:11,799 - INFO - HTTP Request: POST http://localhost:8000/v1/chat/completions "HTTP/1.1 200 OK"

2026-08-17 10:57:15,721 - INFO - HTTP Request: POST http://localhost:8000/v1/chat/completions "HTTP/1.1 200 OK"
2026-08-17 10:57:17,192 - INFO - HTTP Request: POST http://localhost:8000/v1/chat/completions "HTTP/1.1 200 OK"

2026-08-17 10:57:26,337 - INFO - HTTP Request: POST http://localhost:8000/v1/chat/completions "HTTP/1.1 200 OK"

2026-08-17 10:57:28,512 - INFO - HTTP Request: POST http://localhost:8000/v1/chat/completions "HTTP/1.1 200 OK"
2026-08-17 10:57:41,297 - INFO - HTTP Request: POST http://localhost:8000/v1/chat/completions "HTTP/1.1 200 OK"
2026-08-17 10:57:44,670 - INFO - HTTP Request: POST http://localhost:8000/v1/chat/completions "HTTP/1.1 200 OK"

2026-08-17 10:57:47,067 - INFO - HTTP Request: POST http://localhost:8000/v1/chat/completions "HTTP/1.1 200 OK"
2026-08-17 10:57:56,599 - INFO - HTTP Request: POST http://localhost:8000/v1/chat/completions "HTTP/1.1 200 OK"
2026-08-17 10:57:57,853 - INFO - HTTP Request: POST http://localhost:8000/v1/chat/completions "HTTP/1.1 200 OK"

2026-08-17 10:58:01,779 - INFO - HTTP Request: POST http://localhost:8000/v1/chat/completions "HTTP/1.1 200 OK"

2026-08-17 10:58:05,488 - INFO - HTTP Request: POST http://localhost:8000/v1/chat/completions "HTTP/1.1 200 OK"
2026-08-17 10:58:10,666 - INFO - HTTP Request: POST http://localhost:8000/v1/chat/completions "HTTP/1.1 200 OK"

2026-08-17 10:58:18,292 - INFO - HTTP Request: POST http://localhost:8000/v1/chat/completions "HTTP/1.1 200 OK"
2026-08-17 10:58:25,157 - INFO - HTTP Request: POST http://localhost:8000/v1/chat/completions "HTTP/1.1 200 OK"

2026-08-17 10:58:30,816 - INFO - HTTP Request: POST http://localhost:8000/v1/chat/completions "HTTP/1.1 200 OK"

2026-08-17 10:58:34,949 - INFO - HTTP Request: POST http://localhost:8000/v1/chat/completions "HTTP/1.1 200 OK"
2026-08-17 10:58:43,967 - INFO - HTTP Request: POST http://localhost:8000/v1/chat/completions "HTTP/1.1 200 OK"
2026-08-17 10:58:45,874 - INFO - HTTP Request: POST http://localhost:8000/v1/chat/completions "HTTP/1.1 200 OK"

r0_cfg17:  74%|███████▍  | 37/50 [58:23<27:04, 124.93s/it]2026-08-17 10:58:55,236 - INFO - HTTP Request: POST http://localhost:8000/v1/chat/completions "HTTP/1.1 200 OK"
2026-08-17 10:58:57,362 - INFO - HTTP Request: POST http://localhost:8000/v1/chat/completions "HTTP/1.1 200 OK"

r0_cfg17:  76%|███████▌  | 38/50 [58:35<18:10, 90.91s/it] 2026-08-17 10:59:01,284 - INFO - HTTP Request: POST http://localhost:8000/v1/chat/completions "HTTP/1.1 200 OK"
2026-08-17 10:59:08,579 - INFO - HTTP Request: POST http://localhost:8000/v1/chat/completions "HTTP/1.1 200 OK"
2026-08-17 10:59:08,797 - INFO - HTTP Request: POST http://localhost:8000/v1/chat/completions "HTTP/1.1 200 OK"

2026-08-17 10:59:14,794 - INFO - HTTP Request: POST http://localhost:8000/v1/chat/completions "HTTP/1.1 200 OK"

2026-08-17 10:59:19,371 - INFO - HTTP Request: POST http://localhost:8000/v1/chat/completions "HTTP/1.1 200 OK"

2026-08-17 10:59:20,026 - INFO - HTTP Request: POST http://localhost:8000/v1/chat/completions "HTTP/1.1 200 OK"
2026-08-17 10:59:31,063 - INFO - HTTP Request: POST http://localhost:8000/v1/chat/completions "HTTP/1.1 200 OK"

2026-08-17 10:59:40,845 - INFO - HTTP Request: POST http://localhost:8000/v1/chat/completions "HTTP/1.1 200 OK"
2026-08-17 10:59:46,232 - INFO - HTTP Request: POST http://localhost:8000/v1/chat/completions "HTTP/1.1 200 OK"
2026-08-17 10:59:48,519 - INFO - HTTP Request: POST http://localhost:8000/v1/chat/completions "HTTP/1.1 200 OK"
2026-08-17 10:59:58,229 - INFO - HTTP Request: POST http://localhost:8000/v1/chat/completions "HTTP/1.1 200 OK"
2026-08-17 11:00:00,138 - INFO - HTTP Request: POST http://localhost:8000/v1/chat/completions "HTTP/1.1 200 OK"

r0_cfg17:  78%|███████▊  | 39/50 [59:38<15:07, 82.47s/it]2026-08-17 11:00:01,451 - INFO - HTTP Request: POST http://localhost:8000/v1/chat/completions "HTTP/1.1 200 OK"

r0_cfg17:  80%|████████  | 40/50 [59:39<09:41, 58.13s/it]2026-08-17 11:00:02,321 - INFO - HTTP Request: POST http://localhost:8000/v1/chat/completions "HTTP/1.1 200 OK"

2026-08-17 11:00:09,288 - INFO - HTTP Request: POST http://localhost:8000/v1/chat/completions "HTTP/1.1 200 OK"

2026-08-17 11:00:22,107 - INFO - HTTP Request: POST http://localhost:8000/v1/chat/completions "HTTP/1.1 200 OK"
2026-08-17 11:00:23,731 - INFO - HTTP Request: POST http://localhost:8000/v1/chat/completions "HTTP/1.1 200 OK"
2026-08-17 11:00:27,315 - INFO - HTTP Request: POST http://localhost:8000/v1/chat/completions "HTTP/1.1 200 OK"
2026-08-17 11:00:34,616 - INFO - HTTP Request: POST http://localhost:8000/v1/chat/completions "HTTP/1.1 200 OK"
2026-08-17 11:00:38,055 - INFO - HTTP Request: POST http://localhost:8000/v1/chat/completions "HTTP/1.1 200 OK"

2026-08-17 11:00:38,490 - INFO - HTTP Request: POST http://localhost:8000/v1/chat/completions "HTTP/1.1 200 OK"

2026-08-17 11:00:38,932 - INFO - HTTP Request: POST http://localhost:8000/v1/chat/completions "HTTP/1.1 200 OK"

2026-08-17 11:00:50,255 - INFO - HTTP Request: POST http://localhost:8000/v1/chat/completions "HTTP/1.1 200 OK"

2026-08-17 11:01:02,430 - INFO - HTTP Request: POST http://localhost:8000/v1/chat/completions "HTTP/1.1 200 OK"
2026-08-17 11:01:04,487 - INFO - HTTP Request: POST http://localhost:8000/v1/chat/completions "HTTP/1.1 200 OK"
2026-08-17 11:01:05,688 - INFO - HTTP Request: POST http://localhost:8000/v1/chat/completions "HTTP/1.1 200 OK"
2026-08-17 11:01:15,177 - INFO - HTTP Request: POST http://localhost:8000/v1/chat/completions "HTTP/1.1 200 OK"

2026-08-17 11:01:15,395 - INFO - HTTP Request: POST http://localhost:8000/v1/chat/completions "HTTP/1.1 200 OK"
2026-08-17 11:01:18,834 - INFO - HTTP Request: POST http://localhost:8000/v1/chat/completions "HTTP/1.1 200 OK"

2026-08-17 11:01:21,016 - INFO - HTTP Request: POST http://localhost:8000/v1/chat/completions "HTTP/1.1 200 OK"

2026-08-17 11:01:27,980 - INFO - HTTP Request: POST http://localhost:8000/v1/chat/completions "HTTP/1.1 200 OK"

2026-08-17 11:01:35,375 - INFO - HTTP Request: POST http://localhost:8000/v1/chat/completions "HTTP/1.1 200 OK"
2026-08-17 11:01:42,441 - INFO - HTTP Request: POST http://localhost:8000/v1/chat/completions "HTTP/1.1 200 OK"
2026-08-17 11:01:46,149 - INFO - HTTP Request: POST http://localhost:8000/v1/chat/completions "HTTP/1.1 200 OK"

2026-08-17 11:01:46,150 - INFO - HTTP Request: POST http://localhost:8000/v1/chat/completions "HTTP/1.1 200 OK"
2026-08-17 11:01:48,431 - INFO - HTTP Request: POST http://localhost:8000/v1/chat/completions "HTTP/1.1 200 OK"
2026-08-17 11:01:56,009 - INFO - HTTP Request: POST http://localhost:8000/v1/chat/completions "HTTP/1.1 200 OK"

2026-08-17 11:02:01,031 - INFO - HTTP Request: POST http://localhost:8000/v1/chat/completions "HTTP/1.1 200 OK"

2026-08-17 11:02:01,467 - INFO - HTTP Request: POST http://localhost:8000/v1/chat/completions "HTTP/1.1 200 OK"

2026-08-17 11:02:15,599 - INFO - HTTP Request: POST http://localhost:8000/v1/chat/completions "HTTP/1.1 200 OK"
2026-08-17 11:02:20,266 - INFO - HTTP Request: POST http://localhost:8000/v1/chat/completions "HTTP/1.1 200 OK"
2026-08-17 11:02:25,813 - INFO - HTTP Request: POST http://localhost:8000/v1/chat/completions "HTTP/1.1 200 OK"
2026-08-17 11:02:29,186 - INFO - HTTP Request: POST http://localhost:8000/v1/chat/completions "HTTP/1.1 200 OK"

2026-08-17 11:02:31,150 - INFO - HTTP Request: POST http://localhost:8000/v1/chat/completions "HTTP/1.1 200 OK"
2026-08-17 11:02:33,054 - INFO - HTTP Request: POST http://localhost:8000/v1/chat/completions "HTTP/1.1 200 OK"

2026-08-17 11:02:38,947 - INFO - HTTP Request: POST http://localhost:8000/v1/chat/completions "HTTP/1.1 200 OK"

2026-08-17 11:02:45,266 - INFO - HTTP Request: POST http://localhost:8000/v1/chat/completions "HTTP/1.1 200 OK"

2026-08-17 11:02:49,610 - INFO - HTTP Request: POST http://localhost:8000/v1/chat/completions "HTTP/1.1 200 OK"
2026-08-17 11:02:53,195 - INFO - HTTP Request: POST http://localhost:8000/v1/chat/completions "HTTP/1.1 200 OK"
2026-08-17 11:02:59,401 - INFO - HTTP Request: POST http://localhost:8000/v1/chat/completions "HTTP/1.1 200 OK"
2026-08-17 11:03:00,139 - INFO - HTTP Request: POST http://localhost:8000/v1/chat/completions "HTTP/1.1 200 OK"

2026-08-17 11:03:01,906 - INFO - HTTP Request: POST http://localhost:8000/v1/chat/completions "HTTP/1.1 200 OK"

2026-08-17 11:03:06,262 - INFO - HTTP Request: POST http://localhost:8000/v1/chat/completions "HTTP/1.1 200 OK"
2026-08-17 11:03:13,398 - INFO - HTTP Request: POST http://localhost:8000/v1/chat/completions "HTTP/1.1 200 OK"

2026-08-17 11:03:20,586 - INFO - HTTP Request: POST http://localhost:8000/v1/chat/completions "HTTP/1.1 200 OK"

2026-08-17 11:03:29,717 - INFO - HTTP Request: POST http://localhost:8000/v1/chat/completions "HTTP/1.1 200 OK"
2026-08-17 11:03:31,347 - INFO - HTTP Request: POST http://localhost:8000/v1/chat/completions "HTTP/1.1 200 OK"
2026-08-17 11:03:42,783 - INFO - HTTP Request: POST http://localhost:8000/v1/chat/completions "HTTP/1.1 200 OK"
2026-08-17 11:03:44,848 - INFO - HTTP Request: POST http://localhost:8000/v1/chat/completions "HTTP/1.1 200 OK"

2026-08-17 11:03:47,473 - INFO - HTTP Request: POST http://localhost:8000/v1/chat/completions "HTTP/1.1 200 OK"

2026-08-17 11:03:50,740 - INFO - HTTP Request: POST http://localhost:8000/v1/chat/completions "HTTP/1.1 200 OK"
2026-08-17 11:03:57,222 - INFO - HTTP Request: POST http://localhost:8000/v1/chat/completions "HTTP/1.1 200 OK"

2026-08-17 11:04:03,973 - INFO - HTTP Request: POST http://localhost:8000/v1/chat/completions "HTTP/1.1 200 OK"

2026-08-17 11:04:07,893 - INFO - HTTP Request: POST http://localhost:8000/v1/chat/completions "HTTP/1.1 200 OK"
2026-08-17 11:04:17,577 - INFO - HTTP Request: POST http://localhost:8000/v1/chat/completions "HTTP/1.1 200 OK"
2026-08-17 11:04:18,988 - INFO - HTTP Request: POST http://localhost:8000/v1/chat/completions "HTTP/1.1 200 OK"
2026-08-17 11:04:31,750 - INFO - HTTP Request: POST http://localhost:8000/v1/chat/completions "HTTP/1.1 200 OK"

2026-08-17 11:04:33,280 - INFO - HTTP Request: POST http://localhost:8000/v1/chat/completions "HTTP/1.1 200 OK"

2026-08-17 11:04:34,372 - INFO - HTTP Request: POST http://localhost:8000/v1/chat/completions "HTTP/1.1 200 OK"

r0_cfg17:  82%|████████▏ | 41/50 [1:04:12<18:23, 122.56s/it]2026-08-17 11:04:36,330 - INFO - HTTP Request: POST http://localhost:8000/v1/chat/completions "HTTP/1.1 200 OK"
2026-08-17 11:04:49,550 - INFO - HTTP Request: POST http://localhost:8000/v1/chat/completions "HTTP/1.1 200 OK"

r0_cfg17:  84%|████████▍ | 42/50 [1:04:27<12:02, 90.35s/it] 2026-08-17 11:04:56,722 - INFO - HTTP Request: POST http://localhost:8000/v1/chat/completions "HTTP/1.1 200 OK"
2026-08-17 11:05:01,615 - INFO - HTTP Request: POST http://localhost:8000/v1/chat/completions "HTTP/1.1 200 OK"
2026-08-17 11:05:03,463 - INFO - HTTP Request: POST http://localhost:8000/v1/chat/completions "HTTP/1.1 200 OK"
2026-08-17 11:05:10,982 - INFO - HTTP Request: POST http://localhost:8000/v1/chat/completions "HTTP/1.1 200 OK"

2026-08-17 11:05:12,512 - INFO - HTTP Request: POST http://localhost:8000/v1/chat/completions "HTTP/1.1 200 OK"
2026-08-17 11:05:17,194 - INFO - HTTP Request: POST http://localhost:8000/v1/chat/completions "HTTP/1.1 200 OK"

2026-08-17 11:05:19,602 - INFO - HTTP Request: POST http://localhost:8000/v1/chat/completions "HTTP/1.1 200 OK"

2026-08-17 11:05:25,702 - INFO - HTTP Request: POST http://localhost:8000/v1/chat/completions "HTTP/1.1 200 OK"

2026-08-17 11:05:37,435 - INFO - HTTP Request: POST http://localhost:8000/v1/chat/completions "HTTP/1.1 200 OK"
2026-08-17 11:05:47,172 - INFO - HTTP Request: POST http://localhost:8000/v1/chat/completions "HTTP/1.1 200 OK"

2026-08-17 11:05:50,651 - INFO - HTTP Request: POST http://localhost:8000/v1/chat/completions "HTTP/1.1 200 OK"
2026-08-17 11:05:52,497 - INFO - HTTP Request: POST http://localhost:8000/v1/chat/completions "HTTP/1.1 200 OK"
2026-08-17 11:05:53,691 - INFO - HTTP Request: POST http://localhost:8000/v1/chat/completions "HTTP/1.1 200 OK"
2026-08-17 11:06:03,618 - INFO - HTTP Request: POST http://localhost:8000/v1/chat/completions "HTTP/1.1 200 OK"

2026-08-17 11:06:06,018 - INFO - HTTP Request: POST http://localhost:8000/v1/chat/completions "HTTP/1.1 200 OK"

r0_cfg17:  86%|████████▌ | 43/50 [1:05:43<10:03, 86.18s/it]2026-08-17 11:06:08,197 - INFO - HTTP Request: POST http://localhost:8000/v1/chat/completions "HTTP/1.1 200 OK"

r0_cfg17:  88%|████████▊ | 44/50 [1:05:46<06:05, 60.98s/it]2026-08-17 11:06:12,539 - INFO - HTTP Request: POST http://localhost:8000/v1/chat/completions "HTTP/1.1 200 OK"
2026-08-17 11:06:27,491 - INFO - HTTP Request: POST http://localhost:8000/v1/chat/completions "HTTP/1.1 200 OK"

2026-08-17 11:06:27,926 - INFO - HTTP Request: POST http://localhost:8000/v1/chat/completions "HTTP/1.1 200 OK"
2026-08-17 11:06:28,368 - INFO - HTTP Request: POST http://localhost:8000/v1/chat/completions "HTTP/1.1 200 OK"
2026-08-17 11:06:31,083 - INFO - HTTP Request: POST http://localhost:8000/v1/chat/completions "HTTP/1.1 200 OK"
2026-08-17 11:06:41,866 - INFO - HTTP Request: POST http://localhost:8000/v1/chat/completions "HTTP/1.1 200 OK"

2026-08-17 11:06:42,960 - INFO - HTTP Request: POST http://localhost:8000/v1/chat/completions "HTTP/1.1 200 OK"

2026-08-17 11:06:42,961 - INFO - HTTP Request: POST http://localhost:8000/v1/chat/completions "HTTP/1.1 200 OK"

2026-08-17 11:06:52,300 - INFO - HTTP Request: POST http://localhost:8000/v1/chat/completions "HTTP/1.1 200 OK"
2026-08-17 11:07:05,022 - INFO - HTTP Request: POST http://localhost:8000/v1/chat/completions "HTTP/1.1 200 OK"

2026-08-17 11:07:06,768 - INFO - HTTP Request: POST http://localhost:8000/v1/chat/completions "HTTP/1.1 200 OK"
2026-08-17 11:07:08,728 - INFO - HTTP Request: POST http://localhost:8000/v1/chat/completions "HTTP/1.1 200 OK"
2026-08-17 11:07:10,036 - INFO - HTTP Request: POST http://localhost:8000/v1/chat/completions "HTTP/1.1 200 OK"
2026-08-17 11:07:19,954 - INFO - HTTP Request: POST http://localhost:8000/v1/chat/completions "HTTP/1.1 200 OK"

2026-08-17 11:07:23,012 - INFO - HTTP Request: POST http://localhost:8000/v1/chat/completions "HTTP/1.1 200 OK"

2026-08-17 11:07:23,447 - INFO - HTTP Request: POST http://localhost:8000/v1/chat/completions "HTTP/1.1 200 OK"

2026-08-17 11:07:25,404 - INFO - HTTP Request: POST http://localhost:8000/v1/chat/completions "HTTP/1.1 200 OK"
2026-08-17 11:07:36,004 - INFO - HTTP Request: POST http://localhost:8000/v1/chat/completions "HTTP/1.1 200 OK"

2026-08-17 11:07:40,134 - INFO - HTTP Request: POST http://localhost:8000/v1/chat/completions "HTTP/1.1 200 OK"
2026-08-17 11:07:48,069 - INFO - HTTP Request: POST http://localhost:8000/v1/chat/completions "HTTP/1.1 200 OK"
2026-08-17 11:07:48,789 - INFO - HTTP Request: POST http://localhost:8000/v1/chat/completions "HTTP/1.1 200 OK"
2026-08-17 11:07:51,876 - INFO - HTTP Request: POST http://localhost:8000/v1/chat/completions "HTTP/1.1 200 OK"

2026-08-17 11:08:01,024 - INFO - HTTP Request: POST http://localhost:8000/v1/chat/completions "HTTP/1.1 200 OK"

2026-08-17 11:08:03,425 - INFO - HTTP Request: POST http://localhost:8000/v1/chat/completions "HTTP/1.1 200 OK"

2026-08-17 11:08:05,606 - INFO - HTTP Request: POST http://localhost:8000/v1/chat/completions "HTTP/1.1 200 OK"
2026-08-17 11:08:20,069 - INFO - HTTP Request: POST http://localhost:8000/v1/chat/completions "HTTP/1.1 200 OK"

2026-08-17 11:08:20,938 - INFO - HTTP Request: POST http://localhost:8000/v1/chat/completions "HTTP/1.1 200 OK"
2026-08-17 11:08:25,607 - INFO - HTTP Request: POST http://localhost:8000/v1/chat/completions "HTTP/1.1 200 OK"
2026-08-17 11:08:28,319 - INFO - HTTP Request: POST http://localhost:8000/v1/chat/completions "HTTP/1.1 200 OK"
2026-08-17 11:08:32,681 - INFO - HTTP Request: POST http://localhost:8000/v1/chat/completions "HTTP/1.1 200 OK"

2026-08-17 11:08:38,343 - INFO - HTTP Request: POST http://localhost:8000/v1/chat/completions "HTTP/1.1 200 OK"

2026-08-17 11:08:40,310 - INFO - HTTP Request: POST http://localhost:8000/v1/chat/completions "HTTP/1.1 200 OK"

2026-08-17 11:08:40,970 - INFO - HTTP Request: POST http://localhost:8000/v1/chat/completions "HTTP/1.1 200 OK"
2026-08-17 11:08:53,095 - INFO - HTTP Request: POST http://localhost:8000/v1/chat/completions "HTTP/1.1 200 OK"
2026-08-17 11:08:53,100 - INFO - HTTP Request: POST http://localhost:8000/v1/chat/completions "HTTP/1.1 200 OK"

2026-08-17 11:08:58,857 - INFO - HTTP Request: POST http://localhost:8000/v1/chat/completions "HTTP/1.1 200 OK"
2026-08-17 11:09:01,138 - INFO - HTTP Request: POST http://localhost:8000/v1/chat/completions "HTTP/1.1 200 OK"
2026-08-17 11:09:09,868 - INFO - HTTP Request: POST http://localhost:8000/v1/chat/completions "HTTP/1.1 200 OK"

2026-08-17 11:09:11,178 - INFO - HTTP Request: POST http://localhost:8000/v1/chat/completions "HTTP/1.1 200 OK"

2026-08-17 11:09:16,620 - INFO - HTTP Request: POST http://localhost:8000/v1/chat/completions "HTTP/1.1 200 OK"

2026-08-17 11:09:23,140 - INFO - HTTP Request: POST http://localhost:8000/v1/chat/completions "HTTP/1.1 200 OK"
2026-08-17 11:09:37,664 - INFO - HTTP Request: POST http://localhost:8000/v1/chat/completions "HTTP/1.1 200 OK"

2026-08-17 11:09:39,412 - INFO - HTTP Request: POST http://localhost:8000/v1/chat/completions "HTTP/1.1 200 OK"
2026-08-17 11:09:40,605 - INFO - HTTP Request: POST http://localhost:8000/v1/chat/completions "HTTP/1.1 200 OK"
2026-08-17 11:09:46,371 - INFO - HTTP Request: POST http://localhost:8000/v1/chat/completions "HTTP/1.1 200 OK"
2026-08-17 11:09:54,659 - INFO - HTTP Request: POST http://localhost:8000/v1/chat/completions "HTTP/1.1 200 OK"

2026-08-17 11:09:55,975 - INFO - HTTP Request: POST http://localhost:8000/v1/chat/completions "HTTP/1.1 200 OK"

2026-08-17 11:09:59,242 - INFO - HTTP Request: POST http://localhost:8000/v1/chat/completions "HTTP/1.1 200 OK"

2026-08-17 11:10:11,195 - INFO - HTTP Request: POST http://localhost:8000/v1/chat/completions "HTTP/1.1 200 OK"
2026-08-17 11:10:16,357 - INFO - HTTP Request: POST http://localhost:8000/v1/chat/completions "HTTP/1.1 200 OK"
2026-08-17 11:10:19,951 - INFO - HTTP Request: POST http://localhost:8000/v1/chat/completions "HTTP/1.1 200 OK"
2026-08-17 11:10:23,882 - INFO - HTTP Request: POST http://localhost:8000/v1/chat/completions "HTTP/1.1 200 OK"

r0_cfg17:  90%|█████████ | 45/50 [1:10:01<09:56, 119.39s/it]2026-08-17 11:10:28,241 - INFO - HTTP Request: POST http://localhost:8000/v1/chat/completions "HTTP/1.1 200 OK"
2026-08-17 11:10:33,360 - INFO - HTTP Request: POST http://localhost:8000/v1/chat/completions "HTTP/1.1 200 OK"

2026-08-17 11:10:37,285 - INFO - HTTP Request: POST http://localhost:8000/v1/chat/completions "HTTP/1.1 200 OK"

2026-08-17 11:10:44,687 - INFO - HTTP Request: POST http://localhost:8000/v1/chat/completions "HTTP/1.1 200 OK"

r0_cfg17:  92%|█████████▏| 46/50 [1:10:22<05:59, 89.82s/it] 2026-08-17 11:10:46,210 - INFO - HTTP Request: POST http://localhost:8000/v1/chat/completions "HTTP/1.1 200 OK"
2026-08-17 11:10:56,976 - INFO - HTTP Request: POST http://localhost:8000/v1/chat/completions "HTTP/1.1 200 OK"

2026-08-17 11:11:02,847 - INFO - HTTP Request: POST http://localhost:8000/v1/chat/completions "HTTP/1.1 200 OK"
2026-08-17 11:11:07,086 - INFO - HTTP Request: POST http://localhost:8000/v1/chat/completions "HTTP/1.1 200 OK"
2026-08-17 11:11:07,303 - INFO - HTTP Request: POST http://localhost:8000/v1/chat/completions "HTTP/1.1 200 OK"
2026-08-17 11:11:16,783 - INFO - HTTP Request: POST http://localhost:8000/v1/chat/completions "HTTP/1.1 200 OK"

2026-08-17 11:11:19,189 - INFO - HTTP Request: POST http://localhost:8000/v1/chat/completions "HTTP/1.1 200 OK"

2026-08-17 11:11:23,976 - INFO - HTTP Request: POST http://localhost:8000/v1/chat/completions "HTTP/1.1 200 OK"
2026-08-17 11:11:25,227 - INFO - HTTP Request: POST http://localhost:8000/v1/chat/completions "HTTP/1.1 200 OK"

2026-08-17 11:11:38,072 - INFO - HTTP Request: POST http://localhost:8000/v1/chat/completions "HTTP/1.1 200 OK"

2026-08-17 11:11:45,679 - INFO - HTTP Request: POST http://localhost:8000/v1/chat/completions "HTTP/1.1 200 OK"
2026-08-17 11:11:49,921 - INFO - HTTP Request: POST http://localhost:8000/v1/chat/completions "HTTP/1.1 200 OK"
2026-08-17 11:11:58,961 - INFO - HTTP Request: POST http://localhost:8000/v1/chat/completions "HTTP/1.1 200 OK"
2026-08-17 11:12:00,055 - INFO - HTTP Request: POST http://localhost:8000/v1/chat/completions "HTTP/1.1 200 OK"

2026-08-17 11:12:03,326 - INFO - HTTP Request: POST http://localhost:8000/v1/chat/completions "HTTP/1.1 200 OK"
2026-08-17 11:12:06,757 - INFO - HTTP Request: POST http://localhost:8000/v1/chat/completions "HTTP/1.1 200 OK"

r0_cfg17:  94%|█████████▍| 47/50 [1:11:44<04:22, 87.49s/it]2026-08-17 11:12:13,722 - INFO - HTTP Request: POST http://localhost:8000/v1/chat/completions "HTTP/1.1 200 OK"

r0_cfg17:  96%|█████████▌| 48/50 [1:11:51<02:06, 63.33s/it]2026-08-17 11:12:15,027 - INFO - HTTP Request: POST http://localhost:8000/v1/chat/completions "HTTP/1.1 200 OK"

2026-08-17 11:12:24,603 - INFO - HTTP Request: POST http://localhost:8000/v1/chat/completions "HTTP/1.1 200 OK"
2026-08-17 11:12:36,041 - INFO - HTTP Request: POST http://localhost:8000/v1/chat/completions "HTTP/1.1 200 OK"

2026-08-17 11:12:38,680 - INFO - HTTP Request: POST http://localhost:8000/v1/chat/completions "HTTP/1.1 200 OK"
2026-08-17 11:12:50,981 - INFO - HTTP Request: POST http://localhost:8000/v1/chat/completions "HTTP/1.1 200 OK"

2026-08-17 11:12:59,696 - INFO - HTTP Request: POST http://localhost:8000/v1/chat/completions "HTTP/1.1 200 OK"
2026-08-17 11:13:10,693 - INFO - HTTP Request: POST http://localhost:8000/v1/chat/completions "HTTP/1.1 200 OK"
2026-08-17 11:13:12,196 - INFO - HTTP Request: POST http://localhost:8000/v1/chat/completions "HTTP/1.1 200 OK"

2026-08-17 11:13:19,843 - INFO - HTTP Request: POST http://localhost:8000/v1/chat/completions "HTTP/1.1 200 OK"

2026-08-17 11:13:31,585 - INFO - HTTP Request: POST http://localhost:8000/v1/chat/completions "HTTP/1.1 200 OK"
2026-08-17 11:13:41,718 - INFO - HTTP Request: POST http://localhost:8000/v1/chat/completions "HTTP/1.1 200 OK"

2026-08-17 11:13:48,258 - INFO - HTTP Request: POST http://localhost:8000/v1/chat/completions "HTTP/1.1 200 OK"
2026-08-17 11:14:02,735 - INFO - HTTP Request: POST http://localhost:8000/v1/chat/completions "HTTP/1.1 200 OK"

2026-08-17 11:14:10,144 - INFO - HTTP Request: POST http://localhost:8000/v1/chat/completions "HTTP/1.1 200 OK"
2026-08-17 11:14:20,492 - INFO - HTTP Request: POST http://localhost:8000/v1/chat/completions "HTTP/1.1 200 OK"

2026-08-17 11:14:22,479 - INFO - HTTP Request: POST http://localhost:8000/v1/chat/completions "HTTP/1.1 200 OK"
2026-08-17 11:14:35,928 - INFO - HTTP Request: POST http://localhost:8000/v1/chat/completions "HTTP/1.1 200 OK"

2026-08-17 11:14:40,302 - INFO - HTTP Request: POST http://localhost:8000/v1/chat/completions "HTTP/1.1 200 OK"
2026-08-17 11:14:55,872 - INFO - HTTP Request: POST http://localhost:8000/v1/chat/completions "HTTP/1.1 200 OK"

2026-08-17 11:15:04,798 - INFO - HTTP Request: POST http://localhost:8000/v1/chat/completions "HTTP/1.1 200 OK"
2026-08-17 11:15:15,641 - INFO - HTTP Request: POST http://localhost:8000/v1/chat/completions "HTTP/1.1 200 OK"

2026-08-17 11:15:24,786 - INFO - HTTP Request: POST http://localhost:8000/v1/chat/completions "HTTP/1.1 200 OK"
2026-08-17 11:15:38,611 - INFO - HTTP Request: POST http://localhost:8000/v1/chat/completions "HTTP/1.1 200 OK"

2026-08-17 11:15:47,969 - INFO - HTTP Request: POST http://localhost:8000/v1/chat/completions "HTTP/1.1 200 OK"
2026-08-17 11:16:00,551 - INFO - HTTP Request: POST http://localhost:8000/v1/chat/completions "HTTP/1.1 200 OK"

r0_cfg17:  98%|█████████▊| 49/50 [1:15:38<01:52, 112.38s/it]2026-08-17 11:16:02,615 - INFO - HTTP Request: POST http://localhost:8000/v1/chat/completions "HTTP/1.1 200 OK"
2026-08-17 11:16:05,360 - INFO - HTTP Request: POST http://localhost:8000/v1/chat/completions "HTTP/1.1 200 OK"

r0_cfg17: 100%|██████████| 50/50 [1:15:43<00:00, 80.11s/it] r0_cfg17: 100%|██████████| 50/50 [1:15:43<00:00, 90.87s/it]
  done in 4543.6s (valid 50/50, invalid {})

Scored 1 model/s.
Report:  /LAB/Swiss-Knife/tribunal/bayes_search_honesty/eval_results/round0/r0_cfg17/report/index.html
Tables:  /LAB/Swiss-Knife/tribunal/bayes_search_honesty/eval_results/round0/r0_cfg17/model_summary.csv, /LAB/Swiss-Knife/tribunal/bayes_search_honesty/eval_results/round0/r0_cfg17/summary.csv
