2026-08-17 14:45:05,533 - INFO - Judge client pointed at http://localhost:8005/v1
2026-08-17 14:45:08,897 - INFO - Loading Detoxify model (CPU)
2026-08-17 14:45:12,660 - INFO - HTTP Request: HEAD https://huggingface.co/bert-base-uncased/resolve/main/config.json "HTTP/1.1 200 OK"
Warning: You are sending unauthenticated requests to the HF Hub. Please set a HF_TOKEN to enable higher rate limits and faster downloads.
2026-08-17 14:45:12,661 - WARNING - Warning: You are sending unauthenticated requests to the HF Hub. Please set a HF_TOKEN to enable higher rate limits and faster downloads.
input:  /LAB/Swiss-Knife/tribunal/bayes_search_honesty/eval_results/round0/r0_cfg39/_tribunal_input_tmp (1 model file/s)
output: /LAB/Swiss-Knife/tribunal/bayes_search_honesty/eval_results/round0/r0_cfg39
judge:  Qwen/Qwen2.5-32B-Instruct @ http://localhost:8005/v1
detoxify cross-check: True
Loading weights:   0%|          | 0/201 [00:00<?, ?it/s]Loading weights: 100%|██████████| 201/201 [00:00<00:00, 32622.18it/s]
2026-08-17 14:45:12,988 - INFO - HTTP Request: HEAD https://huggingface.co/bert-base-uncased/resolve/main/tokenizer_config.json "HTTP/1.1 200 OK"
2026-08-17 14:45:13,221 - INFO - HTTP Request: GET https://huggingface.co/api/models/bert-base-uncased/tree/main/additional_chat_templates?recursive=false&expand=false "HTTP/1.1 307 Temporary Redirect"
2026-08-17 14:45:13,429 - INFO - HTTP Request: GET https://huggingface.co/api/models/google-bert/bert-base-uncased/tree/main/additional_chat_templates?recursive=false&expand=false "HTTP/1.1 404 Not Found"
2026-08-17 14:45:13,642 - INFO - HTTP Request: GET https://huggingface.co/api/models/bert-base-uncased/tree/main?recursive=true&expand=false "HTTP/1.1 307 Temporary Redirect"
2026-08-17 14:45:13,857 - INFO - HTTP Request: GET https://huggingface.co/api/models/google-bert/bert-base-uncased/tree/main?recursive=true&expand=false "HTTP/1.1 200 OK"

[1/1] r0_cfg39
  scoring 50 records (0 skipped or cached) [workers=4]
r0_cfg39:   0%|          | 0/50 [00:00<?, ?it/s]2026-08-17 14:45:35,861 - INFO - HTTP Request: POST http://localhost:8005/v1/chat/completions "HTTP/1.1 200 OK"
2026-08-17 14:45:36,079 - INFO - HTTP Request: POST http://localhost:8005/v1/chat/completions "HTTP/1.1 200 OK"
2026-08-17 14:45:36,080 - INFO - HTTP Request: POST http://localhost:8005/v1/chat/completions "HTTP/1.1 200 OK"
2026-08-17 14:45:36,661 - INFO - HTTP Request: POST http://localhost:8005/v1/chat/completions "HTTP/1.1 200 OK"
2026-08-17 14:45:46,033 - INFO - HTTP Request: POST http://localhost:8005/v1/chat/completions "HTTP/1.1 200 OK"

2026-08-17 14:45:48,929 - INFO - HTTP Request: POST http://localhost:8005/v1/chat/completions "HTTP/1.1 200 OK"

2026-08-17 14:45:50,887 - INFO - HTTP Request: POST http://localhost:8005/v1/chat/completions "HTTP/1.1 200 OK"

2026-08-17 14:45:51,975 - INFO - HTTP Request: POST http://localhost:8005/v1/chat/completions "HTTP/1.1 200 OK"

2026-08-17 14:46:12,127 - INFO - HTTP Request: POST http://localhost:8005/v1/chat/completions "HTTP/1.1 200 OK"
2026-08-17 14:46:15,392 - INFO - HTTP Request: POST http://localhost:8005/v1/chat/completions "HTTP/1.1 200 OK"
2026-08-17 14:46:17,663 - INFO - HTTP Request: POST http://localhost:8005/v1/chat/completions "HTTP/1.1 200 OK"
2026-08-17 14:46:19,119 - INFO - HTTP Request: POST http://localhost:8005/v1/chat/completions "HTTP/1.1 200 OK"
2026-08-17 14:46:25,322 - INFO - HTTP Request: POST http://localhost:8005/v1/chat/completions "HTTP/1.1 200 OK"

2026-08-17 14:46:29,292 - INFO - HTTP Request: POST http://localhost:8005/v1/chat/completions "HTTP/1.1 200 OK"

2026-08-17 14:46:29,948 - INFO - HTTP Request: POST http://localhost:8005/v1/chat/completions "HTTP/1.1 200 OK"

2026-08-17 14:46:33,424 - INFO - HTTP Request: POST http://localhost:8005/v1/chat/completions "HTTP/1.1 200 OK"

2026-08-17 14:46:49,690 - INFO - HTTP Request: POST http://localhost:8005/v1/chat/completions "HTTP/1.1 200 OK"
2026-08-17 14:46:54,041 - INFO - HTTP Request: POST http://localhost:8005/v1/chat/completions "HTTP/1.1 200 OK"
2026-08-17 14:46:55,010 - INFO - HTTP Request: POST http://localhost:8005/v1/chat/completions "HTTP/1.1 200 OK"
2026-08-17 14:46:57,720 - INFO - HTTP Request: POST http://localhost:8005/v1/chat/completions "HTTP/1.1 200 OK"
2026-08-17 14:47:04,911 - INFO - HTTP Request: POST http://localhost:8005/v1/chat/completions "HTTP/1.1 200 OK"

2026-08-17 14:47:08,229 - INFO - HTTP Request: POST http://localhost:8005/v1/chat/completions "HTTP/1.1 200 OK"

2026-08-17 14:47:09,110 - INFO - HTTP Request: POST http://localhost:8005/v1/chat/completions "HTTP/1.1 200 OK"

2026-08-17 14:47:10,423 - INFO - HTTP Request: POST http://localhost:8005/v1/chat/completions "HTTP/1.1 200 OK"

2026-08-17 14:47:28,435 - INFO - HTTP Request: POST http://localhost:8005/v1/chat/completions "HTTP/1.1 200 OK"
2026-08-17 14:47:32,783 - INFO - HTTP Request: POST http://localhost:8005/v1/chat/completions "HTTP/1.1 200 OK"
2026-08-17 14:47:33,869 - INFO - HTTP Request: POST http://localhost:8005/v1/chat/completions "HTTP/1.1 200 OK"
2026-08-17 14:47:35,825 - INFO - HTTP Request: POST http://localhost:8005/v1/chat/completions "HTTP/1.1 200 OK"
2026-08-17 14:47:42,359 - INFO - HTTP Request: POST http://localhost:8005/v1/chat/completions "HTTP/1.1 200 OK"

2026-08-17 14:47:46,117 - INFO - HTTP Request: POST http://localhost:8005/v1/chat/completions "HTTP/1.1 200 OK"

2026-08-17 14:47:47,218 - INFO - HTTP Request: POST http://localhost:8005/v1/chat/completions "HTTP/1.1 200 OK"

2026-08-17 14:47:48,746 - INFO - HTTP Request: POST http://localhost:8005/v1/chat/completions "HTTP/1.1 200 OK"

2026-08-17 14:48:01,764 - INFO - HTTP Request: POST http://localhost:8005/v1/chat/completions "HTTP/1.1 200 OK"
2026-08-17 14:48:06,332 - INFO - HTTP Request: POST http://localhost:8005/v1/chat/completions "HTTP/1.1 200 OK"
2026-08-17 14:48:07,422 - INFO - HTTP Request: POST http://localhost:8005/v1/chat/completions "HTTP/1.1 200 OK"
2026-08-17 14:48:09,752 - INFO - HTTP Request: POST http://localhost:8005/v1/chat/completions "HTTP/1.1 200 OK"
2026-08-17 14:48:15,962 - INFO - HTTP Request: POST http://localhost:8005/v1/chat/completions "HTTP/1.1 200 OK"

2026-08-17 14:48:18,863 - INFO - HTTP Request: POST http://localhost:8005/v1/chat/completions "HTTP/1.1 200 OK"

2026-08-17 14:48:18,864 - INFO - HTTP Request: POST http://localhost:8005/v1/chat/completions "HTTP/1.1 200 OK"

2026-08-17 14:48:20,176 - INFO - HTTP Request: POST http://localhost:8005/v1/chat/completions "HTTP/1.1 200 OK"

2026-08-17 14:48:44,699 - INFO - HTTP Request: POST http://localhost:8005/v1/chat/completions "HTTP/1.1 200 OK"
2026-08-17 14:48:47,969 - INFO - HTTP Request: POST http://localhost:8005/v1/chat/completions "HTTP/1.1 200 OK"
2026-08-17 14:48:47,970 - INFO - HTTP Request: POST http://localhost:8005/v1/chat/completions "HTTP/1.1 200 OK"
2026-08-17 14:48:49,954 - INFO - HTTP Request: POST http://localhost:8005/v1/chat/completions "HTTP/1.1 200 OK"
2026-08-17 14:48:58,774 - INFO - HTTP Request: POST http://localhost:8005/v1/chat/completions "HTTP/1.1 200 OK"

2026-08-17 14:49:01,025 - INFO - HTTP Request: POST http://localhost:8005/v1/chat/completions "HTTP/1.1 200 OK"

2026-08-17 14:49:03,204 - INFO - HTTP Request: POST http://localhost:8005/v1/chat/completions "HTTP/1.1 200 OK"

2026-08-17 14:49:04,729 - INFO - HTTP Request: POST http://localhost:8005/v1/chat/completions "HTTP/1.1 200 OK"

2026-08-17 14:49:18,836 - INFO - HTTP Request: POST http://localhost:8005/v1/chat/completions "HTTP/1.1 200 OK"
2026-08-17 14:49:21,528 - INFO - HTTP Request: POST http://localhost:8005/v1/chat/completions "HTTP/1.1 200 OK"
2026-08-17 14:49:24,026 - INFO - HTTP Request: POST http://localhost:8005/v1/chat/completions "HTTP/1.1 200 OK"
2026-08-17 14:49:25,928 - INFO - HTTP Request: POST http://localhost:8005/v1/chat/completions "HTTP/1.1 200 OK"
2026-08-17 14:49:31,482 - INFO - HTTP Request: POST http://localhost:8005/v1/chat/completions "HTTP/1.1 200 OK"

2026-08-17 14:49:34,458 - INFO - HTTP Request: POST http://localhost:8005/v1/chat/completions "HTTP/1.1 200 OK"

2026-08-17 14:49:36,856 - INFO - HTTP Request: POST http://localhost:8005/v1/chat/completions "HTTP/1.1 200 OK"

2026-08-17 14:49:45,555 - INFO - HTTP Request: POST http://localhost:8005/v1/chat/completions "HTTP/1.1 200 OK"

2026-08-17 14:50:00,754 - INFO - HTTP Request: POST http://localhost:8005/v1/chat/completions "HTTP/1.1 200 OK"
2026-08-17 14:50:04,108 - INFO - HTTP Request: POST http://localhost:8005/v1/chat/completions "HTTP/1.1 200 OK"
2026-08-17 14:50:06,876 - INFO - HTTP Request: POST http://localhost:8005/v1/chat/completions "HTTP/1.1 200 OK"
2026-08-17 14:50:14,607 - INFO - HTTP Request: POST http://localhost:8005/v1/chat/completions "HTTP/1.1 200 OK"

2026-08-17 14:50:15,616 - INFO - HTTP Request: POST http://localhost:8005/v1/chat/completions "HTTP/1.1 200 OK"

2026-08-17 14:50:16,051 - INFO - HTTP Request: POST http://localhost:8005/v1/chat/completions "HTTP/1.1 200 OK"
2026-08-17 14:50:20,953 - INFO - HTTP Request: POST http://localhost:8005/v1/chat/completions "HTTP/1.1 200 OK"

2026-08-17 14:50:27,918 - INFO - HTTP Request: POST http://localhost:8005/v1/chat/completions "HTTP/1.1 200 OK"

2026-08-17 14:50:46,161 - INFO - HTTP Request: POST http://localhost:8005/v1/chat/completions "HTTP/1.1 200 OK"
2026-08-17 14:50:48,862 - INFO - HTTP Request: POST http://localhost:8005/v1/chat/completions "HTTP/1.1 200 OK"
2026-08-17 14:50:53,310 - INFO - HTTP Request: POST http://localhost:8005/v1/chat/completions "HTTP/1.1 200 OK"
2026-08-17 14:51:01,170 - INFO - HTTP Request: POST http://localhost:8005/v1/chat/completions "HTTP/1.1 200 OK"

r0_cfg39:   2%|▏         | 1/50 [05:47<4:43:34, 347.24s/it]2026-08-17 14:51:02,044 - INFO - HTTP Request: POST http://localhost:8005/v1/chat/completions "HTTP/1.1 200 OK"

r0_cfg39:   4%|▍         | 2/50 [05:48<1:54:47, 143.50s/it]2026-08-17 14:51:02,479 - INFO - HTTP Request: POST http://localhost:8005/v1/chat/completions "HTTP/1.1 200 OK"
2026-08-17 14:51:05,612 - INFO - HTTP Request: POST http://localhost:8005/v1/chat/completions "HTTP/1.1 200 OK"

r0_cfg39:   6%|▌         | 3/50 [05:51<1:02:21, 79.60s/it] 2026-08-17 14:51:17,128 - INFO - HTTP Request: POST http://localhost:8005/v1/chat/completions "HTTP/1.1 200 OK"

r0_cfg39:   8%|▊         | 4/50 [06:03<40:25, 52.72s/it]  2026-08-17 14:51:23,420 - INFO - HTTP Request: POST http://localhost:8005/v1/chat/completions "HTTP/1.1 200 OK"
2026-08-17 14:51:24,611 - INFO - HTTP Request: POST http://localhost:8005/v1/chat/completions "HTTP/1.1 200 OK"
2026-08-17 14:51:27,972 - INFO - HTTP Request: POST http://localhost:8005/v1/chat/completions "HTTP/1.1 200 OK"
2026-08-17 14:51:35,914 - INFO - HTTP Request: POST http://localhost:8005/v1/chat/completions "HTTP/1.1 200 OK"

2026-08-17 14:51:37,007 - INFO - HTTP Request: POST http://localhost:8005/v1/chat/completions "HTTP/1.1 200 OK"

2026-08-17 14:51:37,662 - INFO - HTTP Request: POST http://localhost:8005/v1/chat/completions "HTTP/1.1 200 OK"

2026-08-17 14:51:40,047 - INFO - HTTP Request: POST http://localhost:8005/v1/chat/completions "HTTP/1.1 200 OK"
2026-08-17 14:51:57,745 - INFO - HTTP Request: POST http://localhost:8005/v1/chat/completions "HTTP/1.1 200 OK"

2026-08-17 14:52:02,304 - INFO - HTTP Request: POST http://localhost:8005/v1/chat/completions "HTTP/1.1 200 OK"
2026-08-17 14:52:03,710 - INFO - HTTP Request: POST http://localhost:8005/v1/chat/completions "HTTP/1.1 200 OK"
2026-08-17 14:52:04,687 - INFO - HTTP Request: POST http://localhost:8005/v1/chat/completions "HTTP/1.1 200 OK"
2026-08-17 14:52:17,860 - INFO - HTTP Request: POST http://localhost:8005/v1/chat/completions "HTTP/1.1 200 OK"

2026-08-17 14:52:17,861 - INFO - HTTP Request: POST http://localhost:8005/v1/chat/completions "HTTP/1.1 200 OK"

2026-08-17 14:52:18,078 - INFO - HTTP Request: POST http://localhost:8005/v1/chat/completions "HTTP/1.1 200 OK"

2026-08-17 14:52:24,813 - INFO - HTTP Request: POST http://localhost:8005/v1/chat/completions "HTTP/1.1 200 OK"
2026-08-17 14:52:34,911 - INFO - HTTP Request: POST http://localhost:8005/v1/chat/completions "HTTP/1.1 200 OK"

2026-08-17 14:52:42,509 - INFO - HTTP Request: POST http://localhost:8005/v1/chat/completions "HTTP/1.1 200 OK"
2026-08-17 14:52:42,510 - INFO - HTTP Request: POST http://localhost:8005/v1/chat/completions "HTTP/1.1 200 OK"
2026-08-17 14:52:42,725 - INFO - HTTP Request: POST http://localhost:8005/v1/chat/completions "HTTP/1.1 200 OK"
2026-08-17 14:52:54,616 - INFO - HTTP Request: POST http://localhost:8005/v1/chat/completions "HTTP/1.1 200 OK"

2026-08-17 14:52:55,715 - INFO - HTTP Request: POST http://localhost:8005/v1/chat/completions "HTTP/1.1 200 OK"

2026-08-17 14:52:55,932 - INFO - HTTP Request: POST http://localhost:8005/v1/chat/completions "HTTP/1.1 200 OK"

2026-08-17 14:53:00,278 - INFO - HTTP Request: POST http://localhost:8005/v1/chat/completions "HTTP/1.1 200 OK"
2026-08-17 14:53:14,718 - INFO - HTTP Request: POST http://localhost:8005/v1/chat/completions "HTTP/1.1 200 OK"

2026-08-17 14:53:19,067 - INFO - HTTP Request: POST http://localhost:8005/v1/chat/completions "HTTP/1.1 200 OK"
2026-08-17 14:53:20,254 - INFO - HTTP Request: POST http://localhost:8005/v1/chat/completions "HTTP/1.1 200 OK"
2026-08-17 14:53:20,953 - INFO - HTTP Request: POST http://localhost:8005/v1/chat/completions "HTTP/1.1 200 OK"
2026-08-17 14:53:32,211 - INFO - HTTP Request: POST http://localhost:8005/v1/chat/completions "HTTP/1.1 200 OK"

2026-08-17 14:53:33,092 - INFO - HTTP Request: POST http://localhost:8005/v1/chat/completions "HTTP/1.1 200 OK"

2026-08-17 14:53:33,527 - INFO - HTTP Request: POST http://localhost:8005/v1/chat/completions "HTTP/1.1 200 OK"

2026-08-17 14:53:39,615 - INFO - HTTP Request: POST http://localhost:8005/v1/chat/completions "HTTP/1.1 200 OK"
2026-08-17 14:53:51,007 - INFO - HTTP Request: POST http://localhost:8005/v1/chat/completions "HTTP/1.1 200 OK"

2026-08-17 14:53:52,318 - INFO - HTTP Request: POST http://localhost:8005/v1/chat/completions "HTTP/1.1 200 OK"
2026-08-17 14:53:53,506 - INFO - HTTP Request: POST http://localhost:8005/v1/chat/completions "HTTP/1.1 200 OK"
2026-08-17 14:53:54,238 - INFO - HTTP Request: POST http://localhost:8005/v1/chat/completions "HTTP/1.1 200 OK"
2026-08-17 14:54:01,547 - INFO - HTTP Request: POST http://localhost:8005/v1/chat/completions "HTTP/1.1 200 OK"

2026-08-17 14:54:05,900 - INFO - HTTP Request: POST http://localhost:8005/v1/chat/completions "HTTP/1.1 200 OK"

2026-08-17 14:54:06,334 - INFO - HTTP Request: POST http://localhost:8005/v1/chat/completions "HTTP/1.1 200 OK"

2026-08-17 14:54:11,765 - INFO - HTTP Request: POST http://localhost:8005/v1/chat/completions "HTTP/1.1 200 OK"
2026-08-17 14:54:23,164 - INFO - HTTP Request: POST http://localhost:8005/v1/chat/completions "HTTP/1.1 200 OK"

2026-08-17 14:54:30,544 - INFO - HTTP Request: POST http://localhost:8005/v1/chat/completions "HTTP/1.1 200 OK"
2026-08-17 14:54:35,207 - INFO - HTTP Request: POST http://localhost:8005/v1/chat/completions "HTTP/1.1 200 OK"
2026-08-17 14:54:35,942 - INFO - HTTP Request: POST http://localhost:8005/v1/chat/completions "HTTP/1.1 200 OK"
2026-08-17 14:54:40,845 - INFO - HTTP Request: POST http://localhost:8005/v1/chat/completions "HTTP/1.1 200 OK"

2026-08-17 14:54:50,424 - INFO - HTTP Request: POST http://localhost:8005/v1/chat/completions "HTTP/1.1 200 OK"

2026-08-17 14:54:51,079 - INFO - HTTP Request: POST http://localhost:8005/v1/chat/completions "HTTP/1.1 200 OK"

2026-08-17 14:54:52,817 - INFO - HTTP Request: POST http://localhost:8005/v1/chat/completions "HTTP/1.1 200 OK"
2026-08-17 14:55:01,172 - INFO - HTTP Request: POST http://localhost:8005/v1/chat/completions "HTTP/1.1 200 OK"
2026-08-17 14:55:06,063 - INFO - HTTP Request: POST http://localhost:8005/v1/chat/completions "HTTP/1.1 200 OK"

2026-08-17 14:55:11,064 - INFO - HTTP Request: POST http://localhost:8005/v1/chat/completions "HTTP/1.1 200 OK"
2026-08-17 14:55:12,036 - INFO - HTTP Request: POST http://localhost:8005/v1/chat/completions "HTTP/1.1 200 OK"
2026-08-17 14:55:19,105 - INFO - HTTP Request: POST http://localhost:8005/v1/chat/completions "HTTP/1.1 200 OK"

2026-08-17 14:55:25,856 - INFO - HTTP Request: POST http://localhost:8005/v1/chat/completions "HTTP/1.1 200 OK"

2026-08-17 14:55:26,074 - INFO - HTTP Request: POST http://localhost:8005/v1/chat/completions "HTTP/1.1 200 OK"

2026-08-17 14:55:26,729 - INFO - HTTP Request: POST http://localhost:8005/v1/chat/completions "HTTP/1.1 200 OK"
2026-08-17 14:55:43,136 - INFO - HTTP Request: POST http://localhost:8005/v1/chat/completions "HTTP/1.1 200 OK"

2026-08-17 14:55:48,566 - INFO - HTTP Request: POST http://localhost:8005/v1/chat/completions "HTTP/1.1 200 OK"
2026-08-17 14:55:55,631 - INFO - HTTP Request: POST http://localhost:8005/v1/chat/completions "HTTP/1.1 200 OK"
2026-08-17 14:55:55,849 - INFO - HTTP Request: POST http://localhost:8005/v1/chat/completions "HTTP/1.1 200 OK"
2026-08-17 14:56:04,552 - INFO - HTTP Request: POST http://localhost:8005/v1/chat/completions "HTTP/1.1 200 OK"

2026-08-17 14:56:07,175 - INFO - HTTP Request: POST http://localhost:8005/v1/chat/completions "HTTP/1.1 200 OK"

2026-08-17 14:56:10,664 - INFO - HTTP Request: POST http://localhost:8005/v1/chat/completions "HTTP/1.1 200 OK"

2026-08-17 14:56:13,279 - INFO - HTTP Request: POST http://localhost:8005/v1/chat/completions "HTTP/1.1 200 OK"
2026-08-17 14:56:26,856 - INFO - HTTP Request: POST http://localhost:8005/v1/chat/completions "HTTP/1.1 200 OK"

2026-08-17 14:56:35,983 - INFO - HTTP Request: POST http://localhost:8005/v1/chat/completions "HTTP/1.1 200 OK"
2026-08-17 14:56:40,434 - INFO - HTTP Request: POST http://localhost:8005/v1/chat/completions "HTTP/1.1 200 OK"
2026-08-17 14:56:44,370 - INFO - HTTP Request: POST http://localhost:8005/v1/chat/completions "HTTP/1.1 200 OK"
2026-08-17 14:56:52,540 - INFO - HTTP Request: POST http://localhost:8005/v1/chat/completions "HTTP/1.1 200 OK"

r0_cfg39:  10%|█         | 5/50 [11:38<1:55:59, 154.66s/it]2026-08-17 14:56:52,977 - INFO - HTTP Request: POST http://localhost:8005/v1/chat/completions "HTTP/1.1 200 OK"

r0_cfg39:  12%|█▏        | 6/50 [11:39<1:14:57, 102.22s/it]2026-08-17 14:57:01,026 - INFO - HTTP Request: POST http://localhost:8005/v1/chat/completions "HTTP/1.1 200 OK"
2026-08-17 14:57:02,433 - INFO - HTTP Request: POST http://localhost:8005/v1/chat/completions "HTTP/1.1 200 OK"

r0_cfg39:  14%|█▍        | 7/50 [11:48<51:31, 71.90s/it]   2026-08-17 14:57:14,387 - INFO - HTTP Request: POST http://localhost:8005/v1/chat/completions "HTTP/1.1 200 OK"

r0_cfg39:  16%|█▌        | 8/50 [12:00<36:58, 52.81s/it]2026-08-17 14:57:14,685 - INFO - HTTP Request: POST http://localhost:8005/v1/chat/completions "HTTP/1.1 200 OK"
2026-08-17 14:57:15,334 - INFO - HTTP Request: POST http://localhost:8005/v1/chat/completions "HTTP/1.1 200 OK"
2026-08-17 14:57:25,079 - INFO - HTTP Request: POST http://localhost:8005/v1/chat/completions "HTTP/1.1 200 OK"
2026-08-17 14:57:26,323 - INFO - HTTP Request: POST http://localhost:8005/v1/chat/completions "HTTP/1.1 200 OK"

2026-08-17 14:57:27,633 - INFO - HTTP Request: POST http://localhost:8005/v1/chat/completions "HTTP/1.1 200 OK"

2026-08-17 14:57:33,936 - INFO - HTTP Request: POST http://localhost:8005/v1/chat/completions "HTTP/1.1 200 OK"

2026-08-17 14:57:37,409 - INFO - HTTP Request: POST http://localhost:8005/v1/chat/completions "HTTP/1.1 200 OK"
2026-08-17 14:57:49,899 - INFO - HTTP Request: POST http://localhost:8005/v1/chat/completions "HTTP/1.1 200 OK"

2026-08-17 14:57:52,723 - INFO - HTTP Request: POST http://localhost:8005/v1/chat/completions "HTTP/1.1 200 OK"
2026-08-17 14:57:54,346 - INFO - HTTP Request: POST http://localhost:8005/v1/chat/completions "HTTP/1.1 200 OK"
2026-08-17 14:58:01,033 - INFO - HTTP Request: POST http://localhost:8005/v1/chat/completions "HTTP/1.1 200 OK"
2026-08-17 14:58:07,075 - INFO - HTTP Request: POST http://localhost:8005/v1/chat/completions "HTTP/1.1 200 OK"

2026-08-17 14:58:07,948 - INFO - HTTP Request: POST http://localhost:8005/v1/chat/completions "HTTP/1.1 200 OK"

2026-08-17 14:58:13,603 - INFO - HTTP Request: POST http://localhost:8005/v1/chat/completions "HTTP/1.1 200 OK"

2026-08-17 14:58:17,076 - INFO - HTTP Request: POST http://localhost:8005/v1/chat/completions "HTTP/1.1 200 OK"
2026-08-17 14:58:31,743 - INFO - HTTP Request: POST http://localhost:8005/v1/chat/completions "HTTP/1.1 200 OK"
2026-08-17 14:58:32,991 - INFO - HTTP Request: POST http://localhost:8005/v1/chat/completions "HTTP/1.1 200 OK"
2026-08-17 14:58:32,992 - INFO - HTTP Request: POST http://localhost:8005/v1/chat/completions "HTTP/1.1 200 OK"

2026-08-17 14:58:38,967 - INFO - HTTP Request: POST http://localhost:8005/v1/chat/completions "HTTP/1.1 200 OK"
2026-08-17 14:58:48,273 - INFO - HTTP Request: POST http://localhost:8005/v1/chat/completions "HTTP/1.1 200 OK"

2026-08-17 14:58:49,807 - INFO - HTTP Request: POST http://localhost:8005/v1/chat/completions "HTTP/1.1 200 OK"

2026-08-17 14:58:52,425 - INFO - HTTP Request: POST http://localhost:8005/v1/chat/completions "HTTP/1.1 200 OK"

2026-08-17 14:58:58,075 - INFO - HTTP Request: POST http://localhost:8005/v1/chat/completions "HTTP/1.1 200 OK"
2026-08-17 14:59:09,699 - INFO - HTTP Request: POST http://localhost:8005/v1/chat/completions "HTTP/1.1 200 OK"

2026-08-17 14:59:12,746 - INFO - HTTP Request: POST http://localhost:8005/v1/chat/completions "HTTP/1.1 200 OK"
2026-08-17 14:59:14,639 - INFO - HTTP Request: POST http://localhost:8005/v1/chat/completions "HTTP/1.1 200 OK"
2026-08-17 14:59:17,347 - INFO - HTTP Request: POST http://localhost:8005/v1/chat/completions "HTTP/1.1 200 OK"
2026-08-17 14:59:25,953 - INFO - HTTP Request: POST http://localhost:8005/v1/chat/completions "HTTP/1.1 200 OK"

2026-08-17 14:59:29,881 - INFO - HTTP Request: POST http://localhost:8005/v1/chat/completions "HTTP/1.1 200 OK"

2026-08-17 14:59:30,099 - INFO - HTTP Request: POST http://localhost:8005/v1/chat/completions "HTTP/1.1 200 OK"

2026-08-17 14:59:34,885 - INFO - HTTP Request: POST http://localhost:8005/v1/chat/completions "HTTP/1.1 200 OK"
2026-08-17 14:59:46,068 - INFO - HTTP Request: POST http://localhost:8005/v1/chat/completions "HTTP/1.1 200 OK"
2026-08-17 14:59:47,751 - INFO - HTTP Request: POST http://localhost:8005/v1/chat/completions "HTTP/1.1 200 OK"

2026-08-17 14:59:50,368 - INFO - HTTP Request: POST http://localhost:8005/v1/chat/completions "HTTP/1.1 200 OK"
2026-08-17 14:59:50,586 - INFO - HTTP Request: POST http://localhost:8005/v1/chat/completions "HTTP/1.1 200 OK"
2026-08-17 14:59:58,027 - INFO - HTTP Request: POST http://localhost:8005/v1/chat/completions "HTTP/1.1 200 OK"

2026-08-17 14:59:59,336 - INFO - HTTP Request: POST http://localhost:8005/v1/chat/completions "HTTP/1.1 200 OK"

2026-08-17 15:00:01,948 - INFO - HTTP Request: POST http://localhost:8005/v1/chat/completions "HTTP/1.1 200 OK"

2026-08-17 15:00:08,244 - INFO - HTTP Request: POST http://localhost:8005/v1/chat/completions "HTTP/1.1 200 OK"
2026-08-17 15:00:21,173 - INFO - HTTP Request: POST http://localhost:8005/v1/chat/completions "HTTP/1.1 200 OK"

2026-08-17 15:00:27,035 - INFO - HTTP Request: POST http://localhost:8005/v1/chat/completions "HTTP/1.1 200 OK"
2026-08-17 15:00:28,712 - INFO - HTTP Request: POST http://localhost:8005/v1/chat/completions "HTTP/1.1 200 OK"
2026-08-17 15:00:31,640 - INFO - HTTP Request: POST http://localhost:8005/v1/chat/completions "HTTP/1.1 200 OK"
2026-08-17 15:00:40,241 - INFO - HTTP Request: POST http://localhost:8005/v1/chat/completions "HTTP/1.1 200 OK"

2026-08-17 15:00:41,551 - INFO - HTTP Request: POST http://localhost:8005/v1/chat/completions "HTTP/1.1 200 OK"

2026-08-17 15:00:42,858 - INFO - HTTP Request: POST http://localhost:8005/v1/chat/completions "HTTP/1.1 200 OK"

2026-08-17 15:00:50,891 - INFO - HTTP Request: POST http://localhost:8005/v1/chat/completions "HTTP/1.1 200 OK"
2026-08-17 15:01:00,557 - INFO - HTTP Request: POST http://localhost:8005/v1/chat/completions "HTTP/1.1 200 OK"
2026-08-17 15:01:02,182 - INFO - HTTP Request: POST http://localhost:8005/v1/chat/completions "HTTP/1.1 200 OK"
2026-08-17 15:01:03,869 - INFO - HTTP Request: POST http://localhost:8005/v1/chat/completions "HTTP/1.1 200 OK"
2026-08-17 15:01:06,645 - INFO - HTTP Request: POST http://localhost:8005/v1/chat/completions "HTTP/1.1 200 OK"

2026-08-17 15:01:13,185 - INFO - HTTP Request: POST http://localhost:8005/v1/chat/completions "HTTP/1.1 200 OK"

2026-08-17 15:01:13,620 - INFO - HTTP Request: POST http://localhost:8005/v1/chat/completions "HTTP/1.1 200 OK"

2026-08-17 15:01:18,629 - INFO - HTTP Request: POST http://localhost:8005/v1/chat/completions "HTTP/1.1 200 OK"

2026-08-17 15:01:26,665 - INFO - HTTP Request: POST http://localhost:8005/v1/chat/completions "HTTP/1.1 200 OK"
2026-08-17 15:01:38,732 - INFO - HTTP Request: POST http://localhost:8005/v1/chat/completions "HTTP/1.1 200 OK"

2026-08-17 15:01:42,643 - INFO - HTTP Request: POST http://localhost:8005/v1/chat/completions "HTTP/1.1 200 OK"
2026-08-17 15:01:43,374 - INFO - HTTP Request: POST http://localhost:8005/v1/chat/completions "HTTP/1.1 200 OK"
2026-08-17 15:01:48,770 - INFO - HTTP Request: POST http://localhost:8005/v1/chat/completions "HTTP/1.1 200 OK"
2026-08-17 15:01:54,381 - INFO - HTTP Request: POST http://localhost:8005/v1/chat/completions "HTTP/1.1 200 OK"

2026-08-17 15:01:56,569 - INFO - HTTP Request: POST http://localhost:8005/v1/chat/completions "HTTP/1.1 200 OK"

2026-08-17 15:02:02,451 - INFO - HTTP Request: POST http://localhost:8005/v1/chat/completions "HTTP/1.1 200 OK"

2026-08-17 15:02:08,974 - INFO - HTTP Request: POST http://localhost:8005/v1/chat/completions "HTTP/1.1 200 OK"
2026-08-17 15:02:21,041 - INFO - HTTP Request: POST http://localhost:8005/v1/chat/completions "HTTP/1.1 200 OK"

2026-08-17 15:02:27,344 - INFO - HTTP Request: POST http://localhost:8005/v1/chat/completions "HTTP/1.1 200 OK"
2026-08-17 15:02:29,621 - INFO - HTTP Request: POST http://localhost:8005/v1/chat/completions "HTTP/1.1 200 OK"
2026-08-17 15:02:34,787 - INFO - HTTP Request: POST http://localhost:8005/v1/chat/completions "HTTP/1.1 200 OK"
2026-08-17 15:02:39,743 - INFO - HTTP Request: POST http://localhost:8005/v1/chat/completions "HTTP/1.1 200 OK"

r0_cfg39:  18%|█▊        | 9/50 [17:25<1:34:18, 138.01s/it]2026-08-17 15:02:43,885 - INFO - HTTP Request: POST http://localhost:8005/v1/chat/completions "HTTP/1.1 200 OK"

r0_cfg39:  20%|██        | 10/50 [17:29<1:04:27, 96.69s/it]2026-08-17 15:02:48,679 - INFO - HTTP Request: POST http://localhost:8005/v1/chat/completions "HTTP/1.1 200 OK"

r0_cfg39:  22%|██▏       | 11/50 [17:34<44:33, 68.56s/it]  2026-08-17 15:02:55,185 - INFO - HTTP Request: POST http://localhost:8005/v1/chat/completions "HTTP/1.1 200 OK"
2026-08-17 15:03:02,031 - INFO - HTTP Request: POST http://localhost:8005/v1/chat/completions "HTTP/1.1 200 OK"
2026-08-17 15:03:05,612 - INFO - HTTP Request: POST http://localhost:8005/v1/chat/completions "HTTP/1.1 200 OK"

r0_cfg39:  24%|██▍       | 12/50 [17:51<33:28, 52.86s/it]2026-08-17 15:03:06,264 - INFO - HTTP Request: POST http://localhost:8005/v1/chat/completions "HTTP/1.1 200 OK"
2026-08-17 15:03:11,587 - INFO - HTTP Request: POST http://localhost:8005/v1/chat/completions "HTTP/1.1 200 OK"
2026-08-17 15:03:14,358 - INFO - HTTP Request: POST http://localhost:8005/v1/chat/completions "HTTP/1.1 200 OK"

2026-08-17 15:03:20,453 - INFO - HTTP Request: POST http://localhost:8005/v1/chat/completions "HTTP/1.1 200 OK"

2026-08-17 15:03:21,326 - INFO - HTTP Request: POST http://localhost:8005/v1/chat/completions "HTTP/1.1 200 OK"

2026-08-17 15:03:28,267 - INFO - HTTP Request: POST http://localhost:8005/v1/chat/completions "HTTP/1.1 200 OK"
2026-08-17 15:03:40,579 - INFO - HTTP Request: POST http://localhost:8005/v1/chat/completions "HTTP/1.1 200 OK"
2026-08-17 15:03:43,730 - INFO - HTTP Request: POST http://localhost:8005/v1/chat/completions "HTTP/1.1 200 OK"

2026-08-17 15:03:46,988 - INFO - HTTP Request: POST http://localhost:8005/v1/chat/completions "HTTP/1.1 200 OK"
2026-08-17 15:03:48,181 - INFO - HTTP Request: POST http://localhost:8005/v1/chat/completions "HTTP/1.1 200 OK"
2026-08-17 15:03:50,737 - INFO - HTTP Request: POST http://localhost:8005/v1/chat/completions "HTTP/1.1 200 OK"

2026-08-17 15:04:01,404 - INFO - HTTP Request: POST http://localhost:8005/v1/chat/completions "HTTP/1.1 200 OK"

2026-08-17 15:04:02,060 - INFO - HTTP Request: POST http://localhost:8005/v1/chat/completions "HTTP/1.1 200 OK"

2026-08-17 15:04:10,524 - INFO - HTTP Request: POST http://localhost:8005/v1/chat/completions "HTTP/1.1 200 OK"
2026-08-17 15:04:15,232 - INFO - HTTP Request: POST http://localhost:8005/v1/chat/completions "HTTP/1.1 200 OK"
2026-08-17 15:04:21,423 - INFO - HTTP Request: POST http://localhost:8005/v1/chat/completions "HTTP/1.1 200 OK"

2026-08-17 15:04:26,209 - INFO - HTTP Request: POST http://localhost:8005/v1/chat/completions "HTTP/1.1 200 OK"

2026-08-17 15:04:26,210 - INFO - HTTP Request: POST http://localhost:8005/v1/chat/completions "HTTP/1.1 200 OK"
2026-08-17 15:04:27,237 - INFO - HTTP Request: POST http://localhost:8005/v1/chat/completions "HTTP/1.1 200 OK"
2026-08-17 15:04:40,173 - INFO - HTTP Request: POST http://localhost:8005/v1/chat/completions "HTTP/1.1 200 OK"

2026-08-17 15:04:40,391 - INFO - HTTP Request: POST http://localhost:8005/v1/chat/completions "HTTP/1.1 200 OK"

2026-08-17 15:04:46,475 - INFO - HTTP Request: POST http://localhost:8005/v1/chat/completions "HTTP/1.1 200 OK"
2026-08-17 15:04:50,530 - INFO - HTTP Request: POST http://localhost:8005/v1/chat/completions "HTTP/1.1 200 OK"
2026-08-17 15:04:56,838 - INFO - HTTP Request: POST http://localhost:8005/v1/chat/completions "HTTP/1.1 200 OK"

2026-08-17 15:05:03,147 - INFO - HTTP Request: POST http://localhost:8005/v1/chat/completions "HTTP/1.1 200 OK"

2026-08-17 15:05:04,892 - INFO - HTTP Request: POST http://localhost:8005/v1/chat/completions "HTTP/1.1 200 OK"
2026-08-17 15:05:04,893 - INFO - HTTP Request: POST http://localhost:8005/v1/chat/completions "HTTP/1.1 200 OK"
2026-08-17 15:05:17,977 - INFO - HTTP Request: POST http://localhost:8005/v1/chat/completions "HTTP/1.1 200 OK"

2026-08-17 15:05:17,978 - INFO - HTTP Request: POST http://localhost:8005/v1/chat/completions "HTTP/1.1 200 OK"

2026-08-17 15:05:21,674 - INFO - HTTP Request: POST http://localhost:8005/v1/chat/completions "HTTP/1.1 200 OK"
2026-08-17 15:05:23,772 - INFO - HTTP Request: POST http://localhost:8005/v1/chat/completions "HTTP/1.1 200 OK"
2026-08-17 15:05:33,878 - INFO - HTTP Request: POST http://localhost:8005/v1/chat/completions "HTTP/1.1 200 OK"

2026-08-17 15:05:38,233 - INFO - HTTP Request: POST http://localhost:8005/v1/chat/completions "HTTP/1.1 200 OK"
2026-08-17 15:05:38,235 - INFO - HTTP Request: POST http://localhost:8005/v1/chat/completions "HTTP/1.1 200 OK"
2026-08-17 15:05:39,574 - INFO - HTTP Request: POST http://localhost:8005/v1/chat/completions "HTTP/1.1 200 OK"

2026-08-17 15:05:51,106 - INFO - HTTP Request: POST http://localhost:8005/v1/chat/completions "HTTP/1.1 200 OK"

2026-08-17 15:05:52,197 - INFO - HTTP Request: POST http://localhost:8005/v1/chat/completions "HTTP/1.1 200 OK"

2026-08-17 15:05:54,368 - INFO - HTTP Request: POST http://localhost:8005/v1/chat/completions "HTTP/1.1 200 OK"
2026-08-17 15:06:06,898 - INFO - HTTP Request: POST http://localhost:8005/v1/chat/completions "HTTP/1.1 200 OK"

2026-08-17 15:06:08,417 - INFO - HTTP Request: POST http://localhost:8005/v1/chat/completions "HTTP/1.1 200 OK"
2026-08-17 15:06:20,253 - INFO - HTTP Request: POST http://localhost:8005/v1/chat/completions "HTTP/1.1 200 OK"
2026-08-17 15:06:20,473 - INFO - HTTP Request: POST http://localhost:8005/v1/chat/completions "HTTP/1.1 200 OK"

2026-08-17 15:06:21,717 - INFO - HTTP Request: POST http://localhost:8005/v1/chat/completions "HTTP/1.1 200 OK"
2026-08-17 15:06:34,010 - INFO - HTTP Request: POST http://localhost:8005/v1/chat/completions "HTTP/1.1 200 OK"

2026-08-17 15:06:35,535 - INFO - HTTP Request: POST http://localhost:8005/v1/chat/completions "HTTP/1.1 200 OK"

2026-08-17 15:06:36,623 - INFO - HTTP Request: POST http://localhost:8005/v1/chat/completions "HTTP/1.1 200 OK"
2026-08-17 15:06:41,328 - INFO - HTTP Request: POST http://localhost:8005/v1/chat/completions "HTTP/1.1 200 OK"
2026-08-17 15:06:50,131 - INFO - HTTP Request: POST http://localhost:8005/v1/chat/completions "HTTP/1.1 200 OK"

2026-08-17 15:06:54,482 - INFO - HTTP Request: POST http://localhost:8005/v1/chat/completions "HTTP/1.1 200 OK"
2026-08-17 15:06:54,699 - INFO - HTTP Request: POST http://localhost:8005/v1/chat/completions "HTTP/1.1 200 OK"

2026-08-17 15:06:56,325 - INFO - HTTP Request: POST http://localhost:8005/v1/chat/completions "HTTP/1.1 200 OK"
2026-08-17 15:07:09,547 - INFO - HTTP Request: POST http://localhost:8005/v1/chat/completions "HTTP/1.1 200 OK"

2026-08-17 15:07:10,855 - INFO - HTTP Request: POST http://localhost:8005/v1/chat/completions "HTTP/1.1 200 OK"
2026-08-17 15:07:14,050 - INFO - HTTP Request: POST http://localhost:8005/v1/chat/completions "HTTP/1.1 200 OK"

2026-08-17 15:07:24,701 - INFO - HTTP Request: POST http://localhost:8005/v1/chat/completions "HTTP/1.1 200 OK"

2026-08-17 15:07:24,702 - INFO - HTTP Request: POST http://localhost:8005/v1/chat/completions "HTTP/1.1 200 OK"
2026-08-17 15:07:35,672 - INFO - HTTP Request: POST http://localhost:8005/v1/chat/completions "HTTP/1.1 200 OK"

2026-08-17 15:07:39,154 - INFO - HTTP Request: POST http://localhost:8005/v1/chat/completions "HTTP/1.1 200 OK"
2026-08-17 15:07:43,825 - INFO - HTTP Request: POST http://localhost:8005/v1/chat/completions "HTTP/1.1 200 OK"
2026-08-17 15:07:52,045 - INFO - HTTP Request: POST http://localhost:8005/v1/chat/completions "HTTP/1.1 200 OK"

2026-08-17 15:07:54,883 - INFO - HTTP Request: POST http://localhost:8005/v1/chat/completions "HTTP/1.1 200 OK"
2026-08-17 15:07:58,293 - INFO - HTTP Request: POST http://localhost:8005/v1/chat/completions "HTTP/1.1 200 OK"

2026-08-17 15:08:06,558 - INFO - HTTP Request: POST http://localhost:8005/v1/chat/completions "HTTP/1.1 200 OK"

2026-08-17 15:08:09,172 - INFO - HTTP Request: POST http://localhost:8005/v1/chat/completions "HTTP/1.1 200 OK"
2026-08-17 15:08:21,233 - INFO - HTTP Request: POST http://localhost:8005/v1/chat/completions "HTTP/1.1 200 OK"

r0_cfg39:  26%|██▌       | 13/50 [23:07<1:21:40, 132.46s/it]2026-08-17 15:08:23,843 - INFO - HTTP Request: POST http://localhost:8005/v1/chat/completions "HTTP/1.1 200 OK"
2026-08-17 15:08:31,988 - INFO - HTTP Request: POST http://localhost:8005/v1/chat/completions "HTTP/1.1 200 OK"
2026-08-17 15:08:36,939 - INFO - HTTP Request: POST http://localhost:8005/v1/chat/completions "HTTP/1.1 200 OK"

r0_cfg39:  28%|██▊       | 14/50 [23:23<58:18, 97.19s/it]   2026-08-17 15:08:38,899 - INFO - HTTP Request: POST http://localhost:8005/v1/chat/completions "HTTP/1.1 200 OK"
2026-08-17 15:08:44,051 - INFO - HTTP Request: POST http://localhost:8005/v1/chat/completions "HTTP/1.1 200 OK"
2026-08-17 15:08:44,268 - INFO - HTTP Request: POST http://localhost:8005/v1/chat/completions "HTTP/1.1 200 OK"

r0_cfg39:  30%|███       | 15/50 [23:30<40:53, 70.10s/it]2026-08-17 15:08:53,542 - INFO - HTTP Request: POST http://localhost:8005/v1/chat/completions "HTTP/1.1 200 OK"

r0_cfg39:  32%|███▏      | 16/50 [23:39<29:20, 51.79s/it]2026-08-17 15:08:55,715 - INFO - HTTP Request: POST http://localhost:8005/v1/chat/completions "HTTP/1.1 200 OK"

2026-08-17 15:08:59,186 - INFO - HTTP Request: POST http://localhost:8005/v1/chat/completions "HTTP/1.1 200 OK"
2026-08-17 15:09:06,463 - INFO - HTTP Request: POST http://localhost:8005/v1/chat/completions "HTTP/1.1 200 OK"
2026-08-17 15:09:13,524 - INFO - HTTP Request: POST http://localhost:8005/v1/chat/completions "HTTP/1.1 200 OK"

2026-08-17 15:09:16,134 - INFO - HTTP Request: POST http://localhost:8005/v1/chat/completions "HTTP/1.1 200 OK"
2026-08-17 15:09:22,108 - INFO - HTTP Request: POST http://localhost:8005/v1/chat/completions "HTTP/1.1 200 OK"

2026-08-17 15:09:22,763 - INFO - HTTP Request: POST http://localhost:8005/v1/chat/completions "HTTP/1.1 200 OK"
2026-08-17 15:09:28,995 - INFO - HTTP Request: POST http://localhost:8005/v1/chat/completions "HTTP/1.1 200 OK"

2026-08-17 15:09:34,643 - INFO - HTTP Request: POST http://localhost:8005/v1/chat/completions "HTTP/1.1 200 OK"

2026-08-17 15:09:40,071 - INFO - HTTP Request: POST http://localhost:8005/v1/chat/completions "HTTP/1.1 200 OK"
2026-08-17 15:09:48,700 - INFO - HTTP Request: POST http://localhost:8005/v1/chat/completions "HTTP/1.1 200 OK"
2026-08-17 15:09:51,847 - INFO - HTTP Request: POST http://localhost:8005/v1/chat/completions "HTTP/1.1 200 OK"

2026-08-17 15:09:55,763 - INFO - HTTP Request: POST http://localhost:8005/v1/chat/completions "HTTP/1.1 200 OK"
2026-08-17 15:10:00,000 - INFO - HTTP Request: POST http://localhost:8005/v1/chat/completions "HTTP/1.1 200 OK"
2026-08-17 15:10:01,449 - INFO - HTTP Request: POST http://localhost:8005/v1/chat/completions "HTTP/1.1 200 OK"

2026-08-17 15:10:06,238 - INFO - HTTP Request: POST http://localhost:8005/v1/chat/completions "HTTP/1.1 200 OK"

2026-08-17 15:10:08,629 - INFO - HTTP Request: POST http://localhost:8005/v1/chat/completions "HTTP/1.1 200 OK"

2026-08-17 15:10:16,667 - INFO - HTTP Request: POST http://localhost:8005/v1/chat/completions "HTTP/1.1 200 OK"
2026-08-17 15:10:26,168 - INFO - HTTP Request: POST http://localhost:8005/v1/chat/completions "HTTP/1.1 200 OK"
2026-08-17 15:10:28,880 - INFO - HTTP Request: POST http://localhost:8005/v1/chat/completions "HTTP/1.1 200 OK"

2026-08-17 15:10:31,281 - INFO - HTTP Request: POST http://localhost:8005/v1/chat/completions "HTTP/1.1 200 OK"
2026-08-17 15:10:33,122 - INFO - HTTP Request: POST http://localhost:8005/v1/chat/completions "HTTP/1.1 200 OK"
2026-08-17 15:10:41,107 - INFO - HTTP Request: POST http://localhost:8005/v1/chat/completions "HTTP/1.1 200 OK"

2026-08-17 15:10:44,598 - INFO - HTTP Request: POST http://localhost:8005/v1/chat/completions "HTTP/1.1 200 OK"

2026-08-17 15:10:44,599 - INFO - HTTP Request: POST http://localhost:8005/v1/chat/completions "HTTP/1.1 200 OK"

2026-08-17 15:10:53,279 - INFO - HTTP Request: POST http://localhost:8005/v1/chat/completions "HTTP/1.1 200 OK"
2026-08-17 15:11:04,688 - INFO - HTTP Request: POST http://localhost:8005/v1/chat/completions "HTTP/1.1 200 OK"
2026-08-17 15:11:05,484 - INFO - HTTP Request: POST http://localhost:8005/v1/chat/completions "HTTP/1.1 200 OK"
2026-08-17 15:11:06,450 - INFO - HTTP Request: POST http://localhost:8005/v1/chat/completions "HTTP/1.1 200 OK"

2026-08-17 15:11:08,850 - INFO - HTTP Request: POST http://localhost:8005/v1/chat/completions "HTTP/1.1 200 OK"
2026-08-17 15:11:14,179 - INFO - HTTP Request: POST http://localhost:8005/v1/chat/completions "HTTP/1.1 200 OK"

2026-08-17 15:11:18,534 - INFO - HTTP Request: POST http://localhost:8005/v1/chat/completions "HTTP/1.1 200 OK"

2026-08-17 15:11:20,935 - INFO - HTTP Request: POST http://localhost:8005/v1/chat/completions "HTTP/1.1 200 OK"

2026-08-17 15:11:26,146 - INFO - HTTP Request: POST http://localhost:8005/v1/chat/completions "HTTP/1.1 200 OK"
2026-08-17 15:11:38,322 - INFO - HTTP Request: POST http://localhost:8005/v1/chat/completions "HTTP/1.1 200 OK"

2026-08-17 15:11:38,756 - INFO - HTTP Request: POST http://localhost:8005/v1/chat/completions "HTTP/1.1 200 OK"
2026-08-17 15:11:41,461 - INFO - HTTP Request: POST http://localhost:8005/v1/chat/completions "HTTP/1.1 200 OK"
2026-08-17 15:11:43,959 - INFO - HTTP Request: POST http://localhost:8005/v1/chat/completions "HTTP/1.1 200 OK"
2026-08-17 15:11:49,334 - INFO - HTTP Request: POST http://localhost:8005/v1/chat/completions "HTTP/1.1 200 OK"

2026-08-17 15:11:52,165 - INFO - HTTP Request: POST http://localhost:8005/v1/chat/completions "HTTP/1.1 200 OK"

2026-08-17 15:11:54,342 - INFO - HTTP Request: POST http://localhost:8005/v1/chat/completions "HTTP/1.1 200 OK"

2026-08-17 15:12:07,802 - INFO - HTTP Request: POST http://localhost:8005/v1/chat/completions "HTTP/1.1 200 OK"
2026-08-17 15:12:12,470 - INFO - HTTP Request: POST http://localhost:8005/v1/chat/completions "HTTP/1.1 200 OK"
2026-08-17 15:12:18,492 - INFO - HTTP Request: POST http://localhost:8005/v1/chat/completions "HTTP/1.1 200 OK"
2026-08-17 15:12:23,818 - INFO - HTTP Request: POST http://localhost:8005/v1/chat/completions "HTTP/1.1 200 OK"

2026-08-17 15:12:23,818 - INFO - HTTP Request: POST http://localhost:8005/v1/chat/completions "HTTP/1.1 200 OK"
2026-08-17 15:12:27,840 - INFO - HTTP Request: POST http://localhost:8005/v1/chat/completions "HTTP/1.1 200 OK"

2026-08-17 15:12:33,283 - INFO - HTTP Request: POST http://localhost:8005/v1/chat/completions "HTTP/1.1 200 OK"

2026-08-17 15:12:37,200 - INFO - HTTP Request: POST http://localhost:8005/v1/chat/completions "HTTP/1.1 200 OK"

2026-08-17 15:12:44,148 - INFO - HTTP Request: POST http://localhost:8005/v1/chat/completions "HTTP/1.1 200 OK"
2026-08-17 15:12:53,654 - INFO - HTTP Request: POST http://localhost:8005/v1/chat/completions "HTTP/1.1 200 OK"
2026-08-17 15:12:57,679 - INFO - HTTP Request: POST http://localhost:8005/v1/chat/completions "HTTP/1.1 200 OK"
2026-08-17 15:12:57,895 - INFO - HTTP Request: POST http://localhost:8005/v1/chat/completions "HTTP/1.1 200 OK"
2026-08-17 15:12:59,232 - INFO - HTTP Request: POST http://localhost:8005/v1/chat/completions "HTTP/1.1 200 OK"

2026-08-17 15:13:07,953 - INFO - HTTP Request: POST http://localhost:8005/v1/chat/completions "HTTP/1.1 200 OK"

2026-08-17 15:13:09,045 - INFO - HTTP Request: POST http://localhost:8005/v1/chat/completions "HTTP/1.1 200 OK"

2026-08-17 15:13:10,577 - INFO - HTTP Request: POST http://localhost:8005/v1/chat/completions "HTTP/1.1 200 OK"

2026-08-17 15:13:28,382 - INFO - HTTP Request: POST http://localhost:8005/v1/chat/completions "HTTP/1.1 200 OK"
2026-08-17 15:13:37,457 - INFO - HTTP Request: POST http://localhost:8005/v1/chat/completions "HTTP/1.1 200 OK"
2026-08-17 15:13:39,517 - INFO - HTTP Request: POST http://localhost:8005/v1/chat/completions "HTTP/1.1 200 OK"

2026-08-17 15:13:40,397 - INFO - HTTP Request: POST http://localhost:8005/v1/chat/completions "HTTP/1.1 200 OK"
2026-08-17 15:13:43,110 - INFO - HTTP Request: POST http://localhost:8005/v1/chat/completions "HTTP/1.1 200 OK"
2026-08-17 15:13:51,539 - INFO - HTTP Request: POST http://localhost:8005/v1/chat/completions "HTTP/1.1 200 OK"

2026-08-17 15:13:51,974 - INFO - HTTP Request: POST http://localhost:8005/v1/chat/completions "HTTP/1.1 200 OK"

r0_cfg39:  34%|███▍      | 17/50 [28:38<1:09:16, 125.96s/it]2026-08-17 15:13:55,682 - INFO - HTTP Request: POST http://localhost:8005/v1/chat/completions "HTTP/1.1 200 OK"

2026-08-17 15:14:11,109 - INFO - HTTP Request: POST http://localhost:8005/v1/chat/completions "HTTP/1.1 200 OK"
2026-08-17 15:14:14,383 - INFO - HTTP Request: POST http://localhost:8005/v1/chat/completions "HTTP/1.1 200 OK"
2026-08-17 15:14:24,991 - INFO - HTTP Request: POST http://localhost:8005/v1/chat/completions "HTTP/1.1 200 OK"
2026-08-17 15:14:25,206 - INFO - HTTP Request: POST http://localhost:8005/v1/chat/completions "HTTP/1.1 200 OK"

r0_cfg39:  36%|███▌      | 18/50 [29:11<52:19, 98.10s/it]   2026-08-17 15:14:29,883 - INFO - HTTP Request: POST http://localhost:8005/v1/chat/completions "HTTP/1.1 200 OK"
2026-08-17 15:14:31,294 - INFO - HTTP Request: POST http://localhost:8005/v1/chat/completions "HTTP/1.1 200 OK"

2026-08-17 15:14:37,828 - INFO - HTTP Request: POST http://localhost:8005/v1/chat/completions "HTTP/1.1 200 OK"

r0_cfg39:  38%|███▊      | 19/50 [29:23<37:25, 72.42s/it]2026-08-17 15:14:45,222 - INFO - HTTP Request: POST http://localhost:8005/v1/chat/completions "HTTP/1.1 200 OK"

r0_cfg39:  40%|████      | 20/50 [29:31<26:26, 52.90s/it]2026-08-17 15:14:47,609 - INFO - HTTP Request: POST http://localhost:8005/v1/chat/completions "HTTP/1.1 200 OK"
2026-08-17 15:14:57,710 - INFO - HTTP Request: POST http://localhost:8005/v1/chat/completions "HTTP/1.1 200 OK"
2026-08-17 15:15:00,477 - INFO - HTTP Request: POST http://localhost:8005/v1/chat/completions "HTTP/1.1 200 OK"
2026-08-17 15:15:03,468 - INFO - HTTP Request: POST http://localhost:8005/v1/chat/completions "HTTP/1.1 200 OK"

2026-08-17 15:15:08,260 - INFO - HTTP Request: POST http://localhost:8005/v1/chat/completions "HTTP/1.1 200 OK"
2026-08-17 15:15:12,341 - INFO - HTTP Request: POST http://localhost:8005/v1/chat/completions "HTTP/1.1 200 OK"

2026-08-17 15:15:13,435 - INFO - HTTP Request: POST http://localhost:8005/v1/chat/completions "HTTP/1.1 200 OK"

2026-08-17 15:15:23,217 - INFO - HTTP Request: POST http://localhost:8005/v1/chat/completions "HTTP/1.1 200 OK"

2026-08-17 15:15:29,945 - INFO - HTTP Request: POST http://localhost:8005/v1/chat/completions "HTTP/1.1 200 OK"
2026-08-17 15:15:38,091 - INFO - HTTP Request: POST http://localhost:8005/v1/chat/completions "HTTP/1.1 200 OK"
2026-08-17 15:15:39,121 - INFO - HTTP Request: POST http://localhost:8005/v1/chat/completions "HTTP/1.1 200 OK"
2026-08-17 15:15:45,161 - INFO - HTTP Request: POST http://localhost:8005/v1/chat/completions "HTTP/1.1 200 OK"

2026-08-17 15:15:50,389 - INFO - HTTP Request: POST http://localhost:8005/v1/chat/completions "HTTP/1.1 200 OK"
2026-08-17 15:15:53,380 - INFO - HTTP Request: POST http://localhost:8005/v1/chat/completions "HTTP/1.1 200 OK"

2026-08-17 15:15:53,599 - INFO - HTTP Request: POST http://localhost:8005/v1/chat/completions "HTTP/1.1 200 OK"

2026-08-17 15:16:06,864 - INFO - HTTP Request: POST http://localhost:8005/v1/chat/completions "HTTP/1.1 200 OK"

2026-08-17 15:16:09,904 - INFO - HTTP Request: POST http://localhost:8005/v1/chat/completions "HTTP/1.1 200 OK"
2026-08-17 15:16:17,834 - INFO - HTTP Request: POST http://localhost:8005/v1/chat/completions "HTTP/1.1 200 OK"
2026-08-17 15:16:18,571 - INFO - HTTP Request: POST http://localhost:8005/v1/chat/completions "HTTP/1.1 200 OK"
2026-08-17 15:16:23,758 - INFO - HTTP Request: POST http://localhost:8005/v1/chat/completions "HTTP/1.1 200 OK"

2026-08-17 15:16:30,954 - INFO - HTTP Request: POST http://localhost:8005/v1/chat/completions "HTTP/1.1 200 OK"

2026-08-17 15:16:30,955 - INFO - HTTP Request: POST http://localhost:8005/v1/chat/completions "HTTP/1.1 200 OK"

2026-08-17 15:16:32,259 - INFO - HTTP Request: POST http://localhost:8005/v1/chat/completions "HTTP/1.1 200 OK"
2026-08-17 15:16:46,765 - INFO - HTTP Request: POST http://localhost:8005/v1/chat/completions "HTTP/1.1 200 OK"

2026-08-17 15:16:47,641 - INFO - HTTP Request: POST http://localhost:8005/v1/chat/completions "HTTP/1.1 200 OK"
2026-08-17 15:16:51,435 - INFO - HTTP Request: POST http://localhost:8005/v1/chat/completions "HTTP/1.1 200 OK"
2026-08-17 15:16:55,944 - INFO - HTTP Request: POST http://localhost:8005/v1/chat/completions "HTTP/1.1 200 OK"
2026-08-17 15:17:00,896 - INFO - HTTP Request: POST http://localhost:8005/v1/chat/completions "HTTP/1.1 200 OK"

2026-08-17 15:17:08,090 - INFO - HTTP Request: POST http://localhost:8005/v1/chat/completions "HTTP/1.1 200 OK"

2026-08-17 15:17:08,525 - INFO - HTTP Request: POST http://localhost:8005/v1/chat/completions "HTTP/1.1 200 OK"

2026-08-17 15:17:11,792 - INFO - HTTP Request: POST http://localhost:8005/v1/chat/completions "HTTP/1.1 200 OK"
2026-08-17 15:17:20,642 - INFO - HTTP Request: POST http://localhost:8005/v1/chat/completions "HTTP/1.1 200 OK"
2026-08-17 15:17:24,445 - INFO - HTTP Request: POST http://localhost:8005/v1/chat/completions "HTTP/1.1 200 OK"

2026-08-17 15:17:29,018 - INFO - HTTP Request: POST http://localhost:8005/v1/chat/completions "HTTP/1.1 200 OK"
2026-08-17 15:17:32,225 - INFO - HTTP Request: POST http://localhost:8005/v1/chat/completions "HTTP/1.1 200 OK"

2026-08-17 15:17:37,879 - INFO - HTTP Request: POST http://localhost:8005/v1/chat/completions "HTTP/1.1 200 OK"
2026-08-17 15:17:44,733 - INFO - HTTP Request: POST http://localhost:8005/v1/chat/completions "HTTP/1.1 200 OK"

2026-08-17 15:17:44,950 - INFO - HTTP Request: POST http://localhost:8005/v1/chat/completions "HTTP/1.1 200 OK"
2026-08-17 15:17:53,816 - INFO - HTTP Request: POST http://localhost:8005/v1/chat/completions "HTTP/1.1 200 OK"

2026-08-17 15:17:56,427 - INFO - HTTP Request: POST http://localhost:8005/v1/chat/completions "HTTP/1.1 200 OK"

2026-08-17 15:18:01,638 - INFO - HTTP Request: POST http://localhost:8005/v1/chat/completions "HTTP/1.1 200 OK"
2026-08-17 15:18:14,129 - INFO - HTTP Request: POST http://localhost:8005/v1/chat/completions "HTTP/1.1 200 OK"
2026-08-17 15:18:14,130 - INFO - HTTP Request: POST http://localhost:8005/v1/chat/completions "HTTP/1.1 200 OK"
2026-08-17 15:18:15,983 - INFO - HTTP Request: POST http://localhost:8005/v1/chat/completions "HTTP/1.1 200 OK"

2026-08-17 15:18:26,219 - INFO - HTTP Request: POST http://localhost:8005/v1/chat/completions "HTTP/1.1 200 OK"
2026-08-17 15:18:30,953 - INFO - HTTP Request: POST http://localhost:8005/v1/chat/completions "HTTP/1.1 200 OK"

2026-08-17 15:18:31,171 - INFO - HTTP Request: POST http://localhost:8005/v1/chat/completions "HTTP/1.1 200 OK"

2026-08-17 15:18:36,395 - INFO - HTTP Request: POST http://localhost:8005/v1/chat/completions "HTTP/1.1 200 OK"
2026-08-17 15:18:41,722 - INFO - HTTP Request: POST http://localhost:8005/v1/chat/completions "HTTP/1.1 200 OK"

2026-08-17 15:18:48,683 - INFO - HTTP Request: POST http://localhost:8005/v1/chat/completions "HTTP/1.1 200 OK"

2026-08-17 15:18:51,508 - INFO - HTTP Request: POST http://localhost:8005/v1/chat/completions "HTTP/1.1 200 OK"
2026-08-17 15:19:00,800 - INFO - HTTP Request: POST http://localhost:8005/v1/chat/completions "HTTP/1.1 200 OK"
2026-08-17 15:19:02,485 - INFO - HTTP Request: POST http://localhost:8005/v1/chat/completions "HTTP/1.1 200 OK"
2026-08-17 15:19:08,098 - INFO - HTTP Request: POST http://localhost:8005/v1/chat/completions "HTTP/1.1 200 OK"

2026-08-17 15:19:17,250 - INFO - HTTP Request: POST http://localhost:8005/v1/chat/completions "HTTP/1.1 200 OK"

2026-08-17 15:19:17,907 - INFO - HTTP Request: POST http://localhost:8005/v1/chat/completions "HTTP/1.1 200 OK"

2026-08-17 15:19:19,000 - INFO - HTTP Request: POST http://localhost:8005/v1/chat/completions "HTTP/1.1 200 OK"
2026-08-17 15:19:31,064 - INFO - HTTP Request: POST http://localhost:8005/v1/chat/completions "HTTP/1.1 200 OK"

2026-08-17 15:19:37,588 - INFO - HTTP Request: POST http://localhost:8005/v1/chat/completions "HTTP/1.1 200 OK"
2026-08-17 15:19:47,100 - INFO - HTTP Request: POST http://localhost:8005/v1/chat/completions "HTTP/1.1 200 OK"
2026-08-17 15:19:51,615 - INFO - HTTP Request: POST http://localhost:8005/v1/chat/completions "HTTP/1.1 200 OK"
2026-08-17 15:19:55,482 - INFO - HTTP Request: POST http://localhost:8005/v1/chat/completions "HTTP/1.1 200 OK"

2026-08-17 15:20:02,463 - INFO - HTTP Request: POST http://localhost:8005/v1/chat/completions "HTTP/1.1 200 OK"

2026-08-17 15:20:05,082 - INFO - HTTP Request: POST http://localhost:8005/v1/chat/completions "HTTP/1.1 200 OK"

r0_cfg39:  42%|████▏     | 21/50 [34:51<1:04:17, 133.03s/it]2026-08-17 15:20:05,404 - INFO - HTTP Request: POST http://localhost:8005/v1/chat/completions "HTTP/1.1 200 OK"
2026-08-17 15:20:17,797 - INFO - HTTP Request: POST http://localhost:8005/v1/chat/completions "HTTP/1.1 200 OK"

r0_cfg39:  44%|████▍     | 22/50 [35:03<45:13, 96.92s/it]   2026-08-17 15:20:27,351 - INFO - HTTP Request: POST http://localhost:8005/v1/chat/completions "HTTP/1.1 200 OK"
2026-08-17 15:20:29,192 - INFO - HTTP Request: POST http://localhost:8005/v1/chat/completions "HTTP/1.1 200 OK"
2026-08-17 15:20:35,881 - INFO - HTTP Request: POST http://localhost:8005/v1/chat/completions "HTTP/1.1 200 OK"
2026-08-17 15:20:37,932 - INFO - HTTP Request: POST http://localhost:8005/v1/chat/completions "HTTP/1.1 200 OK"

2026-08-17 15:20:40,985 - INFO - HTTP Request: POST http://localhost:8005/v1/chat/completions "HTTP/1.1 200 OK"
2026-08-17 15:20:41,421 - INFO - HTTP Request: POST http://localhost:8005/v1/chat/completions "HTTP/1.1 200 OK"

r0_cfg39:  46%|████▌     | 23/50 [35:27<33:43, 74.93s/it]2026-08-17 15:20:49,925 - INFO - HTTP Request: POST http://localhost:8005/v1/chat/completions "HTTP/1.1 200 OK"

r0_cfg39:  48%|████▊     | 24/50 [35:35<23:49, 55.00s/it]2026-08-17 15:20:53,838 - INFO - HTTP Request: POST http://localhost:8005/v1/chat/completions "HTTP/1.1 200 OK"

2026-08-17 15:21:03,387 - INFO - HTTP Request: POST http://localhost:8005/v1/chat/completions "HTTP/1.1 200 OK"
2026-08-17 15:21:04,577 - INFO - HTTP Request: POST http://localhost:8005/v1/chat/completions "HTTP/1.1 200 OK"
2026-08-17 15:21:12,515 - INFO - HTTP Request: POST http://localhost:8005/v1/chat/completions "HTTP/1.1 200 OK"
2026-08-17 15:21:16,371 - INFO - HTTP Request: POST http://localhost:8005/v1/chat/completions "HTTP/1.1 200 OK"

2026-08-17 15:21:17,029 - INFO - HTTP Request: POST http://localhost:8005/v1/chat/completions "HTTP/1.1 200 OK"

2026-08-17 15:21:20,941 - INFO - HTTP Request: POST http://localhost:8005/v1/chat/completions "HTTP/1.1 200 OK"
2026-08-17 15:21:26,246 - INFO - HTTP Request: POST http://localhost:8005/v1/chat/completions "HTTP/1.1 200 OK"

2026-08-17 15:21:30,810 - INFO - HTTP Request: POST http://localhost:8005/v1/chat/completions "HTTP/1.1 200 OK"

2026-08-17 15:21:41,011 - INFO - HTTP Request: POST http://localhost:8005/v1/chat/completions "HTTP/1.1 200 OK"
2026-08-17 15:21:43,720 - INFO - HTTP Request: POST http://localhost:8005/v1/chat/completions "HTTP/1.1 200 OK"
2026-08-17 15:21:53,021 - INFO - HTTP Request: POST http://localhost:8005/v1/chat/completions "HTTP/1.1 200 OK"
2026-08-17 15:21:55,794 - INFO - HTTP Request: POST http://localhost:8005/v1/chat/completions "HTTP/1.1 200 OK"

2026-08-17 15:21:56,229 - INFO - HTTP Request: POST http://localhost:8005/v1/chat/completions "HTTP/1.1 200 OK"
2026-08-17 15:21:57,401 - INFO - HTTP Request: POST http://localhost:8005/v1/chat/completions "HTTP/1.1 200 OK"

2026-08-17 15:22:08,292 - INFO - HTTP Request: POST http://localhost:8005/v1/chat/completions "HTTP/1.1 200 OK"

2026-08-17 15:22:08,727 - INFO - HTTP Request: POST http://localhost:8005/v1/chat/completions "HTTP/1.1 200 OK"

2026-08-17 15:22:20,457 - INFO - HTTP Request: POST http://localhost:8005/v1/chat/completions "HTTP/1.1 200 OK"
2026-08-17 15:22:21,915 - INFO - HTTP Request: POST http://localhost:8005/v1/chat/completions "HTTP/1.1 200 OK"
2026-08-17 15:22:33,338 - INFO - HTTP Request: POST http://localhost:8005/v1/chat/completions "HTTP/1.1 200 OK"
2026-08-17 15:22:33,556 - INFO - HTTP Request: POST http://localhost:8005/v1/chat/completions "HTTP/1.1 200 OK"
2026-08-17 15:22:35,393 - INFO - HTTP Request: POST http://localhost:8005/v1/chat/completions "HTTP/1.1 200 OK"

2026-08-17 15:22:44,118 - INFO - HTTP Request: POST http://localhost:8005/v1/chat/completions "HTTP/1.1 200 OK"

2026-08-17 15:22:47,393 - INFO - HTTP Request: POST http://localhost:8005/v1/chat/completions "HTTP/1.1 200 OK"

2026-08-17 15:22:48,272 - INFO - HTTP Request: POST http://localhost:8005/v1/chat/completions "HTTP/1.1 200 OK"

2026-08-17 15:22:54,786 - INFO - HTTP Request: POST http://localhost:8005/v1/chat/completions "HTTP/1.1 200 OK"
2026-08-17 15:23:06,845 - INFO - HTTP Request: POST http://localhost:8005/v1/chat/completions "HTTP/1.1 200 OK"

2026-08-17 15:23:07,063 - INFO - HTTP Request: POST http://localhost:8005/v1/chat/completions "HTTP/1.1 200 OK"
2026-08-17 15:23:08,230 - INFO - HTTP Request: POST http://localhost:8005/v1/chat/completions "HTTP/1.1 200 OK"
2026-08-17 15:23:12,686 - INFO - HTTP Request: POST http://localhost:8005/v1/chat/completions "HTTP/1.1 200 OK"
2026-08-17 15:23:21,073 - INFO - HTTP Request: POST http://localhost:8005/v1/chat/completions "HTTP/1.1 200 OK"

2026-08-17 15:23:22,606 - INFO - HTTP Request: POST http://localhost:8005/v1/chat/completions "HTTP/1.1 200 OK"

2026-08-17 15:23:25,217 - INFO - HTTP Request: POST http://localhost:8005/v1/chat/completions "HTTP/1.1 200 OK"

2026-08-17 15:23:36,508 - INFO - HTTP Request: POST http://localhost:8005/v1/chat/completions "HTTP/1.1 200 OK"
2026-08-17 15:23:40,736 - INFO - HTTP Request: POST http://localhost:8005/v1/chat/completions "HTTP/1.1 200 OK"
2026-08-17 15:23:45,680 - INFO - HTTP Request: POST http://localhost:8005/v1/chat/completions "HTTP/1.1 200 OK"
2026-08-17 15:23:49,975 - INFO - HTTP Request: POST http://localhost:8005/v1/chat/completions "HTTP/1.1 200 OK"

2026-08-17 15:23:52,375 - INFO - HTTP Request: POST http://localhost:8005/v1/chat/completions "HTTP/1.1 200 OK"
2026-08-17 15:23:52,376 - INFO - HTTP Request: POST http://localhost:8005/v1/chat/completions "HTTP/1.1 200 OK"

2026-08-17 15:23:56,741 - INFO - HTTP Request: POST http://localhost:8005/v1/chat/completions "HTTP/1.1 200 OK"

2026-08-17 15:24:01,957 - INFO - HTTP Request: POST http://localhost:8005/v1/chat/completions "HTTP/1.1 200 OK"

2026-08-17 15:24:10,205 - INFO - HTTP Request: POST http://localhost:8005/v1/chat/completions "HTTP/1.1 200 OK"
2026-08-17 15:24:21,617 - INFO - HTTP Request: POST http://localhost:8005/v1/chat/completions "HTTP/1.1 200 OK"
2026-08-17 15:24:22,594 - INFO - HTTP Request: POST http://localhost:8005/v1/chat/completions "HTTP/1.1 200 OK"
2026-08-17 15:24:26,376 - INFO - HTTP Request: POST http://localhost:8005/v1/chat/completions "HTTP/1.1 200 OK"
2026-08-17 15:24:28,227 - INFO - HTTP Request: POST http://localhost:8005/v1/chat/completions "HTTP/1.1 200 OK"

2026-08-17 15:24:33,460 - INFO - HTTP Request: POST http://localhost:8005/v1/chat/completions "HTTP/1.1 200 OK"

2026-08-17 15:24:36,293 - INFO - HTTP Request: POST http://localhost:8005/v1/chat/completions "HTTP/1.1 200 OK"

2026-08-17 15:24:41,948 - INFO - HTTP Request: POST http://localhost:8005/v1/chat/completions "HTTP/1.1 200 OK"

2026-08-17 15:24:56,281 - INFO - HTTP Request: POST http://localhost:8005/v1/chat/completions "HTTP/1.1 200 OK"
2026-08-17 15:24:57,743 - INFO - HTTP Request: POST http://localhost:8005/v1/chat/completions "HTTP/1.1 200 OK"
2026-08-17 15:25:02,641 - INFO - HTTP Request: POST http://localhost:8005/v1/chat/completions "HTTP/1.1 200 OK"
2026-08-17 15:25:03,669 - INFO - HTTP Request: POST http://localhost:8005/v1/chat/completions "HTTP/1.1 200 OK"
2026-08-17 15:25:15,530 - INFO - HTTP Request: POST http://localhost:8005/v1/chat/completions "HTTP/1.1 200 OK"

2026-08-17 15:25:15,965 - INFO - HTTP Request: POST http://localhost:8005/v1/chat/completions "HTTP/1.1 200 OK"

2026-08-17 15:25:16,188 - INFO - HTTP Request: POST http://localhost:8005/v1/chat/completions "HTTP/1.1 200 OK"

2026-08-17 15:25:16,626 - INFO - HTTP Request: POST http://localhost:8005/v1/chat/completions "HTTP/1.1 200 OK"

2026-08-17 15:25:44,655 - INFO - HTTP Request: POST http://localhost:8005/v1/chat/completions "HTTP/1.1 200 OK"
2026-08-17 15:25:45,403 - INFO - HTTP Request: POST http://localhost:8005/v1/chat/completions "HTTP/1.1 200 OK"
2026-08-17 15:25:49,317 - INFO - HTTP Request: POST http://localhost:8005/v1/chat/completions "HTTP/1.1 200 OK"
2026-08-17 15:25:50,729 - INFO - HTTP Request: POST http://localhost:8005/v1/chat/completions "HTTP/1.1 200 OK"
2026-08-17 15:25:56,706 - INFO - HTTP Request: POST http://localhost:8005/v1/chat/completions "HTTP/1.1 200 OK"

2026-08-17 15:26:01,077 - INFO - HTTP Request: POST http://localhost:8005/v1/chat/completions "HTTP/1.1 200 OK"

2026-08-17 15:26:01,512 - INFO - HTTP Request: POST http://localhost:8005/v1/chat/completions "HTTP/1.1 200 OK"

r0_cfg39:  50%|█████     | 25/50 [40:47<54:59, 131.98s/it]2026-08-17 15:26:03,916 - INFO - HTTP Request: POST http://localhost:8005/v1/chat/completions "HTTP/1.1 200 OK"

r0_cfg39:  52%|█████▏    | 26/50 [40:49<37:14, 93.11s/it] 2026-08-17 15:26:23,450 - INFO - HTTP Request: POST http://localhost:8005/v1/chat/completions "HTTP/1.1 200 OK"
2026-08-17 15:26:26,163 - INFO - HTTP Request: POST http://localhost:8005/v1/chat/completions "HTTP/1.1 200 OK"
2026-08-17 15:26:29,968 - INFO - HTTP Request: POST http://localhost:8005/v1/chat/completions "HTTP/1.1 200 OK"
2026-08-17 15:26:34,697 - INFO - HTTP Request: POST http://localhost:8005/v1/chat/completions "HTTP/1.1 200 OK"
2026-08-17 15:26:38,997 - INFO - HTTP Request: POST http://localhost:8005/v1/chat/completions "HTTP/1.1 200 OK"

2026-08-17 15:26:40,091 - INFO - HTTP Request: POST http://localhost:8005/v1/chat/completions "HTTP/1.1 200 OK"

2026-08-17 15:26:45,754 - INFO - HTTP Request: POST http://localhost:8005/v1/chat/completions "HTTP/1.1 200 OK"

r0_cfg39:  54%|█████▍    | 27/50 [41:31<29:47, 77.72s/it]2026-08-17 15:26:46,844 - INFO - HTTP Request: POST http://localhost:8005/v1/chat/completions "HTTP/1.1 200 OK"

r0_cfg39:  56%|█████▌    | 28/50 [41:32<20:04, 54.73s/it]2026-08-17 15:27:05,077 - INFO - HTTP Request: POST http://localhost:8005/v1/chat/completions "HTTP/1.1 200 OK"
2026-08-17 15:27:06,541 - INFO - HTTP Request: POST http://localhost:8005/v1/chat/completions "HTTP/1.1 200 OK"
2026-08-17 15:27:08,392 - INFO - HTTP Request: POST http://localhost:8005/v1/chat/completions "HTTP/1.1 200 OK"
2026-08-17 15:27:09,799 - INFO - HTTP Request: POST http://localhost:8005/v1/chat/completions "HTTP/1.1 200 OK"
2026-08-17 15:27:19,504 - INFO - HTTP Request: POST http://localhost:8005/v1/chat/completions "HTTP/1.1 200 OK"

2026-08-17 15:27:19,939 - INFO - HTTP Request: POST http://localhost:8005/v1/chat/completions "HTTP/1.1 200 OK"

2026-08-17 15:27:20,601 - INFO - HTTP Request: POST http://localhost:8005/v1/chat/completions "HTTP/1.1 200 OK"

2026-08-17 15:27:21,035 - INFO - HTTP Request: POST http://localhost:8005/v1/chat/completions "HTTP/1.1 200 OK"

2026-08-17 15:27:43,827 - INFO - HTTP Request: POST http://localhost:8005/v1/chat/completions "HTTP/1.1 200 OK"
2026-08-17 15:27:45,285 - INFO - HTTP Request: POST http://localhost:8005/v1/chat/completions "HTTP/1.1 200 OK"
2026-08-17 15:27:46,696 - INFO - HTTP Request: POST http://localhost:8005/v1/chat/completions "HTTP/1.1 200 OK"
2026-08-17 15:27:48,164 - INFO - HTTP Request: POST http://localhost:8005/v1/chat/completions "HTTP/1.1 200 OK"
2026-08-17 15:27:57,431 - INFO - HTTP Request: POST http://localhost:8005/v1/chat/completions "HTTP/1.1 200 OK"

2026-08-17 15:27:58,094 - INFO - HTTP Request: POST http://localhost:8005/v1/chat/completions "HTTP/1.1 200 OK"

2026-08-17 15:27:59,629 - INFO - HTTP Request: POST http://localhost:8005/v1/chat/completions "HTTP/1.1 200 OK"

2026-08-17 15:28:00,501 - INFO - HTTP Request: POST http://localhost:8005/v1/chat/completions "HTTP/1.1 200 OK"

2026-08-17 15:28:21,558 - INFO - HTTP Request: POST http://localhost:8005/v1/chat/completions "HTTP/1.1 200 OK"
2026-08-17 15:28:21,559 - INFO - HTTP Request: POST http://localhost:8005/v1/chat/completions "HTTP/1.1 200 OK"
2026-08-17 15:28:24,635 - INFO - HTTP Request: POST http://localhost:8005/v1/chat/completions "HTTP/1.1 200 OK"
2026-08-17 15:28:25,826 - INFO - HTTP Request: POST http://localhost:8005/v1/chat/completions "HTTP/1.1 200 OK"
2026-08-17 15:28:34,660 - INFO - HTTP Request: POST http://localhost:8005/v1/chat/completions "HTTP/1.1 200 OK"

2026-08-17 15:28:34,661 - INFO - HTTP Request: POST http://localhost:8005/v1/chat/completions "HTTP/1.1 200 OK"

2026-08-17 15:28:38,808 - INFO - HTTP Request: POST http://localhost:8005/v1/chat/completions "HTTP/1.1 200 OK"

2026-08-17 15:28:39,025 - INFO - HTTP Request: POST http://localhost:8005/v1/chat/completions "HTTP/1.1 200 OK"

2026-08-17 15:28:54,442 - INFO - HTTP Request: POST http://localhost:8005/v1/chat/completions "HTTP/1.1 200 OK"
2026-08-17 15:28:54,443 - INFO - HTTP Request: POST http://localhost:8005/v1/chat/completions "HTTP/1.1 200 OK"
2026-08-17 15:29:02,956 - INFO - HTTP Request: POST http://localhost:8005/v1/chat/completions "HTTP/1.1 200 OK"
2026-08-17 15:29:04,148 - INFO - HTTP Request: POST http://localhost:8005/v1/chat/completions "HTTP/1.1 200 OK"
2026-08-17 15:29:05,991 - INFO - HTTP Request: POST http://localhost:8005/v1/chat/completions "HTTP/1.1 200 OK"

2026-08-17 15:29:10,135 - INFO - HTTP Request: POST http://localhost:8005/v1/chat/completions "HTTP/1.1 200 OK"

2026-08-17 15:29:16,452 - INFO - HTTP Request: POST http://localhost:8005/v1/chat/completions "HTTP/1.1 200 OK"

2026-08-17 15:29:16,670 - INFO - HTTP Request: POST http://localhost:8005/v1/chat/completions "HTTP/1.1 200 OK"

2026-08-17 15:29:34,695 - INFO - HTTP Request: POST http://localhost:8005/v1/chat/completions "HTTP/1.1 200 OK"
2026-08-17 15:29:36,538 - INFO - HTTP Request: POST http://localhost:8005/v1/chat/completions "HTTP/1.1 200 OK"
2026-08-17 15:29:36,756 - INFO - HTTP Request: POST http://localhost:8005/v1/chat/completions "HTTP/1.1 200 OK"
2026-08-17 15:29:39,792 - INFO - HTTP Request: POST http://localhost:8005/v1/chat/completions "HTTP/1.1 200 OK"
2026-08-17 15:29:47,531 - INFO - HTTP Request: POST http://localhost:8005/v1/chat/completions "HTTP/1.1 200 OK"

2026-08-17 15:29:48,842 - INFO - HTTP Request: POST http://localhost:8005/v1/chat/completions "HTTP/1.1 200 OK"

2026-08-17 15:29:51,023 - INFO - HTTP Request: POST http://localhost:8005/v1/chat/completions "HTTP/1.1 200 OK"

2026-08-17 15:29:54,286 - INFO - HTTP Request: POST http://localhost:8005/v1/chat/completions "HTTP/1.1 200 OK"

2026-08-17 15:30:07,530 - INFO - HTTP Request: POST http://localhost:8005/v1/chat/completions "HTTP/1.1 200 OK"
2026-08-17 15:30:14,646 - INFO - HTTP Request: POST http://localhost:8005/v1/chat/completions "HTTP/1.1 200 OK"
2026-08-17 15:30:18,233 - INFO - HTTP Request: POST http://localhost:8005/v1/chat/completions "HTTP/1.1 200 OK"
2026-08-17 15:30:20,729 - INFO - HTTP Request: POST http://localhost:8005/v1/chat/completions "HTTP/1.1 200 OK"
2026-08-17 15:30:26,723 - INFO - HTTP Request: POST http://localhost:8005/v1/chat/completions "HTTP/1.1 200 OK"

2026-08-17 15:30:31,303 - INFO - HTTP Request: POST http://localhost:8005/v1/chat/completions "HTTP/1.1 200 OK"

2026-08-17 15:30:33,048 - INFO - HTTP Request: POST http://localhost:8005/v1/chat/completions "HTTP/1.1 200 OK"

2026-08-17 15:30:36,747 - INFO - HTTP Request: POST http://localhost:8005/v1/chat/completions "HTTP/1.1 200 OK"

2026-08-17 15:30:53,036 - INFO - HTTP Request: POST http://localhost:8005/v1/chat/completions "HTTP/1.1 200 OK"
2026-08-17 15:30:56,184 - INFO - HTTP Request: POST http://localhost:8005/v1/chat/completions "HTTP/1.1 200 OK"
2026-08-17 15:30:57,379 - INFO - HTTP Request: POST http://localhost:8005/v1/chat/completions "HTTP/1.1 200 OK"
2026-08-17 15:31:01,411 - INFO - HTTP Request: POST http://localhost:8005/v1/chat/completions "HTTP/1.1 200 OK"
2026-08-17 15:31:11,117 - INFO - HTTP Request: POST http://localhost:8005/v1/chat/completions "HTTP/1.1 200 OK"

2026-08-17 15:31:11,353 - INFO - HTTP Request: POST http://localhost:8005/v1/chat/completions "HTTP/1.1 200 OK"

2026-08-17 15:31:11,556 - INFO - HTTP Request: POST http://localhost:8005/v1/chat/completions "HTTP/1.1 200 OK"

2026-08-17 15:31:14,618 - INFO - HTTP Request: POST http://localhost:8005/v1/chat/completions "HTTP/1.1 200 OK"

2026-08-17 15:31:40,257 - INFO - HTTP Request: POST http://localhost:8005/v1/chat/completions "HTTP/1.1 200 OK"
2026-08-17 15:31:40,474 - INFO - HTTP Request: POST http://localhost:8005/v1/chat/completions "HTTP/1.1 200 OK"
2026-08-17 15:31:44,598 - INFO - HTTP Request: POST http://localhost:8005/v1/chat/completions "HTTP/1.1 200 OK"
2026-08-17 15:31:48,630 - INFO - HTTP Request: POST http://localhost:8005/v1/chat/completions "HTTP/1.1 200 OK"
2026-08-17 15:31:54,844 - INFO - HTTP Request: POST http://localhost:8005/v1/chat/completions "HTTP/1.1 200 OK"

2026-08-17 15:31:58,561 - INFO - HTTP Request: POST http://localhost:8005/v1/chat/completions "HTTP/1.1 200 OK"

2026-08-17 15:32:00,096 - INFO - HTTP Request: POST http://localhost:8005/v1/chat/completions "HTTP/1.1 200 OK"

r0_cfg39:  58%|█████▊    | 29/50 [46:46<46:18, 132.29s/it]2026-08-17 15:32:01,404 - INFO - HTTP Request: POST http://localhost:8005/v1/chat/completions "HTTP/1.1 200 OK"

r0_cfg39:  60%|██████    | 30/50 [46:47<30:59, 93.00s/it] 2026-08-17 15:32:22,027 - INFO - HTTP Request: POST http://localhost:8005/v1/chat/completions "HTTP/1.1 200 OK"
2026-08-17 15:32:23,653 - INFO - HTTP Request: POST http://localhost:8005/v1/chat/completions "HTTP/1.1 200 OK"
2026-08-17 15:32:28,108 - INFO - HTTP Request: POST http://localhost:8005/v1/chat/completions "HTTP/1.1 200 OK"
2026-08-17 15:32:31,919 - INFO - HTTP Request: POST http://localhost:8005/v1/chat/completions "HTTP/1.1 200 OK"

2026-08-17 15:32:32,580 - INFO - HTTP Request: POST http://localhost:8005/v1/chat/completions "HTTP/1.1 200 OK"
2026-08-17 15:32:36,167 - INFO - HTTP Request: POST http://localhost:8005/v1/chat/completions "HTTP/1.1 200 OK"

2026-08-17 15:32:40,743 - INFO - HTTP Request: POST http://localhost:8005/v1/chat/completions "HTTP/1.1 200 OK"

r0_cfg39:  62%|██████▏   | 31/50 [47:26<24:21, 76.90s/it]2026-08-17 15:32:44,876 - INFO - HTTP Request: POST http://localhost:8005/v1/chat/completions "HTTP/1.1 200 OK"

r0_cfg39:  64%|██████▍   | 32/50 [47:30<16:31, 55.07s/it]2026-08-17 15:32:58,333 - INFO - HTTP Request: POST http://localhost:8005/v1/chat/completions "HTTP/1.1 200 OK"
2026-08-17 15:33:02,567 - INFO - HTTP Request: POST http://localhost:8005/v1/chat/completions "HTTP/1.1 200 OK"
2026-08-17 15:33:02,785 - INFO - HTTP Request: POST http://localhost:8005/v1/chat/completions "HTTP/1.1 200 OK"
2026-08-17 15:33:07,782 - INFO - HTTP Request: POST http://localhost:8005/v1/chat/completions "HTTP/1.1 200 OK"
2026-08-17 15:33:09,031 - INFO - HTTP Request: POST http://localhost:8005/v1/chat/completions "HTTP/1.1 200 OK"

2026-08-17 15:33:14,700 - INFO - HTTP Request: POST http://localhost:8005/v1/chat/completions "HTTP/1.1 200 OK"

2026-08-17 15:33:18,185 - INFO - HTTP Request: POST http://localhost:8005/v1/chat/completions "HTTP/1.1 200 OK"

2026-08-17 15:33:21,013 - INFO - HTTP Request: POST http://localhost:8005/v1/chat/completions "HTTP/1.1 200 OK"

2026-08-17 15:33:33,383 - INFO - HTTP Request: POST http://localhost:8005/v1/chat/completions "HTTP/1.1 200 OK"
2026-08-17 15:33:39,354 - INFO - HTTP Request: POST http://localhost:8005/v1/chat/completions "HTTP/1.1 200 OK"
2026-08-17 15:33:44,899 - INFO - HTTP Request: POST http://localhost:8005/v1/chat/completions "HTTP/1.1 200 OK"
2026-08-17 15:33:46,746 - INFO - HTTP Request: POST http://localhost:8005/v1/chat/completions "HTTP/1.1 200 OK"

2026-08-17 15:33:48,063 - INFO - HTTP Request: POST http://localhost:8005/v1/chat/completions "HTTP/1.1 200 OK"
2026-08-17 15:33:54,324 - INFO - HTTP Request: POST http://localhost:8005/v1/chat/completions "HTTP/1.1 200 OK"

2026-08-17 15:33:56,946 - INFO - HTTP Request: POST http://localhost:8005/v1/chat/completions "HTTP/1.1 200 OK"

2026-08-17 15:34:03,686 - INFO - HTTP Request: POST http://localhost:8005/v1/chat/completions "HTTP/1.1 200 OK"

2026-08-17 15:34:11,284 - INFO - HTTP Request: POST http://localhost:8005/v1/chat/completions "HTTP/1.1 200 OK"
2026-08-17 15:34:18,557 - INFO - HTTP Request: POST http://localhost:8005/v1/chat/completions "HTTP/1.1 200 OK"
2026-08-17 15:34:22,038 - INFO - HTTP Request: POST http://localhost:8005/v1/chat/completions "HTTP/1.1 200 OK"
2026-08-17 15:34:24,759 - INFO - HTTP Request: POST http://localhost:8005/v1/chat/completions "HTTP/1.1 200 OK"

2026-08-17 15:34:29,123 - INFO - HTTP Request: POST http://localhost:8005/v1/chat/completions "HTTP/1.1 200 OK"
2026-08-17 15:34:32,985 - INFO - HTTP Request: POST http://localhost:8005/v1/chat/completions "HTTP/1.1 200 OK"

2026-08-17 15:34:34,737 - INFO - HTTP Request: POST http://localhost:8005/v1/chat/completions "HTTP/1.1 200 OK"

2026-08-17 15:34:40,179 - INFO - HTTP Request: POST http://localhost:8005/v1/chat/completions "HTTP/1.1 200 OK"

2026-08-17 15:34:44,962 - INFO - HTTP Request: POST http://localhost:8005/v1/chat/completions "HTTP/1.1 200 OK"
2026-08-17 15:34:53,103 - INFO - HTTP Request: POST http://localhost:8005/v1/chat/completions "HTTP/1.1 200 OK"
2026-08-17 15:34:54,511 - INFO - HTTP Request: POST http://localhost:8005/v1/chat/completions "HTTP/1.1 200 OK"

2026-08-17 15:34:59,297 - INFO - HTTP Request: POST http://localhost:8005/v1/chat/completions "HTTP/1.1 200 OK"
2026-08-17 15:35:03,533 - INFO - HTTP Request: POST http://localhost:8005/v1/chat/completions "HTTP/1.1 200 OK"

2026-08-17 15:35:05,275 - INFO - HTTP Request: POST http://localhost:8005/v1/chat/completions "HTTP/1.1 200 OK"
2026-08-17 15:35:12,019 - INFO - HTTP Request: POST http://localhost:8005/v1/chat/completions "HTTP/1.1 200 OK"

2026-08-17 15:35:18,117 - INFO - HTTP Request: POST http://localhost:8005/v1/chat/completions "HTTP/1.1 200 OK"

2026-08-17 15:35:23,985 - INFO - HTTP Request: POST http://localhost:8005/v1/chat/completions "HTTP/1.1 200 OK"
2026-08-17 15:35:32,127 - INFO - HTTP Request: POST http://localhost:8005/v1/chat/completions "HTTP/1.1 200 OK"
2026-08-17 15:35:33,316 - INFO - HTTP Request: POST http://localhost:8005/v1/chat/completions "HTTP/1.1 200 OK"
2026-08-17 15:35:37,776 - INFO - HTTP Request: POST http://localhost:8005/v1/chat/completions "HTTP/1.1 200 OK"

2026-08-17 15:35:38,871 - INFO - HTTP Request: POST http://localhost:8005/v1/chat/completions "HTTP/1.1 200 OK"
2026-08-17 15:35:45,129 - INFO - HTTP Request: POST http://localhost:8005/v1/chat/completions "HTTP/1.1 200 OK"

2026-08-17 15:35:48,399 - INFO - HTTP Request: POST http://localhost:8005/v1/chat/completions "HTTP/1.1 200 OK"

2026-08-17 15:35:48,617 - INFO - HTTP Request: POST http://localhost:8005/v1/chat/completions "HTTP/1.1 200 OK"

2026-08-17 15:35:58,170 - INFO - HTTP Request: POST http://localhost:8005/v1/chat/completions "HTTP/1.1 200 OK"
2026-08-17 15:36:08,711 - INFO - HTTP Request: POST http://localhost:8005/v1/chat/completions "HTTP/1.1 200 OK"
2026-08-17 15:36:09,449 - INFO - HTTP Request: POST http://localhost:8005/v1/chat/completions "HTTP/1.1 200 OK"

2026-08-17 15:36:14,473 - INFO - HTTP Request: POST http://localhost:8005/v1/chat/completions "HTTP/1.1 200 OK"
2026-08-17 15:36:18,276 - INFO - HTTP Request: POST http://localhost:8005/v1/chat/completions "HTTP/1.1 200 OK"
2026-08-17 15:36:24,753 - INFO - HTTP Request: POST http://localhost:8005/v1/chat/completions "HTTP/1.1 200 OK"

2026-08-17 15:36:26,497 - INFO - HTTP Request: POST http://localhost:8005/v1/chat/completions "HTTP/1.1 200 OK"

2026-08-17 15:36:33,023 - INFO - HTTP Request: POST http://localhost:8005/v1/chat/completions "HTTP/1.1 200 OK"

2026-08-17 15:36:39,322 - INFO - HTTP Request: POST http://localhost:8005/v1/chat/completions "HTTP/1.1 200 OK"
2026-08-17 15:36:46,817 - INFO - HTTP Request: POST http://localhost:8005/v1/chat/completions "HTTP/1.1 200 OK"
2026-08-17 15:36:49,754 - INFO - HTTP Request: POST http://localhost:8005/v1/chat/completions "HTTP/1.1 200 OK"

2026-08-17 15:36:53,679 - INFO - HTTP Request: POST http://localhost:8005/v1/chat/completions "HTTP/1.1 200 OK"
2026-08-17 15:36:54,926 - INFO - HTTP Request: POST http://localhost:8005/v1/chat/completions "HTTP/1.1 200 OK"
2026-08-17 15:37:00,697 - INFO - HTTP Request: POST http://localhost:8005/v1/chat/completions "HTTP/1.1 200 OK"

2026-08-17 15:37:08,978 - INFO - HTTP Request: POST http://localhost:8005/v1/chat/completions "HTTP/1.1 200 OK"

2026-08-17 15:37:10,728 - INFO - HTTP Request: POST http://localhost:8005/v1/chat/completions "HTTP/1.1 200 OK"

2026-08-17 15:37:23,544 - INFO - HTTP Request: POST http://localhost:8005/v1/chat/completions "HTTP/1.1 200 OK"
2026-08-17 15:37:30,173 - INFO - HTTP Request: POST http://localhost:8005/v1/chat/completions "HTTP/1.1 200 OK"
2026-08-17 15:37:33,110 - INFO - HTTP Request: POST http://localhost:8005/v1/chat/completions "HTTP/1.1 200 OK"

r0_cfg39:  66%|██████▌   | 33/50 [52:19<35:25, 125.02s/it]2026-08-17 15:37:40,509 - INFO - HTTP Request: POST http://localhost:8005/v1/chat/completions "HTTP/1.1 200 OK"
2026-08-17 15:37:42,192 - INFO - HTTP Request: POST http://localhost:8005/v1/chat/completions "HTTP/1.1 200 OK"

2026-08-17 15:37:42,410 - INFO - HTTP Request: POST http://localhost:8005/v1/chat/completions "HTTP/1.1 200 OK"
2026-08-17 15:37:55,586 - INFO - HTTP Request: POST http://localhost:8005/v1/chat/completions "HTTP/1.1 200 OK"
2026-08-17 15:37:55,804 - INFO - HTTP Request: POST http://localhost:8005/v1/chat/completions "HTTP/1.1 200 OK"

2026-08-17 15:37:58,746 - INFO - HTTP Request: POST http://localhost:8005/v1/chat/completions "HTTP/1.1 200 OK"

r0_cfg39:  68%|██████▊   | 34/50 [52:44<25:23, 95.20s/it] 2026-08-17 15:38:06,138 - INFO - HTTP Request: POST http://localhost:8005/v1/chat/completions "HTTP/1.1 200 OK"

2026-08-17 15:38:15,477 - INFO - HTTP Request: POST http://localhost:8005/v1/chat/completions "HTTP/1.1 200 OK"
2026-08-17 15:38:21,015 - INFO - HTTP Request: POST http://localhost:8005/v1/chat/completions "HTTP/1.1 200 OK"
2026-08-17 15:38:26,562 - INFO - HTTP Request: POST http://localhost:8005/v1/chat/completions "HTTP/1.1 200 OK"

r0_cfg39:  70%|███████   | 35/50 [53:12<18:44, 74.99s/it]2026-08-17 15:38:29,391 - INFO - HTTP Request: POST http://localhost:8005/v1/chat/completions "HTTP/1.1 200 OK"
2026-08-17 15:38:33,256 - INFO - HTTP Request: POST http://localhost:8005/v1/chat/completions "HTTP/1.1 200 OK"
2026-08-17 15:38:36,191 - INFO - HTTP Request: POST http://localhost:8005/v1/chat/completions "HTTP/1.1 200 OK"

2026-08-17 15:38:42,727 - INFO - HTTP Request: POST http://localhost:8005/v1/chat/completions "HTTP/1.1 200 OK"

2026-08-17 15:38:44,035 - INFO - HTTP Request: POST http://localhost:8005/v1/chat/completions "HTTP/1.1 200 OK"

r0_cfg39:  72%|███████▏  | 36/50 [53:30<13:28, 57.73s/it]2026-08-17 15:38:49,245 - INFO - HTTP Request: POST http://localhost:8005/v1/chat/completions "HTTP/1.1 200 OK"
2026-08-17 15:39:02,614 - INFO - HTTP Request: POST http://localhost:8005/v1/chat/completions "HTTP/1.1 200 OK"
2026-08-17 15:39:06,635 - INFO - HTTP Request: POST http://localhost:8005/v1/chat/completions "HTTP/1.1 200 OK"
2026-08-17 15:39:08,046 - INFO - HTTP Request: POST http://localhost:8005/v1/chat/completions "HTTP/1.1 200 OK"
2026-08-17 15:39:12,079 - INFO - HTTP Request: POST http://localhost:8005/v1/chat/completions "HTTP/1.1 200 OK"

2026-08-17 15:39:15,787 - INFO - HTTP Request: POST http://localhost:8005/v1/chat/completions "HTTP/1.1 200 OK"

2026-08-17 15:39:16,005 - INFO - HTTP Request: POST http://localhost:8005/v1/chat/completions "HTTP/1.1 200 OK"

2026-08-17 15:39:17,314 - INFO - HTTP Request: POST http://localhost:8005/v1/chat/completions "HTTP/1.1 200 OK"

2026-08-17 15:39:38,159 - INFO - HTTP Request: POST http://localhost:8005/v1/chat/completions "HTTP/1.1 200 OK"
2026-08-17 15:39:40,706 - INFO - HTTP Request: POST http://localhost:8005/v1/chat/completions "HTTP/1.1 200 OK"
2026-08-17 15:39:42,116 - INFO - HTTP Request: POST http://localhost:8005/v1/chat/completions "HTTP/1.1 200 OK"
2026-08-17 15:39:42,855 - INFO - HTTP Request: POST http://localhost:8005/v1/chat/completions "HTTP/1.1 200 OK"
2026-08-17 15:39:53,447 - INFO - HTTP Request: POST http://localhost:8005/v1/chat/completions "HTTP/1.1 200 OK"

2026-08-17 15:39:53,448 - INFO - HTTP Request: POST http://localhost:8005/v1/chat/completions "HTTP/1.1 200 OK"

2026-08-17 15:39:55,198 - INFO - HTTP Request: POST http://localhost:8005/v1/chat/completions "HTTP/1.1 200 OK"

2026-08-17 15:39:55,633 - INFO - HTTP Request: POST http://localhost:8005/v1/chat/completions "HTTP/1.1 200 OK"

2026-08-17 15:40:14,531 - INFO - HTTP Request: POST http://localhost:8005/v1/chat/completions "HTTP/1.1 200 OK"
2026-08-17 15:40:18,229 - INFO - HTTP Request: POST http://localhost:8005/v1/chat/completions "HTTP/1.1 200 OK"
2026-08-17 15:40:18,233 - INFO - HTTP Request: POST http://localhost:8005/v1/chat/completions "HTTP/1.1 200 OK"
2026-08-17 15:40:20,873 - INFO - HTTP Request: POST http://localhost:8005/v1/chat/completions "HTTP/1.1 200 OK"
2026-08-17 15:40:28,170 - INFO - HTTP Request: POST http://localhost:8005/v1/chat/completions "HTTP/1.1 200 OK"

2026-08-17 15:40:32,314 - INFO - HTTP Request: POST http://localhost:8005/v1/chat/completions "HTTP/1.1 200 OK"

2026-08-17 15:40:32,749 - INFO - HTTP Request: POST http://localhost:8005/v1/chat/completions "HTTP/1.1 200 OK"

2026-08-17 15:40:33,638 - INFO - HTTP Request: POST http://localhost:8005/v1/chat/completions "HTTP/1.1 200 OK"

2026-08-17 15:40:53,399 - INFO - HTTP Request: POST http://localhost:8005/v1/chat/completions "HTTP/1.1 200 OK"
2026-08-17 15:40:56,766 - INFO - HTTP Request: POST http://localhost:8005/v1/chat/completions "HTTP/1.1 200 OK"
2026-08-17 15:40:57,505 - INFO - HTTP Request: POST http://localhost:8005/v1/chat/completions "HTTP/1.1 200 OK"
2026-08-17 15:40:57,506 - INFO - HTTP Request: POST http://localhost:8005/v1/chat/completions "HTTP/1.1 200 OK"
2026-08-17 15:41:08,460 - INFO - HTTP Request: POST http://localhost:8005/v1/chat/completions "HTTP/1.1 200 OK"

2026-08-17 15:41:09,553 - INFO - HTTP Request: POST http://localhost:8005/v1/chat/completions "HTTP/1.1 200 OK"

2026-08-17 15:41:10,652 - INFO - HTTP Request: POST http://localhost:8005/v1/chat/completions "HTTP/1.1 200 OK"

2026-08-17 15:41:12,400 - INFO - HTTP Request: POST http://localhost:8005/v1/chat/completions "HTTP/1.1 200 OK"

2026-08-17 15:41:28,898 - INFO - HTTP Request: POST http://localhost:8005/v1/chat/completions "HTTP/1.1 200 OK"
2026-08-17 15:41:30,860 - INFO - HTTP Request: POST http://localhost:8005/v1/chat/completions "HTTP/1.1 200 OK"
2026-08-17 15:41:33,141 - INFO - HTTP Request: POST http://localhost:8005/v1/chat/completions "HTTP/1.1 200 OK"
2026-08-17 15:41:38,259 - INFO - HTTP Request: POST http://localhost:8005/v1/chat/completions "HTTP/1.1 200 OK"
2026-08-17 15:41:40,325 - INFO - HTTP Request: POST http://localhost:8005/v1/chat/completions "HTTP/1.1 200 OK"

2026-08-17 15:41:42,728 - INFO - HTTP Request: POST http://localhost:8005/v1/chat/completions "HTTP/1.1 200 OK"

2026-08-17 15:41:42,943 - INFO - HTTP Request: POST http://localhost:8005/v1/chat/completions "HTTP/1.1 200 OK"

2026-08-17 15:41:52,952 - INFO - HTTP Request: POST http://localhost:8005/v1/chat/completions "HTTP/1.1 200 OK"

2026-08-17 15:42:09,027 - INFO - HTTP Request: POST http://localhost:8005/v1/chat/completions "HTTP/1.1 200 OK"
2026-08-17 15:42:11,742 - INFO - HTTP Request: POST http://localhost:8005/v1/chat/completions "HTTP/1.1 200 OK"
2026-08-17 15:42:12,717 - INFO - HTTP Request: POST http://localhost:8005/v1/chat/completions "HTTP/1.1 200 OK"
2026-08-17 15:42:13,907 - INFO - HTTP Request: POST http://localhost:8005/v1/chat/completions "HTTP/1.1 200 OK"
2026-08-17 15:42:19,906 - INFO - HTTP Request: POST http://localhost:8005/v1/chat/completions "HTTP/1.1 200 OK"

2026-08-17 15:42:21,872 - INFO - HTTP Request: POST http://localhost:8005/v1/chat/completions "HTTP/1.1 200 OK"

2026-08-17 15:42:26,238 - INFO - HTTP Request: POST http://localhost:8005/v1/chat/completions "HTTP/1.1 200 OK"

2026-08-17 15:42:29,938 - INFO - HTTP Request: POST http://localhost:8005/v1/chat/completions "HTTP/1.1 200 OK"

2026-08-17 15:42:39,928 - INFO - HTTP Request: POST http://localhost:8005/v1/chat/completions "HTTP/1.1 200 OK"
2026-08-17 15:42:46,615 - INFO - HTTP Request: POST http://localhost:8005/v1/chat/completions "HTTP/1.1 200 OK"
2026-08-17 15:42:55,655 - INFO - HTTP Request: POST http://localhost:8005/v1/chat/completions "HTTP/1.1 200 OK"
2026-08-17 15:42:58,595 - INFO - HTTP Request: POST http://localhost:8005/v1/chat/completions "HTTP/1.1 200 OK"

2026-08-17 15:43:00,126 - INFO - HTTP Request: POST http://localhost:8005/v1/chat/completions "HTTP/1.1 200 OK"
2026-08-17 15:43:00,127 - INFO - HTTP Request: POST http://localhost:8005/v1/chat/completions "HTTP/1.1 200 OK"

2026-08-17 15:43:04,804 - INFO - HTTP Request: POST http://localhost:8005/v1/chat/completions "HTTP/1.1 200 OK"

r0_cfg39:  74%|███████▍  | 37/50 [57:50<25:42, 118.64s/it]2026-08-17 15:43:15,463 - INFO - HTTP Request: POST http://localhost:8005/v1/chat/completions "HTTP/1.1 200 OK"

2026-08-17 15:43:26,984 - INFO - HTTP Request: POST http://localhost:8005/v1/chat/completions "HTTP/1.1 200 OK"
2026-08-17 15:43:28,395 - INFO - HTTP Request: POST http://localhost:8005/v1/chat/completions "HTTP/1.1 200 OK"
2026-08-17 15:43:30,294 - INFO - HTTP Request: POST http://localhost:8005/v1/chat/completions "HTTP/1.1 200 OK"
2026-08-17 15:43:40,651 - INFO - HTTP Request: POST http://localhost:8005/v1/chat/completions "HTTP/1.1 200 OK"

2026-08-17 15:43:41,086 - INFO - HTTP Request: POST http://localhost:8005/v1/chat/completions "HTTP/1.1 200 OK"

2026-08-17 15:43:45,234 - INFO - HTTP Request: POST http://localhost:8005/v1/chat/completions "HTTP/1.1 200 OK"

2026-08-17 15:43:48,933 - INFO - HTTP Request: POST http://localhost:8005/v1/chat/completions "HTTP/1.1 200 OK"
2026-08-17 15:44:04,045 - INFO - HTTP Request: POST http://localhost:8005/v1/chat/completions "HTTP/1.1 200 OK"

r0_cfg39:  76%|███████▌  | 38/50 [58:50<20:09, 100.82s/it]2026-08-17 15:44:07,088 - INFO - HTTP Request: POST http://localhost:8005/v1/chat/completions "HTTP/1.1 200 OK"
2026-08-17 15:44:14,206 - INFO - HTTP Request: POST http://localhost:8005/v1/chat/completions "HTTP/1.1 200 OK"
2026-08-17 15:44:17,359 - INFO - HTTP Request: POST http://localhost:8005/v1/chat/completions "HTTP/1.1 200 OK"

2026-08-17 15:44:18,668 - INFO - HTTP Request: POST http://localhost:8005/v1/chat/completions "HTTP/1.1 200 OK"
2026-08-17 15:44:26,743 - INFO - HTTP Request: POST http://localhost:8005/v1/chat/completions "HTTP/1.1 200 OK"

r0_cfg39:  78%|███████▊  | 39/50 [59:12<14:11, 77.38s/it] 2026-08-17 15:44:27,395 - INFO - HTTP Request: POST http://localhost:8005/v1/chat/completions "HTTP/1.1 200 OK"
2026-08-17 15:44:39,755 - INFO - HTTP Request: POST http://localhost:8005/v1/chat/completions "HTTP/1.1 200 OK"

2026-08-17 15:44:41,063 - INFO - HTTP Request: POST http://localhost:8005/v1/chat/completions "HTTP/1.1 200 OK"

r0_cfg39:  80%|████████  | 40/50 [59:27<09:44, 58.47s/it]2026-08-17 15:44:42,584 - INFO - HTTP Request: POST http://localhost:8005/v1/chat/completions "HTTP/1.1 200 OK"
2026-08-17 15:44:49,266 - INFO - HTTP Request: POST http://localhost:8005/v1/chat/completions "HTTP/1.1 200 OK"
2026-08-17 15:44:54,432 - INFO - HTTP Request: POST http://localhost:8005/v1/chat/completions "HTTP/1.1 200 OK"

2026-08-17 15:45:01,399 - INFO - HTTP Request: POST http://localhost:8005/v1/chat/completions "HTTP/1.1 200 OK"

2026-08-17 15:45:03,788 - INFO - HTTP Request: POST http://localhost:8005/v1/chat/completions "HTTP/1.1 200 OK"
2026-08-17 15:45:06,992 - INFO - HTTP Request: POST http://localhost:8005/v1/chat/completions "HTTP/1.1 200 OK"
2026-08-17 15:45:19,132 - INFO - HTTP Request: POST http://localhost:8005/v1/chat/completions "HTTP/1.1 200 OK"
2026-08-17 15:45:19,133 - INFO - HTTP Request: POST http://localhost:8005/v1/chat/completions "HTTP/1.1 200 OK"

2026-08-17 15:45:20,323 - INFO - HTTP Request: POST http://localhost:8005/v1/chat/completions "HTTP/1.1 200 OK"

2026-08-17 15:45:28,585 - INFO - HTTP Request: POST http://localhost:8005/v1/chat/completions "HTTP/1.1 200 OK"
2026-08-17 15:45:32,665 - INFO - HTTP Request: POST http://localhost:8005/v1/chat/completions "HTTP/1.1 200 OK"

2026-08-17 15:45:44,419 - INFO - HTTP Request: POST http://localhost:8005/v1/chat/completions "HTTP/1.1 200 OK"

2026-08-17 15:45:45,072 - INFO - HTTP Request: POST http://localhost:8005/v1/chat/completions "HTTP/1.1 200 OK"
2026-08-17 15:45:46,319 - INFO - HTTP Request: POST http://localhost:8005/v1/chat/completions "HTTP/1.1 200 OK"
2026-08-17 15:45:53,233 - INFO - HTTP Request: POST http://localhost:8005/v1/chat/completions "HTTP/1.1 200 OK"
2026-08-17 15:45:58,406 - INFO - HTTP Request: POST http://localhost:8005/v1/chat/completions "HTTP/1.1 200 OK"

2026-08-17 15:45:58,842 - INFO - HTTP Request: POST http://localhost:8005/v1/chat/completions "HTTP/1.1 200 OK"

2026-08-17 15:46:03,420 - INFO - HTTP Request: POST http://localhost:8005/v1/chat/completions "HTTP/1.1 200 OK"

2026-08-17 15:46:09,935 - INFO - HTTP Request: POST http://localhost:8005/v1/chat/completions "HTTP/1.1 200 OK"
2026-08-17 15:46:22,926 - INFO - HTTP Request: POST http://localhost:8005/v1/chat/completions "HTTP/1.1 200 OK"
2026-08-17 15:46:23,958 - INFO - HTTP Request: POST http://localhost:8005/v1/chat/completions "HTTP/1.1 200 OK"
2026-08-17 15:46:26,514 - INFO - HTTP Request: POST http://localhost:8005/v1/chat/completions "HTTP/1.1 200 OK"

2026-08-17 15:46:33,276 - INFO - HTTP Request: POST http://localhost:8005/v1/chat/completions "HTTP/1.1 200 OK"
2026-08-17 15:46:36,213 - INFO - HTTP Request: POST http://localhost:8005/v1/chat/completions "HTTP/1.1 200 OK"

2026-08-17 15:46:37,747 - INFO - HTTP Request: POST http://localhost:8005/v1/chat/completions "HTTP/1.1 200 OK"

2026-08-17 15:46:48,408 - INFO - HTTP Request: POST http://localhost:8005/v1/chat/completions "HTTP/1.1 200 OK"

2026-08-17 15:46:50,797 - INFO - HTTP Request: POST http://localhost:8005/v1/chat/completions "HTTP/1.1 200 OK"
2026-08-17 15:46:55,907 - INFO - HTTP Request: POST http://localhost:8005/v1/chat/completions "HTTP/1.1 200 OK"
2026-08-17 15:47:02,383 - INFO - HTTP Request: POST http://localhost:8005/v1/chat/completions "HTTP/1.1 200 OK"
2026-08-17 15:47:04,287 - INFO - HTTP Request: POST http://localhost:8005/v1/chat/completions "HTTP/1.1 200 OK"

2026-08-17 15:47:04,722 - INFO - HTTP Request: POST http://localhost:8005/v1/chat/completions "HTTP/1.1 200 OK"

2026-08-17 15:47:09,518 - INFO - HTTP Request: POST http://localhost:8005/v1/chat/completions "HTTP/1.1 200 OK"
2026-08-17 15:47:15,554 - INFO - HTTP Request: POST http://localhost:8005/v1/chat/completions "HTTP/1.1 200 OK"

2026-08-17 15:47:20,566 - INFO - HTTP Request: POST http://localhost:8005/v1/chat/completions "HTTP/1.1 200 OK"

2026-08-17 15:47:24,476 - INFO - HTTP Request: POST http://localhost:8005/v1/chat/completions "HTTP/1.1 200 OK"
2026-08-17 15:47:34,205 - INFO - HTTP Request: POST http://localhost:8005/v1/chat/completions "HTTP/1.1 200 OK"
2026-08-17 15:47:36,105 - INFO - HTTP Request: POST http://localhost:8005/v1/chat/completions "HTTP/1.1 200 OK"
2026-08-17 15:47:41,934 - INFO - HTTP Request: POST http://localhost:8005/v1/chat/completions "HTTP/1.1 200 OK"

2026-08-17 15:47:48,036 - INFO - HTTP Request: POST http://localhost:8005/v1/chat/completions "HTTP/1.1 200 OK"

2026-08-17 15:47:49,344 - INFO - HTTP Request: POST http://localhost:8005/v1/chat/completions "HTTP/1.1 200 OK"

2026-08-17 15:47:50,867 - INFO - HTTP Request: POST http://localhost:8005/v1/chat/completions "HTTP/1.1 200 OK"
2026-08-17 15:48:01,898 - INFO - HTTP Request: POST http://localhost:8005/v1/chat/completions "HTTP/1.1 200 OK"

2026-08-17 15:48:08,421 - INFO - HTTP Request: POST http://localhost:8005/v1/chat/completions "HTTP/1.1 200 OK"
2026-08-17 15:48:11,409 - INFO - HTTP Request: POST http://localhost:8005/v1/chat/completions "HTTP/1.1 200 OK"
2026-08-17 15:48:19,140 - INFO - HTTP Request: POST http://localhost:8005/v1/chat/completions "HTTP/1.1 200 OK"
2026-08-17 15:48:21,916 - INFO - HTTP Request: POST http://localhost:8005/v1/chat/completions "HTTP/1.1 200 OK"

2026-08-17 15:48:23,880 - INFO - HTTP Request: POST http://localhost:8005/v1/chat/completions "HTTP/1.1 200 OK"

2026-08-17 15:48:33,018 - INFO - HTTP Request: POST http://localhost:8005/v1/chat/completions "HTTP/1.1 200 OK"

2026-08-17 15:48:36,062 - INFO - HTTP Request: POST http://localhost:8005/v1/chat/completions "HTTP/1.1 200 OK"
2026-08-17 15:48:42,310 - INFO - HTTP Request: POST http://localhost:8005/v1/chat/completions "HTTP/1.1 200 OK"
2026-08-17 15:48:47,698 - INFO - HTTP Request: POST http://localhost:8005/v1/chat/completions "HTTP/1.1 200 OK"

r0_cfg39:  82%|████████▏ | 41/50 [1:03:33<17:14, 114.92s/it]2026-08-17 15:48:53,794 - INFO - HTTP Request: POST http://localhost:8005/v1/chat/completions "HTTP/1.1 200 OK"
2026-08-17 15:48:53,795 - INFO - HTTP Request: POST http://localhost:8005/v1/chat/completions "HTTP/1.1 200 OK"
2026-08-17 15:48:59,368 - INFO - HTTP Request: POST http://localhost:8005/v1/chat/completions "HTTP/1.1 200 OK"

2026-08-17 15:49:05,903 - INFO - HTTP Request: POST http://localhost:8005/v1/chat/completions "HTTP/1.1 200 OK"

2026-08-17 15:49:09,177 - INFO - HTTP Request: POST http://localhost:8005/v1/chat/completions "HTTP/1.1 200 OK"

2026-08-17 15:49:10,482 - INFO - HTTP Request: POST http://localhost:8005/v1/chat/completions "HTTP/1.1 200 OK"
2026-08-17 15:49:23,317 - INFO - HTTP Request: POST http://localhost:8005/v1/chat/completions "HTTP/1.1 200 OK"

2026-08-17 15:49:28,749 - INFO - HTTP Request: POST http://localhost:8005/v1/chat/completions "HTTP/1.1 200 OK"
2026-08-17 15:49:38,047 - INFO - HTTP Request: POST http://localhost:8005/v1/chat/completions "HTTP/1.1 200 OK"

2026-08-17 15:49:38,925 - INFO - HTTP Request: POST http://localhost:8005/v1/chat/completions "HTTP/1.1 200 OK"
2026-08-17 15:49:39,143 - INFO - HTTP Request: POST http://localhost:8005/v1/chat/completions "HTTP/1.1 200 OK"
2026-08-17 15:49:49,048 - INFO - HTTP Request: POST http://localhost:8005/v1/chat/completions "HTTP/1.1 200 OK"

2026-08-17 15:49:50,581 - INFO - HTTP Request: POST http://localhost:8005/v1/chat/completions "HTTP/1.1 200 OK"
2026-08-17 15:49:51,680 - INFO - HTTP Request: POST http://localhost:8005/v1/chat/completions "HTTP/1.1 200 OK"

r0_cfg39:  84%|████████▍ | 42/50 [1:04:37<13:17, 99.64s/it] 2026-08-17 15:50:01,032 - INFO - HTTP Request: POST http://localhost:8005/v1/chat/completions "HTTP/1.1 200 OK"

2026-08-17 15:50:11,675 - INFO - HTTP Request: POST http://localhost:8005/v1/chat/completions "HTTP/1.1 200 OK"
2026-08-17 15:50:14,008 - INFO - HTTP Request: POST http://localhost:8005/v1/chat/completions "HTTP/1.1 200 OK"
2026-08-17 15:50:22,660 - INFO - HTTP Request: POST http://localhost:8005/v1/chat/completions "HTTP/1.1 200 OK"
2026-08-17 15:50:22,661 - INFO - HTTP Request: POST http://localhost:8005/v1/chat/completions "HTTP/1.1 200 OK"

r0_cfg39:  86%|████████▌ | 43/50 [1:05:08<09:13, 79.04s/it]2026-08-17 15:50:26,526 - INFO - HTTP Request: POST http://localhost:8005/v1/chat/completions "HTTP/1.1 200 OK"
2026-08-17 15:50:29,153 - INFO - HTTP Request: POST http://localhost:8005/v1/chat/completions "HTTP/1.1 200 OK"

2026-08-17 15:50:37,429 - INFO - HTTP Request: POST http://localhost:8005/v1/chat/completions "HTTP/1.1 200 OK"

r0_cfg39:  88%|████████▊ | 44/50 [1:05:23<05:58, 59.76s/it]2026-08-17 15:50:40,691 - INFO - HTTP Request: POST http://localhost:8005/v1/chat/completions "HTTP/1.1 200 OK"

2026-08-17 15:50:45,040 - INFO - HTTP Request: POST http://localhost:8005/v1/chat/completions "HTTP/1.1 200 OK"
2026-08-17 15:50:55,580 - INFO - HTTP Request: POST http://localhost:8005/v1/chat/completions "HTTP/1.1 200 OK"
2026-08-17 15:50:57,263 - INFO - HTTP Request: POST http://localhost:8005/v1/chat/completions "HTTP/1.1 200 OK"

2026-08-17 15:51:00,093 - INFO - HTTP Request: POST http://localhost:8005/v1/chat/completions "HTTP/1.1 200 OK"
2026-08-17 15:51:05,640 - INFO - HTTP Request: POST http://localhost:8005/v1/chat/completions "HTTP/1.1 200 OK"
2026-08-17 15:51:06,515 - INFO - HTTP Request: POST http://localhost:8005/v1/chat/completions "HTTP/1.1 200 OK"

2026-08-17 15:51:13,917 - INFO - HTTP Request: POST http://localhost:8005/v1/chat/completions "HTTP/1.1 200 OK"

2026-08-17 15:51:18,047 - INFO - HTTP Request: POST http://localhost:8005/v1/chat/completions "HTTP/1.1 200 OK"

2026-08-17 15:51:23,916 - INFO - HTTP Request: POST http://localhost:8005/v1/chat/completions "HTTP/1.1 200 OK"
2026-08-17 15:51:31,250 - INFO - HTTP Request: POST http://localhost:8005/v1/chat/completions "HTTP/1.1 200 OK"
2026-08-17 15:51:34,238 - INFO - HTTP Request: POST http://localhost:8005/v1/chat/completions "HTTP/1.1 200 OK"

2026-08-17 15:51:38,590 - INFO - HTTP Request: POST http://localhost:8005/v1/chat/completions "HTTP/1.1 200 OK"
2026-08-17 15:51:40,992 - INFO - HTTP Request: POST http://localhost:8005/v1/chat/completions "HTTP/1.1 200 OK"
2026-08-17 15:51:42,893 - INFO - HTTP Request: POST http://localhost:8005/v1/chat/completions "HTTP/1.1 200 OK"

2026-08-17 15:51:52,699 - INFO - HTTP Request: POST http://localhost:8005/v1/chat/completions "HTTP/1.1 200 OK"

2026-08-17 15:51:54,007 - INFO - HTTP Request: POST http://localhost:8005/v1/chat/completions "HTTP/1.1 200 OK"

2026-08-17 15:51:59,219 - INFO - HTTP Request: POST http://localhost:8005/v1/chat/completions "HTTP/1.1 200 OK"
2026-08-17 15:52:07,157 - INFO - HTTP Request: POST http://localhost:8005/v1/chat/completions "HTTP/1.1 200 OK"
2026-08-17 15:52:12,055 - INFO - HTTP Request: POST http://localhost:8005/v1/chat/completions "HTTP/1.1 200 OK"

2026-08-17 15:52:19,025 - INFO - HTTP Request: POST http://localhost:8005/v1/chat/completions "HTTP/1.1 200 OK"
2026-08-17 15:52:20,272 - INFO - HTTP Request: POST http://localhost:8005/v1/chat/completions "HTTP/1.1 200 OK"

2026-08-17 15:52:22,456 - INFO - HTTP Request: POST http://localhost:8005/v1/chat/completions "HTTP/1.1 200 OK"
2026-08-17 15:52:32,039 - INFO - HTTP Request: POST http://localhost:8005/v1/chat/completions "HTTP/1.1 200 OK"

2026-08-17 15:52:35,308 - INFO - HTTP Request: POST http://localhost:8005/v1/chat/completions "HTTP/1.1 200 OK"

2026-08-17 15:52:36,829 - INFO - HTTP Request: POST http://localhost:8005/v1/chat/completions "HTTP/1.1 200 OK"
2026-08-17 15:52:40,195 - INFO - HTTP Request: POST http://localhost:8005/v1/chat/completions "HTTP/1.1 200 OK"
2026-08-17 15:52:49,933 - INFO - HTTP Request: POST http://localhost:8005/v1/chat/completions "HTTP/1.1 200 OK"

2026-08-17 15:52:53,422 - INFO - HTTP Request: POST http://localhost:8005/v1/chat/completions "HTTP/1.1 200 OK"

2026-08-17 15:52:56,029 - INFO - HTTP Request: POST http://localhost:8005/v1/chat/completions "HTTP/1.1 200 OK"
2026-08-17 15:52:56,910 - INFO - HTTP Request: POST http://localhost:8005/v1/chat/completions "HTTP/1.1 200 OK"
2026-08-17 15:53:08,547 - INFO - HTTP Request: POST http://localhost:8005/v1/chat/completions "HTTP/1.1 200 OK"

2026-08-17 15:53:09,427 - INFO - HTTP Request: POST http://localhost:8005/v1/chat/completions "HTTP/1.1 200 OK"

2026-08-17 15:53:09,861 - INFO - HTTP Request: POST http://localhost:8005/v1/chat/completions "HTTP/1.1 200 OK"
2026-08-17 15:53:23,072 - INFO - HTTP Request: POST http://localhost:8005/v1/chat/completions "HTTP/1.1 200 OK"
2026-08-17 15:53:24,267 - INFO - HTTP Request: POST http://localhost:8005/v1/chat/completions "HTTP/1.1 200 OK"

2026-08-17 15:53:29,054 - INFO - HTTP Request: POST http://localhost:8005/v1/chat/completions "HTTP/1.1 200 OK"
2026-08-17 15:53:32,042 - INFO - HTTP Request: POST http://localhost:8005/v1/chat/completions "HTTP/1.1 200 OK"

2026-08-17 15:53:39,658 - INFO - HTTP Request: POST http://localhost:8005/v1/chat/completions "HTTP/1.1 200 OK"
2026-08-17 15:53:43,369 - INFO - HTTP Request: POST http://localhost:8005/v1/chat/completions "HTTP/1.1 200 OK"

2026-08-17 15:53:52,069 - INFO - HTTP Request: POST http://localhost:8005/v1/chat/completions "HTTP/1.1 200 OK"

2026-08-17 15:53:52,286 - INFO - HTTP Request: POST http://localhost:8005/v1/chat/completions "HTTP/1.1 200 OK"
2026-08-17 15:53:53,968 - INFO - HTTP Request: POST http://localhost:8005/v1/chat/completions "HTTP/1.1 200 OK"
2026-08-17 15:54:08,671 - INFO - HTTP Request: POST http://localhost:8005/v1/chat/completions "HTTP/1.1 200 OK"

2026-08-17 15:54:10,198 - INFO - HTTP Request: POST http://localhost:8005/v1/chat/completions "HTTP/1.1 200 OK"

2026-08-17 15:54:12,806 - INFO - HTTP Request: POST http://localhost:8005/v1/chat/completions "HTTP/1.1 200 OK"
2026-08-17 15:54:25,750 - INFO - HTTP Request: POST http://localhost:8005/v1/chat/completions "HTTP/1.1 200 OK"
2026-08-17 15:54:27,283 - INFO - HTTP Request: POST http://localhost:8005/v1/chat/completions "HTTP/1.1 200 OK"

2026-08-17 15:54:29,244 - INFO - HTTP Request: POST http://localhost:8005/v1/chat/completions "HTTP/1.1 200 OK"
2026-08-17 15:54:40,291 - INFO - HTTP Request: POST http://localhost:8005/v1/chat/completions "HTTP/1.1 200 OK"

2026-08-17 15:54:40,292 - INFO - HTTP Request: POST http://localhost:8005/v1/chat/completions "HTTP/1.1 200 OK"
r0_cfg39:  90%|█████████ | 45/50 [1:09:26<09:33, 114.69s/it]2026-08-17 15:54:40,577 - INFO - HTTP Request: POST http://localhost:8005/v1/chat/completions "HTTP/1.1 200 OK"

2026-08-17 15:54:48,074 - INFO - HTTP Request: POST http://localhost:8005/v1/chat/completions "HTTP/1.1 200 OK"
2026-08-17 15:54:57,171 - INFO - HTTP Request: POST http://localhost:8005/v1/chat/completions "HTTP/1.1 200 OK"

2026-08-17 15:55:02,840 - INFO - HTTP Request: POST http://localhost:8005/v1/chat/completions "HTTP/1.1 200 OK"
2026-08-17 15:55:06,399 - INFO - HTTP Request: POST http://localhost:8005/v1/chat/completions "HTTP/1.1 200 OK"

2026-08-17 15:55:10,532 - INFO - HTTP Request: POST http://localhost:8005/v1/chat/completions "HTTP/1.1 200 OK"
2026-08-17 15:55:13,907 - INFO - HTTP Request: POST http://localhost:8005/v1/chat/completions "HTTP/1.1 200 OK"

2026-08-17 15:55:23,052 - INFO - HTTP Request: POST http://localhost:8005/v1/chat/completions "HTTP/1.1 200 OK"

2026-08-17 15:55:30,673 - INFO - HTTP Request: POST http://localhost:8005/v1/chat/completions "HTTP/1.1 200 OK"
2026-08-17 15:55:36,279 - INFO - HTTP Request: POST http://localhost:8005/v1/chat/completions "HTTP/1.1 200 OK"
2026-08-17 15:55:40,805 - INFO - HTTP Request: POST http://localhost:8005/v1/chat/completions "HTTP/1.1 200 OK"
2026-08-17 15:55:43,578 - INFO - HTTP Request: POST http://localhost:8005/v1/chat/completions "HTTP/1.1 200 OK"

r0_cfg39:  92%|█████████▏| 46/50 [1:10:29<06:37, 99.27s/it] 2026-08-17 15:55:52,513 - INFO - HTTP Request: POST http://localhost:8005/v1/chat/completions "HTTP/1.1 200 OK"

2026-08-17 15:55:57,088 - INFO - HTTP Request: POST http://localhost:8005/v1/chat/completions "HTTP/1.1 200 OK"
2026-08-17 15:56:00,684 - INFO - HTTP Request: POST http://localhost:8005/v1/chat/completions "HTTP/1.1 200 OK"

2026-08-17 15:56:05,916 - INFO - HTTP Request: POST http://localhost:8005/v1/chat/completions "HTTP/1.1 200 OK"
2026-08-17 15:56:09,505 - INFO - HTTP Request: POST http://localhost:8005/v1/chat/completions "HTTP/1.1 200 OK"

r0_cfg39:  94%|█████████▍| 47/50 [1:10:55<03:51, 77.27s/it]2026-08-17 15:56:17,548 - INFO - HTTP Request: POST http://localhost:8005/v1/chat/completions "HTTP/1.1 200 OK"
2026-08-17 15:56:22,259 - INFO - HTTP Request: POST http://localhost:8005/v1/chat/completions "HTTP/1.1 200 OK"

2026-08-17 15:56:26,606 - INFO - HTTP Request: POST http://localhost:8005/v1/chat/completions "HTTP/1.1 200 OK"

2026-08-17 15:56:33,768 - INFO - HTTP Request: POST http://localhost:8005/v1/chat/completions "HTTP/1.1 200 OK"
2026-08-17 15:56:48,501 - INFO - HTTP Request: POST http://localhost:8005/v1/chat/completions "HTTP/1.1 200 OK"

r0_cfg39:  96%|█████████▌| 48/50 [1:11:34<02:11, 65.78s/it]2026-08-17 15:56:48,783 - INFO - HTTP Request: POST http://localhost:8005/v1/chat/completions "HTTP/1.1 200 OK"
2026-08-17 15:56:51,036 - INFO - HTTP Request: POST http://localhost:8005/v1/chat/completions "HTTP/1.1 200 OK"
2026-08-17 15:56:58,316 - INFO - HTTP Request: POST http://localhost:8005/v1/chat/completions "HTTP/1.1 200 OK"

2026-08-17 15:57:02,474 - INFO - HTTP Request: POST http://localhost:8005/v1/chat/completions "HTTP/1.1 200 OK"

2026-08-17 15:57:21,154 - INFO - HTTP Request: POST http://localhost:8005/v1/chat/completions "HTTP/1.1 200 OK"
2026-08-17 15:57:22,228 - INFO - HTTP Request: POST http://localhost:8005/v1/chat/completions "HTTP/1.1 200 OK"
2026-08-17 15:57:30,874 - INFO - HTTP Request: POST http://localhost:8005/v1/chat/completions "HTTP/1.1 200 OK"

2026-08-17 15:57:34,823 - INFO - HTTP Request: POST http://localhost:8005/v1/chat/completions "HTTP/1.1 200 OK"

2026-08-17 15:57:58,699 - INFO - HTTP Request: POST http://localhost:8005/v1/chat/completions "HTTP/1.1 200 OK"
2026-08-17 15:57:59,272 - INFO - HTTP Request: POST http://localhost:8005/v1/chat/completions "HTTP/1.1 200 OK"
2026-08-17 15:58:08,575 - INFO - HTTP Request: POST http://localhost:8005/v1/chat/completions "HTTP/1.1 200 OK"

2026-08-17 15:58:14,478 - INFO - HTTP Request: POST http://localhost:8005/v1/chat/completions "HTTP/1.1 200 OK"

2026-08-17 15:58:28,173 - INFO - HTTP Request: POST http://localhost:8005/v1/chat/completions "HTTP/1.1 200 OK"
2026-08-17 15:58:33,988 - INFO - HTTP Request: POST http://localhost:8005/v1/chat/completions "HTTP/1.1 200 OK"
2026-08-17 15:58:41,512 - INFO - HTTP Request: POST http://localhost:8005/v1/chat/completions "HTTP/1.1 200 OK"

2026-08-17 15:58:46,981 - INFO - HTTP Request: POST http://localhost:8005/v1/chat/completions "HTTP/1.1 200 OK"

2026-08-17 15:59:10,223 - INFO - HTTP Request: POST http://localhost:8005/v1/chat/completions "HTTP/1.1 200 OK"
2026-08-17 15:59:15,390 - INFO - HTTP Request: POST http://localhost:8005/v1/chat/completions "HTTP/1.1 200 OK"
2026-08-17 15:59:23,130 - INFO - HTTP Request: POST http://localhost:8005/v1/chat/completions "HTTP/1.1 200 OK"

2026-08-17 15:59:29,467 - INFO - HTTP Request: POST http://localhost:8005/v1/chat/completions "HTTP/1.1 200 OK"

2026-08-17 15:59:49,224 - INFO - HTTP Request: POST http://localhost:8005/v1/chat/completions "HTTP/1.1 200 OK"
2026-08-17 15:59:55,231 - INFO - HTTP Request: POST http://localhost:8005/v1/chat/completions "HTTP/1.1 200 OK"
2026-08-17 16:00:08,011 - INFO - HTTP Request: POST http://localhost:8005/v1/chat/completions "HTTP/1.1 200 OK"

2026-08-17 16:00:12,174 - INFO - HTTP Request: POST http://localhost:8005/v1/chat/completions "HTTP/1.1 200 OK"

r0_cfg39:  98%|█████████▊| 49/50 [1:14:58<01:47, 107.15s/it]2026-08-17 16:00:16,756 - INFO - HTTP Request: POST http://localhost:8005/v1/chat/completions "HTTP/1.1 200 OK"
2026-08-17 16:00:19,194 - INFO - HTTP Request: POST http://localhost:8005/v1/chat/completions "HTTP/1.1 200 OK"

2026-08-17 16:00:25,205 - INFO - HTTP Request: POST http://localhost:8005/v1/chat/completions "HTTP/1.1 200 OK"
2026-08-17 16:00:28,733 - INFO - HTTP Request: POST http://localhost:8005/v1/chat/completions "HTTP/1.1 200 OK"

r0_cfg39: 100%|██████████| 50/50 [1:15:14<00:00, 79.97s/it] r0_cfg39: 100%|██████████| 50/50 [1:15:15<00:00, 90.30s/it]
  done in 4515.1s (valid 50/50, invalid {})

Scored 1 model/s.
Report:  /LAB/Swiss-Knife/tribunal/bayes_search_honesty/eval_results/round0/r0_cfg39/report/index.html
Tables:  /LAB/Swiss-Knife/tribunal/bayes_search_honesty/eval_results/round0/r0_cfg39/model_summary.csv, /LAB/Swiss-Knife/tribunal/bayes_search_honesty/eval_results/round0/r0_cfg39/summary.csv
