2026-08-17 21:27:20,181 - INFO - Judge client pointed at http://localhost:8004/v1
2026-08-17 21:27:23,521 - INFO - Loading Detoxify model (CPU)
2026-08-17 21:27:27,238 - INFO - HTTP Request: HEAD https://huggingface.co/bert-base-uncased/resolve/main/config.json "HTTP/1.1 200 OK"
Warning: You are sending unauthenticated requests to the HF Hub. Please set a HF_TOKEN to enable higher rate limits and faster downloads.
2026-08-17 21:27:27,239 - WARNING - Warning: You are sending unauthenticated requests to the HF Hub. Please set a HF_TOKEN to enable higher rate limits and faster downloads.
input:  /LAB/Swiss-Knife/tribunal/bayes_search_honesty/eval_results/round2/r2_cfg4/_tribunal_input_tmp (1 model file/s)
output: /LAB/Swiss-Knife/tribunal/bayes_search_honesty/eval_results/round2/r2_cfg4
judge:  Qwen/Qwen2.5-32B-Instruct @ http://localhost:8004/v1
detoxify cross-check: True
Loading weights:   0%|          | 0/201 [00:00<?, ?it/s]Loading weights: 100%|██████████| 201/201 [00:00<00:00, 32169.08it/s]
2026-08-17 21:27:27,567 - INFO - HTTP Request: HEAD https://huggingface.co/bert-base-uncased/resolve/main/tokenizer_config.json "HTTP/1.1 200 OK"
2026-08-17 21:27:27,777 - INFO - HTTP Request: GET https://huggingface.co/api/models/bert-base-uncased/tree/main/additional_chat_templates?recursive=false&expand=false "HTTP/1.1 307 Temporary Redirect"
2026-08-17 21:27:27,991 - INFO - HTTP Request: GET https://huggingface.co/api/models/google-bert/bert-base-uncased/tree/main/additional_chat_templates?recursive=false&expand=false "HTTP/1.1 404 Not Found"
2026-08-17 21:27:28,202 - INFO - HTTP Request: GET https://huggingface.co/api/models/bert-base-uncased/tree/main?recursive=true&expand=false "HTTP/1.1 307 Temporary Redirect"
2026-08-17 21:27:28,414 - INFO - HTTP Request: GET https://huggingface.co/api/models/google-bert/bert-base-uncased/tree/main?recursive=true&expand=false "HTTP/1.1 200 OK"

[1/1] r2_cfg4
  scoring 50 records (0 skipped or cached) [workers=4]
r2_cfg4:   0%|          | 0/50 [00:00<?, ?it/s]2026-08-17 21:27:50,359 - INFO - HTTP Request: POST http://localhost:8004/v1/chat/completions "HTTP/1.1 200 OK"
2026-08-17 21:27:50,575 - INFO - HTTP Request: POST http://localhost:8004/v1/chat/completions "HTTP/1.1 200 OK"
2026-08-17 21:27:50,577 - INFO - HTTP Request: POST http://localhost:8004/v1/chat/completions "HTTP/1.1 200 OK"
2026-08-17 21:27:51,127 - INFO - HTTP Request: POST http://localhost:8004/v1/chat/completions "HTTP/1.1 200 OK"
2026-08-17 21:28:02,584 - INFO - HTTP Request: POST http://localhost:8004/v1/chat/completions "HTTP/1.1 200 OK"

2026-08-17 21:28:03,954 - INFO - HTTP Request: POST http://localhost:8004/v1/chat/completions "HTTP/1.1 200 OK"

2026-08-17 21:28:04,825 - INFO - HTTP Request: POST http://localhost:8004/v1/chat/completions "HTTP/1.1 200 OK"

2026-08-17 21:28:08,295 - INFO - HTTP Request: POST http://localhost:8004/v1/chat/completions "HTTP/1.1 200 OK"

2026-08-17 21:28:28,658 - INFO - HTTP Request: POST http://localhost:8004/v1/chat/completions "HTTP/1.1 200 OK"
2026-08-17 21:28:30,388 - INFO - HTTP Request: POST http://localhost:8004/v1/chat/completions "HTTP/1.1 200 OK"
2026-08-17 21:28:31,475 - INFO - HTTP Request: POST http://localhost:8004/v1/chat/completions "HTTP/1.1 200 OK"
2026-08-17 21:28:35,323 - INFO - HTTP Request: POST http://localhost:8004/v1/chat/completions "HTTP/1.1 200 OK"
2026-08-17 21:28:39,114 - INFO - HTTP Request: POST http://localhost:8004/v1/chat/completions "HTTP/1.1 200 OK"

2026-08-17 21:28:45,034 - INFO - HTTP Request: POST http://localhost:8004/v1/chat/completions "HTTP/1.1 200 OK"

2026-08-17 21:28:45,690 - INFO - HTTP Request: POST http://localhost:8004/v1/chat/completions "HTTP/1.1 200 OK"

2026-08-17 21:28:48,296 - INFO - HTTP Request: POST http://localhost:8004/v1/chat/completions "HTTP/1.1 200 OK"

2026-08-17 21:29:03,472 - INFO - HTTP Request: POST http://localhost:8004/v1/chat/completions "HTTP/1.1 200 OK"
2026-08-17 21:29:09,770 - INFO - HTTP Request: POST http://localhost:8004/v1/chat/completions "HTTP/1.1 200 OK"
2026-08-17 21:29:10,647 - INFO - HTTP Request: POST http://localhost:8004/v1/chat/completions "HTTP/1.1 200 OK"
2026-08-17 21:29:13,622 - INFO - HTTP Request: POST http://localhost:8004/v1/chat/completions "HTTP/1.1 200 OK"
2026-08-17 21:29:15,018 - INFO - HTTP Request: POST http://localhost:8004/v1/chat/completions "HTTP/1.1 200 OK"

2026-08-17 21:29:22,901 - INFO - HTTP Request: POST http://localhost:8004/v1/chat/completions "HTTP/1.1 200 OK"

2026-08-17 21:29:23,998 - INFO - HTTP Request: POST http://localhost:8004/v1/chat/completions "HTTP/1.1 200 OK"

2026-08-17 21:29:30,734 - INFO - HTTP Request: POST http://localhost:8004/v1/chat/completions "HTTP/1.1 200 OK"

2026-08-17 21:29:38,979 - INFO - HTTP Request: POST http://localhost:8004/v1/chat/completions "HTTP/1.1 200 OK"
2026-08-17 21:29:47,221 - INFO - HTTP Request: POST http://localhost:8004/v1/chat/completions "HTTP/1.1 200 OK"
2026-08-17 21:29:48,744 - INFO - HTTP Request: POST http://localhost:8004/v1/chat/completions "HTTP/1.1 200 OK"
2026-08-17 21:29:51,346 - INFO - HTTP Request: POST http://localhost:8004/v1/chat/completions "HTTP/1.1 200 OK"

2026-08-17 21:29:55,745 - INFO - HTTP Request: POST http://localhost:8004/v1/chat/completions "HTTP/1.1 200 OK"
2026-08-17 21:30:00,404 - INFO - HTTP Request: POST http://localhost:8004/v1/chat/completions "HTTP/1.1 200 OK"

2026-08-17 21:30:01,719 - INFO - HTTP Request: POST http://localhost:8004/v1/chat/completions "HTTP/1.1 200 OK"

2026-08-17 21:30:08,240 - INFO - HTTP Request: POST http://localhost:8004/v1/chat/completions "HTTP/1.1 200 OK"

2026-08-17 21:30:11,499 - INFO - HTTP Request: POST http://localhost:8004/v1/chat/completions "HTTP/1.1 200 OK"
2026-08-17 21:30:20,613 - INFO - HTTP Request: POST http://localhost:8004/v1/chat/completions "HTTP/1.1 200 OK"
2026-08-17 21:30:21,921 - INFO - HTTP Request: POST http://localhost:8004/v1/chat/completions "HTTP/1.1 200 OK"

2026-08-17 21:30:22,139 - INFO - HTTP Request: POST http://localhost:8004/v1/chat/completions "HTTP/1.1 200 OK"
2026-08-17 21:30:29,093 - INFO - HTTP Request: POST http://localhost:8004/v1/chat/completions "HTTP/1.1 200 OK"
2026-08-17 21:30:34,628 - INFO - HTTP Request: POST http://localhost:8004/v1/chat/completions "HTTP/1.1 200 OK"

2026-08-17 21:30:34,845 - INFO - HTTP Request: POST http://localhost:8004/v1/chat/completions "HTTP/1.1 200 OK"

2026-08-17 21:30:38,106 - INFO - HTTP Request: POST http://localhost:8004/v1/chat/completions "HTTP/1.1 200 OK"

2026-08-17 21:30:51,336 - INFO - HTTP Request: POST http://localhost:8004/v1/chat/completions "HTTP/1.1 200 OK"
2026-08-17 21:31:03,716 - INFO - HTTP Request: POST http://localhost:8004/v1/chat/completions "HTTP/1.1 200 OK"
2026-08-17 21:31:03,933 - INFO - HTTP Request: POST http://localhost:8004/v1/chat/completions "HTTP/1.1 200 OK"
2026-08-17 21:31:04,150 - INFO - HTTP Request: POST http://localhost:8004/v1/chat/completions "HTTP/1.1 200 OK"

2026-08-17 21:31:07,799 - INFO - HTTP Request: POST http://localhost:8004/v1/chat/completions "HTTP/1.1 200 OK"
2026-08-17 21:31:17,024 - INFO - HTTP Request: POST http://localhost:8004/v1/chat/completions "HTTP/1.1 200 OK"

2026-08-17 21:31:17,898 - INFO - HTTP Request: POST http://localhost:8004/v1/chat/completions "HTTP/1.1 200 OK"

2026-08-17 21:31:19,855 - INFO - HTTP Request: POST http://localhost:8004/v1/chat/completions "HTTP/1.1 200 OK"

2026-08-17 21:31:25,060 - INFO - HTTP Request: POST http://localhost:8004/v1/chat/completions "HTTP/1.1 200 OK"
2026-08-17 21:31:34,623 - INFO - HTTP Request: POST http://localhost:8004/v1/chat/completions "HTTP/1.1 200 OK"

2026-08-17 21:31:37,578 - INFO - HTTP Request: POST http://localhost:8004/v1/chat/completions "HTTP/1.1 200 OK"
2026-08-17 21:31:38,670 - INFO - HTTP Request: POST http://localhost:8004/v1/chat/completions "HTTP/1.1 200 OK"
2026-08-17 21:31:40,999 - INFO - HTTP Request: POST http://localhost:8004/v1/chat/completions "HTTP/1.1 200 OK"
2026-08-17 21:31:50,891 - INFO - HTTP Request: POST http://localhost:8004/v1/chat/completions "HTTP/1.1 200 OK"

2026-08-17 21:31:52,635 - INFO - HTTP Request: POST http://localhost:8004/v1/chat/completions "HTTP/1.1 200 OK"

2026-08-17 21:31:58,941 - INFO - HTTP Request: POST http://localhost:8004/v1/chat/completions "HTTP/1.1 200 OK"

2026-08-17 21:32:04,799 - INFO - HTTP Request: POST http://localhost:8004/v1/chat/completions "HTTP/1.1 200 OK"
2026-08-17 21:32:15,092 - INFO - HTTP Request: POST http://localhost:8004/v1/chat/completions "HTTP/1.1 200 OK"

2026-08-17 21:32:20,648 - INFO - HTTP Request: POST http://localhost:8004/v1/chat/completions "HTTP/1.1 200 OK"
2026-08-17 21:32:22,610 - INFO - HTTP Request: POST http://localhost:8004/v1/chat/completions "HTTP/1.1 200 OK"
2026-08-17 21:32:29,230 - INFO - HTTP Request: POST http://localhost:8004/v1/chat/completions "HTTP/1.1 200 OK"
2026-08-17 21:32:36,348 - INFO - HTTP Request: POST http://localhost:8004/v1/chat/completions "HTTP/1.1 200 OK"

2026-08-17 21:32:38,969 - INFO - HTTP Request: POST http://localhost:8004/v1/chat/completions "HTTP/1.1 200 OK"

2026-08-17 21:32:43,106 - INFO - HTTP Request: POST http://localhost:8004/v1/chat/completions "HTTP/1.1 200 OK"

2026-08-17 21:32:47,452 - INFO - HTTP Request: POST http://localhost:8004/v1/chat/completions "HTTP/1.1 200 OK"
2026-08-17 21:32:59,276 - INFO - HTTP Request: POST http://localhost:8004/v1/chat/completions "HTTP/1.1 200 OK"

r2_cfg4:   2%|▏         | 1/50 [05:30<4:30:08, 330.79s/it]2026-08-17 21:33:09,925 - INFO - HTTP Request: POST http://localhost:8004/v1/chat/completions "HTTP/1.1 200 OK"
2026-08-17 21:33:12,537 - INFO - HTTP Request: POST http://localhost:8004/v1/chat/completions "HTTP/1.1 200 OK"
2026-08-17 21:33:15,525 - INFO - HTTP Request: POST http://localhost:8004/v1/chat/completions "HTTP/1.1 200 OK"
2026-08-17 21:33:22,284 - INFO - HTTP Request: POST http://localhost:8004/v1/chat/completions "HTTP/1.1 200 OK"
2026-08-17 21:33:23,029 - INFO - HTTP Request: POST http://localhost:8004/v1/chat/completions "HTTP/1.1 200 OK"

r2_cfg4:   4%|▍         | 2/50 [05:54<2:00:08, 150.18s/it]2026-08-17 21:33:29,186 - INFO - HTTP Request: POST http://localhost:8004/v1/chat/completions "HTTP/1.1 200 OK"

r2_cfg4:   6%|▌         | 3/50 [06:00<1:06:07, 84.42s/it] 2026-08-17 21:33:30,278 - INFO - HTTP Request: POST http://localhost:8004/v1/chat/completions "HTTP/1.1 200 OK"

r2_cfg4:   8%|▊         | 4/50 [06:01<39:29, 51.52s/it]  2026-08-17 21:33:34,185 - INFO - HTTP Request: POST http://localhost:8004/v1/chat/completions "HTTP/1.1 200 OK"

2026-08-17 21:33:44,595 - INFO - HTTP Request: POST http://localhost:8004/v1/chat/completions "HTTP/1.1 200 OK"
2026-08-17 21:33:51,262 - INFO - HTTP Request: POST http://localhost:8004/v1/chat/completions "HTTP/1.1 200 OK"
2026-08-17 21:33:52,879 - INFO - HTTP Request: POST http://localhost:8004/v1/chat/completions "HTTP/1.1 200 OK"
2026-08-17 21:33:58,609 - INFO - HTTP Request: POST http://localhost:8004/v1/chat/completions "HTTP/1.1 200 OK"

2026-08-17 21:34:01,005 - INFO - HTTP Request: POST http://localhost:8004/v1/chat/completions "HTTP/1.1 200 OK"
2026-08-17 21:34:03,769 - INFO - HTTP Request: POST http://localhost:8004/v1/chat/completions "HTTP/1.1 200 OK"

2026-08-17 21:34:04,205 - INFO - HTTP Request: POST http://localhost:8004/v1/chat/completions "HTTP/1.1 200 OK"

2026-08-17 21:34:12,691 - INFO - HTTP Request: POST http://localhost:8004/v1/chat/completions "HTTP/1.1 200 OK"

2026-08-17 21:34:25,064 - INFO - HTTP Request: POST http://localhost:8004/v1/chat/completions "HTTP/1.1 200 OK"
2026-08-17 21:34:30,213 - INFO - HTTP Request: POST http://localhost:8004/v1/chat/completions "HTTP/1.1 200 OK"
2026-08-17 21:34:30,647 - INFO - HTTP Request: POST http://localhost:8004/v1/chat/completions "HTTP/1.1 200 OK"
2026-08-17 21:34:37,779 - INFO - HTTP Request: POST http://localhost:8004/v1/chat/completions "HTTP/1.1 200 OK"
2026-08-17 21:34:37,998 - INFO - HTTP Request: POST http://localhost:8004/v1/chat/completions "HTTP/1.1 200 OK"

2026-08-17 21:34:39,672 - INFO - HTTP Request: POST http://localhost:8004/v1/chat/completions "HTTP/1.1 200 OK"

2026-08-17 21:34:45,332 - INFO - HTTP Request: POST http://localhost:8004/v1/chat/completions "HTTP/1.1 200 OK"

2026-08-17 21:34:49,246 - INFO - HTTP Request: POST http://localhost:8004/v1/chat/completions "HTTP/1.1 200 OK"

2026-08-17 21:35:02,702 - INFO - HTTP Request: POST http://localhost:8004/v1/chat/completions "HTTP/1.1 200 OK"
2026-08-17 21:35:04,374 - INFO - HTTP Request: POST http://localhost:8004/v1/chat/completions "HTTP/1.1 200 OK"
2026-08-17 21:35:10,100 - INFO - HTTP Request: POST http://localhost:8004/v1/chat/completions "HTTP/1.1 200 OK"
2026-08-17 21:35:14,114 - INFO - HTTP Request: POST http://localhost:8004/v1/chat/completions "HTTP/1.1 200 OK"
2026-08-17 21:35:16,505 - INFO - HTTP Request: POST http://localhost:8004/v1/chat/completions "HTTP/1.1 200 OK"

2026-08-17 21:35:18,692 - INFO - HTTP Request: POST http://localhost:8004/v1/chat/completions "HTTP/1.1 200 OK"

2026-08-17 21:35:23,056 - INFO - HTTP Request: POST http://localhost:8004/v1/chat/completions "HTTP/1.1 200 OK"

2026-08-17 21:35:27,411 - INFO - HTTP Request: POST http://localhost:8004/v1/chat/completions "HTTP/1.1 200 OK"

2026-08-17 21:35:40,005 - INFO - HTTP Request: POST http://localhost:8004/v1/chat/completions "HTTP/1.1 200 OK"
2026-08-17 21:35:43,038 - INFO - HTTP Request: POST http://localhost:8004/v1/chat/completions "HTTP/1.1 200 OK"
2026-08-17 21:35:47,753 - INFO - HTTP Request: POST http://localhost:8004/v1/chat/completions "HTTP/1.1 200 OK"
2026-08-17 21:35:47,758 - INFO - HTTP Request: POST http://localhost:8004/v1/chat/completions "HTTP/1.1 200 OK"
2026-08-17 21:35:50,163 - INFO - HTTP Request: POST http://localhost:8004/v1/chat/completions "HTTP/1.1 200 OK"

2026-08-17 21:35:56,485 - INFO - HTTP Request: POST http://localhost:8004/v1/chat/completions "HTTP/1.1 200 OK"

2026-08-17 21:35:59,758 - INFO - HTTP Request: POST http://localhost:8004/v1/chat/completions "HTTP/1.1 200 OK"

2026-08-17 21:36:00,847 - INFO - HTTP Request: POST http://localhost:8004/v1/chat/completions "HTTP/1.1 200 OK"

2026-08-17 21:36:09,959 - INFO - HTTP Request: POST http://localhost:8004/v1/chat/completions "HTTP/1.1 200 OK"
2026-08-17 21:36:16,321 - INFO - HTTP Request: POST http://localhost:8004/v1/chat/completions "HTTP/1.1 200 OK"
2026-08-17 21:36:21,035 - INFO - HTTP Request: POST http://localhost:8004/v1/chat/completions "HTTP/1.1 200 OK"
2026-08-17 21:36:22,871 - INFO - HTTP Request: POST http://localhost:8004/v1/chat/completions "HTTP/1.1 200 OK"

2026-08-17 21:36:27,442 - INFO - HTTP Request: POST http://localhost:8004/v1/chat/completions "HTTP/1.1 200 OK"

2026-08-17 21:36:29,182 - INFO - HTTP Request: POST http://localhost:8004/v1/chat/completions "HTTP/1.1 200 OK"
2026-08-17 21:36:31,232 - INFO - HTTP Request: POST http://localhost:8004/v1/chat/completions "HTTP/1.1 200 OK"

2026-08-17 21:36:44,045 - INFO - HTTP Request: POST http://localhost:8004/v1/chat/completions "HTTP/1.1 200 OK"

2026-08-17 21:36:51,853 - INFO - HTTP Request: POST http://localhost:8004/v1/chat/completions "HTTP/1.1 200 OK"
2026-08-17 21:36:56,480 - INFO - HTTP Request: POST http://localhost:8004/v1/chat/completions "HTTP/1.1 200 OK"
2026-08-17 21:37:00,321 - INFO - HTTP Request: POST http://localhost:8004/v1/chat/completions "HTTP/1.1 200 OK"
2026-08-17 21:37:02,805 - INFO - HTTP Request: POST http://localhost:8004/v1/chat/completions "HTTP/1.1 200 OK"

2026-08-17 21:37:04,765 - INFO - HTTP Request: POST http://localhost:8004/v1/chat/completions "HTTP/1.1 200 OK"
2026-08-17 21:37:09,920 - INFO - HTTP Request: POST http://localhost:8004/v1/chat/completions "HTTP/1.1 200 OK"

2026-08-17 21:37:10,577 - INFO - HTTP Request: POST http://localhost:8004/v1/chat/completions "HTTP/1.1 200 OK"

2026-08-17 21:37:15,788 - INFO - HTTP Request: POST http://localhost:8004/v1/chat/completions "HTTP/1.1 200 OK"

2026-08-17 21:37:23,160 - INFO - HTTP Request: POST http://localhost:8004/v1/chat/completions "HTTP/1.1 200 OK"
2026-08-17 21:37:29,960 - INFO - HTTP Request: POST http://localhost:8004/v1/chat/completions "HTTP/1.1 200 OK"
2026-08-17 21:37:30,922 - INFO - HTTP Request: POST http://localhost:8004/v1/chat/completions "HTTP/1.1 200 OK"
2026-08-17 21:37:34,116 - INFO - HTTP Request: POST http://localhost:8004/v1/chat/completions "HTTP/1.1 200 OK"

2026-08-17 21:37:42,381 - INFO - HTTP Request: POST http://localhost:8004/v1/chat/completions "HTTP/1.1 200 OK"

2026-08-17 21:37:44,556 - INFO - HTTP Request: POST http://localhost:8004/v1/chat/completions "HTTP/1.1 200 OK"

2026-08-17 21:37:45,643 - INFO - HTTP Request: POST http://localhost:8004/v1/chat/completions "HTTP/1.1 200 OK"
2026-08-17 21:37:57,733 - INFO - HTTP Request: POST http://localhost:8004/v1/chat/completions "HTTP/1.1 200 OK"

2026-08-17 21:38:03,597 - INFO - HTTP Request: POST http://localhost:8004/v1/chat/completions "HTTP/1.1 200 OK"
2026-08-17 21:38:11,920 - INFO - HTTP Request: POST http://localhost:8004/v1/chat/completions "HTTP/1.1 200 OK"
2026-08-17 21:38:14,406 - INFO - HTTP Request: POST http://localhost:8004/v1/chat/completions "HTTP/1.1 200 OK"
2026-08-17 21:38:16,948 - INFO - HTTP Request: POST http://localhost:8004/v1/chat/completions "HTTP/1.1 200 OK"

2026-08-17 21:38:24,787 - INFO - HTTP Request: POST http://localhost:8004/v1/chat/completions "HTTP/1.1 200 OK"

2026-08-17 21:38:26,752 - INFO - HTTP Request: POST http://localhost:8004/v1/chat/completions "HTTP/1.1 200 OK"

2026-08-17 21:38:30,881 - INFO - HTTP Request: POST http://localhost:8004/v1/chat/completions "HTTP/1.1 200 OK"
2026-08-17 21:38:44,414 - INFO - HTTP Request: POST http://localhost:8004/v1/chat/completions "HTTP/1.1 200 OK"

r2_cfg4:  10%|█         | 5/50 [11:15<1:49:39, 146.22s/it]2026-08-17 21:38:50,488 - INFO - HTTP Request: POST http://localhost:8004/v1/chat/completions "HTTP/1.1 200 OK"
2026-08-17 21:38:58,379 - INFO - HTTP Request: POST http://localhost:8004/v1/chat/completions "HTTP/1.1 200 OK"
2026-08-17 21:38:59,994 - INFO - HTTP Request: POST http://localhost:8004/v1/chat/completions "HTTP/1.1 200 OK"
2026-08-17 21:39:02,316 - INFO - HTTP Request: POST http://localhost:8004/v1/chat/completions "HTTP/1.1 200 OK"

r2_cfg4:  12%|█▏        | 6/50 [11:33<1:15:14, 102.59s/it]2026-08-17 21:39:07,104 - INFO - HTTP Request: POST http://localhost:8004/v1/chat/completions "HTTP/1.1 200 OK"
2026-08-17 21:39:10,894 - INFO - HTTP Request: POST http://localhost:8004/v1/chat/completions "HTTP/1.1 200 OK"

r2_cfg4:  14%|█▍        | 7/50 [11:42<51:29, 71.86s/it]   2026-08-17 21:39:13,507 - INFO - HTTP Request: POST http://localhost:8004/v1/chat/completions "HTTP/1.1 200 OK"

r2_cfg4:  16%|█▌        | 8/50 [11:45<34:52, 49.81s/it]2026-08-17 21:39:20,018 - INFO - HTTP Request: POST http://localhost:8004/v1/chat/completions "HTTP/1.1 200 OK"

2026-08-17 21:39:24,354 - INFO - HTTP Request: POST http://localhost:8004/v1/chat/completions "HTTP/1.1 200 OK"
2026-08-17 21:39:33,399 - INFO - HTTP Request: POST http://localhost:8004/v1/chat/completions "HTTP/1.1 200 OK"
2026-08-17 21:39:36,102 - INFO - HTTP Request: POST http://localhost:8004/v1/chat/completions "HTTP/1.1 200 OK"
2026-08-17 21:39:36,829 - INFO - HTTP Request: POST http://localhost:8004/v1/chat/completions "HTTP/1.1 200 OK"

2026-08-17 21:39:43,129 - INFO - HTTP Request: POST http://localhost:8004/v1/chat/completions "HTTP/1.1 200 OK"

2026-08-17 21:39:46,384 - INFO - HTTP Request: POST http://localhost:8004/v1/chat/completions "HTTP/1.1 200 OK"

2026-08-17 21:39:46,602 - INFO - HTTP Request: POST http://localhost:8004/v1/chat/completions "HTTP/1.1 200 OK"
2026-08-17 21:39:56,575 - INFO - HTTP Request: POST http://localhost:8004/v1/chat/completions "HTTP/1.1 200 OK"

2026-08-17 21:40:03,295 - INFO - HTTP Request: POST http://localhost:8004/v1/chat/completions "HTTP/1.1 200 OK"
2026-08-17 21:40:09,958 - INFO - HTTP Request: POST http://localhost:8004/v1/chat/completions "HTTP/1.1 200 OK"
2026-08-17 21:40:13,583 - INFO - HTTP Request: POST http://localhost:8004/v1/chat/completions "HTTP/1.1 200 OK"
2026-08-17 21:40:16,922 - INFO - HTTP Request: POST http://localhost:8004/v1/chat/completions "HTTP/1.1 200 OK"

2026-08-17 21:40:21,703 - INFO - HTTP Request: POST http://localhost:8004/v1/chat/completions "HTTP/1.1 200 OK"
2026-08-17 21:40:22,416 - INFO - HTTP Request: POST http://localhost:8004/v1/chat/completions "HTTP/1.1 200 OK"

2026-08-17 21:40:24,186 - INFO - HTTP Request: POST http://localhost:8004/v1/chat/completions "HTTP/1.1 200 OK"

2026-08-17 21:40:34,819 - INFO - HTTP Request: POST http://localhost:8004/v1/chat/completions "HTTP/1.1 200 OK"

2026-08-17 21:40:41,548 - INFO - HTTP Request: POST http://localhost:8004/v1/chat/completions "HTTP/1.1 200 OK"
2026-08-17 21:40:47,120 - INFO - HTTP Request: POST http://localhost:8004/v1/chat/completions "HTTP/1.1 200 OK"
2026-08-17 21:40:49,223 - INFO - HTTP Request: POST http://localhost:8004/v1/chat/completions "HTTP/1.1 200 OK"
2026-08-17 21:40:58,653 - INFO - HTTP Request: POST http://localhost:8004/v1/chat/completions "HTTP/1.1 200 OK"

2026-08-17 21:40:59,087 - INFO - HTTP Request: POST http://localhost:8004/v1/chat/completions "HTTP/1.1 200 OK"
2026-08-17 21:40:59,315 - INFO - HTTP Request: POST http://localhost:8004/v1/chat/completions "HTTP/1.1 200 OK"

2026-08-17 21:41:02,890 - INFO - HTTP Request: POST http://localhost:8004/v1/chat/completions "HTTP/1.1 200 OK"

2026-08-17 21:41:11,576 - INFO - HTTP Request: POST http://localhost:8004/v1/chat/completions "HTTP/1.1 200 OK"

2026-08-17 21:41:22,856 - INFO - HTTP Request: POST http://localhost:8004/v1/chat/completions "HTTP/1.1 200 OK"
2026-08-17 21:41:24,086 - INFO - HTTP Request: POST http://localhost:8004/v1/chat/completions "HTTP/1.1 200 OK"
2026-08-17 21:41:27,198 - INFO - HTTP Request: POST http://localhost:8004/v1/chat/completions "HTTP/1.1 200 OK"
2026-08-17 21:41:32,079 - INFO - HTTP Request: POST http://localhost:8004/v1/chat/completions "HTTP/1.1 200 OK"
2026-08-17 21:41:36,743 - INFO - HTTP Request: POST http://localhost:8004/v1/chat/completions "HTTP/1.1 200 OK"

2026-08-17 21:41:37,177 - INFO - HTTP Request: POST http://localhost:8004/v1/chat/completions "HTTP/1.1 200 OK"

2026-08-17 21:41:41,109 - INFO - HTTP Request: POST http://localhost:8004/v1/chat/completions "HTTP/1.1 200 OK"

2026-08-17 21:41:44,156 - INFO - HTTP Request: POST http://localhost:8004/v1/chat/completions "HTTP/1.1 200 OK"

2026-08-17 21:41:56,078 - INFO - HTTP Request: POST http://localhost:8004/v1/chat/completions "HTTP/1.1 200 OK"
2026-08-17 21:41:57,375 - INFO - HTTP Request: POST http://localhost:8004/v1/chat/completions "HTTP/1.1 200 OK"
2026-08-17 21:42:01,359 - INFO - HTTP Request: POST http://localhost:8004/v1/chat/completions "HTTP/1.1 200 OK"
2026-08-17 21:42:08,465 - INFO - HTTP Request: POST http://localhost:8004/v1/chat/completions "HTTP/1.1 200 OK"

2026-08-17 21:42:11,294 - INFO - HTTP Request: POST http://localhost:8004/v1/chat/completions "HTTP/1.1 200 OK"

2026-08-17 21:42:12,383 - INFO - HTTP Request: POST http://localhost:8004/v1/chat/completions "HTTP/1.1 200 OK"

2026-08-17 21:42:13,685 - INFO - HTTP Request: POST http://localhost:8004/v1/chat/completions "HTTP/1.1 200 OK"
2026-08-17 21:42:29,617 - INFO - HTTP Request: POST http://localhost:8004/v1/chat/completions "HTTP/1.1 200 OK"

2026-08-17 21:42:37,423 - INFO - HTTP Request: POST http://localhost:8004/v1/chat/completions "HTTP/1.1 200 OK"
2026-08-17 21:42:40,315 - INFO - HTTP Request: POST http://localhost:8004/v1/chat/completions "HTTP/1.1 200 OK"
2026-08-17 21:42:41,764 - INFO - HTTP Request: POST http://localhost:8004/v1/chat/completions "HTTP/1.1 200 OK"
2026-08-17 21:42:50,125 - INFO - HTTP Request: POST http://localhost:8004/v1/chat/completions "HTTP/1.1 200 OK"

2026-08-17 21:42:50,344 - INFO - HTTP Request: POST http://localhost:8004/v1/chat/completions "HTTP/1.1 200 OK"
2026-08-17 21:42:51,076 - INFO - HTTP Request: POST http://localhost:8004/v1/chat/completions "HTTP/1.1 200 OK"

2026-08-17 21:42:55,659 - INFO - HTTP Request: POST http://localhost:8004/v1/chat/completions "HTTP/1.1 200 OK"

2026-08-17 21:43:06,946 - INFO - HTTP Request: POST http://localhost:8004/v1/chat/completions "HTTP/1.1 200 OK"

2026-08-17 21:43:10,417 - INFO - HTTP Request: POST http://localhost:8004/v1/chat/completions "HTTP/1.1 200 OK"
2026-08-17 21:43:11,431 - INFO - HTTP Request: POST http://localhost:8004/v1/chat/completions "HTTP/1.1 200 OK"
2026-08-17 21:43:16,123 - INFO - HTTP Request: POST http://localhost:8004/v1/chat/completions "HTTP/1.1 200 OK"
2026-08-17 21:43:26,277 - INFO - HTTP Request: POST http://localhost:8004/v1/chat/completions "HTTP/1.1 200 OK"

2026-08-17 21:43:27,585 - INFO - HTTP Request: POST http://localhost:8004/v1/chat/completions "HTTP/1.1 200 OK"

2026-08-17 21:43:29,543 - INFO - HTTP Request: POST http://localhost:8004/v1/chat/completions "HTTP/1.1 200 OK"

2026-08-17 21:43:36,916 - INFO - HTTP Request: POST http://localhost:8004/v1/chat/completions "HTTP/1.1 200 OK"
2026-08-17 21:43:48,086 - INFO - HTTP Request: POST http://localhost:8004/v1/chat/completions "HTTP/1.1 200 OK"

2026-08-17 21:43:55,686 - INFO - HTTP Request: POST http://localhost:8004/v1/chat/completions "HTTP/1.1 200 OK"
2026-08-17 21:43:57,062 - INFO - HTTP Request: POST http://localhost:8004/v1/chat/completions "HTTP/1.1 200 OK"
2026-08-17 21:43:59,385 - INFO - HTTP Request: POST http://localhost:8004/v1/chat/completions "HTTP/1.1 200 OK"
2026-08-17 21:44:09,104 - INFO - HTTP Request: POST http://localhost:8004/v1/chat/completions "HTTP/1.1 200 OK"

2026-08-17 21:44:09,539 - INFO - HTTP Request: POST http://localhost:8004/v1/chat/completions "HTTP/1.1 200 OK"

2026-08-17 21:44:16,508 - INFO - HTTP Request: POST http://localhost:8004/v1/chat/completions "HTTP/1.1 200 OK"

2026-08-17 21:44:19,985 - INFO - HTTP Request: POST http://localhost:8004/v1/chat/completions "HTTP/1.1 200 OK"
2026-08-17 21:44:31,584 - INFO - HTTP Request: POST http://localhost:8004/v1/chat/completions "HTTP/1.1 200 OK"

r2_cfg4:  18%|█▊        | 9/50 [17:03<1:31:20, 133.68s/it]2026-08-17 21:44:42,212 - INFO - HTTP Request: POST http://localhost:8004/v1/chat/completions "HTTP/1.1 200 OK"
2026-08-17 21:44:42,429 - INFO - HTTP Request: POST http://localhost:8004/v1/chat/completions "HTTP/1.1 200 OK"
2026-08-17 21:44:50,259 - INFO - HTTP Request: POST http://localhost:8004/v1/chat/completions "HTTP/1.1 200 OK"
2026-08-17 21:44:54,105 - INFO - HTTP Request: POST http://localhost:8004/v1/chat/completions "HTTP/1.1 200 OK"

r2_cfg4:  20%|██        | 10/50 [17:25<1:06:14, 99.36s/it]2026-08-17 21:44:54,757 - INFO - HTTP Request: POST http://localhost:8004/v1/chat/completions "HTTP/1.1 200 OK"
2026-08-17 21:44:57,247 - INFO - HTTP Request: POST http://localhost:8004/v1/chat/completions "HTTP/1.1 200 OK"

r2_cfg4:  22%|██▏       | 11/50 [17:28<45:26, 69.91s/it]  2026-08-17 21:45:04,208 - INFO - HTTP Request: POST http://localhost:8004/v1/chat/completions "HTTP/1.1 200 OK"

r2_cfg4:  24%|██▍       | 12/50 [17:35<32:08, 50.76s/it]2026-08-17 21:45:05,513 - INFO - HTTP Request: POST http://localhost:8004/v1/chat/completions "HTTP/1.1 200 OK"

2026-08-17 21:45:16,348 - INFO - HTTP Request: POST http://localhost:8004/v1/chat/completions "HTTP/1.1 200 OK"
2026-08-17 21:45:19,262 - INFO - HTTP Request: POST http://localhost:8004/v1/chat/completions "HTTP/1.1 200 OK"
2026-08-17 21:45:26,581 - INFO - HTTP Request: POST http://localhost:8004/v1/chat/completions "HTTP/1.1 200 OK"
2026-08-17 21:45:29,045 - INFO - HTTP Request: POST http://localhost:8004/v1/chat/completions "HTTP/1.1 200 OK"

2026-08-17 21:45:29,262 - INFO - HTTP Request: POST http://localhost:8004/v1/chat/completions "HTTP/1.1 200 OK"

2026-08-17 21:45:32,302 - INFO - HTTP Request: POST http://localhost:8004/v1/chat/completions "HTTP/1.1 200 OK"
2026-08-17 21:45:39,395 - INFO - HTTP Request: POST http://localhost:8004/v1/chat/completions "HTTP/1.1 200 OK"

2026-08-17 21:45:44,389 - INFO - HTTP Request: POST http://localhost:8004/v1/chat/completions "HTTP/1.1 200 OK"

2026-08-17 21:45:55,445 - INFO - HTTP Request: POST http://localhost:8004/v1/chat/completions "HTTP/1.1 200 OK"
2026-08-17 21:45:55,662 - INFO - HTTP Request: POST http://localhost:8004/v1/chat/completions "HTTP/1.1 200 OK"
2026-08-17 21:46:06,122 - INFO - HTTP Request: POST http://localhost:8004/v1/chat/completions "HTTP/1.1 200 OK"
2026-08-17 21:46:06,850 - INFO - HTTP Request: POST http://localhost:8004/v1/chat/completions "HTTP/1.1 200 OK"

2026-08-17 21:46:09,460 - INFO - HTTP Request: POST http://localhost:8004/v1/chat/completions "HTTP/1.1 200 OK"
2026-08-17 21:46:10,693 - INFO - HTTP Request: POST http://localhost:8004/v1/chat/completions "HTTP/1.1 200 OK"

2026-08-17 21:46:15,908 - INFO - HTTP Request: POST http://localhost:8004/v1/chat/completions "HTTP/1.1 200 OK"

2026-08-17 21:46:19,816 - INFO - HTTP Request: POST http://localhost:8004/v1/chat/completions "HTTP/1.1 200 OK"

2026-08-17 21:46:31,529 - INFO - HTTP Request: POST http://localhost:8004/v1/chat/completions "HTTP/1.1 200 OK"
2026-08-17 21:46:35,313 - INFO - HTTP Request: POST http://localhost:8004/v1/chat/completions "HTTP/1.1 200 OK"
2026-08-17 21:46:40,895 - INFO - HTTP Request: POST http://localhost:8004/v1/chat/completions "HTTP/1.1 200 OK"
2026-08-17 21:46:44,668 - INFO - HTTP Request: POST http://localhost:8004/v1/chat/completions "HTTP/1.1 200 OK"
2026-08-17 21:46:46,505 - INFO - HTTP Request: POST http://localhost:8004/v1/chat/completions "HTTP/1.1 200 OK"

2026-08-17 21:46:50,649 - INFO - HTTP Request: POST http://localhost:8004/v1/chat/completions "HTTP/1.1 200 OK"

2026-08-17 21:46:51,961 - INFO - HTTP Request: POST http://localhost:8004/v1/chat/completions "HTTP/1.1 200 OK"

2026-08-17 21:46:57,394 - INFO - HTTP Request: POST http://localhost:8004/v1/chat/completions "HTTP/1.1 200 OK"

2026-08-17 21:47:10,625 - INFO - HTTP Request: POST http://localhost:8004/v1/chat/completions "HTTP/1.1 200 OK"
2026-08-17 21:47:14,843 - INFO - HTTP Request: POST http://localhost:8004/v1/chat/completions "HTTP/1.1 200 OK"
2026-08-17 21:47:16,729 - INFO - HTTP Request: POST http://localhost:8004/v1/chat/completions "HTTP/1.1 200 OK"
2026-08-17 21:47:17,887 - INFO - HTTP Request: POST http://localhost:8004/v1/chat/completions "HTTP/1.1 200 OK"
2026-08-17 21:47:23,913 - INFO - HTTP Request: POST http://localhost:8004/v1/chat/completions "HTTP/1.1 200 OK"

2026-08-17 21:47:27,620 - INFO - HTTP Request: POST http://localhost:8004/v1/chat/completions "HTTP/1.1 200 OK"

2026-08-17 21:47:28,055 - INFO - HTTP Request: POST http://localhost:8004/v1/chat/completions "HTTP/1.1 200 OK"

2026-08-17 21:47:29,368 - INFO - HTTP Request: POST http://localhost:8004/v1/chat/completions "HTTP/1.1 200 OK"

2026-08-17 21:47:43,676 - INFO - HTTP Request: POST http://localhost:8004/v1/chat/completions "HTTP/1.1 200 OK"
2026-08-17 21:47:48,112 - INFO - HTTP Request: POST http://localhost:8004/v1/chat/completions "HTTP/1.1 200 OK"
2026-08-17 21:47:49,782 - INFO - HTTP Request: POST http://localhost:8004/v1/chat/completions "HTTP/1.1 200 OK"
2026-08-17 21:47:57,034 - INFO - HTTP Request: POST http://localhost:8004/v1/chat/completions "HTTP/1.1 200 OK"
2026-08-17 21:47:58,438 - INFO - HTTP Request: POST http://localhost:8004/v1/chat/completions "HTTP/1.1 200 OK"

2026-08-17 21:48:02,356 - INFO - HTTP Request: POST http://localhost:8004/v1/chat/completions "HTTP/1.1 200 OK"

2026-08-17 21:48:04,314 - INFO - HTTP Request: POST http://localhost:8004/v1/chat/completions "HTTP/1.1 200 OK"

2026-08-17 21:48:09,525 - INFO - HTTP Request: POST http://localhost:8004/v1/chat/completions "HTTP/1.1 200 OK"

2026-08-17 21:48:27,085 - INFO - HTTP Request: POST http://localhost:8004/v1/chat/completions "HTTP/1.1 200 OK"
2026-08-17 21:48:29,784 - INFO - HTTP Request: POST http://localhost:8004/v1/chat/completions "HTTP/1.1 200 OK"
2026-08-17 21:48:31,668 - INFO - HTTP Request: POST http://localhost:8004/v1/chat/completions "HTTP/1.1 200 OK"
2026-08-17 21:48:33,991 - INFO - HTTP Request: POST http://localhost:8004/v1/chat/completions "HTTP/1.1 200 OK"
2026-08-17 21:48:40,812 - INFO - HTTP Request: POST http://localhost:8004/v1/chat/completions "HTTP/1.1 200 OK"

2026-08-17 21:48:41,247 - INFO - HTTP Request: POST http://localhost:8004/v1/chat/completions "HTTP/1.1 200 OK"

2026-08-17 21:48:42,339 - INFO - HTTP Request: POST http://localhost:8004/v1/chat/completions "HTTP/1.1 200 OK"

2026-08-17 21:48:45,378 - INFO - HTTP Request: POST http://localhost:8004/v1/chat/completions "HTTP/1.1 200 OK"

2026-08-17 21:49:00,775 - INFO - HTTP Request: POST http://localhost:8004/v1/chat/completions "HTTP/1.1 200 OK"
2026-08-17 21:49:02,609 - INFO - HTTP Request: POST http://localhost:8004/v1/chat/completions "HTTP/1.1 200 OK"
2026-08-17 21:49:06,019 - INFO - HTTP Request: POST http://localhost:8004/v1/chat/completions "HTTP/1.1 200 OK"
2026-08-17 21:49:11,098 - INFO - HTTP Request: POST http://localhost:8004/v1/chat/completions "HTTP/1.1 200 OK"
2026-08-17 21:49:16,688 - INFO - HTTP Request: POST http://localhost:8004/v1/chat/completions "HTTP/1.1 200 OK"

2026-08-17 21:49:17,997 - INFO - HTTP Request: POST http://localhost:8004/v1/chat/completions "HTTP/1.1 200 OK"

2026-08-17 21:49:19,088 - INFO - HTTP Request: POST http://localhost:8004/v1/chat/completions "HTTP/1.1 200 OK"

2026-08-17 21:49:27,777 - INFO - HTTP Request: POST http://localhost:8004/v1/chat/completions "HTTP/1.1 200 OK"

2026-08-17 21:49:45,785 - INFO - HTTP Request: POST http://localhost:8004/v1/chat/completions "HTTP/1.1 200 OK"
2026-08-17 21:49:47,401 - INFO - HTTP Request: POST http://localhost:8004/v1/chat/completions "HTTP/1.1 200 OK"
2026-08-17 21:49:48,562 - INFO - HTTP Request: POST http://localhost:8004/v1/chat/completions "HTTP/1.1 200 OK"
2026-08-17 21:49:59,810 - INFO - HTTP Request: POST http://localhost:8004/v1/chat/completions "HTTP/1.1 200 OK"

2026-08-17 21:50:01,560 - INFO - HTTP Request: POST http://localhost:8004/v1/chat/completions "HTTP/1.1 200 OK"
2026-08-17 21:50:02,288 - INFO - HTTP Request: POST http://localhost:8004/v1/chat/completions "HTTP/1.1 200 OK"

2026-08-17 21:50:02,795 - INFO - HTTP Request: POST http://localhost:8004/v1/chat/completions "HTTP/1.1 200 OK"

2026-08-17 21:50:11,066 - INFO - HTTP Request: POST http://localhost:8004/v1/chat/completions "HTTP/1.1 200 OK"

r2_cfg4:  26%|██▌       | 13/50 [22:42<1:19:08, 128.34s/it]2026-08-17 21:50:32,752 - INFO - HTTP Request: POST http://localhost:8004/v1/chat/completions "HTTP/1.1 200 OK"
2026-08-17 21:50:32,758 - INFO - HTTP Request: POST http://localhost:8004/v1/chat/completions "HTTP/1.1 200 OK"
2026-08-17 21:50:35,127 - INFO - HTTP Request: POST http://localhost:8004/v1/chat/completions "HTTP/1.1 200 OK"
2026-08-17 21:50:36,291 - INFO - HTTP Request: POST http://localhost:8004/v1/chat/completions "HTTP/1.1 200 OK"
2026-08-17 21:50:45,088 - INFO - HTTP Request: POST http://localhost:8004/v1/chat/completions "HTTP/1.1 200 OK"

r2_cfg4:  28%|██▊       | 14/50 [23:16<59:54, 99.85s/it]   2026-08-17 21:50:45,962 - INFO - HTTP Request: POST http://localhost:8004/v1/chat/completions "HTTP/1.1 200 OK"

2026-08-17 21:50:46,619 - INFO - HTTP Request: POST http://localhost:8004/v1/chat/completions "HTTP/1.1 200 OK"

r2_cfg4:  30%|███       | 15/50 [23:18<40:57, 70.21s/it]2026-08-17 21:50:52,915 - INFO - HTTP Request: POST http://localhost:8004/v1/chat/completions "HTTP/1.1 200 OK"

r2_cfg4:  32%|███▏      | 16/50 [23:24<28:53, 50.98s/it]2026-08-17 21:51:06,789 - INFO - HTTP Request: POST http://localhost:8004/v1/chat/completions "HTTP/1.1 200 OK"
2026-08-17 21:51:08,401 - INFO - HTTP Request: POST http://localhost:8004/v1/chat/completions "HTTP/1.1 200 OK"
2026-08-17 21:51:12,453 - INFO - HTTP Request: POST http://localhost:8004/v1/chat/completions "HTTP/1.1 200 OK"
2026-08-17 21:51:15,416 - INFO - HTTP Request: POST http://localhost:8004/v1/chat/completions "HTTP/1.1 200 OK"
2026-08-17 21:51:17,469 - INFO - HTTP Request: POST http://localhost:8004/v1/chat/completions "HTTP/1.1 200 OK"

2026-08-17 21:51:20,297 - INFO - HTTP Request: POST http://localhost:8004/v1/chat/completions "HTTP/1.1 200 OK"

2026-08-17 21:51:22,037 - INFO - HTTP Request: POST http://localhost:8004/v1/chat/completions "HTTP/1.1 200 OK"

2026-08-17 21:51:28,114 - INFO - HTTP Request: POST http://localhost:8004/v1/chat/completions "HTTP/1.1 200 OK"

2026-08-17 21:51:43,289 - INFO - HTTP Request: POST http://localhost:8004/v1/chat/completions "HTTP/1.1 200 OK"
2026-08-17 21:51:45,668 - INFO - HTTP Request: POST http://localhost:8004/v1/chat/completions "HTTP/1.1 200 OK"
2026-08-17 21:51:46,972 - INFO - HTTP Request: POST http://localhost:8004/v1/chat/completions "HTTP/1.1 200 OK"
2026-08-17 21:51:54,146 - INFO - HTTP Request: POST http://localhost:8004/v1/chat/completions "HTTP/1.1 200 OK"

2026-08-17 21:51:55,017 - INFO - HTTP Request: POST http://localhost:8004/v1/chat/completions "HTTP/1.1 200 OK"
2026-08-17 21:51:59,028 - INFO - HTTP Request: POST http://localhost:8004/v1/chat/completions "HTTP/1.1 200 OK"

2026-08-17 21:51:59,029 - INFO - HTTP Request: POST http://localhost:8004/v1/chat/completions "HTTP/1.1 200 OK"

2026-08-17 21:52:08,150 - INFO - HTTP Request: POST http://localhost:8004/v1/chat/completions "HTTP/1.1 200 OK"

2026-08-17 21:52:18,771 - INFO - HTTP Request: POST http://localhost:8004/v1/chat/completions "HTTP/1.1 200 OK"
2026-08-17 21:52:22,773 - INFO - HTTP Request: POST http://localhost:8004/v1/chat/completions "HTTP/1.1 200 OK"
2026-08-17 21:52:23,786 - INFO - HTTP Request: POST http://localhost:8004/v1/chat/completions "HTTP/1.1 200 OK"
2026-08-17 21:52:30,888 - INFO - HTTP Request: POST http://localhost:8004/v1/chat/completions "HTTP/1.1 200 OK"

2026-08-17 21:52:31,983 - INFO - HTTP Request: POST http://localhost:8004/v1/chat/completions "HTTP/1.1 200 OK"
2026-08-17 21:52:36,211 - INFO - HTTP Request: POST http://localhost:8004/v1/chat/completions "HTTP/1.1 200 OK"

2026-08-17 21:52:37,742 - INFO - HTTP Request: POST http://localhost:8004/v1/chat/completions "HTTP/1.1 200 OK"

2026-08-17 21:52:45,347 - INFO - HTTP Request: POST http://localhost:8004/v1/chat/completions "HTTP/1.1 200 OK"

2026-08-17 21:52:55,326 - INFO - HTTP Request: POST http://localhost:8004/v1/chat/completions "HTTP/1.1 200 OK"
2026-08-17 21:52:56,288 - INFO - HTTP Request: POST http://localhost:8004/v1/chat/completions "HTTP/1.1 200 OK"
2026-08-17 21:53:02,068 - INFO - HTTP Request: POST http://localhost:8004/v1/chat/completions "HTTP/1.1 200 OK"
2026-08-17 21:53:06,776 - INFO - HTTP Request: POST http://localhost:8004/v1/chat/completions "HTTP/1.1 200 OK"

2026-08-17 21:53:07,648 - INFO - HTTP Request: POST http://localhost:8004/v1/chat/completions "HTTP/1.1 200 OK"

2026-08-17 21:53:09,827 - INFO - HTTP Request: POST http://localhost:8004/v1/chat/completions "HTTP/1.1 200 OK"
2026-08-17 21:53:15,566 - INFO - HTTP Request: POST http://localhost:8004/v1/chat/completions "HTTP/1.1 200 OK"

2026-08-17 21:53:22,304 - INFO - HTTP Request: POST http://localhost:8004/v1/chat/completions "HTTP/1.1 200 OK"

2026-08-17 21:53:27,731 - INFO - HTTP Request: POST http://localhost:8004/v1/chat/completions "HTTP/1.1 200 OK"
2026-08-17 21:53:35,639 - INFO - HTTP Request: POST http://localhost:8004/v1/chat/completions "HTTP/1.1 200 OK"
2026-08-17 21:53:36,071 - INFO - HTTP Request: POST http://localhost:8004/v1/chat/completions "HTTP/1.1 200 OK"
2026-08-17 21:53:40,920 - INFO - HTTP Request: POST http://localhost:8004/v1/chat/completions "HTTP/1.1 200 OK"

2026-08-17 21:53:42,660 - INFO - HTTP Request: POST http://localhost:8004/v1/chat/completions "HTTP/1.1 200 OK"
2026-08-17 21:53:44,927 - INFO - HTTP Request: POST http://localhost:8004/v1/chat/completions "HTTP/1.1 200 OK"

2026-08-17 21:53:49,275 - INFO - HTTP Request: POST http://localhost:8004/v1/chat/completions "HTTP/1.1 200 OK"

2026-08-17 21:53:55,358 - INFO - HTTP Request: POST http://localhost:8004/v1/chat/completions "HTTP/1.1 200 OK"

2026-08-17 21:54:09,234 - INFO - HTTP Request: POST http://localhost:8004/v1/chat/completions "HTTP/1.1 200 OK"
2026-08-17 21:54:10,026 - INFO - HTTP Request: POST http://localhost:8004/v1/chat/completions "HTTP/1.1 200 OK"
2026-08-17 21:54:14,023 - INFO - HTTP Request: POST http://localhost:8004/v1/chat/completions "HTTP/1.1 200 OK"
2026-08-17 21:54:22,647 - INFO - HTTP Request: POST http://localhost:8004/v1/chat/completions "HTTP/1.1 200 OK"

2026-08-17 21:54:24,607 - INFO - HTTP Request: POST http://localhost:8004/v1/chat/completions "HTTP/1.1 200 OK"
2026-08-17 21:54:26,005 - INFO - HTTP Request: POST http://localhost:8004/v1/chat/completions "HTTP/1.1 200 OK"

2026-08-17 21:54:28,398 - INFO - HTTP Request: POST http://localhost:8004/v1/chat/completions "HTTP/1.1 200 OK"

2026-08-17 21:54:39,040 - INFO - HTTP Request: POST http://localhost:8004/v1/chat/completions "HTTP/1.1 200 OK"

2026-08-17 21:54:45,979 - INFO - HTTP Request: POST http://localhost:8004/v1/chat/completions "HTTP/1.1 200 OK"
2026-08-17 21:54:48,680 - INFO - HTTP Request: POST http://localhost:8004/v1/chat/completions "HTTP/1.1 200 OK"
2026-08-17 21:54:52,520 - INFO - HTTP Request: POST http://localhost:8004/v1/chat/completions "HTTP/1.1 200 OK"
2026-08-17 21:54:58,964 - INFO - HTTP Request: POST http://localhost:8004/v1/chat/completions "HTTP/1.1 200 OK"

2026-08-17 21:54:59,620 - INFO - HTTP Request: POST http://localhost:8004/v1/chat/completions "HTTP/1.1 200 OK"
2026-08-17 21:55:00,802 - INFO - HTTP Request: POST http://localhost:8004/v1/chat/completions "HTTP/1.1 200 OK"

2026-08-17 21:55:04,717 - INFO - HTTP Request: POST http://localhost:8004/v1/chat/completions "HTTP/1.1 200 OK"

2026-08-17 21:55:15,584 - INFO - HTTP Request: POST http://localhost:8004/v1/chat/completions "HTTP/1.1 200 OK"

2026-08-17 21:55:28,382 - INFO - HTTP Request: POST http://localhost:8004/v1/chat/completions "HTTP/1.1 200 OK"
2026-08-17 21:55:30,215 - INFO - HTTP Request: POST http://localhost:8004/v1/chat/completions "HTTP/1.1 200 OK"
2026-08-17 21:55:38,188 - INFO - HTTP Request: POST http://localhost:8004/v1/chat/completions "HTTP/1.1 200 OK"
2026-08-17 21:55:41,589 - INFO - HTTP Request: POST http://localhost:8004/v1/chat/completions "HTTP/1.1 200 OK"

2026-08-17 21:55:45,297 - INFO - HTTP Request: POST http://localhost:8004/v1/chat/completions "HTTP/1.1 200 OK"
2026-08-17 21:55:46,013 - INFO - HTTP Request: POST http://localhost:8004/v1/chat/completions "HTTP/1.1 200 OK"

2026-08-17 21:55:48,881 - INFO - HTTP Request: POST http://localhost:8004/v1/chat/completions "HTTP/1.1 200 OK"

r2_cfg4:  34%|███▍      | 17/50 [28:20<1:08:33, 124.64s/it]2026-08-17 21:56:01,040 - INFO - HTTP Request: POST http://localhost:8004/v1/chat/completions "HTTP/1.1 200 OK"

2026-08-17 21:56:10,808 - INFO - HTTP Request: POST http://localhost:8004/v1/chat/completions "HTTP/1.1 200 OK"
2026-08-17 21:56:15,294 - INFO - HTTP Request: POST http://localhost:8004/v1/chat/completions "HTTP/1.1 200 OK"
2026-08-17 21:56:19,133 - INFO - HTTP Request: POST http://localhost:8004/v1/chat/completions "HTTP/1.1 200 OK"
2026-08-17 21:56:26,627 - INFO - HTTP Request: POST http://localhost:8004/v1/chat/completions "HTTP/1.1 200 OK"

2026-08-17 21:56:28,804 - INFO - HTTP Request: POST http://localhost:8004/v1/chat/completions "HTTP/1.1 200 OK"

r2_cfg4:  36%|███▌      | 18/50 [29:00<52:53, 99.19s/it]   2026-08-17 21:56:30,544 - INFO - HTTP Request: POST http://localhost:8004/v1/chat/completions "HTTP/1.1 200 OK"

r2_cfg4:  38%|███▊      | 19/50 [29:02<36:07, 69.92s/it]2026-08-17 21:56:34,882 - INFO - HTTP Request: POST http://localhost:8004/v1/chat/completions "HTTP/1.1 200 OK"
2026-08-17 21:56:47,351 - INFO - HTTP Request: POST http://localhost:8004/v1/chat/completions "HTTP/1.1 200 OK"

r2_cfg4:  40%|████      | 20/50 [29:18<26:59, 53.97s/it]2026-08-17 21:56:50,820 - INFO - HTTP Request: POST http://localhost:8004/v1/chat/completions "HTTP/1.1 200 OK"
2026-08-17 21:56:53,081 - INFO - HTTP Request: POST http://localhost:8004/v1/chat/completions "HTTP/1.1 200 OK"
2026-08-17 21:56:53,299 - INFO - HTTP Request: POST http://localhost:8004/v1/chat/completions "HTTP/1.1 200 OK"
2026-08-17 21:57:03,744 - INFO - HTTP Request: POST http://localhost:8004/v1/chat/completions "HTTP/1.1 200 OK"

2026-08-17 21:57:05,703 - INFO - HTTP Request: POST http://localhost:8004/v1/chat/completions "HTTP/1.1 200 OK"

2026-08-17 21:57:10,264 - INFO - HTTP Request: POST http://localhost:8004/v1/chat/completions "HTTP/1.1 200 OK"
2026-08-17 21:57:10,990 - INFO - HTTP Request: POST http://localhost:8004/v1/chat/completions "HTTP/1.1 200 OK"

2026-08-17 21:57:24,950 - INFO - HTTP Request: POST http://localhost:8004/v1/chat/completions "HTTP/1.1 200 OK"

2026-08-17 21:57:30,154 - INFO - HTTP Request: POST http://localhost:8004/v1/chat/completions "HTTP/1.1 200 OK"
2026-08-17 21:57:32,468 - INFO - HTTP Request: POST http://localhost:8004/v1/chat/completions "HTTP/1.1 200 OK"
2026-08-17 21:57:36,026 - INFO - HTTP Request: POST http://localhost:8004/v1/chat/completions "HTTP/1.1 200 OK"
2026-08-17 21:57:42,702 - INFO - HTTP Request: POST http://localhost:8004/v1/chat/completions "HTTP/1.1 200 OK"

2026-08-17 21:57:47,706 - INFO - HTTP Request: POST http://localhost:8004/v1/chat/completions "HTTP/1.1 200 OK"

2026-08-17 21:57:50,748 - INFO - HTTP Request: POST http://localhost:8004/v1/chat/completions "HTTP/1.1 200 OK"

2026-08-17 21:57:52,057 - INFO - HTTP Request: POST http://localhost:8004/v1/chat/completions "HTTP/1.1 200 OK"
2026-08-17 21:58:03,488 - INFO - HTTP Request: POST http://localhost:8004/v1/chat/completions "HTTP/1.1 200 OK"

2026-08-17 21:58:07,394 - INFO - HTTP Request: POST http://localhost:8004/v1/chat/completions "HTTP/1.1 200 OK"
2026-08-17 21:58:12,698 - INFO - HTTP Request: POST http://localhost:8004/v1/chat/completions "HTTP/1.1 200 OK"
2026-08-17 21:58:15,820 - INFO - HTTP Request: POST http://localhost:8004/v1/chat/completions "HTTP/1.1 200 OK"
2026-08-17 21:58:17,766 - INFO - HTTP Request: POST http://localhost:8004/v1/chat/completions "HTTP/1.1 200 OK"

2026-08-17 21:58:23,863 - INFO - HTTP Request: POST http://localhost:8004/v1/chat/completions "HTTP/1.1 200 OK"

2026-08-17 21:58:28,648 - INFO - HTTP Request: POST http://localhost:8004/v1/chat/completions "HTTP/1.1 200 OK"

2026-08-17 21:58:28,865 - INFO - HTTP Request: POST http://localhost:8004/v1/chat/completions "HTTP/1.1 200 OK"
2026-08-17 21:58:40,091 - INFO - HTTP Request: POST http://localhost:8004/v1/chat/completions "HTTP/1.1 200 OK"

2026-08-17 21:58:41,616 - INFO - HTTP Request: POST http://localhost:8004/v1/chat/completions "HTTP/1.1 200 OK"
2026-08-17 21:58:48,438 - INFO - HTTP Request: POST http://localhost:8004/v1/chat/completions "HTTP/1.1 200 OK"
2026-08-17 21:58:49,383 - INFO - HTTP Request: POST http://localhost:8004/v1/chat/completions "HTTP/1.1 200 OK"
2026-08-17 21:58:54,748 - INFO - HTTP Request: POST http://localhost:8004/v1/chat/completions "HTTP/1.1 200 OK"

2026-08-17 21:59:00,846 - INFO - HTTP Request: POST http://localhost:8004/v1/chat/completions "HTTP/1.1 200 OK"

2026-08-17 21:59:03,461 - INFO - HTTP Request: POST http://localhost:8004/v1/chat/completions "HTTP/1.1 200 OK"

2026-08-17 21:59:05,196 - INFO - HTTP Request: POST http://localhost:8004/v1/chat/completions "HTTP/1.1 200 OK"
2026-08-17 21:59:14,408 - INFO - HTTP Request: POST http://localhost:8004/v1/chat/completions "HTTP/1.1 200 OK"
2026-08-17 21:59:17,877 - INFO - HTTP Request: POST http://localhost:8004/v1/chat/completions "HTTP/1.1 200 OK"

2026-08-17 21:59:21,360 - INFO - HTTP Request: POST http://localhost:8004/v1/chat/completions "HTTP/1.1 200 OK"
2026-08-17 21:59:29,915 - INFO - HTTP Request: POST http://localhost:8004/v1/chat/completions "HTTP/1.1 200 OK"

2026-08-17 21:59:31,003 - INFO - HTTP Request: POST http://localhost:8004/v1/chat/completions "HTTP/1.1 200 OK"

2026-08-17 21:59:33,173 - INFO - HTTP Request: POST http://localhost:8004/v1/chat/completions "HTTP/1.1 200 OK"
2026-08-17 21:59:38,259 - INFO - HTTP Request: POST http://localhost:8004/v1/chat/completions "HTTP/1.1 200 OK"
2026-08-17 21:59:47,968 - INFO - HTTP Request: POST http://localhost:8004/v1/chat/completions "HTTP/1.1 200 OK"

2026-08-17 21:59:49,491 - INFO - HTTP Request: POST http://localhost:8004/v1/chat/completions "HTTP/1.1 200 OK"

2026-08-17 21:59:59,247 - INFO - HTTP Request: POST http://localhost:8004/v1/chat/completions "HTTP/1.1 200 OK"
2026-08-17 22:00:00,641 - INFO - HTTP Request: POST http://localhost:8004/v1/chat/completions "HTTP/1.1 200 OK"
2026-08-17 22:00:10,065 - INFO - HTTP Request: POST http://localhost:8004/v1/chat/completions "HTTP/1.1 200 OK"
2026-08-17 22:00:10,810 - INFO - HTTP Request: POST http://localhost:8004/v1/chat/completions "HTTP/1.1 200 OK"

2026-08-17 22:00:15,871 - INFO - HTTP Request: POST http://localhost:8004/v1/chat/completions "HTTP/1.1 200 OK"

2026-08-17 22:00:17,612 - INFO - HTTP Request: POST http://localhost:8004/v1/chat/completions "HTTP/1.1 200 OK"
2026-08-17 22:00:25,096 - INFO - HTTP Request: POST http://localhost:8004/v1/chat/completions "HTTP/1.1 200 OK"

2026-08-17 22:00:31,181 - INFO - HTTP Request: POST http://localhost:8004/v1/chat/completions "HTTP/1.1 200 OK"
2026-08-17 22:00:33,236 - INFO - HTTP Request: POST http://localhost:8004/v1/chat/completions "HTTP/1.1 200 OK"

2026-08-17 22:00:36,498 - INFO - HTTP Request: POST http://localhost:8004/v1/chat/completions "HTTP/1.1 200 OK"
2026-08-17 22:00:45,055 - INFO - HTTP Request: POST http://localhost:8004/v1/chat/completions "HTTP/1.1 200 OK"

2026-08-17 22:00:48,967 - INFO - HTTP Request: POST http://localhost:8004/v1/chat/completions "HTTP/1.1 200 OK"

2026-08-17 22:00:53,523 - INFO - HTTP Request: POST http://localhost:8004/v1/chat/completions "HTTP/1.1 200 OK"
2026-08-17 22:00:55,188 - INFO - HTTP Request: POST http://localhost:8004/v1/chat/completions "HTTP/1.1 200 OK"
2026-08-17 22:01:06,645 - INFO - HTTP Request: POST http://localhost:8004/v1/chat/completions "HTTP/1.1 200 OK"

2026-08-17 22:01:07,953 - INFO - HTTP Request: POST http://localhost:8004/v1/chat/completions "HTTP/1.1 200 OK"

2026-08-17 22:01:14,900 - INFO - HTTP Request: POST http://localhost:8004/v1/chat/completions "HTTP/1.1 200 OK"
2026-08-17 22:01:19,124 - INFO - HTTP Request: POST http://localhost:8004/v1/chat/completions "HTTP/1.1 200 OK"
2026-08-17 22:01:27,036 - INFO - HTTP Request: POST http://localhost:8004/v1/chat/completions "HTTP/1.1 200 OK"

2026-08-17 22:01:30,521 - INFO - HTTP Request: POST http://localhost:8004/v1/chat/completions "HTTP/1.1 200 OK"

2026-08-17 22:01:36,386 - INFO - HTTP Request: POST http://localhost:8004/v1/chat/completions "HTTP/1.1 200 OK"
2026-08-17 22:01:41,959 - INFO - HTTP Request: POST http://localhost:8004/v1/chat/completions "HTTP/1.1 200 OK"
2026-08-17 22:01:51,677 - INFO - HTTP Request: POST http://localhost:8004/v1/chat/completions "HTTP/1.1 200 OK"

2026-08-17 22:01:53,425 - INFO - HTTP Request: POST http://localhost:8004/v1/chat/completions "HTTP/1.1 200 OK"

r2_cfg4:  42%|████▏     | 21/50 [34:24<1:02:39, 129.65s/it]2026-08-17 22:02:00,153 - INFO - HTTP Request: POST http://localhost:8004/v1/chat/completions "HTTP/1.1 200 OK"
2026-08-17 22:02:04,714 - INFO - HTTP Request: POST http://localhost:8004/v1/chat/completions "HTTP/1.1 200 OK"
2026-08-17 22:02:11,103 - INFO - HTTP Request: POST http://localhost:8004/v1/chat/completions "HTTP/1.1 200 OK"

r2_cfg4:  44%|████▍     | 22/50 [34:42<44:49, 96.04s/it]   2026-08-17 22:02:16,100 - INFO - HTTP Request: POST http://localhost:8004/v1/chat/completions "HTTP/1.1 200 OK"
2026-08-17 22:02:19,073 - INFO - HTTP Request: POST http://localhost:8004/v1/chat/completions "HTTP/1.1 200 OK"

r2_cfg4:  46%|████▌     | 23/50 [34:50<31:19, 69.61s/it]2026-08-17 22:02:25,156 - INFO - HTTP Request: POST http://localhost:8004/v1/chat/completions "HTTP/1.1 200 OK"
2026-08-17 22:02:28,126 - INFO - HTTP Request: POST http://localhost:8004/v1/chat/completions "HTTP/1.1 200 OK"

2026-08-17 22:02:33,774 - INFO - HTTP Request: POST http://localhost:8004/v1/chat/completions "HTTP/1.1 200 OK"
2026-08-17 22:02:36,095 - INFO - HTTP Request: POST http://localhost:8004/v1/chat/completions "HTTP/1.1 200 OK"

r2_cfg4:  48%|████▊     | 24/50 [35:07<23:19, 53.83s/it]2026-08-17 22:02:41,741 - INFO - HTTP Request: POST http://localhost:8004/v1/chat/completions "HTTP/1.1 200 OK"
2026-08-17 22:02:43,570 - INFO - HTTP Request: POST http://localhost:8004/v1/chat/completions "HTTP/1.1 200 OK"

2026-08-17 22:02:54,859 - INFO - HTTP Request: POST http://localhost:8004/v1/chat/completions "HTTP/1.1 200 OK"
2026-08-17 22:02:55,077 - INFO - HTTP Request: POST http://localhost:8004/v1/chat/completions "HTTP/1.1 200 OK"

2026-08-17 22:02:58,699 - INFO - HTTP Request: POST http://localhost:8004/v1/chat/completions "HTTP/1.1 200 OK"
2026-08-17 22:03:08,036 - INFO - HTTP Request: POST http://localhost:8004/v1/chat/completions "HTTP/1.1 200 OK"

2026-08-17 22:03:10,209 - INFO - HTTP Request: POST http://localhost:8004/v1/chat/completions "HTTP/1.1 200 OK"
2026-08-17 22:03:10,426 - INFO - HTTP Request: POST http://localhost:8004/v1/chat/completions "HTTP/1.1 200 OK"

2026-08-17 22:03:20,564 - INFO - HTTP Request: POST http://localhost:8004/v1/chat/completions "HTTP/1.1 200 OK"

2026-08-17 22:03:22,082 - INFO - HTTP Request: POST http://localhost:8004/v1/chat/completions "HTTP/1.1 200 OK"
2026-08-17 22:03:31,947 - INFO - HTTP Request: POST http://localhost:8004/v1/chat/completions "HTTP/1.1 200 OK"
2026-08-17 22:03:33,180 - INFO - HTTP Request: POST http://localhost:8004/v1/chat/completions "HTTP/1.1 200 OK"

2026-08-17 22:03:37,307 - INFO - HTTP Request: POST http://localhost:8004/v1/chat/completions "HTTP/1.1 200 OK"
2026-08-17 22:03:45,869 - INFO - HTTP Request: POST http://localhost:8004/v1/chat/completions "HTTP/1.1 200 OK"
2026-08-17 22:03:47,323 - INFO - HTTP Request: POST http://localhost:8004/v1/chat/completions "HTTP/1.1 200 OK"

2026-08-17 22:03:51,898 - INFO - HTTP Request: POST http://localhost:8004/v1/chat/completions "HTTP/1.1 200 OK"

2026-08-17 22:03:56,461 - INFO - HTTP Request: POST http://localhost:8004/v1/chat/completions "HTTP/1.1 200 OK"

2026-08-17 22:03:58,202 - INFO - HTTP Request: POST http://localhost:8004/v1/chat/completions "HTTP/1.1 200 OK"
2026-08-17 22:04:11,541 - INFO - HTTP Request: POST http://localhost:8004/v1/chat/completions "HTTP/1.1 200 OK"
2026-08-17 22:04:11,758 - INFO - HTTP Request: POST http://localhost:8004/v1/chat/completions "HTTP/1.1 200 OK"

2026-08-17 22:04:15,820 - INFO - HTTP Request: POST http://localhost:8004/v1/chat/completions "HTTP/1.1 200 OK"
2026-08-17 22:04:21,248 - INFO - HTTP Request: POST http://localhost:8004/v1/chat/completions "HTTP/1.1 200 OK"
2026-08-17 22:04:24,658 - INFO - HTTP Request: POST http://localhost:8004/v1/chat/completions "HTTP/1.1 200 OK"

2026-08-17 22:04:28,580 - INFO - HTTP Request: POST http://localhost:8004/v1/chat/completions "HTTP/1.1 200 OK"

2026-08-17 22:04:33,799 - INFO - HTTP Request: POST http://localhost:8004/v1/chat/completions "HTTP/1.1 200 OK"

2026-08-17 22:04:36,191 - INFO - HTTP Request: POST http://localhost:8004/v1/chat/completions "HTTP/1.1 200 OK"
2026-08-17 22:04:44,748 - INFO - HTTP Request: POST http://localhost:8004/v1/chat/completions "HTTP/1.1 200 OK"
2026-08-17 22:04:48,809 - INFO - HTTP Request: POST http://localhost:8004/v1/chat/completions "HTTP/1.1 200 OK"

2026-08-17 22:04:53,378 - INFO - HTTP Request: POST http://localhost:8004/v1/chat/completions "HTTP/1.1 200 OK"
2026-08-17 22:04:53,812 - INFO - HTTP Request: POST http://localhost:8004/v1/chat/completions "HTTP/1.1 200 OK"
2026-08-17 22:04:57,934 - INFO - HTTP Request: POST http://localhost:8004/v1/chat/completions "HTTP/1.1 200 OK"

2026-08-17 22:05:04,675 - INFO - HTTP Request: POST http://localhost:8004/v1/chat/completions "HTTP/1.1 200 OK"

2026-08-17 22:05:07,282 - INFO - HTTP Request: POST http://localhost:8004/v1/chat/completions "HTTP/1.1 200 OK"

2026-08-17 22:05:09,241 - INFO - HTTP Request: POST http://localhost:8004/v1/chat/completions "HTTP/1.1 200 OK"
2026-08-17 22:05:19,970 - INFO - HTTP Request: POST http://localhost:8004/v1/chat/completions "HTTP/1.1 200 OK"

2026-08-17 22:05:26,909 - INFO - HTTP Request: POST http://localhost:8004/v1/chat/completions "HTTP/1.1 200 OK"
2026-08-17 22:05:27,640 - INFO - HTTP Request: POST http://localhost:8004/v1/chat/completions "HTTP/1.1 200 OK"
2026-08-17 22:05:34,165 - INFO - HTTP Request: POST http://localhost:8004/v1/chat/completions "HTTP/1.1 200 OK"
2026-08-17 22:05:38,011 - INFO - HTTP Request: POST http://localhost:8004/v1/chat/completions "HTTP/1.1 200 OK"

2026-08-17 22:05:40,623 - INFO - HTTP Request: POST http://localhost:8004/v1/chat/completions "HTTP/1.1 200 OK"

2026-08-17 22:05:43,883 - INFO - HTTP Request: POST http://localhost:8004/v1/chat/completions "HTTP/1.1 200 OK"

2026-08-17 22:05:49,521 - INFO - HTTP Request: POST http://localhost:8004/v1/chat/completions "HTTP/1.1 200 OK"
2026-08-17 22:06:00,902 - INFO - HTTP Request: POST http://localhost:8004/v1/chat/completions "HTTP/1.1 200 OK"

2026-08-17 22:06:00,903 - INFO - HTTP Request: POST http://localhost:8004/v1/chat/completions "HTTP/1.1 200 OK"
2026-08-17 22:06:04,525 - INFO - HTTP Request: POST http://localhost:8004/v1/chat/completions "HTTP/1.1 200 OK"
2026-08-17 22:06:07,718 - INFO - HTTP Request: POST http://localhost:8004/v1/chat/completions "HTTP/1.1 200 OK"
2026-08-17 22:06:15,763 - INFO - HTTP Request: POST http://localhost:8004/v1/chat/completions "HTTP/1.1 200 OK"

2026-08-17 22:06:17,288 - INFO - HTTP Request: POST http://localhost:8004/v1/chat/completions "HTTP/1.1 200 OK"

2026-08-17 22:06:21,632 - INFO - HTTP Request: POST http://localhost:8004/v1/chat/completions "HTTP/1.1 200 OK"

2026-08-17 22:06:21,849 - INFO - HTTP Request: POST http://localhost:8004/v1/chat/completions "HTTP/1.1 200 OK"
2026-08-17 22:06:39,539 - INFO - HTTP Request: POST http://localhost:8004/v1/chat/completions "HTTP/1.1 200 OK"

2026-08-17 22:06:41,927 - INFO - HTTP Request: POST http://localhost:8004/v1/chat/completions "HTTP/1.1 200 OK"
2026-08-17 22:06:45,396 - INFO - HTTP Request: POST http://localhost:8004/v1/chat/completions "HTTP/1.1 200 OK"
2026-08-17 22:06:47,284 - INFO - HTTP Request: POST http://localhost:8004/v1/chat/completions "HTTP/1.1 200 OK"
2026-08-17 22:06:56,357 - INFO - HTTP Request: POST http://localhost:8004/v1/chat/completions "HTTP/1.1 200 OK"

2026-08-17 22:06:57,022 - INFO - HTTP Request: POST http://localhost:8004/v1/chat/completions "HTTP/1.1 200 OK"

2026-08-17 22:07:04,845 - INFO - HTTP Request: POST http://localhost:8004/v1/chat/completions "HTTP/1.1 200 OK"

2026-08-17 22:07:09,625 - INFO - HTTP Request: POST http://localhost:8004/v1/chat/completions "HTTP/1.1 200 OK"
2026-08-17 22:07:26,231 - INFO - HTTP Request: POST http://localhost:8004/v1/chat/completions "HTTP/1.1 200 OK"

2026-08-17 22:07:26,448 - INFO - HTTP Request: POST http://localhost:8004/v1/chat/completions "HTTP/1.1 200 OK"
2026-08-17 22:07:29,267 - INFO - HTTP Request: POST http://localhost:8004/v1/chat/completions "HTTP/1.1 200 OK"
2026-08-17 22:07:38,761 - INFO - HTTP Request: POST http://localhost:8004/v1/chat/completions "HTTP/1.1 200 OK"
2026-08-17 22:07:41,742 - INFO - HTTP Request: POST http://localhost:8004/v1/chat/completions "HTTP/1.1 200 OK"

2026-08-17 22:07:43,275 - INFO - HTTP Request: POST http://localhost:8004/v1/chat/completions "HTTP/1.1 200 OK"

r2_cfg4:  50%|█████     | 25/50 [40:14<54:06, 129.85s/it]2026-08-17 22:07:54,138 - INFO - HTTP Request: POST http://localhost:8004/v1/chat/completions "HTTP/1.1 200 OK"

r2_cfg4:  52%|█████▏    | 26/50 [40:25<37:39, 94.15s/it] 2026-08-17 22:07:59,561 - INFO - HTTP Request: POST http://localhost:8004/v1/chat/completions "HTTP/1.1 200 OK"
2026-08-17 22:08:05,299 - INFO - HTTP Request: POST http://localhost:8004/v1/chat/completions "HTTP/1.1 200 OK"
2026-08-17 22:08:14,740 - INFO - HTTP Request: POST http://localhost:8004/v1/chat/completions "HTTP/1.1 200 OK"
2026-08-17 22:08:16,042 - INFO - HTTP Request: POST http://localhost:8004/v1/chat/completions "HTTP/1.1 200 OK"

r2_cfg4:  54%|█████▍    | 27/50 [40:47<27:46, 72.47s/it]2026-08-17 22:08:16,913 - INFO - HTTP Request: POST http://localhost:8004/v1/chat/completions "HTTP/1.1 200 OK"
2026-08-17 22:08:21,141 - INFO - HTTP Request: POST http://localhost:8004/v1/chat/completions "HTTP/1.1 200 OK"

2026-08-17 22:08:29,619 - INFO - HTTP Request: POST http://localhost:8004/v1/chat/completions "HTTP/1.1 200 OK"

2026-08-17 22:08:33,310 - INFO - HTTP Request: POST http://localhost:8004/v1/chat/completions "HTTP/1.1 200 OK"

r2_cfg4:  56%|█████▌    | 28/50 [41:04<20:30, 55.91s/it]2026-08-17 22:08:38,296 - INFO - HTTP Request: POST http://localhost:8004/v1/chat/completions "HTTP/1.1 200 OK"
2026-08-17 22:08:47,562 - INFO - HTTP Request: POST http://localhost:8004/v1/chat/completions "HTTP/1.1 200 OK"
2026-08-17 22:08:50,917 - INFO - HTTP Request: POST http://localhost:8004/v1/chat/completions "HTTP/1.1 200 OK"

2026-08-17 22:08:55,914 - INFO - HTTP Request: POST http://localhost:8004/v1/chat/completions "HTTP/1.1 200 OK"
2026-08-17 22:08:56,657 - INFO - HTTP Request: POST http://localhost:8004/v1/chat/completions "HTTP/1.1 200 OK"
2026-08-17 22:08:59,850 - INFO - HTTP Request: POST http://localhost:8004/v1/chat/completions "HTTP/1.1 200 OK"

2026-08-17 22:09:08,549 - INFO - HTTP Request: POST http://localhost:8004/v1/chat/completions "HTTP/1.1 200 OK"

2026-08-17 22:09:13,329 - INFO - HTTP Request: POST http://localhost:8004/v1/chat/completions "HTTP/1.1 200 OK"

2026-08-17 22:09:17,665 - INFO - HTTP Request: POST http://localhost:8004/v1/chat/completions "HTTP/1.1 200 OK"
2026-08-17 22:09:23,458 - INFO - HTTP Request: POST http://localhost:8004/v1/chat/completions "HTTP/1.1 200 OK"
2026-08-17 22:09:30,945 - INFO - HTTP Request: POST http://localhost:8004/v1/chat/completions "HTTP/1.1 200 OK"

2026-08-17 22:09:35,290 - INFO - HTTP Request: POST http://localhost:8004/v1/chat/completions "HTTP/1.1 200 OK"
2026-08-17 22:09:38,698 - INFO - HTTP Request: POST http://localhost:8004/v1/chat/completions "HTTP/1.1 200 OK"
2026-08-17 22:09:41,405 - INFO - HTTP Request: POST http://localhost:8004/v1/chat/completions "HTTP/1.1 200 OK"

2026-08-17 22:09:48,372 - INFO - HTTP Request: POST http://localhost:8004/v1/chat/completions "HTTP/1.1 200 OK"

2026-08-17 22:09:48,807 - INFO - HTTP Request: POST http://localhost:8004/v1/chat/completions "HTTP/1.1 200 OK"

2026-08-17 22:09:55,972 - INFO - HTTP Request: POST http://localhost:8004/v1/chat/completions "HTTP/1.1 200 OK"
2026-08-17 22:10:05,674 - INFO - HTTP Request: POST http://localhost:8004/v1/chat/completions "HTTP/1.1 200 OK"
2026-08-17 22:10:06,635 - INFO - HTTP Request: POST http://localhost:8004/v1/chat/completions "HTTP/1.1 200 OK"

2026-08-17 22:10:13,372 - INFO - HTTP Request: POST http://localhost:8004/v1/chat/completions "HTTP/1.1 200 OK"
2026-08-17 22:10:13,590 - INFO - HTTP Request: POST http://localhost:8004/v1/chat/completions "HTTP/1.1 200 OK"
2026-08-17 22:10:18,511 - INFO - HTTP Request: POST http://localhost:8004/v1/chat/completions "HTTP/1.1 200 OK"

2026-08-17 22:10:26,348 - INFO - HTTP Request: POST http://localhost:8004/v1/chat/completions "HTTP/1.1 200 OK"

2026-08-17 22:10:26,782 - INFO - HTTP Request: POST http://localhost:8004/v1/chat/completions "HTTP/1.1 200 OK"

2026-08-17 22:10:31,565 - INFO - HTTP Request: POST http://localhost:8004/v1/chat/completions "HTTP/1.1 200 OK"
2026-08-17 22:10:38,225 - INFO - HTTP Request: POST http://localhost:8004/v1/chat/completions "HTTP/1.1 200 OK"
2026-08-17 22:10:44,405 - INFO - HTTP Request: POST http://localhost:8004/v1/chat/completions "HTTP/1.1 200 OK"

2026-08-17 22:10:47,236 - INFO - HTTP Request: POST http://localhost:8004/v1/chat/completions "HTTP/1.1 200 OK"
2026-08-17 22:10:51,459 - INFO - HTTP Request: POST http://localhost:8004/v1/chat/completions "HTTP/1.1 200 OK"
2026-08-17 22:10:53,128 - INFO - HTTP Request: POST http://localhost:8004/v1/chat/completions "HTTP/1.1 200 OK"

2026-08-17 22:11:04,218 - INFO - HTTP Request: POST http://localhost:8004/v1/chat/completions "HTTP/1.1 200 OK"

2026-08-17 22:11:04,880 - INFO - HTTP Request: POST http://localhost:8004/v1/chat/completions "HTTP/1.1 200 OK"
2026-08-17 22:11:06,769 - INFO - HTTP Request: POST http://localhost:8004/v1/chat/completions "HTTP/1.1 200 OK"

2026-08-17 22:11:18,060 - INFO - HTTP Request: POST http://localhost:8004/v1/chat/completions "HTTP/1.1 200 OK"

2026-08-17 22:11:22,181 - INFO - HTTP Request: POST http://localhost:8004/v1/chat/completions "HTTP/1.1 200 OK"
2026-08-17 22:11:24,658 - INFO - HTTP Request: POST http://localhost:8004/v1/chat/completions "HTTP/1.1 200 OK"
2026-08-17 22:11:34,805 - INFO - HTTP Request: POST http://localhost:8004/v1/chat/completions "HTTP/1.1 200 OK"

2026-08-17 22:11:36,112 - INFO - HTTP Request: POST http://localhost:8004/v1/chat/completions "HTTP/1.1 200 OK"
2026-08-17 22:11:36,840 - INFO - HTTP Request: POST http://localhost:8004/v1/chat/completions "HTTP/1.1 200 OK"

2026-08-17 22:11:47,713 - INFO - HTTP Request: POST http://localhost:8004/v1/chat/completions "HTTP/1.1 200 OK"
2026-08-17 22:11:53,730 - INFO - HTTP Request: POST http://localhost:8004/v1/chat/completions "HTTP/1.1 200 OK"

2026-08-17 22:11:57,208 - INFO - HTTP Request: POST http://localhost:8004/v1/chat/completions "HTTP/1.1 200 OK"
2026-08-17 22:12:02,739 - INFO - HTTP Request: POST http://localhost:8004/v1/chat/completions "HTTP/1.1 200 OK"

2026-08-17 22:12:04,480 - INFO - HTTP Request: POST http://localhost:8004/v1/chat/completions "HTTP/1.1 200 OK"
2026-08-17 22:12:14,406 - INFO - HTTP Request: POST http://localhost:8004/v1/chat/completions "HTTP/1.1 200 OK"
2026-08-17 22:12:16,240 - INFO - HTTP Request: POST http://localhost:8004/v1/chat/completions "HTTP/1.1 200 OK"

2026-08-17 22:12:18,853 - INFO - HTTP Request: POST http://localhost:8004/v1/chat/completions "HTTP/1.1 200 OK"

2026-08-17 22:12:23,418 - INFO - HTTP Request: POST http://localhost:8004/v1/chat/completions "HTTP/1.1 200 OK"
2026-08-17 22:12:26,609 - INFO - HTTP Request: POST http://localhost:8004/v1/chat/completions "HTTP/1.1 200 OK"

2026-08-17 22:12:39,212 - INFO - HTTP Request: POST http://localhost:8004/v1/chat/completions "HTTP/1.1 200 OK"
2026-08-17 22:12:44,361 - INFO - HTTP Request: POST http://localhost:8004/v1/chat/completions "HTTP/1.1 200 OK"

2026-08-17 22:12:46,102 - INFO - HTTP Request: POST http://localhost:8004/v1/chat/completions "HTTP/1.1 200 OK"
2026-08-17 22:12:52,283 - INFO - HTTP Request: POST http://localhost:8004/v1/chat/completions "HTTP/1.1 200 OK"

2026-08-17 22:12:56,412 - INFO - HTTP Request: POST http://localhost:8004/v1/chat/completions "HTTP/1.1 200 OK"
2026-08-17 22:12:58,027 - INFO - HTTP Request: POST http://localhost:8004/v1/chat/completions "HTTP/1.1 200 OK"

2026-08-17 22:13:11,938 - INFO - HTTP Request: POST http://localhost:8004/v1/chat/completions "HTTP/1.1 200 OK"

2026-08-17 22:13:14,115 - INFO - HTTP Request: POST http://localhost:8004/v1/chat/completions "HTTP/1.1 200 OK"
2026-08-17 22:13:22,087 - INFO - HTTP Request: POST http://localhost:8004/v1/chat/completions "HTTP/1.1 200 OK"
2026-08-17 22:13:29,414 - INFO - HTTP Request: POST http://localhost:8004/v1/chat/completions "HTTP/1.1 200 OK"

2026-08-17 22:13:31,813 - INFO - HTTP Request: POST http://localhost:8004/v1/chat/completions "HTTP/1.1 200 OK"
2026-08-17 22:13:44,741 - INFO - HTTP Request: POST http://localhost:8004/v1/chat/completions "HTTP/1.1 200 OK"

2026-08-17 22:13:45,403 - INFO - HTTP Request: POST http://localhost:8004/v1/chat/completions "HTTP/1.1 200 OK"
2026-08-17 22:13:47,234 - INFO - HTTP Request: POST http://localhost:8004/v1/chat/completions "HTTP/1.1 200 OK"

r2_cfg4:  58%|█████▊    | 29/50 [46:18<46:39, 133.32s/it]2026-08-17 22:14:01,133 - INFO - HTTP Request: POST http://localhost:8004/v1/chat/completions "HTTP/1.1 200 OK"

r2_cfg4:  60%|██████    | 30/50 [46:32<32:29, 97.49s/it] 2026-08-17 22:14:02,436 - INFO - HTTP Request: POST http://localhost:8004/v1/chat/completions "HTTP/1.1 200 OK"
2026-08-17 22:14:09,533 - INFO - HTTP Request: POST http://localhost:8004/v1/chat/completions "HTTP/1.1 200 OK"
2026-08-17 22:14:17,020 - INFO - HTTP Request: POST http://localhost:8004/v1/chat/completions "HTTP/1.1 200 OK"

r2_cfg4:  62%|██████▏   | 31/50 [46:48<23:07, 73.01s/it]2026-08-17 22:14:18,326 - INFO - HTTP Request: POST http://localhost:8004/v1/chat/completions "HTTP/1.1 200 OK"
2026-08-17 22:14:22,968 - INFO - HTTP Request: POST http://localhost:8004/v1/chat/completions "HTTP/1.1 200 OK"

2026-08-17 22:14:24,272 - INFO - HTTP Request: POST http://localhost:8004/v1/chat/completions "HTTP/1.1 200 OK"
2026-08-17 22:14:34,640 - INFO - HTTP Request: POST http://localhost:8004/v1/chat/completions "HTTP/1.1 200 OK"

r2_cfg4:  64%|██████▍   | 32/50 [47:06<16:55, 56.39s/it]2026-08-17 22:14:36,163 - INFO - HTTP Request: POST http://localhost:8004/v1/chat/completions "HTTP/1.1 200 OK"

2026-08-17 22:14:39,846 - INFO - HTTP Request: POST http://localhost:8004/v1/chat/completions "HTTP/1.1 200 OK"
2026-08-17 22:14:49,545 - INFO - HTTP Request: POST http://localhost:8004/v1/chat/completions "HTTP/1.1 200 OK"

2026-08-17 22:14:49,546 - INFO - HTTP Request: POST http://localhost:8004/v1/chat/completions "HTTP/1.1 200 OK"
2026-08-17 22:14:57,350 - INFO - HTTP Request: POST http://localhost:8004/v1/chat/completions "HTTP/1.1 200 OK"
2026-08-17 22:15:03,139 - INFO - HTTP Request: POST http://localhost:8004/v1/chat/completions "HTTP/1.1 200 OK"
2026-08-17 22:15:03,356 - INFO - HTTP Request: POST http://localhost:8004/v1/chat/completions "HTTP/1.1 200 OK"

2026-08-17 22:15:07,200 - INFO - HTTP Request: POST http://localhost:8004/v1/chat/completions "HTTP/1.1 200 OK"

2026-08-17 22:15:13,500 - INFO - HTTP Request: POST http://localhost:8004/v1/chat/completions "HTTP/1.1 200 OK"

2026-08-17 22:15:16,536 - INFO - HTTP Request: POST http://localhost:8004/v1/chat/completions "HTTP/1.1 200 OK"
2026-08-17 22:15:27,973 - INFO - HTTP Request: POST http://localhost:8004/v1/chat/completions "HTTP/1.1 200 OK"

2026-08-17 22:15:28,407 - INFO - HTTP Request: POST http://localhost:8004/v1/chat/completions "HTTP/1.1 200 OK"
2026-08-17 22:15:33,926 - INFO - HTTP Request: POST http://localhost:8004/v1/chat/completions "HTTP/1.1 200 OK"
2026-08-17 22:15:38,631 - INFO - HTTP Request: POST http://localhost:8004/v1/chat/completions "HTTP/1.1 200 OK"
2026-08-17 22:15:40,952 - INFO - HTTP Request: POST http://localhost:8004/v1/chat/completions "HTTP/1.1 200 OK"

2026-08-17 22:15:45,526 - INFO - HTTP Request: POST http://localhost:8004/v1/chat/completions "HTTP/1.1 200 OK"

2026-08-17 22:15:50,306 - INFO - HTTP Request: POST http://localhost:8004/v1/chat/completions "HTTP/1.1 200 OK"

2026-08-17 22:15:53,133 - INFO - HTTP Request: POST http://localhost:8004/v1/chat/completions "HTTP/1.1 200 OK"
2026-08-17 22:16:05,220 - INFO - HTTP Request: POST http://localhost:8004/v1/chat/completions "HTTP/1.1 200 OK"
2026-08-17 22:16:06,831 - INFO - HTTP Request: POST http://localhost:8004/v1/chat/completions "HTTP/1.1 200 OK"

2026-08-17 22:16:10,531 - INFO - HTTP Request: POST http://localhost:8004/v1/chat/completions "HTTP/1.1 200 OK"
2026-08-17 22:16:15,016 - INFO - HTTP Request: POST http://localhost:8004/v1/chat/completions "HTTP/1.1 200 OK"
2026-08-17 22:16:18,208 - INFO - HTTP Request: POST http://localhost:8004/v1/chat/completions "HTTP/1.1 200 OK"

2026-08-17 22:16:21,260 - INFO - HTTP Request: POST http://localhost:8004/v1/chat/completions "HTTP/1.1 200 OK"

2026-08-17 22:16:27,348 - INFO - HTTP Request: POST http://localhost:8004/v1/chat/completions "HTTP/1.1 200 OK"

2026-08-17 22:16:31,257 - INFO - HTTP Request: POST http://localhost:8004/v1/chat/completions "HTTP/1.1 200 OK"
2026-08-17 22:16:38,349 - INFO - HTTP Request: POST http://localhost:8004/v1/chat/completions "HTTP/1.1 200 OK"
2026-08-17 22:16:43,877 - INFO - HTTP Request: POST http://localhost:8004/v1/chat/completions "HTTP/1.1 200 OK"

2026-08-17 22:16:45,840 - INFO - HTTP Request: POST http://localhost:8004/v1/chat/completions "HTTP/1.1 200 OK"
2026-08-17 22:16:47,933 - INFO - HTTP Request: POST http://localhost:8004/v1/chat/completions "HTTP/1.1 200 OK"
2026-08-17 22:16:50,475 - INFO - HTTP Request: POST http://localhost:8004/v1/chat/completions "HTTP/1.1 200 OK"

2026-08-17 22:16:58,735 - INFO - HTTP Request: POST http://localhost:8004/v1/chat/completions "HTTP/1.1 200 OK"

2026-08-17 22:17:01,783 - INFO - HTTP Request: POST http://localhost:8004/v1/chat/completions "HTTP/1.1 200 OK"

2026-08-17 22:17:04,169 - INFO - HTTP Request: POST http://localhost:8004/v1/chat/completions "HTTP/1.1 200 OK"
2026-08-17 22:17:16,038 - INFO - HTTP Request: POST http://localhost:8004/v1/chat/completions "HTTP/1.1 200 OK"

2026-08-17 22:17:18,859 - INFO - HTTP Request: POST http://localhost:8004/v1/chat/completions "HTTP/1.1 200 OK"
2026-08-17 22:17:19,649 - INFO - HTTP Request: POST http://localhost:8004/v1/chat/completions "HTTP/1.1 200 OK"
2026-08-17 22:17:28,639 - INFO - HTTP Request: POST http://localhost:8004/v1/chat/completions "HTTP/1.1 200 OK"

2026-08-17 22:17:31,248 - INFO - HTTP Request: POST http://localhost:8004/v1/chat/completions "HTTP/1.1 200 OK"
2026-08-17 22:17:34,653 - INFO - HTTP Request: POST http://localhost:8004/v1/chat/completions "HTTP/1.1 200 OK"

2026-08-17 22:17:45,515 - INFO - HTTP Request: POST http://localhost:8004/v1/chat/completions "HTTP/1.1 200 OK"
2026-08-17 22:17:46,530 - INFO - HTTP Request: POST http://localhost:8004/v1/chat/completions "HTTP/1.1 200 OK"

2026-08-17 22:17:55,001 - INFO - HTTP Request: POST http://localhost:8004/v1/chat/completions "HTTP/1.1 200 OK"
2026-08-17 22:17:55,218 - INFO - HTTP Request: POST http://localhost:8004/v1/chat/completions "HTTP/1.1 200 OK"

2026-08-17 22:17:58,357 - INFO - HTTP Request: POST http://localhost:8004/v1/chat/completions "HTTP/1.1 200 OK"
2026-08-17 22:18:06,968 - INFO - HTTP Request: POST http://localhost:8004/v1/chat/completions "HTTP/1.1 200 OK"
2026-08-17 22:18:09,292 - INFO - HTTP Request: POST http://localhost:8004/v1/chat/completions "HTTP/1.1 200 OK"

2026-08-17 22:18:09,727 - INFO - HTTP Request: POST http://localhost:8004/v1/chat/completions "HTTP/1.1 200 OK"

2026-08-17 22:18:16,029 - INFO - HTTP Request: POST http://localhost:8004/v1/chat/completions "HTTP/1.1 200 OK"
2026-08-17 22:18:22,484 - INFO - HTTP Request: POST http://localhost:8004/v1/chat/completions "HTTP/1.1 200 OK"

2026-08-17 22:18:29,657 - INFO - HTTP Request: POST http://localhost:8004/v1/chat/completions "HTTP/1.1 200 OK"
2026-08-17 22:18:30,089 - INFO - HTTP Request: POST http://localhost:8004/v1/chat/completions "HTTP/1.1 200 OK"

2026-08-17 22:18:39,349 - INFO - HTTP Request: POST http://localhost:8004/v1/chat/completions "HTTP/1.1 200 OK"
2026-08-17 22:18:43,792 - INFO - HTTP Request: POST http://localhost:8004/v1/chat/completions "HTTP/1.1 200 OK"

2026-08-17 22:18:52,050 - INFO - HTTP Request: POST http://localhost:8004/v1/chat/completions "HTTP/1.1 200 OK"
2026-08-17 22:18:56,548 - INFO - HTTP Request: POST http://localhost:8004/v1/chat/completions "HTTP/1.1 200 OK"

2026-08-17 22:19:00,034 - INFO - HTTP Request: POST http://localhost:8004/v1/chat/completions "HTTP/1.1 200 OK"
2026-08-17 22:19:05,185 - INFO - HTTP Request: POST http://localhost:8004/v1/chat/completions "HTTP/1.1 200 OK"

2026-08-17 22:19:12,582 - INFO - HTTP Request: POST http://localhost:8004/v1/chat/completions "HTTP/1.1 200 OK"

2026-08-17 22:19:13,675 - INFO - HTTP Request: POST http://localhost:8004/v1/chat/completions "HTTP/1.1 200 OK"
2026-08-17 22:19:26,623 - INFO - HTTP Request: POST http://localhost:8004/v1/chat/completions "HTTP/1.1 200 OK"

2026-08-17 22:19:30,101 - INFO - HTTP Request: POST http://localhost:8004/v1/chat/completions "HTTP/1.1 200 OK"
2026-08-17 22:19:38,665 - INFO - HTTP Request: POST http://localhost:8004/v1/chat/completions "HTTP/1.1 200 OK"
2026-08-17 22:19:42,512 - INFO - HTTP Request: POST http://localhost:8004/v1/chat/completions "HTTP/1.1 200 OK"

r2_cfg4:  66%|██████▌   | 33/50 [52:14<37:21, 131.84s/it]2026-08-17 22:19:45,773 - INFO - HTTP Request: POST http://localhost:8004/v1/chat/completions "HTTP/1.1 200 OK"
2026-08-17 22:19:52,884 - INFO - HTTP Request: POST http://localhost:8004/v1/chat/completions "HTTP/1.1 200 OK"

r2_cfg4:  68%|██████▊   | 34/50 [52:24<25:26, 95.40s/it] 2026-08-17 22:19:58,751 - INFO - HTTP Request: POST http://localhost:8004/v1/chat/completions "HTTP/1.1 200 OK"

r2_cfg4:  70%|███████   | 35/50 [52:30<17:08, 68.54s/it]2026-08-17 22:20:00,271 - INFO - HTTP Request: POST http://localhost:8004/v1/chat/completions "HTTP/1.1 200 OK"
2026-08-17 22:20:04,750 - INFO - HTTP Request: POST http://localhost:8004/v1/chat/completions "HTTP/1.1 200 OK"
2026-08-17 22:20:14,796 - INFO - HTTP Request: POST http://localhost:8004/v1/chat/completions "HTTP/1.1 200 OK"
2026-08-17 22:20:15,230 - INFO - HTTP Request: POST http://localhost:8004/v1/chat/completions "HTTP/1.1 200 OK"

2026-08-17 22:20:15,593 - INFO - HTTP Request: POST http://localhost:8004/v1/chat/completions "HTTP/1.1 200 OK"

r2_cfg4:  72%|███████▏  | 36/50 [52:47<12:22, 53.03s/it]2026-08-17 22:20:21,017 - INFO - HTTP Request: POST http://localhost:8004/v1/chat/completions "HTTP/1.1 200 OK"
2026-08-17 22:20:25,283 - INFO - HTTP Request: POST http://localhost:8004/v1/chat/completions "HTTP/1.1 200 OK"

2026-08-17 22:20:33,745 - INFO - HTTP Request: POST http://localhost:8004/v1/chat/completions "HTTP/1.1 200 OK"

2026-08-17 22:20:37,648 - INFO - HTTP Request: POST http://localhost:8004/v1/chat/completions "HTTP/1.1 200 OK"
2026-08-17 22:20:41,863 - INFO - HTTP Request: POST http://localhost:8004/v1/chat/completions "HTTP/1.1 200 OK"
2026-08-17 22:20:49,752 - INFO - HTTP Request: POST http://localhost:8004/v1/chat/completions "HTTP/1.1 200 OK"

2026-08-17 22:20:51,707 - INFO - HTTP Request: POST http://localhost:8004/v1/chat/completions "HTTP/1.1 200 OK"
2026-08-17 22:20:54,013 - INFO - HTTP Request: POST http://localhost:8004/v1/chat/completions "HTTP/1.1 200 OK"

2026-08-17 22:21:00,304 - INFO - HTTP Request: POST http://localhost:8004/v1/chat/completions "HTTP/1.1 200 OK"
2026-08-17 22:21:03,269 - INFO - HTTP Request: POST http://localhost:8004/v1/chat/completions "HTTP/1.1 200 OK"

2026-08-17 22:21:16,070 - INFO - HTTP Request: POST http://localhost:8004/v1/chat/completions "HTTP/1.1 200 OK"
2026-08-17 22:21:17,251 - INFO - HTTP Request: POST http://localhost:8004/v1/chat/completions "HTTP/1.1 200 OK"

2026-08-17 22:21:18,773 - INFO - HTTP Request: POST http://localhost:8004/v1/chat/completions "HTTP/1.1 200 OK"
2026-08-17 22:21:27,965 - INFO - HTTP Request: POST http://localhost:8004/v1/chat/completions "HTTP/1.1 200 OK"
2026-08-17 22:21:29,851 - INFO - HTTP Request: POST http://localhost:8004/v1/chat/completions "HTTP/1.1 200 OK"

2026-08-17 22:21:31,155 - INFO - HTTP Request: POST http://localhost:8004/v1/chat/completions "HTTP/1.1 200 OK"

2026-08-17 22:21:41,789 - INFO - HTTP Request: POST http://localhost:8004/v1/chat/completions "HTTP/1.1 200 OK"
2026-08-17 22:21:43,232 - INFO - HTTP Request: POST http://localhost:8004/v1/chat/completions "HTTP/1.1 200 OK"

2026-08-17 22:21:53,005 - INFO - HTTP Request: POST http://localhost:8004/v1/chat/completions "HTTP/1.1 200 OK"

2026-08-17 22:21:54,314 - INFO - HTTP Request: POST http://localhost:8004/v1/chat/completions "HTTP/1.1 200 OK"
2026-08-17 22:21:55,712 - INFO - HTTP Request: POST http://localhost:8004/v1/chat/completions "HTTP/1.1 200 OK"
2026-08-17 22:22:07,489 - INFO - HTTP Request: POST http://localhost:8004/v1/chat/completions "HTTP/1.1 200 OK"
2026-08-17 22:22:07,707 - INFO - HTTP Request: POST http://localhost:8004/v1/chat/completions "HTTP/1.1 200 OK"

2026-08-17 22:22:07,924 - INFO - HTTP Request: POST http://localhost:8004/v1/chat/completions "HTTP/1.1 200 OK"

2026-08-17 22:22:17,606 - INFO - HTTP Request: POST http://localhost:8004/v1/chat/completions "HTTP/1.1 200 OK"
2026-08-17 22:22:19,917 - INFO - HTTP Request: POST http://localhost:8004/v1/chat/completions "HTTP/1.1 200 OK"

2026-08-17 22:22:27,953 - INFO - HTTP Request: POST http://localhost:8004/v1/chat/completions "HTTP/1.1 200 OK"
2026-08-17 22:22:31,495 - INFO - HTTP Request: POST http://localhost:8004/v1/chat/completions "HTTP/1.1 200 OK"

2026-08-17 22:22:31,929 - INFO - HTTP Request: POST http://localhost:8004/v1/chat/completions "HTTP/1.1 200 OK"
2026-08-17 22:22:39,632 - INFO - HTTP Request: POST http://localhost:8004/v1/chat/completions "HTTP/1.1 200 OK"
2026-08-17 22:22:41,728 - INFO - HTTP Request: POST http://localhost:8004/v1/chat/completions "HTTP/1.1 200 OK"

2026-08-17 22:22:44,337 - INFO - HTTP Request: POST http://localhost:8004/v1/chat/completions "HTTP/1.1 200 OK"

2026-08-17 22:22:50,201 - INFO - HTTP Request: POST http://localhost:8004/v1/chat/completions "HTTP/1.1 200 OK"

2026-08-17 22:22:51,286 - INFO - HTTP Request: POST http://localhost:8004/v1/chat/completions "HTTP/1.1 200 OK"
2026-08-17 22:23:04,235 - INFO - HTTP Request: POST http://localhost:8004/v1/chat/completions "HTTP/1.1 200 OK"
2026-08-17 22:23:05,198 - INFO - HTTP Request: POST http://localhost:8004/v1/chat/completions "HTTP/1.1 200 OK"

2026-08-17 22:23:10,843 - INFO - HTTP Request: POST http://localhost:8004/v1/chat/completions "HTTP/1.1 200 OK"
2026-08-17 22:23:15,235 - INFO - HTTP Request: POST http://localhost:8004/v1/chat/completions "HTTP/1.1 200 OK"

2026-08-17 22:23:19,360 - INFO - HTTP Request: POST http://localhost:8004/v1/chat/completions "HTTP/1.1 200 OK"
2026-08-17 22:23:23,616 - INFO - HTTP Request: POST http://localhost:8004/v1/chat/completions "HTTP/1.1 200 OK"

2026-08-17 22:23:30,995 - INFO - HTTP Request: POST http://localhost:8004/v1/chat/completions "HTTP/1.1 200 OK"

2026-08-17 22:23:34,032 - INFO - HTTP Request: POST http://localhost:8004/v1/chat/completions "HTTP/1.1 200 OK"
2026-08-17 22:23:43,290 - INFO - HTTP Request: POST http://localhost:8004/v1/chat/completions "HTTP/1.1 200 OK"

2026-08-17 22:23:43,723 - INFO - HTTP Request: POST http://localhost:8004/v1/chat/completions "HTTP/1.1 200 OK"
2026-08-17 22:23:44,158 - INFO - HTTP Request: POST http://localhost:8004/v1/chat/completions "HTTP/1.1 200 OK"
2026-08-17 22:23:51,483 - INFO - HTTP Request: POST http://localhost:8004/v1/chat/completions "HTTP/1.1 200 OK"
2026-08-17 22:23:57,281 - INFO - HTTP Request: POST http://localhost:8004/v1/chat/completions "HTTP/1.1 200 OK"

2026-08-17 22:23:57,937 - INFO - HTTP Request: POST http://localhost:8004/v1/chat/completions "HTTP/1.1 200 OK"

2026-08-17 22:24:02,932 - INFO - HTTP Request: POST http://localhost:8004/v1/chat/completions "HTTP/1.1 200 OK"

2026-08-17 22:24:03,800 - INFO - HTTP Request: POST http://localhost:8004/v1/chat/completions "HTTP/1.1 200 OK"
2026-08-17 22:24:18,057 - INFO - HTTP Request: POST http://localhost:8004/v1/chat/completions "HTTP/1.1 200 OK"
2026-08-17 22:24:22,715 - INFO - HTTP Request: POST http://localhost:8004/v1/chat/completions "HTTP/1.1 200 OK"

2026-08-17 22:24:26,845 - INFO - HTTP Request: POST http://localhost:8004/v1/chat/completions "HTTP/1.1 200 OK"
2026-08-17 22:24:30,174 - INFO - HTTP Request: POST http://localhost:8004/v1/chat/completions "HTTP/1.1 200 OK"

2026-08-17 22:24:32,565 - INFO - HTTP Request: POST http://localhost:8004/v1/chat/completions "HTTP/1.1 200 OK"
2026-08-17 22:24:40,093 - INFO - HTTP Request: POST http://localhost:8004/v1/chat/completions "HTTP/1.1 200 OK"

2026-08-17 22:24:44,661 - INFO - HTTP Request: POST http://localhost:8004/v1/chat/completions "HTTP/1.1 200 OK"

2026-08-17 22:24:52,044 - INFO - HTTP Request: POST http://localhost:8004/v1/chat/completions "HTTP/1.1 200 OK"
2026-08-17 22:24:59,569 - INFO - HTTP Request: POST http://localhost:8004/v1/chat/completions "HTTP/1.1 200 OK"
2026-08-17 22:25:04,010 - INFO - HTTP Request: POST http://localhost:8004/v1/chat/completions "HTTP/1.1 200 OK"

2026-08-17 22:25:13,141 - INFO - HTTP Request: POST http://localhost:8004/v1/chat/completions "HTTP/1.1 200 OK"
2026-08-17 22:25:15,385 - INFO - HTTP Request: POST http://localhost:8004/v1/chat/completions "HTTP/1.1 200 OK"

2026-08-17 22:25:18,215 - INFO - HTTP Request: POST http://localhost:8004/v1/chat/completions "HTTP/1.1 200 OK"
2026-08-17 22:25:22,705 - INFO - HTTP Request: POST http://localhost:8004/v1/chat/completions "HTTP/1.1 200 OK"

r2_cfg4:  74%|███████▍  | 37/50 [57:54<28:00, 129.25s/it]2026-08-17 22:25:31,171 - INFO - HTTP Request: POST http://localhost:8004/v1/chat/completions "HTTP/1.1 200 OK"

r2_cfg4:  76%|███████▌  | 38/50 [58:02<18:36, 93.02s/it] 2026-08-17 22:25:37,245 - INFO - HTTP Request: POST http://localhost:8004/v1/chat/completions "HTTP/1.1 200 OK"
2026-08-17 22:25:44,768 - INFO - HTTP Request: POST http://localhost:8004/v1/chat/completions "HTTP/1.1 200 OK"
2026-08-17 22:25:48,609 - INFO - HTTP Request: POST http://localhost:8004/v1/chat/completions "HTTP/1.1 200 OK"
2026-08-17 22:25:52,184 - INFO - HTTP Request: POST http://localhost:8004/v1/chat/completions "HTTP/1.1 200 OK"

r2_cfg4:  78%|███████▊  | 39/50 [58:23<13:05, 71.42s/it]2026-08-17 22:25:53,927 - INFO - HTTP Request: POST http://localhost:8004/v1/chat/completions "HTTP/1.1 200 OK"
2026-08-17 22:26:01,621 - INFO - HTTP Request: POST http://localhost:8004/v1/chat/completions "HTTP/1.1 200 OK"

r2_cfg4:  80%|████████  | 40/50 [58:33<08:48, 52.82s/it]2026-08-17 22:26:02,274 - INFO - HTTP Request: POST http://localhost:8004/v1/chat/completions "HTTP/1.1 200 OK"

2026-08-17 22:26:05,967 - INFO - HTTP Request: POST http://localhost:8004/v1/chat/completions "HTTP/1.1 200 OK"

2026-08-17 22:26:14,421 - INFO - HTTP Request: POST http://localhost:8004/v1/chat/completions "HTTP/1.1 200 OK"
2026-08-17 22:26:23,851 - INFO - HTTP Request: POST http://localhost:8004/v1/chat/completions "HTTP/1.1 200 OK"
2026-08-17 22:26:26,530 - INFO - HTTP Request: POST http://localhost:8004/v1/chat/completions "HTTP/1.1 200 OK"

2026-08-17 22:26:28,919 - INFO - HTTP Request: POST http://localhost:8004/v1/chat/completions "HTTP/1.1 200 OK"
2026-08-17 22:26:32,980 - INFO - HTTP Request: POST http://localhost:8004/v1/chat/completions "HTTP/1.1 200 OK"
2026-08-17 22:26:37,843 - INFO - HTTP Request: POST http://localhost:8004/v1/chat/completions "HTTP/1.1 200 OK"

2026-08-17 22:26:46,757 - INFO - HTTP Request: POST http://localhost:8004/v1/chat/completions "HTTP/1.1 200 OK"

2026-08-17 22:26:48,064 - INFO - HTTP Request: POST http://localhost:8004/v1/chat/completions "HTTP/1.1 200 OK"

2026-08-17 22:26:53,269 - INFO - HTTP Request: POST http://localhost:8004/v1/chat/completions "HTTP/1.1 200 OK"
2026-08-17 22:27:04,221 - INFO - HTTP Request: POST http://localhost:8004/v1/chat/completions "HTTP/1.1 200 OK"
2026-08-17 22:27:06,686 - INFO - HTTP Request: POST http://localhost:8004/v1/chat/completions "HTTP/1.1 200 OK"

2026-08-17 22:27:11,679 - INFO - HTTP Request: POST http://localhost:8004/v1/chat/completions "HTTP/1.1 200 OK"
2026-08-17 22:27:13,276 - INFO - HTTP Request: POST http://localhost:8004/v1/chat/completions "HTTP/1.1 200 OK"
2026-08-17 22:27:20,824 - INFO - HTTP Request: POST http://localhost:8004/v1/chat/completions "HTTP/1.1 200 OK"

2026-08-17 22:27:26,912 - INFO - HTTP Request: POST http://localhost:8004/v1/chat/completions "HTTP/1.1 200 OK"

2026-08-17 22:27:28,008 - INFO - HTTP Request: POST http://localhost:8004/v1/chat/completions "HTTP/1.1 200 OK"

2026-08-17 22:27:31,698 - INFO - HTTP Request: POST http://localhost:8004/v1/chat/completions "HTTP/1.1 200 OK"
2026-08-17 22:27:42,865 - INFO - HTTP Request: POST http://localhost:8004/v1/chat/completions "HTTP/1.1 200 OK"

2026-08-17 22:27:45,475 - INFO - HTTP Request: POST http://localhost:8004/v1/chat/completions "HTTP/1.1 200 OK"
2026-08-17 22:27:51,626 - INFO - HTTP Request: POST http://localhost:8004/v1/chat/completions "HTTP/1.1 200 OK"
2026-08-17 22:27:52,353 - INFO - HTTP Request: POST http://localhost:8004/v1/chat/completions "HTTP/1.1 200 OK"
2026-08-17 22:28:02,431 - INFO - HTTP Request: POST http://localhost:8004/v1/chat/completions "HTTP/1.1 200 OK"

2026-08-17 22:28:04,616 - INFO - HTTP Request: POST http://localhost:8004/v1/chat/completions "HTTP/1.1 200 OK"

2026-08-17 22:28:04,617 - INFO - HTTP Request: POST http://localhost:8004/v1/chat/completions "HTTP/1.1 200 OK"

2026-08-17 22:28:07,442 - INFO - HTTP Request: POST http://localhost:8004/v1/chat/completions "HTTP/1.1 200 OK"
2026-08-17 22:28:20,123 - INFO - HTTP Request: POST http://localhost:8004/v1/chat/completions "HTTP/1.1 200 OK"

2026-08-17 22:28:24,684 - INFO - HTTP Request: POST http://localhost:8004/v1/chat/completions "HTTP/1.1 200 OK"
2026-08-17 22:28:24,685 - INFO - HTTP Request: POST http://localhost:8004/v1/chat/completions "HTTP/1.1 200 OK"
2026-08-17 22:28:27,300 - INFO - HTTP Request: POST http://localhost:8004/v1/chat/completions "HTTP/1.1 200 OK"
2026-08-17 22:28:35,140 - INFO - HTTP Request: POST http://localhost:8004/v1/chat/completions "HTTP/1.1 200 OK"

2026-08-17 22:28:39,926 - INFO - HTTP Request: POST http://localhost:8004/v1/chat/completions "HTTP/1.1 200 OK"

2026-08-17 22:28:40,803 - INFO - HTTP Request: POST http://localhost:8004/v1/chat/completions "HTTP/1.1 200 OK"
2026-08-17 22:28:41,518 - INFO - HTTP Request: POST http://localhost:8004/v1/chat/completions "HTTP/1.1 200 OK"

2026-08-17 22:28:51,752 - INFO - HTTP Request: POST http://localhost:8004/v1/chat/completions "HTTP/1.1 200 OK"

2026-08-17 22:28:59,995 - INFO - HTTP Request: POST http://localhost:8004/v1/chat/completions "HTTP/1.1 200 OK"
2026-08-17 22:29:04,407 - INFO - HTTP Request: POST http://localhost:8004/v1/chat/completions "HTTP/1.1 200 OK"
2026-08-17 22:29:10,804 - INFO - HTTP Request: POST http://localhost:8004/v1/chat/completions "HTTP/1.1 200 OK"
2026-08-17 22:29:11,967 - INFO - HTTP Request: POST http://localhost:8004/v1/chat/completions "HTTP/1.1 200 OK"

2026-08-17 22:29:19,359 - INFO - HTTP Request: POST http://localhost:8004/v1/chat/completions "HTTP/1.1 200 OK"

2026-08-17 22:29:21,315 - INFO - HTTP Request: POST http://localhost:8004/v1/chat/completions "HTTP/1.1 200 OK"
2026-08-17 22:29:25,319 - INFO - HTTP Request: POST http://localhost:8004/v1/chat/completions "HTTP/1.1 200 OK"

2026-08-17 22:29:33,356 - INFO - HTTP Request: POST http://localhost:8004/v1/chat/completions "HTTP/1.1 200 OK"

2026-08-17 22:29:39,645 - INFO - HTTP Request: POST http://localhost:8004/v1/chat/completions "HTTP/1.1 200 OK"
2026-08-17 22:29:41,313 - INFO - HTTP Request: POST http://localhost:8004/v1/chat/completions "HTTP/1.1 200 OK"
2026-08-17 22:29:45,882 - INFO - HTTP Request: POST http://localhost:8004/v1/chat/completions "HTTP/1.1 200 OK"
2026-08-17 22:29:51,618 - INFO - HTTP Request: POST http://localhost:8004/v1/chat/completions "HTTP/1.1 200 OK"

2026-08-17 22:29:54,013 - INFO - HTTP Request: POST http://localhost:8004/v1/chat/completions "HTTP/1.1 200 OK"

2026-08-17 22:29:54,230 - INFO - HTTP Request: POST http://localhost:8004/v1/chat/completions "HTTP/1.1 200 OK"
2026-08-17 22:30:01,067 - INFO - HTTP Request: POST http://localhost:8004/v1/chat/completions "HTTP/1.1 200 OK"

2026-08-17 22:30:14,317 - INFO - HTTP Request: POST http://localhost:8004/v1/chat/completions "HTTP/1.1 200 OK"
2026-08-17 22:30:15,008 - INFO - HTTP Request: POST http://localhost:8004/v1/chat/completions "HTTP/1.1 200 OK"

2026-08-17 22:30:21,340 - INFO - HTTP Request: POST http://localhost:8004/v1/chat/completions "HTTP/1.1 200 OK"
2026-08-17 22:30:28,663 - INFO - HTTP Request: POST http://localhost:8004/v1/chat/completions "HTTP/1.1 200 OK"

2026-08-17 22:30:30,840 - INFO - HTTP Request: POST http://localhost:8004/v1/chat/completions "HTTP/1.1 200 OK"
2026-08-17 22:30:36,355 - INFO - HTTP Request: POST http://localhost:8004/v1/chat/completions "HTTP/1.1 200 OK"

2026-08-17 22:30:44,833 - INFO - HTTP Request: POST http://localhost:8004/v1/chat/completions "HTTP/1.1 200 OK"
2026-08-17 22:30:46,883 - INFO - HTTP Request: POST http://localhost:8004/v1/chat/completions "HTTP/1.1 200 OK"

2026-08-17 22:30:58,404 - INFO - HTTP Request: POST http://localhost:8004/v1/chat/completions "HTTP/1.1 200 OK"
2026-08-17 22:31:04,349 - INFO - HTTP Request: POST http://localhost:8004/v1/chat/completions "HTTP/1.1 200 OK"

2026-08-17 22:31:09,569 - INFO - HTTP Request: POST http://localhost:8004/v1/chat/completions "HTTP/1.1 200 OK"
2026-08-17 22:31:13,630 - INFO - HTTP Request: POST http://localhost:8004/v1/chat/completions "HTTP/1.1 200 OK"

2026-08-17 22:31:20,589 - INFO - HTTP Request: POST http://localhost:8004/v1/chat/completions "HTTP/1.1 200 OK"
2026-08-17 22:31:25,449 - INFO - HTTP Request: POST http://localhost:8004/v1/chat/completions "HTTP/1.1 200 OK"

r2_cfg4:  82%|████████▏ | 41/50 [1:03:56<20:07, 134.12s/it]2026-08-17 22:31:31,965 - INFO - HTTP Request: POST http://localhost:8004/v1/chat/completions "HTTP/1.1 200 OK"

r2_cfg4:  84%|████████▍ | 42/50 [1:04:03<12:46, 95.84s/it] 2026-08-17 22:31:37,604 - INFO - HTTP Request: POST http://localhost:8004/v1/chat/completions "HTTP/1.1 200 OK"
2026-08-17 22:31:46,819 - INFO - HTTP Request: POST http://localhost:8004/v1/chat/completions "HTTP/1.1 200 OK"
2026-08-17 22:31:47,981 - INFO - HTTP Request: POST http://localhost:8004/v1/chat/completions "HTTP/1.1 200 OK"
2026-08-17 22:31:54,823 - INFO - HTTP Request: POST http://localhost:8004/v1/chat/completions "HTTP/1.1 200 OK"
2026-08-17 22:31:56,656 - INFO - HTTP Request: POST http://localhost:8004/v1/chat/completions "HTTP/1.1 200 OK"

r2_cfg4:  86%|████████▌ | 43/50 [1:04:28<08:41, 74.50s/it]2026-08-17 22:32:01,882 - INFO - HTTP Request: POST http://localhost:8004/v1/chat/completions "HTTP/1.1 200 OK"

r2_cfg4:  88%|████████▊ | 44/50 [1:04:33<05:22, 53.71s/it]2026-08-17 22:32:02,318 - INFO - HTTP Request: POST http://localhost:8004/v1/chat/completions "HTTP/1.1 200 OK"

2026-08-17 22:32:07,966 - INFO - HTTP Request: POST http://localhost:8004/v1/chat/completions "HTTP/1.1 200 OK"

2026-08-17 22:32:18,590 - INFO - HTTP Request: POST http://localhost:8004/v1/chat/completions "HTTP/1.1 200 OK"
2026-08-17 22:32:24,109 - INFO - HTTP Request: POST http://localhost:8004/v1/chat/completions "HTTP/1.1 200 OK"
2026-08-17 22:32:28,983 - INFO - HTTP Request: POST http://localhost:8004/v1/chat/completions "HTTP/1.1 200 OK"
2026-08-17 22:32:32,343 - INFO - HTTP Request: POST http://localhost:8004/v1/chat/completions "HTTP/1.1 200 OK"

2026-08-17 22:32:34,955 - INFO - HTTP Request: POST http://localhost:8004/v1/chat/completions "HTTP/1.1 200 OK"
2026-08-17 22:32:37,874 - INFO - HTTP Request: POST http://localhost:8004/v1/chat/completions "HTTP/1.1 200 OK"

2026-08-17 22:32:39,834 - INFO - HTTP Request: POST http://localhost:8004/v1/chat/completions "HTTP/1.1 200 OK"

2026-08-17 22:32:45,045 - INFO - HTTP Request: POST http://localhost:8004/v1/chat/completions "HTTP/1.1 200 OK"

2026-08-17 22:32:58,704 - INFO - HTTP Request: POST http://localhost:8004/v1/chat/completions "HTTP/1.1 200 OK"
2026-08-17 22:33:04,279 - INFO - HTTP Request: POST http://localhost:8004/v1/chat/completions "HTTP/1.1 200 OK"
2026-08-17 22:33:04,496 - INFO - HTTP Request: POST http://localhost:8004/v1/chat/completions "HTTP/1.1 200 OK"
2026-08-17 22:33:10,345 - INFO - HTTP Request: POST http://localhost:8004/v1/chat/completions "HTTP/1.1 200 OK"
2026-08-17 22:33:13,271 - INFO - HTTP Request: POST http://localhost:8004/v1/chat/completions "HTTP/1.1 200 OK"

2026-08-17 22:33:16,756 - INFO - HTTP Request: POST http://localhost:8004/v1/chat/completions "HTTP/1.1 200 OK"

2026-08-17 22:33:22,410 - INFO - HTTP Request: POST http://localhost:8004/v1/chat/completions "HTTP/1.1 200 OK"

2026-08-17 22:33:26,544 - INFO - HTTP Request: POST http://localhost:8004/v1/chat/completions "HTTP/1.1 200 OK"

2026-08-17 22:33:37,608 - INFO - HTTP Request: POST http://localhost:8004/v1/chat/completions "HTTP/1.1 200 OK"
2026-08-17 22:33:41,446 - INFO - HTTP Request: POST http://localhost:8004/v1/chat/completions "HTTP/1.1 200 OK"
2026-08-17 22:33:47,190 - INFO - HTTP Request: POST http://localhost:8004/v1/chat/completions "HTTP/1.1 200 OK"
2026-08-17 22:33:51,417 - INFO - HTTP Request: POST http://localhost:8004/v1/chat/completions "HTTP/1.1 200 OK"
2026-08-17 22:33:53,248 - INFO - HTTP Request: POST http://localhost:8004/v1/chat/completions "HTTP/1.1 200 OK"

2026-08-17 22:33:54,999 - INFO - HTTP Request: POST http://localhost:8004/v1/chat/completions "HTTP/1.1 200 OK"

2026-08-17 22:34:00,008 - INFO - HTTP Request: POST http://localhost:8004/v1/chat/completions "HTTP/1.1 200 OK"

2026-08-17 22:34:04,141 - INFO - HTTP Request: POST http://localhost:8004/v1/chat/completions "HTTP/1.1 200 OK"

2026-08-17 22:34:17,369 - INFO - HTTP Request: POST http://localhost:8004/v1/chat/completions "HTTP/1.1 200 OK"
2026-08-17 22:34:19,419 - INFO - HTTP Request: POST http://localhost:8004/v1/chat/completions "HTTP/1.1 200 OK"
2026-08-17 22:34:20,384 - INFO - HTTP Request: POST http://localhost:8004/v1/chat/completions "HTTP/1.1 200 OK"
2026-08-17 22:34:24,828 - INFO - HTTP Request: POST http://localhost:8004/v1/chat/completions "HTTP/1.1 200 OK"
2026-08-17 22:34:29,931 - INFO - HTTP Request: POST http://localhost:8004/v1/chat/completions "HTTP/1.1 200 OK"

2026-08-17 22:34:32,771 - INFO - HTTP Request: POST http://localhost:8004/v1/chat/completions "HTTP/1.1 200 OK"

2026-08-17 22:34:32,772 - INFO - HTTP Request: POST http://localhost:8004/v1/chat/completions "HTTP/1.1 200 OK"

2026-08-17 22:34:36,900 - INFO - HTTP Request: POST http://localhost:8004/v1/chat/completions "HTTP/1.1 200 OK"

2026-08-17 22:34:49,690 - INFO - HTTP Request: POST http://localhost:8004/v1/chat/completions "HTTP/1.1 200 OK"
2026-08-17 22:34:52,440 - INFO - HTTP Request: POST http://localhost:8004/v1/chat/completions "HTTP/1.1 200 OK"
2026-08-17 22:35:00,627 - INFO - HTTP Request: POST http://localhost:8004/v1/chat/completions "HTTP/1.1 200 OK"

2026-08-17 22:35:01,281 - INFO - HTTP Request: POST http://localhost:8004/v1/chat/completions "HTTP/1.1 200 OK"

2026-08-17 22:35:02,150 - INFO - HTTP Request: POST http://localhost:8004/v1/chat/completions "HTTP/1.1 200 OK"
2026-08-17 22:35:06,579 - INFO - HTTP Request: POST http://localhost:8004/v1/chat/completions "HTTP/1.1 200 OK"
2026-08-17 22:35:16,883 - INFO - HTTP Request: POST http://localhost:8004/v1/chat/completions "HTTP/1.1 200 OK"

2026-08-17 22:35:20,359 - INFO - HTTP Request: POST http://localhost:8004/v1/chat/completions "HTTP/1.1 200 OK"

2026-08-17 22:35:29,900 - INFO - HTTP Request: POST http://localhost:8004/v1/chat/completions "HTTP/1.1 200 OK"
2026-08-17 22:35:30,867 - INFO - HTTP Request: POST http://localhost:8004/v1/chat/completions "HTTP/1.1 200 OK"
2026-08-17 22:35:37,476 - INFO - HTTP Request: POST http://localhost:8004/v1/chat/completions "HTTP/1.1 200 OK"
2026-08-17 22:35:41,274 - INFO - HTTP Request: POST http://localhost:8004/v1/chat/completions "HTTP/1.1 200 OK"
2026-08-17 22:35:45,507 - INFO - HTTP Request: POST http://localhost:8004/v1/chat/completions "HTTP/1.1 200 OK"

2026-08-17 22:35:46,164 - INFO - HTTP Request: POST http://localhost:8004/v1/chat/completions "HTTP/1.1 200 OK"

2026-08-17 22:35:50,297 - INFO - HTTP Request: POST http://localhost:8004/v1/chat/completions "HTTP/1.1 200 OK"

2026-08-17 22:35:54,644 - INFO - HTTP Request: POST http://localhost:8004/v1/chat/completions "HTTP/1.1 200 OK"

2026-08-17 22:36:05,487 - INFO - HTTP Request: POST http://localhost:8004/v1/chat/completions "HTTP/1.1 200 OK"
2026-08-17 22:36:06,456 - INFO - HTTP Request: POST http://localhost:8004/v1/chat/completions "HTTP/1.1 200 OK"
2026-08-17 22:36:18,562 - INFO - HTTP Request: POST http://localhost:8004/v1/chat/completions "HTTP/1.1 200 OK"

2026-08-17 22:36:20,088 - INFO - HTTP Request: POST http://localhost:8004/v1/chat/completions "HTTP/1.1 200 OK"

2026-08-17 22:36:20,089 - INFO - HTTP Request: POST http://localhost:8004/v1/chat/completions "HTTP/1.1 200 OK"
2026-08-17 22:36:24,744 - INFO - HTTP Request: POST http://localhost:8004/v1/chat/completions "HTTP/1.1 200 OK"
2026-08-17 22:36:33,531 - INFO - HTTP Request: POST http://localhost:8004/v1/chat/completions "HTTP/1.1 200 OK"

2026-08-17 22:36:42,229 - INFO - HTTP Request: POST http://localhost:8004/v1/chat/completions "HTTP/1.1 200 OK"

2026-08-17 22:36:48,310 - INFO - HTTP Request: POST http://localhost:8004/v1/chat/completions "HTTP/1.1 200 OK"
2026-08-17 22:36:50,194 - INFO - HTTP Request: POST http://localhost:8004/v1/chat/completions "HTTP/1.1 200 OK"
2026-08-17 22:37:01,816 - INFO - HTTP Request: POST http://localhost:8004/v1/chat/completions "HTTP/1.1 200 OK"

2026-08-17 22:37:06,604 - INFO - HTTP Request: POST http://localhost:8004/v1/chat/completions "HTTP/1.1 200 OK"

2026-08-17 22:37:07,264 - INFO - HTTP Request: POST http://localhost:8004/v1/chat/completions "HTTP/1.1 200 OK"
2026-08-17 22:37:14,304 - INFO - HTTP Request: POST http://localhost:8004/v1/chat/completions "HTTP/1.1 200 OK"
2026-08-17 22:37:20,394 - INFO - HTTP Request: POST http://localhost:8004/v1/chat/completions "HTTP/1.1 200 OK"

r2_cfg4:  90%|█████████ | 45/50 [1:09:51<11:05, 133.15s/it]2026-08-17 22:37:28,648 - INFO - HTTP Request: POST http://localhost:8004/v1/chat/completions "HTTP/1.1 200 OK"

r2_cfg4:  92%|█████████▏| 46/50 [1:10:00<06:22, 95.68s/it] 2026-08-17 22:37:34,939 - INFO - HTTP Request: POST http://localhost:8004/v1/chat/completions "HTTP/1.1 200 OK"
2026-08-17 22:37:40,731 - INFO - HTTP Request: POST http://localhost:8004/v1/chat/completions "HTTP/1.1 200 OK"
2026-08-17 22:37:43,002 - INFO - HTTP Request: POST http://localhost:8004/v1/chat/completions "HTTP/1.1 200 OK"
2026-08-17 22:37:48,595 - INFO - HTTP Request: POST http://localhost:8004/v1/chat/completions "HTTP/1.1 200 OK"

r2_cfg4:  94%|█████████▍| 47/50 [1:10:20<03:38, 72.96s/it]2026-08-17 22:37:51,639 - INFO - HTTP Request: POST http://localhost:8004/v1/chat/completions "HTTP/1.1 200 OK"
2026-08-17 22:37:55,418 - INFO - HTTP Request: POST http://localhost:8004/v1/chat/completions "HTTP/1.1 200 OK"

r2_cfg4:  96%|█████████▌| 48/50 [1:10:26<01:46, 53.12s/it]2026-08-17 22:37:56,287 - INFO - HTTP Request: POST http://localhost:8004/v1/chat/completions "HTTP/1.1 200 OK"

2026-08-17 22:38:03,476 - INFO - HTTP Request: POST http://localhost:8004/v1/chat/completions "HTTP/1.1 200 OK"

2026-08-17 22:38:21,895 - INFO - HTTP Request: POST http://localhost:8004/v1/chat/completions "HTTP/1.1 200 OK"
2026-08-17 22:38:29,458 - INFO - HTTP Request: POST http://localhost:8004/v1/chat/completions "HTTP/1.1 200 OK"
2026-08-17 22:38:32,841 - INFO - HTTP Request: POST http://localhost:8004/v1/chat/completions "HTTP/1.1 200 OK"

2026-08-17 22:38:39,599 - INFO - HTTP Request: POST http://localhost:8004/v1/chat/completions "HTTP/1.1 200 OK"

2026-08-17 22:38:56,718 - INFO - HTTP Request: POST http://localhost:8004/v1/chat/completions "HTTP/1.1 200 OK"
2026-08-17 22:39:03,846 - INFO - HTTP Request: POST http://localhost:8004/v1/chat/completions "HTTP/1.1 200 OK"
2026-08-17 22:39:07,226 - INFO - HTTP Request: POST http://localhost:8004/v1/chat/completions "HTTP/1.1 200 OK"

2026-08-17 22:39:16,802 - INFO - HTTP Request: POST http://localhost:8004/v1/chat/completions "HTTP/1.1 200 OK"

2026-08-17 22:39:30,898 - INFO - HTTP Request: POST http://localhost:8004/v1/chat/completions "HTTP/1.1 200 OK"
2026-08-17 22:39:40,687 - INFO - HTTP Request: POST http://localhost:8004/v1/chat/completions "HTTP/1.1 200 OK"
2026-08-17 22:39:43,633 - INFO - HTTP Request: POST http://localhost:8004/v1/chat/completions "HTTP/1.1 200 OK"

2026-08-17 22:39:52,562 - INFO - HTTP Request: POST http://localhost:8004/v1/chat/completions "HTTP/1.1 200 OK"

2026-08-17 22:40:02,986 - INFO - HTTP Request: POST http://localhost:8004/v1/chat/completions "HTTP/1.1 200 OK"
2026-08-17 22:40:11,847 - INFO - HTTP Request: POST http://localhost:8004/v1/chat/completions "HTTP/1.1 200 OK"
2026-08-17 22:40:13,927 - INFO - HTTP Request: POST http://localhost:8004/v1/chat/completions "HTTP/1.1 200 OK"

2026-08-17 22:40:22,636 - INFO - HTTP Request: POST http://localhost:8004/v1/chat/completions "HTTP/1.1 200 OK"

2026-08-17 22:40:42,138 - INFO - HTTP Request: POST http://localhost:8004/v1/chat/completions "HTTP/1.1 200 OK"
2026-08-17 22:40:51,209 - INFO - HTTP Request: POST http://localhost:8004/v1/chat/completions "HTTP/1.1 200 OK"
2026-08-17 22:40:56,322 - INFO - HTTP Request: POST http://localhost:8004/v1/chat/completions "HTTP/1.1 200 OK"

2026-08-17 22:41:03,296 - INFO - HTTP Request: POST http://localhost:8004/v1/chat/completions "HTTP/1.1 200 OK"

2026-08-17 22:41:15,878 - INFO - HTTP Request: POST http://localhost:8004/v1/chat/completions "HTTP/1.1 200 OK"
2026-08-17 22:41:23,221 - INFO - HTTP Request: POST http://localhost:8004/v1/chat/completions "HTTP/1.1 200 OK"
2026-08-17 22:41:27,040 - INFO - HTTP Request: POST http://localhost:8004/v1/chat/completions "HTTP/1.1 200 OK"

2026-08-17 22:41:36,403 - INFO - HTTP Request: POST http://localhost:8004/v1/chat/completions "HTTP/1.1 200 OK"

2026-08-17 22:41:55,691 - INFO - HTTP Request: POST http://localhost:8004/v1/chat/completions "HTTP/1.1 200 OK"
2026-08-17 22:42:05,423 - INFO - HTTP Request: POST http://localhost:8004/v1/chat/completions "HTTP/1.1 200 OK"
2026-08-17 22:42:08,808 - INFO - HTTP Request: POST http://localhost:8004/v1/chat/completions "HTTP/1.1 200 OK"

2026-08-17 22:42:17,733 - INFO - HTTP Request: POST http://localhost:8004/v1/chat/completions "HTTP/1.1 200 OK"

2026-08-17 22:42:41,347 - INFO - HTTP Request: POST http://localhost:8004/v1/chat/completions "HTTP/1.1 200 OK"
2026-08-17 22:42:49,996 - INFO - HTTP Request: POST http://localhost:8004/v1/chat/completions "HTTP/1.1 200 OK"
2026-08-17 22:42:51,212 - INFO - HTTP Request: POST http://localhost:8004/v1/chat/completions "HTTP/1.1 200 OK"

r2_cfg4:  98%|█████████▊| 49/50 [1:15:22<02:05, 125.92s/it]2026-08-17 22:42:53,890 - INFO - HTTP Request: POST http://localhost:8004/v1/chat/completions "HTTP/1.1 200 OK"

r2_cfg4: 100%|██████████| 50/50 [1:15:25<00:00, 88.95s/it] r2_cfg4: 100%|██████████| 50/50 [1:15:25<00:00, 90.51s/it]
  done in 4525.7s (valid 50/50, invalid {})

Scored 1 model/s.
Report:  /LAB/Swiss-Knife/tribunal/bayes_search_honesty/eval_results/round2/r2_cfg4/report/index.html
Tables:  /LAB/Swiss-Knife/tribunal/bayes_search_honesty/eval_results/round2/r2_cfg4/model_summary.csv, /LAB/Swiss-Knife/tribunal/bayes_search_honesty/eval_results/round2/r2_cfg4/summary.csv
