2026-08-17 08:03:35,064 - INFO - Judge client pointed at http://localhost:8006/v1
2026-08-17 08:03:38,305 - INFO - Loading Detoxify model (CPU)
2026-08-17 08:03:42,220 - INFO - HTTP Request: HEAD https://huggingface.co/bert-base-uncased/resolve/main/config.json "HTTP/1.1 200 OK"
Warning: You are sending unauthenticated requests to the HF Hub. Please set a HF_TOKEN to enable higher rate limits and faster downloads.
2026-08-17 08:03:42,220 - WARNING - Warning: You are sending unauthenticated requests to the HF Hub. Please set a HF_TOKEN to enable higher rate limits and faster downloads.
input:  /LAB/Swiss-Knife/tribunal/bayes_search_honesty/eval_results/round0/r0_cfg8/_tribunal_input_tmp (1 model file/s)
output: /LAB/Swiss-Knife/tribunal/bayes_search_honesty/eval_results/round0/r0_cfg8
judge:  Qwen/Qwen2.5-32B-Instruct @ http://localhost:8006/v1
detoxify cross-check: True
Loading weights:   0%|          | 0/201 [00:00<?, ?it/s]Loading weights: 100%|██████████| 201/201 [00:00<00:00, 31766.65it/s]
2026-08-17 08:03:42,618 - INFO - HTTP Request: HEAD https://huggingface.co/bert-base-uncased/resolve/main/tokenizer_config.json "HTTP/1.1 200 OK"
2026-08-17 08:03:42,831 - INFO - HTTP Request: GET https://huggingface.co/api/models/bert-base-uncased/tree/main/additional_chat_templates?recursive=false&expand=false "HTTP/1.1 307 Temporary Redirect"
2026-08-17 08:03:43,059 - INFO - HTTP Request: GET https://huggingface.co/api/models/google-bert/bert-base-uncased/tree/main/additional_chat_templates?recursive=false&expand=false "HTTP/1.1 404 Not Found"
2026-08-17 08:03:43,283 - INFO - HTTP Request: GET https://huggingface.co/api/models/bert-base-uncased/tree/main?recursive=true&expand=false "HTTP/1.1 307 Temporary Redirect"
2026-08-17 08:03:43,512 - INFO - HTTP Request: GET https://huggingface.co/api/models/google-bert/bert-base-uncased/tree/main?recursive=true&expand=false "HTTP/1.1 200 OK"

[1/1] r0_cfg8
  scoring 50 records (0 skipped or cached) [workers=4]
r0_cfg8:   0%|          | 0/50 [00:00<?, ?it/s]2026-08-17 08:04:06,037 - INFO - HTTP Request: POST http://localhost:8006/v1/chat/completions "HTTP/1.1 200 OK"
2026-08-17 08:04:06,255 - INFO - HTTP Request: POST http://localhost:8006/v1/chat/completions "HTTP/1.1 200 OK"
2026-08-17 08:04:06,256 - INFO - HTTP Request: POST http://localhost:8006/v1/chat/completions "HTTP/1.1 200 OK"
2026-08-17 08:04:06,836 - INFO - HTTP Request: POST http://localhost:8006/v1/chat/completions "HTTP/1.1 200 OK"
2026-08-17 08:04:18,607 - INFO - HTTP Request: POST http://localhost:8006/v1/chat/completions "HTTP/1.1 200 OK"

2026-08-17 08:04:19,329 - INFO - HTTP Request: POST http://localhost:8006/v1/chat/completions "HTTP/1.1 200 OK"

2026-08-17 08:04:20,419 - INFO - HTTP Request: POST http://localhost:8006/v1/chat/completions "HTTP/1.1 200 OK"

2026-08-17 08:04:20,853 - INFO - HTTP Request: POST http://localhost:8006/v1/chat/completions "HTTP/1.1 200 OK"

2026-08-17 08:04:44,708 - INFO - HTTP Request: POST http://localhost:8006/v1/chat/completions "HTTP/1.1 200 OK"
2026-08-17 08:04:45,871 - INFO - HTTP Request: POST http://localhost:8006/v1/chat/completions "HTTP/1.1 200 OK"
2026-08-17 08:04:47,273 - INFO - HTTP Request: POST http://localhost:8006/v1/chat/completions "HTTP/1.1 200 OK"
2026-08-17 08:04:48,008 - INFO - HTTP Request: POST http://localhost:8006/v1/chat/completions "HTTP/1.1 200 OK"
2026-08-17 08:04:58,852 - INFO - HTTP Request: POST http://localhost:8006/v1/chat/completions "HTTP/1.1 200 OK"

2026-08-17 08:04:59,775 - INFO - HTTP Request: POST http://localhost:8006/v1/chat/completions "HTTP/1.1 200 OK"

2026-08-17 08:05:00,435 - INFO - HTTP Request: POST http://localhost:8006/v1/chat/completions "HTTP/1.1 200 OK"

2026-08-17 08:05:00,648 - INFO - HTTP Request: POST http://localhost:8006/v1/chat/completions "HTTP/1.1 200 OK"

2026-08-17 08:05:22,130 - INFO - HTTP Request: POST http://localhost:8006/v1/chat/completions "HTTP/1.1 200 OK"
2026-08-17 08:05:24,533 - INFO - HTTP Request: POST http://localhost:8006/v1/chat/completions "HTTP/1.1 200 OK"
2026-08-17 08:05:25,625 - INFO - HTTP Request: POST http://localhost:8006/v1/chat/completions "HTTP/1.1 200 OK"
2026-08-17 08:05:25,842 - INFO - HTTP Request: POST http://localhost:8006/v1/chat/completions "HTTP/1.1 200 OK"
2026-08-17 08:05:34,762 - INFO - HTTP Request: POST http://localhost:8006/v1/chat/completions "HTTP/1.1 200 OK"

2026-08-17 08:05:36,778 - INFO - HTTP Request: POST http://localhost:8006/v1/chat/completions "HTTP/1.1 200 OK"

2026-08-17 08:05:38,096 - INFO - HTTP Request: POST http://localhost:8006/v1/chat/completions "HTTP/1.1 200 OK"

2026-08-17 08:05:38,313 - INFO - HTTP Request: POST http://localhost:8006/v1/chat/completions "HTTP/1.1 200 OK"

2026-08-17 08:05:58,296 - INFO - HTTP Request: POST http://localhost:8006/v1/chat/completions "HTTP/1.1 200 OK"
2026-08-17 08:06:01,128 - INFO - HTTP Request: POST http://localhost:8006/v1/chat/completions "HTTP/1.1 200 OK"
2026-08-17 08:06:02,432 - INFO - HTTP Request: POST http://localhost:8006/v1/chat/completions "HTTP/1.1 200 OK"
2026-08-17 08:06:03,624 - INFO - HTTP Request: POST http://localhost:8006/v1/chat/completions "HTTP/1.1 200 OK"
2026-08-17 08:06:12,348 - INFO - HTTP Request: POST http://localhost:8006/v1/chat/completions "HTTP/1.1 200 OK"

2026-08-17 08:06:15,236 - INFO - HTTP Request: POST http://localhost:8006/v1/chat/completions "HTTP/1.1 200 OK"

2026-08-17 08:06:15,670 - INFO - HTTP Request: POST http://localhost:8006/v1/chat/completions "HTTP/1.1 200 OK"

2026-08-17 08:06:16,561 - INFO - HTTP Request: POST http://localhost:8006/v1/chat/completions "HTTP/1.1 200 OK"

2026-08-17 08:06:32,188 - INFO - HTTP Request: POST http://localhost:8006/v1/chat/completions "HTTP/1.1 200 OK"
2026-08-17 08:06:35,024 - INFO - HTTP Request: POST http://localhost:8006/v1/chat/completions "HTTP/1.1 200 OK"
2026-08-17 08:06:36,327 - INFO - HTTP Request: POST http://localhost:8006/v1/chat/completions "HTTP/1.1 200 OK"
2026-08-17 08:06:37,522 - INFO - HTTP Request: POST http://localhost:8006/v1/chat/completions "HTTP/1.1 200 OK"
2026-08-17 08:06:44,604 - INFO - HTTP Request: POST http://localhost:8006/v1/chat/completions "HTTP/1.1 200 OK"

2026-08-17 08:06:48,162 - INFO - HTTP Request: POST http://localhost:8006/v1/chat/completions "HTTP/1.1 200 OK"

2026-08-17 08:06:49,254 - INFO - HTTP Request: POST http://localhost:8006/v1/chat/completions "HTTP/1.1 200 OK"

2026-08-17 08:06:50,344 - INFO - HTTP Request: POST http://localhost:8006/v1/chat/completions "HTTP/1.1 200 OK"

2026-08-17 08:07:13,355 - INFO - HTTP Request: POST http://localhost:8006/v1/chat/completions "HTTP/1.1 200 OK"
2026-08-17 08:07:17,281 - INFO - HTTP Request: POST http://localhost:8006/v1/chat/completions "HTTP/1.1 200 OK"
2026-08-17 08:07:18,684 - INFO - HTTP Request: POST http://localhost:8006/v1/chat/completions "HTTP/1.1 200 OK"
2026-08-17 08:07:20,093 - INFO - HTTP Request: POST http://localhost:8006/v1/chat/completions "HTTP/1.1 200 OK"
2026-08-17 08:07:29,565 - INFO - HTTP Request: POST http://localhost:8006/v1/chat/completions "HTTP/1.1 200 OK"

2026-08-17 08:07:30,001 - INFO - HTTP Request: POST http://localhost:8006/v1/chat/completions "HTTP/1.1 200 OK"

2026-08-17 08:07:32,254 - INFO - HTTP Request: POST http://localhost:8006/v1/chat/completions "HTTP/1.1 200 OK"

2026-08-17 08:07:32,689 - INFO - HTTP Request: POST http://localhost:8006/v1/chat/completions "HTTP/1.1 200 OK"

2026-08-17 08:07:49,623 - INFO - HTTP Request: POST http://localhost:8006/v1/chat/completions "HTTP/1.1 200 OK"
2026-08-17 08:07:50,393 - INFO - HTTP Request: POST http://localhost:8006/v1/chat/completions "HTTP/1.1 200 OK"
2026-08-17 08:07:53,052 - INFO - HTTP Request: POST http://localhost:8006/v1/chat/completions "HTTP/1.1 200 OK"
2026-08-17 08:07:53,773 - INFO - HTTP Request: POST http://localhost:8006/v1/chat/completions "HTTP/1.1 200 OK"
2026-08-17 08:08:02,196 - INFO - HTTP Request: POST http://localhost:8006/v1/chat/completions "HTTP/1.1 200 OK"

2026-08-17 08:08:02,993 - INFO - HTTP Request: POST http://localhost:8006/v1/chat/completions "HTTP/1.1 200 OK"

2026-08-17 08:08:04,302 - INFO - HTTP Request: POST http://localhost:8006/v1/chat/completions "HTTP/1.1 200 OK"

2026-08-17 08:08:16,913 - INFO - HTTP Request: POST http://localhost:8006/v1/chat/completions "HTTP/1.1 200 OK"

2026-08-17 08:08:31,463 - INFO - HTTP Request: POST http://localhost:8006/v1/chat/completions "HTTP/1.1 200 OK"
2026-08-17 08:08:32,640 - INFO - HTTP Request: POST http://localhost:8006/v1/chat/completions "HTTP/1.1 200 OK"
2026-08-17 08:08:34,319 - INFO - HTTP Request: POST http://localhost:8006/v1/chat/completions "HTTP/1.1 200 OK"
2026-08-17 08:08:44,236 - INFO - HTTP Request: POST http://localhost:8006/v1/chat/completions "HTTP/1.1 200 OK"

2026-08-17 08:08:46,116 - INFO - HTTP Request: POST http://localhost:8006/v1/chat/completions "HTTP/1.1 200 OK"

2026-08-17 08:08:47,431 - INFO - HTTP Request: POST http://localhost:8006/v1/chat/completions "HTTP/1.1 200 OK"
2026-08-17 08:08:47,650 - INFO - HTTP Request: POST http://localhost:8006/v1/chat/completions "HTTP/1.1 200 OK"

2026-08-17 08:09:05,152 - INFO - HTTP Request: POST http://localhost:8006/v1/chat/completions "HTTP/1.1 200 OK"

2026-08-17 08:09:17,317 - INFO - HTTP Request: POST http://localhost:8006/v1/chat/completions "HTTP/1.1 200 OK"
2026-08-17 08:09:20,021 - INFO - HTTP Request: POST http://localhost:8006/v1/chat/completions "HTTP/1.1 200 OK"
2026-08-17 08:09:22,065 - INFO - HTTP Request: POST http://localhost:8006/v1/chat/completions "HTTP/1.1 200 OK"
2026-08-17 08:09:29,578 - INFO - HTTP Request: POST http://localhost:8006/v1/chat/completions "HTTP/1.1 200 OK"

r0_cfg8:   2%|▏         | 1/50 [05:45<4:42:33, 345.99s/it]2026-08-17 08:09:32,630 - INFO - HTTP Request: POST http://localhost:8006/v1/chat/completions "HTTP/1.1 200 OK"

r0_cfg8:   4%|▍         | 2/50 [05:49<1:55:24, 144.26s/it]2026-08-17 08:09:34,155 - INFO - HTTP Request: POST http://localhost:8006/v1/chat/completions "HTTP/1.1 200 OK"

r0_cfg8:   6%|▌         | 3/50 [05:50<1:01:56, 79.08s/it] 2026-08-17 08:09:38,930 - INFO - HTTP Request: POST http://localhost:8006/v1/chat/completions "HTTP/1.1 200 OK"
2026-08-17 08:09:51,761 - INFO - HTTP Request: POST http://localhost:8006/v1/chat/completions "HTTP/1.1 200 OK"
2026-08-17 08:09:55,346 - INFO - HTTP Request: POST http://localhost:8006/v1/chat/completions "HTTP/1.1 200 OK"

2026-08-17 08:09:55,347 - INFO - HTTP Request: POST http://localhost:8006/v1/chat/completions "HTTP/1.1 200 OK"
r0_cfg8:   8%|▊         | 4/50 [06:11<43:06, 56.23s/it]  2026-08-17 08:09:57,189 - INFO - HTTP Request: POST http://localhost:8006/v1/chat/completions "HTTP/1.1 200 OK"
2026-08-17 08:10:06,434 - INFO - HTTP Request: POST http://localhost:8006/v1/chat/completions "HTTP/1.1 200 OK"

2026-08-17 08:10:09,702 - INFO - HTTP Request: POST http://localhost:8006/v1/chat/completions "HTTP/1.1 200 OK"

2026-08-17 08:10:11,660 - INFO - HTTP Request: POST http://localhost:8006/v1/chat/completions "HTTP/1.1 200 OK"

2026-08-17 08:10:17,734 - INFO - HTTP Request: POST http://localhost:8006/v1/chat/completions "HTTP/1.1 200 OK"
2026-08-17 08:10:32,726 - INFO - HTTP Request: POST http://localhost:8006/v1/chat/completions "HTTP/1.1 200 OK"
2026-08-17 08:10:34,571 - INFO - HTTP Request: POST http://localhost:8006/v1/chat/completions "HTTP/1.1 200 OK"

2026-08-17 08:10:36,312 - INFO - HTTP Request: POST http://localhost:8006/v1/chat/completions "HTTP/1.1 200 OK"
2026-08-17 08:10:38,642 - INFO - HTTP Request: POST http://localhost:8006/v1/chat/completions "HTTP/1.1 200 OK"
2026-08-17 08:10:48,112 - INFO - HTTP Request: POST http://localhost:8006/v1/chat/completions "HTTP/1.1 200 OK"

2026-08-17 08:10:50,727 - INFO - HTTP Request: POST http://localhost:8006/v1/chat/completions "HTTP/1.1 200 OK"

2026-08-17 08:10:52,469 - INFO - HTTP Request: POST http://localhost:8006/v1/chat/completions "HTTP/1.1 200 OK"

2026-08-17 08:11:01,369 - INFO - HTTP Request: POST http://localhost:8006/v1/chat/completions "HTTP/1.1 200 OK"
2026-08-17 08:11:12,671 - INFO - HTTP Request: POST http://localhost:8006/v1/chat/completions "HTTP/1.1 200 OK"
2026-08-17 08:11:15,652 - INFO - HTTP Request: POST http://localhost:8006/v1/chat/completions "HTTP/1.1 200 OK"
2026-08-17 08:11:17,060 - INFO - HTTP Request: POST http://localhost:8006/v1/chat/completions "HTTP/1.1 200 OK"

2026-08-17 08:11:17,718 - INFO - HTTP Request: POST http://localhost:8006/v1/chat/completions "HTTP/1.1 200 OK"
2026-08-17 08:11:27,838 - INFO - HTTP Request: POST http://localhost:8006/v1/chat/completions "HTTP/1.1 200 OK"

2026-08-17 08:11:30,026 - INFO - HTTP Request: POST http://localhost:8006/v1/chat/completions "HTTP/1.1 200 OK"

2026-08-17 08:11:32,645 - INFO - HTTP Request: POST http://localhost:8006/v1/chat/completions "HTTP/1.1 200 OK"

2026-08-17 08:11:40,686 - INFO - HTTP Request: POST http://localhost:8006/v1/chat/completions "HTTP/1.1 200 OK"
2026-08-17 08:11:52,208 - INFO - HTTP Request: POST http://localhost:8006/v1/chat/completions "HTTP/1.1 200 OK"
2026-08-17 08:11:52,425 - INFO - HTTP Request: POST http://localhost:8006/v1/chat/completions "HTTP/1.1 200 OK"

2026-08-17 08:11:54,825 - INFO - HTTP Request: POST http://localhost:8006/v1/chat/completions "HTTP/1.1 200 OK"
2026-08-17 08:11:57,535 - INFO - HTTP Request: POST http://localhost:8006/v1/chat/completions "HTTP/1.1 200 OK"
2026-08-17 08:12:05,691 - INFO - HTTP Request: POST http://localhost:8006/v1/chat/completions "HTTP/1.1 200 OK"

2026-08-17 08:12:07,224 - INFO - HTTP Request: POST http://localhost:8006/v1/chat/completions "HTTP/1.1 200 OK"

2026-08-17 08:12:10,058 - INFO - HTTP Request: POST http://localhost:8006/v1/chat/completions "HTTP/1.1 200 OK"

2026-08-17 08:12:17,006 - INFO - HTTP Request: POST http://localhost:8006/v1/chat/completions "HTTP/1.1 200 OK"
2026-08-17 08:12:25,694 - INFO - HTTP Request: POST http://localhost:8006/v1/chat/completions "HTTP/1.1 200 OK"
2026-08-17 08:12:26,427 - INFO - HTTP Request: POST http://localhost:8006/v1/chat/completions "HTTP/1.1 200 OK"

2026-08-17 08:12:27,598 - INFO - HTTP Request: POST http://localhost:8006/v1/chat/completions "HTTP/1.1 200 OK"
2026-08-17 08:12:30,305 - INFO - HTTP Request: POST http://localhost:8006/v1/chat/completions "HTTP/1.1 200 OK"
2026-08-17 08:12:37,374 - INFO - HTTP Request: POST http://localhost:8006/v1/chat/completions "HTTP/1.1 200 OK"

2026-08-17 08:12:39,988 - INFO - HTTP Request: POST http://localhost:8006/v1/chat/completions "HTTP/1.1 200 OK"

2026-08-17 08:12:40,860 - INFO - HTTP Request: POST http://localhost:8006/v1/chat/completions "HTTP/1.1 200 OK"

2026-08-17 08:12:46,940 - INFO - HTTP Request: POST http://localhost:8006/v1/chat/completions "HTTP/1.1 200 OK"
2026-08-17 08:12:58,022 - INFO - HTTP Request: POST http://localhost:8006/v1/chat/completions "HTTP/1.1 200 OK"

2026-08-17 08:13:06,270 - INFO - HTTP Request: POST http://localhost:8006/v1/chat/completions "HTTP/1.1 200 OK"
2026-08-17 08:13:09,196 - INFO - HTTP Request: POST http://localhost:8006/v1/chat/completions "HTTP/1.1 200 OK"
2026-08-17 08:13:10,376 - INFO - HTTP Request: POST http://localhost:8006/v1/chat/completions "HTTP/1.1 200 OK"
2026-08-17 08:13:18,756 - INFO - HTTP Request: POST http://localhost:8006/v1/chat/completions "HTTP/1.1 200 OK"

2026-08-17 08:13:20,719 - INFO - HTTP Request: POST http://localhost:8006/v1/chat/completions "HTTP/1.1 200 OK"

2026-08-17 08:13:24,418 - INFO - HTTP Request: POST http://localhost:8006/v1/chat/completions "HTTP/1.1 200 OK"

2026-08-17 08:13:27,678 - INFO - HTTP Request: POST http://localhost:8006/v1/chat/completions "HTTP/1.1 200 OK"
2026-08-17 08:13:38,974 - INFO - HTTP Request: POST http://localhost:8006/v1/chat/completions "HTTP/1.1 200 OK"
2026-08-17 08:13:40,812 - INFO - HTTP Request: POST http://localhost:8006/v1/chat/completions "HTTP/1.1 200 OK"

2026-08-17 08:13:41,247 - INFO - HTTP Request: POST http://localhost:8006/v1/chat/completions "HTTP/1.1 200 OK"
2026-08-17 08:13:45,324 - INFO - HTTP Request: POST http://localhost:8006/v1/chat/completions "HTTP/1.1 200 OK"
2026-08-17 08:13:53,925 - INFO - HTTP Request: POST http://localhost:8006/v1/chat/completions "HTTP/1.1 200 OK"

2026-08-17 08:13:57,628 - INFO - HTTP Request: POST http://localhost:8006/v1/chat/completions "HTTP/1.1 200 OK"

2026-08-17 08:13:58,064 - INFO - HTTP Request: POST http://localhost:8006/v1/chat/completions "HTTP/1.1 200 OK"

2026-08-17 08:14:01,541 - INFO - HTTP Request: POST http://localhost:8006/v1/chat/completions "HTTP/1.1 200 OK"
2026-08-17 08:14:17,410 - INFO - HTTP Request: POST http://localhost:8006/v1/chat/completions "HTTP/1.1 200 OK"

2026-08-17 08:14:23,274 - INFO - HTTP Request: POST http://localhost:8006/v1/chat/completions "HTTP/1.1 200 OK"
2026-08-17 08:14:27,343 - INFO - HTTP Request: POST http://localhost:8006/v1/chat/completions "HTTP/1.1 200 OK"
2026-08-17 08:14:28,060 - INFO - HTTP Request: POST http://localhost:8006/v1/chat/completions "HTTP/1.1 200 OK"
2026-08-17 08:14:44,100 - INFO - HTTP Request: POST http://localhost:8006/v1/chat/completions "HTTP/1.1 200 OK"

2026-08-17 08:14:44,317 - INFO - HTTP Request: POST http://localhost:8006/v1/chat/completions "HTTP/1.1 200 OK"

2026-08-17 08:14:45,853 - INFO - HTTP Request: POST http://localhost:8006/v1/chat/completions "HTTP/1.1 200 OK"

2026-08-17 08:14:47,599 - INFO - HTTP Request: POST http://localhost:8006/v1/chat/completions "HTTP/1.1 200 OK"
2026-08-17 08:15:02,377 - INFO - HTTP Request: POST http://localhost:8006/v1/chat/completions "HTTP/1.1 200 OK"

2026-08-17 08:15:16,713 - INFO - HTTP Request: POST http://localhost:8006/v1/chat/completions "HTTP/1.1 200 OK"
2026-08-17 08:15:17,447 - INFO - HTTP Request: POST http://localhost:8006/v1/chat/completions "HTTP/1.1 200 OK"
2026-08-17 08:15:19,084 - INFO - HTTP Request: POST http://localhost:8006/v1/chat/completions "HTTP/1.1 200 OK"
2026-08-17 08:15:32,320 - INFO - HTTP Request: POST http://localhost:8006/v1/chat/completions "HTTP/1.1 200 OK"

r0_cfg8:  10%|█         | 5/50 [11:48<1:58:06, 157.47s/it]2026-08-17 08:15:32,539 - INFO - HTTP Request: POST http://localhost:8006/v1/chat/completions "HTTP/1.1 200 OK"

r0_cfg8:  12%|█▏        | 6/50 [11:48<1:16:16, 104.00s/it]2026-08-17 08:15:36,457 - INFO - HTTP Request: POST http://localhost:8006/v1/chat/completions "HTTP/1.1 200 OK"
2026-08-17 08:15:40,594 - INFO - HTTP Request: POST http://localhost:8006/v1/chat/completions "HTTP/1.1 200 OK"

r0_cfg8:  14%|█▍        | 7/50 [11:57<52:03, 72.64s/it]   2026-08-17 08:15:53,411 - INFO - HTTP Request: POST http://localhost:8006/v1/chat/completions "HTTP/1.1 200 OK"

r0_cfg8:  16%|█▌        | 8/50 [12:09<37:30, 53.59s/it]2026-08-17 08:15:54,496 - INFO - HTTP Request: POST http://localhost:8006/v1/chat/completions "HTTP/1.1 200 OK"
2026-08-17 08:15:54,713 - INFO - HTTP Request: POST http://localhost:8006/v1/chat/completions "HTTP/1.1 200 OK"
2026-08-17 08:16:03,224 - INFO - HTTP Request: POST http://localhost:8006/v1/chat/completions "HTTP/1.1 200 OK"
2026-08-17 08:16:05,122 - INFO - HTTP Request: POST http://localhost:8006/v1/chat/completions "HTTP/1.1 200 OK"

2026-08-17 08:16:08,390 - INFO - HTTP Request: POST http://localhost:8006/v1/chat/completions "HTTP/1.1 200 OK"

2026-08-17 08:16:12,956 - INFO - HTTP Request: POST http://localhost:8006/v1/chat/completions "HTTP/1.1 200 OK"

2026-08-17 08:16:16,430 - INFO - HTTP Request: POST http://localhost:8006/v1/chat/completions "HTTP/1.1 200 OK"
2026-08-17 08:16:31,523 - INFO - HTTP Request: POST http://localhost:8006/v1/chat/completions "HTTP/1.1 200 OK"

2026-08-17 08:16:31,524 - INFO - HTTP Request: POST http://localhost:8006/v1/chat/completions "HTTP/1.1 200 OK"
2026-08-17 08:16:35,101 - INFO - HTTP Request: POST http://localhost:8006/v1/chat/completions "HTTP/1.1 200 OK"
2026-08-17 08:16:40,041 - INFO - HTTP Request: POST http://localhost:8006/v1/chat/completions "HTTP/1.1 200 OK"
2026-08-17 08:16:44,773 - INFO - HTTP Request: POST http://localhost:8006/v1/chat/completions "HTTP/1.1 200 OK"

2026-08-17 08:16:49,564 - INFO - HTTP Request: POST http://localhost:8006/v1/chat/completions "HTTP/1.1 200 OK"

2026-08-17 08:16:52,394 - INFO - HTTP Request: POST http://localhost:8006/v1/chat/completions "HTTP/1.1 200 OK"

2026-08-17 08:16:58,472 - INFO - HTTP Request: POST http://localhost:8006/v1/chat/completions "HTTP/1.1 200 OK"
2026-08-17 08:17:09,556 - INFO - HTTP Request: POST http://localhost:8006/v1/chat/completions "HTTP/1.1 200 OK"
2026-08-17 08:17:13,136 - INFO - HTTP Request: POST http://localhost:8006/v1/chat/completions "HTTP/1.1 200 OK"

2026-08-17 08:17:14,660 - INFO - HTTP Request: POST http://localhost:8006/v1/chat/completions "HTTP/1.1 200 OK"
2026-08-17 08:17:16,772 - INFO - HTTP Request: POST http://localhost:8006/v1/chat/completions "HTTP/1.1 200 OK"
2026-08-17 08:17:24,776 - INFO - HTTP Request: POST http://localhost:8006/v1/chat/completions "HTTP/1.1 200 OK"

2026-08-17 08:17:28,486 - INFO - HTTP Request: POST http://localhost:8006/v1/chat/completions "HTTP/1.1 200 OK"

2026-08-17 08:17:28,921 - INFO - HTTP Request: POST http://localhost:8006/v1/chat/completions "HTTP/1.1 200 OK"

2026-08-17 08:17:38,267 - INFO - HTTP Request: POST http://localhost:8006/v1/chat/completions "HTTP/1.1 200 OK"
2026-08-17 08:17:48,582 - INFO - HTTP Request: POST http://localhost:8006/v1/chat/completions "HTTP/1.1 200 OK"
2026-08-17 08:17:53,245 - INFO - HTTP Request: POST http://localhost:8006/v1/chat/completions "HTTP/1.1 200 OK"
2026-08-17 08:17:53,464 - INFO - HTTP Request: POST http://localhost:8006/v1/chat/completions "HTTP/1.1 200 OK"
2026-08-17 08:17:55,089 - INFO - HTTP Request: POST http://localhost:8006/v1/chat/completions "HTTP/1.1 200 OK"

2026-08-17 08:18:02,071 - INFO - HTTP Request: POST http://localhost:8006/v1/chat/completions "HTTP/1.1 200 OK"

2026-08-17 08:18:06,000 - INFO - HTTP Request: POST http://localhost:8006/v1/chat/completions "HTTP/1.1 200 OK"

2026-08-17 08:18:08,834 - INFO - HTTP Request: POST http://localhost:8006/v1/chat/completions "HTTP/1.1 200 OK"

2026-08-17 08:18:19,255 - INFO - HTTP Request: POST http://localhost:8006/v1/chat/completions "HTTP/1.1 200 OK"
2026-08-17 08:18:22,178 - INFO - HTTP Request: POST http://localhost:8006/v1/chat/completions "HTTP/1.1 200 OK"
2026-08-17 08:18:26,409 - INFO - HTTP Request: POST http://localhost:8006/v1/chat/completions "HTTP/1.1 200 OK"
2026-08-17 08:18:29,615 - INFO - HTTP Request: POST http://localhost:8006/v1/chat/completions "HTTP/1.1 200 OK"
2026-08-17 08:18:32,827 - INFO - HTTP Request: POST http://localhost:8006/v1/chat/completions "HTTP/1.1 200 OK"

2026-08-17 08:18:35,016 - INFO - HTTP Request: POST http://localhost:8006/v1/chat/completions "HTTP/1.1 200 OK"

2026-08-17 08:18:38,937 - INFO - HTTP Request: POST http://localhost:8006/v1/chat/completions "HTTP/1.1 200 OK"

2026-08-17 08:18:40,896 - INFO - HTTP Request: POST http://localhost:8006/v1/chat/completions "HTTP/1.1 200 OK"

2026-08-17 08:18:52,617 - INFO - HTTP Request: POST http://localhost:8006/v1/chat/completions "HTTP/1.1 200 OK"
2026-08-17 08:19:04,020 - INFO - HTTP Request: POST http://localhost:8006/v1/chat/completions "HTTP/1.1 200 OK"
2026-08-17 08:19:07,598 - INFO - HTTP Request: POST http://localhost:8006/v1/chat/completions "HTTP/1.1 200 OK"

2026-08-17 08:19:08,253 - INFO - HTTP Request: POST http://localhost:8006/v1/chat/completions "HTTP/1.1 200 OK"
2026-08-17 08:19:10,532 - INFO - HTTP Request: POST http://localhost:8006/v1/chat/completions "HTTP/1.1 200 OK"
2026-08-17 08:19:17,444 - INFO - HTTP Request: POST http://localhost:8006/v1/chat/completions "HTTP/1.1 200 OK"

2026-08-17 08:19:21,149 - INFO - HTTP Request: POST http://localhost:8006/v1/chat/completions "HTTP/1.1 200 OK"

2026-08-17 08:19:23,978 - INFO - HTTP Request: POST http://localhost:8006/v1/chat/completions "HTTP/1.1 200 OK"

2026-08-17 08:19:37,006 - INFO - HTTP Request: POST http://localhost:8006/v1/chat/completions "HTTP/1.1 200 OK"
2026-08-17 08:19:37,723 - INFO - HTTP Request: POST http://localhost:8006/v1/chat/completions "HTTP/1.1 200 OK"
2026-08-17 08:19:41,770 - INFO - HTTP Request: POST http://localhost:8006/v1/chat/completions "HTTP/1.1 200 OK"
2026-08-17 08:19:44,978 - INFO - HTTP Request: POST http://localhost:8006/v1/chat/completions "HTTP/1.1 200 OK"
2026-08-17 08:19:51,026 - INFO - HTTP Request: POST http://localhost:8006/v1/chat/completions "HTTP/1.1 200 OK"

2026-08-17 08:19:54,732 - INFO - HTTP Request: POST http://localhost:8006/v1/chat/completions "HTTP/1.1 200 OK"

2026-08-17 08:19:55,389 - INFO - HTTP Request: POST http://localhost:8006/v1/chat/completions "HTTP/1.1 200 OK"

2026-08-17 08:19:59,958 - INFO - HTTP Request: POST http://localhost:8006/v1/chat/completions "HTTP/1.1 200 OK"

2026-08-17 08:20:11,035 - INFO - HTTP Request: POST http://localhost:8006/v1/chat/completions "HTTP/1.1 200 OK"
2026-08-17 08:20:22,661 - INFO - HTTP Request: POST http://localhost:8006/v1/chat/completions "HTTP/1.1 200 OK"

2026-08-17 08:20:24,184 - INFO - HTTP Request: POST http://localhost:8006/v1/chat/completions "HTTP/1.1 200 OK"
2026-08-17 08:20:25,211 - INFO - HTTP Request: POST http://localhost:8006/v1/chat/completions "HTTP/1.1 200 OK"
2026-08-17 08:20:30,099 - INFO - HTTP Request: POST http://localhost:8006/v1/chat/completions "HTTP/1.1 200 OK"
2026-08-17 08:20:36,796 - INFO - HTTP Request: POST http://localhost:8006/v1/chat/completions "HTTP/1.1 200 OK"

2026-08-17 08:20:38,983 - INFO - HTTP Request: POST http://localhost:8006/v1/chat/completions "HTTP/1.1 200 OK"

2026-08-17 08:20:42,909 - INFO - HTTP Request: POST http://localhost:8006/v1/chat/completions "HTTP/1.1 200 OK"

2026-08-17 08:20:52,904 - INFO - HTTP Request: POST http://localhost:8006/v1/chat/completions "HTTP/1.1 200 OK"
2026-08-17 08:21:03,009 - INFO - HTTP Request: POST http://localhost:8006/v1/chat/completions "HTTP/1.1 200 OK"

2026-08-17 08:21:09,747 - INFO - HTTP Request: POST http://localhost:8006/v1/chat/completions "HTTP/1.1 200 OK"
2026-08-17 08:21:12,076 - INFO - HTTP Request: POST http://localhost:8006/v1/chat/completions "HTTP/1.1 200 OK"
2026-08-17 08:21:16,969 - INFO - HTTP Request: POST http://localhost:8006/v1/chat/completions "HTTP/1.1 200 OK"
2026-08-17 08:21:25,630 - INFO - HTTP Request: POST http://localhost:8006/v1/chat/completions "HTTP/1.1 200 OK"

r0_cfg8:  18%|█▊        | 9/50 [17:42<1:36:08, 140.69s/it]2026-08-17 08:21:26,724 - INFO - HTTP Request: POST http://localhost:8006/v1/chat/completions "HTTP/1.1 200 OK"

r0_cfg8:  20%|██        | 10/50 [17:43<1:05:03, 97.60s/it]2026-08-17 08:21:28,900 - INFO - HTTP Request: POST http://localhost:8006/v1/chat/completions "HTTP/1.1 200 OK"

r0_cfg8:  22%|██▏       | 11/50 [17:45<44:27, 68.39s/it]  2026-08-17 08:21:37,149 - INFO - HTTP Request: POST http://localhost:8006/v1/chat/completions "HTTP/1.1 200 OK"
2026-08-17 08:21:48,115 - INFO - HTTP Request: POST http://localhost:8006/v1/chat/completions "HTTP/1.1 200 OK"
2026-08-17 08:21:49,304 - INFO - HTTP Request: POST http://localhost:8006/v1/chat/completions "HTTP/1.1 200 OK"
2026-08-17 08:21:50,717 - INFO - HTTP Request: POST http://localhost:8006/v1/chat/completions "HTTP/1.1 200 OK"

r0_cfg8:  24%|██▍       | 12/50 [18:07<34:20, 54.22s/it]2026-08-17 08:21:52,025 - INFO - HTTP Request: POST http://localhost:8006/v1/chat/completions "HTTP/1.1 200 OK"
2026-08-17 08:21:59,746 - INFO - HTTP Request: POST http://localhost:8006/v1/chat/completions "HTTP/1.1 200 OK"

2026-08-17 08:21:59,964 - INFO - HTTP Request: POST http://localhost:8006/v1/chat/completions "HTTP/1.1 200 OK"

2026-08-17 08:22:01,056 - INFO - HTTP Request: POST http://localhost:8006/v1/chat/completions "HTTP/1.1 200 OK"

2026-08-17 08:22:12,989 - INFO - HTTP Request: POST http://localhost:8006/v1/chat/completions "HTTP/1.1 200 OK"
2026-08-17 08:22:26,127 - INFO - HTTP Request: POST http://localhost:8006/v1/chat/completions "HTTP/1.1 200 OK"
2026-08-17 08:22:26,131 - INFO - HTTP Request: POST http://localhost:8006/v1/chat/completions "HTTP/1.1 200 OK"
2026-08-17 08:22:27,104 - INFO - HTTP Request: POST http://localhost:8006/v1/chat/completions "HTTP/1.1 200 OK"

2026-08-17 08:22:28,258 - INFO - HTTP Request: POST http://localhost:8006/v1/chat/completions "HTTP/1.1 200 OK"
2026-08-17 08:22:40,123 - INFO - HTTP Request: POST http://localhost:8006/v1/chat/completions "HTTP/1.1 200 OK"

2026-08-17 08:22:40,342 - INFO - HTTP Request: POST http://localhost:8006/v1/chat/completions "HTTP/1.1 200 OK"

2026-08-17 08:22:42,303 - INFO - HTTP Request: POST http://localhost:8006/v1/chat/completions "HTTP/1.1 200 OK"

2026-08-17 08:22:53,806 - INFO - HTTP Request: POST http://localhost:8006/v1/chat/completions "HTTP/1.1 200 OK"
2026-08-17 08:23:03,690 - INFO - HTTP Request: POST http://localhost:8006/v1/chat/completions "HTTP/1.1 200 OK"
2026-08-17 08:23:04,717 - INFO - HTTP Request: POST http://localhost:8006/v1/chat/completions "HTTP/1.1 200 OK"

2026-08-17 08:23:05,370 - INFO - HTTP Request: POST http://localhost:8006/v1/chat/completions "HTTP/1.1 200 OK"
2026-08-17 08:23:07,646 - INFO - HTTP Request: POST http://localhost:8006/v1/chat/completions "HTTP/1.1 200 OK"
2026-08-17 08:23:17,339 - INFO - HTTP Request: POST http://localhost:8006/v1/chat/completions "HTTP/1.1 200 OK"

2026-08-17 08:23:18,873 - INFO - HTTP Request: POST http://localhost:8006/v1/chat/completions "HTTP/1.1 200 OK"

2026-08-17 08:23:22,143 - INFO - HTTP Request: POST http://localhost:8006/v1/chat/completions "HTTP/1.1 200 OK"

2026-08-17 08:23:29,745 - INFO - HTTP Request: POST http://localhost:8006/v1/chat/completions "HTTP/1.1 200 OK"
2026-08-17 08:23:41,800 - INFO - HTTP Request: POST http://localhost:8006/v1/chat/completions "HTTP/1.1 200 OK"
2026-08-17 08:23:43,207 - INFO - HTTP Request: POST http://localhost:8006/v1/chat/completions "HTTP/1.1 200 OK"

2026-08-17 08:23:43,425 - INFO - HTTP Request: POST http://localhost:8006/v1/chat/completions "HTTP/1.1 200 OK"
2026-08-17 08:23:47,221 - INFO - HTTP Request: POST http://localhost:8006/v1/chat/completions "HTTP/1.1 200 OK"
2026-08-17 08:23:55,163 - INFO - HTTP Request: POST http://localhost:8006/v1/chat/completions "HTTP/1.1 200 OK"

2026-08-17 08:23:56,480 - INFO - HTTP Request: POST http://localhost:8006/v1/chat/completions "HTTP/1.1 200 OK"

2026-08-17 08:23:59,966 - INFO - HTTP Request: POST http://localhost:8006/v1/chat/completions "HTTP/1.1 200 OK"

2026-08-17 08:24:07,998 - INFO - HTTP Request: POST http://localhost:8006/v1/chat/completions "HTTP/1.1 200 OK"
2026-08-17 08:24:15,268 - INFO - HTTP Request: POST http://localhost:8006/v1/chat/completions "HTTP/1.1 200 OK"
2026-08-17 08:24:16,461 - INFO - HTTP Request: POST http://localhost:8006/v1/chat/completions "HTTP/1.1 200 OK"
2026-08-17 08:24:20,707 - INFO - HTTP Request: POST http://localhost:8006/v1/chat/completions "HTTP/1.1 200 OK"
2026-08-17 08:24:21,686 - INFO - HTTP Request: POST http://localhost:8006/v1/chat/completions "HTTP/1.1 200 OK"

2026-08-17 08:24:24,090 - INFO - HTTP Request: POST http://localhost:8006/v1/chat/completions "HTTP/1.1 200 OK"

2026-08-17 08:24:29,752 - INFO - HTTP Request: POST http://localhost:8006/v1/chat/completions "HTTP/1.1 200 OK"

2026-08-17 08:24:33,885 - INFO - HTTP Request: POST http://localhost:8006/v1/chat/completions "HTTP/1.1 200 OK"

2026-08-17 08:24:41,483 - INFO - HTTP Request: POST http://localhost:8006/v1/chat/completions "HTTP/1.1 200 OK"
2026-08-17 08:24:53,101 - INFO - HTTP Request: POST http://localhost:8006/v1/chat/completions "HTTP/1.1 200 OK"
2026-08-17 08:24:54,074 - INFO - HTTP Request: POST http://localhost:8006/v1/chat/completions "HTTP/1.1 200 OK"

2026-08-17 08:24:59,072 - INFO - HTTP Request: POST http://localhost:8006/v1/chat/completions "HTTP/1.1 200 OK"
2026-08-17 08:25:03,519 - INFO - HTTP Request: POST http://localhost:8006/v1/chat/completions "HTTP/1.1 200 OK"
2026-08-17 08:25:09,284 - INFO - HTTP Request: POST http://localhost:8006/v1/chat/completions "HTTP/1.1 200 OK"

2026-08-17 08:25:13,421 - INFO - HTTP Request: POST http://localhost:8006/v1/chat/completions "HTTP/1.1 200 OK"

2026-08-17 08:25:16,250 - INFO - HTTP Request: POST http://localhost:8006/v1/chat/completions "HTTP/1.1 200 OK"

2026-08-17 08:25:23,413 - INFO - HTTP Request: POST http://localhost:8006/v1/chat/completions "HTTP/1.1 200 OK"
2026-08-17 08:25:29,597 - INFO - HTTP Request: POST http://localhost:8006/v1/chat/completions "HTTP/1.1 200 OK"
2026-08-17 08:25:34,103 - INFO - HTTP Request: POST http://localhost:8006/v1/chat/completions "HTTP/1.1 200 OK"
2026-08-17 08:25:36,387 - INFO - HTTP Request: POST http://localhost:8006/v1/chat/completions "HTTP/1.1 200 OK"

2026-08-17 08:25:37,260 - INFO - HTTP Request: POST http://localhost:8006/v1/chat/completions "HTTP/1.1 200 OK"
2026-08-17 08:25:42,811 - INFO - HTTP Request: POST http://localhost:8006/v1/chat/completions "HTTP/1.1 200 OK"

2026-08-17 08:25:51,956 - INFO - HTTP Request: POST http://localhost:8006/v1/chat/completions "HTTP/1.1 200 OK"

2026-08-17 08:25:53,046 - INFO - HTTP Request: POST http://localhost:8006/v1/chat/completions "HTTP/1.1 200 OK"

2026-08-17 08:25:56,738 - INFO - HTTP Request: POST http://localhost:8006/v1/chat/completions "HTTP/1.1 200 OK"
2026-08-17 08:26:11,191 - INFO - HTTP Request: POST http://localhost:8006/v1/chat/completions "HTTP/1.1 200 OK"

2026-08-17 08:26:12,278 - INFO - HTTP Request: POST http://localhost:8006/v1/chat/completions "HTTP/1.1 200 OK"
2026-08-17 08:26:21,738 - INFO - HTTP Request: POST http://localhost:8006/v1/chat/completions "HTTP/1.1 200 OK"
2026-08-17 08:26:23,143 - INFO - HTTP Request: POST http://localhost:8006/v1/chat/completions "HTTP/1.1 200 OK"
2026-08-17 08:26:26,515 - INFO - HTTP Request: POST http://localhost:8006/v1/chat/completions "HTTP/1.1 200 OK"

2026-08-17 08:26:34,363 - INFO - HTTP Request: POST http://localhost:8006/v1/chat/completions "HTTP/1.1 200 OK"

2026-08-17 08:26:34,364 - INFO - HTTP Request: POST http://localhost:8006/v1/chat/completions "HTTP/1.1 200 OK"

2026-08-17 08:26:41,315 - INFO - HTTP Request: POST http://localhost:8006/v1/chat/completions "HTTP/1.1 200 OK"
2026-08-17 08:26:52,286 - INFO - HTTP Request: POST http://localhost:8006/v1/chat/completions "HTTP/1.1 200 OK"

2026-08-17 08:26:59,894 - INFO - HTTP Request: POST http://localhost:8006/v1/chat/completions "HTTP/1.1 200 OK"
2026-08-17 08:27:07,658 - INFO - HTTP Request: POST http://localhost:8006/v1/chat/completions "HTTP/1.1 200 OK"
2026-08-17 08:27:07,659 - INFO - HTTP Request: POST http://localhost:8006/v1/chat/completions "HTTP/1.1 200 OK"
2026-08-17 08:27:14,004 - INFO - HTTP Request: POST http://localhost:8006/v1/chat/completions "HTTP/1.1 200 OK"

r0_cfg8:  26%|██▌       | 13/50 [23:30<1:23:42, 135.73s/it]2026-08-17 08:27:21,190 - INFO - HTTP Request: POST http://localhost:8006/v1/chat/completions "HTTP/1.1 200 OK"

r0_cfg8:  28%|██▊       | 14/50 [23:37<58:08, 96.91s/it]   2026-08-17 08:27:23,803 - INFO - HTTP Request: POST http://localhost:8006/v1/chat/completions "HTTP/1.1 200 OK"

r0_cfg8:  30%|███       | 15/50 [23:40<39:56, 68.48s/it]2026-08-17 08:27:26,409 - INFO - HTTP Request: POST http://localhost:8006/v1/chat/completions "HTTP/1.1 200 OK"
2026-08-17 08:27:36,077 - INFO - HTTP Request: POST http://localhost:8006/v1/chat/completions "HTTP/1.1 200 OK"
2026-08-17 08:27:37,478 - INFO - HTTP Request: POST http://localhost:8006/v1/chat/completions "HTTP/1.1 200 OK"

r0_cfg8:  32%|███▏      | 16/50 [23:53<29:27, 51.99s/it]2026-08-17 08:27:43,563 - INFO - HTTP Request: POST http://localhost:8006/v1/chat/completions "HTTP/1.1 200 OK"
2026-08-17 08:27:46,706 - INFO - HTTP Request: POST http://localhost:8006/v1/chat/completions "HTTP/1.1 200 OK"
2026-08-17 08:27:51,219 - INFO - HTTP Request: POST http://localhost:8006/v1/chat/completions "HTTP/1.1 200 OK"

2026-08-17 08:27:56,881 - INFO - HTTP Request: POST http://localhost:8006/v1/chat/completions "HTTP/1.1 200 OK"

2026-08-17 08:27:58,622 - INFO - HTTP Request: POST http://localhost:8006/v1/chat/completions "HTTP/1.1 200 OK"

2026-08-17 08:28:00,141 - INFO - HTTP Request: POST http://localhost:8006/v1/chat/completions "HTTP/1.1 200 OK"
2026-08-17 08:28:09,797 - INFO - HTTP Request: POST http://localhost:8006/v1/chat/completions "HTTP/1.1 200 OK"

2026-08-17 08:28:17,611 - INFO - HTTP Request: POST http://localhost:8006/v1/chat/completions "HTTP/1.1 200 OK"
2026-08-17 08:28:23,362 - INFO - HTTP Request: POST http://localhost:8006/v1/chat/completions "HTTP/1.1 200 OK"
2026-08-17 08:28:25,637 - INFO - HTTP Request: POST http://localhost:8006/v1/chat/completions "HTTP/1.1 200 OK"
2026-08-17 08:28:31,245 - INFO - HTTP Request: POST http://localhost:8006/v1/chat/completions "HTTP/1.1 200 OK"

2026-08-17 08:28:36,036 - INFO - HTTP Request: POST http://localhost:8006/v1/chat/completions "HTTP/1.1 200 OK"

2026-08-17 08:28:36,910 - INFO - HTTP Request: POST http://localhost:8006/v1/chat/completions "HTTP/1.1 200 OK"
2026-08-17 08:28:38,098 - INFO - HTTP Request: POST http://localhost:8006/v1/chat/completions "HTTP/1.1 200 OK"

2026-08-17 08:28:50,266 - INFO - HTTP Request: POST http://localhost:8006/v1/chat/completions "HTTP/1.1 200 OK"

2026-08-17 08:28:55,909 - INFO - HTTP Request: POST http://localhost:8006/v1/chat/completions "HTTP/1.1 200 OK"
2026-08-17 08:29:01,009 - INFO - HTTP Request: POST http://localhost:8006/v1/chat/completions "HTTP/1.1 200 OK"
2026-08-17 08:29:01,979 - INFO - HTTP Request: POST http://localhost:8006/v1/chat/completions "HTTP/1.1 200 OK"
2026-08-17 08:29:12,812 - INFO - HTTP Request: POST http://localhost:8006/v1/chat/completions "HTTP/1.1 200 OK"

2026-08-17 08:29:13,693 - INFO - HTTP Request: POST http://localhost:8006/v1/chat/completions "HTTP/1.1 200 OK"

2026-08-17 08:29:15,659 - INFO - HTTP Request: POST http://localhost:8006/v1/chat/completions "HTTP/1.1 200 OK"
2026-08-17 08:29:18,803 - INFO - HTTP Request: POST http://localhost:8006/v1/chat/completions "HTTP/1.1 200 OK"

2026-08-17 08:29:29,022 - INFO - HTTP Request: POST http://localhost:8006/v1/chat/completions "HTTP/1.1 200 OK"

2026-08-17 08:29:37,060 - INFO - HTTP Request: POST http://localhost:8006/v1/chat/completions "HTTP/1.1 200 OK"
2026-08-17 08:29:38,245 - INFO - HTTP Request: POST http://localhost:8006/v1/chat/completions "HTTP/1.1 200 OK"
2026-08-17 08:29:43,404 - INFO - HTTP Request: POST http://localhost:8006/v1/chat/completions "HTTP/1.1 200 OK"
2026-08-17 08:29:50,253 - INFO - HTTP Request: POST http://localhost:8006/v1/chat/completions "HTTP/1.1 200 OK"

2026-08-17 08:29:51,134 - INFO - HTTP Request: POST http://localhost:8006/v1/chat/completions "HTTP/1.1 200 OK"

2026-08-17 08:29:54,185 - INFO - HTTP Request: POST http://localhost:8006/v1/chat/completions "HTTP/1.1 200 OK"
2026-08-17 08:29:56,454 - INFO - HTTP Request: POST http://localhost:8006/v1/chat/completions "HTTP/1.1 200 OK"

2026-08-17 08:30:06,674 - INFO - HTTP Request: POST http://localhost:8006/v1/chat/completions "HTTP/1.1 200 OK"

2026-08-17 08:30:10,371 - INFO - HTTP Request: POST http://localhost:8006/v1/chat/completions "HTTP/1.1 200 OK"
2026-08-17 08:30:11,558 - INFO - HTTP Request: POST http://localhost:8006/v1/chat/completions "HTTP/1.1 200 OK"
2026-08-17 08:30:16,938 - INFO - HTTP Request: POST http://localhost:8006/v1/chat/completions "HTTP/1.1 200 OK"
2026-08-17 08:30:20,087 - INFO - HTTP Request: POST http://localhost:8006/v1/chat/completions "HTTP/1.1 200 OK"

2026-08-17 08:30:25,095 - INFO - HTTP Request: POST http://localhost:8006/v1/chat/completions "HTTP/1.1 200 OK"

2026-08-17 08:30:27,054 - INFO - HTTP Request: POST http://localhost:8006/v1/chat/completions "HTTP/1.1 200 OK"
2026-08-17 08:30:29,329 - INFO - HTTP Request: POST http://localhost:8006/v1/chat/completions "HTTP/1.1 200 OK"

2026-08-17 08:30:39,979 - INFO - HTTP Request: POST http://localhost:8006/v1/chat/completions "HTTP/1.1 200 OK"

2026-08-17 08:30:49,094 - INFO - HTTP Request: POST http://localhost:8006/v1/chat/completions "HTTP/1.1 200 OK"
2026-08-17 08:30:54,464 - INFO - HTTP Request: POST http://localhost:8006/v1/chat/completions "HTTP/1.1 200 OK"
2026-08-17 08:30:58,698 - INFO - HTTP Request: POST http://localhost:8006/v1/chat/completions "HTTP/1.1 200 OK"
2026-08-17 08:31:05,766 - INFO - HTTP Request: POST http://localhost:8006/v1/chat/completions "HTTP/1.1 200 OK"

2026-08-17 08:31:09,257 - INFO - HTTP Request: POST http://localhost:8006/v1/chat/completions "HTTP/1.1 200 OK"

2026-08-17 08:31:09,687 - INFO - HTTP Request: POST http://localhost:8006/v1/chat/completions "HTTP/1.1 200 OK"
2026-08-17 08:31:13,700 - INFO - HTTP Request: POST http://localhost:8006/v1/chat/completions "HTTP/1.1 200 OK"

2026-08-17 08:31:23,044 - INFO - HTTP Request: POST http://localhost:8006/v1/chat/completions "HTTP/1.1 200 OK"

2026-08-17 08:31:26,084 - INFO - HTTP Request: POST http://localhost:8006/v1/chat/completions "HTTP/1.1 200 OK"
2026-08-17 08:31:29,935 - INFO - HTTP Request: POST http://localhost:8006/v1/chat/completions "HTTP/1.1 200 OK"
2026-08-17 08:31:34,386 - INFO - HTTP Request: POST http://localhost:8006/v1/chat/completions "HTTP/1.1 200 OK"
2026-08-17 08:31:38,846 - INFO - HTTP Request: POST http://localhost:8006/v1/chat/completions "HTTP/1.1 200 OK"

2026-08-17 08:31:43,855 - INFO - HTTP Request: POST http://localhost:8006/v1/chat/completions "HTTP/1.1 200 OK"

2026-08-17 08:31:44,072 - INFO - HTTP Request: POST http://localhost:8006/v1/chat/completions "HTTP/1.1 200 OK"
2026-08-17 08:31:47,874 - INFO - HTTP Request: POST http://localhost:8006/v1/chat/completions "HTTP/1.1 200 OK"

2026-08-17 08:31:58,092 - INFO - HTTP Request: POST http://localhost:8006/v1/chat/completions "HTTP/1.1 200 OK"

2026-08-17 08:32:08,297 - INFO - HTTP Request: POST http://localhost:8006/v1/chat/completions "HTTP/1.1 200 OK"
2026-08-17 08:32:13,673 - INFO - HTTP Request: POST http://localhost:8006/v1/chat/completions "HTTP/1.1 200 OK"
2026-08-17 08:32:17,693 - INFO - HTTP Request: POST http://localhost:8006/v1/chat/completions "HTTP/1.1 200 OK"
2026-08-17 08:32:21,060 - INFO - HTTP Request: POST http://localhost:8006/v1/chat/completions "HTTP/1.1 200 OK"

2026-08-17 08:32:28,037 - INFO - HTTP Request: POST http://localhost:8006/v1/chat/completions "HTTP/1.1 200 OK"

2026-08-17 08:32:28,255 - INFO - HTTP Request: POST http://localhost:8006/v1/chat/completions "HTTP/1.1 200 OK"
2026-08-17 08:32:35,753 - INFO - HTTP Request: POST http://localhost:8006/v1/chat/completions "HTTP/1.1 200 OK"

2026-08-17 08:32:39,893 - INFO - HTTP Request: POST http://localhost:8006/v1/chat/completions "HTTP/1.1 200 OK"

2026-08-17 08:32:53,795 - INFO - HTTP Request: POST http://localhost:8006/v1/chat/completions "HTTP/1.1 200 OK"
2026-08-17 08:33:01,128 - INFO - HTTP Request: POST http://localhost:8006/v1/chat/completions "HTTP/1.1 200 OK"
2026-08-17 08:33:04,931 - INFO - HTTP Request: POST http://localhost:8006/v1/chat/completions "HTTP/1.1 200 OK"

r0_cfg8:  34%|███▍      | 17/50 [29:21<1:14:09, 134.82s/it]2026-08-17 08:33:08,848 - INFO - HTTP Request: POST http://localhost:8006/v1/chat/completions "HTTP/1.1 200 OK"
2026-08-17 08:33:12,213 - INFO - HTTP Request: POST http://localhost:8006/v1/chat/completions "HTTP/1.1 200 OK"

r0_cfg8:  36%|███▌      | 18/50 [29:28<51:27, 96.49s/it]   2026-08-17 08:33:13,955 - INFO - HTTP Request: POST http://localhost:8006/v1/chat/completions "HTTP/1.1 200 OK"
2026-08-17 08:33:25,155 - INFO - HTTP Request: POST http://localhost:8006/v1/chat/completions "HTTP/1.1 200 OK"

r0_cfg8:  38%|███▊      | 19/50 [29:41<36:53, 71.40s/it]2026-08-17 08:33:27,328 - INFO - HTTP Request: POST http://localhost:8006/v1/chat/completions "HTTP/1.1 200 OK"
2026-08-17 08:33:28,356 - INFO - HTTP Request: POST http://localhost:8006/v1/chat/completions "HTTP/1.1 200 OK"

r0_cfg8:  40%|████      | 20/50 [29:44<25:27, 50.92s/it]2026-08-17 08:33:34,874 - INFO - HTTP Request: POST http://localhost:8006/v1/chat/completions "HTTP/1.1 200 OK"
2026-08-17 08:33:39,973 - INFO - HTTP Request: POST http://localhost:8006/v1/chat/completions "HTTP/1.1 200 OK"

2026-08-17 08:33:46,711 - INFO - HTTP Request: POST http://localhost:8006/v1/chat/completions "HTTP/1.1 200 OK"

2026-08-17 08:33:47,799 - INFO - HTTP Request: POST http://localhost:8006/v1/chat/completions "HTTP/1.1 200 OK"
2026-08-17 08:33:50,936 - INFO - HTTP Request: POST http://localhost:8006/v1/chat/completions "HTTP/1.1 200 OK"
2026-08-17 08:34:00,392 - INFO - HTTP Request: POST http://localhost:8006/v1/chat/completions "HTTP/1.1 200 OK"

2026-08-17 08:34:03,219 - INFO - HTTP Request: POST http://localhost:8006/v1/chat/completions "HTTP/1.1 200 OK"

2026-08-17 08:34:06,690 - INFO - HTTP Request: POST http://localhost:8006/v1/chat/completions "HTTP/1.1 200 OK"
2026-08-17 08:34:13,802 - INFO - HTTP Request: POST http://localhost:8006/v1/chat/completions "HTTP/1.1 200 OK"
2026-08-17 08:34:22,171 - INFO - HTTP Request: POST http://localhost:8006/v1/chat/completions "HTTP/1.1 200 OK"

2026-08-17 08:34:27,174 - INFO - HTTP Request: POST http://localhost:8006/v1/chat/completions "HTTP/1.1 200 OK"
2026-08-17 08:34:30,320 - INFO - HTTP Request: POST http://localhost:8006/v1/chat/completions "HTTP/1.1 200 OK"
2026-08-17 08:34:31,039 - INFO - HTTP Request: POST http://localhost:8006/v1/chat/completions "HTTP/1.1 200 OK"

2026-08-17 08:34:42,396 - INFO - HTTP Request: POST http://localhost:8006/v1/chat/completions "HTTP/1.1 200 OK"

2026-08-17 08:34:44,790 - INFO - HTTP Request: POST http://localhost:8006/v1/chat/completions "HTTP/1.1 200 OK"

2026-08-17 08:34:47,178 - INFO - HTTP Request: POST http://localhost:8006/v1/chat/completions "HTTP/1.1 200 OK"
2026-08-17 08:34:55,811 - INFO - HTTP Request: POST http://localhost:8006/v1/chat/completions "HTTP/1.1 200 OK"
2026-08-17 08:35:04,395 - INFO - HTTP Request: POST http://localhost:8006/v1/chat/completions "HTTP/1.1 200 OK"

2026-08-17 08:35:07,448 - INFO - HTTP Request: POST http://localhost:8006/v1/chat/completions "HTTP/1.1 200 OK"
2026-08-17 08:35:10,158 - INFO - HTTP Request: POST http://localhost:8006/v1/chat/completions "HTTP/1.1 200 OK"
2026-08-17 08:35:10,159 - INFO - HTTP Request: POST http://localhost:8006/v1/chat/completions "HTTP/1.1 200 OK"

2026-08-17 08:35:21,838 - INFO - HTTP Request: POST http://localhost:8006/v1/chat/completions "HTTP/1.1 200 OK"

2026-08-17 08:35:25,760 - INFO - HTTP Request: POST http://localhost:8006/v1/chat/completions "HTTP/1.1 200 OK"

2026-08-17 08:35:29,240 - INFO - HTTP Request: POST http://localhost:8006/v1/chat/completions "HTTP/1.1 200 OK"
2026-08-17 08:35:35,110 - INFO - HTTP Request: POST http://localhost:8006/v1/chat/completions "HTTP/1.1 200 OK"
2026-08-17 08:35:42,388 - INFO - HTTP Request: POST http://localhost:8006/v1/chat/completions "HTTP/1.1 200 OK"

2026-08-17 08:35:46,743 - INFO - HTTP Request: POST http://localhost:8006/v1/chat/completions "HTTP/1.1 200 OK"
2026-08-17 08:35:48,144 - INFO - HTTP Request: POST http://localhost:8006/v1/chat/completions "HTTP/1.1 200 OK"

2026-08-17 08:35:50,761 - INFO - HTTP Request: POST http://localhost:8006/v1/chat/completions "HTTP/1.1 200 OK"
2026-08-17 08:35:59,127 - INFO - HTTP Request: POST http://localhost:8006/v1/chat/completions "HTTP/1.1 200 OK"

2026-08-17 08:36:02,829 - INFO - HTTP Request: POST http://localhost:8006/v1/chat/completions "HTTP/1.1 200 OK"
2026-08-17 08:36:03,857 - INFO - HTTP Request: POST http://localhost:8006/v1/chat/completions "HTTP/1.1 200 OK"

2026-08-17 08:36:08,644 - INFO - HTTP Request: POST http://localhost:8006/v1/chat/completions "HTTP/1.1 200 OK"
2026-08-17 08:36:19,186 - INFO - HTTP Request: POST http://localhost:8006/v1/chat/completions "HTTP/1.1 200 OK"

2026-08-17 08:36:19,619 - INFO - HTTP Request: POST http://localhost:8006/v1/chat/completions "HTTP/1.1 200 OK"
2026-08-17 08:36:21,898 - INFO - HTTP Request: POST http://localhost:8006/v1/chat/completions "HTTP/1.1 200 OK"

2026-08-17 08:36:24,291 - INFO - HTTP Request: POST http://localhost:8006/v1/chat/completions "HTTP/1.1 200 OK"
2026-08-17 08:36:33,093 - INFO - HTTP Request: POST http://localhost:8006/v1/chat/completions "HTTP/1.1 200 OK"

2026-08-17 08:36:34,838 - INFO - HTTP Request: POST http://localhost:8006/v1/chat/completions "HTTP/1.1 200 OK"

2026-08-17 08:36:48,507 - INFO - HTTP Request: POST http://localhost:8006/v1/chat/completions "HTTP/1.1 200 OK"
2026-08-17 08:36:51,270 - INFO - HTTP Request: POST http://localhost:8006/v1/chat/completions "HTTP/1.1 200 OK"
2026-08-17 08:37:02,464 - INFO - HTTP Request: POST http://localhost:8006/v1/chat/completions "HTTP/1.1 200 OK"
2026-08-17 08:37:04,083 - INFO - HTTP Request: POST http://localhost:8006/v1/chat/completions "HTTP/1.1 200 OK"

2026-08-17 08:37:04,300 - INFO - HTTP Request: POST http://localhost:8006/v1/chat/completions "HTTP/1.1 200 OK"

2026-08-17 08:37:04,519 - INFO - HTTP Request: POST http://localhost:8006/v1/chat/completions "HTTP/1.1 200 OK"
2026-08-17 08:37:15,936 - INFO - HTTP Request: POST http://localhost:8006/v1/chat/completions "HTTP/1.1 200 OK"

2026-08-17 08:37:20,502 - INFO - HTTP Request: POST http://localhost:8006/v1/chat/completions "HTTP/1.1 200 OK"

2026-08-17 08:37:24,409 - INFO - HTTP Request: POST http://localhost:8006/v1/chat/completions "HTTP/1.1 200 OK"
2026-08-17 08:37:24,627 - INFO - HTTP Request: POST http://localhost:8006/v1/chat/completions "HTTP/1.1 200 OK"
2026-08-17 08:37:34,888 - INFO - HTTP Request: POST http://localhost:8006/v1/chat/completions "HTTP/1.1 200 OK"

2026-08-17 08:37:36,632 - INFO - HTTP Request: POST http://localhost:8006/v1/chat/completions "HTTP/1.1 200 OK"
2026-08-17 08:37:38,255 - INFO - HTTP Request: POST http://localhost:8006/v1/chat/completions "HTTP/1.1 200 OK"

2026-08-17 08:37:41,519 - INFO - HTTP Request: POST http://localhost:8006/v1/chat/completions "HTTP/1.1 200 OK"
2026-08-17 08:37:52,935 - INFO - HTTP Request: POST http://localhost:8006/v1/chat/completions "HTTP/1.1 200 OK"

2026-08-17 08:37:55,113 - INFO - HTTP Request: POST http://localhost:8006/v1/chat/completions "HTTP/1.1 200 OK"

2026-08-17 08:38:04,666 - INFO - HTTP Request: POST http://localhost:8006/v1/chat/completions "HTTP/1.1 200 OK"
2026-08-17 08:38:08,031 - INFO - HTTP Request: POST http://localhost:8006/v1/chat/completions "HTTP/1.1 200 OK"
2026-08-17 08:38:21,474 - INFO - HTTP Request: POST http://localhost:8006/v1/chat/completions "HTTP/1.1 200 OK"

2026-08-17 08:38:22,138 - INFO - HTTP Request: POST http://localhost:8006/v1/chat/completions "HTTP/1.1 200 OK"

2026-08-17 08:38:22,798 - INFO - HTTP Request: POST http://localhost:8006/v1/chat/completions "HTTP/1.1 200 OK"
2026-08-17 08:38:25,292 - INFO - HTTP Request: POST http://localhost:8006/v1/chat/completions "HTTP/1.1 200 OK"
2026-08-17 08:38:38,016 - INFO - HTTP Request: POST http://localhost:8006/v1/chat/completions "HTTP/1.1 200 OK"

2026-08-17 08:38:39,331 - INFO - HTTP Request: POST http://localhost:8006/v1/chat/completions "HTTP/1.1 200 OK"

2026-08-17 08:38:53,882 - INFO - HTTP Request: POST http://localhost:8006/v1/chat/completions "HTTP/1.1 200 OK"
2026-08-17 08:38:55,634 - INFO - HTTP Request: POST http://localhost:8006/v1/chat/completions "HTTP/1.1 200 OK"
2026-08-17 08:39:06,025 - INFO - HTTP Request: POST http://localhost:8006/v1/chat/completions "HTTP/1.1 200 OK"

r0_cfg8:  42%|████▏     | 21/50 [35:22<1:06:12, 137.00s/it]2026-08-17 08:39:07,117 - INFO - HTTP Request: POST http://localhost:8006/v1/chat/completions "HTTP/1.1 200 OK"

r0_cfg8:  44%|████▍     | 22/50 [35:23<44:53, 96.21s/it]   2026-08-17 08:39:11,243 - INFO - HTTP Request: POST http://localhost:8006/v1/chat/completions "HTTP/1.1 200 OK"
2026-08-17 08:39:13,518 - INFO - HTTP Request: POST http://localhost:8006/v1/chat/completions "HTTP/1.1 200 OK"
2026-08-17 08:39:24,716 - INFO - HTTP Request: POST http://localhost:8006/v1/chat/completions "HTTP/1.1 200 OK"

r0_cfg8:  46%|████▌     | 23/50 [35:41<32:40, 72.62s/it]2026-08-17 08:39:26,241 - INFO - HTTP Request: POST http://localhost:8006/v1/chat/completions "HTTP/1.1 200 OK"

r0_cfg8:  48%|████▊     | 24/50 [35:42<22:13, 51.29s/it]2026-08-17 08:39:28,411 - INFO - HTTP Request: POST http://localhost:8006/v1/chat/completions "HTTP/1.1 200 OK"
2026-08-17 08:39:30,082 - INFO - HTTP Request: POST http://localhost:8006/v1/chat/completions "HTTP/1.1 200 OK"
2026-08-17 08:39:40,184 - INFO - HTTP Request: POST http://localhost:8006/v1/chat/completions "HTTP/1.1 200 OK"

2026-08-17 08:39:40,402 - INFO - HTTP Request: POST http://localhost:8006/v1/chat/completions "HTTP/1.1 200 OK"

2026-08-17 08:39:47,126 - INFO - HTTP Request: POST http://localhost:8006/v1/chat/completions "HTTP/1.1 200 OK"
2026-08-17 08:39:49,179 - INFO - HTTP Request: POST http://localhost:8006/v1/chat/completions "HTTP/1.1 200 OK"
2026-08-17 08:39:59,720 - INFO - HTTP Request: POST http://localhost:8006/v1/chat/completions "HTTP/1.1 200 OK"

2026-08-17 08:40:00,376 - INFO - HTTP Request: POST http://localhost:8006/v1/chat/completions "HTTP/1.1 200 OK"

2026-08-17 08:40:06,882 - INFO - HTTP Request: POST http://localhost:8006/v1/chat/completions "HTTP/1.1 200 OK"
2026-08-17 08:40:07,099 - INFO - HTTP Request: POST http://localhost:8006/v1/chat/completions "HTTP/1.1 200 OK"
2026-08-17 08:40:18,228 - INFO - HTTP Request: POST http://localhost:8006/v1/chat/completions "HTTP/1.1 200 OK"

2026-08-17 08:40:18,663 - INFO - HTTP Request: POST http://localhost:8006/v1/chat/completions "HTTP/1.1 200 OK"

2026-08-17 08:40:26,480 - INFO - HTTP Request: POST http://localhost:8006/v1/chat/completions "HTTP/1.1 200 OK"
2026-08-17 08:40:27,199 - INFO - HTTP Request: POST http://localhost:8006/v1/chat/completions "HTTP/1.1 200 OK"
2026-08-17 08:40:39,301 - INFO - HTTP Request: POST http://localhost:8006/v1/chat/completions "HTTP/1.1 200 OK"

2026-08-17 08:40:39,735 - INFO - HTTP Request: POST http://localhost:8006/v1/chat/completions "HTTP/1.1 200 OK"

2026-08-17 08:40:42,125 - INFO - HTTP Request: POST http://localhost:8006/v1/chat/completions "HTTP/1.1 200 OK"
2026-08-17 08:40:43,964 - INFO - HTTP Request: POST http://localhost:8006/v1/chat/completions "HTTP/1.1 200 OK"
2026-08-17 08:40:51,733 - INFO - HTTP Request: POST http://localhost:8006/v1/chat/completions "HTTP/1.1 200 OK"

2026-08-17 08:40:58,043 - INFO - HTTP Request: POST http://localhost:8006/v1/chat/completions "HTTP/1.1 200 OK"

2026-08-17 08:41:03,696 - INFO - HTTP Request: POST http://localhost:8006/v1/chat/completions "HTTP/1.1 200 OK"
2026-08-17 08:41:04,670 - INFO - HTTP Request: POST http://localhost:8006/v1/chat/completions "HTTP/1.1 200 OK"
2026-08-17 08:41:14,781 - INFO - HTTP Request: POST http://localhost:8006/v1/chat/completions "HTTP/1.1 200 OK"

2026-08-17 08:41:16,311 - INFO - HTTP Request: POST http://localhost:8006/v1/chat/completions "HTTP/1.1 200 OK"
2026-08-17 08:41:22,939 - INFO - HTTP Request: POST http://localhost:8006/v1/chat/completions "HTTP/1.1 200 OK"
2026-08-17 08:41:22,942 - INFO - HTTP Request: POST http://localhost:8006/v1/chat/completions "HTTP/1.1 200 OK"

2026-08-17 08:41:29,398 - INFO - HTTP Request: POST http://localhost:8006/v1/chat/completions "HTTP/1.1 200 OK"

2026-08-17 08:41:35,060 - INFO - HTTP Request: POST http://localhost:8006/v1/chat/completions "HTTP/1.1 200 OK"

2026-08-17 08:41:39,406 - INFO - HTTP Request: POST http://localhost:8006/v1/chat/completions "HTTP/1.1 200 OK"
2026-08-17 08:41:47,766 - INFO - HTTP Request: POST http://localhost:8006/v1/chat/completions "HTTP/1.1 200 OK"
2026-08-17 08:41:49,885 - INFO - HTTP Request: POST http://localhost:8006/v1/chat/completions "HTTP/1.1 200 OK"
2026-08-17 08:41:52,601 - INFO - HTTP Request: POST http://localhost:8006/v1/chat/completions "HTTP/1.1 200 OK"

2026-08-17 08:41:55,876 - INFO - HTTP Request: POST http://localhost:8006/v1/chat/completions "HTTP/1.1 200 OK"
2026-08-17 08:42:01,695 - INFO - HTTP Request: POST http://localhost:8006/v1/chat/completions "HTTP/1.1 200 OK"

2026-08-17 08:42:03,664 - INFO - HTTP Request: POST http://localhost:8006/v1/chat/completions "HTTP/1.1 200 OK"

2026-08-17 08:42:09,315 - INFO - HTTP Request: POST http://localhost:8006/v1/chat/completions "HTTP/1.1 200 OK"

2026-08-17 08:42:12,788 - INFO - HTTP Request: POST http://localhost:8006/v1/chat/completions "HTTP/1.1 200 OK"
2026-08-17 08:42:21,800 - INFO - HTTP Request: POST http://localhost:8006/v1/chat/completions "HTTP/1.1 200 OK"
2026-08-17 08:42:22,985 - INFO - HTTP Request: POST http://localhost:8006/v1/chat/completions "HTTP/1.1 200 OK"

2026-08-17 08:42:32,982 - INFO - HTTP Request: POST http://localhost:8006/v1/chat/completions "HTTP/1.1 200 OK"

2026-08-17 08:42:32,983 - INFO - HTTP Request: POST http://localhost:8006/v1/chat/completions "HTTP/1.1 200 OK"
2026-08-17 08:42:38,945 - INFO - HTTP Request: POST http://localhost:8006/v1/chat/completions "HTTP/1.1 200 OK"
2026-08-17 08:42:43,179 - INFO - HTTP Request: POST http://localhost:8006/v1/chat/completions "HTTP/1.1 200 OK"

2026-08-17 08:42:52,095 - INFO - HTTP Request: POST http://localhost:8006/v1/chat/completions "HTTP/1.1 200 OK"

2026-08-17 08:42:52,312 - INFO - HTTP Request: POST http://localhost:8006/v1/chat/completions "HTTP/1.1 200 OK"
2026-08-17 08:43:02,629 - INFO - HTTP Request: POST http://localhost:8006/v1/chat/completions "HTTP/1.1 200 OK"
2026-08-17 08:43:03,815 - INFO - HTTP Request: POST http://localhost:8006/v1/chat/completions "HTTP/1.1 200 OK"
2026-08-17 08:43:09,367 - INFO - HTTP Request: POST http://localhost:8006/v1/chat/completions "HTTP/1.1 200 OK"

2026-08-17 08:43:13,071 - INFO - HTTP Request: POST http://localhost:8006/v1/chat/completions "HTTP/1.1 200 OK"
2026-08-17 08:43:15,625 - INFO - HTTP Request: POST http://localhost:8006/v1/chat/completions "HTTP/1.1 200 OK"

2026-08-17 08:43:18,459 - INFO - HTTP Request: POST http://localhost:8006/v1/chat/completions "HTTP/1.1 200 OK"

2026-08-17 08:43:29,551 - INFO - HTTP Request: POST http://localhost:8006/v1/chat/completions "HTTP/1.1 200 OK"

2026-08-17 08:43:29,769 - INFO - HTTP Request: POST http://localhost:8006/v1/chat/completions "HTTP/1.1 200 OK"
2026-08-17 08:43:38,788 - INFO - HTTP Request: POST http://localhost:8006/v1/chat/completions "HTTP/1.1 200 OK"
2026-08-17 08:43:45,422 - INFO - HTTP Request: POST http://localhost:8006/v1/chat/completions "HTTP/1.1 200 OK"
2026-08-17 08:43:50,974 - INFO - HTTP Request: POST http://localhost:8006/v1/chat/completions "HTTP/1.1 200 OK"

2026-08-17 08:43:57,293 - INFO - HTTP Request: POST http://localhost:8006/v1/chat/completions "HTTP/1.1 200 OK"

2026-08-17 08:43:57,511 - INFO - HTTP Request: POST http://localhost:8006/v1/chat/completions "HTTP/1.1 200 OK"

2026-08-17 08:43:59,691 - INFO - HTTP Request: POST http://localhost:8006/v1/chat/completions "HTTP/1.1 200 OK"
2026-08-17 08:44:13,331 - INFO - HTTP Request: POST http://localhost:8006/v1/chat/completions "HTTP/1.1 200 OK"

2026-08-17 08:44:20,506 - INFO - HTTP Request: POST http://localhost:8006/v1/chat/completions "HTTP/1.1 200 OK"
2026-08-17 08:44:27,133 - INFO - HTTP Request: POST http://localhost:8006/v1/chat/completions "HTTP/1.1 200 OK"
2026-08-17 08:44:29,629 - INFO - HTTP Request: POST http://localhost:8006/v1/chat/completions "HTTP/1.1 200 OK"
2026-08-17 08:44:34,092 - INFO - HTTP Request: POST http://localhost:8006/v1/chat/completions "HTTP/1.1 200 OK"

2026-08-17 08:44:39,982 - INFO - HTTP Request: POST http://localhost:8006/v1/chat/completions "HTTP/1.1 200 OK"

r0_cfg8:  50%|█████     | 25/50 [40:56<54:10, 130.03s/it]2026-08-17 08:44:43,028 - INFO - HTTP Request: POST http://localhost:8006/v1/chat/completions "HTTP/1.1 200 OK"

2026-08-17 08:44:47,378 - INFO - HTTP Request: POST http://localhost:8006/v1/chat/completions "HTTP/1.1 200 OK"
2026-08-17 08:45:02,101 - INFO - HTTP Request: POST http://localhost:8006/v1/chat/completions "HTTP/1.1 200 OK"
2026-08-17 08:45:05,902 - INFO - HTTP Request: POST http://localhost:8006/v1/chat/completions "HTTP/1.1 200 OK"

r0_cfg8:  52%|█████▏    | 26/50 [41:22<39:31, 98.80s/it] 2026-08-17 08:45:07,426 - INFO - HTTP Request: POST http://localhost:8006/v1/chat/completions "HTTP/1.1 200 OK"
2026-08-17 08:45:12,884 - INFO - HTTP Request: POST http://localhost:8006/v1/chat/completions "HTTP/1.1 200 OK"

2026-08-17 08:45:16,804 - INFO - HTTP Request: POST http://localhost:8006/v1/chat/completions "HTTP/1.1 200 OK"
2026-08-17 08:45:21,471 - INFO - HTTP Request: POST http://localhost:8006/v1/chat/completions "HTTP/1.1 200 OK"

r0_cfg8:  54%|█████▍    | 27/50 [41:37<28:18, 73.83s/it]2026-08-17 08:45:28,646 - INFO - HTTP Request: POST http://localhost:8006/v1/chat/completions "HTTP/1.1 200 OK"
2026-08-17 08:45:32,443 - INFO - HTTP Request: POST http://localhost:8006/v1/chat/completions "HTTP/1.1 200 OK"

r0_cfg8:  56%|█████▌    | 28/50 [41:48<20:09, 54.97s/it]2026-08-17 08:45:39,402 - INFO - HTTP Request: POST http://localhost:8006/v1/chat/completions "HTTP/1.1 200 OK"
2026-08-17 08:45:40,136 - INFO - HTTP Request: POST http://localhost:8006/v1/chat/completions "HTTP/1.1 200 OK"

2026-08-17 08:45:43,851 - INFO - HTTP Request: POST http://localhost:8006/v1/chat/completions "HTTP/1.1 200 OK"
2026-08-17 08:45:51,186 - INFO - HTTP Request: POST http://localhost:8006/v1/chat/completions "HTTP/1.1 200 OK"

2026-08-17 08:45:55,102 - INFO - HTTP Request: POST http://localhost:8006/v1/chat/completions "HTTP/1.1 200 OK"
2026-08-17 08:46:03,526 - INFO - HTTP Request: POST http://localhost:8006/v1/chat/completions "HTTP/1.1 200 OK"

2026-08-17 08:46:07,006 - INFO - HTTP Request: POST http://localhost:8006/v1/chat/completions "HTTP/1.1 200 OK"
2026-08-17 08:46:07,741 - INFO - HTTP Request: POST http://localhost:8006/v1/chat/completions "HTTP/1.1 200 OK"

2026-08-17 08:46:16,237 - INFO - HTTP Request: POST http://localhost:8006/v1/chat/completions "HTTP/1.1 200 OK"
2026-08-17 08:46:19,383 - INFO - HTTP Request: POST http://localhost:8006/v1/chat/completions "HTTP/1.1 200 OK"

2026-08-17 08:46:30,250 - INFO - HTTP Request: POST http://localhost:8006/v1/chat/completions "HTTP/1.1 200 OK"
2026-08-17 08:46:30,468 - INFO - HTTP Request: POST http://localhost:8006/v1/chat/completions "HTTP/1.1 200 OK"

2026-08-17 08:46:34,545 - INFO - HTTP Request: POST http://localhost:8006/v1/chat/completions "HTTP/1.1 200 OK"
2026-08-17 08:46:44,498 - INFO - HTTP Request: POST http://localhost:8006/v1/chat/completions "HTTP/1.1 200 OK"
2026-08-17 08:46:45,470 - INFO - HTTP Request: POST http://localhost:8006/v1/chat/completions "HTTP/1.1 200 OK"

2026-08-17 08:46:50,914 - INFO - HTTP Request: POST http://localhost:8006/v1/chat/completions "HTTP/1.1 200 OK"

2026-08-17 08:46:55,482 - INFO - HTTP Request: POST http://localhost:8006/v1/chat/completions "HTTP/1.1 200 OK"
2026-08-17 08:47:02,324 - INFO - HTTP Request: POST http://localhost:8006/v1/chat/completions "HTTP/1.1 200 OK"

2026-08-17 08:47:07,549 - INFO - HTTP Request: POST http://localhost:8006/v1/chat/completions "HTTP/1.1 200 OK"

2026-08-17 08:47:10,161 - INFO - HTTP Request: POST http://localhost:8006/v1/chat/completions "HTTP/1.1 200 OK"
2026-08-17 08:47:15,967 - INFO - HTTP Request: POST http://localhost:8006/v1/chat/completions "HTTP/1.1 200 OK"
2026-08-17 08:47:25,047 - INFO - HTTP Request: POST http://localhost:8006/v1/chat/completions "HTTP/1.1 200 OK"

2026-08-17 08:47:27,014 - INFO - HTTP Request: POST http://localhost:8006/v1/chat/completions "HTTP/1.1 200 OK"
2026-08-17 08:47:28,415 - INFO - HTTP Request: POST http://localhost:8006/v1/chat/completions "HTTP/1.1 200 OK"
2026-08-17 08:47:30,698 - INFO - HTTP Request: POST http://localhost:8006/v1/chat/completions "HTTP/1.1 200 OK"

2026-08-17 08:47:38,978 - INFO - HTTP Request: POST http://localhost:8006/v1/chat/completions "HTTP/1.1 200 OK"

2026-08-17 08:47:40,068 - INFO - HTTP Request: POST http://localhost:8006/v1/chat/completions "HTTP/1.1 200 OK"

2026-08-17 08:47:49,192 - INFO - HTTP Request: POST http://localhost:8006/v1/chat/completions "HTTP/1.1 200 OK"
2026-08-17 08:47:54,628 - INFO - HTTP Request: POST http://localhost:8006/v1/chat/completions "HTTP/1.1 200 OK"
2026-08-17 08:48:00,662 - INFO - HTTP Request: POST http://localhost:8006/v1/chat/completions "HTTP/1.1 200 OK"
2026-08-17 08:48:02,719 - INFO - HTTP Request: POST http://localhost:8006/v1/chat/completions "HTTP/1.1 200 OK"

2026-08-17 08:48:07,300 - INFO - HTTP Request: POST http://localhost:8006/v1/chat/completions "HTTP/1.1 200 OK"

2026-08-17 08:48:08,832 - INFO - HTTP Request: POST http://localhost:8006/v1/chat/completions "HTTP/1.1 200 OK"
2026-08-17 08:48:13,498 - INFO - HTTP Request: POST http://localhost:8006/v1/chat/completions "HTTP/1.1 200 OK"

2026-08-17 08:48:22,195 - INFO - HTTP Request: POST http://localhost:8006/v1/chat/completions "HTTP/1.1 200 OK"

2026-08-17 08:48:22,412 - INFO - HTTP Request: POST http://localhost:8006/v1/chat/completions "HTTP/1.1 200 OK"
2026-08-17 08:48:27,849 - INFO - HTTP Request: POST http://localhost:8006/v1/chat/completions "HTTP/1.1 200 OK"
2026-08-17 08:48:36,278 - INFO - HTTP Request: POST http://localhost:8006/v1/chat/completions "HTTP/1.1 200 OK"

2026-08-17 08:48:39,109 - INFO - HTTP Request: POST http://localhost:8006/v1/chat/completions "HTTP/1.1 200 OK"

2026-08-17 08:48:43,018 - INFO - HTTP Request: POST http://localhost:8006/v1/chat/completions "HTTP/1.1 200 OK"
2026-08-17 08:48:43,019 - INFO - HTTP Request: POST http://localhost:8006/v1/chat/completions "HTTP/1.1 200 OK"
2026-08-17 08:48:55,007 - INFO - HTTP Request: POST http://localhost:8006/v1/chat/completions "HTTP/1.1 200 OK"

2026-08-17 08:48:58,273 - INFO - HTTP Request: POST http://localhost:8006/v1/chat/completions "HTTP/1.1 200 OK"

2026-08-17 08:49:05,658 - INFO - HTTP Request: POST http://localhost:8006/v1/chat/completions "HTTP/1.1 200 OK"
2026-08-17 08:49:08,805 - INFO - HTTP Request: POST http://localhost:8006/v1/chat/completions "HTTP/1.1 200 OK"
2026-08-17 08:49:15,706 - INFO - HTTP Request: POST http://localhost:8006/v1/chat/completions "HTTP/1.1 200 OK"
2026-08-17 08:49:17,113 - INFO - HTTP Request: POST http://localhost:8006/v1/chat/completions "HTTP/1.1 200 OK"

2026-08-17 08:49:21,036 - INFO - HTTP Request: POST http://localhost:8006/v1/chat/completions "HTTP/1.1 200 OK"

2026-08-17 08:49:28,435 - INFO - HTTP Request: POST http://localhost:8006/v1/chat/completions "HTTP/1.1 200 OK"
2026-08-17 08:49:30,711 - INFO - HTTP Request: POST http://localhost:8006/v1/chat/completions "HTTP/1.1 200 OK"

2026-08-17 08:49:37,456 - INFO - HTTP Request: POST http://localhost:8006/v1/chat/completions "HTTP/1.1 200 OK"
2026-08-17 08:49:41,751 - INFO - HTTP Request: POST http://localhost:8006/v1/chat/completions "HTTP/1.1 200 OK"
2026-08-17 08:49:42,781 - INFO - HTTP Request: POST http://localhost:8006/v1/chat/completions "HTTP/1.1 200 OK"

2026-08-17 08:49:54,765 - INFO - HTTP Request: POST http://localhost:8006/v1/chat/completions "HTTP/1.1 200 OK"

2026-08-17 08:49:55,638 - INFO - HTTP Request: POST http://localhost:8006/v1/chat/completions "HTTP/1.1 200 OK"

2026-08-17 08:50:00,634 - INFO - HTTP Request: POST http://localhost:8006/v1/chat/completions "HTTP/1.1 200 OK"
2026-08-17 08:50:15,740 - INFO - HTTP Request: POST http://localhost:8006/v1/chat/completions "HTTP/1.1 200 OK"

2026-08-17 08:50:16,174 - INFO - HTTP Request: POST http://localhost:8006/v1/chat/completions "HTTP/1.1 200 OK"
2026-08-17 08:50:24,548 - INFO - HTTP Request: POST http://localhost:8006/v1/chat/completions "HTTP/1.1 200 OK"
2026-08-17 08:50:25,792 - INFO - HTTP Request: POST http://localhost:8006/v1/chat/completions "HTTP/1.1 200 OK"
2026-08-17 08:50:29,440 - INFO - HTTP Request: POST http://localhost:8006/v1/chat/completions "HTTP/1.1 200 OK"

r0_cfg8:  58%|█████▊    | 29/50 [46:45<44:39, 127.58s/it]2026-08-17 08:50:35,760 - INFO - HTTP Request: POST http://localhost:8006/v1/chat/completions "HTTP/1.1 200 OK"

2026-08-17 08:50:42,725 - INFO - HTTP Request: POST http://localhost:8006/v1/chat/completions "HTTP/1.1 200 OK"

2026-08-17 08:50:49,246 - INFO - HTTP Request: POST http://localhost:8006/v1/chat/completions "HTTP/1.1 200 OK"
2026-08-17 08:50:51,861 - INFO - HTTP Request: POST http://localhost:8006/v1/chat/completions "HTTP/1.1 200 OK"
2026-08-17 08:51:05,019 - INFO - HTTP Request: POST http://localhost:8006/v1/chat/completions "HTTP/1.1 200 OK"

r0_cfg8:  60%|██████    | 30/50 [47:21<33:19, 99.98s/it] 2026-08-17 08:51:05,304 - INFO - HTTP Request: POST http://localhost:8006/v1/chat/completions "HTTP/1.1 200 OK"

2026-08-17 08:51:07,845 - INFO - HTTP Request: POST http://localhost:8006/v1/chat/completions "HTTP/1.1 200 OK"
2026-08-17 08:51:16,991 - INFO - HTTP Request: POST http://localhost:8006/v1/chat/completions "HTTP/1.1 200 OK"
2026-08-17 08:51:22,809 - INFO - HTTP Request: POST http://localhost:8006/v1/chat/completions "HTTP/1.1 200 OK"

r0_cfg8:  62%|██████▏   | 31/50 [47:39<23:51, 75.32s/it]2026-08-17 08:51:27,811 - INFO - HTTP Request: POST http://localhost:8006/v1/chat/completions "HTTP/1.1 200 OK"
2026-08-17 08:51:31,614 - INFO - HTTP Request: POST http://localhost:8006/v1/chat/completions "HTTP/1.1 200 OK"

r0_cfg8:  64%|██████▍   | 32/50 [47:48<16:36, 55.37s/it]2026-08-17 08:51:32,267 - INFO - HTTP Request: POST http://localhost:8006/v1/chat/completions "HTTP/1.1 200 OK"
2026-08-17 08:51:38,141 - INFO - HTTP Request: POST http://localhost:8006/v1/chat/completions "HTTP/1.1 200 OK"

2026-08-17 08:51:44,011 - INFO - HTTP Request: POST http://localhost:8006/v1/chat/completions "HTTP/1.1 200 OK"

2026-08-17 08:51:45,531 - INFO - HTTP Request: POST http://localhost:8006/v1/chat/completions "HTTP/1.1 200 OK"
2026-08-17 08:51:54,148 - INFO - HTTP Request: POST http://localhost:8006/v1/chat/completions "HTTP/1.1 200 OK"
2026-08-17 08:51:58,379 - INFO - HTTP Request: POST http://localhost:8006/v1/chat/completions "HTTP/1.1 200 OK"

2026-08-17 08:52:04,467 - INFO - HTTP Request: POST http://localhost:8006/v1/chat/completions "HTTP/1.1 200 OK"
2026-08-17 08:52:04,685 - INFO - HTTP Request: POST http://localhost:8006/v1/chat/completions "HTTP/1.1 200 OK"

2026-08-17 08:52:09,187 - INFO - HTTP Request: POST http://localhost:8006/v1/chat/completions "HTTP/1.1 200 OK"
2026-08-17 08:52:17,336 - INFO - HTTP Request: POST http://localhost:8006/v1/chat/completions "HTTP/1.1 200 OK"

2026-08-17 08:52:24,947 - INFO - HTTP Request: POST http://localhost:8006/v1/chat/completions "HTTP/1.1 200 OK"
2026-08-17 08:52:26,399 - INFO - HTTP Request: POST http://localhost:8006/v1/chat/completions "HTTP/1.1 200 OK"

2026-08-17 08:52:31,622 - INFO - HTTP Request: POST http://localhost:8006/v1/chat/completions "HTTP/1.1 200 OK"
2026-08-17 08:52:35,422 - INFO - HTTP Request: POST http://localhost:8006/v1/chat/completions "HTTP/1.1 200 OK"

2026-08-17 08:52:41,948 - INFO - HTTP Request: POST http://localhost:8006/v1/chat/completions "HTTP/1.1 200 OK"

2026-08-17 08:52:42,165 - INFO - HTTP Request: POST http://localhost:8006/v1/chat/completions "HTTP/1.1 200 OK"
2026-08-17 08:52:51,182 - INFO - HTTP Request: POST http://localhost:8006/v1/chat/completions "HTTP/1.1 200 OK"
2026-08-17 08:52:55,194 - INFO - HTTP Request: POST http://localhost:8006/v1/chat/completions "HTTP/1.1 200 OK"

2026-08-17 08:53:00,418 - INFO - HTTP Request: POST http://localhost:8006/v1/chat/completions "HTTP/1.1 200 OK"
2026-08-17 08:53:05,786 - INFO - HTTP Request: POST http://localhost:8006/v1/chat/completions "HTTP/1.1 200 OK"

2026-08-17 08:53:07,100 - INFO - HTTP Request: POST http://localhost:8006/v1/chat/completions "HTTP/1.1 200 OK"
2026-08-17 08:53:15,467 - INFO - HTTP Request: POST http://localhost:8006/v1/chat/completions "HTTP/1.1 200 OK"

2026-08-17 08:53:17,650 - INFO - HTTP Request: POST http://localhost:8006/v1/chat/completions "HTTP/1.1 200 OK"

2026-08-17 08:53:19,827 - INFO - HTTP Request: POST http://localhost:8006/v1/chat/completions "HTTP/1.1 200 OK"
2026-08-17 08:53:26,344 - INFO - HTTP Request: POST http://localhost:8006/v1/chat/completions "HTTP/1.1 200 OK"
2026-08-17 08:53:32,317 - INFO - HTTP Request: POST http://localhost:8006/v1/chat/completions "HTTP/1.1 200 OK"

2026-08-17 08:53:40,366 - INFO - HTTP Request: POST http://localhost:8006/v1/chat/completions "HTTP/1.1 200 OK"
2026-08-17 08:53:41,314 - INFO - HTTP Request: POST http://localhost:8006/v1/chat/completions "HTTP/1.1 200 OK"

2026-08-17 08:53:42,836 - INFO - HTTP Request: POST http://localhost:8006/v1/chat/completions "HTTP/1.1 200 OK"
2026-08-17 08:53:52,723 - INFO - HTTP Request: POST http://localhost:8006/v1/chat/completions "HTTP/1.1 200 OK"
2026-08-17 08:53:53,444 - INFO - HTTP Request: POST http://localhost:8006/v1/chat/completions "HTTP/1.1 200 OK"

2026-08-17 08:53:56,754 - INFO - HTTP Request: POST http://localhost:8006/v1/chat/completions "HTTP/1.1 200 OK"

2026-08-17 08:54:03,065 - INFO - HTTP Request: POST http://localhost:8006/v1/chat/completions "HTTP/1.1 200 OK"

2026-08-17 08:54:10,662 - INFO - HTTP Request: POST http://localhost:8006/v1/chat/completions "HTTP/1.1 200 OK"
2026-08-17 08:54:13,581 - INFO - HTTP Request: POST http://localhost:8006/v1/chat/completions "HTTP/1.1 200 OK"
2026-08-17 08:54:16,989 - INFO - HTTP Request: POST http://localhost:8006/v1/chat/completions "HTTP/1.1 200 OK"
2026-08-17 08:54:26,674 - INFO - HTTP Request: POST http://localhost:8006/v1/chat/completions "HTTP/1.1 200 OK"

2026-08-17 08:54:26,891 - INFO - HTTP Request: POST http://localhost:8006/v1/chat/completions "HTTP/1.1 200 OK"

2026-08-17 08:54:29,288 - INFO - HTTP Request: POST http://localhost:8006/v1/chat/completions "HTTP/1.1 200 OK"

2026-08-17 08:54:32,545 - INFO - HTTP Request: POST http://localhost:8006/v1/chat/completions "HTTP/1.1 200 OK"
2026-08-17 08:54:46,994 - INFO - HTTP Request: POST http://localhost:8006/v1/chat/completions "HTTP/1.1 200 OK"
2026-08-17 08:54:47,212 - INFO - HTTP Request: POST http://localhost:8006/v1/chat/completions "HTTP/1.1 200 OK"

2026-08-17 08:54:56,225 - INFO - HTTP Request: POST http://localhost:8006/v1/chat/completions "HTTP/1.1 200 OK"
2026-08-17 08:54:58,110 - INFO - HTTP Request: POST http://localhost:8006/v1/chat/completions "HTTP/1.1 200 OK"

2026-08-17 08:54:58,765 - INFO - HTTP Request: POST http://localhost:8006/v1/chat/completions "HTTP/1.1 200 OK"
2026-08-17 08:55:07,345 - INFO - HTTP Request: POST http://localhost:8006/v1/chat/completions "HTTP/1.1 200 OK"

2026-08-17 08:55:08,001 - INFO - HTTP Request: POST http://localhost:8006/v1/chat/completions "HTTP/1.1 200 OK"
2026-08-17 08:55:13,599 - INFO - HTTP Request: POST http://localhost:8006/v1/chat/completions "HTTP/1.1 200 OK"

2026-08-17 08:55:18,817 - INFO - HTTP Request: POST http://localhost:8006/v1/chat/completions "HTTP/1.1 200 OK"

2026-08-17 08:55:27,719 - INFO - HTTP Request: POST http://localhost:8006/v1/chat/completions "HTTP/1.1 200 OK"
2026-08-17 08:55:27,936 - INFO - HTTP Request: POST http://localhost:8006/v1/chat/completions "HTTP/1.1 200 OK"
2026-08-17 08:55:34,055 - INFO - HTTP Request: POST http://localhost:8006/v1/chat/completions "HTTP/1.1 200 OK"
2026-08-17 08:55:42,002 - INFO - HTTP Request: POST http://localhost:8006/v1/chat/completions "HTTP/1.1 200 OK"

2026-08-17 08:55:42,666 - INFO - HTTP Request: POST http://localhost:8006/v1/chat/completions "HTTP/1.1 200 OK"

2026-08-17 08:55:44,190 - INFO - HTTP Request: POST http://localhost:8006/v1/chat/completions "HTTP/1.1 200 OK"

2026-08-17 08:55:48,751 - INFO - HTTP Request: POST http://localhost:8006/v1/chat/completions "HTTP/1.1 200 OK"
2026-08-17 08:55:59,291 - INFO - HTTP Request: POST http://localhost:8006/v1/chat/completions "HTTP/1.1 200 OK"

2026-08-17 08:56:12,112 - INFO - HTTP Request: POST http://localhost:8006/v1/chat/completions "HTTP/1.1 200 OK"
2026-08-17 08:56:13,778 - INFO - HTTP Request: POST http://localhost:8006/v1/chat/completions "HTTP/1.1 200 OK"
2026-08-17 08:56:15,183 - INFO - HTTP Request: POST http://localhost:8006/v1/chat/completions "HTTP/1.1 200 OK"
2026-08-17 08:56:24,340 - INFO - HTTP Request: POST http://localhost:8006/v1/chat/completions "HTTP/1.1 200 OK"

2026-08-17 08:56:26,527 - INFO - HTTP Request: POST http://localhost:8006/v1/chat/completions "HTTP/1.1 200 OK"

2026-08-17 08:56:30,233 - INFO - HTTP Request: POST http://localhost:8006/v1/chat/completions "HTTP/1.1 200 OK"

r0_cfg8:  66%|██████▌   | 33/50 [52:46<36:21, 128.34s/it]2026-08-17 08:56:33,273 - INFO - HTTP Request: POST http://localhost:8006/v1/chat/completions "HTTP/1.1 200 OK"
2026-08-17 08:56:47,290 - INFO - HTTP Request: POST http://localhost:8006/v1/chat/completions "HTTP/1.1 200 OK"

r0_cfg8:  68%|██████▊   | 34/50 [53:03<25:19, 94.96s/it] 2026-08-17 08:56:52,502 - INFO - HTTP Request: POST http://localhost:8006/v1/chat/completions "HTTP/1.1 200 OK"
2026-08-17 08:56:57,601 - INFO - HTTP Request: POST http://localhost:8006/v1/chat/completions "HTTP/1.1 200 OK"
2026-08-17 08:57:00,533 - INFO - HTTP Request: POST http://localhost:8006/v1/chat/completions "HTTP/1.1 200 OK"
2026-08-17 08:57:06,124 - INFO - HTTP Request: POST http://localhost:8006/v1/chat/completions "HTTP/1.1 200 OK"

2026-08-17 08:57:10,045 - INFO - HTTP Request: POST http://localhost:8006/v1/chat/completions "HTTP/1.1 200 OK"
2026-08-17 08:57:11,290 - INFO - HTTP Request: POST http://localhost:8006/v1/chat/completions "HTTP/1.1 200 OK"

r0_cfg8:  70%|███████   | 35/50 [53:27<18:25, 73.67s/it]2026-08-17 08:57:12,164 - INFO - HTTP Request: POST http://localhost:8006/v1/chat/completions "HTTP/1.1 200 OK"

r0_cfg8:  72%|███████▏  | 36/50 [53:28<12:05, 51.83s/it]2026-08-17 08:57:24,553 - INFO - HTTP Request: POST http://localhost:8006/v1/chat/completions "HTTP/1.1 200 OK"

2026-08-17 08:57:32,367 - INFO - HTTP Request: POST http://localhost:8006/v1/chat/completions "HTTP/1.1 200 OK"
2026-08-17 08:57:33,097 - INFO - HTTP Request: POST http://localhost:8006/v1/chat/completions "HTTP/1.1 200 OK"
2026-08-17 08:57:34,623 - INFO - HTTP Request: POST http://localhost:8006/v1/chat/completions "HTTP/1.1 200 OK"
2026-08-17 08:57:43,438 - INFO - HTTP Request: POST http://localhost:8006/v1/chat/completions "HTTP/1.1 200 OK"

2026-08-17 08:57:44,747 - INFO - HTTP Request: POST http://localhost:8006/v1/chat/completions "HTTP/1.1 200 OK"

2026-08-17 08:57:46,270 - INFO - HTTP Request: POST http://localhost:8006/v1/chat/completions "HTTP/1.1 200 OK"

2026-08-17 08:57:51,477 - INFO - HTTP Request: POST http://localhost:8006/v1/chat/completions "HTTP/1.1 200 OK"
2026-08-17 08:58:05,764 - INFO - HTTP Request: POST http://localhost:8006/v1/chat/completions "HTTP/1.1 200 OK"

2026-08-17 08:58:09,889 - INFO - HTTP Request: POST http://localhost:8006/v1/chat/completions "HTTP/1.1 200 OK"
2026-08-17 08:58:11,348 - INFO - HTTP Request: POST http://localhost:8006/v1/chat/completions "HTTP/1.1 200 OK"
2026-08-17 08:58:11,565 - INFO - HTTP Request: POST http://localhost:8006/v1/chat/completions "HTTP/1.1 200 OK"
2026-08-17 08:58:22,269 - INFO - HTTP Request: POST http://localhost:8006/v1/chat/completions "HTTP/1.1 200 OK"

2026-08-17 08:58:22,704 - INFO - HTTP Request: POST http://localhost:8006/v1/chat/completions "HTTP/1.1 200 OK"

2026-08-17 08:58:22,705 - INFO - HTTP Request: POST http://localhost:8006/v1/chat/completions "HTTP/1.1 200 OK"

2026-08-17 08:58:30,967 - INFO - HTTP Request: POST http://localhost:8006/v1/chat/completions "HTTP/1.1 200 OK"
2026-08-17 08:58:46,343 - INFO - HTTP Request: POST http://localhost:8006/v1/chat/completions "HTTP/1.1 200 OK"
2026-08-17 08:58:46,344 - INFO - HTTP Request: POST http://localhost:8006/v1/chat/completions "HTTP/1.1 200 OK"
2026-08-17 08:58:47,219 - INFO - HTTP Request: POST http://localhost:8006/v1/chat/completions "HTTP/1.1 200 OK"
2026-08-17 08:58:47,608 - INFO - HTTP Request: POST http://localhost:8006/v1/chat/completions "HTTP/1.1 200 OK"

2026-08-17 08:58:57,076 - INFO - HTTP Request: POST http://localhost:8006/v1/chat/completions "HTTP/1.1 200 OK"

2026-08-17 08:58:59,699 - INFO - HTTP Request: POST http://localhost:8006/v1/chat/completions "HTTP/1.1 200 OK"

2026-08-17 08:59:01,012 - INFO - HTTP Request: POST http://localhost:8006/v1/chat/completions "HTTP/1.1 200 OK"

2026-08-17 08:59:12,084 - INFO - HTTP Request: POST http://localhost:8006/v1/chat/completions "HTTP/1.1 200 OK"
2026-08-17 08:59:19,847 - INFO - HTTP Request: POST http://localhost:8006/v1/chat/completions "HTTP/1.1 200 OK"
2026-08-17 08:59:21,907 - INFO - HTTP Request: POST http://localhost:8006/v1/chat/completions "HTTP/1.1 200 OK"
2026-08-17 08:59:25,095 - INFO - HTTP Request: POST http://localhost:8006/v1/chat/completions "HTTP/1.1 200 OK"

2026-08-17 08:59:25,974 - INFO - HTTP Request: POST http://localhost:8006/v1/chat/completions "HTTP/1.1 200 OK"
2026-08-17 08:59:31,086 - INFO - HTTP Request: POST http://localhost:8006/v1/chat/completions "HTTP/1.1 200 OK"

2026-08-17 08:59:36,088 - INFO - HTTP Request: POST http://localhost:8006/v1/chat/completions "HTTP/1.1 200 OK"

2026-08-17 08:59:38,489 - INFO - HTTP Request: POST http://localhost:8006/v1/chat/completions "HTTP/1.1 200 OK"

2026-08-17 08:59:45,219 - INFO - HTTP Request: POST http://localhost:8006/v1/chat/completions "HTTP/1.1 200 OK"
2026-08-17 08:59:56,248 - INFO - HTTP Request: POST http://localhost:8006/v1/chat/completions "HTTP/1.1 200 OK"
2026-08-17 08:59:58,355 - INFO - HTTP Request: POST http://localhost:8006/v1/chat/completions "HTTP/1.1 200 OK"

2026-08-17 08:59:58,789 - INFO - HTTP Request: POST http://localhost:8006/v1/chat/completions "HTTP/1.1 200 OK"
2026-08-17 09:00:00,632 - INFO - HTTP Request: POST http://localhost:8006/v1/chat/completions "HTTP/1.1 200 OK"
2026-08-17 09:00:08,347 - INFO - HTTP Request: POST http://localhost:8006/v1/chat/completions "HTTP/1.1 200 OK"

2026-08-17 09:00:08,565 - INFO - HTTP Request: POST http://localhost:8006/v1/chat/completions "HTTP/1.1 200 OK"

2026-08-17 09:00:14,436 - INFO - HTTP Request: POST http://localhost:8006/v1/chat/completions "HTTP/1.1 200 OK"

2026-08-17 09:00:27,676 - INFO - HTTP Request: POST http://localhost:8006/v1/chat/completions "HTTP/1.1 200 OK"
2026-08-17 09:00:34,785 - INFO - HTTP Request: POST http://localhost:8006/v1/chat/completions "HTTP/1.1 200 OK"
2026-08-17 09:00:37,719 - INFO - HTTP Request: POST http://localhost:8006/v1/chat/completions "HTTP/1.1 200 OK"
2026-08-17 09:00:37,936 - INFO - HTTP Request: POST http://localhost:8006/v1/chat/completions "HTTP/1.1 200 OK"
2026-08-17 09:00:43,188 - INFO - HTTP Request: POST http://localhost:8006/v1/chat/completions "HTTP/1.1 200 OK"

2026-08-17 09:00:46,895 - INFO - HTTP Request: POST http://localhost:8006/v1/chat/completions "HTTP/1.1 200 OK"

2026-08-17 09:00:48,855 - INFO - HTTP Request: POST http://localhost:8006/v1/chat/completions "HTTP/1.1 200 OK"

2026-08-17 09:00:50,598 - INFO - HTTP Request: POST http://localhost:8006/v1/chat/completions "HTTP/1.1 200 OK"

2026-08-17 09:01:03,190 - INFO - HTTP Request: POST http://localhost:8006/v1/chat/completions "HTTP/1.1 200 OK"
2026-08-17 09:01:09,220 - INFO - HTTP Request: POST http://localhost:8006/v1/chat/completions "HTTP/1.1 200 OK"
2026-08-17 09:01:11,111 - INFO - HTTP Request: POST http://localhost:8006/v1/chat/completions "HTTP/1.1 200 OK"
2026-08-17 09:01:16,928 - INFO - HTTP Request: POST http://localhost:8006/v1/chat/completions "HTTP/1.1 200 OK"
2026-08-17 09:01:18,776 - INFO - HTTP Request: POST http://localhost:8006/v1/chat/completions "HTTP/1.1 200 OK"

2026-08-17 09:01:24,879 - INFO - HTTP Request: POST http://localhost:8006/v1/chat/completions "HTTP/1.1 200 OK"

2026-08-17 09:01:27,060 - INFO - HTTP Request: POST http://localhost:8006/v1/chat/completions "HTTP/1.1 200 OK"

2026-08-17 09:01:32,281 - INFO - HTTP Request: POST http://localhost:8006/v1/chat/completions "HTTP/1.1 200 OK"

2026-08-17 09:01:47,923 - INFO - HTTP Request: POST http://localhost:8006/v1/chat/completions "HTTP/1.1 200 OK"
2026-08-17 09:01:54,392 - INFO - HTTP Request: POST http://localhost:8006/v1/chat/completions "HTTP/1.1 200 OK"
2026-08-17 09:01:56,720 - INFO - HTTP Request: POST http://localhost:8006/v1/chat/completions "HTTP/1.1 200 OK"
2026-08-17 09:02:06,194 - INFO - HTTP Request: POST http://localhost:8006/v1/chat/completions "HTTP/1.1 200 OK"

2026-08-17 09:02:06,196 - INFO - HTTP Request: POST http://localhost:8006/v1/chat/completions "HTTP/1.1 200 OK"
2026-08-17 09:02:08,743 - INFO - HTTP Request: POST http://localhost:8006/v1/chat/completions "HTTP/1.1 200 OK"

2026-08-17 09:02:08,961 - INFO - HTTP Request: POST http://localhost:8006/v1/chat/completions "HTTP/1.1 200 OK"

2026-08-17 09:02:18,322 - INFO - HTTP Request: POST http://localhost:8006/v1/chat/completions "HTTP/1.1 200 OK"

r0_cfg8:  74%|███████▍  | 37/50 [58:34<27:45, 128.13s/it]2026-08-17 09:02:39,167 - INFO - HTTP Request: POST http://localhost:8006/v1/chat/completions "HTTP/1.1 200 OK"
2026-08-17 09:02:40,625 - INFO - HTTP Request: POST http://localhost:8006/v1/chat/completions "HTTP/1.1 200 OK"
2026-08-17 09:02:42,091 - INFO - HTTP Request: POST http://localhost:8006/v1/chat/completions "HTTP/1.1 200 OK"
2026-08-17 09:02:43,070 - INFO - HTTP Request: POST http://localhost:8006/v1/chat/completions "HTTP/1.1 200 OK"
2026-08-17 09:02:53,471 - INFO - HTTP Request: POST http://localhost:8006/v1/chat/completions "HTTP/1.1 200 OK"

2026-08-17 09:02:53,689 - INFO - HTTP Request: POST http://localhost:8006/v1/chat/completions "HTTP/1.1 200 OK"

r0_cfg8:  76%|███████▌  | 38/50 [59:10<20:03, 100.30s/it]2026-08-17 09:02:54,566 - INFO - HTTP Request: POST http://localhost:8006/v1/chat/completions "HTTP/1.1 200 OK"

r0_cfg8:  78%|███████▊  | 39/50 [59:10<12:55, 70.47s/it] 2026-08-17 09:02:55,870 - INFO - HTTP Request: POST http://localhost:8006/v1/chat/completions "HTTP/1.1 200 OK"

r0_cfg8:  80%|████████  | 40/50 [59:12<08:17, 49.72s/it]2026-08-17 09:03:15,400 - INFO - HTTP Request: POST http://localhost:8006/v1/chat/completions "HTTP/1.1 200 OK"
2026-08-17 09:03:16,861 - INFO - HTTP Request: POST http://localhost:8006/v1/chat/completions "HTTP/1.1 200 OK"
2026-08-17 09:03:18,487 - INFO - HTTP Request: POST http://localhost:8006/v1/chat/completions "HTTP/1.1 200 OK"
2026-08-17 09:03:20,544 - INFO - HTTP Request: POST http://localhost:8006/v1/chat/completions "HTTP/1.1 200 OK"
2026-08-17 09:03:28,773 - INFO - HTTP Request: POST http://localhost:8006/v1/chat/completions "HTTP/1.1 200 OK"

2026-08-17 09:03:30,956 - INFO - HTTP Request: POST http://localhost:8006/v1/chat/completions "HTTP/1.1 200 OK"

2026-08-17 09:03:30,957 - INFO - HTTP Request: POST http://localhost:8006/v1/chat/completions "HTTP/1.1 200 OK"

2026-08-17 09:03:33,789 - INFO - HTTP Request: POST http://localhost:8006/v1/chat/completions "HTTP/1.1 200 OK"

2026-08-17 09:03:54,839 - INFO - HTTP Request: POST http://localhost:8006/v1/chat/completions "HTTP/1.1 200 OK"
2026-08-17 09:03:57,388 - INFO - HTTP Request: POST http://localhost:8006/v1/chat/completions "HTTP/1.1 200 OK"
2026-08-17 09:03:57,389 - INFO - HTTP Request: POST http://localhost:8006/v1/chat/completions "HTTP/1.1 200 OK"
2026-08-17 09:03:59,234 - INFO - HTTP Request: POST http://localhost:8006/v1/chat/completions "HTTP/1.1 200 OK"
2026-08-17 09:04:12,045 - INFO - HTTP Request: POST http://localhost:8006/v1/chat/completions "HTTP/1.1 200 OK"

2026-08-17 09:04:12,920 - INFO - HTTP Request: POST http://localhost:8006/v1/chat/completions "HTTP/1.1 200 OK"

2026-08-17 09:04:13,355 - INFO - HTTP Request: POST http://localhost:8006/v1/chat/completions "HTTP/1.1 200 OK"

2026-08-17 09:04:13,579 - INFO - HTTP Request: POST http://localhost:8006/v1/chat/completions "HTTP/1.1 200 OK"

2026-08-17 09:04:36,373 - INFO - HTTP Request: POST http://localhost:8006/v1/chat/completions "HTTP/1.1 200 OK"
2026-08-17 09:04:37,561 - INFO - HTTP Request: POST http://localhost:8006/v1/chat/completions "HTTP/1.1 200 OK"
2026-08-17 09:04:38,296 - INFO - HTTP Request: POST http://localhost:8006/v1/chat/completions "HTTP/1.1 200 OK"
2026-08-17 09:04:38,297 - INFO - HTTP Request: POST http://localhost:8006/v1/chat/completions "HTTP/1.1 200 OK"
2026-08-17 09:04:50,258 - INFO - HTTP Request: POST http://localhost:8006/v1/chat/completions "HTTP/1.1 200 OK"

2026-08-17 09:04:50,923 - INFO - HTTP Request: POST http://localhost:8006/v1/chat/completions "HTTP/1.1 200 OK"

2026-08-17 09:04:53,328 - INFO - HTTP Request: POST http://localhost:8006/v1/chat/completions "HTTP/1.1 200 OK"

2026-08-17 09:04:53,333 - INFO - HTTP Request: POST http://localhost:8006/v1/chat/completions "HTTP/1.1 200 OK"

2026-08-17 09:05:10,254 - INFO - HTTP Request: POST http://localhost:8006/v1/chat/completions "HTTP/1.1 200 OK"
2026-08-17 09:05:14,177 - INFO - HTTP Request: POST http://localhost:8006/v1/chat/completions "HTTP/1.1 200 OK"
2026-08-17 09:05:18,309 - INFO - HTTP Request: POST http://localhost:8006/v1/chat/completions "HTTP/1.1 200 OK"
2026-08-17 09:05:18,310 - INFO - HTTP Request: POST http://localhost:8006/v1/chat/completions "HTTP/1.1 200 OK"
2026-08-17 09:05:26,483 - INFO - HTTP Request: POST http://localhost:8006/v1/chat/completions "HTTP/1.1 200 OK"

2026-08-17 09:05:27,576 - INFO - HTTP Request: POST http://localhost:8006/v1/chat/completions "HTTP/1.1 200 OK"

2026-08-17 09:05:31,286 - INFO - HTTP Request: POST http://localhost:8006/v1/chat/completions "HTTP/1.1 200 OK"

2026-08-17 09:05:31,503 - INFO - HTTP Request: POST http://localhost:8006/v1/chat/completions "HTTP/1.1 200 OK"

2026-08-17 09:05:46,920 - INFO - HTTP Request: POST http://localhost:8006/v1/chat/completions "HTTP/1.1 200 OK"
2026-08-17 09:05:51,370 - INFO - HTTP Request: POST http://localhost:8006/v1/chat/completions "HTTP/1.1 200 OK"
2026-08-17 09:05:51,587 - INFO - HTTP Request: POST http://localhost:8006/v1/chat/completions "HTTP/1.1 200 OK"
2026-08-17 09:05:56,205 - INFO - HTTP Request: POST http://localhost:8006/v1/chat/completions "HTTP/1.1 200 OK"
2026-08-17 09:05:58,108 - INFO - HTTP Request: POST http://localhost:8006/v1/chat/completions "HTTP/1.1 200 OK"

2026-08-17 09:06:02,034 - INFO - HTTP Request: POST http://localhost:8006/v1/chat/completions "HTTP/1.1 200 OK"

2026-08-17 09:06:02,469 - INFO - HTTP Request: POST http://localhost:8006/v1/chat/completions "HTTP/1.1 200 OK"

2026-08-17 09:06:09,211 - INFO - HTTP Request: POST http://localhost:8006/v1/chat/completions "HTTP/1.1 200 OK"

2026-08-17 09:06:26,793 - INFO - HTTP Request: POST http://localhost:8006/v1/chat/completions "HTTP/1.1 200 OK"
2026-08-17 09:06:29,495 - INFO - HTTP Request: POST http://localhost:8006/v1/chat/completions "HTTP/1.1 200 OK"
2026-08-17 09:06:31,394 - INFO - HTTP Request: POST http://localhost:8006/v1/chat/completions "HTTP/1.1 200 OK"
2026-08-17 09:06:32,128 - INFO - HTTP Request: POST http://localhost:8006/v1/chat/completions "HTTP/1.1 200 OK"
2026-08-17 09:06:42,769 - INFO - HTTP Request: POST http://localhost:8006/v1/chat/completions "HTTP/1.1 200 OK"

2026-08-17 09:06:43,430 - INFO - HTTP Request: POST http://localhost:8006/v1/chat/completions "HTTP/1.1 200 OK"

2026-08-17 09:06:43,645 - INFO - HTTP Request: POST http://localhost:8006/v1/chat/completions "HTTP/1.1 200 OK"

2026-08-17 09:06:46,259 - INFO - HTTP Request: POST http://localhost:8006/v1/chat/completions "HTTP/1.1 200 OK"

2026-08-17 09:07:03,412 - INFO - HTTP Request: POST http://localhost:8006/v1/chat/completions "HTTP/1.1 200 OK"
2026-08-17 09:07:03,630 - INFO - HTTP Request: POST http://localhost:8006/v1/chat/completions "HTTP/1.1 200 OK"
2026-08-17 09:07:06,931 - INFO - HTTP Request: POST http://localhost:8006/v1/chat/completions "HTTP/1.1 200 OK"
2026-08-17 09:07:12,972 - INFO - HTTP Request: POST http://localhost:8006/v1/chat/completions "HTTP/1.1 200 OK"
2026-08-17 09:07:18,367 - INFO - HTTP Request: POST http://localhost:8006/v1/chat/completions "HTTP/1.1 200 OK"

2026-08-17 09:07:23,166 - INFO - HTTP Request: POST http://localhost:8006/v1/chat/completions "HTTP/1.1 200 OK"

2026-08-17 09:07:24,260 - INFO - HTTP Request: POST http://localhost:8006/v1/chat/completions "HTTP/1.1 200 OK"

2026-08-17 09:07:25,786 - INFO - HTTP Request: POST http://localhost:8006/v1/chat/completions "HTTP/1.1 200 OK"

2026-08-17 09:07:47,506 - INFO - HTTP Request: POST http://localhost:8006/v1/chat/completions "HTTP/1.1 200 OK"
2026-08-17 09:07:52,608 - INFO - HTTP Request: POST http://localhost:8006/v1/chat/completions "HTTP/1.1 200 OK"
2026-08-17 09:07:54,075 - INFO - HTTP Request: POST http://localhost:8006/v1/chat/completions "HTTP/1.1 200 OK"
2026-08-17 09:07:59,851 - INFO - HTTP Request: POST http://localhost:8006/v1/chat/completions "HTTP/1.1 200 OK"
2026-08-17 09:08:00,603 - INFO - HTTP Request: POST http://localhost:8006/v1/chat/completions "HTTP/1.1 200 OK"

2026-08-17 09:08:07,216 - INFO - HTTP Request: POST http://localhost:8006/v1/chat/completions "HTTP/1.1 200 OK"

2026-08-17 09:08:08,970 - INFO - HTTP Request: POST http://localhost:8006/v1/chat/completions "HTTP/1.1 200 OK"

2026-08-17 09:08:14,420 - INFO - HTTP Request: POST http://localhost:8006/v1/chat/completions "HTTP/1.1 200 OK"

r0_cfg8:  82%|████████▏ | 41/50 [1:04:30<19:33, 130.37s/it]2026-08-17 09:08:33,306 - INFO - HTTP Request: POST http://localhost:8006/v1/chat/completions "HTTP/1.1 200 OK"
2026-08-17 09:08:36,669 - INFO - HTTP Request: POST http://localhost:8006/v1/chat/completions "HTTP/1.1 200 OK"
2026-08-17 09:08:40,473 - INFO - HTTP Request: POST http://localhost:8006/v1/chat/completions "HTTP/1.1 200 OK"
2026-08-17 09:08:42,976 - INFO - HTTP Request: POST http://localhost:8006/v1/chat/completions "HTTP/1.1 200 OK"
2026-08-17 09:08:44,881 - INFO - HTTP Request: POST http://localhost:8006/v1/chat/completions "HTTP/1.1 200 OK"

r0_cfg8:  84%|████████▍ | 42/50 [1:05:01<13:23, 100.40s/it]2026-08-17 09:08:50,552 - INFO - HTTP Request: POST http://localhost:8006/v1/chat/completions "HTTP/1.1 200 OK"

2026-08-17 09:08:51,862 - INFO - HTTP Request: POST http://localhost:8006/v1/chat/completions "HTTP/1.1 200 OK"

r0_cfg8:  86%|████████▌ | 43/50 [1:05:08<08:26, 72.37s/it] 2026-08-17 09:08:58,169 - INFO - HTTP Request: POST http://localhost:8006/v1/chat/completions "HTTP/1.1 200 OK"

r0_cfg8:  88%|████████▊ | 44/50 [1:05:14<05:15, 52.55s/it]2026-08-17 09:09:06,631 - INFO - HTTP Request: POST http://localhost:8006/v1/chat/completions "HTTP/1.1 200 OK"
2026-08-17 09:09:13,961 - INFO - HTTP Request: POST http://localhost:8006/v1/chat/completions "HTTP/1.1 200 OK"
2026-08-17 09:09:17,325 - INFO - HTTP Request: POST http://localhost:8006/v1/chat/completions "HTTP/1.1 200 OK"
2026-08-17 09:09:21,187 - INFO - HTTP Request: POST http://localhost:8006/v1/chat/completions "HTTP/1.1 200 OK"

2026-08-17 09:09:21,188 - INFO - HTTP Request: POST http://localhost:8006/v1/chat/completions "HTTP/1.1 200 OK"
2026-08-17 09:09:24,335 - INFO - HTTP Request: POST http://localhost:8006/v1/chat/completions "HTTP/1.1 200 OK"

2026-08-17 09:09:30,214 - INFO - HTTP Request: POST http://localhost:8006/v1/chat/completions "HTTP/1.1 200 OK"

2026-08-17 09:09:33,477 - INFO - HTTP Request: POST http://localhost:8006/v1/chat/completions "HTTP/1.1 200 OK"

2026-08-17 09:09:47,585 - INFO - HTTP Request: POST http://localhost:8006/v1/chat/completions "HTTP/1.1 200 OK"
2026-08-17 09:09:50,784 - INFO - HTTP Request: POST http://localhost:8006/v1/chat/completions "HTTP/1.1 200 OK"
2026-08-17 09:09:55,294 - INFO - HTTP Request: POST http://localhost:8006/v1/chat/completions "HTTP/1.1 200 OK"
2026-08-17 09:10:00,679 - INFO - HTTP Request: POST http://localhost:8006/v1/chat/completions "HTTP/1.1 200 OK"

2026-08-17 09:10:00,680 - INFO - HTTP Request: POST http://localhost:8006/v1/chat/completions "HTTP/1.1 200 OK"
2026-08-17 09:10:06,881 - INFO - HTTP Request: POST http://localhost:8006/v1/chat/completions "HTTP/1.1 200 OK"

2026-08-17 09:10:10,585 - INFO - HTTP Request: POST http://localhost:8006/v1/chat/completions "HTTP/1.1 200 OK"

2026-08-17 09:10:16,246 - INFO - HTTP Request: POST http://localhost:8006/v1/chat/completions "HTTP/1.1 200 OK"

2026-08-17 09:10:25,363 - INFO - HTTP Request: POST http://localhost:8006/v1/chat/completions "HTTP/1.1 200 OK"
2026-08-17 09:10:31,605 - INFO - HTTP Request: POST http://localhost:8006/v1/chat/completions "HTTP/1.1 200 OK"
2026-08-17 09:10:34,804 - INFO - HTTP Request: POST http://localhost:8006/v1/chat/completions "HTTP/1.1 200 OK"
2026-08-17 09:10:39,700 - INFO - HTTP Request: POST http://localhost:8006/v1/chat/completions "HTTP/1.1 200 OK"

2026-08-17 09:10:41,670 - INFO - HTTP Request: POST http://localhost:8006/v1/chat/completions "HTTP/1.1 200 OK"
2026-08-17 09:10:45,691 - INFO - HTTP Request: POST http://localhost:8006/v1/chat/completions "HTTP/1.1 200 OK"

2026-08-17 09:10:47,660 - INFO - HTTP Request: POST http://localhost:8006/v1/chat/completions "HTTP/1.1 200 OK"

2026-08-17 09:10:54,188 - INFO - HTTP Request: POST http://localhost:8006/v1/chat/completions "HTTP/1.1 200 OK"

2026-08-17 09:11:03,961 - INFO - HTTP Request: POST http://localhost:8006/v1/chat/completions "HTTP/1.1 200 OK"
2026-08-17 09:11:07,438 - INFO - HTTP Request: POST http://localhost:8006/v1/chat/completions "HTTP/1.1 200 OK"
2026-08-17 09:11:10,640 - INFO - HTTP Request: POST http://localhost:8006/v1/chat/completions "HTTP/1.1 200 OK"
2026-08-17 09:11:17,280 - INFO - HTTP Request: POST http://localhost:8006/v1/chat/completions "HTTP/1.1 200 OK"

2026-08-17 09:11:19,250 - INFO - HTTP Request: POST http://localhost:8006/v1/chat/completions "HTTP/1.1 200 OK"
2026-08-17 09:11:23,490 - INFO - HTTP Request: POST http://localhost:8006/v1/chat/completions "HTTP/1.1 200 OK"

2026-08-17 09:11:23,491 - INFO - HTTP Request: POST http://localhost:8006/v1/chat/completions "HTTP/1.1 200 OK"

2026-08-17 09:11:31,751 - INFO - HTTP Request: POST http://localhost:8006/v1/chat/completions "HTTP/1.1 200 OK"

2026-08-17 09:11:37,401 - INFO - HTTP Request: POST http://localhost:8006/v1/chat/completions "HTTP/1.1 200 OK"
2026-08-17 09:11:43,643 - INFO - HTTP Request: POST http://localhost:8006/v1/chat/completions "HTTP/1.1 200 OK"
2026-08-17 09:11:50,712 - INFO - HTTP Request: POST http://localhost:8006/v1/chat/completions "HTTP/1.1 200 OK"

2026-08-17 09:11:52,236 - INFO - HTTP Request: POST http://localhost:8006/v1/chat/completions "HTTP/1.1 200 OK"
2026-08-17 09:11:53,209 - INFO - HTTP Request: POST http://localhost:8006/v1/chat/completions "HTTP/1.1 200 OK"
2026-08-17 09:11:56,139 - INFO - HTTP Request: POST http://localhost:8006/v1/chat/completions "HTTP/1.1 200 OK"

2026-08-17 09:12:03,977 - INFO - HTTP Request: POST http://localhost:8006/v1/chat/completions "HTTP/1.1 200 OK"

2026-08-17 09:12:07,674 - INFO - HTTP Request: POST http://localhost:8006/v1/chat/completions "HTTP/1.1 200 OK"

2026-08-17 09:12:20,045 - INFO - HTTP Request: POST http://localhost:8006/v1/chat/completions "HTTP/1.1 200 OK"
2026-08-17 09:12:25,201 - INFO - HTTP Request: POST http://localhost:8006/v1/chat/completions "HTTP/1.1 200 OK"
2026-08-17 09:12:28,350 - INFO - HTTP Request: POST http://localhost:8006/v1/chat/completions "HTTP/1.1 200 OK"
2026-08-17 09:12:33,739 - INFO - HTTP Request: POST http://localhost:8006/v1/chat/completions "HTTP/1.1 200 OK"
2026-08-17 09:12:37,109 - INFO - HTTP Request: POST http://localhost:8006/v1/chat/completions "HTTP/1.1 200 OK"

2026-08-17 09:12:39,944 - INFO - HTTP Request: POST http://localhost:8006/v1/chat/completions "HTTP/1.1 200 OK"

2026-08-17 09:12:41,254 - INFO - HTTP Request: POST http://localhost:8006/v1/chat/completions "HTTP/1.1 200 OK"

2026-08-17 09:12:48,649 - INFO - HTTP Request: POST http://localhost:8006/v1/chat/completions "HTTP/1.1 200 OK"

2026-08-17 09:12:57,118 - INFO - HTTP Request: POST http://localhost:8006/v1/chat/completions "HTTP/1.1 200 OK"
2026-08-17 09:13:01,629 - INFO - HTTP Request: POST http://localhost:8006/v1/chat/completions "HTTP/1.1 200 OK"
2026-08-17 09:13:09,406 - INFO - HTTP Request: POST http://localhost:8006/v1/chat/completions "HTTP/1.1 200 OK"
2026-08-17 09:13:10,143 - INFO - HTTP Request: POST http://localhost:8006/v1/chat/completions "HTTP/1.1 200 OK"
2026-08-17 09:13:14,459 - INFO - HTTP Request: POST http://localhost:8006/v1/chat/completions "HTTP/1.1 200 OK"

2026-08-17 09:13:17,295 - INFO - HTTP Request: POST http://localhost:8006/v1/chat/completions "HTTP/1.1 200 OK"

2026-08-17 09:13:24,921 - INFO - HTTP Request: POST http://localhost:8006/v1/chat/completions "HTTP/1.1 200 OK"

2026-08-17 09:13:25,792 - INFO - HTTP Request: POST http://localhost:8006/v1/chat/completions "HTTP/1.1 200 OK"

2026-08-17 09:13:43,603 - INFO - HTTP Request: POST http://localhost:8006/v1/chat/completions "HTTP/1.1 200 OK"
2026-08-17 09:13:46,756 - INFO - HTTP Request: POST http://localhost:8006/v1/chat/completions "HTTP/1.1 200 OK"
2026-08-17 09:13:54,760 - INFO - HTTP Request: POST http://localhost:8006/v1/chat/completions "HTTP/1.1 200 OK"
2026-08-17 09:13:57,695 - INFO - HTTP Request: POST http://localhost:8006/v1/chat/completions "HTTP/1.1 200 OK"

2026-08-17 09:13:59,883 - INFO - HTTP Request: POST http://localhost:8006/v1/chat/completions "HTTP/1.1 200 OK"
2026-08-17 09:14:02,000 - INFO - HTTP Request: POST http://localhost:8006/v1/chat/completions "HTTP/1.1 200 OK"

2026-08-17 09:14:08,543 - INFO - HTTP Request: POST http://localhost:8006/v1/chat/completions "HTTP/1.1 200 OK"

2026-08-17 09:14:15,073 - INFO - HTTP Request: POST http://localhost:8006/v1/chat/completions "HTTP/1.1 200 OK"

r0_cfg8:  90%|█████████ | 45/50 [1:10:31<10:59, 131.86s/it]2026-08-17 09:14:30,487 - INFO - HTTP Request: POST http://localhost:8006/v1/chat/completions "HTTP/1.1 200 OK"
2026-08-17 09:14:35,509 - INFO - HTTP Request: POST http://localhost:8006/v1/chat/completions "HTTP/1.1 200 OK"
2026-08-17 09:14:37,838 - INFO - HTTP Request: POST http://localhost:8006/v1/chat/completions "HTTP/1.1 200 OK"
2026-08-17 09:14:42,126 - INFO - HTTP Request: POST http://localhost:8006/v1/chat/completions "HTTP/1.1 200 OK"
2026-08-17 09:14:46,593 - INFO - HTTP Request: POST http://localhost:8006/v1/chat/completions "HTTP/1.1 200 OK"

2026-08-17 09:14:48,993 - INFO - HTTP Request: POST http://localhost:8006/v1/chat/completions "HTTP/1.1 200 OK"

r0_cfg8:  92%|█████████▏| 46/50 [1:11:05<06:49, 102.48s/it]2026-08-17 09:14:52,264 - INFO - HTTP Request: POST http://localhost:8006/v1/chat/completions "HTTP/1.1 200 OK"

r0_cfg8:  94%|█████████▍| 47/50 [1:11:08<03:38, 72.71s/it] 2026-08-17 09:14:56,825 - INFO - HTTP Request: POST http://localhost:8006/v1/chat/completions "HTTP/1.1 200 OK"

r0_cfg8:  96%|█████████▌| 48/50 [1:11:13<01:44, 52.27s/it]2026-08-17 09:15:10,684 - INFO - HTTP Request: POST http://localhost:8006/v1/chat/completions "HTTP/1.1 200 OK"
2026-08-17 09:15:12,774 - INFO - HTTP Request: POST http://localhost:8006/v1/chat/completions "HTTP/1.1 200 OK"
2026-08-17 09:15:22,729 - INFO - HTTP Request: POST http://localhost:8006/v1/chat/completions "HTTP/1.1 200 OK"

2026-08-17 09:15:23,203 - INFO - HTTP Request: POST http://localhost:8006/v1/chat/completions "HTTP/1.1 200 OK"

2026-08-17 09:15:46,630 - INFO - HTTP Request: POST http://localhost:8006/v1/chat/completions "HTTP/1.1 200 OK"
2026-08-17 09:15:48,978 - INFO - HTTP Request: POST http://localhost:8006/v1/chat/completions "HTTP/1.1 200 OK"
2026-08-17 09:15:56,936 - INFO - HTTP Request: POST http://localhost:8006/v1/chat/completions "HTTP/1.1 200 OK"

2026-08-17 09:16:00,230 - INFO - HTTP Request: POST http://localhost:8006/v1/chat/completions "HTTP/1.1 200 OK"

2026-08-17 09:16:20,624 - INFO - HTTP Request: POST http://localhost:8006/v1/chat/completions "HTTP/1.1 200 OK"
2026-08-17 09:16:24,273 - INFO - HTTP Request: POST http://localhost:8006/v1/chat/completions "HTTP/1.1 200 OK"
2026-08-17 09:16:32,877 - INFO - HTTP Request: POST http://localhost:8006/v1/chat/completions "HTTP/1.1 200 OK"

2026-08-17 09:16:35,961 - INFO - HTTP Request: POST http://localhost:8006/v1/chat/completions "HTTP/1.1 200 OK"

2026-08-17 09:16:52,238 - INFO - HTTP Request: POST http://localhost:8006/v1/chat/completions "HTTP/1.1 200 OK"
2026-08-17 09:16:59,790 - INFO - HTTP Request: POST http://localhost:8006/v1/chat/completions "HTTP/1.1 200 OK"
2026-08-17 09:17:02,163 - INFO - HTTP Request: POST http://localhost:8006/v1/chat/completions "HTTP/1.1 200 OK"

2026-08-17 09:17:14,355 - INFO - HTTP Request: POST http://localhost:8006/v1/chat/completions "HTTP/1.1 200 OK"

2026-08-17 09:17:30,424 - INFO - HTTP Request: POST http://localhost:8006/v1/chat/completions "HTTP/1.1 200 OK"
2026-08-17 09:17:33,853 - INFO - HTTP Request: POST http://localhost:8006/v1/chat/completions "HTTP/1.1 200 OK"
2026-08-17 09:17:42,243 - INFO - HTTP Request: POST http://localhost:8006/v1/chat/completions "HTTP/1.1 200 OK"

2026-08-17 09:17:45,971 - INFO - HTTP Request: POST http://localhost:8006/v1/chat/completions "HTTP/1.1 200 OK"

2026-08-17 09:18:01,818 - INFO - HTTP Request: POST http://localhost:8006/v1/chat/completions "HTTP/1.1 200 OK"
2026-08-17 09:18:12,842 - INFO - HTTP Request: POST http://localhost:8006/v1/chat/completions "HTTP/1.1 200 OK"

2026-08-17 09:18:14,180 - INFO - HTTP Request: POST http://localhost:8006/v1/chat/completions "HTTP/1.1 200 OK"
2026-08-17 09:18:24,080 - INFO - HTTP Request: POST http://localhost:8006/v1/chat/completions "HTTP/1.1 200 OK"

2026-08-17 09:18:41,663 - INFO - HTTP Request: POST http://localhost:8006/v1/chat/completions "HTTP/1.1 200 OK"
2026-08-17 09:18:43,798 - INFO - HTTP Request: POST http://localhost:8006/v1/chat/completions "HTTP/1.1 200 OK"
2026-08-17 09:18:56,101 - INFO - HTTP Request: POST http://localhost:8006/v1/chat/completions "HTTP/1.1 200 OK"

2026-08-17 09:18:57,877 - INFO - HTTP Request: POST http://localhost:8006/v1/chat/completions "HTTP/1.1 200 OK"

2026-08-17 09:19:26,726 - INFO - HTTP Request: POST http://localhost:8006/v1/chat/completions "HTTP/1.1 200 OK"
2026-08-17 09:19:28,384 - INFO - HTTP Request: POST http://localhost:8006/v1/chat/completions "HTTP/1.1 200 OK"
2026-08-17 09:19:38,559 - INFO - HTTP Request: POST http://localhost:8006/v1/chat/completions "HTTP/1.1 200 OK"

r0_cfg8:  98%|█████████▊| 49/50 [1:15:54<02:01, 121.11s/it]2026-08-17 09:19:38,835 - INFO - HTTP Request: POST http://localhost:8006/v1/chat/completions "HTTP/1.1 200 OK"

2026-08-17 09:19:44,789 - INFO - HTTP Request: POST http://localhost:8006/v1/chat/completions "HTTP/1.1 200 OK"
2026-08-17 09:19:47,979 - INFO - HTTP Request: POST http://localhost:8006/v1/chat/completions "HTTP/1.1 200 OK"

r0_cfg8: 100%|██████████| 50/50 [1:16:04<00:00, 87.60s/it] r0_cfg8: 100%|██████████| 50/50 [1:16:04<00:00, 91.29s/it]
  done in 4564.7s (valid 50/50, invalid {})

Scored 1 model/s.
Report:  /LAB/Swiss-Knife/tribunal/bayes_search_honesty/eval_results/round0/r0_cfg8/report/index.html
Tables:  /LAB/Swiss-Knife/tribunal/bayes_search_honesty/eval_results/round0/r0_cfg8/model_summary.csv, /LAB/Swiss-Knife/tribunal/bayes_search_honesty/eval_results/round0/r0_cfg8/summary.csv
