2026-08-18 04:16:10,000 - INFO - Judge client pointed at http://localhost:8006/v1
2026-08-18 04:16:13,335 - INFO - Loading Detoxify model (CPU)
2026-08-18 04:16:17,202 - INFO - HTTP Request: HEAD https://huggingface.co/bert-base-uncased/resolve/main/config.json "HTTP/1.1 200 OK"
Warning: You are sending unauthenticated requests to the HF Hub. Please set a HF_TOKEN to enable higher rate limits and faster downloads.
2026-08-18 04:16:17,203 - WARNING - Warning: You are sending unauthenticated requests to the HF Hub. Please set a HF_TOKEN to enable higher rate limits and faster downloads.
input:  /LAB/Swiss-Knife/tribunal/bayes_search_honesty/eval_results/round5/r5_cfg6/_tribunal_input_tmp (1 model file/s)
output: /LAB/Swiss-Knife/tribunal/bayes_search_honesty/eval_results/round5/r5_cfg6
judge:  Qwen/Qwen2.5-32B-Instruct @ http://localhost:8006/v1
detoxify cross-check: True
Loading weights:   0%|          | 0/201 [00:00<?, ?it/s]Loading weights: 100%|██████████| 201/201 [00:00<00:00, 31125.12it/s]
2026-08-18 04:16:17,526 - INFO - HTTP Request: HEAD https://huggingface.co/bert-base-uncased/resolve/main/tokenizer_config.json "HTTP/1.1 200 OK"
2026-08-18 04:16:17,736 - INFO - HTTP Request: GET https://huggingface.co/api/models/bert-base-uncased/tree/main/additional_chat_templates?recursive=false&expand=false "HTTP/1.1 307 Temporary Redirect"
2026-08-18 04:16:17,965 - INFO - HTTP Request: GET https://huggingface.co/api/models/google-bert/bert-base-uncased/tree/main/additional_chat_templates?recursive=false&expand=false "HTTP/1.1 404 Not Found"
2026-08-18 04:16:18,175 - INFO - HTTP Request: GET https://huggingface.co/api/models/bert-base-uncased/tree/main?recursive=true&expand=false "HTTP/1.1 307 Temporary Redirect"
2026-08-18 04:16:18,387 - INFO - HTTP Request: GET https://huggingface.co/api/models/google-bert/bert-base-uncased/tree/main?recursive=true&expand=false "HTTP/1.1 200 OK"

[1/1] r5_cfg6
  scoring 50 records (0 skipped or cached) [workers=4]
r5_cfg6:   0%|          | 0/50 [00:00<?, ?it/s]2026-08-18 04:16:40,423 - INFO - HTTP Request: POST http://localhost:8006/v1/chat/completions "HTTP/1.1 200 OK"
2026-08-18 04:16:40,641 - INFO - HTTP Request: POST http://localhost:8006/v1/chat/completions "HTTP/1.1 200 OK"
2026-08-18 04:16:40,642 - INFO - HTTP Request: POST http://localhost:8006/v1/chat/completions "HTTP/1.1 200 OK"
2026-08-18 04:16:41,224 - INFO - HTTP Request: POST http://localhost:8006/v1/chat/completions "HTTP/1.1 200 OK"
2026-08-18 04:16:52,783 - INFO - HTTP Request: POST http://localhost:8006/v1/chat/completions "HTTP/1.1 200 OK"

2026-08-18 04:16:53,941 - INFO - HTTP Request: POST http://localhost:8006/v1/chat/completions "HTTP/1.1 200 OK"

2026-08-18 04:16:54,158 - INFO - HTTP Request: POST http://localhost:8006/v1/chat/completions "HTTP/1.1 200 OK"

2026-08-18 04:16:54,375 - INFO - HTTP Request: POST http://localhost:8006/v1/chat/completions "HTTP/1.1 200 OK"

2026-08-18 04:17:18,869 - INFO - HTTP Request: POST http://localhost:8006/v1/chat/completions "HTTP/1.1 200 OK"
2026-08-18 04:17:20,396 - INFO - HTTP Request: POST http://localhost:8006/v1/chat/completions "HTTP/1.1 200 OK"
2026-08-18 04:17:20,613 - INFO - HTTP Request: POST http://localhost:8006/v1/chat/completions "HTTP/1.1 200 OK"
2026-08-18 04:17:21,118 - INFO - HTTP Request: POST http://localhost:8006/v1/chat/completions "HTTP/1.1 200 OK"
2026-08-18 04:17:31,424 - INFO - HTTP Request: POST http://localhost:8006/v1/chat/completions "HTTP/1.1 200 OK"

2026-08-18 04:17:33,653 - INFO - HTTP Request: POST http://localhost:8006/v1/chat/completions "HTTP/1.1 200 OK"

2026-08-18 04:17:34,088 - INFO - HTTP Request: POST http://localhost:8006/v1/chat/completions "HTTP/1.1 200 OK"

2026-08-18 04:17:36,049 - INFO - HTTP Request: POST http://localhost:8006/v1/chat/completions "HTTP/1.1 200 OK"

2026-08-18 04:17:55,789 - INFO - HTTP Request: POST http://localhost:8006/v1/chat/completions "HTTP/1.1 200 OK"
2026-08-18 04:17:58,409 - INFO - HTTP Request: POST http://localhost:8006/v1/chat/completions "HTTP/1.1 200 OK"
2026-08-18 04:17:59,143 - INFO - HTTP Request: POST http://localhost:8006/v1/chat/completions "HTTP/1.1 200 OK"
2026-08-18 04:18:01,433 - INFO - HTTP Request: POST http://localhost:8006/v1/chat/completions "HTTP/1.1 200 OK"
2026-08-18 04:18:09,599 - INFO - HTTP Request: POST http://localhost:8006/v1/chat/completions "HTTP/1.1 200 OK"

2026-08-18 04:18:13,353 - INFO - HTTP Request: POST http://localhost:8006/v1/chat/completions "HTTP/1.1 200 OK"

2026-08-18 04:18:15,756 - INFO - HTTP Request: POST http://localhost:8006/v1/chat/completions "HTTP/1.1 200 OK"

2026-08-18 04:18:16,191 - INFO - HTTP Request: POST http://localhost:8006/v1/chat/completions "HTTP/1.1 200 OK"

2026-08-18 04:18:33,778 - INFO - HTTP Request: POST http://localhost:8006/v1/chat/completions "HTTP/1.1 200 OK"
2026-08-18 04:18:37,696 - INFO - HTTP Request: POST http://localhost:8006/v1/chat/completions "HTTP/1.1 200 OK"
2026-08-18 04:18:40,687 - INFO - HTTP Request: POST http://localhost:8006/v1/chat/completions "HTTP/1.1 200 OK"
2026-08-18 04:18:41,420 - INFO - HTTP Request: POST http://localhost:8006/v1/chat/completions "HTTP/1.1 200 OK"
2026-08-18 04:18:47,750 - INFO - HTTP Request: POST http://localhost:8006/v1/chat/completions "HTTP/1.1 200 OK"

2026-08-18 04:18:50,854 - INFO - HTTP Request: POST http://localhost:8006/v1/chat/completions "HTTP/1.1 200 OK"

2026-08-18 04:18:53,693 - INFO - HTTP Request: POST http://localhost:8006/v1/chat/completions "HTTP/1.1 200 OK"

2026-08-18 04:18:54,127 - INFO - HTTP Request: POST http://localhost:8006/v1/chat/completions "HTTP/1.1 200 OK"

2026-08-18 04:19:07,154 - INFO - HTTP Request: POST http://localhost:8006/v1/chat/completions "HTTP/1.1 200 OK"
2026-08-18 04:19:11,072 - INFO - HTTP Request: POST http://localhost:8006/v1/chat/completions "HTTP/1.1 200 OK"
2026-08-18 04:19:13,896 - INFO - HTTP Request: POST http://localhost:8006/v1/chat/completions "HTTP/1.1 200 OK"
2026-08-18 04:19:15,199 - INFO - HTTP Request: POST http://localhost:8006/v1/chat/completions "HTTP/1.1 200 OK"
2026-08-18 04:19:18,353 - INFO - HTTP Request: POST http://localhost:8006/v1/chat/completions "HTTP/1.1 200 OK"

2026-08-18 04:19:21,906 - INFO - HTTP Request: POST http://localhost:8006/v1/chat/completions "HTTP/1.1 200 OK"

2026-08-18 04:19:25,173 - INFO - HTTP Request: POST http://localhost:8006/v1/chat/completions "HTTP/1.1 200 OK"

2026-08-18 04:19:27,782 - INFO - HTTP Request: POST http://localhost:8006/v1/chat/completions "HTTP/1.1 200 OK"

2026-08-18 04:19:47,096 - INFO - HTTP Request: POST http://localhost:8006/v1/chat/completions "HTTP/1.1 200 OK"
2026-08-18 04:19:51,017 - INFO - HTTP Request: POST http://localhost:8006/v1/chat/completions "HTTP/1.1 200 OK"
2026-08-18 04:19:54,593 - INFO - HTTP Request: POST http://localhost:8006/v1/chat/completions "HTTP/1.1 200 OK"
2026-08-18 04:19:57,522 - INFO - HTTP Request: POST http://localhost:8006/v1/chat/completions "HTTP/1.1 200 OK"
2026-08-18 04:20:02,196 - INFO - HTTP Request: POST http://localhost:8006/v1/chat/completions "HTTP/1.1 200 OK"

2026-08-18 04:20:05,754 - INFO - HTTP Request: POST http://localhost:8006/v1/chat/completions "HTTP/1.1 200 OK"

2026-08-18 04:20:10,543 - INFO - HTTP Request: POST http://localhost:8006/v1/chat/completions "HTTP/1.1 200 OK"

2026-08-18 04:20:12,502 - INFO - HTTP Request: POST http://localhost:8006/v1/chat/completions "HTTP/1.1 200 OK"

2026-08-18 04:20:22,267 - INFO - HTTP Request: POST http://localhost:8006/v1/chat/completions "HTTP/1.1 200 OK"
2026-08-18 04:20:26,263 - INFO - HTTP Request: POST http://localhost:8006/v1/chat/completions "HTTP/1.1 200 OK"
2026-08-18 04:20:31,367 - INFO - HTTP Request: POST http://localhost:8006/v1/chat/completions "HTTP/1.1 200 OK"
2026-08-18 04:20:33,646 - INFO - HTTP Request: POST http://localhost:8006/v1/chat/completions "HTTP/1.1 200 OK"
2026-08-18 04:20:36,583 - INFO - HTTP Request: POST http://localhost:8006/v1/chat/completions "HTTP/1.1 200 OK"

2026-08-18 04:20:39,338 - INFO - HTTP Request: POST http://localhost:8006/v1/chat/completions "HTTP/1.1 200 OK"

2026-08-18 04:20:43,040 - INFO - HTTP Request: POST http://localhost:8006/v1/chat/completions "HTTP/1.1 200 OK"

2026-08-18 04:20:48,040 - INFO - HTTP Request: POST http://localhost:8006/v1/chat/completions "HTTP/1.1 200 OK"

2026-08-18 04:21:05,838 - INFO - HTTP Request: POST http://localhost:8006/v1/chat/completions "HTTP/1.1 200 OK"
2026-08-18 04:21:08,975 - INFO - HTTP Request: POST http://localhost:8006/v1/chat/completions "HTTP/1.1 200 OK"
2026-08-18 04:21:12,994 - INFO - HTTP Request: POST http://localhost:8006/v1/chat/completions "HTTP/1.1 200 OK"
2026-08-18 04:21:18,326 - INFO - HTTP Request: POST http://localhost:8006/v1/chat/completions "HTTP/1.1 200 OK"
2026-08-18 04:21:20,391 - INFO - HTTP Request: POST http://localhost:8006/v1/chat/completions "HTTP/1.1 200 OK"

2026-08-18 04:21:25,972 - INFO - HTTP Request: POST http://localhost:8006/v1/chat/completions "HTTP/1.1 200 OK"

2026-08-18 04:21:27,289 - INFO - HTTP Request: POST http://localhost:8006/v1/chat/completions "HTTP/1.1 200 OK"

2026-08-18 04:21:34,469 - INFO - HTTP Request: POST http://localhost:8006/v1/chat/completions "HTTP/1.1 200 OK"

2026-08-18 04:21:53,574 - INFO - HTTP Request: POST http://localhost:8006/v1/chat/completions "HTTP/1.1 200 OK"
2026-08-18 04:21:59,103 - INFO - HTTP Request: POST http://localhost:8006/v1/chat/completions "HTTP/1.1 200 OK"
2026-08-18 04:22:01,293 - INFO - HTTP Request: POST http://localhost:8006/v1/chat/completions "HTTP/1.1 200 OK"
2026-08-18 04:22:04,666 - INFO - HTTP Request: POST http://localhost:8006/v1/chat/completions "HTTP/1.1 200 OK"

r5_cfg6:   2%|▏         | 1/50 [05:46<4:42:43, 346.20s/it]2026-08-18 04:22:08,808 - INFO - HTTP Request: POST http://localhost:8006/v1/chat/completions "HTTP/1.1 200 OK"
2026-08-18 04:22:12,613 - INFO - HTTP Request: POST http://localhost:8006/v1/chat/completions "HTTP/1.1 200 OK"

r5_cfg6:   4%|▍         | 2/50 [05:54<1:57:46, 147.23s/it]2026-08-18 04:22:13,487 - INFO - HTTP Request: POST http://localhost:8006/v1/chat/completions "HTTP/1.1 200 OK"

r5_cfg6:   6%|▌         | 3/50 [05:55<1:02:58, 80.40s/it] 2026-08-18 04:22:21,524 - INFO - HTTP Request: POST http://localhost:8006/v1/chat/completions "HTTP/1.1 200 OK"

r5_cfg6:   8%|▊         | 4/50 [06:03<39:44, 51.83s/it]  2026-08-18 04:22:26,951 - INFO - HTTP Request: POST http://localhost:8006/v1/chat/completions "HTTP/1.1 200 OK"
2026-08-18 04:22:34,649 - INFO - HTTP Request: POST http://localhost:8006/v1/chat/completions "HTTP/1.1 200 OK"
2026-08-18 04:22:35,892 - INFO - HTTP Request: POST http://localhost:8006/v1/chat/completions "HTTP/1.1 200 OK"
2026-08-18 04:22:40,563 - INFO - HTTP Request: POST http://localhost:8006/v1/chat/completions "HTTP/1.1 200 OK"

2026-08-18 04:22:44,481 - INFO - HTTP Request: POST http://localhost:8006/v1/chat/completions "HTTP/1.1 200 OK"
2026-08-18 04:22:49,153 - INFO - HTTP Request: POST http://localhost:8006/v1/chat/completions "HTTP/1.1 200 OK"

2026-08-18 04:22:51,114 - INFO - HTTP Request: POST http://localhost:8006/v1/chat/completions "HTTP/1.1 200 OK"

2026-08-18 04:22:55,024 - INFO - HTTP Request: POST http://localhost:8006/v1/chat/completions "HTTP/1.1 200 OK"

2026-08-18 04:23:06,954 - INFO - HTTP Request: POST http://localhost:8006/v1/chat/completions "HTTP/1.1 200 OK"
2026-08-18 04:23:15,528 - INFO - HTTP Request: POST http://localhost:8006/v1/chat/completions "HTTP/1.1 200 OK"
2026-08-18 04:23:17,860 - INFO - HTTP Request: POST http://localhost:8006/v1/chat/completions "HTTP/1.1 200 OK"
2026-08-18 04:23:22,101 - INFO - HTTP Request: POST http://localhost:8006/v1/chat/completions "HTTP/1.1 200 OK"
2026-08-18 04:23:22,319 - INFO - HTTP Request: POST http://localhost:8006/v1/chat/completions "HTTP/1.1 200 OK"

2026-08-18 04:23:30,696 - INFO - HTTP Request: POST http://localhost:8006/v1/chat/completions "HTTP/1.1 200 OK"

2026-08-18 04:23:30,914 - INFO - HTTP Request: POST http://localhost:8006/v1/chat/completions "HTTP/1.1 200 OK"

2026-08-18 04:23:34,830 - INFO - HTTP Request: POST http://localhost:8006/v1/chat/completions "HTTP/1.1 200 OK"

2026-08-18 04:23:46,978 - INFO - HTTP Request: POST http://localhost:8006/v1/chat/completions "HTTP/1.1 200 OK"
2026-08-18 04:23:55,332 - INFO - HTTP Request: POST http://localhost:8006/v1/chat/completions "HTTP/1.1 200 OK"
2026-08-18 04:23:55,549 - INFO - HTTP Request: POST http://localhost:8006/v1/chat/completions "HTTP/1.1 200 OK"
2026-08-18 04:23:59,068 - INFO - HTTP Request: POST http://localhost:8006/v1/chat/completions "HTTP/1.1 200 OK"
2026-08-18 04:24:01,628 - INFO - HTTP Request: POST http://localhost:8006/v1/chat/completions "HTTP/1.1 200 OK"

2026-08-18 04:24:07,954 - INFO - HTTP Request: POST http://localhost:8006/v1/chat/completions "HTTP/1.1 200 OK"

2026-08-18 04:24:08,172 - INFO - HTTP Request: POST http://localhost:8006/v1/chat/completions "HTTP/1.1 200 OK"

2026-08-18 04:24:13,178 - INFO - HTTP Request: POST http://localhost:8006/v1/chat/completions "HTTP/1.1 200 OK"

2026-08-18 04:24:25,118 - INFO - HTTP Request: POST http://localhost:8006/v1/chat/completions "HTTP/1.1 200 OK"
2026-08-18 04:24:32,064 - INFO - HTTP Request: POST http://localhost:8006/v1/chat/completions "HTTP/1.1 200 OK"
2026-08-18 04:24:32,283 - INFO - HTTP Request: POST http://localhost:8006/v1/chat/completions "HTTP/1.1 200 OK"
2026-08-18 04:24:38,194 - INFO - HTTP Request: POST http://localhost:8006/v1/chat/completions "HTTP/1.1 200 OK"
2026-08-18 04:24:38,912 - INFO - HTTP Request: POST http://localhost:8006/v1/chat/completions "HTTP/1.1 200 OK"

2026-08-18 04:24:45,270 - INFO - HTTP Request: POST http://localhost:8006/v1/chat/completions "HTTP/1.1 200 OK"

2026-08-18 04:24:45,705 - INFO - HTTP Request: POST http://localhost:8006/v1/chat/completions "HTTP/1.1 200 OK"

2026-08-18 04:24:50,719 - INFO - HTTP Request: POST http://localhost:8006/v1/chat/completions "HTTP/1.1 200 OK"

2026-08-18 04:24:58,750 - INFO - HTTP Request: POST http://localhost:8006/v1/chat/completions "HTTP/1.1 200 OK"
2026-08-18 04:25:05,363 - INFO - HTTP Request: POST http://localhost:8006/v1/chat/completions "HTTP/1.1 200 OK"
2026-08-18 04:25:06,096 - INFO - HTTP Request: POST http://localhost:8006/v1/chat/completions "HTTP/1.1 200 OK"
2026-08-18 04:25:08,008 - INFO - HTTP Request: POST http://localhost:8006/v1/chat/completions "HTTP/1.1 200 OK"

2026-08-18 04:25:11,492 - INFO - HTTP Request: POST http://localhost:8006/v1/chat/completions "HTTP/1.1 200 OK"
2026-08-18 04:25:15,076 - INFO - HTTP Request: POST http://localhost:8006/v1/chat/completions "HTTP/1.1 200 OK"

2026-08-18 04:25:17,907 - INFO - HTTP Request: POST http://localhost:8006/v1/chat/completions "HTTP/1.1 200 OK"

2026-08-18 04:25:24,208 - INFO - HTTP Request: POST http://localhost:8006/v1/chat/completions "HTTP/1.1 200 OK"

2026-08-18 04:25:37,010 - INFO - HTTP Request: POST http://localhost:8006/v1/chat/completions "HTTP/1.1 200 OK"
2026-08-18 04:25:44,057 - INFO - HTTP Request: POST http://localhost:8006/v1/chat/completions "HTTP/1.1 200 OK"
2026-08-18 04:25:47,194 - INFO - HTTP Request: POST http://localhost:8006/v1/chat/completions "HTTP/1.1 200 OK"
2026-08-18 04:25:48,874 - INFO - HTTP Request: POST http://localhost:8006/v1/chat/completions "HTTP/1.1 200 OK"

2026-08-18 04:25:53,882 - INFO - HTTP Request: POST http://localhost:8006/v1/chat/completions "HTTP/1.1 200 OK"
2026-08-18 04:25:55,286 - INFO - HTTP Request: POST http://localhost:8006/v1/chat/completions "HTTP/1.1 200 OK"

2026-08-18 04:26:01,815 - INFO - HTTP Request: POST http://localhost:8006/v1/chat/completions "HTTP/1.1 200 OK"

2026-08-18 04:26:06,814 - INFO - HTTP Request: POST http://localhost:8006/v1/chat/completions "HTTP/1.1 200 OK"

2026-08-18 04:26:09,202 - INFO - HTTP Request: POST http://localhost:8006/v1/chat/completions "HTTP/1.1 200 OK"
2026-08-18 04:26:15,601 - INFO - HTTP Request: POST http://localhost:8006/v1/chat/completions "HTTP/1.1 200 OK"
2026-08-18 04:26:22,446 - INFO - HTTP Request: POST http://localhost:8006/v1/chat/completions "HTTP/1.1 200 OK"
2026-08-18 04:26:24,344 - INFO - HTTP Request: POST http://localhost:8006/v1/chat/completions "HTTP/1.1 200 OK"

2026-08-18 04:26:27,829 - INFO - HTTP Request: POST http://localhost:8006/v1/chat/completions "HTTP/1.1 200 OK"
2026-08-18 04:26:34,465 - INFO - HTTP Request: POST http://localhost:8006/v1/chat/completions "HTTP/1.1 200 OK"

2026-08-18 04:26:37,080 - INFO - HTTP Request: POST http://localhost:8006/v1/chat/completions "HTTP/1.1 200 OK"

2026-08-18 04:26:41,430 - INFO - HTTP Request: POST http://localhost:8006/v1/chat/completions "HTTP/1.1 200 OK"

2026-08-18 04:26:53,801 - INFO - HTTP Request: POST http://localhost:8006/v1/chat/completions "HTTP/1.1 200 OK"
2026-08-18 04:27:03,900 - INFO - HTTP Request: POST http://localhost:8006/v1/chat/completions "HTTP/1.1 200 OK"
2026-08-18 04:27:05,521 - INFO - HTTP Request: POST http://localhost:8006/v1/chat/completions "HTTP/1.1 200 OK"

2026-08-18 04:27:06,836 - INFO - HTTP Request: POST http://localhost:8006/v1/chat/completions "HTTP/1.1 200 OK"
2026-08-18 04:27:11,564 - INFO - HTTP Request: POST http://localhost:8006/v1/chat/completions "HTTP/1.1 200 OK"
2026-08-18 04:27:18,419 - INFO - HTTP Request: POST http://localhost:8006/v1/chat/completions "HTTP/1.1 200 OK"

2026-08-18 04:27:23,436 - INFO - HTTP Request: POST http://localhost:8006/v1/chat/completions "HTTP/1.1 200 OK"

2026-08-18 04:27:26,488 - INFO - HTTP Request: POST http://localhost:8006/v1/chat/completions "HTTP/1.1 200 OK"

2026-08-18 04:27:38,649 - INFO - HTTP Request: POST http://localhost:8006/v1/chat/completions "HTTP/1.1 200 OK"
2026-08-18 04:27:48,439 - INFO - HTTP Request: POST http://localhost:8006/v1/chat/completions "HTTP/1.1 200 OK"

r5_cfg6:  10%|█         | 5/50 [11:29<1:53:16, 151.03s/it]2026-08-18 04:27:51,479 - INFO - HTTP Request: POST http://localhost:8006/v1/chat/completions "HTTP/1.1 200 OK"
2026-08-18 04:27:56,579 - INFO - HTTP Request: POST http://localhost:8006/v1/chat/completions "HTTP/1.1 200 OK"
2026-08-18 04:28:00,654 - INFO - HTTP Request: POST http://localhost:8006/v1/chat/completions "HTTP/1.1 200 OK"
2026-08-18 04:28:03,368 - INFO - HTTP Request: POST http://localhost:8006/v1/chat/completions "HTTP/1.1 200 OK"

r5_cfg6:  12%|█▏        | 6/50 [11:44<1:16:49, 104.75s/it]2026-08-18 04:28:09,466 - INFO - HTTP Request: POST http://localhost:8006/v1/chat/completions "HTTP/1.1 200 OK"

r5_cfg6:  14%|█▍        | 7/50 [11:50<51:57, 72.50s/it]   2026-08-18 04:28:11,858 - INFO - HTTP Request: POST http://localhost:8006/v1/chat/completions "HTTP/1.1 200 OK"
2026-08-18 04:28:12,828 - INFO - HTTP Request: POST http://localhost:8006/v1/chat/completions "HTTP/1.1 200 OK"

r5_cfg6:  16%|█▌        | 8/50 [11:54<35:20, 50.49s/it]2026-08-18 04:28:25,211 - INFO - HTTP Request: POST http://localhost:8006/v1/chat/completions "HTTP/1.1 200 OK"

2026-08-18 04:28:25,429 - INFO - HTTP Request: POST http://localhost:8006/v1/chat/completions "HTTP/1.1 200 OK"
2026-08-18 04:28:32,103 - INFO - HTTP Request: POST http://localhost:8006/v1/chat/completions "HTTP/1.1 200 OK"
2026-08-18 04:28:35,520 - INFO - HTTP Request: POST http://localhost:8006/v1/chat/completions "HTTP/1.1 200 OK"
2026-08-18 04:28:39,321 - INFO - HTTP Request: POST http://localhost:8006/v1/chat/completions "HTTP/1.1 200 OK"

2026-08-18 04:28:48,032 - INFO - HTTP Request: POST http://localhost:8006/v1/chat/completions "HTTP/1.1 200 OK"

2026-08-18 04:28:49,337 - INFO - HTTP Request: POST http://localhost:8006/v1/chat/completions "HTTP/1.1 200 OK"

2026-08-18 04:28:52,377 - INFO - HTTP Request: POST http://localhost:8006/v1/chat/completions "HTTP/1.1 200 OK"
2026-08-18 04:29:05,737 - INFO - HTTP Request: POST http://localhost:8006/v1/chat/completions "HTTP/1.1 200 OK"
2026-08-18 04:29:06,982 - INFO - HTTP Request: POST http://localhost:8006/v1/chat/completions "HTTP/1.1 200 OK"

2026-08-18 04:29:14,810 - INFO - HTTP Request: POST http://localhost:8006/v1/chat/completions "HTTP/1.1 200 OK"
2026-08-18 04:29:16,487 - INFO - HTTP Request: POST http://localhost:8006/v1/chat/completions "HTTP/1.1 200 OK"
2026-08-18 04:29:17,457 - INFO - HTTP Request: POST http://localhost:8006/v1/chat/completions "HTTP/1.1 200 OK"

2026-08-18 04:29:27,467 - INFO - HTTP Request: POST http://localhost:8006/v1/chat/completions "HTTP/1.1 200 OK"

2026-08-18 04:29:30,729 - INFO - HTTP Request: POST http://localhost:8006/v1/chat/completions "HTTP/1.1 200 OK"

2026-08-18 04:29:32,033 - INFO - HTTP Request: POST http://localhost:8006/v1/chat/completions "HTTP/1.1 200 OK"
2026-08-18 04:29:42,127 - INFO - HTTP Request: POST http://localhost:8006/v1/chat/completions "HTTP/1.1 200 OK"
2026-08-18 04:29:47,287 - INFO - HTTP Request: POST http://localhost:8006/v1/chat/completions "HTTP/1.1 200 OK"

2026-08-18 04:29:52,511 - INFO - HTTP Request: POST http://localhost:8006/v1/chat/completions "HTTP/1.1 200 OK"
2026-08-18 04:29:54,187 - INFO - HTTP Request: POST http://localhost:8006/v1/chat/completions "HTTP/1.1 200 OK"

2026-08-18 04:29:56,152 - INFO - HTTP Request: POST http://localhost:8006/v1/chat/completions "HTTP/1.1 200 OK"
2026-08-18 04:30:07,998 - INFO - HTTP Request: POST http://localhost:8006/v1/chat/completions "HTTP/1.1 200 OK"

2026-08-18 04:30:10,831 - INFO - HTTP Request: POST http://localhost:8006/v1/chat/completions "HTTP/1.1 200 OK"

2026-08-18 04:30:12,141 - INFO - HTTP Request: POST http://localhost:8006/v1/chat/completions "HTTP/1.1 200 OK"
2026-08-18 04:30:18,756 - INFO - HTTP Request: POST http://localhost:8006/v1/chat/completions "HTTP/1.1 200 OK"
2026-08-18 04:30:24,565 - INFO - HTTP Request: POST http://localhost:8006/v1/chat/completions "HTTP/1.1 200 OK"

2026-08-18 04:30:31,310 - INFO - HTTP Request: POST http://localhost:8006/v1/chat/completions "HTTP/1.1 200 OK"

2026-08-18 04:30:32,620 - INFO - HTTP Request: POST http://localhost:8006/v1/chat/completions "HTTP/1.1 200 OK"
2026-08-18 04:30:35,327 - INFO - HTTP Request: POST http://localhost:8006/v1/chat/completions "HTTP/1.1 200 OK"
2026-08-18 04:30:44,555 - INFO - HTTP Request: POST http://localhost:8006/v1/chat/completions "HTTP/1.1 200 OK"
2026-08-18 04:30:45,747 - INFO - HTTP Request: POST http://localhost:8006/v1/chat/completions "HTTP/1.1 200 OK"

2026-08-18 04:30:48,151 - INFO - HTTP Request: POST http://localhost:8006/v1/chat/completions "HTTP/1.1 200 OK"

2026-08-18 04:30:52,069 - INFO - HTTP Request: POST http://localhost:8006/v1/chat/completions "HTTP/1.1 200 OK"
2026-08-18 04:30:55,921 - INFO - HTTP Request: POST http://localhost:8006/v1/chat/completions "HTTP/1.1 200 OK"

2026-08-18 04:31:05,923 - INFO - HTTP Request: POST http://localhost:8006/v1/chat/completions "HTTP/1.1 200 OK"
2026-08-18 04:31:05,924 - INFO - HTTP Request: POST http://localhost:8006/v1/chat/completions "HTTP/1.1 200 OK"

2026-08-18 04:31:08,249 - INFO - HTTP Request: POST http://localhost:8006/v1/chat/completions "HTTP/1.1 200 OK"
2026-08-18 04:31:16,397 - INFO - HTTP Request: POST http://localhost:8006/v1/chat/completions "HTTP/1.1 200 OK"

2026-08-18 04:31:19,442 - INFO - HTTP Request: POST http://localhost:8006/v1/chat/completions "HTTP/1.1 200 OK"

2026-08-18 04:31:25,301 - INFO - HTTP Request: POST http://localhost:8006/v1/chat/completions "HTTP/1.1 200 OK"
2026-08-18 04:31:35,611 - INFO - HTTP Request: POST http://localhost:8006/v1/chat/completions "HTTP/1.1 200 OK"
2026-08-18 04:31:40,115 - INFO - HTTP Request: POST http://localhost:8006/v1/chat/completions "HTTP/1.1 200 OK"

2026-08-18 04:31:45,768 - INFO - HTTP Request: POST http://localhost:8006/v1/chat/completions "HTTP/1.1 200 OK"
2026-08-18 04:31:49,134 - INFO - HTTP Request: POST http://localhost:8006/v1/chat/completions "HTTP/1.1 200 OK"

2026-08-18 04:31:49,135 - INFO - HTTP Request: POST http://localhost:8006/v1/chat/completions "HTTP/1.1 200 OK"
2026-08-18 04:31:56,627 - INFO - HTTP Request: POST http://localhost:8006/v1/chat/completions "HTTP/1.1 200 OK"

2026-08-18 04:32:00,760 - INFO - HTTP Request: POST http://localhost:8006/v1/chat/completions "HTTP/1.1 200 OK"
2026-08-18 04:32:00,760 - INFO - HTTP Request: POST http://localhost:8006/v1/chat/completions "HTTP/1.1 200 OK"

2026-08-18 04:32:09,772 - INFO - HTTP Request: POST http://localhost:8006/v1/chat/completions "HTTP/1.1 200 OK"
2026-08-18 04:32:14,063 - INFO - HTTP Request: POST http://localhost:8006/v1/chat/completions "HTTP/1.1 200 OK"

2026-08-18 04:32:17,333 - INFO - HTTP Request: POST http://localhost:8006/v1/chat/completions "HTTP/1.1 200 OK"
2026-08-18 04:32:21,835 - INFO - HTTP Request: POST http://localhost:8006/v1/chat/completions "HTTP/1.1 200 OK"

2026-08-18 04:32:21,835 - INFO - HTTP Request: POST http://localhost:8006/v1/chat/completions "HTTP/1.1 200 OK"
2026-08-18 04:32:30,422 - INFO - HTTP Request: POST http://localhost:8006/v1/chat/completions "HTTP/1.1 200 OK"

2026-08-18 04:32:33,688 - INFO - HTTP Request: POST http://localhost:8006/v1/chat/completions "HTTP/1.1 200 OK"

2026-08-18 04:32:43,888 - INFO - HTTP Request: POST http://localhost:8006/v1/chat/completions "HTTP/1.1 200 OK"
2026-08-18 04:32:51,598 - INFO - HTTP Request: POST http://localhost:8006/v1/chat/completions "HTTP/1.1 200 OK"
2026-08-18 04:32:58,068 - INFO - HTTP Request: POST http://localhost:8006/v1/chat/completions "HTTP/1.1 200 OK"

2026-08-18 04:33:00,253 - INFO - HTTP Request: POST http://localhost:8006/v1/chat/completions "HTTP/1.1 200 OK"
2026-08-18 04:33:03,892 - INFO - HTTP Request: POST http://localhost:8006/v1/chat/completions "HTTP/1.1 200 OK"
2026-08-18 04:33:05,301 - INFO - HTTP Request: POST http://localhost:8006/v1/chat/completions "HTTP/1.1 200 OK"

2026-08-18 04:33:13,796 - INFO - HTTP Request: POST http://localhost:8006/v1/chat/completions "HTTP/1.1 200 OK"

2026-08-18 04:33:18,153 - INFO - HTTP Request: POST http://localhost:8006/v1/chat/completions "HTTP/1.1 200 OK"

2026-08-18 04:33:31,400 - INFO - HTTP Request: POST http://localhost:8006/v1/chat/completions "HTTP/1.1 200 OK"
2026-08-18 04:33:38,245 - INFO - HTTP Request: POST http://localhost:8006/v1/chat/completions "HTTP/1.1 200 OK"
2026-08-18 04:33:47,117 - INFO - HTTP Request: POST http://localhost:8006/v1/chat/completions "HTTP/1.1 200 OK"

r5_cfg6:  18%|█▊        | 9/50 [17:28<1:35:07, 139.21s/it]2026-08-18 04:33:47,552 - INFO - HTTP Request: POST http://localhost:8006/v1/chat/completions "HTTP/1.1 200 OK"
2026-08-18 04:33:51,627 - INFO - HTTP Request: POST http://localhost:8006/v1/chat/completions "HTTP/1.1 200 OK"

r5_cfg6:  20%|██        | 10/50 [17:33<1:05:05, 97.63s/it]2026-08-18 04:33:52,279 - INFO - HTTP Request: POST http://localhost:8006/v1/chat/completions "HTTP/1.1 200 OK"
2026-08-18 04:34:00,212 - INFO - HTTP Request: POST http://localhost:8006/v1/chat/completions "HTTP/1.1 200 OK"

r5_cfg6:  22%|██▏       | 11/50 [17:41<45:44, 70.37s/it]  2026-08-18 04:34:09,121 - INFO - HTTP Request: POST http://localhost:8006/v1/chat/completions "HTTP/1.1 200 OK"

r5_cfg6:  24%|██▍       | 12/50 [17:50<32:43, 51.68s/it]2026-08-18 04:34:09,771 - INFO - HTTP Request: POST http://localhost:8006/v1/chat/completions "HTTP/1.1 200 OK"
2026-08-18 04:34:14,047 - INFO - HTTP Request: POST http://localhost:8006/v1/chat/completions "HTTP/1.1 200 OK"
2026-08-18 04:34:21,535 - INFO - HTTP Request: POST http://localhost:8006/v1/chat/completions "HTTP/1.1 200 OK"

2026-08-18 04:34:22,624 - INFO - HTTP Request: POST http://localhost:8006/v1/chat/completions "HTTP/1.1 200 OK"
2026-08-18 04:34:25,548 - INFO - HTTP Request: POST http://localhost:8006/v1/chat/completions "HTTP/1.1 200 OK"

2026-08-18 04:34:31,849 - INFO - HTTP Request: POST http://localhost:8006/v1/chat/completions "HTTP/1.1 200 OK"
2026-08-18 04:34:35,700 - INFO - HTTP Request: POST http://localhost:8006/v1/chat/completions "HTTP/1.1 200 OK"

2026-08-18 04:34:41,785 - INFO - HTTP Request: POST http://localhost:8006/v1/chat/completions "HTTP/1.1 200 OK"

2026-08-18 04:34:48,294 - INFO - HTTP Request: POST http://localhost:8006/v1/chat/completions "HTTP/1.1 200 OK"
2026-08-18 04:34:52,135 - INFO - HTTP Request: POST http://localhost:8006/v1/chat/completions "HTTP/1.1 200 OK"
2026-08-18 04:35:01,366 - INFO - HTTP Request: POST http://localhost:8006/v1/chat/completions "HTTP/1.1 200 OK"

2026-08-18 04:35:02,238 - INFO - HTTP Request: POST http://localhost:8006/v1/chat/completions "HTTP/1.1 200 OK"
2026-08-18 04:35:07,342 - INFO - HTTP Request: POST http://localhost:8006/v1/chat/completions "HTTP/1.1 200 OK"

2026-08-18 04:35:08,647 - INFO - HTTP Request: POST http://localhost:8006/v1/chat/completions "HTTP/1.1 200 OK"
2026-08-18 04:35:15,980 - INFO - HTTP Request: POST http://localhost:8006/v1/chat/completions "HTTP/1.1 200 OK"

2026-08-18 04:35:19,894 - INFO - HTTP Request: POST http://localhost:8006/v1/chat/completions "HTTP/1.1 200 OK"

2026-08-18 04:35:26,404 - INFO - HTTP Request: POST http://localhost:8006/v1/chat/completions "HTTP/1.1 200 OK"
2026-08-18 04:35:32,201 - INFO - HTTP Request: POST http://localhost:8006/v1/chat/completions "HTTP/1.1 200 OK"
2026-08-18 04:35:36,213 - INFO - HTTP Request: POST http://localhost:8006/v1/chat/completions "HTTP/1.1 200 OK"

2026-08-18 04:35:40,785 - INFO - HTTP Request: POST http://localhost:8006/v1/chat/completions "HTTP/1.1 200 OK"
2026-08-18 04:35:45,019 - INFO - HTTP Request: POST http://localhost:8006/v1/chat/completions "HTTP/1.1 200 OK"
2026-08-18 04:35:45,237 - INFO - HTTP Request: POST http://localhost:8006/v1/chat/completions "HTTP/1.1 200 OK"

2026-08-18 04:35:54,321 - INFO - HTTP Request: POST http://localhost:8006/v1/chat/completions "HTTP/1.1 200 OK"

2026-08-18 04:35:54,756 - INFO - HTTP Request: POST http://localhost:8006/v1/chat/completions "HTTP/1.1 200 OK"

2026-08-18 04:36:00,410 - INFO - HTTP Request: POST http://localhost:8006/v1/chat/completions "HTTP/1.1 200 OK"
2026-08-18 04:36:09,884 - INFO - HTTP Request: POST http://localhost:8006/v1/chat/completions "HTTP/1.1 200 OK"
2026-08-18 04:36:12,591 - INFO - HTTP Request: POST http://localhost:8006/v1/chat/completions "HTTP/1.1 200 OK"

2026-08-18 04:36:18,899 - INFO - HTTP Request: POST http://localhost:8006/v1/chat/completions "HTTP/1.1 200 OK"
2026-08-18 04:36:19,615 - INFO - HTTP Request: POST http://localhost:8006/v1/chat/completions "HTTP/1.1 200 OK"
2026-08-18 04:36:23,344 - INFO - HTTP Request: POST http://localhost:8006/v1/chat/completions "HTTP/1.1 200 OK"

2026-08-18 04:36:31,622 - INFO - HTTP Request: POST http://localhost:8006/v1/chat/completions "HTTP/1.1 200 OK"

2026-08-18 04:36:32,284 - INFO - HTTP Request: POST http://localhost:8006/v1/chat/completions "HTTP/1.1 200 OK"

2026-08-18 04:36:33,159 - INFO - HTTP Request: POST http://localhost:8006/v1/chat/completions "HTTP/1.1 200 OK"
2026-08-18 04:36:43,290 - INFO - HTTP Request: POST http://localhost:8006/v1/chat/completions "HTTP/1.1 200 OK"
2026-08-18 04:36:44,692 - INFO - HTTP Request: POST http://localhost:8006/v1/chat/completions "HTTP/1.1 200 OK"

2026-08-18 04:36:51,429 - INFO - HTTP Request: POST http://localhost:8006/v1/chat/completions "HTTP/1.1 200 OK"
2026-08-18 04:36:52,947 - INFO - HTTP Request: POST http://localhost:8006/v1/chat/completions "HTTP/1.1 200 OK"
2026-08-18 04:36:57,023 - INFO - HTTP Request: POST http://localhost:8006/v1/chat/completions "HTTP/1.1 200 OK"

2026-08-18 04:37:02,684 - INFO - HTTP Request: POST http://localhost:8006/v1/chat/completions "HTTP/1.1 200 OK"

2026-08-18 04:37:05,078 - INFO - HTTP Request: POST http://localhost:8006/v1/chat/completions "HTTP/1.1 200 OK"

2026-08-18 04:37:14,191 - INFO - HTTP Request: POST http://localhost:8006/v1/chat/completions "HTTP/1.1 200 OK"
2026-08-18 04:37:24,535 - INFO - HTTP Request: POST http://localhost:8006/v1/chat/completions "HTTP/1.1 200 OK"

2026-08-18 04:37:25,838 - INFO - HTTP Request: POST http://localhost:8006/v1/chat/completions "HTTP/1.1 200 OK"
2026-08-18 04:37:31,799 - INFO - HTTP Request: POST http://localhost:8006/v1/chat/completions "HTTP/1.1 200 OK"
2026-08-18 04:37:34,504 - INFO - HTTP Request: POST http://localhost:8006/v1/chat/completions "HTTP/1.1 200 OK"
2026-08-18 04:37:38,141 - INFO - HTTP Request: POST http://localhost:8006/v1/chat/completions "HTTP/1.1 200 OK"

2026-08-18 04:37:45,542 - INFO - HTTP Request: POST http://localhost:8006/v1/chat/completions "HTTP/1.1 200 OK"
2026-08-18 04:37:45,759 - INFO - HTTP Request: POST http://localhost:8006/v1/chat/completions "HTTP/1.1 200 OK"

2026-08-18 04:37:49,612 - INFO - HTTP Request: POST http://localhost:8006/v1/chat/completions "HTTP/1.1 200 OK"

2026-08-18 04:37:57,427 - INFO - HTTP Request: POST http://localhost:8006/v1/chat/completions "HTTP/1.1 200 OK"

2026-08-18 04:37:58,296 - INFO - HTTP Request: POST http://localhost:8006/v1/chat/completions "HTTP/1.1 200 OK"
2026-08-18 04:38:06,220 - INFO - HTTP Request: POST http://localhost:8006/v1/chat/completions "HTTP/1.1 200 OK"
2026-08-18 04:38:10,236 - INFO - HTTP Request: POST http://localhost:8006/v1/chat/completions "HTTP/1.1 200 OK"
2026-08-18 04:38:16,493 - INFO - HTTP Request: POST http://localhost:8006/v1/chat/completions "HTTP/1.1 200 OK"

2026-08-18 04:38:19,977 - INFO - HTTP Request: POST http://localhost:8006/v1/chat/completions "HTTP/1.1 200 OK"

2026-08-18 04:38:23,023 - INFO - HTTP Request: POST http://localhost:8006/v1/chat/completions "HTTP/1.1 200 OK"

2026-08-18 04:38:27,582 - INFO - HTTP Request: POST http://localhost:8006/v1/chat/completions "HTTP/1.1 200 OK"
2026-08-18 04:38:37,509 - INFO - HTTP Request: POST http://localhost:8006/v1/chat/completions "HTTP/1.1 200 OK"

2026-08-18 04:38:45,766 - INFO - HTTP Request: POST http://localhost:8006/v1/chat/completions "HTTP/1.1 200 OK"
2026-08-18 04:38:49,563 - INFO - HTTP Request: POST http://localhost:8006/v1/chat/completions "HTTP/1.1 200 OK"
2026-08-18 04:38:52,927 - INFO - HTTP Request: POST http://localhost:8006/v1/chat/completions "HTTP/1.1 200 OK"
2026-08-18 04:39:01,146 - INFO - HTTP Request: POST http://localhost:8006/v1/chat/completions "HTTP/1.1 200 OK"

2026-08-18 04:39:02,245 - INFO - HTTP Request: POST http://localhost:8006/v1/chat/completions "HTTP/1.1 200 OK"

2026-08-18 04:39:04,212 - INFO - HTTP Request: POST http://localhost:8006/v1/chat/completions "HTTP/1.1 200 OK"

2026-08-18 04:39:11,598 - INFO - HTTP Request: POST http://localhost:8006/v1/chat/completions "HTTP/1.1 200 OK"
2026-08-18 04:39:23,914 - INFO - HTTP Request: POST http://localhost:8006/v1/chat/completions "HTTP/1.1 200 OK"

r5_cfg6:  26%|██▌       | 13/50 [23:05<1:21:01, 131.38s/it]2026-08-18 04:39:33,684 - INFO - HTTP Request: POST http://localhost:8006/v1/chat/completions "HTTP/1.1 200 OK"
2026-08-18 04:39:35,736 - INFO - HTTP Request: POST http://localhost:8006/v1/chat/completions "HTTP/1.1 200 OK"
2026-08-18 04:39:38,011 - INFO - HTTP Request: POST http://localhost:8006/v1/chat/completions "HTTP/1.1 200 OK"
2026-08-18 04:39:45,582 - INFO - HTTP Request: POST http://localhost:8006/v1/chat/completions "HTTP/1.1 200 OK"

r5_cfg6:  28%|██▊       | 14/50 [23:27<58:56, 98.24s/it]   2026-08-18 04:39:46,889 - INFO - HTTP Request: POST http://localhost:8006/v1/chat/completions "HTTP/1.1 200 OK"
2026-08-18 04:39:50,257 - INFO - HTTP Request: POST http://localhost:8006/v1/chat/completions "HTTP/1.1 200 OK"

r5_cfg6:  30%|███       | 15/50 [23:31<40:51, 70.04s/it]2026-08-18 04:39:53,308 - INFO - HTTP Request: POST http://localhost:8006/v1/chat/completions "HTTP/1.1 200 OK"

r5_cfg6:  32%|███▏      | 16/50 [23:34<28:15, 49.88s/it]2026-08-18 04:39:56,350 - INFO - HTTP Request: POST http://localhost:8006/v1/chat/completions "HTTP/1.1 200 OK"

2026-08-18 04:40:07,630 - INFO - HTTP Request: POST http://localhost:8006/v1/chat/completions "HTTP/1.1 200 OK"
2026-08-18 04:40:12,506 - INFO - HTTP Request: POST http://localhost:8006/v1/chat/completions "HTTP/1.1 200 OK"
2026-08-18 04:40:15,923 - INFO - HTTP Request: POST http://localhost:8006/v1/chat/completions "HTTP/1.1 200 OK"
2026-08-18 04:40:19,997 - INFO - HTTP Request: POST http://localhost:8006/v1/chat/completions "HTTP/1.1 200 OK"

2026-08-18 04:40:23,482 - INFO - HTTP Request: POST http://localhost:8006/v1/chat/completions "HTTP/1.1 200 OK"
2026-08-18 04:40:24,672 - INFO - HTTP Request: POST http://localhost:8006/v1/chat/completions "HTTP/1.1 200 OK"

2026-08-18 04:40:27,938 - INFO - HTTP Request: POST http://localhost:8006/v1/chat/completions "HTTP/1.1 200 OK"

2026-08-18 04:40:39,672 - INFO - HTTP Request: POST http://localhost:8006/v1/chat/completions "HTTP/1.1 200 OK"

2026-08-18 04:40:46,399 - INFO - HTTP Request: POST http://localhost:8006/v1/chat/completions "HTTP/1.1 200 OK"
2026-08-18 04:40:51,059 - INFO - HTTP Request: POST http://localhost:8006/v1/chat/completions "HTTP/1.1 200 OK"
2026-08-18 04:40:54,697 - INFO - HTTP Request: POST http://localhost:8006/v1/chat/completions "HTTP/1.1 200 OK"
2026-08-18 04:40:58,119 - INFO - HTTP Request: POST http://localhost:8006/v1/chat/completions "HTTP/1.1 200 OK"

2026-08-18 04:41:01,822 - INFO - HTTP Request: POST http://localhost:8006/v1/chat/completions "HTTP/1.1 200 OK"

2026-08-18 04:41:05,083 - INFO - HTTP Request: POST http://localhost:8006/v1/chat/completions "HTTP/1.1 200 OK"
2026-08-18 04:41:05,300 - INFO - HTTP Request: POST http://localhost:8006/v1/chat/completions "HTTP/1.1 200 OK"

2026-08-18 04:41:18,650 - INFO - HTTP Request: POST http://localhost:8006/v1/chat/completions "HTTP/1.1 200 OK"

2026-08-18 04:41:22,780 - INFO - HTTP Request: POST http://localhost:8006/v1/chat/completions "HTTP/1.1 200 OK"
2026-08-18 04:41:26,789 - INFO - HTTP Request: POST http://localhost:8006/v1/chat/completions "HTTP/1.1 200 OK"
2026-08-18 04:41:30,642 - INFO - HTTP Request: POST http://localhost:8006/v1/chat/completions "HTTP/1.1 200 OK"
2026-08-18 04:41:35,586 - INFO - HTTP Request: POST http://localhost:8006/v1/chat/completions "HTTP/1.1 200 OK"

2026-08-18 04:41:36,250 - INFO - HTTP Request: POST http://localhost:8006/v1/chat/completions "HTTP/1.1 200 OK"

2026-08-18 04:41:43,860 - INFO - HTTP Request: POST http://localhost:8006/v1/chat/completions "HTTP/1.1 200 OK"
2026-08-18 04:41:44,640 - INFO - HTTP Request: POST http://localhost:8006/v1/chat/completions "HTTP/1.1 200 OK"

2026-08-18 04:41:56,897 - INFO - HTTP Request: POST http://localhost:8006/v1/chat/completions "HTTP/1.1 200 OK"

2026-08-18 04:41:59,509 - INFO - HTTP Request: POST http://localhost:8006/v1/chat/completions "HTTP/1.1 200 OK"
2026-08-18 04:42:00,906 - INFO - HTTP Request: POST http://localhost:8006/v1/chat/completions "HTTP/1.1 200 OK"
2026-08-18 04:42:09,548 - INFO - HTTP Request: POST http://localhost:8006/v1/chat/completions "HTTP/1.1 200 OK"
2026-08-18 04:42:12,265 - INFO - HTTP Request: POST http://localhost:8006/v1/chat/completions "HTTP/1.1 200 OK"

2026-08-18 04:42:15,539 - INFO - HTTP Request: POST http://localhost:8006/v1/chat/completions "HTTP/1.1 200 OK"

2026-08-18 04:42:17,720 - INFO - HTTP Request: POST http://localhost:8006/v1/chat/completions "HTTP/1.1 200 OK"
2026-08-18 04:42:21,735 - INFO - HTTP Request: POST http://localhost:8006/v1/chat/completions "HTTP/1.1 200 OK"

2026-08-18 04:42:32,387 - INFO - HTTP Request: POST http://localhost:8006/v1/chat/completions "HTTP/1.1 200 OK"
2026-08-18 04:42:33,791 - INFO - HTTP Request: POST http://localhost:8006/v1/chat/completions "HTTP/1.1 200 OK"

2026-08-18 04:42:35,965 - INFO - HTTP Request: POST http://localhost:8006/v1/chat/completions "HTTP/1.1 200 OK"
2026-08-18 04:42:42,211 - INFO - HTTP Request: POST http://localhost:8006/v1/chat/completions "HTTP/1.1 200 OK"
2026-08-18 04:42:46,503 - INFO - HTTP Request: POST http://localhost:8006/v1/chat/completions "HTTP/1.1 200 OK"

2026-08-18 04:42:48,465 - INFO - HTTP Request: POST http://localhost:8006/v1/chat/completions "HTTP/1.1 200 OK"

2026-08-18 04:42:54,769 - INFO - HTTP Request: POST http://localhost:8006/v1/chat/completions "HTTP/1.1 200 OK"

2026-08-18 04:43:03,232 - INFO - HTTP Request: POST http://localhost:8006/v1/chat/completions "HTTP/1.1 200 OK"
2026-08-18 04:43:15,496 - INFO - HTTP Request: POST http://localhost:8006/v1/chat/completions "HTTP/1.1 200 OK"
2026-08-18 04:43:17,765 - INFO - HTTP Request: POST http://localhost:8006/v1/chat/completions "HTTP/1.1 200 OK"
2026-08-18 04:43:18,792 - INFO - HTTP Request: POST http://localhost:8006/v1/chat/completions "HTTP/1.1 200 OK"

2026-08-18 04:43:24,450 - INFO - HTTP Request: POST http://localhost:8006/v1/chat/completions "HTTP/1.1 200 OK"
2026-08-18 04:43:30,433 - INFO - HTTP Request: POST http://localhost:8006/v1/chat/completions "HTTP/1.1 200 OK"

2026-08-18 04:43:30,869 - INFO - HTTP Request: POST http://localhost:8006/v1/chat/completions "HTTP/1.1 200 OK"

2026-08-18 04:43:35,656 - INFO - HTTP Request: POST http://localhost:8006/v1/chat/completions "HTTP/1.1 200 OK"

2026-08-18 04:43:39,128 - INFO - HTTP Request: POST http://localhost:8006/v1/chat/completions "HTTP/1.1 200 OK"
2026-08-18 04:43:50,748 - INFO - HTTP Request: POST http://localhost:8006/v1/chat/completions "HTTP/1.1 200 OK"
2026-08-18 04:43:50,966 - INFO - HTTP Request: POST http://localhost:8006/v1/chat/completions "HTTP/1.1 200 OK"

2026-08-18 04:43:51,465 - INFO - HTTP Request: POST http://localhost:8006/v1/chat/completions "HTTP/1.1 200 OK"
2026-08-18 04:43:56,660 - INFO - HTTP Request: POST http://localhost:8006/v1/chat/completions "HTTP/1.1 200 OK"
2026-08-18 04:44:03,133 - INFO - HTTP Request: POST http://localhost:8006/v1/chat/completions "HTTP/1.1 200 OK"

2026-08-18 04:44:05,747 - INFO - HTTP Request: POST http://localhost:8006/v1/chat/completions "HTTP/1.1 200 OK"

2026-08-18 04:44:08,794 - INFO - HTTP Request: POST http://localhost:8006/v1/chat/completions "HTTP/1.1 200 OK"

2026-08-18 04:44:21,165 - INFO - HTTP Request: POST http://localhost:8006/v1/chat/completions "HTTP/1.1 200 OK"
2026-08-18 04:44:32,571 - INFO - HTTP Request: POST http://localhost:8006/v1/chat/completions "HTTP/1.1 200 OK"
2026-08-18 04:44:34,033 - INFO - HTTP Request: POST http://localhost:8006/v1/chat/completions "HTTP/1.1 200 OK"

2026-08-18 04:44:35,566 - INFO - HTTP Request: POST http://localhost:8006/v1/chat/completions "HTTP/1.1 200 OK"
2026-08-18 04:44:38,929 - INFO - HTTP Request: POST http://localhost:8006/v1/chat/completions "HTTP/1.1 200 OK"
2026-08-18 04:44:50,635 - INFO - HTTP Request: POST http://localhost:8006/v1/chat/completions "HTTP/1.1 200 OK"

2026-08-18 04:44:52,604 - INFO - HTTP Request: POST http://localhost:8006/v1/chat/completions "HTTP/1.1 200 OK"

2026-08-18 04:44:52,605 - INFO - HTTP Request: POST http://localhost:8006/v1/chat/completions "HTTP/1.1 200 OK"

2026-08-18 04:45:07,362 - INFO - HTTP Request: POST http://localhost:8006/v1/chat/completions "HTTP/1.1 200 OK"
2026-08-18 04:45:17,899 - INFO - HTTP Request: POST http://localhost:8006/v1/chat/completions "HTTP/1.1 200 OK"

r5_cfg6:  34%|███▍      | 17/50 [28:59<1:12:51, 132.48s/it]2026-08-18 04:45:23,546 - INFO - HTTP Request: POST http://localhost:8006/v1/chat/completions "HTTP/1.1 200 OK"
2026-08-18 04:45:25,874 - INFO - HTTP Request: POST http://localhost:8006/v1/chat/completions "HTTP/1.1 200 OK"
2026-08-18 04:45:25,878 - INFO - HTTP Request: POST http://localhost:8006/v1/chat/completions "HTTP/1.1 200 OK"
2026-08-18 04:45:38,316 - INFO - HTTP Request: POST http://localhost:8006/v1/chat/completions "HTTP/1.1 200 OK"

r5_cfg6:  36%|███▌      | 18/50 [29:19<52:41, 98.81s/it]   2026-08-18 04:45:39,626 - INFO - HTTP Request: POST http://localhost:8006/v1/chat/completions "HTTP/1.1 200 OK"

r5_cfg6:  38%|███▊      | 19/50 [29:21<35:55, 69.53s/it]2026-08-18 04:45:39,914 - INFO - HTTP Request: POST http://localhost:8006/v1/chat/completions "HTTP/1.1 200 OK"

r5_cfg6:  40%|████      | 20/50 [29:21<24:22, 48.74s/it]2026-08-18 04:45:40,928 - INFO - HTTP Request: POST http://localhost:8006/v1/chat/completions "HTTP/1.1 200 OK"
2026-08-18 04:45:53,185 - INFO - HTTP Request: POST http://localhost:8006/v1/chat/completions "HTTP/1.1 200 OK"

2026-08-18 04:46:00,346 - INFO - HTTP Request: POST http://localhost:8006/v1/chat/completions "HTTP/1.1 200 OK"
2026-08-18 04:46:02,454 - INFO - HTTP Request: POST http://localhost:8006/v1/chat/completions "HTTP/1.1 200 OK"
2026-08-18 04:46:02,672 - INFO - HTTP Request: POST http://localhost:8006/v1/chat/completions "HTTP/1.1 200 OK"
2026-08-18 04:46:11,633 - INFO - HTTP Request: POST http://localhost:8006/v1/chat/completions "HTTP/1.1 200 OK"

2026-08-18 04:46:14,465 - INFO - HTTP Request: POST http://localhost:8006/v1/chat/completions "HTTP/1.1 200 OK"

2026-08-18 04:46:17,075 - INFO - HTTP Request: POST http://localhost:8006/v1/chat/completions "HTTP/1.1 200 OK"

2026-08-18 04:46:20,327 - INFO - HTTP Request: POST http://localhost:8006/v1/chat/completions "HTTP/1.1 200 OK"
2026-08-18 04:46:35,634 - INFO - HTTP Request: POST http://localhost:8006/v1/chat/completions "HTTP/1.1 200 OK"

2026-08-18 04:46:38,026 - INFO - HTTP Request: POST http://localhost:8006/v1/chat/completions "HTTP/1.1 200 OK"
2026-08-18 04:46:41,216 - INFO - HTTP Request: POST http://localhost:8006/v1/chat/completions "HTTP/1.1 200 OK"
2026-08-18 04:46:44,204 - INFO - HTTP Request: POST http://localhost:8006/v1/chat/completions "HTTP/1.1 200 OK"
2026-08-18 04:46:50,019 - INFO - HTTP Request: POST http://localhost:8006/v1/chat/completions "HTTP/1.1 200 OK"

2026-08-18 04:46:53,285 - INFO - HTTP Request: POST http://localhost:8006/v1/chat/completions "HTTP/1.1 200 OK"

2026-08-18 04:47:00,022 - INFO - HTTP Request: POST http://localhost:8006/v1/chat/completions "HTTP/1.1 200 OK"

2026-08-18 04:47:01,108 - INFO - HTTP Request: POST http://localhost:8006/v1/chat/completions "HTTP/1.1 200 OK"
2026-08-18 04:47:14,677 - INFO - HTTP Request: POST http://localhost:8006/v1/chat/completions "HTTP/1.1 200 OK"
2026-08-18 04:47:17,442 - INFO - HTTP Request: POST http://localhost:8006/v1/chat/completions "HTTP/1.1 200 OK"

2026-08-18 04:47:18,320 - INFO - HTTP Request: POST http://localhost:8006/v1/chat/completions "HTTP/1.1 200 OK"
2026-08-18 04:47:25,440 - INFO - HTTP Request: POST http://localhost:8006/v1/chat/completions "HTTP/1.1 200 OK"
2026-08-18 04:47:29,680 - INFO - HTTP Request: POST http://localhost:8006/v1/chat/completions "HTTP/1.1 200 OK"

2026-08-18 04:47:30,116 - INFO - HTTP Request: POST http://localhost:8006/v1/chat/completions "HTTP/1.1 200 OK"

2026-08-18 04:47:40,994 - INFO - HTTP Request: POST http://localhost:8006/v1/chat/completions "HTTP/1.1 200 OK"

2026-08-18 04:47:42,304 - INFO - HTTP Request: POST http://localhost:8006/v1/chat/completions "HTTP/1.1 200 OK"
2026-08-18 04:47:53,911 - INFO - HTTP Request: POST http://localhost:8006/v1/chat/completions "HTTP/1.1 200 OK"
2026-08-18 04:47:54,646 - INFO - HTTP Request: POST http://localhost:8006/v1/chat/completions "HTTP/1.1 200 OK"
2026-08-18 04:47:54,886 - INFO - HTTP Request: POST http://localhost:8006/v1/chat/completions "HTTP/1.1 200 OK"

2026-08-18 04:48:05,483 - INFO - HTTP Request: POST http://localhost:8006/v1/chat/completions "HTTP/1.1 200 OK"
2026-08-18 04:48:06,672 - INFO - HTTP Request: POST http://localhost:8006/v1/chat/completions "HTTP/1.1 200 OK"

2026-08-18 04:48:07,106 - INFO - HTTP Request: POST http://localhost:8006/v1/chat/completions "HTTP/1.1 200 OK"

2026-08-18 04:48:14,946 - INFO - HTTP Request: POST http://localhost:8006/v1/chat/completions "HTTP/1.1 200 OK"
2026-08-18 04:48:18,523 - INFO - HTTP Request: POST http://localhost:8006/v1/chat/completions "HTTP/1.1 200 OK"

2026-08-18 04:48:26,789 - INFO - HTTP Request: POST http://localhost:8006/v1/chat/completions "HTTP/1.1 200 OK"
2026-08-18 04:48:26,789 - INFO - HTTP Request: POST http://localhost:8006/v1/chat/completions "HTTP/1.1 200 OK"
2026-08-18 04:48:32,119 - INFO - HTTP Request: POST http://localhost:8006/v1/chat/completions "HTTP/1.1 200 OK"

2026-08-18 04:48:37,345 - INFO - HTTP Request: POST http://localhost:8006/v1/chat/completions "HTTP/1.1 200 OK"

2026-08-18 04:48:38,217 - INFO - HTTP Request: POST http://localhost:8006/v1/chat/completions "HTTP/1.1 200 OK"

2026-08-18 04:48:38,651 - INFO - HTTP Request: POST http://localhost:8006/v1/chat/completions "HTTP/1.1 200 OK"
2026-08-18 04:48:50,534 - INFO - HTTP Request: POST http://localhost:8006/v1/chat/completions "HTTP/1.1 200 OK"

2026-08-18 04:49:01,165 - INFO - HTTP Request: POST http://localhost:8006/v1/chat/completions "HTTP/1.1 200 OK"
2026-08-18 04:49:06,690 - INFO - HTTP Request: POST http://localhost:8006/v1/chat/completions "HTTP/1.1 200 OK"
2026-08-18 04:49:07,880 - INFO - HTTP Request: POST http://localhost:8006/v1/chat/completions "HTTP/1.1 200 OK"
2026-08-18 04:49:16,963 - INFO - HTTP Request: POST http://localhost:8006/v1/chat/completions "HTTP/1.1 200 OK"

2026-08-18 04:49:20,012 - INFO - HTTP Request: POST http://localhost:8006/v1/chat/completions "HTTP/1.1 200 OK"

2026-08-18 04:49:20,230 - INFO - HTTP Request: POST http://localhost:8006/v1/chat/completions "HTTP/1.1 200 OK"
2026-08-18 04:49:22,510 - INFO - HTTP Request: POST http://localhost:8006/v1/chat/completions "HTTP/1.1 200 OK"

2026-08-18 04:49:35,109 - INFO - HTTP Request: POST http://localhost:8006/v1/chat/completions "HTTP/1.1 200 OK"

2026-08-18 04:49:37,280 - INFO - HTTP Request: POST http://localhost:8006/v1/chat/completions "HTTP/1.1 200 OK"
2026-08-18 04:49:40,638 - INFO - HTTP Request: POST http://localhost:8006/v1/chat/completions "HTTP/1.1 200 OK"
2026-08-18 04:49:43,186 - INFO - HTTP Request: POST http://localhost:8006/v1/chat/completions "HTTP/1.1 200 OK"
2026-08-18 04:49:53,581 - INFO - HTTP Request: POST http://localhost:8006/v1/chat/completions "HTTP/1.1 200 OK"

2026-08-18 04:49:54,673 - INFO - HTTP Request: POST http://localhost:8006/v1/chat/completions "HTTP/1.1 200 OK"

2026-08-18 04:49:56,198 - INFO - HTTP Request: POST http://localhost:8006/v1/chat/completions "HTTP/1.1 200 OK"
2026-08-18 04:49:59,396 - INFO - HTTP Request: POST http://localhost:8006/v1/chat/completions "HTTP/1.1 200 OK"

2026-08-18 04:50:15,045 - INFO - HTTP Request: POST http://localhost:8006/v1/chat/completions "HTTP/1.1 200 OK"

2026-08-18 04:50:23,078 - INFO - HTTP Request: POST http://localhost:8006/v1/chat/completions "HTTP/1.1 200 OK"
2026-08-18 04:50:24,482 - INFO - HTTP Request: POST http://localhost:8006/v1/chat/completions "HTTP/1.1 200 OK"
2026-08-18 04:50:29,209 - INFO - HTTP Request: POST http://localhost:8006/v1/chat/completions "HTTP/1.1 200 OK"
2026-08-18 04:50:39,171 - INFO - HTTP Request: POST http://localhost:8006/v1/chat/completions "HTTP/1.1 200 OK"

2026-08-18 04:50:40,269 - INFO - HTTP Request: POST http://localhost:8006/v1/chat/completions "HTTP/1.1 200 OK"

2026-08-18 04:50:43,542 - INFO - HTTP Request: POST http://localhost:8006/v1/chat/completions "HTTP/1.1 200 OK"

2026-08-18 04:50:45,287 - INFO - HTTP Request: POST http://localhost:8006/v1/chat/completions "HTTP/1.1 200 OK"
2026-08-18 04:50:59,735 - INFO - HTTP Request: POST http://localhost:8006/v1/chat/completions "HTTP/1.1 200 OK"

2026-08-18 04:51:12,115 - INFO - HTTP Request: POST http://localhost:8006/v1/chat/completions "HTTP/1.1 200 OK"
2026-08-18 04:51:13,519 - INFO - HTTP Request: POST http://localhost:8006/v1/chat/completions "HTTP/1.1 200 OK"
2026-08-18 04:51:16,940 - INFO - HTTP Request: POST http://localhost:8006/v1/chat/completions "HTTP/1.1 200 OK"
2026-08-18 04:51:25,381 - INFO - HTTP Request: POST http://localhost:8006/v1/chat/completions "HTTP/1.1 200 OK"

2026-08-18 04:51:25,382 - INFO - HTTP Request: POST http://localhost:8006/v1/chat/completions "HTTP/1.1 200 OK"

r5_cfg6:  42%|████▏     | 21/50 [35:06<1:06:36, 137.81s/it]2026-08-18 04:51:30,386 - INFO - HTTP Request: POST http://localhost:8006/v1/chat/completions "HTTP/1.1 200 OK"

r5_cfg6:  46%|████▌     | 23/50 [35:11<33:54, 75.34s/it]   2026-08-18 04:51:33,857 - INFO - HTTP Request: POST http://localhost:8006/v1/chat/completions "HTTP/1.1 200 OK"
2026-08-18 04:51:45,912 - INFO - HTTP Request: POST http://localhost:8006/v1/chat/completions "HTTP/1.1 200 OK"

r5_cfg6:  48%|████▊     | 24/50 [35:27<26:13, 60.51s/it]2026-08-18 04:51:47,432 - INFO - HTTP Request: POST http://localhost:8006/v1/chat/completions "HTTP/1.1 200 OK"
2026-08-18 04:51:47,866 - INFO - HTTP Request: POST http://localhost:8006/v1/chat/completions "HTTP/1.1 200 OK"
2026-08-18 04:51:53,098 - INFO - HTTP Request: POST http://localhost:8006/v1/chat/completions "HTTP/1.1 200 OK"
2026-08-18 04:52:00,504 - INFO - HTTP Request: POST http://localhost:8006/v1/chat/completions "HTTP/1.1 200 OK"

2026-08-18 04:52:02,681 - INFO - HTTP Request: POST http://localhost:8006/v1/chat/completions "HTTP/1.1 200 OK"

2026-08-18 04:52:04,204 - INFO - HTTP Request: POST http://localhost:8006/v1/chat/completions "HTTP/1.1 200 OK"

2026-08-18 04:52:08,326 - INFO - HTTP Request: POST http://localhost:8006/v1/chat/completions "HTTP/1.1 200 OK"
2026-08-18 04:52:17,295 - INFO - HTTP Request: POST http://localhost:8006/v1/chat/completions "HTTP/1.1 200 OK"

2026-08-18 04:52:26,409 - INFO - HTTP Request: POST http://localhost:8006/v1/chat/completions "HTTP/1.1 200 OK"
2026-08-18 04:52:29,024 - INFO - HTTP Request: POST http://localhost:8006/v1/chat/completions "HTTP/1.1 200 OK"
2026-08-18 04:52:30,860 - INFO - HTTP Request: POST http://localhost:8006/v1/chat/completions "HTTP/1.1 200 OK"
2026-08-18 04:52:38,271 - INFO - HTTP Request: POST http://localhost:8006/v1/chat/completions "HTTP/1.1 200 OK"

2026-08-18 04:52:40,449 - INFO - HTTP Request: POST http://localhost:8006/v1/chat/completions "HTTP/1.1 200 OK"

2026-08-18 04:52:41,105 - INFO - HTTP Request: POST http://localhost:8006/v1/chat/completions "HTTP/1.1 200 OK"

2026-08-18 04:52:44,141 - INFO - HTTP Request: POST http://localhost:8006/v1/chat/completions "HTTP/1.1 200 OK"
2026-08-18 04:52:55,729 - INFO - HTTP Request: POST http://localhost:8006/v1/chat/completions "HTTP/1.1 200 OK"

2026-08-18 04:53:02,671 - INFO - HTTP Request: POST http://localhost:8006/v1/chat/completions "HTTP/1.1 200 OK"
2026-08-18 04:53:03,899 - INFO - HTTP Request: POST http://localhost:8006/v1/chat/completions "HTTP/1.1 200 OK"
2026-08-18 04:53:06,071 - INFO - HTTP Request: POST http://localhost:8006/v1/chat/completions "HTTP/1.1 200 OK"
2026-08-18 04:53:14,567 - INFO - HTTP Request: POST http://localhost:8006/v1/chat/completions "HTTP/1.1 200 OK"

2026-08-18 04:53:20,444 - INFO - HTTP Request: POST http://localhost:8006/v1/chat/completions "HTTP/1.1 200 OK"

2026-08-18 04:53:20,878 - INFO - HTTP Request: POST http://localhost:8006/v1/chat/completions "HTTP/1.1 200 OK"
2026-08-18 04:53:21,106 - INFO - HTTP Request: POST http://localhost:8006/v1/chat/completions "HTTP/1.1 200 OK"

2026-08-18 04:53:33,558 - INFO - HTTP Request: POST http://localhost:8006/v1/chat/completions "HTTP/1.1 200 OK"

2026-08-18 04:53:38,121 - INFO - HTTP Request: POST http://localhost:8006/v1/chat/completions "HTTP/1.1 200 OK"
2026-08-18 04:53:44,952 - INFO - HTTP Request: POST http://localhost:8006/v1/chat/completions "HTTP/1.1 200 OK"
2026-08-18 04:53:45,756 - INFO - HTTP Request: POST http://localhost:8006/v1/chat/completions "HTTP/1.1 200 OK"
2026-08-18 04:53:50,984 - INFO - HTTP Request: POST http://localhost:8006/v1/chat/completions "HTTP/1.1 200 OK"

2026-08-18 04:53:56,641 - INFO - HTTP Request: POST http://localhost:8006/v1/chat/completions "HTTP/1.1 200 OK"

2026-08-18 04:53:57,736 - INFO - HTTP Request: POST http://localhost:8006/v1/chat/completions "HTTP/1.1 200 OK"

2026-08-18 04:53:58,397 - INFO - HTTP Request: POST http://localhost:8006/v1/chat/completions "HTTP/1.1 200 OK"
2026-08-18 04:54:10,842 - INFO - HTTP Request: POST http://localhost:8006/v1/chat/completions "HTTP/1.1 200 OK"
2026-08-18 04:54:10,843 - INFO - HTTP Request: POST http://localhost:8006/v1/chat/completions "HTTP/1.1 200 OK"

2026-08-18 04:54:16,372 - INFO - HTTP Request: POST http://localhost:8006/v1/chat/completions "HTTP/1.1 200 OK"
2026-08-18 04:54:18,039 - INFO - HTTP Request: POST http://localhost:8006/v1/chat/completions "HTTP/1.1 200 OK"
2026-08-18 04:54:22,834 - INFO - HTTP Request: POST http://localhost:8006/v1/chat/completions "HTTP/1.1 200 OK"

2026-08-18 04:54:28,704 - INFO - HTTP Request: POST http://localhost:8006/v1/chat/completions "HTTP/1.1 200 OK"

2026-08-18 04:54:29,360 - INFO - HTTP Request: POST http://localhost:8006/v1/chat/completions "HTTP/1.1 200 OK"

2026-08-18 04:54:31,313 - INFO - HTTP Request: POST http://localhost:8006/v1/chat/completions "HTTP/1.1 200 OK"
2026-08-18 04:54:41,160 - INFO - HTTP Request: POST http://localhost:8006/v1/chat/completions "HTTP/1.1 200 OK"

2026-08-18 04:54:51,574 - INFO - HTTP Request: POST http://localhost:8006/v1/chat/completions "HTTP/1.1 200 OK"
2026-08-18 04:54:57,751 - INFO - HTTP Request: POST http://localhost:8006/v1/chat/completions "HTTP/1.1 200 OK"
2026-08-18 04:54:58,630 - INFO - HTTP Request: POST http://localhost:8006/v1/chat/completions "HTTP/1.1 200 OK"
2026-08-18 04:55:03,564 - INFO - HTTP Request: POST http://localhost:8006/v1/chat/completions "HTTP/1.1 200 OK"

2026-08-18 04:55:08,782 - INFO - HTTP Request: POST http://localhost:8006/v1/chat/completions "HTTP/1.1 200 OK"

2026-08-18 04:55:10,524 - INFO - HTTP Request: POST http://localhost:8006/v1/chat/completions "HTTP/1.1 200 OK"
2026-08-18 04:55:13,639 - INFO - HTTP Request: POST http://localhost:8006/v1/chat/completions "HTTP/1.1 200 OK"

2026-08-18 04:55:21,456 - INFO - HTTP Request: POST http://localhost:8006/v1/chat/completions "HTTP/1.1 200 OK"

2026-08-18 04:55:23,627 - INFO - HTTP Request: POST http://localhost:8006/v1/chat/completions "HTTP/1.1 200 OK"
2026-08-18 04:55:29,161 - INFO - HTTP Request: POST http://localhost:8006/v1/chat/completions "HTTP/1.1 200 OK"
2026-08-18 04:55:34,089 - INFO - HTTP Request: POST http://localhost:8006/v1/chat/completions "HTTP/1.1 200 OK"
2026-08-18 04:55:37,364 - INFO - HTTP Request: POST http://localhost:8006/v1/chat/completions "HTTP/1.1 200 OK"

2026-08-18 04:55:40,411 - INFO - HTTP Request: POST http://localhost:8006/v1/chat/completions "HTTP/1.1 200 OK"

2026-08-18 04:55:42,153 - INFO - HTTP Request: POST http://localhost:8006/v1/chat/completions "HTTP/1.1 200 OK"
2026-08-18 04:55:49,402 - INFO - HTTP Request: POST http://localhost:8006/v1/chat/completions "HTTP/1.1 200 OK"

2026-08-18 04:55:53,967 - INFO - HTTP Request: POST http://localhost:8006/v1/chat/completions "HTTP/1.1 200 OK"

2026-08-18 04:56:06,557 - INFO - HTTP Request: POST http://localhost:8006/v1/chat/completions "HTTP/1.1 200 OK"
2026-08-18 04:56:09,920 - INFO - HTTP Request: POST http://localhost:8006/v1/chat/completions "HTTP/1.1 200 OK"
2026-08-18 04:56:17,900 - INFO - HTTP Request: POST http://localhost:8006/v1/chat/completions "HTTP/1.1 200 OK"

2026-08-18 04:56:18,996 - INFO - HTTP Request: POST http://localhost:8006/v1/chat/completions "HTTP/1.1 200 OK"
2026-08-18 04:56:22,919 - INFO - HTTP Request: POST http://localhost:8006/v1/chat/completions "HTTP/1.1 200 OK"

2026-08-18 04:56:23,800 - INFO - HTTP Request: POST http://localhost:8006/v1/chat/completions "HTTP/1.1 200 OK"
2026-08-18 04:56:29,092 - INFO - HTTP Request: POST http://localhost:8006/v1/chat/completions "HTTP/1.1 200 OK"

2026-08-18 04:56:35,616 - INFO - HTTP Request: POST http://localhost:8006/v1/chat/completions "HTTP/1.1 200 OK"

2026-08-18 04:56:50,815 - INFO - HTTP Request: POST http://localhost:8006/v1/chat/completions "HTTP/1.1 200 OK"
2026-08-18 04:56:55,916 - INFO - HTTP Request: POST http://localhost:8006/v1/chat/completions "HTTP/1.1 200 OK"
2026-08-18 04:57:02,590 - INFO - HTTP Request: POST http://localhost:8006/v1/chat/completions "HTTP/1.1 200 OK"

2026-08-18 04:57:02,592 - INFO - HTTP Request: POST http://localhost:8006/v1/chat/completions "HTTP/1.1 200 OK"
r5_cfg6:  50%|█████     | 25/50 [40:44<53:08, 127.52s/it]2026-08-18 04:57:09,344 - INFO - HTTP Request: POST http://localhost:8006/v1/chat/completions "HTTP/1.1 200 OK"
2026-08-18 04:57:11,598 - INFO - HTTP Request: POST http://localhost:8006/v1/chat/completions "HTTP/1.1 200 OK"

r5_cfg6:  52%|█████▏    | 26/50 [40:53<38:06, 95.28s/it] 2026-08-18 04:57:15,078 - INFO - HTTP Request: POST http://localhost:8006/v1/chat/completions "HTTP/1.1 200 OK"

r5_cfg6:  54%|█████▍    | 27/50 [40:56<26:40, 69.59s/it]2026-08-18 04:57:18,987 - INFO - HTTP Request: POST http://localhost:8006/v1/chat/completions "HTTP/1.1 200 OK"

r5_cfg6:  56%|█████▌    | 28/50 [41:00<18:38, 50.83s/it]2026-08-18 04:57:24,628 - INFO - HTTP Request: POST http://localhost:8006/v1/chat/completions "HTTP/1.1 200 OK"
2026-08-18 04:57:32,761 - INFO - HTTP Request: POST http://localhost:8006/v1/chat/completions "HTTP/1.1 200 OK"

2026-08-18 04:57:33,847 - INFO - HTTP Request: POST http://localhost:8006/v1/chat/completions "HTTP/1.1 200 OK"
2026-08-18 04:57:37,469 - INFO - HTTP Request: POST http://localhost:8006/v1/chat/completions "HTTP/1.1 200 OK"
2026-08-18 04:57:41,700 - INFO - HTTP Request: POST http://localhost:8006/v1/chat/completions "HTTP/1.1 200 OK"
2026-08-18 04:57:47,020 - INFO - HTTP Request: POST http://localhost:8006/v1/chat/completions "HTTP/1.1 200 OK"

2026-08-18 04:57:51,157 - INFO - HTTP Request: POST http://localhost:8006/v1/chat/completions "HTTP/1.1 200 OK"

2026-08-18 04:57:52,463 - INFO - HTTP Request: POST http://localhost:8006/v1/chat/completions "HTTP/1.1 200 OK"

2026-08-18 04:57:59,403 - INFO - HTTP Request: POST http://localhost:8006/v1/chat/completions "HTTP/1.1 200 OK"
2026-08-18 04:58:13,521 - INFO - HTTP Request: POST http://localhost:8006/v1/chat/completions "HTTP/1.1 200 OK"
2026-08-18 04:58:16,782 - INFO - HTTP Request: POST http://localhost:8006/v1/chat/completions "HTTP/1.1 200 OK"

2026-08-18 04:58:17,870 - INFO - HTTP Request: POST http://localhost:8006/v1/chat/completions "HTTP/1.1 200 OK"
2026-08-18 04:58:19,547 - INFO - HTTP Request: POST http://localhost:8006/v1/chat/completions "HTTP/1.1 200 OK"
2026-08-18 04:58:24,434 - INFO - HTTP Request: POST http://localhost:8006/v1/chat/completions "HTTP/1.1 200 OK"

2026-08-18 04:58:34,883 - INFO - HTTP Request: POST http://localhost:8006/v1/chat/completions "HTTP/1.1 200 OK"

2026-08-18 04:58:37,493 - INFO - HTTP Request: POST http://localhost:8006/v1/chat/completions "HTTP/1.1 200 OK"

2026-08-18 04:58:41,833 - INFO - HTTP Request: POST http://localhost:8006/v1/chat/completions "HTTP/1.1 200 OK"
2026-08-18 04:58:48,013 - INFO - HTTP Request: POST http://localhost:8006/v1/chat/completions "HTTP/1.1 200 OK"
2026-08-18 04:58:53,665 - INFO - HTTP Request: POST http://localhost:8006/v1/chat/completions "HTTP/1.1 200 OK"

2026-08-18 04:58:59,320 - INFO - HTTP Request: POST http://localhost:8006/v1/chat/completions "HTTP/1.1 200 OK"

2026-08-18 04:58:59,754 - INFO - HTTP Request: POST http://localhost:8006/v1/chat/completions "HTTP/1.1 200 OK"
2026-08-18 04:59:02,689 - INFO - HTTP Request: POST http://localhost:8006/v1/chat/completions "HTTP/1.1 200 OK"
2026-08-18 04:59:14,097 - INFO - HTTP Request: POST http://localhost:8006/v1/chat/completions "HTTP/1.1 200 OK"

2026-08-18 04:59:16,713 - INFO - HTTP Request: POST http://localhost:8006/v1/chat/completions "HTTP/1.1 200 OK"

2026-08-18 04:59:18,456 - INFO - HTTP Request: POST http://localhost:8006/v1/chat/completions "HTTP/1.1 200 OK"
2026-08-18 04:59:24,198 - INFO - HTTP Request: POST http://localhost:8006/v1/chat/completions "HTTP/1.1 200 OK"
2026-08-18 04:59:31,305 - INFO - HTTP Request: POST http://localhost:8006/v1/chat/completions "HTTP/1.1 200 OK"

2026-08-18 04:59:36,742 - INFO - HTTP Request: POST http://localhost:8006/v1/chat/completions "HTTP/1.1 200 OK"

2026-08-18 04:59:38,702 - INFO - HTTP Request: POST http://localhost:8006/v1/chat/completions "HTTP/1.1 200 OK"
2026-08-18 04:59:41,628 - INFO - HTTP Request: POST http://localhost:8006/v1/chat/completions "HTTP/1.1 200 OK"
2026-08-18 04:59:51,796 - INFO - HTTP Request: POST http://localhost:8006/v1/chat/completions "HTTP/1.1 200 OK"
2026-08-18 04:59:51,797 - INFO - HTTP Request: POST http://localhost:8006/v1/chat/completions "HTTP/1.1 200 OK"

2026-08-18 04:59:55,157 - INFO - HTTP Request: POST http://localhost:8006/v1/chat/completions "HTTP/1.1 200 OK"

2026-08-18 04:59:57,555 - INFO - HTTP Request: POST http://localhost:8006/v1/chat/completions "HTTP/1.1 200 OK"
2026-08-18 05:00:04,725 - INFO - HTTP Request: POST http://localhost:8006/v1/chat/completions "HTTP/1.1 200 OK"

2026-08-18 05:00:08,419 - INFO - HTTP Request: POST http://localhost:8006/v1/chat/completions "HTTP/1.1 200 OK"

2026-08-18 05:00:12,109 - INFO - HTTP Request: POST http://localhost:8006/v1/chat/completions "HTTP/1.1 200 OK"
2026-08-18 05:00:15,470 - INFO - HTTP Request: POST http://localhost:8006/v1/chat/completions "HTTP/1.1 200 OK"
2026-08-18 05:00:25,360 - INFO - HTTP Request: POST http://localhost:8006/v1/chat/completions "HTTP/1.1 200 OK"

2026-08-18 05:00:27,970 - INFO - HTTP Request: POST http://localhost:8006/v1/chat/completions "HTTP/1.1 200 OK"

2026-08-18 05:00:34,046 - INFO - HTTP Request: POST http://localhost:8006/v1/chat/completions "HTTP/1.1 200 OK"
2026-08-18 05:00:38,051 - INFO - HTTP Request: POST http://localhost:8006/v1/chat/completions "HTTP/1.1 200 OK"
2026-08-18 05:00:46,028 - INFO - HTTP Request: POST http://localhost:8006/v1/chat/completions "HTTP/1.1 200 OK"

2026-08-18 05:00:47,983 - INFO - HTTP Request: POST http://localhost:8006/v1/chat/completions "HTTP/1.1 200 OK"

2026-08-18 05:00:54,497 - INFO - HTTP Request: POST http://localhost:8006/v1/chat/completions "HTTP/1.1 200 OK"
2026-08-18 05:00:57,421 - INFO - HTTP Request: POST http://localhost:8006/v1/chat/completions "HTTP/1.1 200 OK"
2026-08-18 05:01:06,648 - INFO - HTTP Request: POST http://localhost:8006/v1/chat/completions "HTTP/1.1 200 OK"
2026-08-18 05:01:08,272 - INFO - HTTP Request: POST http://localhost:8006/v1/chat/completions "HTTP/1.1 200 OK"

2026-08-18 05:01:08,929 - INFO - HTTP Request: POST http://localhost:8006/v1/chat/completions "HTTP/1.1 200 OK"
2026-08-18 05:01:09,799 - INFO - HTTP Request: POST http://localhost:8006/v1/chat/completions "HTTP/1.1 200 OK"

2026-08-18 05:01:20,457 - INFO - HTTP Request: POST http://localhost:8006/v1/chat/completions "HTTP/1.1 200 OK"

2026-08-18 05:01:23,500 - INFO - HTTP Request: POST http://localhost:8006/v1/chat/completions "HTTP/1.1 200 OK"

2026-08-18 05:01:28,493 - INFO - HTTP Request: POST http://localhost:8006/v1/chat/completions "HTTP/1.1 200 OK"
2026-08-18 05:01:30,118 - INFO - HTTP Request: POST http://localhost:8006/v1/chat/completions "HTTP/1.1 200 OK"
2026-08-18 05:01:42,848 - INFO - HTTP Request: POST http://localhost:8006/v1/chat/completions "HTTP/1.1 200 OK"

2026-08-18 05:01:46,112 - INFO - HTTP Request: POST http://localhost:8006/v1/chat/completions "HTTP/1.1 200 OK"

2026-08-18 05:01:50,239 - INFO - HTTP Request: POST http://localhost:8006/v1/chat/completions "HTTP/1.1 200 OK"
2026-08-18 05:01:53,600 - INFO - HTTP Request: POST http://localhost:8006/v1/chat/completions "HTTP/1.1 200 OK"
2026-08-18 05:02:00,777 - INFO - HTTP Request: POST http://localhost:8006/v1/chat/completions "HTTP/1.1 200 OK"

2026-08-18 05:02:04,045 - INFO - HTTP Request: POST http://localhost:8006/v1/chat/completions "HTTP/1.1 200 OK"

2026-08-18 05:02:12,520 - INFO - HTTP Request: POST http://localhost:8006/v1/chat/completions "HTTP/1.1 200 OK"
2026-08-18 05:02:16,098 - INFO - HTTP Request: POST http://localhost:8006/v1/chat/completions "HTTP/1.1 200 OK"
2026-08-18 05:02:22,075 - INFO - HTTP Request: POST http://localhost:8006/v1/chat/completions "HTTP/1.1 200 OK"

2026-08-18 05:02:33,606 - INFO - HTTP Request: POST http://localhost:8006/v1/chat/completions "HTTP/1.1 200 OK"

2026-08-18 05:02:34,040 - INFO - HTTP Request: POST http://localhost:8006/v1/chat/completions "HTTP/1.1 200 OK"
2026-08-18 05:02:36,319 - INFO - HTTP Request: POST http://localhost:8006/v1/chat/completions "HTTP/1.1 200 OK"
2026-08-18 05:02:47,788 - INFO - HTTP Request: POST http://localhost:8006/v1/chat/completions "HTTP/1.1 200 OK"

r5_cfg6:  58%|█████▊    | 29/50 [46:29<45:58, 131.38s/it]2026-08-18 05:02:49,311 - INFO - HTTP Request: POST http://localhost:8006/v1/chat/completions "HTTP/1.1 200 OK"

r5_cfg6:  60%|██████    | 30/50 [46:30<31:07, 93.36s/it] 2026-08-18 05:02:55,824 - INFO - HTTP Request: POST http://localhost:8006/v1/chat/completions "HTTP/1.1 200 OK"
2026-08-18 05:03:07,010 - INFO - HTTP Request: POST http://localhost:8006/v1/chat/completions "HTTP/1.1 200 OK"
2026-08-18 05:03:10,376 - INFO - HTTP Request: POST http://localhost:8006/v1/chat/completions "HTTP/1.1 200 OK"
2026-08-18 05:03:10,593 - INFO - HTTP Request: POST http://localhost:8006/v1/chat/completions "HTTP/1.1 200 OK"

r5_cfg6:  62%|██████▏   | 31/50 [46:52<22:49, 72.10s/it]2026-08-18 05:03:12,218 - INFO - HTTP Request: POST http://localhost:8006/v1/chat/completions "HTTP/1.1 200 OK"
2026-08-18 05:03:20,817 - INFO - HTTP Request: POST http://localhost:8006/v1/chat/completions "HTTP/1.1 200 OK"

2026-08-18 05:03:25,608 - INFO - HTTP Request: POST http://localhost:8006/v1/chat/completions "HTTP/1.1 200 OK"

2026-08-18 05:03:31,044 - INFO - HTTP Request: POST http://localhost:8006/v1/chat/completions "HTTP/1.1 200 OK"

r5_cfg6:  64%|██████▍   | 32/50 [47:12<17:02, 56.79s/it]2026-08-18 05:03:32,781 - INFO - HTTP Request: POST http://localhost:8006/v1/chat/completions "HTTP/1.1 200 OK"
2026-08-18 05:03:45,958 - INFO - HTTP Request: POST http://localhost:8006/v1/chat/completions "HTTP/1.1 200 OK"

2026-08-18 05:03:47,043 - INFO - HTTP Request: POST http://localhost:8006/v1/chat/completions "HTTP/1.1 200 OK"
2026-08-18 05:03:52,140 - INFO - HTTP Request: POST http://localhost:8006/v1/chat/completions "HTTP/1.1 200 OK"
2026-08-18 05:03:53,816 - INFO - HTTP Request: POST http://localhost:8006/v1/chat/completions "HTTP/1.1 200 OK"
2026-08-18 05:04:02,466 - INFO - HTTP Request: POST http://localhost:8006/v1/chat/completions "HTTP/1.1 200 OK"

2026-08-18 05:04:03,122 - INFO - HTTP Request: POST http://localhost:8006/v1/chat/completions "HTTP/1.1 200 OK"

2026-08-18 05:04:11,162 - INFO - HTTP Request: POST http://localhost:8006/v1/chat/completions "HTTP/1.1 200 OK"

2026-08-18 05:04:13,117 - INFO - HTTP Request: POST http://localhost:8006/v1/chat/completions "HTTP/1.1 200 OK"
2026-08-18 05:04:24,993 - INFO - HTTP Request: POST http://localhost:8006/v1/chat/completions "HTTP/1.1 200 OK"

2026-08-18 05:04:26,947 - INFO - HTTP Request: POST http://localhost:8006/v1/chat/completions "HTTP/1.1 200 OK"
2026-08-18 05:04:27,914 - INFO - HTTP Request: POST http://localhost:8006/v1/chat/completions "HTTP/1.1 200 OK"
2026-08-18 05:04:38,024 - INFO - HTTP Request: POST http://localhost:8006/v1/chat/completions "HTTP/1.1 200 OK"
2026-08-18 05:04:38,242 - INFO - HTTP Request: POST http://localhost:8006/v1/chat/completions "HTTP/1.1 200 OK"

2026-08-18 05:04:41,890 - INFO - HTTP Request: POST http://localhost:8006/v1/chat/completions "HTTP/1.1 200 OK"

2026-08-18 05:04:50,375 - INFO - HTTP Request: POST http://localhost:8006/v1/chat/completions "HTTP/1.1 200 OK"
2026-08-18 05:04:54,217 - INFO - HTTP Request: POST http://localhost:8006/v1/chat/completions "HTTP/1.1 200 OK"

2026-08-18 05:05:00,950 - INFO - HTTP Request: POST http://localhost:8006/v1/chat/completions "HTTP/1.1 200 OK"

2026-08-18 05:05:02,911 - INFO - HTTP Request: POST http://localhost:8006/v1/chat/completions "HTTP/1.1 200 OK"
2026-08-18 05:05:05,836 - INFO - HTTP Request: POST http://localhost:8006/v1/chat/completions "HTTP/1.1 200 OK"
2026-08-18 05:05:15,285 - INFO - HTTP Request: POST http://localhost:8006/v1/chat/completions "HTTP/1.1 200 OK"

2026-08-18 05:05:19,207 - INFO - HTTP Request: POST http://localhost:8006/v1/chat/completions "HTTP/1.1 200 OK"
2026-08-18 05:05:21,320 - INFO - HTTP Request: POST http://localhost:8006/v1/chat/completions "HTTP/1.1 200 OK"

2026-08-18 05:05:25,893 - INFO - HTTP Request: POST http://localhost:8006/v1/chat/completions "HTTP/1.1 200 OK"
2026-08-18 05:05:33,646 - INFO - HTTP Request: POST http://localhost:8006/v1/chat/completions "HTTP/1.1 200 OK"

2026-08-18 05:05:35,611 - INFO - HTTP Request: POST http://localhost:8006/v1/chat/completions "HTTP/1.1 200 OK"
2026-08-18 05:05:37,674 - INFO - HTTP Request: POST http://localhost:8006/v1/chat/completions "HTTP/1.1 200 OK"

2026-08-18 05:05:41,158 - INFO - HTTP Request: POST http://localhost:8006/v1/chat/completions "HTTP/1.1 200 OK"
2026-08-18 05:05:44,853 - INFO - HTTP Request: POST http://localhost:8006/v1/chat/completions "HTTP/1.1 200 OK"

2026-08-18 05:05:53,765 - INFO - HTTP Request: POST http://localhost:8006/v1/chat/completions "HTTP/1.1 200 OK"
2026-08-18 05:05:54,780 - INFO - HTTP Request: POST http://localhost:8006/v1/chat/completions "HTTP/1.1 200 OK"

2026-08-18 05:06:02,381 - INFO - HTTP Request: POST http://localhost:8006/v1/chat/completions "HTTP/1.1 200 OK"
2026-08-18 05:06:06,230 - INFO - HTTP Request: POST http://localhost:8006/v1/chat/completions "HTTP/1.1 200 OK"

2026-08-18 05:06:14,056 - INFO - HTTP Request: POST http://localhost:8006/v1/chat/completions "HTTP/1.1 200 OK"
2026-08-18 05:06:15,245 - INFO - HTTP Request: POST http://localhost:8006/v1/chat/completions "HTTP/1.1 200 OK"

2026-08-18 05:06:24,167 - INFO - HTTP Request: POST http://localhost:8006/v1/chat/completions "HTTP/1.1 200 OK"
2026-08-18 05:06:29,702 - INFO - HTTP Request: POST http://localhost:8006/v1/chat/completions "HTTP/1.1 200 OK"

2026-08-18 05:06:35,357 - INFO - HTTP Request: POST http://localhost:8006/v1/chat/completions "HTTP/1.1 200 OK"
2026-08-18 05:06:35,574 - INFO - HTTP Request: POST http://localhost:8006/v1/chat/completions "HTTP/1.1 200 OK"
2026-08-18 05:06:38,483 - INFO - HTTP Request: POST http://localhost:8006/v1/chat/completions "HTTP/1.1 200 OK"

2026-08-18 05:06:44,576 - INFO - HTTP Request: POST http://localhost:8006/v1/chat/completions "HTTP/1.1 200 OK"

2026-08-18 05:06:49,142 - INFO - HTTP Request: POST http://localhost:8006/v1/chat/completions "HTTP/1.1 200 OK"

2026-08-18 05:06:50,229 - INFO - HTTP Request: POST http://localhost:8006/v1/chat/completions "HTTP/1.1 200 OK"
2026-08-18 05:06:58,859 - INFO - HTTP Request: POST http://localhost:8006/v1/chat/completions "HTTP/1.1 200 OK"
2026-08-18 05:07:01,353 - INFO - HTTP Request: POST http://localhost:8006/v1/chat/completions "HTTP/1.1 200 OK"

2026-08-18 05:07:05,270 - INFO - HTTP Request: POST http://localhost:8006/v1/chat/completions "HTTP/1.1 200 OK"
2026-08-18 05:07:13,032 - INFO - HTTP Request: POST http://localhost:8006/v1/chat/completions "HTTP/1.1 200 OK"

2026-08-18 05:07:15,208 - INFO - HTTP Request: POST http://localhost:8006/v1/chat/completions "HTTP/1.1 200 OK"

2026-08-18 05:07:18,684 - INFO - HTTP Request: POST http://localhost:8006/v1/chat/completions "HTTP/1.1 200 OK"
2026-08-18 05:07:27,698 - INFO - HTTP Request: POST http://localhost:8006/v1/chat/completions "HTTP/1.1 200 OK"

2026-08-18 05:07:30,955 - INFO - HTTP Request: POST http://localhost:8006/v1/chat/completions "HTTP/1.1 200 OK"
2026-08-18 05:07:41,061 - INFO - HTTP Request: POST http://localhost:8006/v1/chat/completions "HTTP/1.1 200 OK"

2026-08-18 05:07:42,807 - INFO - HTTP Request: POST http://localhost:8006/v1/chat/completions "HTTP/1.1 200 OK"
2026-08-18 05:07:45,297 - INFO - HTTP Request: POST http://localhost:8006/v1/chat/completions "HTTP/1.1 200 OK"
2026-08-18 05:07:48,487 - INFO - HTTP Request: POST http://localhost:8006/v1/chat/completions "HTTP/1.1 200 OK"
2026-08-18 05:07:58,011 - INFO - HTTP Request: POST http://localhost:8006/v1/chat/completions "HTTP/1.1 200 OK"

2026-08-18 05:08:00,199 - INFO - HTTP Request: POST http://localhost:8006/v1/chat/completions "HTTP/1.1 200 OK"

2026-08-18 05:08:03,033 - INFO - HTTP Request: POST http://localhost:8006/v1/chat/completions "HTTP/1.1 200 OK"

2026-08-18 05:08:14,538 - INFO - HTTP Request: POST http://localhost:8006/v1/chat/completions "HTTP/1.1 200 OK"
2026-08-18 05:08:25,734 - INFO - HTTP Request: POST http://localhost:8006/v1/chat/completions "HTTP/1.1 200 OK"

r5_cfg6:  66%|██████▌   | 33/50 [52:07<36:08, 127.56s/it]2026-08-18 05:08:31,381 - INFO - HTTP Request: POST http://localhost:8006/v1/chat/completions "HTTP/1.1 200 OK"
2026-08-18 05:08:32,785 - INFO - HTTP Request: POST http://localhost:8006/v1/chat/completions "HTTP/1.1 200 OK"
2026-08-18 05:08:33,816 - INFO - HTTP Request: POST http://localhost:8006/v1/chat/completions "HTTP/1.1 200 OK"
2026-08-18 05:08:44,854 - INFO - HTTP Request: POST http://localhost:8006/v1/chat/completions "HTTP/1.1 200 OK"

r5_cfg6:  68%|██████▊   | 34/50 [52:26<25:23, 95.22s/it] 2026-08-18 05:08:48,123 - INFO - HTTP Request: POST http://localhost:8006/v1/chat/completions "HTTP/1.1 200 OK"

2026-08-18 05:08:48,124 - INFO - HTTP Request: POST http://localhost:8006/v1/chat/completions "HTTP/1.1 200 OK"
r5_cfg6:  70%|███████   | 35/50 [52:29<16:56, 67.75s/it]2026-08-18 05:08:48,558 - INFO - HTTP Request: POST http://localhost:8006/v1/chat/completions "HTTP/1.1 200 OK"

2026-08-18 05:09:01,305 - INFO - HTTP Request: POST http://localhost:8006/v1/chat/completions "HTTP/1.1 200 OK"

2026-08-18 05:09:06,949 - INFO - HTTP Request: POST http://localhost:8006/v1/chat/completions "HTTP/1.1 200 OK"
2026-08-18 05:09:10,529 - INFO - HTTP Request: POST http://localhost:8006/v1/chat/completions "HTTP/1.1 200 OK"
2026-08-18 05:09:18,080 - INFO - HTTP Request: POST http://localhost:8006/v1/chat/completions "HTTP/1.1 200 OK"

2026-08-18 05:09:21,996 - INFO - HTTP Request: POST http://localhost:8006/v1/chat/completions "HTTP/1.1 200 OK"
2026-08-18 05:09:27,591 - INFO - HTTP Request: POST http://localhost:8006/v1/chat/completions "HTTP/1.1 200 OK"

2026-08-18 05:09:28,463 - INFO - HTTP Request: POST http://localhost:8006/v1/chat/completions "HTTP/1.1 200 OK"
2026-08-18 05:09:38,471 - INFO - HTTP Request: POST http://localhost:8006/v1/chat/completions "HTTP/1.1 200 OK"

r5_cfg6:  72%|███████▏  | 36/50 [53:20<14:35, 62.54s/it]2026-08-18 05:09:43,036 - INFO - HTTP Request: POST http://localhost:8006/v1/chat/completions "HTTP/1.1 200 OK"

2026-08-18 05:09:44,772 - INFO - HTTP Request: POST http://localhost:8006/v1/chat/completions "HTTP/1.1 200 OK"
2026-08-18 05:09:54,272 - INFO - HTTP Request: POST http://localhost:8006/v1/chat/completions "HTTP/1.1 200 OK"
2026-08-18 05:10:00,903 - INFO - HTTP Request: POST http://localhost:8006/v1/chat/completions "HTTP/1.1 200 OK"
2026-08-18 05:10:02,282 - INFO - HTTP Request: POST http://localhost:8006/v1/chat/completions "HTTP/1.1 200 OK"

2026-08-18 05:10:08,154 - INFO - HTTP Request: POST http://localhost:8006/v1/chat/completions "HTTP/1.1 200 OK"
2026-08-18 05:10:09,240 - INFO - HTTP Request: POST http://localhost:8006/v1/chat/completions "HTTP/1.1 200 OK"

2026-08-18 05:10:10,330 - INFO - HTTP Request: POST http://localhost:8006/v1/chat/completions "HTTP/1.1 200 OK"

2026-08-18 05:10:20,539 - INFO - HTTP Request: POST http://localhost:8006/v1/chat/completions "HTTP/1.1 200 OK"

2026-08-18 05:10:26,840 - INFO - HTTP Request: POST http://localhost:8006/v1/chat/completions "HTTP/1.1 200 OK"
2026-08-18 05:10:35,038 - INFO - HTTP Request: POST http://localhost:8006/v1/chat/completions "HTTP/1.1 200 OK"
2026-08-18 05:10:36,062 - INFO - HTTP Request: POST http://localhost:8006/v1/chat/completions "HTTP/1.1 200 OK"
2026-08-18 05:10:38,745 - INFO - HTTP Request: POST http://localhost:8006/v1/chat/completions "HTTP/1.1 200 OK"

2026-08-18 05:10:45,495 - INFO - HTTP Request: POST http://localhost:8006/v1/chat/completions "HTTP/1.1 200 OK"
2026-08-18 05:10:48,472 - INFO - HTTP Request: POST http://localhost:8006/v1/chat/completions "HTTP/1.1 200 OK"

2026-08-18 05:10:48,689 - INFO - HTTP Request: POST http://localhost:8006/v1/chat/completions "HTTP/1.1 200 OK"

2026-08-18 05:10:57,813 - INFO - HTTP Request: POST http://localhost:8006/v1/chat/completions "HTTP/1.1 200 OK"

2026-08-18 05:11:02,813 - INFO - HTTP Request: POST http://localhost:8006/v1/chat/completions "HTTP/1.1 200 OK"
2026-08-18 05:11:12,914 - INFO - HTTP Request: POST http://localhost:8006/v1/chat/completions "HTTP/1.1 200 OK"
2026-08-18 05:11:13,634 - INFO - HTTP Request: POST http://localhost:8006/v1/chat/completions "HTTP/1.1 200 OK"
2026-08-18 05:11:15,699 - INFO - HTTP Request: POST http://localhost:8006/v1/chat/completions "HTTP/1.1 200 OK"

2026-08-18 05:11:17,882 - INFO - HTTP Request: POST http://localhost:8006/v1/chat/completions "HTTP/1.1 200 OK"
2026-08-18 05:11:23,760 - INFO - HTTP Request: POST http://localhost:8006/v1/chat/completions "HTTP/1.1 200 OK"

2026-08-18 05:11:25,727 - INFO - HTTP Request: POST http://localhost:8006/v1/chat/completions "HTTP/1.1 200 OK"

2026-08-18 05:11:31,165 - INFO - HTTP Request: POST http://localhost:8006/v1/chat/completions "HTTP/1.1 200 OK"

2026-08-18 05:11:35,723 - INFO - HTTP Request: POST http://localhost:8006/v1/chat/completions "HTTP/1.1 200 OK"
2026-08-18 05:11:45,874 - INFO - HTTP Request: POST http://localhost:8006/v1/chat/completions "HTTP/1.1 200 OK"
2026-08-18 05:11:48,420 - INFO - HTTP Request: POST http://localhost:8006/v1/chat/completions "HTTP/1.1 200 OK"
2026-08-18 05:11:48,638 - INFO - HTTP Request: POST http://localhost:8006/v1/chat/completions "HTTP/1.1 200 OK"

2026-08-18 05:11:55,882 - INFO - HTTP Request: POST http://localhost:8006/v1/chat/completions "HTTP/1.1 200 OK"

2026-08-18 05:11:56,317 - INFO - HTTP Request: POST http://localhost:8006/v1/chat/completions "HTTP/1.1 200 OK"

2026-08-18 05:12:00,668 - INFO - HTTP Request: POST http://localhost:8006/v1/chat/completions "HTTP/1.1 200 OK"
2026-08-18 05:12:13,850 - INFO - HTTP Request: POST http://localhost:8006/v1/chat/completions "HTTP/1.1 200 OK"

2026-08-18 05:12:15,805 - INFO - HTTP Request: POST http://localhost:8006/v1/chat/completions "HTTP/1.1 200 OK"
2026-08-18 05:12:17,613 - INFO - HTTP Request: POST http://localhost:8006/v1/chat/completions "HTTP/1.1 200 OK"
2026-08-18 05:12:25,546 - INFO - HTTP Request: POST http://localhost:8006/v1/chat/completions "HTTP/1.1 200 OK"
2026-08-18 05:12:26,519 - INFO - HTTP Request: POST http://localhost:8006/v1/chat/completions "HTTP/1.1 200 OK"

2026-08-18 05:12:31,089 - INFO - HTTP Request: POST http://localhost:8006/v1/chat/completions "HTTP/1.1 200 OK"

2026-08-18 05:12:34,570 - INFO - HTTP Request: POST http://localhost:8006/v1/chat/completions "HTTP/1.1 200 OK"
2026-08-18 05:12:39,356 - INFO - HTTP Request: POST http://localhost:8006/v1/chat/completions "HTTP/1.1 200 OK"

2026-08-18 05:12:47,616 - INFO - HTTP Request: POST http://localhost:8006/v1/chat/completions "HTTP/1.1 200 OK"

2026-08-18 05:12:51,307 - INFO - HTTP Request: POST http://localhost:8006/v1/chat/completions "HTTP/1.1 200 OK"
2026-08-18 05:12:55,811 - INFO - HTTP Request: POST http://localhost:8006/v1/chat/completions "HTTP/1.1 200 OK"
2026-08-18 05:12:59,795 - INFO - HTTP Request: POST http://localhost:8006/v1/chat/completions "HTTP/1.1 200 OK"
2026-08-18 05:13:04,089 - INFO - HTTP Request: POST http://localhost:8006/v1/chat/completions "HTTP/1.1 200 OK"

2026-08-18 05:13:07,572 - INFO - HTTP Request: POST http://localhost:8006/v1/chat/completions "HTTP/1.1 200 OK"

2026-08-18 05:13:15,838 - INFO - HTTP Request: POST http://localhost:8006/v1/chat/completions "HTTP/1.1 200 OK"

2026-08-18 05:13:17,576 - INFO - HTTP Request: POST http://localhost:8006/v1/chat/completions "HTTP/1.1 200 OK"
2026-08-18 05:13:27,789 - INFO - HTTP Request: POST http://localhost:8006/v1/chat/completions "HTTP/1.1 200 OK"
2026-08-18 05:13:32,864 - INFO - HTTP Request: POST http://localhost:8006/v1/chat/completions "HTTP/1.1 200 OK"

2026-08-18 05:13:33,525 - INFO - HTTP Request: POST http://localhost:8006/v1/chat/completions "HTTP/1.1 200 OK"
2026-08-18 05:13:39,989 - INFO - HTTP Request: POST http://localhost:8006/v1/chat/completions "HTTP/1.1 200 OK"

2026-08-18 05:13:45,649 - INFO - HTTP Request: POST http://localhost:8006/v1/chat/completions "HTTP/1.1 200 OK"
2026-08-18 05:13:51,244 - INFO - HTTP Request: POST http://localhost:8006/v1/chat/completions "HTTP/1.1 200 OK"

2026-08-18 05:14:02,131 - INFO - HTTP Request: POST http://localhost:8006/v1/chat/completions "HTTP/1.1 200 OK"

2026-08-18 05:14:06,049 - INFO - HTTP Request: POST http://localhost:8006/v1/chat/completions "HTTP/1.1 200 OK"
2026-08-18 05:14:09,742 - INFO - HTTP Request: POST http://localhost:8006/v1/chat/completions "HTTP/1.1 200 OK"
2026-08-18 05:14:17,645 - INFO - HTTP Request: POST http://localhost:8006/v1/chat/completions "HTTP/1.1 200 OK"

r5_cfg6:  74%|███████▍  | 37/50 [57:59<27:36, 127.40s/it]2026-08-18 05:14:18,950 - INFO - HTTP Request: POST http://localhost:8006/v1/chat/completions "HTTP/1.1 200 OK"

2026-08-18 05:14:24,603 - INFO - HTTP Request: POST http://localhost:8006/v1/chat/completions "HTTP/1.1 200 OK"
2026-08-18 05:14:35,412 - INFO - HTTP Request: POST http://localhost:8006/v1/chat/completions "HTTP/1.1 200 OK"
2026-08-18 05:14:39,266 - INFO - HTTP Request: POST http://localhost:8006/v1/chat/completions "HTTP/1.1 200 OK"

r5_cfg6:  76%|███████▌  | 38/50 [58:20<19:08, 95.71s/it] 2026-08-18 05:14:40,354 - INFO - HTTP Request: POST http://localhost:8006/v1/chat/completions "HTTP/1.1 200 OK"
2026-08-18 05:14:47,635 - INFO - HTTP Request: POST http://localhost:8006/v1/chat/completions "HTTP/1.1 200 OK"

r5_cfg6:  78%|███████▊  | 39/50 [58:29<12:44, 69.54s/it]2026-08-18 05:14:53,071 - INFO - HTTP Request: POST http://localhost:8006/v1/chat/completions "HTTP/1.1 200 OK"
2026-08-18 05:14:53,288 - INFO - HTTP Request: POST http://localhost:8006/v1/chat/completions "HTTP/1.1 200 OK"

2026-08-18 05:15:01,829 - INFO - HTTP Request: POST http://localhost:8006/v1/chat/completions "HTTP/1.1 200 OK"
2026-08-18 05:15:02,558 - INFO - HTTP Request: POST http://localhost:8006/v1/chat/completions "HTTP/1.1 200 OK"

r5_cfg6:  80%|████████  | 40/50 [58:44<08:51, 53.16s/it]2026-08-18 05:15:10,022 - INFO - HTTP Request: POST http://localhost:8006/v1/chat/completions "HTTP/1.1 200 OK"
2026-08-18 05:15:15,347 - INFO - HTTP Request: POST http://localhost:8006/v1/chat/completions "HTTP/1.1 200 OK"

2026-08-18 05:15:20,131 - INFO - HTTP Request: POST http://localhost:8006/v1/chat/completions "HTTP/1.1 200 OK"
2026-08-18 05:15:24,149 - INFO - HTTP Request: POST http://localhost:8006/v1/chat/completions "HTTP/1.1 200 OK"

2026-08-18 05:15:25,239 - INFO - HTTP Request: POST http://localhost:8006/v1/chat/completions "HTTP/1.1 200 OK"
2026-08-18 05:15:33,384 - INFO - HTTP Request: POST http://localhost:8006/v1/chat/completions "HTTP/1.1 200 OK"

2026-08-18 05:15:37,514 - INFO - HTTP Request: POST http://localhost:8006/v1/chat/completions "HTTP/1.1 200 OK"

2026-08-18 05:15:42,072 - INFO - HTTP Request: POST http://localhost:8006/v1/chat/completions "HTTP/1.1 200 OK"
2026-08-18 05:15:50,920 - INFO - HTTP Request: POST http://localhost:8006/v1/chat/completions "HTTP/1.1 200 OK"
2026-08-18 05:15:54,991 - INFO - HTTP Request: POST http://localhost:8006/v1/chat/completions "HTTP/1.1 200 OK"

2026-08-18 05:15:58,470 - INFO - HTTP Request: POST http://localhost:8006/v1/chat/completions "HTTP/1.1 200 OK"
2026-08-18 05:16:04,665 - INFO - HTTP Request: POST http://localhost:8006/v1/chat/completions "HTTP/1.1 200 OK"
2026-08-18 05:16:07,599 - INFO - HTTP Request: POST http://localhost:8006/v1/chat/completions "HTTP/1.1 200 OK"

2026-08-18 05:16:13,044 - INFO - HTTP Request: POST http://localhost:8006/v1/chat/completions "HTTP/1.1 200 OK"

2026-08-18 05:16:14,577 - INFO - HTTP Request: POST http://localhost:8006/v1/chat/completions "HTTP/1.1 200 OK"

2026-08-18 05:16:20,001 - INFO - HTTP Request: POST http://localhost:8006/v1/chat/completions "HTTP/1.1 200 OK"
2026-08-18 05:16:31,242 - INFO - HTTP Request: POST http://localhost:8006/v1/chat/completions "HTTP/1.1 200 OK"
2026-08-18 05:16:37,988 - INFO - HTTP Request: POST http://localhost:8006/v1/chat/completions "HTTP/1.1 200 OK"
2026-08-18 05:16:38,956 - INFO - HTTP Request: POST http://localhost:8006/v1/chat/completions "HTTP/1.1 200 OK"

2026-08-18 05:16:40,055 - INFO - HTTP Request: POST http://localhost:8006/v1/chat/completions "HTTP/1.1 200 OK"
2026-08-18 05:16:47,345 - INFO - HTTP Request: POST http://localhost:8006/v1/chat/completions "HTTP/1.1 200 OK"

2026-08-18 05:16:50,837 - INFO - HTTP Request: POST http://localhost:8006/v1/chat/completions "HTTP/1.1 200 OK"

2026-08-18 05:16:54,106 - INFO - HTTP Request: POST http://localhost:8006/v1/chat/completions "HTTP/1.1 200 OK"

2026-08-18 05:17:03,441 - INFO - HTTP Request: POST http://localhost:8006/v1/chat/completions "HTTP/1.1 200 OK"
2026-08-18 05:17:11,044 - INFO - HTTP Request: POST http://localhost:8006/v1/chat/completions "HTTP/1.1 200 OK"
2026-08-18 05:17:12,233 - INFO - HTTP Request: POST http://localhost:8006/v1/chat/completions "HTTP/1.1 200 OK"
2026-08-18 05:17:16,694 - INFO - HTTP Request: POST http://localhost:8006/v1/chat/completions "HTTP/1.1 200 OK"

2026-08-18 05:17:19,098 - INFO - HTTP Request: POST http://localhost:8006/v1/chat/completions "HTTP/1.1 200 OK"
2026-08-18 05:17:22,027 - INFO - HTTP Request: POST http://localhost:8006/v1/chat/completions "HTTP/1.1 200 OK"

2026-08-18 05:17:25,294 - INFO - HTTP Request: POST http://localhost:8006/v1/chat/completions "HTTP/1.1 200 OK"

2026-08-18 05:17:31,821 - INFO - HTTP Request: POST http://localhost:8006/v1/chat/completions "HTTP/1.1 200 OK"

2026-08-18 05:17:36,819 - INFO - HTTP Request: POST http://localhost:8006/v1/chat/completions "HTTP/1.1 200 OK"
2026-08-18 05:17:45,014 - INFO - HTTP Request: POST http://localhost:8006/v1/chat/completions "HTTP/1.1 200 OK"
2026-08-18 05:17:49,302 - INFO - HTTP Request: POST http://localhost:8006/v1/chat/completions "HTTP/1.1 200 OK"

2026-08-18 05:17:51,479 - INFO - HTTP Request: POST http://localhost:8006/v1/chat/completions "HTTP/1.1 200 OK"
2026-08-18 05:17:52,663 - INFO - HTTP Request: POST http://localhost:8006/v1/chat/completions "HTTP/1.1 200 OK"
2026-08-18 05:17:59,519 - INFO - HTTP Request: POST http://localhost:8006/v1/chat/completions "HTTP/1.1 200 OK"

2026-08-18 05:18:06,270 - INFO - HTTP Request: POST http://localhost:8006/v1/chat/completions "HTTP/1.1 200 OK"

2026-08-18 05:18:06,488 - INFO - HTTP Request: POST http://localhost:8006/v1/chat/completions "HTTP/1.1 200 OK"

2026-08-18 05:18:18,644 - INFO - HTTP Request: POST http://localhost:8006/v1/chat/completions "HTTP/1.1 200 OK"
2026-08-18 05:18:26,572 - INFO - HTTP Request: POST http://localhost:8006/v1/chat/completions "HTTP/1.1 200 OK"
2026-08-18 05:18:28,850 - INFO - HTTP Request: POST http://localhost:8006/v1/chat/completions "HTTP/1.1 200 OK"
2026-08-18 05:18:34,619 - INFO - HTTP Request: POST http://localhost:8006/v1/chat/completions "HTTP/1.1 200 OK"

2026-08-18 05:18:36,146 - INFO - HTTP Request: POST http://localhost:8006/v1/chat/completions "HTTP/1.1 200 OK"
2026-08-18 05:18:40,383 - INFO - HTTP Request: POST http://localhost:8006/v1/chat/completions "HTTP/1.1 200 OK"

2026-08-18 05:18:42,781 - INFO - HTTP Request: POST http://localhost:8006/v1/chat/completions "HTTP/1.1 200 OK"

2026-08-18 05:18:46,477 - INFO - HTTP Request: POST http://localhost:8006/v1/chat/completions "HTTP/1.1 200 OK"

2026-08-18 05:18:54,944 - INFO - HTTP Request: POST http://localhost:8006/v1/chat/completions "HTTP/1.1 200 OK"
2026-08-18 05:19:00,753 - INFO - HTTP Request: POST http://localhost:8006/v1/chat/completions "HTTP/1.1 200 OK"
2026-08-18 05:19:07,218 - INFO - HTTP Request: POST http://localhost:8006/v1/chat/completions "HTTP/1.1 200 OK"
2026-08-18 05:19:08,845 - INFO - HTTP Request: POST http://localhost:8006/v1/chat/completions "HTTP/1.1 200 OK"

2026-08-18 05:19:12,984 - INFO - HTTP Request: POST http://localhost:8006/v1/chat/completions "HTTP/1.1 200 OK"
2026-08-18 05:19:15,485 - INFO - HTTP Request: POST http://localhost:8006/v1/chat/completions "HTTP/1.1 200 OK"

2026-08-18 05:19:22,673 - INFO - HTTP Request: POST http://localhost:8006/v1/chat/completions "HTTP/1.1 200 OK"

2026-08-18 05:19:30,501 - INFO - HTTP Request: POST http://localhost:8006/v1/chat/completions "HTTP/1.1 200 OK"

2026-08-18 05:19:38,324 - INFO - HTTP Request: POST http://localhost:8006/v1/chat/completions "HTTP/1.1 200 OK"
2026-08-18 05:19:45,004 - INFO - HTTP Request: POST http://localhost:8006/v1/chat/completions "HTTP/1.1 200 OK"
2026-08-18 05:19:51,425 - INFO - HTTP Request: POST http://localhost:8006/v1/chat/completions "HTTP/1.1 200 OK"

2026-08-18 05:19:52,524 - INFO - HTTP Request: POST http://localhost:8006/v1/chat/completions "HTTP/1.1 200 OK"
2026-08-18 05:19:58,938 - INFO - HTTP Request: POST http://localhost:8006/v1/chat/completions "HTTP/1.1 200 OK"

2026-08-18 05:20:04,598 - INFO - HTTP Request: POST http://localhost:8006/v1/chat/completions "HTTP/1.1 200 OK"

2026-08-18 05:20:04,601 - INFO - HTTP Request: POST http://localhost:8006/v1/chat/completions "HTTP/1.1 200 OK"
2026-08-18 05:20:16,222 - INFO - HTTP Request: POST http://localhost:8006/v1/chat/completions "HTTP/1.1 200 OK"

r5_cfg6:  82%|████████▏ | 41/50 [1:03:57<19:41, 131.28s/it]2026-08-18 05:20:24,472 - INFO - HTTP Request: POST http://localhost:8006/v1/chat/completions "HTTP/1.1 200 OK"
2026-08-18 05:20:32,239 - INFO - HTTP Request: POST http://localhost:8006/v1/chat/completions "HTTP/1.1 200 OK"
2026-08-18 05:20:36,698 - INFO - HTTP Request: POST http://localhost:8006/v1/chat/completions "HTTP/1.1 200 OK"
2026-08-18 05:20:39,546 - INFO - HTTP Request: POST http://localhost:8006/v1/chat/completions "HTTP/1.1 200 OK"
2026-08-18 05:20:39,765 - INFO - HTTP Request: POST http://localhost:8006/v1/chat/completions "HTTP/1.1 200 OK"

r5_cfg6:  84%|████████▍ | 42/50 [1:04:21<13:11, 98.97s/it] 2026-08-18 05:20:49,887 - INFO - HTTP Request: POST http://localhost:8006/v1/chat/completions "HTTP/1.1 200 OK"

r5_cfg6:  86%|████████▌ | 43/50 [1:04:31<08:26, 72.32s/it]2026-08-18 05:20:52,069 - INFO - HTTP Request: POST http://localhost:8006/v1/chat/completions "HTTP/1.1 200 OK"

2026-08-18 05:20:52,940 - INFO - HTTP Request: POST http://localhost:8006/v1/chat/completions "HTTP/1.1 200 OK"

r5_cfg6:  88%|████████▊ | 44/50 [1:04:34<05:09, 51.54s/it]2026-08-18 05:21:01,833 - INFO - HTTP Request: POST http://localhost:8006/v1/chat/completions "HTTP/1.1 200 OK"
2026-08-18 05:21:11,932 - INFO - HTTP Request: POST http://localhost:8006/v1/chat/completions "HTTP/1.1 200 OK"
2026-08-18 05:21:15,120 - INFO - HTTP Request: POST http://localhost:8006/v1/chat/completions "HTTP/1.1 200 OK"
2026-08-18 05:21:16,280 - INFO - HTTP Request: POST http://localhost:8006/v1/chat/completions "HTTP/1.1 200 OK"

2026-08-18 05:21:18,456 - INFO - HTTP Request: POST http://localhost:8006/v1/chat/completions "HTTP/1.1 200 OK"
2026-08-18 05:21:24,112 - INFO - HTTP Request: POST http://localhost:8006/v1/chat/completions "HTTP/1.1 200 OK"

2026-08-18 05:21:26,291 - INFO - HTTP Request: POST http://localhost:8006/v1/chat/completions "HTTP/1.1 200 OK"

2026-08-18 05:21:32,592 - INFO - HTTP Request: POST http://localhost:8006/v1/chat/completions "HTTP/1.1 200 OK"

2026-08-18 05:21:42,792 - INFO - HTTP Request: POST http://localhost:8006/v1/chat/completions "HTTP/1.1 200 OK"
2026-08-18 05:21:50,502 - INFO - HTTP Request: POST http://localhost:8006/v1/chat/completions "HTTP/1.1 200 OK"
2026-08-18 05:21:52,751 - INFO - HTTP Request: POST http://localhost:8006/v1/chat/completions "HTTP/1.1 200 OK"
2026-08-18 05:21:57,470 - INFO - HTTP Request: POST http://localhost:8006/v1/chat/completions "HTTP/1.1 200 OK"
2026-08-18 05:21:58,204 - INFO - HTTP Request: POST http://localhost:8006/v1/chat/completions "HTTP/1.1 200 OK"

2026-08-18 05:22:04,318 - INFO - HTTP Request: POST http://localhost:8006/v1/chat/completions "HTTP/1.1 200 OK"

2026-08-18 05:22:06,715 - INFO - HTTP Request: POST http://localhost:8006/v1/chat/completions "HTTP/1.1 200 OK"

2026-08-18 05:22:10,413 - INFO - HTTP Request: POST http://localhost:8006/v1/chat/completions "HTTP/1.1 200 OK"

2026-08-18 05:22:22,572 - INFO - HTTP Request: POST http://localhost:8006/v1/chat/completions "HTTP/1.1 200 OK"
2026-08-18 05:22:28,978 - INFO - HTTP Request: POST http://localhost:8006/v1/chat/completions "HTTP/1.1 200 OK"
2026-08-18 05:22:31,441 - INFO - HTTP Request: POST http://localhost:8006/v1/chat/completions "HTTP/1.1 200 OK"
2026-08-18 05:22:35,068 - INFO - HTTP Request: POST http://localhost:8006/v1/chat/completions "HTTP/1.1 200 OK"
2026-08-18 05:22:37,778 - INFO - HTTP Request: POST http://localhost:8006/v1/chat/completions "HTTP/1.1 200 OK"

2026-08-18 05:22:39,746 - INFO - HTTP Request: POST http://localhost:8006/v1/chat/completions "HTTP/1.1 200 OK"

2026-08-18 05:22:41,278 - INFO - HTTP Request: POST http://localhost:8006/v1/chat/completions "HTTP/1.1 200 OK"

2026-08-18 05:22:47,585 - INFO - HTTP Request: POST http://localhost:8006/v1/chat/completions "HTTP/1.1 200 OK"

2026-08-18 05:23:01,914 - INFO - HTTP Request: POST http://localhost:8006/v1/chat/completions "HTTP/1.1 200 OK"
2026-08-18 05:23:04,184 - INFO - HTTP Request: POST http://localhost:8006/v1/chat/completions "HTTP/1.1 200 OK"
2026-08-18 05:23:05,778 - INFO - HTTP Request: POST http://localhost:8006/v1/chat/completions "HTTP/1.1 200 OK"
2026-08-18 05:23:07,880 - INFO - HTTP Request: POST http://localhost:8006/v1/chat/completions "HTTP/1.1 200 OK"
2026-08-18 05:23:14,949 - INFO - HTTP Request: POST http://localhost:8006/v1/chat/completions "HTTP/1.1 200 OK"

2026-08-18 05:23:16,046 - INFO - HTTP Request: POST http://localhost:8006/v1/chat/completions "HTTP/1.1 200 OK"

2026-08-18 05:23:18,015 - INFO - HTTP Request: POST http://localhost:8006/v1/chat/completions "HTTP/1.1 200 OK"

2026-08-18 05:23:18,671 - INFO - HTTP Request: POST http://localhost:8006/v1/chat/completions "HTTP/1.1 200 OK"

2026-08-18 05:23:34,729 - INFO - HTTP Request: POST http://localhost:8006/v1/chat/completions "HTTP/1.1 200 OK"
2026-08-18 05:23:36,133 - INFO - HTTP Request: POST http://localhost:8006/v1/chat/completions "HTTP/1.1 200 OK"
2026-08-18 05:23:38,816 - INFO - HTTP Request: POST http://localhost:8006/v1/chat/completions "HTTP/1.1 200 OK"
2026-08-18 05:23:45,706 - INFO - HTTP Request: POST http://localhost:8006/v1/chat/completions "HTTP/1.1 200 OK"

2026-08-18 05:23:47,232 - INFO - HTTP Request: POST http://localhost:8006/v1/chat/completions "HTTP/1.1 200 OK"
2026-08-18 05:23:49,505 - INFO - HTTP Request: POST http://localhost:8006/v1/chat/completions "HTTP/1.1 200 OK"

2026-08-18 05:23:50,813 - INFO - HTTP Request: POST http://localhost:8006/v1/chat/completions "HTTP/1.1 200 OK"

2026-08-18 05:23:59,720 - INFO - HTTP Request: POST http://localhost:8006/v1/chat/completions "HTTP/1.1 200 OK"

2026-08-18 05:24:14,695 - INFO - HTTP Request: POST http://localhost:8006/v1/chat/completions "HTTP/1.1 200 OK"
2026-08-18 05:24:18,237 - INFO - HTTP Request: POST http://localhost:8006/v1/chat/completions "HTTP/1.1 200 OK"
2026-08-18 05:24:19,855 - INFO - HTTP Request: POST http://localhost:8006/v1/chat/completions "HTTP/1.1 200 OK"
2026-08-18 05:24:20,073 - INFO - HTTP Request: POST http://localhost:8006/v1/chat/completions "HTTP/1.1 200 OK"
2026-08-18 05:24:27,720 - INFO - HTTP Request: POST http://localhost:8006/v1/chat/completions "HTTP/1.1 200 OK"

2026-08-18 05:24:35,130 - INFO - HTTP Request: POST http://localhost:8006/v1/chat/completions "HTTP/1.1 200 OK"

2026-08-18 05:24:35,348 - INFO - HTTP Request: POST http://localhost:8006/v1/chat/completions "HTTP/1.1 200 OK"

2026-08-18 05:24:35,565 - INFO - HTTP Request: POST http://localhost:8006/v1/chat/completions "HTTP/1.1 200 OK"

2026-08-18 05:24:47,725 - INFO - HTTP Request: POST http://localhost:8006/v1/chat/completions "HTTP/1.1 200 OK"
2026-08-18 05:24:55,404 - INFO - HTTP Request: POST http://localhost:8006/v1/chat/completions "HTTP/1.1 200 OK"
2026-08-18 05:24:55,622 - INFO - HTTP Request: POST http://localhost:8006/v1/chat/completions "HTTP/1.1 200 OK"
2026-08-18 05:24:59,567 - INFO - HTTP Request: POST http://localhost:8006/v1/chat/completions "HTTP/1.1 200 OK"

2026-08-18 05:25:04,791 - INFO - HTTP Request: POST http://localhost:8006/v1/chat/completions "HTTP/1.1 200 OK"
2026-08-18 05:25:06,636 - INFO - HTTP Request: POST http://localhost:8006/v1/chat/completions "HTTP/1.1 200 OK"

2026-08-18 05:25:07,947 - INFO - HTTP Request: POST http://localhost:8006/v1/chat/completions "HTTP/1.1 200 OK"

2026-08-18 05:25:19,038 - INFO - HTTP Request: POST http://localhost:8006/v1/chat/completions "HTTP/1.1 200 OK"

2026-08-18 05:25:29,033 - INFO - HTTP Request: POST http://localhost:8006/v1/chat/completions "HTTP/1.1 200 OK"
2026-08-18 05:25:35,845 - INFO - HTTP Request: POST http://localhost:8006/v1/chat/completions "HTTP/1.1 200 OK"
2026-08-18 05:25:37,296 - INFO - HTTP Request: POST http://localhost:8006/v1/chat/completions "HTTP/1.1 200 OK"
2026-08-18 05:25:40,879 - INFO - HTTP Request: POST http://localhost:8006/v1/chat/completions "HTTP/1.1 200 OK"

2026-08-18 05:25:46,979 - INFO - HTTP Request: POST http://localhost:8006/v1/chat/completions "HTTP/1.1 200 OK"

2026-08-18 05:25:50,685 - INFO - HTTP Request: POST http://localhost:8006/v1/chat/completions "HTTP/1.1 200 OK"

2026-08-18 05:25:52,211 - INFO - HTTP Request: POST http://localhost:8006/v1/chat/completions "HTTP/1.1 200 OK"
2026-08-18 05:26:03,614 - INFO - HTTP Request: POST http://localhost:8006/v1/chat/completions "HTTP/1.1 200 OK"

r5_cfg6:  90%|█████████ | 45/50 [1:09:45<10:46, 129.27s/it]2026-08-18 05:26:13,818 - INFO - HTTP Request: POST http://localhost:8006/v1/chat/completions "HTTP/1.1 200 OK"
2026-08-18 05:26:19,979 - INFO - HTTP Request: POST http://localhost:8006/v1/chat/completions "HTTP/1.1 200 OK"
2026-08-18 05:26:23,823 - INFO - HTTP Request: POST http://localhost:8006/v1/chat/completions "HTTP/1.1 200 OK"
2026-08-18 05:26:23,824 - INFO - HTTP Request: POST http://localhost:8006/v1/chat/completions "HTTP/1.1 200 OK"

r5_cfg6:  92%|█████████▏| 46/50 [1:10:05<06:26, 96.56s/it] 2026-08-18 05:26:26,102 - INFO - HTTP Request: POST http://localhost:8006/v1/chat/completions "HTTP/1.1 200 OK"
2026-08-18 05:26:32,791 - INFO - HTTP Request: POST http://localhost:8006/v1/chat/completions "HTTP/1.1 200 OK"

r5_cfg6:  94%|█████████▍| 47/50 [1:10:14<03:30, 70.28s/it]2026-08-18 05:26:36,925 - INFO - HTTP Request: POST http://localhost:8006/v1/chat/completions "HTTP/1.1 200 OK"

2026-08-18 05:26:38,883 - INFO - HTTP Request: POST http://localhost:8006/v1/chat/completions "HTTP/1.1 200 OK"

r5_cfg6:  96%|█████████▌| 48/50 [1:10:20<01:42, 51.02s/it]2026-08-18 05:26:46,244 - INFO - HTTP Request: POST http://localhost:8006/v1/chat/completions "HTTP/1.1 200 OK"
2026-08-18 05:27:02,436 - INFO - HTTP Request: POST http://localhost:8006/v1/chat/completions "HTTP/1.1 200 OK"

2026-08-18 05:27:02,908 - INFO - HTTP Request: POST http://localhost:8006/v1/chat/completions "HTTP/1.1 200 OK"
2026-08-18 05:27:13,520 - INFO - HTTP Request: POST http://localhost:8006/v1/chat/completions "HTTP/1.1 200 OK"

2026-08-18 05:27:28,062 - INFO - HTTP Request: POST http://localhost:8006/v1/chat/completions "HTTP/1.1 200 OK"
2026-08-18 05:27:37,749 - INFO - HTTP Request: POST http://localhost:8006/v1/chat/completions "HTTP/1.1 200 OK"
2026-08-18 05:27:40,773 - INFO - HTTP Request: POST http://localhost:8006/v1/chat/completions "HTTP/1.1 200 OK"

2026-08-18 05:27:47,537 - INFO - HTTP Request: POST http://localhost:8006/v1/chat/completions "HTTP/1.1 200 OK"

2026-08-18 05:28:04,679 - INFO - HTTP Request: POST http://localhost:8006/v1/chat/completions "HTTP/1.1 200 OK"
2026-08-18 05:28:11,542 - INFO - HTTP Request: POST http://localhost:8006/v1/chat/completions "HTTP/1.1 200 OK"
2026-08-18 05:28:17,164 - INFO - HTTP Request: POST http://localhost:8006/v1/chat/completions "HTTP/1.1 200 OK"

2026-08-18 05:28:23,712 - INFO - HTTP Request: POST http://localhost:8006/v1/chat/completions "HTTP/1.1 200 OK"

2026-08-18 05:28:40,212 - INFO - HTTP Request: POST http://localhost:8006/v1/chat/completions "HTTP/1.1 200 OK"
2026-08-18 05:28:43,499 - INFO - HTTP Request: POST http://localhost:8006/v1/chat/completions "HTTP/1.1 200 OK"
2026-08-18 05:28:53,688 - INFO - HTTP Request: POST http://localhost:8006/v1/chat/completions "HTTP/1.1 200 OK"

2026-08-18 05:28:54,595 - INFO - HTTP Request: POST http://localhost:8006/v1/chat/completions "HTTP/1.1 200 OK"

2026-08-18 05:29:14,125 - INFO - HTTP Request: POST http://localhost:8006/v1/chat/completions "HTTP/1.1 200 OK"
2026-08-18 05:29:22,072 - INFO - HTTP Request: POST http://localhost:8006/v1/chat/completions "HTTP/1.1 200 OK"
2026-08-18 05:29:26,174 - INFO - HTTP Request: POST http://localhost:8006/v1/chat/completions "HTTP/1.1 200 OK"

2026-08-18 05:29:34,242 - INFO - HTTP Request: POST http://localhost:8006/v1/chat/completions "HTTP/1.1 200 OK"

2026-08-18 05:29:53,985 - INFO - HTTP Request: POST http://localhost:8006/v1/chat/completions "HTTP/1.1 200 OK"
2026-08-18 05:29:54,554 - INFO - HTTP Request: POST http://localhost:8006/v1/chat/completions "HTTP/1.1 200 OK"
2026-08-18 05:30:06,916 - INFO - HTTP Request: POST http://localhost:8006/v1/chat/completions "HTTP/1.1 200 OK"

2026-08-18 05:30:07,169 - INFO - HTTP Request: POST http://localhost:8006/v1/chat/completions "HTTP/1.1 200 OK"

2026-08-18 05:30:26,481 - INFO - HTTP Request: POST http://localhost:8006/v1/chat/completions "HTTP/1.1 200 OK"
2026-08-18 05:30:36,170 - INFO - HTTP Request: POST http://localhost:8006/v1/chat/completions "HTTP/1.1 200 OK"
2026-08-18 05:30:45,718 - INFO - HTTP Request: POST http://localhost:8006/v1/chat/completions "HTTP/1.1 200 OK"

2026-08-18 05:30:49,881 - INFO - HTTP Request: POST http://localhost:8006/v1/chat/completions "HTTP/1.1 200 OK"

2026-08-18 05:31:14,393 - INFO - HTTP Request: POST http://localhost:8006/v1/chat/completions "HTTP/1.1 200 OK"
2026-08-18 05:31:22,125 - INFO - HTTP Request: POST http://localhost:8006/v1/chat/completions "HTTP/1.1 200 OK"
2026-08-18 05:31:26,670 - INFO - HTTP Request: POST http://localhost:8006/v1/chat/completions "HTTP/1.1 200 OK"

2026-08-18 05:31:32,785 - INFO - HTTP Request: POST http://localhost:8006/v1/chat/completions "HTTP/1.1 200 OK"

r5_cfg6:  98%|█████████▊| 49/50 [1:15:14<02:03, 123.89s/it]2026-08-18 05:31:37,540 - INFO - HTTP Request: POST http://localhost:8006/v1/chat/completions "HTTP/1.1 200 OK"
2026-08-18 05:31:40,030 - INFO - HTTP Request: POST http://localhost:8006/v1/chat/completions "HTTP/1.1 200 OK"

r5_cfg6: 100%|██████████| 50/50 [1:15:21<00:00, 88.89s/it] r5_cfg6: 100%|██████████| 50/50 [1:15:21<00:00, 90.44s/it]
  done in 4521.8s (valid 50/50, invalid {})

Scored 1 model/s.
Report:  /LAB/Swiss-Knife/tribunal/bayes_search_honesty/eval_results/round5/r5_cfg6/report/index.html
Tables:  /LAB/Swiss-Knife/tribunal/bayes_search_honesty/eval_results/round5/r5_cfg6/model_summary.csv, /LAB/Swiss-Knife/tribunal/bayes_search_honesty/eval_results/round5/r5_cfg6/summary.csv
