2026-08-17 12:31:16,419 - INFO - Judge client pointed at http://localhost:8005/v1
2026-08-17 12:31:19,569 - INFO - Loading Detoxify model (CPU)
2026-08-17 12:31:23,228 - INFO - HTTP Request: HEAD https://huggingface.co/bert-base-uncased/resolve/main/config.json "HTTP/1.1 200 OK"
Warning: You are sending unauthenticated requests to the HF Hub. Please set a HF_TOKEN to enable higher rate limits and faster downloads.
2026-08-17 12:31:23,229 - WARNING - Warning: You are sending unauthenticated requests to the HF Hub. Please set a HF_TOKEN to enable higher rate limits and faster downloads.
input:  /LAB/Swiss-Knife/tribunal/bayes_search_honesty/eval_results/round0/r0_cfg30/_tribunal_input_tmp (1 model file/s)
output: /LAB/Swiss-Knife/tribunal/bayes_search_honesty/eval_results/round0/r0_cfg30
judge:  Qwen/Qwen2.5-32B-Instruct @ http://localhost:8005/v1
detoxify cross-check: True
Loading weights:   0%|          | 0/201 [00:00<?, ?it/s]Loading weights: 100%|██████████| 201/201 [00:00<00:00, 18991.15it/s]
2026-08-17 12:31:23,559 - INFO - HTTP Request: HEAD https://huggingface.co/bert-base-uncased/resolve/main/tokenizer_config.json "HTTP/1.1 200 OK"
2026-08-17 12:31:23,771 - INFO - HTTP Request: GET https://huggingface.co/api/models/bert-base-uncased/tree/main/additional_chat_templates?recursive=false&expand=false "HTTP/1.1 307 Temporary Redirect"
2026-08-17 12:31:23,982 - INFO - HTTP Request: GET https://huggingface.co/api/models/google-bert/bert-base-uncased/tree/main/additional_chat_templates?recursive=false&expand=false "HTTP/1.1 404 Not Found"
2026-08-17 12:31:24,193 - INFO - HTTP Request: GET https://huggingface.co/api/models/bert-base-uncased/tree/main?recursive=true&expand=false "HTTP/1.1 307 Temporary Redirect"
2026-08-17 12:31:24,404 - INFO - HTTP Request: GET https://huggingface.co/api/models/google-bert/bert-base-uncased/tree/main?recursive=true&expand=false "HTTP/1.1 200 OK"

[1/1] r0_cfg30
  scoring 50 records (0 skipped or cached) [workers=4]
r0_cfg30:   0%|          | 0/50 [00:00<?, ?it/s]2026-08-17 12:31:46,427 - INFO - HTTP Request: POST http://localhost:8005/v1/chat/completions "HTTP/1.1 200 OK"
2026-08-17 12:31:46,645 - INFO - HTTP Request: POST http://localhost:8005/v1/chat/completions "HTTP/1.1 200 OK"
2026-08-17 12:31:46,650 - INFO - HTTP Request: POST http://localhost:8005/v1/chat/completions "HTTP/1.1 200 OK"
2026-08-17 12:31:47,231 - INFO - HTTP Request: POST http://localhost:8005/v1/chat/completions "HTTP/1.1 200 OK"
2026-08-17 12:31:59,012 - INFO - HTTP Request: POST http://localhost:8005/v1/chat/completions "HTTP/1.1 200 OK"

2026-08-17 12:32:00,170 - INFO - HTTP Request: POST http://localhost:8005/v1/chat/completions "HTTP/1.1 200 OK"

2026-08-17 12:32:00,390 - INFO - HTTP Request: POST http://localhost:8005/v1/chat/completions "HTTP/1.1 200 OK"

2026-08-17 12:32:04,731 - INFO - HTTP Request: POST http://localhost:8005/v1/chat/completions "HTTP/1.1 200 OK"

2026-08-17 12:32:25,110 - INFO - HTTP Request: POST http://localhost:8005/v1/chat/completions "HTTP/1.1 200 OK"
2026-08-17 12:32:26,641 - INFO - HTTP Request: POST http://localhost:8005/v1/chat/completions "HTTP/1.1 200 OK"
2026-08-17 12:32:26,642 - INFO - HTTP Request: POST http://localhost:8005/v1/chat/completions "HTTP/1.1 200 OK"
2026-08-17 12:32:32,035 - INFO - HTTP Request: POST http://localhost:8005/v1/chat/completions "HTTP/1.1 200 OK"
2026-08-17 12:32:36,984 - INFO - HTTP Request: POST http://localhost:8005/v1/chat/completions "HTTP/1.1 200 OK"

2026-08-17 12:32:38,561 - INFO - HTTP Request: POST http://localhost:8005/v1/chat/completions "HTTP/1.1 200 OK"

2026-08-17 12:32:40,087 - INFO - HTTP Request: POST http://localhost:8005/v1/chat/completions "HTTP/1.1 200 OK"

2026-08-17 12:32:49,861 - INFO - HTTP Request: POST http://localhost:8005/v1/chat/completions "HTTP/1.1 200 OK"

2026-08-17 12:33:01,360 - INFO - HTTP Request: POST http://localhost:8005/v1/chat/completions "HTTP/1.1 200 OK"
2026-08-17 12:33:03,325 - INFO - HTTP Request: POST http://localhost:8005/v1/chat/completions "HTTP/1.1 200 OK"
2026-08-17 12:33:05,217 - INFO - HTTP Request: POST http://localhost:8005/v1/chat/completions "HTTP/1.1 200 OK"
2026-08-17 12:33:13,597 - INFO - HTTP Request: POST http://localhost:8005/v1/chat/completions "HTTP/1.1 200 OK"

2026-08-17 12:33:14,302 - INFO - HTTP Request: POST http://localhost:8005/v1/chat/completions "HTTP/1.1 200 OK"
2026-08-17 12:33:14,520 - INFO - HTTP Request: POST http://localhost:8005/v1/chat/completions "HTTP/1.1 200 OK"

2026-08-17 12:33:17,574 - INFO - HTTP Request: POST http://localhost:8005/v1/chat/completions "HTTP/1.1 200 OK"

2026-08-17 12:33:31,488 - INFO - HTTP Request: POST http://localhost:8005/v1/chat/completions "HTTP/1.1 200 OK"

2026-08-17 12:33:37,572 - INFO - HTTP Request: POST http://localhost:8005/v1/chat/completions "HTTP/1.1 200 OK"
2026-08-17 12:33:39,543 - INFO - HTTP Request: POST http://localhost:8005/v1/chat/completions "HTTP/1.1 200 OK"
2026-08-17 12:33:42,585 - INFO - HTTP Request: POST http://localhost:8005/v1/chat/completions "HTTP/1.1 200 OK"
2026-08-17 12:33:50,864 - INFO - HTTP Request: POST http://localhost:8005/v1/chat/completions "HTTP/1.1 200 OK"

2026-08-17 12:33:52,877 - INFO - HTTP Request: POST http://localhost:8005/v1/chat/completions "HTTP/1.1 200 OK"

2026-08-17 12:33:55,277 - INFO - HTTP Request: POST http://localhost:8005/v1/chat/completions "HTTP/1.1 200 OK"

2026-08-17 12:33:56,370 - INFO - HTTP Request: POST http://localhost:8005/v1/chat/completions "HTTP/1.1 200 OK"
2026-08-17 12:34:09,075 - INFO - HTTP Request: POST http://localhost:8005/v1/chat/completions "HTTP/1.1 200 OK"

2026-08-17 12:34:11,036 - INFO - HTTP Request: POST http://localhost:8005/v1/chat/completions "HTTP/1.1 200 OK"
2026-08-17 12:34:13,442 - INFO - HTTP Request: POST http://localhost:8005/v1/chat/completions "HTTP/1.1 200 OK"
2026-08-17 12:34:16,153 - INFO - HTTP Request: POST http://localhost:8005/v1/chat/completions "HTTP/1.1 200 OK"
2026-08-17 12:34:22,358 - INFO - HTTP Request: POST http://localhost:8005/v1/chat/completions "HTTP/1.1 200 OK"

2026-08-17 12:34:23,297 - INFO - HTTP Request: POST http://localhost:8005/v1/chat/completions "HTTP/1.1 200 OK"

2026-08-17 12:34:28,297 - INFO - HTTP Request: POST http://localhost:8005/v1/chat/completions "HTTP/1.1 200 OK"

2026-08-17 12:34:30,035 - INFO - HTTP Request: POST http://localhost:8005/v1/chat/completions "HTTP/1.1 200 OK"
2026-08-17 12:34:44,101 - INFO - HTTP Request: POST http://localhost:8005/v1/chat/completions "HTTP/1.1 200 OK"

2026-08-17 12:34:51,482 - INFO - HTTP Request: POST http://localhost:8005/v1/chat/completions "HTTP/1.1 200 OK"
2026-08-17 12:34:52,871 - INFO - HTTP Request: POST http://localhost:8005/v1/chat/completions "HTTP/1.1 200 OK"
2026-08-17 12:34:58,191 - INFO - HTTP Request: POST http://localhost:8005/v1/chat/completions "HTTP/1.1 200 OK"
2026-08-17 12:35:02,867 - INFO - HTTP Request: POST http://localhost:8005/v1/chat/completions "HTTP/1.1 200 OK"

2026-08-17 12:35:06,859 - INFO - HTTP Request: POST http://localhost:8005/v1/chat/completions "HTTP/1.1 200 OK"

2026-08-17 12:35:07,294 - INFO - HTTP Request: POST http://localhost:8005/v1/chat/completions "HTTP/1.1 200 OK"

2026-08-17 12:35:14,028 - INFO - HTTP Request: POST http://localhost:8005/v1/chat/completions "HTTP/1.1 200 OK"
2026-08-17 12:35:23,261 - INFO - HTTP Request: POST http://localhost:8005/v1/chat/completions "HTTP/1.1 200 OK"
2026-08-17 12:35:27,707 - INFO - HTTP Request: POST http://localhost:8005/v1/chat/completions "HTTP/1.1 200 OK"
2026-08-17 12:35:28,428 - INFO - HTTP Request: POST http://localhost:8005/v1/chat/completions "HTTP/1.1 200 OK"
2026-08-17 12:35:29,876 - INFO - HTTP Request: POST http://localhost:8005/v1/chat/completions "HTTP/1.1 200 OK"

2026-08-17 12:35:34,890 - INFO - HTTP Request: POST http://localhost:8005/v1/chat/completions "HTTP/1.1 200 OK"

2026-08-17 12:35:38,951 - INFO - HTTP Request: POST http://localhost:8005/v1/chat/completions "HTTP/1.1 200 OK"

2026-08-17 12:35:44,390 - INFO - HTTP Request: POST http://localhost:8005/v1/chat/completions "HTTP/1.1 200 OK"

2026-08-17 12:35:50,038 - INFO - HTTP Request: POST http://localhost:8005/v1/chat/completions "HTTP/1.1 200 OK"
2026-08-17 12:36:04,550 - INFO - HTTP Request: POST http://localhost:8005/v1/chat/completions "HTTP/1.1 200 OK"
2026-08-17 12:36:09,010 - INFO - HTTP Request: POST http://localhost:8005/v1/chat/completions "HTTP/1.1 200 OK"

2026-08-17 12:36:09,012 - INFO - HTTP Request: POST http://localhost:8005/v1/chat/completions "HTTP/1.1 200 OK"
2026-08-17 12:36:14,773 - INFO - HTTP Request: POST http://localhost:8005/v1/chat/completions "HTTP/1.1 200 OK"
2026-08-17 12:36:16,407 - INFO - HTTP Request: POST http://localhost:8005/v1/chat/completions "HTTP/1.1 200 OK"

2026-08-17 12:36:20,464 - INFO - HTTP Request: POST http://localhost:8005/v1/chat/completions "HTTP/1.1 200 OK"

2026-08-17 12:36:28,957 - INFO - HTTP Request: POST http://localhost:8005/v1/chat/completions "HTTP/1.1 200 OK"

2026-08-17 12:36:38,957 - INFO - HTTP Request: POST http://localhost:8005/v1/chat/completions "HTTP/1.1 200 OK"
2026-08-17 12:36:49,555 - INFO - HTTP Request: POST http://localhost:8005/v1/chat/completions "HTTP/1.1 200 OK"
2026-08-17 12:36:53,359 - INFO - HTTP Request: POST http://localhost:8005/v1/chat/completions "HTTP/1.1 200 OK"

2026-08-17 12:36:54,456 - INFO - HTTP Request: POST http://localhost:8005/v1/chat/completions "HTTP/1.1 200 OK"
2026-08-17 12:37:01,659 - INFO - HTTP Request: POST http://localhost:8005/v1/chat/completions "HTTP/1.1 200 OK"
2026-08-17 12:37:02,468 - INFO - HTTP Request: POST http://localhost:8005/v1/chat/completions "HTTP/1.1 200 OK"

r0_cfg30:   2%|▏         | 1/50 [05:37<4:36:01, 337.99s/it]2026-08-17 12:37:11,330 - INFO - HTTP Request: POST http://localhost:8005/v1/chat/completions "HTTP/1.1 200 OK"

r0_cfg30:   4%|▍         | 2/50 [05:46<1:55:30, 144.39s/it]2026-08-17 12:37:14,596 - INFO - HTTP Request: POST http://localhost:8005/v1/chat/completions "HTTP/1.1 200 OK"

r0_cfg30:   6%|▌         | 3/50 [05:50<1:02:37, 79.95s/it] 2026-08-17 12:37:24,151 - INFO - HTTP Request: POST http://localhost:8005/v1/chat/completions "HTTP/1.1 200 OK"
2026-08-17 12:37:27,354 - INFO - HTTP Request: POST http://localhost:8005/v1/chat/completions "HTTP/1.1 200 OK"
2026-08-17 12:37:34,040 - INFO - HTTP Request: POST http://localhost:8005/v1/chat/completions "HTTP/1.1 200 OK"
2026-08-17 12:37:37,412 - INFO - HTTP Request: POST http://localhost:8005/v1/chat/completions "HTTP/1.1 200 OK"
2026-08-17 12:37:38,389 - INFO - HTTP Request: POST http://localhost:8005/v1/chat/completions "HTTP/1.1 200 OK"

2026-08-17 12:37:43,184 - INFO - HTTP Request: POST http://localhost:8005/v1/chat/completions "HTTP/1.1 200 OK"

r0_cfg30:   8%|▊         | 4/50 [06:18<45:44, 59.67s/it]  2026-08-17 12:37:46,234 - INFO - HTTP Request: POST http://localhost:8005/v1/chat/completions "HTTP/1.1 200 OK"

2026-08-17 12:37:50,149 - INFO - HTTP Request: POST http://localhost:8005/v1/chat/completions "HTTP/1.1 200 OK"

2026-08-17 12:38:04,477 - INFO - HTTP Request: POST http://localhost:8005/v1/chat/completions "HTTP/1.1 200 OK"
2026-08-17 12:38:05,506 - INFO - HTTP Request: POST http://localhost:8005/v1/chat/completions "HTTP/1.1 200 OK"
2026-08-17 12:38:12,840 - INFO - HTTP Request: POST http://localhost:8005/v1/chat/completions "HTTP/1.1 200 OK"
2026-08-17 12:38:17,202 - INFO - HTTP Request: POST http://localhost:8005/v1/chat/completions "HTTP/1.1 200 OK"
2026-08-17 12:38:19,488 - INFO - HTTP Request: POST http://localhost:8005/v1/chat/completions "HTTP/1.1 200 OK"

2026-08-17 12:38:21,671 - INFO - HTTP Request: POST http://localhost:8005/v1/chat/completions "HTTP/1.1 200 OK"

2026-08-17 12:38:27,116 - INFO - HTTP Request: POST http://localhost:8005/v1/chat/completions "HTTP/1.1 200 OK"

2026-08-17 12:38:28,205 - INFO - HTTP Request: POST http://localhost:8005/v1/chat/completions "HTTP/1.1 200 OK"

2026-08-17 12:38:45,573 - INFO - HTTP Request: POST http://localhost:8005/v1/chat/completions "HTTP/1.1 200 OK"
2026-08-17 12:38:46,323 - INFO - HTTP Request: POST http://localhost:8005/v1/chat/completions "HTTP/1.1 200 OK"
2026-08-17 12:38:52,198 - INFO - HTTP Request: POST http://localhost:8005/v1/chat/completions "HTTP/1.1 200 OK"
2026-08-17 12:38:53,608 - INFO - HTTP Request: POST http://localhost:8005/v1/chat/completions "HTTP/1.1 200 OK"
2026-08-17 12:38:58,512 - INFO - HTTP Request: POST http://localhost:8005/v1/chat/completions "HTTP/1.1 200 OK"

2026-08-17 12:39:00,478 - INFO - HTTP Request: POST http://localhost:8005/v1/chat/completions "HTTP/1.1 200 OK"

2026-08-17 12:39:03,753 - INFO - HTTP Request: POST http://localhost:8005/v1/chat/completions "HTTP/1.1 200 OK"

2026-08-17 12:39:06,805 - INFO - HTTP Request: POST http://localhost:8005/v1/chat/completions "HTTP/1.1 200 OK"

2026-08-17 12:39:22,876 - INFO - HTTP Request: POST http://localhost:8005/v1/chat/completions "HTTP/1.1 200 OK"
2026-08-17 12:39:24,990 - INFO - HTTP Request: POST http://localhost:8005/v1/chat/completions "HTTP/1.1 200 OK"
2026-08-17 12:39:28,413 - INFO - HTTP Request: POST http://localhost:8005/v1/chat/completions "HTTP/1.1 200 OK"
2026-08-17 12:39:32,069 - INFO - HTTP Request: POST http://localhost:8005/v1/chat/completions "HTTP/1.1 200 OK"
2026-08-17 12:39:35,003 - INFO - HTTP Request: POST http://localhost:8005/v1/chat/completions "HTTP/1.1 200 OK"

2026-08-17 12:39:38,282 - INFO - HTTP Request: POST http://localhost:8005/v1/chat/completions "HTTP/1.1 200 OK"

2026-08-17 12:39:41,339 - INFO - HTTP Request: POST http://localhost:8005/v1/chat/completions "HTTP/1.1 200 OK"

2026-08-17 12:39:44,825 - INFO - HTTP Request: POST http://localhost:8005/v1/chat/completions "HTTP/1.1 200 OK"

2026-08-17 12:39:58,070 - INFO - HTTP Request: POST http://localhost:8005/v1/chat/completions "HTTP/1.1 200 OK"
2026-08-17 12:39:58,805 - INFO - HTTP Request: POST http://localhost:8005/v1/chat/completions "HTTP/1.1 200 OK"
2026-08-17 12:40:01,377 - INFO - HTTP Request: POST http://localhost:8005/v1/chat/completions "HTTP/1.1 200 OK"
2026-08-17 12:40:05,739 - INFO - HTTP Request: POST http://localhost:8005/v1/chat/completions "HTTP/1.1 200 OK"
2026-08-17 12:40:11,948 - INFO - HTTP Request: POST http://localhost:8005/v1/chat/completions "HTTP/1.1 200 OK"

2026-08-17 12:40:12,384 - INFO - HTTP Request: POST http://localhost:8005/v1/chat/completions "HTTP/1.1 200 OK"

2026-08-17 12:40:13,479 - INFO - HTTP Request: POST http://localhost:8005/v1/chat/completions "HTTP/1.1 200 OK"

2026-08-17 12:40:17,183 - INFO - HTTP Request: POST http://localhost:8005/v1/chat/completions "HTTP/1.1 200 OK"

2026-08-17 12:40:33,248 - INFO - HTTP Request: POST http://localhost:8005/v1/chat/completions "HTTP/1.1 200 OK"
2026-08-17 12:40:41,013 - INFO - HTTP Request: POST http://localhost:8005/v1/chat/completions "HTTP/1.1 200 OK"
2026-08-17 12:40:41,747 - INFO - HTTP Request: POST http://localhost:8005/v1/chat/completions "HTTP/1.1 200 OK"
2026-08-17 12:40:45,407 - INFO - HTTP Request: POST http://localhost:8005/v1/chat/completions "HTTP/1.1 200 OK"

2026-08-17 12:40:46,933 - INFO - HTTP Request: POST http://localhost:8005/v1/chat/completions "HTTP/1.1 200 OK"
2026-08-17 12:40:52,476 - INFO - HTTP Request: POST http://localhost:8005/v1/chat/completions "HTTP/1.1 200 OK"

2026-08-17 12:40:56,181 - INFO - HTTP Request: POST http://localhost:8005/v1/chat/completions "HTTP/1.1 200 OK"

2026-08-17 12:41:00,315 - INFO - HTTP Request: POST http://localhost:8005/v1/chat/completions "HTTP/1.1 200 OK"

2026-08-17 12:41:12,476 - INFO - HTTP Request: POST http://localhost:8005/v1/chat/completions "HTTP/1.1 200 OK"
2026-08-17 12:41:14,753 - INFO - HTTP Request: POST http://localhost:8005/v1/chat/completions "HTTP/1.1 200 OK"
2026-08-17 12:41:16,818 - INFO - HTTP Request: POST http://localhost:8005/v1/chat/completions "HTTP/1.1 200 OK"
2026-08-17 12:41:21,338 - INFO - HTTP Request: POST http://localhost:8005/v1/chat/completions "HTTP/1.1 200 OK"
2026-08-17 12:41:28,423 - INFO - HTTP Request: POST http://localhost:8005/v1/chat/completions "HTTP/1.1 200 OK"

2026-08-17 12:41:29,516 - INFO - HTTP Request: POST http://localhost:8005/v1/chat/completions "HTTP/1.1 200 OK"

2026-08-17 12:41:32,132 - INFO - HTTP Request: POST http://localhost:8005/v1/chat/completions "HTTP/1.1 200 OK"

2026-08-17 12:41:37,137 - INFO - HTTP Request: POST http://localhost:8005/v1/chat/completions "HTTP/1.1 200 OK"

2026-08-17 12:41:48,432 - INFO - HTTP Request: POST http://localhost:8005/v1/chat/completions "HTTP/1.1 200 OK"
2026-08-17 12:41:59,028 - INFO - HTTP Request: POST http://localhost:8005/v1/chat/completions "HTTP/1.1 200 OK"
2026-08-17 12:42:01,962 - INFO - HTTP Request: POST http://localhost:8005/v1/chat/completions "HTTP/1.1 200 OK"
2026-08-17 12:42:03,807 - INFO - HTTP Request: POST http://localhost:8005/v1/chat/completions "HTTP/1.1 200 OK"

2026-08-17 12:42:07,295 - INFO - HTTP Request: POST http://localhost:8005/v1/chat/completions "HTTP/1.1 200 OK"
2026-08-17 12:42:13,342 - INFO - HTTP Request: POST http://localhost:8005/v1/chat/completions "HTTP/1.1 200 OK"

2026-08-17 12:42:17,926 - INFO - HTTP Request: POST http://localhost:8005/v1/chat/completions "HTTP/1.1 200 OK"

2026-08-17 12:42:20,765 - INFO - HTTP Request: POST http://localhost:8005/v1/chat/completions "HTTP/1.1 200 OK"

2026-08-17 12:42:33,371 - INFO - HTTP Request: POST http://localhost:8005/v1/chat/completions "HTTP/1.1 200 OK"
2026-08-17 12:42:45,490 - INFO - HTTP Request: POST http://localhost:8005/v1/chat/completions "HTTP/1.1 200 OK"

2026-08-17 12:42:46,802 - INFO - HTTP Request: POST http://localhost:8005/v1/chat/completions "HTTP/1.1 200 OK"
2026-08-17 12:42:51,253 - INFO - HTTP Request: POST http://localhost:8005/v1/chat/completions "HTTP/1.1 200 OK"
2026-08-17 12:42:54,840 - INFO - HTTP Request: POST http://localhost:8005/v1/chat/completions "HTTP/1.1 200 OK"
2026-08-17 12:43:00,889 - INFO - HTTP Request: POST http://localhost:8005/v1/chat/completions "HTTP/1.1 200 OK"

r0_cfg30:  10%|█         | 5/50 [11:36<1:54:32, 152.72s/it]2026-08-17 12:43:05,467 - INFO - HTTP Request: POST http://localhost:8005/v1/chat/completions "HTTP/1.1 200 OK"

r0_cfg30:  12%|█▏        | 6/50 [11:40<1:15:03, 102.35s/it]2026-08-17 12:43:10,689 - INFO - HTTP Request: POST http://localhost:8005/v1/chat/completions "HTTP/1.1 200 OK"

r0_cfg30:  14%|█▍        | 7/50 [11:46<50:35, 70.60s/it]   2026-08-17 12:43:19,159 - INFO - HTTP Request: POST http://localhost:8005/v1/chat/completions "HTTP/1.1 200 OK"
2026-08-17 12:43:23,010 - INFO - HTTP Request: POST http://localhost:8005/v1/chat/completions "HTTP/1.1 200 OK"
2026-08-17 12:43:27,956 - INFO - HTTP Request: POST http://localhost:8005/v1/chat/completions "HTTP/1.1 200 OK"
2026-08-17 12:43:31,324 - INFO - HTTP Request: POST http://localhost:8005/v1/chat/completions "HTTP/1.1 200 OK"

r0_cfg30:  16%|█▌        | 8/50 [12:06<38:17, 54.69s/it]2026-08-17 12:43:33,722 - INFO - HTTP Request: POST http://localhost:8005/v1/chat/completions "HTTP/1.1 200 OK"
2026-08-17 12:43:33,940 - INFO - HTTP Request: POST http://localhost:8005/v1/chat/completions "HTTP/1.1 200 OK"

2026-08-17 12:43:42,747 - INFO - HTTP Request: POST http://localhost:8005/v1/chat/completions "HTTP/1.1 200 OK"

2026-08-17 12:43:46,446 - INFO - HTTP Request: POST http://localhost:8005/v1/chat/completions "HTTP/1.1 200 OK"

2026-08-17 12:43:53,610 - INFO - HTTP Request: POST http://localhost:8005/v1/chat/completions "HTTP/1.1 200 OK"
2026-08-17 12:44:00,494 - INFO - HTTP Request: POST http://localhost:8005/v1/chat/completions "HTTP/1.1 200 OK"
2026-08-17 12:44:04,344 - INFO - HTTP Request: POST http://localhost:8005/v1/chat/completions "HTTP/1.1 200 OK"

2026-08-17 12:44:09,346 - INFO - HTTP Request: POST http://localhost:8005/v1/chat/completions "HTTP/1.1 200 OK"
2026-08-17 12:44:12,715 - INFO - HTTP Request: POST http://localhost:8005/v1/chat/completions "HTTP/1.1 200 OK"

2026-08-17 12:44:13,370 - INFO - HTTP Request: POST http://localhost:8005/v1/chat/completions "HTTP/1.1 200 OK"
2026-08-17 12:44:25,230 - INFO - HTTP Request: POST http://localhost:8005/v1/chat/completions "HTTP/1.1 200 OK"

2026-08-17 12:44:25,886 - INFO - HTTP Request: POST http://localhost:8005/v1/chat/completions "HTTP/1.1 200 OK"

2026-08-17 12:44:31,096 - INFO - HTTP Request: POST http://localhost:8005/v1/chat/completions "HTTP/1.1 200 OK"
2026-08-17 12:44:36,453 - INFO - HTTP Request: POST http://localhost:8005/v1/chat/completions "HTTP/1.1 200 OK"
2026-08-17 12:44:42,484 - INFO - HTTP Request: POST http://localhost:8005/v1/chat/completions "HTTP/1.1 200 OK"

2026-08-17 12:44:49,007 - INFO - HTTP Request: POST http://localhost:8005/v1/chat/completions "HTTP/1.1 200 OK"
2026-08-17 12:44:50,200 - INFO - HTTP Request: POST http://localhost:8005/v1/chat/completions "HTTP/1.1 200 OK"

2026-08-17 12:44:51,079 - INFO - HTTP Request: POST http://localhost:8005/v1/chat/completions "HTTP/1.1 200 OK"
2026-08-17 12:45:03,371 - INFO - HTTP Request: POST http://localhost:8005/v1/chat/completions "HTTP/1.1 200 OK"

2026-08-17 12:45:04,468 - INFO - HTTP Request: POST http://localhost:8005/v1/chat/completions "HTTP/1.1 200 OK"

2026-08-17 12:45:07,512 - INFO - HTTP Request: POST http://localhost:8005/v1/chat/completions "HTTP/1.1 200 OK"
2026-08-17 12:45:14,607 - INFO - HTTP Request: POST http://localhost:8005/v1/chat/completions "HTTP/1.1 200 OK"
2026-08-17 12:45:20,585 - INFO - HTTP Request: POST http://localhost:8005/v1/chat/completions "HTTP/1.1 200 OK"

2026-08-17 12:45:27,334 - INFO - HTTP Request: POST http://localhost:8005/v1/chat/completions "HTTP/1.1 200 OK"

2026-08-17 12:45:27,993 - INFO - HTTP Request: POST http://localhost:8005/v1/chat/completions "HTTP/1.1 200 OK"
2026-08-17 12:45:28,709 - INFO - HTTP Request: POST http://localhost:8005/v1/chat/completions "HTTP/1.1 200 OK"
2026-08-17 12:45:40,812 - INFO - HTTP Request: POST http://localhost:8005/v1/chat/completions "HTTP/1.1 200 OK"

2026-08-17 12:45:41,474 - INFO - HTTP Request: POST http://localhost:8005/v1/chat/completions "HTTP/1.1 200 OK"

2026-08-17 12:45:45,168 - INFO - HTTP Request: POST http://localhost:8005/v1/chat/completions "HTTP/1.1 200 OK"
2026-08-17 12:45:47,918 - INFO - HTTP Request: POST http://localhost:8005/v1/chat/completions "HTTP/1.1 200 OK"
2026-08-17 12:45:58,079 - INFO - HTTP Request: POST http://localhost:8005/v1/chat/completions "HTTP/1.1 200 OK"

2026-08-17 12:46:00,479 - INFO - HTTP Request: POST http://localhost:8005/v1/chat/completions "HTTP/1.1 200 OK"

2026-08-17 12:46:00,696 - INFO - HTTP Request: POST http://localhost:8005/v1/chat/completions "HTTP/1.1 200 OK"
2026-08-17 12:46:02,108 - INFO - HTTP Request: POST http://localhost:8005/v1/chat/completions "HTTP/1.1 200 OK"
2026-08-17 12:46:11,135 - INFO - HTTP Request: POST http://localhost:8005/v1/chat/completions "HTTP/1.1 200 OK"

2026-08-17 12:46:14,181 - INFO - HTTP Request: POST http://localhost:8005/v1/chat/completions "HTTP/1.1 200 OK"

2026-08-17 12:46:18,090 - INFO - HTTP Request: POST http://localhost:8005/v1/chat/completions "HTTP/1.1 200 OK"
2026-08-17 12:46:29,967 - INFO - HTTP Request: POST http://localhost:8005/v1/chat/completions "HTTP/1.1 200 OK"
2026-08-17 12:46:30,185 - INFO - HTTP Request: POST http://localhost:8005/v1/chat/completions "HTTP/1.1 200 OK"

2026-08-17 12:46:40,289 - INFO - HTTP Request: POST http://localhost:8005/v1/chat/completions "HTTP/1.1 200 OK"
2026-08-17 12:46:43,654 - INFO - HTTP Request: POST http://localhost:8005/v1/chat/completions "HTTP/1.1 200 OK"
2026-08-17 12:46:46,151 - INFO - HTTP Request: POST http://localhost:8005/v1/chat/completions "HTTP/1.1 200 OK"

2026-08-17 12:46:52,683 - INFO - HTTP Request: POST http://localhost:8005/v1/chat/completions "HTTP/1.1 200 OK"

2026-08-17 12:46:55,948 - INFO - HTTP Request: POST http://localhost:8005/v1/chat/completions "HTTP/1.1 200 OK"

2026-08-17 12:46:59,857 - INFO - HTTP Request: POST http://localhost:8005/v1/chat/completions "HTTP/1.1 200 OK"
2026-08-17 12:47:06,301 - INFO - HTTP Request: POST http://localhost:8005/v1/chat/completions "HTTP/1.1 200 OK"
2026-08-17 12:47:11,680 - INFO - HTTP Request: POST http://localhost:8005/v1/chat/completions "HTTP/1.1 200 OK"

2026-08-17 12:47:13,204 - INFO - HTTP Request: POST http://localhost:8005/v1/chat/completions "HTTP/1.1 200 OK"
2026-08-17 12:47:16,574 - INFO - HTTP Request: POST http://localhost:8005/v1/chat/completions "HTTP/1.1 200 OK"

2026-08-17 12:47:16,792 - INFO - HTTP Request: POST http://localhost:8005/v1/chat/completions "HTTP/1.1 200 OK"
2026-08-17 12:47:26,915 - INFO - HTTP Request: POST http://localhost:8005/v1/chat/completions "HTTP/1.1 200 OK"

2026-08-17 12:47:32,135 - INFO - HTTP Request: POST http://localhost:8005/v1/chat/completions "HTTP/1.1 200 OK"

2026-08-17 12:47:32,353 - INFO - HTTP Request: POST http://localhost:8005/v1/chat/completions "HTTP/1.1 200 OK"
2026-08-17 12:47:42,933 - INFO - HTTP Request: POST http://localhost:8005/v1/chat/completions "HTTP/1.1 200 OK"

2026-08-17 12:47:46,191 - INFO - HTTP Request: POST http://localhost:8005/v1/chat/completions "HTTP/1.1 200 OK"
2026-08-17 12:47:56,570 - INFO - HTTP Request: POST http://localhost:8005/v1/chat/completions "HTTP/1.1 200 OK"
2026-08-17 12:47:58,636 - INFO - HTTP Request: POST http://localhost:8005/v1/chat/completions "HTTP/1.1 200 OK"

2026-08-17 12:48:02,125 - INFO - HTTP Request: POST http://localhost:8005/v1/chat/completions "HTTP/1.1 200 OK"
2026-08-17 12:48:09,854 - INFO - HTTP Request: POST http://localhost:8005/v1/chat/completions "HTTP/1.1 200 OK"

2026-08-17 12:48:13,127 - INFO - HTTP Request: POST http://localhost:8005/v1/chat/completions "HTTP/1.1 200 OK"
2026-08-17 12:48:14,575 - INFO - HTTP Request: POST http://localhost:8005/v1/chat/completions "HTTP/1.1 200 OK"

2026-08-17 12:48:25,014 - INFO - HTTP Request: POST http://localhost:8005/v1/chat/completions "HTTP/1.1 200 OK"

2026-08-17 12:48:32,187 - INFO - HTTP Request: POST http://localhost:8005/v1/chat/completions "HTTP/1.1 200 OK"
2026-08-17 12:48:42,784 - INFO - HTTP Request: POST http://localhost:8005/v1/chat/completions "HTTP/1.1 200 OK"
2026-08-17 12:48:47,593 - INFO - HTTP Request: POST http://localhost:8005/v1/chat/completions "HTTP/1.1 200 OK"

r0_cfg30:  18%|█▊        | 9/50 [17:23<1:33:15, 136.47s/it]2026-08-17 12:48:48,463 - INFO - HTTP Request: POST http://localhost:8005/v1/chat/completions "HTTP/1.1 200 OK"
2026-08-17 12:48:56,193 - INFO - HTTP Request: POST http://localhost:8005/v1/chat/completions "HTTP/1.1 200 OK"

r0_cfg30:  20%|██        | 10/50 [17:31<1:04:39, 96.99s/it]2026-08-17 12:48:58,806 - INFO - HTTP Request: POST http://localhost:8005/v1/chat/completions "HTTP/1.1 200 OK"
2026-08-17 12:49:05,913 - INFO - HTTP Request: POST http://localhost:8005/v1/chat/completions "HTTP/1.1 200 OK"

r0_cfg30:  22%|██▏       | 11/50 [17:41<45:40, 70.28s/it]  2026-08-17 12:49:09,606 - INFO - HTTP Request: POST http://localhost:8005/v1/chat/completions "HTTP/1.1 200 OK"

r0_cfg30:  24%|██▍       | 12/50 [17:45<31:40, 50.02s/it]2026-08-17 12:49:10,040 - INFO - HTTP Request: POST http://localhost:8005/v1/chat/completions "HTTP/1.1 200 OK"
2026-08-17 12:49:18,391 - INFO - HTTP Request: POST http://localhost:8005/v1/chat/completions "HTTP/1.1 200 OK"
2026-08-17 12:49:23,929 - INFO - HTTP Request: POST http://localhost:8005/v1/chat/completions "HTTP/1.1 200 OK"

2026-08-17 12:49:28,715 - INFO - HTTP Request: POST http://localhost:8005/v1/chat/completions "HTTP/1.1 200 OK"
2026-08-17 12:49:31,428 - INFO - HTTP Request: POST http://localhost:8005/v1/chat/completions "HTTP/1.1 200 OK"

2026-08-17 12:49:32,516 - INFO - HTTP Request: POST http://localhost:8005/v1/chat/completions "HTTP/1.1 200 OK"
2026-08-17 12:49:41,596 - INFO - HTTP Request: POST http://localhost:8005/v1/chat/completions "HTTP/1.1 200 OK"
2026-08-17 12:49:41,597 - INFO - HTTP Request: POST http://localhost:8005/v1/chat/completions "HTTP/1.1 200 OK"


2026-08-17 12:49:50,713 - INFO - HTTP Request: POST http://localhost:8005/v1/chat/completions "HTTP/1.1 200 OK"
2026-08-17 12:49:58,207 - INFO - HTTP Request: POST http://localhost:8005/v1/chat/completions "HTTP/1.1 200 OK"
2026-08-17 12:50:04,403 - INFO - HTTP Request: POST http://localhost:8005/v1/chat/completions "HTTP/1.1 200 OK"

2026-08-17 12:50:08,101 - INFO - HTTP Request: POST http://localhost:8005/v1/chat/completions "HTTP/1.1 200 OK"

2026-08-17 12:50:08,320 - INFO - HTTP Request: POST http://localhost:8005/v1/chat/completions "HTTP/1.1 200 OK"
2026-08-17 12:50:08,321 - INFO - HTTP Request: POST http://localhost:8005/v1/chat/completions "HTTP/1.1 200 OK"
2026-08-17 12:50:18,654 - INFO - HTTP Request: POST http://localhost:8005/v1/chat/completions "HTTP/1.1 200 OK"

2026-08-17 12:50:22,135 - INFO - HTTP Request: POST http://localhost:8005/v1/chat/completions "HTTP/1.1 200 OK"

2026-08-17 12:50:29,516 - INFO - HTTP Request: POST http://localhost:8005/v1/chat/completions "HTTP/1.1 200 OK"
2026-08-17 12:50:33,527 - INFO - HTTP Request: POST http://localhost:8005/v1/chat/completions "HTTP/1.1 200 OK"
2026-08-17 12:50:39,505 - INFO - HTTP Request: POST http://localhost:8005/v1/chat/completions "HTTP/1.1 200 OK"

2026-08-17 12:50:43,645 - INFO - HTTP Request: POST http://localhost:8005/v1/chat/completions "HTTP/1.1 200 OK"
2026-08-17 12:50:47,504 - INFO - HTTP Request: POST http://localhost:8005/v1/chat/completions "HTTP/1.1 200 OK"
2026-08-17 12:50:49,568 - INFO - HTTP Request: POST http://localhost:8005/v1/chat/completions "HTTP/1.1 200 OK"

2026-08-17 12:50:53,495 - INFO - HTTP Request: POST http://localhost:8005/v1/chat/completions "HTTP/1.1 200 OK"

2026-08-17 12:51:01,760 - INFO - HTTP Request: POST http://localhost:8005/v1/chat/completions "HTTP/1.1 200 OK"

2026-08-17 12:51:03,723 - INFO - HTTP Request: POST http://localhost:8005/v1/chat/completions "HTTP/1.1 200 OK"
2026-08-17 12:51:13,818 - INFO - HTTP Request: POST http://localhost:8005/v1/chat/completions "HTTP/1.1 200 OK"
2026-08-17 12:51:16,749 - INFO - HTTP Request: POST http://localhost:8005/v1/chat/completions "HTTP/1.1 200 OK"

2026-08-17 12:51:18,063 - INFO - HTTP Request: POST http://localhost:8005/v1/chat/completions "HTTP/1.1 200 OK"
2026-08-17 12:51:26,275 - INFO - HTTP Request: POST http://localhost:8005/v1/chat/completions "HTTP/1.1 200 OK"

2026-08-17 12:51:26,938 - INFO - HTTP Request: POST http://localhost:8005/v1/chat/completions "HTTP/1.1 200 OK"
2026-08-17 12:51:30,950 - INFO - HTTP Request: POST http://localhost:8005/v1/chat/completions "HTTP/1.1 200 OK"

2026-08-17 12:51:36,825 - INFO - HTTP Request: POST http://localhost:8005/v1/chat/completions "HTTP/1.1 200 OK"
2026-08-17 12:51:39,754 - INFO - HTTP Request: POST http://localhost:8005/v1/chat/completions "HTTP/1.1 200 OK"

2026-08-17 12:51:46,281 - INFO - HTTP Request: POST http://localhost:8005/v1/chat/completions "HTTP/1.1 200 OK"
2026-08-17 12:51:50,302 - INFO - HTTP Request: POST http://localhost:8005/v1/chat/completions "HTTP/1.1 200 OK"

2026-08-17 12:51:51,392 - INFO - HTTP Request: POST http://localhost:8005/v1/chat/completions "HTTP/1.1 200 OK"
2026-08-17 12:51:56,556 - INFO - HTTP Request: POST http://localhost:8005/v1/chat/completions "HTTP/1.1 200 OK"

2026-08-17 12:51:59,820 - INFO - HTTP Request: POST http://localhost:8005/v1/chat/completions "HTTP/1.1 200 OK"
2026-08-17 12:52:01,008 - INFO - HTTP Request: POST http://localhost:8005/v1/chat/completions "HTTP/1.1 200 OK"

2026-08-17 12:52:12,091 - INFO - HTTP Request: POST http://localhost:8005/v1/chat/completions "HTTP/1.1 200 OK"

2026-08-17 12:52:19,689 - INFO - HTTP Request: POST http://localhost:8005/v1/chat/completions "HTTP/1.1 200 OK"
2026-08-17 12:52:25,872 - INFO - HTTP Request: POST http://localhost:8005/v1/chat/completions "HTTP/1.1 200 OK"
2026-08-17 12:52:30,324 - INFO - HTTP Request: POST http://localhost:8005/v1/chat/completions "HTTP/1.1 200 OK"
2026-08-17 12:52:32,661 - INFO - HTTP Request: POST http://localhost:8005/v1/chat/completions "HTTP/1.1 200 OK"

2026-08-17 12:52:41,808 - INFO - HTTP Request: POST http://localhost:8005/v1/chat/completions "HTTP/1.1 200 OK"
2026-08-17 12:52:43,432 - INFO - HTTP Request: POST http://localhost:8005/v1/chat/completions "HTTP/1.1 200 OK"

2026-08-17 12:52:43,868 - INFO - HTTP Request: POST http://localhost:8005/v1/chat/completions "HTTP/1.1 200 OK"

2026-08-17 12:52:53,000 - INFO - HTTP Request: POST http://localhost:8005/v1/chat/completions "HTTP/1.1 200 OK"
2026-08-17 12:52:56,149 - INFO - HTTP Request: POST http://localhost:8005/v1/chat/completions "HTTP/1.1 200 OK"

2026-08-17 12:53:03,759 - INFO - HTTP Request: POST http://localhost:8005/v1/chat/completions "HTTP/1.1 200 OK"
2026-08-17 12:53:04,495 - INFO - HTTP Request: POST http://localhost:8005/v1/chat/completions "HTTP/1.1 200 OK"
2026-08-17 12:53:09,029 - INFO - HTTP Request: POST http://localhost:8005/v1/chat/completions "HTTP/1.1 200 OK"

2026-08-17 12:53:15,127 - INFO - HTTP Request: POST http://localhost:8005/v1/chat/completions "HTTP/1.1 200 OK"

2026-08-17 12:53:16,870 - INFO - HTTP Request: POST http://localhost:8005/v1/chat/completions "HTTP/1.1 200 OK"
2026-08-17 12:53:17,088 - INFO - HTTP Request: POST http://localhost:8005/v1/chat/completions "HTTP/1.1 200 OK"

2026-08-17 12:53:30,457 - INFO - HTTP Request: POST http://localhost:8005/v1/chat/completions "HTTP/1.1 200 OK"

2026-08-17 12:53:38,493 - INFO - HTTP Request: POST http://localhost:8005/v1/chat/completions "HTTP/1.1 200 OK"
2026-08-17 12:53:44,901 - INFO - HTTP Request: POST http://localhost:8005/v1/chat/completions "HTTP/1.1 200 OK"
2026-08-17 12:53:47,183 - INFO - HTTP Request: POST http://localhost:8005/v1/chat/completions "HTTP/1.1 200 OK"
2026-08-17 12:53:56,283 - INFO - HTTP Request: POST http://localhost:8005/v1/chat/completions "HTTP/1.1 200 OK"

2026-08-17 12:54:00,430 - INFO - HTTP Request: POST http://localhost:8005/v1/chat/completions "HTTP/1.1 200 OK"

2026-08-17 12:54:00,649 - INFO - HTTP Request: POST http://localhost:8005/v1/chat/completions "HTTP/1.1 200 OK"

2026-08-17 12:54:00,650 - INFO - HTTP Request: POST http://localhost:8005/v1/chat/completions "HTTP/1.1 200 OK"
2026-08-17 12:54:12,493 - INFO - HTTP Request: POST http://localhost:8005/v1/chat/completions "HTTP/1.1 200 OK"

2026-08-17 12:54:27,699 - INFO - HTTP Request: POST http://localhost:8005/v1/chat/completions "HTTP/1.1 200 OK"
2026-08-17 12:54:33,663 - INFO - HTTP Request: POST http://localhost:8005/v1/chat/completions "HTTP/1.1 200 OK"
2026-08-17 12:54:34,399 - INFO - HTTP Request: POST http://localhost:8005/v1/chat/completions "HTTP/1.1 200 OK"
2026-08-17 12:54:39,750 - INFO - HTTP Request: POST http://localhost:8005/v1/chat/completions "HTTP/1.1 200 OK"

r0_cfg30:  26%|██▌       | 13/50 [23:15<1:23:10, 134.88s/it]2026-08-17 12:54:46,722 - INFO - HTTP Request: POST http://localhost:8005/v1/chat/completions "HTTP/1.1 200 OK"
2026-08-17 12:54:46,942 - INFO - HTTP Request: POST http://localhost:8005/v1/chat/completions "HTTP/1.1 200 OK"

2026-08-17 12:54:46,943 - INFO - HTTP Request: POST http://localhost:8005/v1/chat/completions "HTTP/1.1 200 OK"
r0_cfg30:  28%|██▊       | 14/50 [23:22<57:47, 96.31s/it]   
2026-08-17 12:54:58,780 - INFO - HTTP Request: POST http://localhost:8005/v1/chat/completions "HTTP/1.1 200 OK"

r0_cfg30:  32%|███▏      | 16/50 [23:34<30:50, 54.44s/it]2026-08-17 12:55:01,819 - INFO - HTTP Request: POST http://localhost:8005/v1/chat/completions "HTTP/1.1 200 OK"
2026-08-17 12:55:09,364 - INFO - HTTP Request: POST http://localhost:8005/v1/chat/completions "HTTP/1.1 200 OK"
2026-08-17 12:55:09,581 - INFO - HTTP Request: POST http://localhost:8005/v1/chat/completions "HTTP/1.1 200 OK"
2026-08-17 12:55:14,411 - INFO - HTTP Request: POST http://localhost:8005/v1/chat/completions "HTTP/1.1 200 OK"

2026-08-17 12:55:20,072 - INFO - HTTP Request: POST http://localhost:8005/v1/chat/completions "HTTP/1.1 200 OK"

2026-08-17 12:55:21,814 - INFO - HTTP Request: POST http://localhost:8005/v1/chat/completions "HTTP/1.1 200 OK"
2026-08-17 12:55:22,547 - INFO - HTTP Request: POST http://localhost:8005/v1/chat/completions "HTTP/1.1 200 OK"

2026-08-17 12:55:34,360 - INFO - HTTP Request: POST http://localhost:8005/v1/chat/completions "HTTP/1.1 200 OK"

2026-08-17 12:55:40,873 - INFO - HTTP Request: POST http://localhost:8005/v1/chat/completions "HTTP/1.1 200 OK"
2026-08-17 12:55:46,898 - INFO - HTTP Request: POST http://localhost:8005/v1/chat/completions "HTTP/1.1 200 OK"
2026-08-17 12:55:49,450 - INFO - HTTP Request: POST http://localhost:8005/v1/chat/completions "HTTP/1.1 200 OK"
2026-08-17 12:55:51,079 - INFO - HTTP Request: POST http://localhost:8005/v1/chat/completions "HTTP/1.1 200 OK"

2026-08-17 12:55:59,572 - INFO - HTTP Request: POST http://localhost:8005/v1/chat/completions "HTTP/1.1 200 OK"

2026-08-17 12:56:01,531 - INFO - HTTP Request: POST http://localhost:8005/v1/chat/completions "HTTP/1.1 200 OK"
2026-08-17 12:56:04,081 - INFO - HTTP Request: POST http://localhost:8005/v1/chat/completions "HTTP/1.1 200 OK"

2026-08-17 12:56:15,386 - INFO - HTTP Request: POST http://localhost:8005/v1/chat/completions "HTTP/1.1 200 OK"

2026-08-17 12:56:15,819 - INFO - HTTP Request: POST http://localhost:8005/v1/chat/completions "HTTP/1.1 200 OK"
2026-08-17 12:56:24,673 - INFO - HTTP Request: POST http://localhost:8005/v1/chat/completions "HTTP/1.1 200 OK"
2026-08-17 12:56:29,183 - INFO - HTTP Request: POST http://localhost:8005/v1/chat/completions "HTTP/1.1 200 OK"
2026-08-17 12:56:31,465 - INFO - HTTP Request: POST http://localhost:8005/v1/chat/completions "HTTP/1.1 200 OK"

2026-08-17 12:56:35,393 - INFO - HTTP Request: POST http://localhost:8005/v1/chat/completions "HTTP/1.1 200 OK"

2026-08-17 12:56:40,836 - INFO - HTTP Request: POST http://localhost:8005/v1/chat/completions "HTTP/1.1 200 OK"
2026-08-17 12:56:43,821 - INFO - HTTP Request: POST http://localhost:8005/v1/chat/completions "HTTP/1.1 200 OK"

2026-08-17 12:56:55,348 - INFO - HTTP Request: POST http://localhost:8005/v1/chat/completions "HTTP/1.1 200 OK"

2026-08-17 12:56:55,349 - INFO - HTTP Request: POST http://localhost:8005/v1/chat/completions "HTTP/1.1 200 OK"
2026-08-17 12:57:00,282 - INFO - HTTP Request: POST http://localhost:8005/v1/chat/completions "HTTP/1.1 200 OK"
2026-08-17 12:57:08,555 - INFO - HTTP Request: POST http://localhost:8005/v1/chat/completions "HTTP/1.1 200 OK"

2026-08-17 12:57:08,773 - INFO - HTTP Request: POST http://localhost:8005/v1/chat/completions "HTTP/1.1 200 OK"
2026-08-17 12:57:13,303 - INFO - HTTP Request: POST http://localhost:8005/v1/chat/completions "HTTP/1.1 200 OK"

2026-08-17 12:57:20,050 - INFO - HTTP Request: POST http://localhost:8005/v1/chat/completions "HTTP/1.1 200 OK"
2026-08-17 12:57:21,898 - INFO - HTTP Request: POST http://localhost:8005/v1/chat/completions "HTTP/1.1 200 OK"

2026-08-17 12:57:29,082 - INFO - HTTP Request: POST http://localhost:8005/v1/chat/completions "HTTP/1.1 200 OK"
2026-08-17 12:57:32,936 - INFO - HTTP Request: POST http://localhost:8005/v1/chat/completions "HTTP/1.1 200 OK"

2026-08-17 12:57:33,370 - INFO - HTTP Request: POST http://localhost:8005/v1/chat/completions "HTTP/1.1 200 OK"
2026-08-17 12:57:41,155 - INFO - HTTP Request: POST http://localhost:8005/v1/chat/completions "HTTP/1.1 200 OK"

2026-08-17 12:57:42,463 - INFO - HTTP Request: POST http://localhost:8005/v1/chat/completions "HTTP/1.1 200 OK"
2026-08-17 12:57:46,480 - INFO - HTTP Request: POST http://localhost:8005/v1/chat/completions "HTTP/1.1 200 OK"

2026-08-17 12:57:53,005 - INFO - HTTP Request: POST http://localhost:8005/v1/chat/completions "HTTP/1.1 200 OK"

2026-08-17 12:57:53,438 - INFO - HTTP Request: POST http://localhost:8005/v1/chat/completions "HTTP/1.1 200 OK"
2026-08-17 12:58:07,071 - INFO - HTTP Request: POST http://localhost:8005/v1/chat/completions "HTTP/1.1 200 OK"

2026-08-17 12:58:10,546 - INFO - HTTP Request: POST http://localhost:8005/v1/chat/completions "HTTP/1.1 200 OK"
2026-08-17 12:58:15,865 - INFO - HTTP Request: POST http://localhost:8005/v1/chat/completions "HTTP/1.1 200 OK"
2026-08-17 12:58:22,768 - INFO - HTTP Request: POST http://localhost:8005/v1/chat/completions "HTTP/1.1 200 OK"
2026-08-17 12:58:26,134 - INFO - HTTP Request: POST http://localhost:8005/v1/chat/completions "HTTP/1.1 200 OK"

2026-08-17 12:58:31,362 - INFO - HTTP Request: POST http://localhost:8005/v1/chat/completions "HTTP/1.1 200 OK"

2026-08-17 12:58:36,802 - INFO - HTTP Request: POST http://localhost:8005/v1/chat/completions "HTTP/1.1 200 OK"
2026-08-17 12:58:37,020 - INFO - HTTP Request: POST http://localhost:8005/v1/chat/completions "HTTP/1.1 200 OK"

2026-08-17 12:58:46,476 - INFO - HTTP Request: POST http://localhost:8005/v1/chat/completions "HTTP/1.1 200 OK"
2026-08-17 12:58:51,640 - INFO - HTTP Request: POST http://localhost:8005/v1/chat/completions "HTTP/1.1 200 OK"

2026-08-17 12:58:52,075 - INFO - HTTP Request: POST http://localhost:8005/v1/chat/completions "HTTP/1.1 200 OK"
2026-08-17 12:58:58,114 - INFO - HTTP Request: POST http://localhost:8005/v1/chat/completions "HTTP/1.1 200 OK"
2026-08-17 12:59:00,831 - INFO - HTTP Request: POST http://localhost:8005/v1/chat/completions "HTTP/1.1 200 OK"

2026-08-17 12:59:02,794 - INFO - HTTP Request: POST http://localhost:8005/v1/chat/completions "HTTP/1.1 200 OK"

2026-08-17 12:59:12,367 - INFO - HTTP Request: POST http://localhost:8005/v1/chat/completions "HTTP/1.1 200 OK"
2026-08-17 12:59:16,661 - INFO - HTTP Request: POST http://localhost:8005/v1/chat/completions "HTTP/1.1 200 OK"

2026-08-17 12:59:26,014 - INFO - HTTP Request: POST http://localhost:8005/v1/chat/completions "HTTP/1.1 200 OK"

2026-08-17 12:59:30,359 - INFO - HTTP Request: POST http://localhost:8005/v1/chat/completions "HTTP/1.1 200 OK"
2026-08-17 12:59:32,691 - INFO - HTTP Request: POST http://localhost:8005/v1/chat/completions "HTTP/1.1 200 OK"
2026-08-17 12:59:42,654 - INFO - HTTP Request: POST http://localhost:8005/v1/chat/completions "HTTP/1.1 200 OK"

2026-08-17 12:59:46,361 - INFO - HTTP Request: POST http://localhost:8005/v1/chat/completions "HTTP/1.1 200 OK"

2026-08-17 12:59:46,579 - INFO - HTTP Request: POST http://localhost:8005/v1/chat/completions "HTTP/1.1 200 OK"
2026-08-17 12:59:56,250 - INFO - HTTP Request: POST http://localhost:8005/v1/chat/completions "HTTP/1.1 200 OK"
2026-08-17 13:00:02,070 - INFO - HTTP Request: POST http://localhost:8005/v1/chat/completions "HTTP/1.1 200 OK"

2026-08-17 13:00:12,300 - INFO - HTTP Request: POST http://localhost:8005/v1/chat/completions "HTTP/1.1 200 OK"

2026-08-17 13:00:15,782 - INFO - HTTP Request: POST http://localhost:8005/v1/chat/completions "HTTP/1.1 200 OK"
2026-08-17 13:00:20,073 - INFO - HTTP Request: POST http://localhost:8005/v1/chat/completions "HTTP/1.1 200 OK"
2026-08-17 13:00:29,376 - INFO - HTTP Request: POST http://localhost:8005/v1/chat/completions "HTTP/1.1 200 OK"

r0_cfg30:  34%|███▍      | 17/50 [29:04<1:07:42, 123.10s/it]2026-08-17 13:00:31,553 - INFO - HTTP Request: POST http://localhost:8005/v1/chat/completions "HTTP/1.1 200 OK"

r0_cfg30:  36%|███▌      | 18/50 [29:07<48:44, 91.41s/it]   2026-08-17 13:00:35,896 - INFO - HTTP Request: POST http://localhost:8005/v1/chat/completions "HTTP/1.1 200 OK"
2026-08-17 13:00:46,001 - INFO - HTTP Request: POST http://localhost:8005/v1/chat/completions "HTTP/1.1 200 OK"
2026-08-17 13:00:52,035 - INFO - HTTP Request: POST http://localhost:8005/v1/chat/completions "HTTP/1.1 200 OK"
2026-08-17 13:00:53,664 - INFO - HTTP Request: POST http://localhost:8005/v1/chat/completions "HTTP/1.1 200 OK"

r0_cfg30:  38%|███▊      | 19/50 [29:29<37:28, 72.53s/it]2026-08-17 13:00:54,535 - INFO - HTTP Request: POST http://localhost:8005/v1/chat/completions "HTTP/1.1 200 OK"
2026-08-17 13:01:00,746 - INFO - HTTP Request: POST http://localhost:8005/v1/chat/completions "HTTP/1.1 200 OK"

r0_cfg30:  40%|████      | 20/50 [29:36<27:05, 54.19s/it]2026-08-17 13:01:07,930 - INFO - HTTP Request: POST http://localhost:8005/v1/chat/completions "HTTP/1.1 200 OK"

2026-08-17 13:01:08,366 - INFO - HTTP Request: POST http://localhost:8005/v1/chat/completions "HTTP/1.1 200 OK"

2026-08-17 13:01:15,963 - INFO - HTTP Request: POST http://localhost:8005/v1/chat/completions "HTTP/1.1 200 OK"
2026-08-17 13:01:22,998 - INFO - HTTP Request: POST http://localhost:8005/v1/chat/completions "HTTP/1.1 200 OK"
2026-08-17 13:01:28,102 - INFO - HTTP Request: POST http://localhost:8005/v1/chat/completions "HTTP/1.1 200 OK"

2026-08-17 13:01:34,188 - INFO - HTTP Request: POST http://localhost:8005/v1/chat/completions "HTTP/1.1 200 OK"

2026-08-17 13:01:34,623 - INFO - HTTP Request: POST http://localhost:8005/v1/chat/completions "HTTP/1.1 200 OK"
2026-08-17 13:01:35,344 - INFO - HTTP Request: POST http://localhost:8005/v1/chat/completions "HTTP/1.1 200 OK"
2026-08-17 13:01:47,502 - INFO - HTTP Request: POST http://localhost:8005/v1/chat/completions "HTTP/1.1 200 OK"

2026-08-17 13:01:48,593 - INFO - HTTP Request: POST http://localhost:8005/v1/chat/completions "HTTP/1.1 200 OK"

2026-08-17 13:01:54,889 - INFO - HTTP Request: POST http://localhost:8005/v1/chat/completions "HTTP/1.1 200 OK"
2026-08-17 13:02:01,275 - INFO - HTTP Request: POST http://localhost:8005/v1/chat/completions "HTTP/1.1 200 OK"
2026-08-17 13:02:08,772 - INFO - HTTP Request: POST http://localhost:8005/v1/chat/completions "HTTP/1.1 200 OK"

2026-08-17 13:02:12,473 - INFO - HTTP Request: POST http://localhost:8005/v1/chat/completions "HTTP/1.1 200 OK"
2026-08-17 13:02:12,474 - INFO - HTTP Request: POST http://localhost:8005/v1/chat/completions "HTTP/1.1 200 OK"

2026-08-17 13:02:13,930 - INFO - HTTP Request: POST http://localhost:8005/v1/chat/completions "HTTP/1.1 200 OK"
2026-08-17 13:02:26,491 - INFO - HTTP Request: POST http://localhost:8005/v1/chat/completions "HTTP/1.1 200 OK"

2026-08-17 13:02:29,327 - INFO - HTTP Request: POST http://localhost:8005/v1/chat/completions "HTTP/1.1 200 OK"

2026-08-17 13:02:33,893 - INFO - HTTP Request: POST http://localhost:8005/v1/chat/completions "HTTP/1.1 200 OK"
2026-08-17 13:02:37,886 - INFO - HTTP Request: POST http://localhost:8005/v1/chat/completions "HTTP/1.1 200 OK"
2026-08-17 13:02:46,908 - INFO - HTTP Request: POST http://localhost:8005/v1/chat/completions "HTTP/1.1 200 OK"

2026-08-17 13:02:49,309 - INFO - HTTP Request: POST http://localhost:8005/v1/chat/completions "HTTP/1.1 200 OK"

2026-08-17 13:02:51,052 - INFO - HTTP Request: POST http://localhost:8005/v1/chat/completions "HTTP/1.1 200 OK"
2026-08-17 13:02:54,413 - INFO - HTTP Request: POST http://localhost:8005/v1/chat/completions "HTTP/1.1 200 OK"
2026-08-17 13:03:04,091 - INFO - HTTP Request: POST http://localhost:8005/v1/chat/completions "HTTP/1.1 200 OK"

2026-08-17 13:03:06,927 - INFO - HTTP Request: POST http://localhost:8005/v1/chat/completions "HTTP/1.1 200 OK"

2026-08-17 13:03:11,705 - INFO - HTTP Request: POST http://localhost:8005/v1/chat/completions "HTTP/1.1 200 OK"
2026-08-17 13:03:14,327 - INFO - HTTP Request: POST http://localhost:8005/v1/chat/completions "HTTP/1.1 200 OK"
2026-08-17 13:03:24,000 - INFO - HTTP Request: POST http://localhost:8005/v1/chat/completions "HTTP/1.1 200 OK"

2026-08-17 13:03:24,435 - INFO - HTTP Request: POST http://localhost:8005/v1/chat/completions "HTTP/1.1 200 OK"
2026-08-17 13:03:27,159 - INFO - HTTP Request: POST http://localhost:8005/v1/chat/completions "HTTP/1.1 200 OK"
2026-08-17 13:03:27,160 - INFO - HTTP Request: POST http://localhost:8005/v1/chat/completions "HTTP/1.1 200 OK"

2026-08-17 13:03:37,762 - INFO - HTTP Request: POST http://localhost:8005/v1/chat/completions "HTTP/1.1 200 OK"

2026-08-17 13:03:40,809 - INFO - HTTP Request: POST http://localhost:8005/v1/chat/completions "HTTP/1.1 200 OK"

2026-08-17 13:03:44,501 - INFO - HTTP Request: POST http://localhost:8005/v1/chat/completions "HTTP/1.1 200 OK"
2026-08-17 13:03:47,623 - INFO - HTTP Request: POST http://localhost:8005/v1/chat/completions "HTTP/1.1 200 OK"
2026-08-17 13:03:57,080 - INFO - HTTP Request: POST http://localhost:8005/v1/chat/completions "HTTP/1.1 200 OK"

2026-08-17 13:03:57,514 - INFO - HTTP Request: POST http://localhost:8005/v1/chat/completions "HTTP/1.1 200 OK"

2026-08-17 13:04:07,069 - INFO - HTTP Request: POST http://localhost:8005/v1/chat/completions "HTTP/1.1 200 OK"
2026-08-17 13:04:10,431 - INFO - HTTP Request: POST http://localhost:8005/v1/chat/completions "HTTP/1.1 200 OK"
2026-08-17 13:04:21,853 - INFO - HTTP Request: POST http://localhost:8005/v1/chat/completions "HTTP/1.1 200 OK"

2026-08-17 13:04:25,987 - INFO - HTTP Request: POST http://localhost:8005/v1/chat/completions "HTTP/1.1 200 OK"

2026-08-17 13:04:26,421 - INFO - HTTP Request: POST http://localhost:8005/v1/chat/completions "HTTP/1.1 200 OK"
2026-08-17 13:04:27,155 - INFO - HTTP Request: POST http://localhost:8005/v1/chat/completions "HTTP/1.1 200 OK"
2026-08-17 13:04:40,018 - INFO - HTTP Request: POST http://localhost:8005/v1/chat/completions "HTTP/1.1 200 OK"

2026-08-17 13:04:41,108 - INFO - HTTP Request: POST http://localhost:8005/v1/chat/completions "HTTP/1.1 200 OK"

2026-08-17 13:04:42,412 - INFO - HTTP Request: POST http://localhost:8005/v1/chat/completions "HTTP/1.1 200 OK"
2026-08-17 13:04:46,863 - INFO - HTTP Request: POST http://localhost:8005/v1/chat/completions "HTTP/1.1 200 OK"
2026-08-17 13:04:57,469 - INFO - HTTP Request: POST http://localhost:8005/v1/chat/completions "HTTP/1.1 200 OK"

2026-08-17 13:04:59,647 - INFO - HTTP Request: POST http://localhost:8005/v1/chat/completions "HTTP/1.1 200 OK"

2026-08-17 13:05:00,734 - INFO - HTTP Request: POST http://localhost:8005/v1/chat/completions "HTTP/1.1 200 OK"
2026-08-17 13:05:02,142 - INFO - HTTP Request: POST http://localhost:8005/v1/chat/completions "HTTP/1.1 200 OK"
2026-08-17 13:05:12,678 - INFO - HTTP Request: POST http://localhost:8005/v1/chat/completions "HTTP/1.1 200 OK"

2026-08-17 13:05:19,419 - INFO - HTTP Request: POST http://localhost:8005/v1/chat/completions "HTTP/1.1 200 OK"

2026-08-17 13:05:27,239 - INFO - HTTP Request: POST http://localhost:8005/v1/chat/completions "HTTP/1.1 200 OK"
2026-08-17 13:05:29,786 - INFO - HTTP Request: POST http://localhost:8005/v1/chat/completions "HTTP/1.1 200 OK"
2026-08-17 13:05:37,729 - INFO - HTTP Request: POST http://localhost:8005/v1/chat/completions "HTTP/1.1 200 OK"

2026-08-17 13:05:42,525 - INFO - HTTP Request: POST http://localhost:8005/v1/chat/completions "HTTP/1.1 200 OK"
2026-08-17 13:05:44,371 - INFO - HTTP Request: POST http://localhost:8005/v1/chat/completions "HTTP/1.1 200 OK"

2026-08-17 13:05:49,602 - INFO - HTTP Request: POST http://localhost:8005/v1/chat/completions "HTTP/1.1 200 OK"
2026-08-17 13:05:54,036 - INFO - HTTP Request: POST http://localhost:8005/v1/chat/completions "HTTP/1.1 200 OK"

2026-08-17 13:06:03,829 - INFO - HTTP Request: POST http://localhost:8005/v1/chat/completions "HTTP/1.1 200 OK"

2026-08-17 13:06:11,003 - INFO - HTTP Request: POST http://localhost:8005/v1/chat/completions "HTTP/1.1 200 OK"
2026-08-17 13:06:18,117 - INFO - HTTP Request: POST http://localhost:8005/v1/chat/completions "HTTP/1.1 200 OK"
2026-08-17 13:06:25,409 - INFO - HTTP Request: POST http://localhost:8005/v1/chat/completions "HTTP/1.1 200 OK"

r0_cfg30:  42%|████▏     | 21/50 [35:00<1:03:33, 131.50s/it]2026-08-17 13:06:27,807 - INFO - HTTP Request: POST http://localhost:8005/v1/chat/completions "HTTP/1.1 200 OK"
2026-08-17 13:06:30,739 - INFO - HTTP Request: POST http://localhost:8005/v1/chat/completions "HTTP/1.1 200 OK"

r0_cfg30:  44%|████▍     | 22/50 [35:06<44:17, 94.92s/it]   2026-08-17 13:06:37,482 - INFO - HTTP Request: POST http://localhost:8005/v1/chat/completions "HTTP/1.1 200 OK"
2026-08-17 13:06:40,393 - INFO - HTTP Request: POST http://localhost:8005/v1/chat/completions "HTTP/1.1 200 OK"

r0_cfg30:  46%|████▌     | 23/50 [35:15<31:28, 69.95s/it]2026-08-17 13:06:48,002 - INFO - HTTP Request: POST http://localhost:8005/v1/chat/completions "HTTP/1.1 200 OK"
2026-08-17 13:06:48,218 - INFO - HTTP Request: POST http://localhost:8005/v1/chat/completions "HTTP/1.1 200 OK"

r0_cfg30:  48%|████▊     | 24/50 [35:23<22:22, 51.62s/it]2026-08-17 13:06:53,318 - INFO - HTTP Request: POST http://localhost:8005/v1/chat/completions "HTTP/1.1 200 OK"
2026-08-17 13:07:02,774 - INFO - HTTP Request: POST http://localhost:8005/v1/chat/completions "HTTP/1.1 200 OK"
2026-08-17 13:07:03,751 - INFO - HTTP Request: POST http://localhost:8005/v1/chat/completions "HTTP/1.1 200 OK"

2026-08-17 13:07:10,934 - INFO - HTTP Request: POST http://localhost:8005/v1/chat/completions "HTTP/1.1 200 OK"
2026-08-17 13:07:12,176 - INFO - HTTP Request: POST http://localhost:8005/v1/chat/completions "HTTP/1.1 200 OK"

2026-08-17 13:07:15,007 - INFO - HTTP Request: POST http://localhost:8005/v1/chat/completions "HTTP/1.1 200 OK"

2026-08-17 13:07:23,919 - INFO - HTTP Request: POST http://localhost:8005/v1/chat/completions "HTTP/1.1 200 OK"

2026-08-17 13:07:30,215 - INFO - HTTP Request: POST http://localhost:8005/v1/chat/completions "HTTP/1.1 200 OK"
2026-08-17 13:07:38,577 - INFO - HTTP Request: POST http://localhost:8005/v1/chat/completions "HTTP/1.1 200 OK"
2026-08-17 13:07:40,203 - INFO - HTTP Request: POST http://localhost:8005/v1/chat/completions "HTTP/1.1 200 OK"

2026-08-17 13:07:41,727 - INFO - HTTP Request: POST http://localhost:8005/v1/chat/completions "HTTP/1.1 200 OK"
2026-08-17 13:07:50,973 - INFO - HTTP Request: POST http://localhost:8005/v1/chat/completions "HTTP/1.1 200 OK"
2026-08-17 13:07:54,182 - INFO - HTTP Request: POST http://localhost:8005/v1/chat/completions "HTTP/1.1 200 OK"

2026-08-17 13:07:54,617 - INFO - HTTP Request: POST http://localhost:8005/v1/chat/completions "HTTP/1.1 200 OK"

2026-08-17 13:08:04,184 - INFO - HTTP Request: POST http://localhost:8005/v1/chat/completions "HTTP/1.1 200 OK"

2026-08-17 13:08:05,271 - INFO - HTTP Request: POST http://localhost:8005/v1/chat/completions "HTTP/1.1 200 OK"
2026-08-17 13:08:16,240 - INFO - HTTP Request: POST http://localhost:8005/v1/chat/completions "HTTP/1.1 200 OK"

2026-08-17 13:08:18,854 - INFO - HTTP Request: POST http://localhost:8005/v1/chat/completions "HTTP/1.1 200 OK"
2026-08-17 13:08:19,573 - INFO - HTTP Request: POST http://localhost:8005/v1/chat/completions "HTTP/1.1 200 OK"
2026-08-17 13:08:29,502 - INFO - HTTP Request: POST http://localhost:8005/v1/chat/completions "HTTP/1.1 200 OK"
2026-08-17 13:08:33,143 - INFO - HTTP Request: POST http://localhost:8005/v1/chat/completions "HTTP/1.1 200 OK"

2026-08-17 13:08:34,677 - INFO - HTTP Request: POST http://localhost:8005/v1/chat/completions "HTTP/1.1 200 OK"

2026-08-17 13:08:40,771 - INFO - HTTP Request: POST http://localhost:8005/v1/chat/completions "HTTP/1.1 200 OK"
2026-08-17 13:08:43,917 - INFO - HTTP Request: POST http://localhost:8005/v1/chat/completions "HTTP/1.1 200 OK"

2026-08-17 13:08:53,486 - INFO - HTTP Request: POST http://localhost:8005/v1/chat/completions "HTTP/1.1 200 OK"

2026-08-17 13:08:57,401 - INFO - HTTP Request: POST http://localhost:8005/v1/chat/completions "HTTP/1.1 200 OK"
2026-08-17 13:08:59,240 - INFO - HTTP Request: POST http://localhost:8005/v1/chat/completions "HTTP/1.1 200 OK"
2026-08-17 13:09:08,698 - INFO - HTTP Request: POST http://localhost:8005/v1/chat/completions "HTTP/1.1 200 OK"
2026-08-17 13:09:10,764 - INFO - HTTP Request: POST http://localhost:8005/v1/chat/completions "HTTP/1.1 200 OK"

2026-08-17 13:09:11,863 - INFO - HTTP Request: POST http://localhost:8005/v1/chat/completions "HTTP/1.1 200 OK"

2026-08-17 13:09:13,829 - INFO - HTTP Request: POST http://localhost:8005/v1/chat/completions "HTTP/1.1 200 OK"
2026-08-17 13:09:21,113 - INFO - HTTP Request: POST http://localhost:8005/v1/chat/completions "HTTP/1.1 200 OK"

2026-08-17 13:09:25,033 - INFO - HTTP Request: POST http://localhost:8005/v1/chat/completions "HTTP/1.1 200 OK"

2026-08-17 13:09:30,895 - INFO - HTTP Request: POST http://localhost:8005/v1/chat/completions "HTTP/1.1 200 OK"
2026-08-17 13:09:31,869 - INFO - HTTP Request: POST http://localhost:8005/v1/chat/completions "HTTP/1.1 200 OK"
2026-08-17 13:09:40,674 - INFO - HTTP Request: POST http://localhost:8005/v1/chat/completions "HTTP/1.1 200 OK"

2026-08-17 13:09:41,547 - INFO - HTTP Request: POST http://localhost:8005/v1/chat/completions "HTTP/1.1 200 OK"
2026-08-17 13:09:44,531 - INFO - HTTP Request: POST http://localhost:8005/v1/chat/completions "HTTP/1.1 200 OK"

2026-08-17 13:09:53,230 - INFO - HTTP Request: POST http://localhost:8005/v1/chat/completions "HTTP/1.1 200 OK"

2026-08-17 13:09:54,751 - INFO - HTTP Request: POST http://localhost:8005/v1/chat/completions "HTTP/1.1 200 OK"
2026-08-17 13:10:08,977 - INFO - HTTP Request: POST http://localhost:8005/v1/chat/completions "HTTP/1.1 200 OK"

2026-08-17 13:10:10,064 - INFO - HTTP Request: POST http://localhost:8005/v1/chat/completions "HTTP/1.1 200 OK"
2026-08-17 13:10:13,861 - INFO - HTTP Request: POST http://localhost:8005/v1/chat/completions "HTTP/1.1 200 OK"
2026-08-17 13:10:22,886 - INFO - HTTP Request: POST http://localhost:8005/v1/chat/completions "HTTP/1.1 200 OK"
2026-08-17 13:10:23,622 - INFO - HTTP Request: POST http://localhost:8005/v1/chat/completions "HTTP/1.1 200 OK"

2026-08-17 13:10:24,299 - INFO - HTTP Request: POST http://localhost:8005/v1/chat/completions "HTTP/1.1 200 OK"

2026-08-17 13:10:29,954 - INFO - HTTP Request: POST http://localhost:8005/v1/chat/completions "HTTP/1.1 200 OK"
2026-08-17 13:10:33,541 - INFO - HTTP Request: POST http://localhost:8005/v1/chat/completions "HTTP/1.1 200 OK"

2026-08-17 13:10:43,111 - INFO - HTTP Request: POST http://localhost:8005/v1/chat/completions "HTTP/1.1 200 OK"

2026-08-17 13:10:43,980 - INFO - HTTP Request: POST http://localhost:8005/v1/chat/completions "HTTP/1.1 200 OK"
2026-08-17 13:10:44,956 - INFO - HTTP Request: POST http://localhost:8005/v1/chat/completions "HTTP/1.1 200 OK"
2026-08-17 13:10:54,200 - INFO - HTTP Request: POST http://localhost:8005/v1/chat/completions "HTTP/1.1 200 OK"
2026-08-17 13:10:58,500 - INFO - HTTP Request: POST http://localhost:8005/v1/chat/completions "HTTP/1.1 200 OK"

2026-08-17 13:11:02,205 - INFO - HTTP Request: POST http://localhost:8005/v1/chat/completions "HTTP/1.1 200 OK"

2026-08-17 13:11:03,730 - INFO - HTTP Request: POST http://localhost:8005/v1/chat/completions "HTTP/1.1 200 OK"

2026-08-17 13:11:13,285 - INFO - HTTP Request: POST http://localhost:8005/v1/chat/completions "HTTP/1.1 200 OK"
2026-08-17 13:11:27,308 - INFO - HTTP Request: POST http://localhost:8005/v1/chat/completions "HTTP/1.1 200 OK"

2026-08-17 13:11:27,969 - INFO - HTTP Request: POST http://localhost:8005/v1/chat/completions "HTTP/1.1 200 OK"
2026-08-17 13:11:31,987 - INFO - HTTP Request: POST http://localhost:8005/v1/chat/completions "HTTP/1.1 200 OK"
2026-08-17 13:11:33,832 - INFO - HTTP Request: POST http://localhost:8005/v1/chat/completions "HTTP/1.1 200 OK"
2026-08-17 13:11:41,180 - INFO - HTTP Request: POST http://localhost:8005/v1/chat/completions "HTTP/1.1 200 OK"

2026-08-17 13:11:46,199 - INFO - HTTP Request: POST http://localhost:8005/v1/chat/completions "HTTP/1.1 200 OK"

2026-08-17 13:11:48,383 - INFO - HTTP Request: POST http://localhost:8005/v1/chat/completions "HTTP/1.1 200 OK"

2026-08-17 13:12:00,765 - INFO - HTTP Request: POST http://localhost:8005/v1/chat/completions "HTTP/1.1 200 OK"
2026-08-17 13:12:13,263 - INFO - HTTP Request: POST http://localhost:8005/v1/chat/completions "HTTP/1.1 200 OK"

r0_cfg30:  50%|█████     | 25/50 [40:48<55:17, 132.68s/it]2026-08-17 13:12:14,568 - INFO - HTTP Request: POST http://localhost:8005/v1/chat/completions "HTTP/1.1 200 OK"
2026-08-17 13:12:19,236 - INFO - HTTP Request: POST http://localhost:8005/v1/chat/completions "HTTP/1.1 200 OK"
2026-08-17 13:12:22,445 - INFO - HTTP Request: POST http://localhost:8005/v1/chat/completions "HTTP/1.1 200 OK"
2026-08-17 13:12:28,654 - INFO - HTTP Request: POST http://localhost:8005/v1/chat/completions "HTTP/1.1 200 OK"

r0_cfg30:  52%|█████▏    | 26/50 [41:04<39:06, 97.79s/it] 2026-08-17 13:12:32,358 - INFO - HTTP Request: POST http://localhost:8005/v1/chat/completions "HTTP/1.1 200 OK"

r0_cfg30:  54%|█████▍    | 27/50 [41:07<26:43, 69.72s/it]2026-08-17 13:12:34,970 - INFO - HTTP Request: POST http://localhost:8005/v1/chat/completions "HTTP/1.1 200 OK"

r0_cfg30:  56%|█████▌    | 28/50 [41:10<18:12, 49.67s/it]2026-08-17 13:12:36,271 - INFO - HTTP Request: POST http://localhost:8005/v1/chat/completions "HTTP/1.1 200 OK"
2026-08-17 13:12:50,498 - INFO - HTTP Request: POST http://localhost:8005/v1/chat/completions "HTTP/1.1 200 OK"

2026-08-17 13:12:50,933 - INFO - HTTP Request: POST http://localhost:8005/v1/chat/completions "HTTP/1.1 200 OK"
2026-08-17 13:12:54,509 - INFO - HTTP Request: POST http://localhost:8005/v1/chat/completions "HTTP/1.1 200 OK"
2026-08-17 13:12:57,707 - INFO - HTTP Request: POST http://localhost:8005/v1/chat/completions "HTTP/1.1 200 OK"
2026-08-17 13:13:00,261 - INFO - HTTP Request: POST http://localhost:8005/v1/chat/completions "HTTP/1.1 200 OK"

2026-08-17 13:13:05,048 - INFO - HTTP Request: POST http://localhost:8005/v1/chat/completions "HTTP/1.1 200 OK"

2026-08-17 13:13:10,265 - INFO - HTTP Request: POST http://localhost:8005/v1/chat/completions "HTTP/1.1 200 OK"

2026-08-17 13:13:17,428 - INFO - HTTP Request: POST http://localhost:8005/v1/chat/completions "HTTP/1.1 200 OK"
2026-08-17 13:13:26,663 - INFO - HTTP Request: POST http://localhost:8005/v1/chat/completions "HTTP/1.1 200 OK"
2026-08-17 13:13:31,337 - INFO - HTTP Request: POST http://localhost:8005/v1/chat/completions "HTTP/1.1 200 OK"

2026-08-17 13:13:31,773 - INFO - HTTP Request: POST http://localhost:8005/v1/chat/completions "HTTP/1.1 200 OK"
2026-08-17 13:13:37,138 - INFO - HTTP Request: POST http://localhost:8005/v1/chat/completions "HTTP/1.1 200 OK"
2026-08-17 13:13:38,171 - INFO - HTTP Request: POST http://localhost:8005/v1/chat/completions "HTTP/1.1 200 OK"

2026-08-17 13:13:44,696 - INFO - HTTP Request: POST http://localhost:8005/v1/chat/completions "HTTP/1.1 200 OK"

2026-08-17 13:13:48,395 - INFO - HTTP Request: POST http://localhost:8005/v1/chat/completions "HTTP/1.1 200 OK"

2026-08-17 13:13:56,209 - INFO - HTTP Request: POST http://localhost:8005/v1/chat/completions "HTTP/1.1 200 OK"
2026-08-17 13:14:01,746 - INFO - HTTP Request: POST http://localhost:8005/v1/chat/completions "HTTP/1.1 200 OK"
2026-08-17 13:14:09,799 - INFO - HTTP Request: POST http://localhost:8005/v1/chat/completions "HTTP/1.1 200 OK"
2026-08-17 13:14:10,597 - INFO - HTTP Request: POST http://localhost:8005/v1/chat/completions "HTTP/1.1 200 OK"

2026-08-17 13:14:12,564 - INFO - HTTP Request: POST http://localhost:8005/v1/chat/completions "HTTP/1.1 200 OK"
2026-08-17 13:14:14,463 - INFO - HTTP Request: POST http://localhost:8005/v1/chat/completions "HTTP/1.1 200 OK"

2026-08-17 13:14:23,610 - INFO - HTTP Request: POST http://localhost:8005/v1/chat/completions "HTTP/1.1 200 OK"

2026-08-17 13:14:24,923 - INFO - HTTP Request: POST http://localhost:8005/v1/chat/completions "HTTP/1.1 200 OK"

2026-08-17 13:14:34,912 - INFO - HTTP Request: POST http://localhost:8005/v1/chat/completions "HTTP/1.1 200 OK"
2026-08-17 13:14:38,924 - INFO - HTTP Request: POST http://localhost:8005/v1/chat/completions "HTTP/1.1 200 OK"
2026-08-17 13:14:47,729 - INFO - HTTP Request: POST http://localhost:8005/v1/chat/completions "HTTP/1.1 200 OK"

2026-08-17 13:14:48,165 - INFO - HTTP Request: POST http://localhost:8005/v1/chat/completions "HTTP/1.1 200 OK"
2026-08-17 13:14:49,849 - INFO - HTTP Request: POST http://localhost:8005/v1/chat/completions "HTTP/1.1 200 OK"
2026-08-17 13:14:52,034 - INFO - HTTP Request: POST http://localhost:8005/v1/chat/completions "HTTP/1.1 200 OK"

2026-08-17 13:15:00,958 - INFO - HTTP Request: POST http://localhost:8005/v1/chat/completions "HTTP/1.1 200 OK"

2026-08-17 13:15:03,141 - INFO - HTTP Request: POST http://localhost:8005/v1/chat/completions "HTTP/1.1 200 OK"

2026-08-17 13:15:07,701 - INFO - HTTP Request: POST http://localhost:8005/v1/chat/completions "HTTP/1.1 200 OK"
2026-08-17 13:15:12,265 - INFO - HTTP Request: POST http://localhost:8005/v1/chat/completions "HTTP/1.1 200 OK"
2026-08-17 13:15:18,896 - INFO - HTTP Request: POST http://localhost:8005/v1/chat/completions "HTTP/1.1 200 OK"

2026-08-17 13:15:21,508 - INFO - HTTP Request: POST http://localhost:8005/v1/chat/completions "HTTP/1.1 200 OK"
2026-08-17 13:15:22,528 - INFO - HTTP Request: POST http://localhost:8005/v1/chat/completions "HTTP/1.1 200 OK"

2026-08-17 13:15:23,833 - INFO - HTTP Request: POST http://localhost:8005/v1/chat/completions "HTTP/1.1 200 OK"
2026-08-17 13:15:32,476 - INFO - HTTP Request: POST http://localhost:8005/v1/chat/completions "HTTP/1.1 200 OK"

2026-08-17 13:15:34,000 - INFO - HTTP Request: POST http://localhost:8005/v1/chat/completions "HTTP/1.1 200 OK"

2026-08-17 13:15:48,109 - INFO - HTTP Request: POST http://localhost:8005/v1/chat/completions "HTTP/1.1 200 OK"
2026-08-17 13:15:51,903 - INFO - HTTP Request: POST http://localhost:8005/v1/chat/completions "HTTP/1.1 200 OK"
2026-08-17 13:16:01,795 - INFO - HTTP Request: POST http://localhost:8005/v1/chat/completions "HTTP/1.1 200 OK"
2026-08-17 13:16:02,804 - INFO - HTTP Request: POST http://localhost:8005/v1/chat/completions "HTTP/1.1 200 OK"

2026-08-17 13:16:03,460 - INFO - HTTP Request: POST http://localhost:8005/v1/chat/completions "HTTP/1.1 200 OK"
2026-08-17 13:16:08,189 - INFO - HTTP Request: POST http://localhost:8005/v1/chat/completions "HTTP/1.1 200 OK"

2026-08-17 13:16:14,718 - INFO - HTTP Request: POST http://localhost:8005/v1/chat/completions "HTTP/1.1 200 OK"

2026-08-17 13:16:14,719 - INFO - HTTP Request: POST http://localhost:8005/v1/chat/completions "HTTP/1.1 200 OK"

2026-08-17 13:16:23,189 - INFO - HTTP Request: POST http://localhost:8005/v1/chat/completions "HTTP/1.1 200 OK"
2026-08-17 13:16:28,508 - INFO - HTTP Request: POST http://localhost:8005/v1/chat/completions "HTTP/1.1 200 OK"
2026-08-17 13:16:35,358 - INFO - HTTP Request: POST http://localhost:8005/v1/chat/completions "HTTP/1.1 200 OK"
2026-08-17 13:16:35,359 - INFO - HTTP Request: POST http://localhost:8005/v1/chat/completions "HTTP/1.1 200 OK"
2026-08-17 13:16:41,117 - INFO - HTTP Request: POST http://localhost:8005/v1/chat/completions "HTTP/1.1 200 OK"

2026-08-17 13:16:43,952 - INFO - HTTP Request: POST http://localhost:8005/v1/chat/completions "HTTP/1.1 200 OK"

2026-08-17 13:16:50,485 - INFO - HTTP Request: POST http://localhost:8005/v1/chat/completions "HTTP/1.1 200 OK"

2026-08-17 13:16:51,358 - INFO - HTTP Request: POST http://localhost:8005/v1/chat/completions "HTTP/1.1 200 OK"

2026-08-17 13:17:10,250 - INFO - HTTP Request: POST http://localhost:8005/v1/chat/completions "HTTP/1.1 200 OK"
2026-08-17 13:17:13,396 - INFO - HTTP Request: POST http://localhost:8005/v1/chat/completions "HTTP/1.1 200 OK"
2026-08-17 13:17:20,247 - INFO - HTTP Request: POST http://localhost:8005/v1/chat/completions "HTTP/1.1 200 OK"
2026-08-17 13:17:21,270 - INFO - HTTP Request: POST http://localhost:8005/v1/chat/completions "HTTP/1.1 200 OK"
2026-08-17 13:17:24,267 - INFO - HTTP Request: POST http://localhost:8005/v1/chat/completions "HTTP/1.1 200 OK"

2026-08-17 13:17:24,485 - INFO - HTTP Request: POST http://localhost:8005/v1/chat/completions "HTTP/1.1 200 OK"

2026-08-17 13:17:32,331 - INFO - HTTP Request: POST http://localhost:8005/v1/chat/completions "HTTP/1.1 200 OK"

2026-08-17 13:17:40,387 - INFO - HTTP Request: POST http://localhost:8005/v1/chat/completions "HTTP/1.1 200 OK"

2026-08-17 13:17:56,897 - INFO - HTTP Request: POST http://localhost:8005/v1/chat/completions "HTTP/1.1 200 OK"
2026-08-17 13:17:57,873 - INFO - HTTP Request: POST http://localhost:8005/v1/chat/completions "HTTP/1.1 200 OK"
2026-08-17 13:18:05,593 - INFO - HTTP Request: POST http://localhost:8005/v1/chat/completions "HTTP/1.1 200 OK"
2026-08-17 13:18:13,598 - INFO - HTTP Request: POST http://localhost:8005/v1/chat/completions "HTTP/1.1 200 OK"

r0_cfg30:  58%|█████▊    | 29/50 [46:49<47:38, 136.11s/it]2026-08-17 13:18:13,820 - INFO - HTTP Request: POST http://localhost:8005/v1/chat/completions "HTTP/1.1 200 OK"

r0_cfg30:  60%|██████    | 30/50 [46:49<31:48, 95.43s/it] 2026-08-17 13:18:14,255 - INFO - HTTP Request: POST http://localhost:8005/v1/chat/completions "HTTP/1.1 200 OK"
2026-08-17 13:18:16,371 - INFO - HTTP Request: POST http://localhost:8005/v1/chat/completions "HTTP/1.1 200 OK"

r0_cfg30:  62%|██████▏   | 31/50 [46:51<21:24, 67.60s/it]2026-08-17 13:18:33,980 - INFO - HTTP Request: POST http://localhost:8005/v1/chat/completions "HTTP/1.1 200 OK"

r0_cfg30:  64%|██████▍   | 32/50 [47:09<15:47, 52.62s/it]2026-08-17 13:18:35,933 - INFO - HTTP Request: POST http://localhost:8005/v1/chat/completions "HTTP/1.1 200 OK"
2026-08-17 13:18:36,151 - INFO - HTTP Request: POST http://localhost:8005/v1/chat/completions "HTTP/1.1 200 OK"
2026-08-17 13:18:38,786 - INFO - HTTP Request: POST http://localhost:8005/v1/chat/completions "HTTP/1.1 200 OK"
2026-08-17 13:18:48,256 - INFO - HTTP Request: POST http://localhost:8005/v1/chat/completions "HTTP/1.1 200 OK"

2026-08-17 13:18:48,911 - INFO - HTTP Request: POST http://localhost:8005/v1/chat/completions "HTTP/1.1 200 OK"

2026-08-17 13:18:52,608 - INFO - HTTP Request: POST http://localhost:8005/v1/chat/completions "HTTP/1.1 200 OK"

2026-08-17 13:18:56,731 - INFO - HTTP Request: POST http://localhost:8005/v1/chat/completions "HTTP/1.1 200 OK"
2026-08-17 13:19:09,275 - INFO - HTTP Request: POST http://localhost:8005/v1/chat/completions "HTTP/1.1 200 OK"

2026-08-17 13:19:14,702 - INFO - HTTP Request: POST http://localhost:8005/v1/chat/completions "HTTP/1.1 200 OK"
2026-08-17 13:19:15,678 - INFO - HTTP Request: POST http://localhost:8005/v1/chat/completions "HTTP/1.1 200 OK"
2026-08-17 13:19:19,517 - INFO - HTTP Request: POST http://localhost:8005/v1/chat/completions "HTTP/1.1 200 OK"
2026-08-17 13:19:26,207 - INFO - HTTP Request: POST http://localhost:8005/v1/chat/completions "HTTP/1.1 200 OK"

2026-08-17 13:19:29,256 - INFO - HTTP Request: POST http://localhost:8005/v1/chat/completions "HTTP/1.1 200 OK"

2026-08-17 13:19:32,302 - INFO - HTTP Request: POST http://localhost:8005/v1/chat/completions "HTTP/1.1 200 OK"

2026-08-17 13:19:36,209 - INFO - HTTP Request: POST http://localhost:8005/v1/chat/completions "HTTP/1.1 200 OK"
2026-08-17 13:19:47,670 - INFO - HTTP Request: POST http://localhost:8005/v1/chat/completions "HTTP/1.1 200 OK"

2026-08-17 13:19:50,926 - INFO - HTTP Request: POST http://localhost:8005/v1/chat/completions "HTTP/1.1 200 OK"
2026-08-17 13:19:54,113 - INFO - HTTP Request: POST http://localhost:8005/v1/chat/completions "HTTP/1.1 200 OK"
2026-08-17 13:19:56,391 - INFO - HTTP Request: POST http://localhost:8005/v1/chat/completions "HTTP/1.1 200 OK"
2026-08-17 13:20:00,905 - INFO - HTTP Request: POST http://localhost:8005/v1/chat/completions "HTTP/1.1 200 OK"

2026-08-17 13:20:06,140 - INFO - HTTP Request: POST http://localhost:8005/v1/chat/completions "HTTP/1.1 200 OK"

2026-08-17 13:20:07,671 - INFO - HTTP Request: POST http://localhost:8005/v1/chat/completions "HTTP/1.1 200 OK"

2026-08-17 13:20:12,885 - INFO - HTTP Request: POST http://localhost:8005/v1/chat/completions "HTTP/1.1 200 OK"
2026-08-17 13:20:24,778 - INFO - HTTP Request: POST http://localhost:8005/v1/chat/completions "HTTP/1.1 200 OK"
2026-08-17 13:20:27,965 - INFO - HTTP Request: POST http://localhost:8005/v1/chat/completions "HTTP/1.1 200 OK"

2026-08-17 13:20:30,797 - INFO - HTTP Request: POST http://localhost:8005/v1/chat/completions "HTTP/1.1 200 OK"
2026-08-17 13:20:32,418 - INFO - HTTP Request: POST http://localhost:8005/v1/chat/completions "HTTP/1.1 200 OK"
2026-08-17 13:20:37,968 - INFO - HTTP Request: POST http://localhost:8005/v1/chat/completions "HTTP/1.1 200 OK"

2026-08-17 13:20:43,639 - INFO - HTTP Request: POST http://localhost:8005/v1/chat/completions "HTTP/1.1 200 OK"

2026-08-17 13:20:45,170 - INFO - HTTP Request: POST http://localhost:8005/v1/chat/completions "HTTP/1.1 200 OK"

2026-08-17 13:20:52,768 - INFO - HTTP Request: POST http://localhost:8005/v1/chat/completions "HTTP/1.1 200 OK"
2026-08-17 13:20:58,091 - INFO - HTTP Request: POST http://localhost:8005/v1/chat/completions "HTTP/1.1 200 OK"
2026-08-17 13:21:03,457 - INFO - HTTP Request: POST http://localhost:8005/v1/chat/completions "HTTP/1.1 200 OK"
2026-08-17 13:21:05,746 - INFO - HTTP Request: POST http://localhost:8005/v1/chat/completions "HTTP/1.1 200 OK"
2026-08-17 13:21:05,747 - INFO - HTTP Request: POST http://localhost:8005/v1/chat/completions "HTTP/1.1 200 OK"

2026-08-17 13:21:08,077 - INFO - HTTP Request: POST http://localhost:8005/v1/chat/completions "HTTP/1.1 200 OK"

2026-08-17 13:21:16,137 - INFO - HTTP Request: POST http://localhost:8005/v1/chat/completions "HTTP/1.1 200 OK"

2026-08-17 13:21:16,571 - INFO - HTTP Request: POST http://localhost:8005/v1/chat/completions "HTTP/1.1 200 OK"

2026-08-17 13:21:25,912 - INFO - HTTP Request: POST http://localhost:8005/v1/chat/completions "HTTP/1.1 200 OK"
2026-08-17 13:21:35,630 - INFO - HTTP Request: POST http://localhost:8005/v1/chat/completions "HTTP/1.1 200 OK"

2026-08-17 13:21:37,152 - INFO - HTTP Request: POST http://localhost:8005/v1/chat/completions "HTTP/1.1 200 OK"
2026-08-17 13:21:45,336 - INFO - HTTP Request: POST http://localhost:8005/v1/chat/completions "HTTP/1.1 200 OK"
2026-08-17 13:21:46,056 - INFO - HTTP Request: POST http://localhost:8005/v1/chat/completions "HTTP/1.1 200 OK"
2026-08-17 13:21:49,022 - INFO - HTTP Request: POST http://localhost:8005/v1/chat/completions "HTTP/1.1 200 OK"

2026-08-17 13:21:57,081 - INFO - HTTP Request: POST http://localhost:8005/v1/chat/completions "HTTP/1.1 200 OK"

2026-08-17 13:22:00,564 - INFO - HTTP Request: POST http://localhost:8005/v1/chat/completions "HTTP/1.1 200 OK"

2026-08-17 13:22:05,129 - INFO - HTTP Request: POST http://localhost:8005/v1/chat/completions "HTTP/1.1 200 OK"
2026-08-17 13:22:09,361 - INFO - HTTP Request: POST http://localhost:8005/v1/chat/completions "HTTP/1.1 200 OK"
2026-08-17 13:22:17,559 - INFO - HTTP Request: POST http://localhost:8005/v1/chat/completions "HTTP/1.1 200 OK"
2026-08-17 13:22:19,845 - INFO - HTTP Request: POST http://localhost:8005/v1/chat/completions "HTTP/1.1 200 OK"

2026-08-17 13:22:21,372 - INFO - HTTP Request: POST http://localhost:8005/v1/chat/completions "HTTP/1.1 200 OK"
2026-08-17 13:22:21,373 - INFO - HTTP Request: POST http://localhost:8005/v1/chat/completions "HTTP/1.1 200 OK"

2026-08-17 13:22:29,803 - INFO - HTTP Request: POST http://localhost:8005/v1/chat/completions "HTTP/1.1 200 OK"

2026-08-17 13:22:35,680 - INFO - HTTP Request: POST http://localhost:8005/v1/chat/completions "HTTP/1.1 200 OK"

2026-08-17 13:22:40,245 - INFO - HTTP Request: POST http://localhost:8005/v1/chat/completions "HTTP/1.1 200 OK"
2026-08-17 13:22:51,281 - INFO - HTTP Request: POST http://localhost:8005/v1/chat/completions "HTTP/1.1 200 OK"
2026-08-17 13:22:52,300 - INFO - HTTP Request: POST http://localhost:8005/v1/chat/completions "HTTP/1.1 200 OK"

2026-08-17 13:22:59,476 - INFO - HTTP Request: POST http://localhost:8005/v1/chat/completions "HTTP/1.1 200 OK"
2026-08-17 13:23:03,717 - INFO - HTTP Request: POST http://localhost:8005/v1/chat/completions "HTTP/1.1 200 OK"

2026-08-17 13:23:05,685 - INFO - HTTP Request: POST http://localhost:8005/v1/chat/completions "HTTP/1.1 200 OK"
2026-08-17 13:23:10,417 - INFO - HTTP Request: POST http://localhost:8005/v1/chat/completions "HTTP/1.1 200 OK"

2026-08-17 13:23:22,180 - INFO - HTTP Request: POST http://localhost:8005/v1/chat/completions "HTTP/1.1 200 OK"

2026-08-17 13:23:22,181 - INFO - HTTP Request: POST http://localhost:8005/v1/chat/completions "HTTP/1.1 200 OK"
2026-08-17 13:23:37,130 - INFO - HTTP Request: POST http://localhost:8005/v1/chat/completions "HTTP/1.1 200 OK"
2026-08-17 13:23:42,067 - INFO - HTTP Request: POST http://localhost:8005/v1/chat/completions "HTTP/1.1 200 OK"

2026-08-17 13:23:44,034 - INFO - HTTP Request: POST http://localhost:8005/v1/chat/completions "HTTP/1.1 200 OK"
2026-08-17 13:23:51,322 - INFO - HTTP Request: POST http://localhost:8005/v1/chat/completions "HTTP/1.1 200 OK"

r0_cfg30:  66%|██████▌   | 33/50 [52:26<37:23, 131.98s/it]2026-08-17 13:23:55,678 - INFO - HTTP Request: POST http://localhost:8005/v1/chat/completions "HTTP/1.1 200 OK"
2026-08-17 13:23:57,531 - INFO - HTTP Request: POST http://localhost:8005/v1/chat/completions "HTTP/1.1 200 OK"

r0_cfg30:  68%|██████▊   | 34/50 [52:33<25:08, 94.27s/it] 2026-08-17 13:24:06,887 - INFO - HTTP Request: POST http://localhost:8005/v1/chat/completions "HTTP/1.1 200 OK"

r0_cfg30:  70%|███████   | 35/50 [52:42<17:12, 68.80s/it]2026-08-17 13:24:13,187 - INFO - HTTP Request: POST http://localhost:8005/v1/chat/completions "HTTP/1.1 200 OK"
2026-08-17 13:24:15,504 - INFO - HTTP Request: POST http://localhost:8005/v1/chat/completions "HTTP/1.1 200 OK"
2026-08-17 13:24:19,799 - INFO - HTTP Request: POST http://localhost:8005/v1/chat/completions "HTTP/1.1 200 OK"
2026-08-17 13:24:26,280 - INFO - HTTP Request: POST http://localhost:8005/v1/chat/completions "HTTP/1.1 200 OK"

2026-08-17 13:24:29,769 - INFO - HTTP Request: POST http://localhost:8005/v1/chat/completions "HTTP/1.1 200 OK"
2026-08-17 13:24:30,507 - INFO - HTTP Request: POST http://localhost:8005/v1/chat/completions "HTTP/1.1 200 OK"

r0_cfg30:  72%|███████▏  | 36/50 [53:06<12:53, 55.25s/it]2026-08-17 13:24:31,837 - INFO - HTTP Request: POST http://localhost:8005/v1/chat/completions "HTTP/1.1 200 OK"

2026-08-17 13:24:42,490 - INFO - HTTP Request: POST http://localhost:8005/v1/chat/completions "HTTP/1.1 200 OK"

2026-08-17 13:24:52,482 - INFO - HTTP Request: POST http://localhost:8005/v1/chat/completions "HTTP/1.1 200 OK"
2026-08-17 13:24:52,698 - INFO - HTTP Request: POST http://localhost:8005/v1/chat/completions "HTTP/1.1 200 OK"
2026-08-17 13:24:58,171 - INFO - HTTP Request: POST http://localhost:8005/v1/chat/completions "HTTP/1.1 200 OK"
2026-08-17 13:25:04,937 - INFO - HTTP Request: POST http://localhost:8005/v1/chat/completions "HTTP/1.1 200 OK"

2026-08-17 13:25:07,988 - INFO - HTTP Request: POST http://localhost:8005/v1/chat/completions "HTTP/1.1 200 OK"

2026-08-17 13:25:09,513 - INFO - HTTP Request: POST http://localhost:8005/v1/chat/completions "HTTP/1.1 200 OK"
2026-08-17 13:25:11,627 - INFO - HTTP Request: POST http://localhost:8005/v1/chat/completions "HTTP/1.1 200 OK"

2026-08-17 13:25:21,413 - INFO - HTTP Request: POST http://localhost:8005/v1/chat/completions "HTTP/1.1 200 OK"

2026-08-17 13:25:31,403 - INFO - HTTP Request: POST http://localhost:8005/v1/chat/completions "HTTP/1.1 200 OK"
2026-08-17 13:25:33,085 - INFO - HTTP Request: POST http://localhost:8005/v1/chat/completions "HTTP/1.1 200 OK"
2026-08-17 13:25:36,498 - INFO - HTTP Request: POST http://localhost:8005/v1/chat/completions "HTTP/1.1 200 OK"
2026-08-17 13:25:44,726 - INFO - HTTP Request: POST http://localhost:8005/v1/chat/completions "HTTP/1.1 200 OK"

2026-08-17 13:25:45,599 - INFO - HTTP Request: POST http://localhost:8005/v1/chat/completions "HTTP/1.1 200 OK"
2026-08-17 13:25:49,676 - INFO - HTTP Request: POST http://localhost:8005/v1/chat/completions "HTTP/1.1 200 OK"

2026-08-17 13:25:49,895 - INFO - HTTP Request: POST http://localhost:8005/v1/chat/completions "HTTP/1.1 200 OK"

2026-08-17 13:26:00,124 - INFO - HTTP Request: POST http://localhost:8005/v1/chat/completions "HTTP/1.1 200 OK"

2026-08-17 13:26:09,468 - INFO - HTTP Request: POST http://localhost:8005/v1/chat/completions "HTTP/1.1 200 OK"
2026-08-17 13:26:13,979 - INFO - HTTP Request: POST http://localhost:8005/v1/chat/completions "HTTP/1.1 200 OK"
2026-08-17 13:26:14,197 - INFO - HTTP Request: POST http://localhost:8005/v1/chat/completions "HTTP/1.1 200 OK"
2026-08-17 13:26:23,225 - INFO - HTTP Request: POST http://localhost:8005/v1/chat/completions "HTTP/1.1 200 OK"

2026-08-17 13:26:24,539 - INFO - HTTP Request: POST http://localhost:8005/v1/chat/completions "HTTP/1.1 200 OK"
2026-08-17 13:26:27,040 - INFO - HTTP Request: POST http://localhost:8005/v1/chat/completions "HTTP/1.1 200 OK"

2026-08-17 13:26:27,259 - INFO - HTTP Request: POST http://localhost:8005/v1/chat/completions "HTTP/1.1 200 OK"

2026-08-17 13:26:36,623 - INFO - HTTP Request: POST http://localhost:8005/v1/chat/completions "HTTP/1.1 200 OK"

2026-08-17 13:26:46,400 - INFO - HTTP Request: POST http://localhost:8005/v1/chat/completions "HTTP/1.1 200 OK"
2026-08-17 13:26:47,430 - INFO - HTTP Request: POST http://localhost:8005/v1/chat/completions "HTTP/1.1 200 OK"
2026-08-17 13:26:48,224 - INFO - HTTP Request: POST http://localhost:8005/v1/chat/completions "HTTP/1.1 200 OK"
2026-08-17 13:26:57,376 - INFO - HTTP Request: POST http://localhost:8005/v1/chat/completions "HTTP/1.1 200 OK"
2026-08-17 13:26:58,572 - INFO - HTTP Request: POST http://localhost:8005/v1/chat/completions "HTTP/1.1 200 OK"

2026-08-17 13:27:00,972 - INFO - HTTP Request: POST http://localhost:8005/v1/chat/completions "HTTP/1.1 200 OK"

2026-08-17 13:27:01,408 - INFO - HTTP Request: POST http://localhost:8005/v1/chat/completions "HTTP/1.1 200 OK"

2026-08-17 13:27:07,507 - INFO - HTTP Request: POST http://localhost:8005/v1/chat/completions "HTTP/1.1 200 OK"

2026-08-17 13:27:21,185 - INFO - HTTP Request: POST http://localhost:8005/v1/chat/completions "HTTP/1.1 200 OK"
2026-08-17 13:27:27,648 - INFO - HTTP Request: POST http://localhost:8005/v1/chat/completions "HTTP/1.1 200 OK"
2026-08-17 13:27:30,420 - INFO - HTTP Request: POST http://localhost:8005/v1/chat/completions "HTTP/1.1 200 OK"
2026-08-17 13:27:34,711 - INFO - HTTP Request: POST http://localhost:8005/v1/chat/completions "HTTP/1.1 200 OK"

2026-08-17 13:27:37,107 - INFO - HTTP Request: POST http://localhost:8005/v1/chat/completions "HTTP/1.1 200 OK"
2026-08-17 13:27:41,569 - INFO - HTTP Request: POST http://localhost:8005/v1/chat/completions "HTTP/1.1 200 OK"

2026-08-17 13:27:43,531 - INFO - HTTP Request: POST http://localhost:8005/v1/chat/completions "HTTP/1.1 200 OK"

2026-08-17 13:27:51,578 - INFO - HTTP Request: POST http://localhost:8005/v1/chat/completions "HTTP/1.1 200 OK"

2026-08-17 13:28:01,569 - INFO - HTTP Request: POST http://localhost:8005/v1/chat/completions "HTTP/1.1 200 OK"
2026-08-17 13:28:03,905 - INFO - HTTP Request: POST http://localhost:8005/v1/chat/completions "HTTP/1.1 200 OK"
2026-08-17 13:28:04,122 - INFO - HTTP Request: POST http://localhost:8005/v1/chat/completions "HTTP/1.1 200 OK"
2026-08-17 13:28:12,436 - INFO - HTTP Request: POST http://localhost:8005/v1/chat/completions "HTTP/1.1 200 OK"
2026-08-17 13:28:15,597 - INFO - HTTP Request: POST http://localhost:8005/v1/chat/completions "HTTP/1.1 200 OK"

2026-08-17 13:28:16,908 - INFO - HTTP Request: POST http://localhost:8005/v1/chat/completions "HTTP/1.1 200 OK"

2026-08-17 13:28:20,178 - INFO - HTTP Request: POST http://localhost:8005/v1/chat/completions "HTTP/1.1 200 OK"

2026-08-17 13:28:33,017 - INFO - HTTP Request: POST http://localhost:8005/v1/chat/completions "HTTP/1.1 200 OK"

2026-08-17 13:28:40,189 - INFO - HTTP Request: POST http://localhost:8005/v1/chat/completions "HTTP/1.1 200 OK"
2026-08-17 13:28:45,134 - INFO - HTTP Request: POST http://localhost:8005/v1/chat/completions "HTTP/1.1 200 OK"
2026-08-17 13:28:46,820 - INFO - HTTP Request: POST http://localhost:8005/v1/chat/completions "HTTP/1.1 200 OK"
2026-08-17 13:28:52,857 - INFO - HTTP Request: POST http://localhost:8005/v1/chat/completions "HTTP/1.1 200 OK"

2026-08-17 13:28:56,562 - INFO - HTTP Request: POST http://localhost:8005/v1/chat/completions "HTTP/1.1 200 OK"

2026-08-17 13:28:57,442 - INFO - HTTP Request: POST http://localhost:8005/v1/chat/completions "HTTP/1.1 200 OK"

2026-08-17 13:29:03,097 - INFO - HTTP Request: POST http://localhost:8005/v1/chat/completions "HTTP/1.1 200 OK"
2026-08-17 13:29:16,907 - INFO - HTTP Request: POST http://localhost:8005/v1/chat/completions "HTTP/1.1 200 OK"

2026-08-17 13:29:22,347 - INFO - HTTP Request: POST http://localhost:8005/v1/chat/completions "HTTP/1.1 200 OK"
2026-08-17 13:29:29,901 - INFO - HTTP Request: POST http://localhost:8005/v1/chat/completions "HTTP/1.1 200 OK"
2026-08-17 13:29:30,918 - INFO - HTTP Request: POST http://localhost:8005/v1/chat/completions "HTTP/1.1 200 OK"
2026-08-17 13:29:34,787 - INFO - HTTP Request: POST http://localhost:8005/v1/chat/completions "HTTP/1.1 200 OK"

2026-08-17 13:29:42,416 - INFO - HTTP Request: POST http://localhost:8005/v1/chat/completions "HTTP/1.1 200 OK"

r0_cfg30:  74%|███████▍  | 37/50 [58:17<28:39, 132.24s/it]2026-08-17 13:29:46,555 - INFO - HTTP Request: POST http://localhost:8005/v1/chat/completions "HTTP/1.1 200 OK"

r0_cfg30:  76%|███████▌  | 38/50 [58:22<18:45, 93.81s/it] 2026-08-17 13:29:50,895 - INFO - HTTP Request: POST http://localhost:8005/v1/chat/completions "HTTP/1.1 200 OK"
2026-08-17 13:30:04,702 - INFO - HTTP Request: POST http://localhost:8005/v1/chat/completions "HTTP/1.1 200 OK"
2026-08-17 13:30:05,950 - INFO - HTTP Request: POST http://localhost:8005/v1/chat/completions "HTTP/1.1 200 OK"

r0_cfg30:  78%|███████▊  | 39/50 [58:41<13:06, 71.49s/it]2026-08-17 13:30:08,564 - INFO - HTTP Request: POST http://localhost:8005/v1/chat/completions "HTTP/1.1 200 OK"
2026-08-17 13:30:09,594 - INFO - HTTP Request: POST http://localhost:8005/v1/chat/completions "HTTP/1.1 200 OK"
2026-08-17 13:30:14,926 - INFO - HTTP Request: POST http://localhost:8005/v1/chat/completions "HTTP/1.1 200 OK"

2026-08-17 13:30:21,026 - INFO - HTTP Request: POST http://localhost:8005/v1/chat/completions "HTTP/1.1 200 OK"

2026-08-17 13:30:25,814 - INFO - HTTP Request: POST http://localhost:8005/v1/chat/completions "HTTP/1.1 200 OK"

r0_cfg30:  80%|████████  | 40/50 [59:01<09:20, 56.00s/it]2026-08-17 13:30:28,638 - INFO - HTTP Request: POST http://localhost:8005/v1/chat/completions "HTTP/1.1 200 OK"
2026-08-17 13:30:41,345 - INFO - HTTP Request: POST http://localhost:8005/v1/chat/completions "HTTP/1.1 200 OK"
2026-08-17 13:30:41,563 - INFO - HTTP Request: POST http://localhost:8005/v1/chat/completions "HTTP/1.1 200 OK"

2026-08-17 13:30:47,601 - INFO - HTTP Request: POST http://localhost:8005/v1/chat/completions "HTTP/1.1 200 OK"
2026-08-17 13:30:48,910 - INFO - HTTP Request: POST http://localhost:8005/v1/chat/completions "HTTP/1.1 200 OK"
2026-08-17 13:30:58,226 - INFO - HTTP Request: POST http://localhost:8005/v1/chat/completions "HTTP/1.1 200 OK"

2026-08-17 13:30:59,318 - INFO - HTTP Request: POST http://localhost:8005/v1/chat/completions "HTTP/1.1 200 OK"

2026-08-17 13:31:02,365 - INFO - HTTP Request: POST http://localhost:8005/v1/chat/completions "HTTP/1.1 200 OK"

2026-08-17 13:31:08,877 - INFO - HTTP Request: POST http://localhost:8005/v1/chat/completions "HTTP/1.1 200 OK"
2026-08-17 13:31:22,027 - INFO - HTTP Request: POST http://localhost:8005/v1/chat/completions "HTTP/1.1 200 OK"

2026-08-17 13:31:22,896 - INFO - HTTP Request: POST http://localhost:8005/v1/chat/completions "HTTP/1.1 200 OK"
2026-08-17 13:31:26,099 - INFO - HTTP Request: POST http://localhost:8005/v1/chat/completions "HTTP/1.1 200 OK"
2026-08-17 13:31:27,781 - INFO - HTTP Request: POST http://localhost:8005/v1/chat/completions "HTTP/1.1 200 OK"
2026-08-17 13:31:39,881 - INFO - HTTP Request: POST http://localhost:8005/v1/chat/completions "HTTP/1.1 200 OK"

2026-08-17 13:31:40,763 - INFO - HTTP Request: POST http://localhost:8005/v1/chat/completions "HTTP/1.1 200 OK"

2026-08-17 13:31:42,723 - INFO - HTTP Request: POST http://localhost:8005/v1/chat/completions "HTTP/1.1 200 OK"

2026-08-17 13:31:47,505 - INFO - HTTP Request: POST http://localhost:8005/v1/chat/completions "HTTP/1.1 200 OK"
2026-08-17 13:31:59,785 - INFO - HTTP Request: POST http://localhost:8005/v1/chat/completions "HTTP/1.1 200 OK"

2026-08-17 13:32:04,351 - INFO - HTTP Request: POST http://localhost:8005/v1/chat/completions "HTTP/1.1 200 OK"
2026-08-17 13:32:05,813 - INFO - HTTP Request: POST http://localhost:8005/v1/chat/completions "HTTP/1.1 200 OK"
2026-08-17 13:32:07,934 - INFO - HTTP Request: POST http://localhost:8005/v1/chat/completions "HTTP/1.1 200 OK"
2026-08-17 13:32:17,847 - INFO - HTTP Request: POST http://localhost:8005/v1/chat/completions "HTTP/1.1 200 OK"

2026-08-17 13:32:21,124 - INFO - HTTP Request: POST http://localhost:8005/v1/chat/completions "HTTP/1.1 200 OK"

2026-08-17 13:32:21,559 - INFO - HTTP Request: POST http://localhost:8005/v1/chat/completions "HTTP/1.1 200 OK"

2026-08-17 13:32:25,047 - INFO - HTTP Request: POST http://localhost:8005/v1/chat/completions "HTTP/1.1 200 OK"
2026-08-17 13:32:37,753 - INFO - HTTP Request: POST http://localhost:8005/v1/chat/completions "HTTP/1.1 200 OK"

2026-08-17 13:32:37,970 - INFO - HTTP Request: POST http://localhost:8005/v1/chat/completions "HTTP/1.1 200 OK"
2026-08-17 13:32:41,617 - INFO - HTTP Request: POST http://localhost:8005/v1/chat/completions "HTTP/1.1 200 OK"
2026-08-17 13:32:46,730 - INFO - HTTP Request: POST http://localhost:8005/v1/chat/completions "HTTP/1.1 200 OK"
2026-08-17 13:32:48,629 - INFO - HTTP Request: POST http://localhost:8005/v1/chat/completions "HTTP/1.1 200 OK"

2026-08-17 13:32:55,818 - INFO - HTTP Request: POST http://localhost:8005/v1/chat/completions "HTTP/1.1 200 OK"

2026-08-17 13:32:58,648 - INFO - HTTP Request: POST http://localhost:8005/v1/chat/completions "HTTP/1.1 200 OK"
2026-08-17 13:33:00,925 - INFO - HTTP Request: POST http://localhost:8005/v1/chat/completions "HTTP/1.1 200 OK"

2026-08-17 13:33:09,846 - INFO - HTTP Request: POST http://localhost:8005/v1/chat/completions "HTTP/1.1 200 OK"

2026-08-17 13:33:17,663 - INFO - HTTP Request: POST http://localhost:8005/v1/chat/completions "HTTP/1.1 200 OK"
2026-08-17 13:33:20,646 - INFO - HTTP Request: POST http://localhost:8005/v1/chat/completions "HTTP/1.1 200 OK"
2026-08-17 13:33:25,662 - INFO - HTTP Request: POST http://localhost:8005/v1/chat/completions "HTTP/1.1 200 OK"
2026-08-17 13:33:30,780 - INFO - HTTP Request: POST http://localhost:8005/v1/chat/completions "HTTP/1.1 200 OK"

2026-08-17 13:33:31,215 - INFO - HTTP Request: POST http://localhost:8005/v1/chat/completions "HTTP/1.1 200 OK"

2026-08-17 13:33:39,700 - INFO - HTTP Request: POST http://localhost:8005/v1/chat/completions "HTTP/1.1 200 OK"
2026-08-17 13:33:40,417 - INFO - HTTP Request: POST http://localhost:8005/v1/chat/completions "HTTP/1.1 200 OK"

2026-08-17 13:33:51,540 - INFO - HTTP Request: POST http://localhost:8005/v1/chat/completions "HTTP/1.1 200 OK"
2026-08-17 13:33:53,442 - INFO - HTTP Request: POST http://localhost:8005/v1/chat/completions "HTTP/1.1 200 OK"

2026-08-17 13:34:00,189 - INFO - HTTP Request: POST http://localhost:8005/v1/chat/completions "HTTP/1.1 200 OK"
2026-08-17 13:34:01,217 - INFO - HTTP Request: POST http://localhost:8005/v1/chat/completions "HTTP/1.1 200 OK"
2026-08-17 13:34:08,128 - INFO - HTTP Request: POST http://localhost:8005/v1/chat/completions "HTTP/1.1 200 OK"

2026-08-17 13:34:11,398 - INFO - HTTP Request: POST http://localhost:8005/v1/chat/completions "HTTP/1.1 200 OK"

2026-08-17 13:34:14,229 - INFO - HTTP Request: POST http://localhost:8005/v1/chat/completions "HTTP/1.1 200 OK"
2026-08-17 13:34:15,420 - INFO - HTTP Request: POST http://localhost:8005/v1/chat/completions "HTTP/1.1 200 OK"

2026-08-17 13:34:27,166 - INFO - HTTP Request: POST http://localhost:8005/v1/chat/completions "HTTP/1.1 200 OK"

2026-08-17 13:34:31,728 - INFO - HTTP Request: POST http://localhost:8005/v1/chat/completions "HTTP/1.1 200 OK"
2026-08-17 13:34:37,978 - INFO - HTTP Request: POST http://localhost:8005/v1/chat/completions "HTTP/1.1 200 OK"
2026-08-17 13:34:45,328 - INFO - HTTP Request: POST http://localhost:8005/v1/chat/completions "HTTP/1.1 200 OK"
2026-08-17 13:34:50,016 - INFO - HTTP Request: POST http://localhost:8005/v1/chat/completions "HTTP/1.1 200 OK"

2026-08-17 13:34:51,769 - INFO - HTTP Request: POST http://localhost:8005/v1/chat/completions "HTTP/1.1 200 OK"

2026-08-17 13:34:57,428 - INFO - HTTP Request: POST http://localhost:8005/v1/chat/completions "HTTP/1.1 200 OK"
2026-08-17 13:34:58,149 - INFO - HTTP Request: POST http://localhost:8005/v1/chat/completions "HTTP/1.1 200 OK"

2026-08-17 13:35:09,070 - INFO - HTTP Request: POST http://localhost:8005/v1/chat/completions "HTTP/1.1 200 OK"

2026-08-17 13:35:21,240 - INFO - HTTP Request: POST http://localhost:8005/v1/chat/completions "HTTP/1.1 200 OK"
2026-08-17 13:35:23,795 - INFO - HTTP Request: POST http://localhost:8005/v1/chat/completions "HTTP/1.1 200 OK"
2026-08-17 13:35:32,019 - INFO - HTTP Request: POST http://localhost:8005/v1/chat/completions "HTTP/1.1 200 OK"
2026-08-17 13:35:38,017 - INFO - HTTP Request: POST http://localhost:8005/v1/chat/completions "HTTP/1.1 200 OK"

r0_cfg30:  82%|████████▏ | 41/50 [1:04:13<19:55, 132.86s/it]2026-08-17 13:35:40,634 - INFO - HTTP Request: POST http://localhost:8005/v1/chat/completions "HTTP/1.1 200 OK"

2026-08-17 13:35:43,256 - INFO - HTTP Request: POST http://localhost:8005/v1/chat/completions "HTTP/1.1 200 OK"
2026-08-17 13:35:44,229 - INFO - HTTP Request: POST http://localhost:8005/v1/chat/completions "HTTP/1.1 200 OK"

r0_cfg30:  84%|████████▍ | 42/50 [1:04:19<12:38, 94.87s/it] 2026-08-17 13:35:53,363 - INFO - HTTP Request: POST http://localhost:8005/v1/chat/completions "HTTP/1.1 200 OK"

r0_cfg30:  86%|████████▌ | 43/50 [1:04:28<08:04, 69.15s/it]2026-08-17 13:36:00,312 - INFO - HTTP Request: POST http://localhost:8005/v1/chat/completions "HTTP/1.1 200 OK"
2026-08-17 13:36:06,502 - INFO - HTTP Request: POST http://localhost:8005/v1/chat/completions "HTTP/1.1 200 OK"
2026-08-17 13:36:11,828 - INFO - HTTP Request: POST http://localhost:8005/v1/chat/completions "HTTP/1.1 200 OK"

2026-08-17 13:36:14,228 - INFO - HTTP Request: POST http://localhost:8005/v1/chat/completions "HTTP/1.1 200 OK"
2026-08-17 13:36:16,349 - INFO - HTTP Request: POST http://localhost:8005/v1/chat/completions "HTTP/1.1 200 OK"
2026-08-17 13:36:20,807 - INFO - HTTP Request: POST http://localhost:8005/v1/chat/completions "HTTP/1.1 200 OK"

2026-08-17 13:36:27,344 - INFO - HTTP Request: POST http://localhost:8005/v1/chat/completions "HTTP/1.1 200 OK"

r0_cfg30:  88%|████████▊ | 44/50 [1:05:02<05:51, 58.60s/it]2026-08-17 13:36:29,520 - INFO - HTTP Request: POST http://localhost:8005/v1/chat/completions "HTTP/1.1 200 OK"

2026-08-17 13:36:38,420 - INFO - HTTP Request: POST http://localhost:8005/v1/chat/completions "HTTP/1.1 200 OK"
2026-08-17 13:36:47,224 - INFO - HTTP Request: POST http://localhost:8005/v1/chat/completions "HTTP/1.1 200 OK"
2026-08-17 13:36:49,940 - INFO - HTTP Request: POST http://localhost:8005/v1/chat/completions "HTTP/1.1 200 OK"
2026-08-17 13:36:53,316 - INFO - HTTP Request: POST http://localhost:8005/v1/chat/completions "HTTP/1.1 200 OK"

2026-08-17 13:36:56,586 - INFO - HTTP Request: POST http://localhost:8005/v1/chat/completions "HTTP/1.1 200 OK"
2026-08-17 13:37:01,268 - INFO - HTTP Request: POST http://localhost:8005/v1/chat/completions "HTTP/1.1 200 OK"

2026-08-17 13:37:02,360 - INFO - HTTP Request: POST http://localhost:8005/v1/chat/completions "HTTP/1.1 200 OK"

2026-08-17 13:37:10,840 - INFO - HTTP Request: POST http://localhost:8005/v1/chat/completions "HTTP/1.1 200 OK"

2026-08-17 13:37:18,006 - INFO - HTTP Request: POST http://localhost:8005/v1/chat/completions "HTTP/1.1 200 OK"
2026-08-17 13:37:27,028 - INFO - HTTP Request: POST http://localhost:8005/v1/chat/completions "HTTP/1.1 200 OK"
2026-08-17 13:37:27,246 - INFO - HTTP Request: POST http://localhost:8005/v1/chat/completions "HTTP/1.1 200 OK"

2026-08-17 13:37:28,002 - INFO - HTTP Request: POST http://localhost:8005/v1/chat/completions "HTTP/1.1 200 OK"
2026-08-17 13:37:36,174 - INFO - HTTP Request: POST http://localhost:8005/v1/chat/completions "HTTP/1.1 200 OK"
2026-08-17 13:37:40,853 - INFO - HTTP Request: POST http://localhost:8005/v1/chat/completions "HTTP/1.1 200 OK"

2026-08-17 13:37:41,289 - INFO - HTTP Request: POST http://localhost:8005/v1/chat/completions "HTTP/1.1 200 OK"

2026-08-17 13:37:50,213 - INFO - HTTP Request: POST http://localhost:8005/v1/chat/completions "HTTP/1.1 200 OK"

2026-08-17 13:37:52,392 - INFO - HTTP Request: POST http://localhost:8005/v1/chat/completions "HTTP/1.1 200 OK"
2026-08-17 13:38:00,323 - INFO - HTTP Request: POST http://localhost:8005/v1/chat/completions "HTTP/1.1 200 OK"

2026-08-17 13:38:05,109 - INFO - HTTP Request: POST http://localhost:8005/v1/chat/completions "HTTP/1.1 200 OK"
2026-08-17 13:38:06,296 - INFO - HTTP Request: POST http://localhost:8005/v1/chat/completions "HTTP/1.1 200 OK"
2026-08-17 13:38:15,163 - INFO - HTTP Request: POST http://localhost:8005/v1/chat/completions "HTTP/1.1 200 OK"
2026-08-17 13:38:18,313 - INFO - HTTP Request: POST http://localhost:8005/v1/chat/completions "HTTP/1.1 200 OK"

2026-08-17 13:38:18,977 - INFO - HTTP Request: POST http://localhost:8005/v1/chat/completions "HTTP/1.1 200 OK"

2026-08-17 13:38:21,159 - INFO - HTTP Request: POST http://localhost:8005/v1/chat/completions "HTTP/1.1 200 OK"
2026-08-17 13:38:27,360 - INFO - HTTP Request: POST http://localhost:8005/v1/chat/completions "HTTP/1.1 200 OK"

2026-08-17 13:38:30,195 - INFO - HTTP Request: POST http://localhost:8005/v1/chat/completions "HTTP/1.1 200 OK"

2026-08-17 13:38:38,013 - INFO - HTTP Request: POST http://localhost:8005/v1/chat/completions "HTTP/1.1 200 OK"
2026-08-17 13:38:43,553 - INFO - HTTP Request: POST http://localhost:8005/v1/chat/completions "HTTP/1.1 200 OK"
2026-08-17 13:38:47,797 - INFO - HTTP Request: POST http://localhost:8005/v1/chat/completions "HTTP/1.1 200 OK"
2026-08-17 13:38:51,604 - INFO - HTTP Request: POST http://localhost:8005/v1/chat/completions "HTTP/1.1 200 OK"

2026-08-17 13:38:56,616 - INFO - HTTP Request: POST http://localhost:8005/v1/chat/completions "HTTP/1.1 200 OK"

2026-08-17 13:38:59,018 - INFO - HTTP Request: POST http://localhost:8005/v1/chat/completions "HTTP/1.1 200 OK"

2026-08-17 13:38:59,888 - INFO - HTTP Request: POST http://localhost:8005/v1/chat/completions "HTTP/1.1 200 OK"
2026-08-17 13:39:13,036 - INFO - HTTP Request: POST http://localhost:8005/v1/chat/completions "HTTP/1.1 200 OK"

2026-08-17 13:39:16,729 - INFO - HTTP Request: POST http://localhost:8005/v1/chat/completions "HTTP/1.1 200 OK"
2026-08-17 13:39:21,017 - INFO - HTTP Request: POST http://localhost:8005/v1/chat/completions "HTTP/1.1 200 OK"
2026-08-17 13:39:27,866 - INFO - HTTP Request: POST http://localhost:8005/v1/chat/completions "HTTP/1.1 200 OK"

2026-08-17 13:39:28,739 - INFO - HTTP Request: POST http://localhost:8005/v1/chat/completions "HTTP/1.1 200 OK"
2026-08-17 13:39:33,845 - INFO - HTTP Request: POST http://localhost:8005/v1/chat/completions "HTTP/1.1 200 OK"

2026-08-17 13:39:34,063 - INFO - HTTP Request: POST http://localhost:8005/v1/chat/completions "HTTP/1.1 200 OK"
2026-08-17 13:39:41,360 - INFO - HTTP Request: POST http://localhost:8005/v1/chat/completions "HTTP/1.1 200 OK"

2026-08-17 13:39:42,668 - INFO - HTTP Request: POST http://localhost:8005/v1/chat/completions "HTTP/1.1 200 OK"

2026-08-17 13:39:54,181 - INFO - HTTP Request: POST http://localhost:8005/v1/chat/completions "HTTP/1.1 200 OK"
2026-08-17 13:39:57,549 - INFO - HTTP Request: POST http://localhost:8005/v1/chat/completions "HTTP/1.1 200 OK"
2026-08-17 13:40:02,008 - INFO - HTTP Request: POST http://localhost:8005/v1/chat/completions "HTTP/1.1 200 OK"
2026-08-17 13:40:08,437 - INFO - HTTP Request: POST http://localhost:8005/v1/chat/completions "HTTP/1.1 200 OK"

2026-08-17 13:40:12,579 - INFO - HTTP Request: POST http://localhost:8005/v1/chat/completions "HTTP/1.1 200 OK"

2026-08-17 13:40:12,797 - INFO - HTTP Request: POST http://localhost:8005/v1/chat/completions "HTTP/1.1 200 OK"
2026-08-17 13:40:19,440 - INFO - HTTP Request: POST http://localhost:8005/v1/chat/completions "HTTP/1.1 200 OK"

2026-08-17 13:40:21,401 - INFO - HTTP Request: POST http://localhost:8005/v1/chat/completions "HTTP/1.1 200 OK"

2026-08-17 13:40:32,922 - INFO - HTTP Request: POST http://localhost:8005/v1/chat/completions "HTTP/1.1 200 OK"
2026-08-17 13:40:38,301 - INFO - HTTP Request: POST http://localhost:8005/v1/chat/completions "HTTP/1.1 200 OK"
2026-08-17 13:40:47,559 - INFO - HTTP Request: POST http://localhost:8005/v1/chat/completions "HTTP/1.1 200 OK"

2026-08-17 13:40:48,215 - INFO - HTTP Request: POST http://localhost:8005/v1/chat/completions "HTTP/1.1 200 OK"

2026-08-17 13:40:49,310 - INFO - HTTP Request: POST http://localhost:8005/v1/chat/completions "HTTP/1.1 200 OK"
2026-08-17 13:40:55,503 - INFO - HTTP Request: POST http://localhost:8005/v1/chat/completions "HTTP/1.1 200 OK"
2026-08-17 13:41:02,142 - INFO - HTTP Request: POST http://localhost:8005/v1/chat/completions "HTTP/1.1 200 OK"

2026-08-17 13:41:04,111 - INFO - HTTP Request: POST http://localhost:8005/v1/chat/completions "HTTP/1.1 200 OK"

r0_cfg30:  90%|█████████ | 45/50 [1:09:39<10:20, 124.05s/it]2026-08-17 13:41:17,364 - INFO - HTTP Request: POST http://localhost:8005/v1/chat/completions "HTTP/1.1 200 OK"
2026-08-17 13:41:22,308 - INFO - HTTP Request: POST http://localhost:8005/v1/chat/completions "HTTP/1.1 200 OK"
2026-08-17 13:41:26,770 - INFO - HTTP Request: POST http://localhost:8005/v1/chat/completions "HTTP/1.1 200 OK"
2026-08-17 13:41:32,980 - INFO - HTTP Request: POST http://localhost:8005/v1/chat/completions "HTTP/1.1 200 OK"

2026-08-17 13:41:35,604 - INFO - HTTP Request: POST http://localhost:8005/v1/chat/completions "HTTP/1.1 200 OK"
2026-08-17 13:41:38,887 - INFO - HTTP Request: POST http://localhost:8005/v1/chat/completions "HTTP/1.1 200 OK"

r0_cfg30:  92%|█████████▏| 46/50 [1:10:14<06:29, 97.27s/it] 2026-08-17 13:41:40,850 - INFO - HTTP Request: POST http://localhost:8005/v1/chat/completions "HTTP/1.1 200 OK"

2026-08-17 13:41:48,900 - INFO - HTTP Request: POST http://localhost:8005/v1/chat/completions "HTTP/1.1 200 OK"

r0_cfg30:  94%|█████████▍| 47/50 [1:10:24<03:33, 71.09s/it]2026-08-17 13:42:00,831 - INFO - HTTP Request: POST http://localhost:8005/v1/chat/completions "HTTP/1.1 200 OK"
2026-08-17 13:42:06,152 - INFO - HTTP Request: POST http://localhost:8005/v1/chat/completions "HTTP/1.1 200 OK"
2026-08-17 13:42:07,614 - INFO - HTTP Request: POST http://localhost:8005/v1/chat/completions "HTTP/1.1 200 OK"
2026-08-17 13:42:16,497 - INFO - HTTP Request: POST http://localhost:8005/v1/chat/completions "HTTP/1.1 200 OK"

2026-08-17 13:42:21,069 - INFO - HTTP Request: POST http://localhost:8005/v1/chat/completions "HTTP/1.1 200 OK"

2026-08-17 13:42:21,942 - INFO - HTTP Request: POST http://localhost:8005/v1/chat/completions "HTTP/1.1 200 OK"

r0_cfg30:  96%|█████████▌| 48/50 [1:10:57<01:59, 59.68s/it]2026-08-17 13:42:42,521 - INFO - HTTP Request: POST http://localhost:8005/v1/chat/completions "HTTP/1.1 200 OK"
2026-08-17 13:42:45,540 - INFO - HTTP Request: POST http://localhost:8005/v1/chat/completions "HTTP/1.1 200 OK"
2026-08-17 13:42:54,208 - INFO - HTTP Request: POST http://localhost:8005/v1/chat/completions "HTTP/1.1 200 OK"

2026-08-17 13:42:59,026 - INFO - HTTP Request: POST http://localhost:8005/v1/chat/completions "HTTP/1.1 200 OK"

2026-08-17 13:43:18,128 - INFO - HTTP Request: POST http://localhost:8005/v1/chat/completions "HTTP/1.1 200 OK"
2026-08-17 13:43:23,045 - INFO - HTTP Request: POST http://localhost:8005/v1/chat/completions "HTTP/1.1 200 OK"
2026-08-17 13:43:29,267 - INFO - HTTP Request: POST http://localhost:8005/v1/chat/completions "HTTP/1.1 200 OK"

2026-08-17 13:43:35,384 - INFO - HTTP Request: POST http://localhost:8005/v1/chat/completions "HTTP/1.1 200 OK"

2026-08-17 13:43:52,759 - INFO - HTTP Request: POST http://localhost:8005/v1/chat/completions "HTTP/1.1 200 OK"
2026-08-17 13:43:55,067 - INFO - HTTP Request: POST http://localhost:8005/v1/chat/completions "HTTP/1.1 200 OK"
2026-08-17 13:44:05,258 - INFO - HTTP Request: POST http://localhost:8005/v1/chat/completions "HTTP/1.1 200 OK"

2026-08-17 13:44:05,475 - INFO - HTTP Request: POST http://localhost:8005/v1/chat/completions "HTTP/1.1 200 OK"

2026-08-17 13:44:24,613 - INFO - HTTP Request: POST http://localhost:8005/v1/chat/completions "HTTP/1.1 200 OK"
2026-08-17 13:44:34,092 - INFO - HTTP Request: POST http://localhost:8005/v1/chat/completions "HTTP/1.1 200 OK"
2026-08-17 13:44:35,533 - INFO - HTTP Request: POST http://localhost:8005/v1/chat/completions "HTTP/1.1 200 OK"

2026-08-17 13:44:47,728 - INFO - HTTP Request: POST http://localhost:8005/v1/chat/completions "HTTP/1.1 200 OK"

2026-08-17 13:45:03,799 - INFO - HTTP Request: POST http://localhost:8005/v1/chat/completions "HTTP/1.1 200 OK"
2026-08-17 13:45:07,627 - INFO - HTTP Request: POST http://localhost:8005/v1/chat/completions "HTTP/1.1 200 OK"
2026-08-17 13:45:14,126 - INFO - HTTP Request: POST http://localhost:8005/v1/chat/completions "HTTP/1.1 200 OK"

2026-08-17 13:45:19,592 - INFO - HTTP Request: POST http://localhost:8005/v1/chat/completions "HTTP/1.1 200 OK"

2026-08-17 13:45:33,714 - INFO - HTTP Request: POST http://localhost:8005/v1/chat/completions "HTTP/1.1 200 OK"
2026-08-17 13:45:44,717 - INFO - HTTP Request: POST http://localhost:8005/v1/chat/completions "HTTP/1.1 200 OK"

2026-08-17 13:45:48,439 - INFO - HTTP Request: POST http://localhost:8005/v1/chat/completions "HTTP/1.1 200 OK"
2026-08-17 13:46:02,097 - INFO - HTTP Request: POST http://localhost:8005/v1/chat/completions "HTTP/1.1 200 OK"

2026-08-17 13:46:13,624 - INFO - HTTP Request: POST http://localhost:8005/v1/chat/completions "HTTP/1.1 200 OK"
2026-08-17 13:46:28,321 - INFO - HTTP Request: POST http://localhost:8005/v1/chat/completions "HTTP/1.1 200 OK"

2026-08-17 13:46:34,426 - INFO - HTTP Request: POST http://localhost:8005/v1/chat/completions "HTTP/1.1 200 OK"
2026-08-17 13:46:44,833 - INFO - HTTP Request: POST http://localhost:8005/v1/chat/completions "HTTP/1.1 200 OK"

r0_cfg30:  98%|█████████▊| 49/50 [1:15:20<02:00, 120.64s/it]2026-08-17 13:46:47,869 - INFO - HTTP Request: POST http://localhost:8005/v1/chat/completions "HTTP/1.1 200 OK"
2026-08-17 13:46:50,628 - INFO - HTTP Request: POST http://localhost:8005/v1/chat/completions "HTTP/1.1 200 OK"

r0_cfg30: 100%|██████████| 50/50 [1:15:26<00:00, 86.19s/it] r0_cfg30: 100%|██████████| 50/50 [1:15:26<00:00, 90.53s/it]
  done in 4526.4s (valid 50/50, invalid {})

Scored 1 model/s.
Report:  /LAB/Swiss-Knife/tribunal/bayes_search_honesty/eval_results/round0/r0_cfg30/report/index.html
Tables:  /LAB/Swiss-Knife/tribunal/bayes_search_honesty/eval_results/round0/r0_cfg30/model_summary.csv, /LAB/Swiss-Knife/tribunal/bayes_search_honesty/eval_results/round0/r0_cfg30/summary.csv
