2026-08-17 14:15:09,707 - INFO - Judge client pointed at http://localhost:8007/v1
2026-08-17 14:15:12,878 - INFO - Loading Detoxify model (CPU)
2026-08-17 14:15:16,711 - INFO - HTTP Request: HEAD https://huggingface.co/bert-base-uncased/resolve/main/config.json "HTTP/1.1 200 OK"
Warning: You are sending unauthenticated requests to the HF Hub. Please set a HF_TOKEN to enable higher rate limits and faster downloads.
2026-08-17 14:15:16,712 - WARNING - Warning: You are sending unauthenticated requests to the HF Hub. Please set a HF_TOKEN to enable higher rate limits and faster downloads.
input:  /LAB/Swiss-Knife/tribunal/bayes_search_honesty/eval_results/round0/r0_cfg36/_tribunal_input_tmp (1 model file/s)
output: /LAB/Swiss-Knife/tribunal/bayes_search_honesty/eval_results/round0/r0_cfg36
judge:  Qwen/Qwen2.5-32B-Instruct @ http://localhost:8007/v1
detoxify cross-check: True
Loading weights:   0%|          | 0/201 [00:00<?, ?it/s]Loading weights: 100%|██████████| 201/201 [00:00<00:00, 29447.59it/s]
2026-08-17 14:15:17,056 - INFO - HTTP Request: HEAD https://huggingface.co/bert-base-uncased/resolve/main/tokenizer_config.json "HTTP/1.1 200 OK"
2026-08-17 14:15:17,271 - INFO - HTTP Request: GET https://huggingface.co/api/models/bert-base-uncased/tree/main/additional_chat_templates?recursive=false&expand=false "HTTP/1.1 307 Temporary Redirect"
2026-08-17 14:15:17,484 - INFO - HTTP Request: GET https://huggingface.co/api/models/google-bert/bert-base-uncased/tree/main/additional_chat_templates?recursive=false&expand=false "HTTP/1.1 404 Not Found"
2026-08-17 14:15:17,694 - INFO - HTTP Request: GET https://huggingface.co/api/models/bert-base-uncased/tree/main?recursive=true&expand=false "HTTP/1.1 307 Temporary Redirect"
2026-08-17 14:15:17,903 - INFO - HTTP Request: GET https://huggingface.co/api/models/google-bert/bert-base-uncased/tree/main?recursive=true&expand=false "HTTP/1.1 200 OK"

[1/1] r0_cfg36
  scoring 50 records (0 skipped or cached) [workers=4]
r0_cfg36:   0%|          | 0/50 [00:00<?, ?it/s]2026-08-17 14:15:39,839 - INFO - HTTP Request: POST http://localhost:8007/v1/chat/completions "HTTP/1.1 200 OK"
2026-08-17 14:15:40,056 - INFO - HTTP Request: POST http://localhost:8007/v1/chat/completions "HTTP/1.1 200 OK"
2026-08-17 14:15:40,057 - INFO - HTTP Request: POST http://localhost:8007/v1/chat/completions "HTTP/1.1 200 OK"
2026-08-17 14:15:40,657 - INFO - HTTP Request: POST http://localhost:8007/v1/chat/completions "HTTP/1.1 200 OK"
2026-08-17 14:15:52,308 - INFO - HTTP Request: POST http://localhost:8007/v1/chat/completions "HTTP/1.1 200 OK"

2026-08-17 14:15:53,028 - INFO - HTTP Request: POST http://localhost:8007/v1/chat/completions "HTTP/1.1 200 OK"

2026-08-17 14:15:54,116 - INFO - HTTP Request: POST http://localhost:8007/v1/chat/completions "HTTP/1.1 200 OK"

2026-08-17 14:15:56,288 - INFO - HTTP Request: POST http://localhost:8007/v1/chat/completions "HTTP/1.1 200 OK"

2026-08-17 14:16:18,388 - INFO - HTTP Request: POST http://localhost:8007/v1/chat/completions "HTTP/1.1 200 OK"
2026-08-17 14:16:19,478 - INFO - HTTP Request: POST http://localhost:8007/v1/chat/completions "HTTP/1.1 200 OK"
2026-08-17 14:16:20,557 - INFO - HTTP Request: POST http://localhost:8007/v1/chat/completions "HTTP/1.1 200 OK"
2026-08-17 14:16:23,386 - INFO - HTTP Request: POST http://localhost:8007/v1/chat/completions "HTTP/1.1 200 OK"
2026-08-17 14:16:30,235 - INFO - HTTP Request: POST http://localhost:8007/v1/chat/completions "HTTP/1.1 200 OK"

2026-08-17 14:16:31,591 - INFO - HTTP Request: POST http://localhost:8007/v1/chat/completions "HTTP/1.1 200 OK"

2026-08-17 14:16:35,508 - INFO - HTTP Request: POST http://localhost:8007/v1/chat/completions "HTTP/1.1 200 OK"

2026-08-17 14:16:38,767 - INFO - HTTP Request: POST http://localhost:8007/v1/chat/completions "HTTP/1.1 200 OK"

2026-08-17 14:16:54,593 - INFO - HTTP Request: POST http://localhost:8007/v1/chat/completions "HTTP/1.1 200 OK"
2026-08-17 14:16:56,338 - INFO - HTTP Request: POST http://localhost:8007/v1/chat/completions "HTTP/1.1 200 OK"
2026-08-17 14:17:00,468 - INFO - HTTP Request: POST http://localhost:8007/v1/chat/completions "HTTP/1.1 200 OK"
2026-08-17 14:17:04,102 - INFO - HTTP Request: POST http://localhost:8007/v1/chat/completions "HTTP/1.1 200 OK"
2026-08-17 14:17:07,465 - INFO - HTTP Request: POST http://localhost:8007/v1/chat/completions "HTTP/1.1 200 OK"

2026-08-17 14:17:09,909 - INFO - HTTP Request: POST http://localhost:8007/v1/chat/completions "HTTP/1.1 200 OK"

2026-08-17 14:17:15,790 - INFO - HTTP Request: POST http://localhost:8007/v1/chat/completions "HTTP/1.1 200 OK"

2026-08-17 14:17:19,272 - INFO - HTTP Request: POST http://localhost:8007/v1/chat/completions "HTTP/1.1 200 OK"

2026-08-17 14:17:31,640 - INFO - HTTP Request: POST http://localhost:8007/v1/chat/completions "HTTP/1.1 200 OK"
2026-08-17 14:17:34,249 - INFO - HTTP Request: POST http://localhost:8007/v1/chat/completions "HTTP/1.1 200 OK"
2026-08-17 14:17:40,425 - INFO - HTTP Request: POST http://localhost:8007/v1/chat/completions "HTTP/1.1 200 OK"
2026-08-17 14:17:44,442 - INFO - HTTP Request: POST http://localhost:8007/v1/chat/completions "HTTP/1.1 200 OK"
2026-08-17 14:17:45,175 - INFO - HTTP Request: POST http://localhost:8007/v1/chat/completions "HTTP/1.1 200 OK"

2026-08-17 14:17:47,418 - INFO - HTTP Request: POST http://localhost:8007/v1/chat/completions "HTTP/1.1 200 OK"

2026-08-17 14:17:53,516 - INFO - HTTP Request: POST http://localhost:8007/v1/chat/completions "HTTP/1.1 200 OK"

2026-08-17 14:17:57,217 - INFO - HTTP Request: POST http://localhost:8007/v1/chat/completions "HTTP/1.1 200 OK"

2026-08-17 14:18:05,028 - INFO - HTTP Request: POST http://localhost:8007/v1/chat/completions "HTTP/1.1 200 OK"
2026-08-17 14:18:07,636 - INFO - HTTP Request: POST http://localhost:8007/v1/chat/completions "HTTP/1.1 200 OK"
2026-08-17 14:18:13,942 - INFO - HTTP Request: POST http://localhost:8007/v1/chat/completions "HTTP/1.1 200 OK"
2026-08-17 14:18:15,617 - INFO - HTTP Request: POST http://localhost:8007/v1/chat/completions "HTTP/1.1 200 OK"

2026-08-17 14:18:18,075 - INFO - HTTP Request: POST http://localhost:8007/v1/chat/completions "HTTP/1.1 200 OK"
2026-08-17 14:18:21,218 - INFO - HTTP Request: POST http://localhost:8007/v1/chat/completions "HTTP/1.1 200 OK"

2026-08-17 14:18:26,441 - INFO - HTTP Request: POST http://localhost:8007/v1/chat/completions "HTTP/1.1 200 OK"

2026-08-17 14:18:28,833 - INFO - HTTP Request: POST http://localhost:8007/v1/chat/completions "HTTP/1.1 200 OK"

2026-08-17 14:18:44,668 - INFO - HTTP Request: POST http://localhost:8007/v1/chat/completions "HTTP/1.1 200 OK"
2026-08-17 14:18:50,321 - INFO - HTTP Request: POST http://localhost:8007/v1/chat/completions "HTTP/1.1 200 OK"
2026-08-17 14:18:55,757 - INFO - HTTP Request: POST http://localhost:8007/v1/chat/completions "HTTP/1.1 200 OK"
2026-08-17 14:18:58,470 - INFO - HTTP Request: POST http://localhost:8007/v1/chat/completions "HTTP/1.1 200 OK"
2026-08-17 14:19:00,961 - INFO - HTTP Request: POST http://localhost:8007/v1/chat/completions "HTTP/1.1 200 OK"

2026-08-17 14:19:02,992 - INFO - HTTP Request: POST http://localhost:8007/v1/chat/completions "HTTP/1.1 200 OK"

2026-08-17 14:19:08,432 - INFO - HTTP Request: POST http://localhost:8007/v1/chat/completions "HTTP/1.1 200 OK"

2026-08-17 14:19:14,298 - INFO - HTTP Request: POST http://localhost:8007/v1/chat/completions "HTTP/1.1 200 OK"

2026-08-17 14:19:21,023 - INFO - HTTP Request: POST http://localhost:8007/v1/chat/completions "HTTP/1.1 200 OK"
2026-08-17 14:19:23,495 - INFO - HTTP Request: POST http://localhost:8007/v1/chat/completions "HTTP/1.1 200 OK"
2026-08-17 14:19:29,149 - INFO - HTTP Request: POST http://localhost:8007/v1/chat/completions "HTTP/1.1 200 OK"
2026-08-17 14:19:33,659 - INFO - HTTP Request: POST http://localhost:8007/v1/chat/completions "HTTP/1.1 200 OK"

2026-08-17 14:19:35,538 - INFO - HTTP Request: POST http://localhost:8007/v1/chat/completions "HTTP/1.1 200 OK"
2026-08-17 14:19:38,902 - INFO - HTTP Request: POST http://localhost:8007/v1/chat/completions "HTTP/1.1 200 OK"

2026-08-17 14:19:49,347 - INFO - HTTP Request: POST http://localhost:8007/v1/chat/completions "HTTP/1.1 200 OK"

2026-08-17 14:19:50,220 - INFO - HTTP Request: POST http://localhost:8007/v1/chat/completions "HTTP/1.1 200 OK"

2026-08-17 14:20:03,239 - INFO - HTTP Request: POST http://localhost:8007/v1/chat/completions "HTTP/1.1 200 OK"
2026-08-17 14:20:08,547 - INFO - HTTP Request: POST http://localhost:8007/v1/chat/completions "HTTP/1.1 200 OK"
2026-08-17 14:20:18,125 - INFO - HTTP Request: POST http://localhost:8007/v1/chat/completions "HTTP/1.1 200 OK"

2026-08-17 14:20:19,347 - INFO - HTTP Request: POST http://localhost:8007/v1/chat/completions "HTTP/1.1 200 OK"
2026-08-17 14:20:20,534 - INFO - HTTP Request: POST http://localhost:8007/v1/chat/completions "HTTP/1.1 200 OK"
2026-08-17 14:20:28,308 - INFO - HTTP Request: POST http://localhost:8007/v1/chat/completions "HTTP/1.1 200 OK"

2026-08-17 14:20:31,364 - INFO - HTTP Request: POST http://localhost:8007/v1/chat/completions "HTTP/1.1 200 OK"

2026-08-17 14:20:35,937 - INFO - HTTP Request: POST http://localhost:8007/v1/chat/completions "HTTP/1.1 200 OK"

2026-08-17 14:20:50,046 - INFO - HTTP Request: POST http://localhost:8007/v1/chat/completions "HTTP/1.1 200 OK"
2026-08-17 14:21:01,437 - INFO - HTTP Request: POST http://localhost:8007/v1/chat/completions "HTTP/1.1 200 OK"
2026-08-17 14:21:03,767 - INFO - HTTP Request: POST http://localhost:8007/v1/chat/completions "HTTP/1.1 200 OK"

r0_cfg36:   2%|▏         | 1/50 [05:45<4:42:23, 345.79s/it]2026-08-17 14:21:04,857 - INFO - HTTP Request: POST http://localhost:8007/v1/chat/completions "HTTP/1.1 200 OK"
2026-08-17 14:21:10,174 - INFO - HTTP Request: POST http://localhost:8007/v1/chat/completions "HTTP/1.1 200 OK"
2026-08-17 14:21:15,701 - INFO - HTTP Request: POST http://localhost:8007/v1/chat/completions "HTTP/1.1 200 OK"

r0_cfg36:   4%|▍         | 2/50 [05:57<1:59:31, 149.40s/it]2026-08-17 14:21:16,355 - INFO - HTTP Request: POST http://localhost:8007/v1/chat/completions "HTTP/1.1 200 OK"

r0_cfg36:   6%|▌         | 3/50 [05:58<1:03:49, 81.48s/it] 2026-08-17 14:21:22,873 - INFO - HTTP Request: POST http://localhost:8007/v1/chat/completions "HTTP/1.1 200 OK"

r0_cfg36:   8%|▊         | 4/50 [06:04<39:46, 51.89s/it]  2026-08-17 14:21:26,343 - INFO - HTTP Request: POST http://localhost:8007/v1/chat/completions "HTTP/1.1 200 OK"
2026-08-17 14:21:37,949 - INFO - HTTP Request: POST http://localhost:8007/v1/chat/completions "HTTP/1.1 200 OK"
2026-08-17 14:21:38,971 - INFO - HTTP Request: POST http://localhost:8007/v1/chat/completions "HTTP/1.1 200 OK"
2026-08-17 14:21:40,589 - INFO - HTTP Request: POST http://localhost:8007/v1/chat/completions "HTTP/1.1 200 OK"

2026-08-17 14:21:45,812 - INFO - HTTP Request: POST http://localhost:8007/v1/chat/completions "HTTP/1.1 200 OK"
2026-08-17 14:21:48,361 - INFO - HTTP Request: POST http://localhost:8007/v1/chat/completions "HTTP/1.1 200 OK"

2026-08-17 14:21:49,017 - INFO - HTTP Request: POST http://localhost:8007/v1/chat/completions "HTTP/1.1 200 OK"

2026-08-17 14:21:56,402 - INFO - HTTP Request: POST http://localhost:8007/v1/chat/completions "HTTP/1.1 200 OK"

2026-08-17 14:22:07,032 - INFO - HTTP Request: POST http://localhost:8007/v1/chat/completions "HTTP/1.1 200 OK"
2026-08-17 14:22:14,732 - INFO - HTTP Request: POST http://localhost:8007/v1/chat/completions "HTTP/1.1 200 OK"
2026-08-17 14:22:15,758 - INFO - HTTP Request: POST http://localhost:8007/v1/chat/completions "HTTP/1.1 200 OK"
2026-08-17 14:22:18,250 - INFO - HTTP Request: POST http://localhost:8007/v1/chat/completions "HTTP/1.1 200 OK"

2026-08-17 14:22:23,257 - INFO - HTTP Request: POST http://localhost:8007/v1/chat/completions "HTTP/1.1 200 OK"
2026-08-17 14:22:25,003 - INFO - HTTP Request: POST http://localhost:8007/v1/chat/completions "HTTP/1.1 200 OK"

2026-08-17 14:22:30,228 - INFO - HTTP Request: POST http://localhost:8007/v1/chat/completions "HTTP/1.1 200 OK"

2026-08-17 14:22:34,793 - INFO - HTTP Request: POST http://localhost:8007/v1/chat/completions "HTTP/1.1 200 OK"

2026-08-17 14:22:41,951 - INFO - HTTP Request: POST http://localhost:8007/v1/chat/completions "HTTP/1.1 200 OK"
2026-08-17 14:22:49,716 - INFO - HTTP Request: POST http://localhost:8007/v1/chat/completions "HTTP/1.1 200 OK"
2026-08-17 14:22:55,313 - INFO - HTTP Request: POST http://localhost:8007/v1/chat/completions "HTTP/1.1 200 OK"
2026-08-17 14:22:56,502 - INFO - HTTP Request: POST http://localhost:8007/v1/chat/completions "HTTP/1.1 200 OK"

2026-08-17 14:23:00,213 - INFO - HTTP Request: POST http://localhost:8007/v1/chat/completions "HTTP/1.1 200 OK"
2026-08-17 14:23:05,599 - INFO - HTTP Request: POST http://localhost:8007/v1/chat/completions "HTTP/1.1 200 OK"

2026-08-17 14:23:10,178 - INFO - HTTP Request: POST http://localhost:8007/v1/chat/completions "HTTP/1.1 200 OK"

2026-08-17 14:23:11,491 - INFO - HTTP Request: POST http://localhost:8007/v1/chat/completions "HTTP/1.1 200 OK"

2026-08-17 14:23:21,040 - INFO - HTTP Request: POST http://localhost:8007/v1/chat/completions "HTTP/1.1 200 OK"
2026-08-17 14:23:29,887 - INFO - HTTP Request: POST http://localhost:8007/v1/chat/completions "HTTP/1.1 200 OK"
2026-08-17 14:23:34,823 - INFO - HTTP Request: POST http://localhost:8007/v1/chat/completions "HTTP/1.1 200 OK"
2026-08-17 14:23:35,555 - INFO - HTTP Request: POST http://localhost:8007/v1/chat/completions "HTTP/1.1 200 OK"

2026-08-17 14:23:36,453 - INFO - HTTP Request: POST http://localhost:8007/v1/chat/completions "HTTP/1.1 200 OK"
2026-08-17 14:23:43,138 - INFO - HTTP Request: POST http://localhost:8007/v1/chat/completions "HTTP/1.1 200 OK"

2026-08-17 14:23:47,497 - INFO - HTTP Request: POST http://localhost:8007/v1/chat/completions "HTTP/1.1 200 OK"

2026-08-17 14:23:49,027 - INFO - HTTP Request: POST http://localhost:8007/v1/chat/completions "HTTP/1.1 200 OK"

2026-08-17 14:23:55,752 - INFO - HTTP Request: POST http://localhost:8007/v1/chat/completions "HTTP/1.1 200 OK"
2026-08-17 14:24:03,231 - INFO - HTTP Request: POST http://localhost:8007/v1/chat/completions "HTTP/1.1 200 OK"
2026-08-17 14:24:07,516 - INFO - HTTP Request: POST http://localhost:8007/v1/chat/completions "HTTP/1.1 200 OK"
2026-08-17 14:24:08,296 - INFO - HTTP Request: POST http://localhost:8007/v1/chat/completions "HTTP/1.1 200 OK"

2026-08-17 14:24:09,909 - INFO - HTTP Request: POST http://localhost:8007/v1/chat/completions "HTTP/1.1 200 OK"
2026-08-17 14:24:13,983 - INFO - HTTP Request: POST http://localhost:8007/v1/chat/completions "HTTP/1.1 200 OK"

2026-08-17 14:24:18,989 - INFO - HTTP Request: POST http://localhost:8007/v1/chat/completions "HTTP/1.1 200 OK"

2026-08-17 14:24:21,164 - INFO - HTTP Request: POST http://localhost:8007/v1/chat/completions "HTTP/1.1 200 OK"

2026-08-17 14:24:37,433 - INFO - HTTP Request: POST http://localhost:8007/v1/chat/completions "HTTP/1.1 200 OK"
2026-08-17 14:24:42,956 - INFO - HTTP Request: POST http://localhost:8007/v1/chat/completions "HTTP/1.1 200 OK"
2026-08-17 14:24:48,282 - INFO - HTTP Request: POST http://localhost:8007/v1/chat/completions "HTTP/1.1 200 OK"
2026-08-17 14:24:50,771 - INFO - HTTP Request: POST http://localhost:8007/v1/chat/completions "HTTP/1.1 200 OK"
2026-08-17 14:24:51,520 - INFO - HTTP Request: POST http://localhost:8007/v1/chat/completions "HTTP/1.1 200 OK"

2026-08-17 14:24:57,896 - INFO - HTTP Request: POST http://localhost:8007/v1/chat/completions "HTTP/1.1 200 OK"

2026-08-17 14:24:59,856 - INFO - HTTP Request: POST http://localhost:8007/v1/chat/completions "HTTP/1.1 200 OK"

2026-08-17 14:25:04,420 - INFO - HTTP Request: POST http://localhost:8007/v1/chat/completions "HTTP/1.1 200 OK"

2026-08-17 14:25:11,578 - INFO - HTTP Request: POST http://localhost:8007/v1/chat/completions "HTTP/1.1 200 OK"
2026-08-17 14:25:18,192 - INFO - HTTP Request: POST http://localhost:8007/v1/chat/completions "HTTP/1.1 200 OK"
2026-08-17 14:25:20,521 - INFO - HTTP Request: POST http://localhost:8007/v1/chat/completions "HTTP/1.1 200 OK"
2026-08-17 14:25:23,016 - INFO - HTTP Request: POST http://localhost:8007/v1/chat/completions "HTTP/1.1 200 OK"

2026-08-17 14:25:25,412 - INFO - HTTP Request: POST http://localhost:8007/v1/chat/completions "HTTP/1.1 200 OK"
2026-08-17 14:25:34,717 - INFO - HTTP Request: POST http://localhost:8007/v1/chat/completions "HTTP/1.1 200 OK"

2026-08-17 14:25:39,289 - INFO - HTTP Request: POST http://localhost:8007/v1/chat/completions "HTTP/1.1 200 OK"

2026-08-17 14:25:40,814 - INFO - HTTP Request: POST http://localhost:8007/v1/chat/completions "HTTP/1.1 200 OK"

2026-08-17 14:25:52,531 - INFO - HTTP Request: POST http://localhost:8007/v1/chat/completions "HTTP/1.1 200 OK"
2026-08-17 14:26:04,148 - INFO - HTTP Request: POST http://localhost:8007/v1/chat/completions "HTTP/1.1 200 OK"
2026-08-17 14:26:06,481 - INFO - HTTP Request: POST http://localhost:8007/v1/chat/completions "HTTP/1.1 200 OK"

2026-08-17 14:26:09,100 - INFO - HTTP Request: POST http://localhost:8007/v1/chat/completions "HTTP/1.1 200 OK"
2026-08-17 14:26:10,996 - INFO - HTTP Request: POST http://localhost:8007/v1/chat/completions "HTTP/1.1 200 OK"
2026-08-17 14:26:19,592 - INFO - HTTP Request: POST http://localhost:8007/v1/chat/completions "HTTP/1.1 200 OK"

2026-08-17 14:26:24,824 - INFO - HTTP Request: POST http://localhost:8007/v1/chat/completions "HTTP/1.1 200 OK"

2026-08-17 14:26:30,266 - INFO - HTTP Request: POST http://localhost:8007/v1/chat/completions "HTTP/1.1 200 OK"

2026-08-17 14:26:39,820 - INFO - HTTP Request: POST http://localhost:8007/v1/chat/completions "HTTP/1.1 200 OK"
2026-08-17 14:26:52,959 - INFO - HTTP Request: POST http://localhost:8007/v1/chat/completions "HTTP/1.1 200 OK"
2026-08-17 14:26:53,987 - INFO - HTTP Request: POST http://localhost:8007/v1/chat/completions "HTTP/1.1 200 OK"

r0_cfg36:  10%|█         | 5/50 [11:36<1:54:26, 152.58s/it]2026-08-17 14:26:58,554 - INFO - HTTP Request: POST http://localhost:8007/v1/chat/completions "HTTP/1.1 200 OK"
2026-08-17 14:27:04,367 - INFO - HTTP Request: POST http://localhost:8007/v1/chat/completions "HTTP/1.1 200 OK"
2026-08-17 14:27:05,103 - INFO - HTTP Request: POST http://localhost:8007/v1/chat/completions "HTTP/1.1 200 OK"

r0_cfg36:  12%|█▏        | 6/50 [11:47<1:16:37, 104.48s/it]2026-08-17 14:27:10,781 - INFO - HTTP Request: POST http://localhost:8007/v1/chat/completions "HTTP/1.1 200 OK"

r0_cfg36:  14%|█▍        | 7/50 [11:52<51:43, 72.18s/it]   2026-08-17 14:27:16,650 - INFO - HTTP Request: POST http://localhost:8007/v1/chat/completions "HTTP/1.1 200 OK"
2026-08-17 14:27:23,924 - INFO - HTTP Request: POST http://localhost:8007/v1/chat/completions "HTTP/1.1 200 OK"

r0_cfg36:  16%|█▌        | 8/50 [12:05<37:22, 53.39s/it]2026-08-17 14:27:27,182 - INFO - HTTP Request: POST http://localhost:8007/v1/chat/completions "HTTP/1.1 200 OK"
2026-08-17 14:27:28,640 - INFO - HTTP Request: POST http://localhost:8007/v1/chat/completions "HTTP/1.1 200 OK"

2026-08-17 14:27:33,421 - INFO - HTTP Request: POST http://localhost:8007/v1/chat/completions "HTTP/1.1 200 OK"
2026-08-17 14:27:41,787 - INFO - HTTP Request: POST http://localhost:8007/v1/chat/completions "HTTP/1.1 200 OK"

2026-08-17 14:27:46,353 - INFO - HTTP Request: POST http://localhost:8007/v1/chat/completions "HTTP/1.1 200 OK"

2026-08-17 14:27:46,787 - INFO - HTTP Request: POST http://localhost:8007/v1/chat/completions "HTTP/1.1 200 OK"
2026-08-17 14:27:55,358 - INFO - HTTP Request: POST http://localhost:8007/v1/chat/completions "HTTP/1.1 200 OK"
2026-08-17 14:27:57,634 - INFO - HTTP Request: POST http://localhost:8007/v1/chat/completions "HTTP/1.1 200 OK"

2026-08-17 14:28:08,494 - INFO - HTTP Request: POST http://localhost:8007/v1/chat/completions "HTTP/1.1 200 OK"
2026-08-17 14:28:11,477 - INFO - HTTP Request: POST http://localhost:8007/v1/chat/completions "HTTP/1.1 200 OK"

2026-08-17 14:28:13,435 - INFO - HTTP Request: POST http://localhost:8007/v1/chat/completions "HTTP/1.1 200 OK"
2026-08-17 14:28:21,855 - INFO - HTTP Request: POST http://localhost:8007/v1/chat/completions "HTTP/1.1 200 OK"

2026-08-17 14:28:24,031 - INFO - HTTP Request: POST http://localhost:8007/v1/chat/completions "HTTP/1.1 200 OK"

2026-08-17 14:28:24,464 - INFO - HTTP Request: POST http://localhost:8007/v1/chat/completions "HTTP/1.1 200 OK"
2026-08-17 14:28:36,300 - INFO - HTTP Request: POST http://localhost:8007/v1/chat/completions "HTTP/1.1 200 OK"

2026-08-17 14:28:36,516 - INFO - HTTP Request: POST http://localhost:8007/v1/chat/completions "HTTP/1.1 200 OK"
2026-08-17 14:28:46,823 - INFO - HTTP Request: POST http://localhost:8007/v1/chat/completions "HTTP/1.1 200 OK"
2026-08-17 14:28:49,370 - INFO - HTTP Request: POST http://localhost:8007/v1/chat/completions "HTTP/1.1 200 OK"
2026-08-17 14:28:53,395 - INFO - HTTP Request: POST http://localhost:8007/v1/chat/completions "HTTP/1.1 200 OK"

2026-08-17 14:28:59,280 - INFO - HTTP Request: POST http://localhost:8007/v1/chat/completions "HTTP/1.1 200 OK"

2026-08-17 14:29:01,680 - INFO - HTTP Request: POST http://localhost:8007/v1/chat/completions "HTTP/1.1 200 OK"
2026-08-17 14:29:02,652 - INFO - HTTP Request: POST http://localhost:8007/v1/chat/completions "HTTP/1.1 200 OK"

2026-08-17 14:29:17,863 - INFO - HTTP Request: POST http://localhost:8007/v1/chat/completions "HTTP/1.1 200 OK"
2026-08-17 14:29:17,864 - INFO - HTTP Request: POST http://localhost:8007/v1/chat/completions "HTTP/1.1 200 OK"

2026-08-17 14:29:23,385 - INFO - HTTP Request: POST http://localhost:8007/v1/chat/completions "HTTP/1.1 200 OK"
2026-08-17 14:29:27,523 - INFO - HTTP Request: POST http://localhost:8007/v1/chat/completions "HTTP/1.1 200 OK"
2026-08-17 14:29:32,415 - INFO - HTTP Request: POST http://localhost:8007/v1/chat/completions "HTTP/1.1 200 OK"

2026-08-17 14:29:35,907 - INFO - HTTP Request: POST http://localhost:8007/v1/chat/completions "HTTP/1.1 200 OK"

2026-08-17 14:29:40,043 - INFO - HTTP Request: POST http://localhost:8007/v1/chat/completions "HTTP/1.1 200 OK"

2026-08-17 14:29:42,868 - INFO - HTTP Request: POST http://localhost:8007/v1/chat/completions "HTTP/1.1 200 OK"
2026-08-17 14:29:52,522 - INFO - HTTP Request: POST http://localhost:8007/v1/chat/completions "HTTP/1.1 200 OK"
2026-08-17 14:29:55,880 - INFO - HTTP Request: POST http://localhost:8007/v1/chat/completions "HTTP/1.1 200 OK"

2026-08-17 14:29:56,314 - INFO - HTTP Request: POST http://localhost:8007/v1/chat/completions "HTTP/1.1 200 OK"
2026-08-17 14:30:00,393 - INFO - HTTP Request: POST http://localhost:8007/v1/chat/completions "HTTP/1.1 200 OK"
2026-08-17 14:30:05,773 - INFO - HTTP Request: POST http://localhost:8007/v1/chat/completions "HTTP/1.1 200 OK"

2026-08-17 14:30:08,822 - INFO - HTTP Request: POST http://localhost:8007/v1/chat/completions "HTTP/1.1 200 OK"

2026-08-17 14:30:10,998 - INFO - HTTP Request: POST http://localhost:8007/v1/chat/completions "HTTP/1.1 200 OK"

2026-08-17 14:30:16,422 - INFO - HTTP Request: POST http://localhost:8007/v1/chat/completions "HTTP/1.1 200 OK"
2026-08-17 14:30:30,210 - INFO - HTTP Request: POST http://localhost:8007/v1/chat/completions "HTTP/1.1 200 OK"

2026-08-17 14:30:34,766 - INFO - HTTP Request: POST http://localhost:8007/v1/chat/completions "HTTP/1.1 200 OK"
2026-08-17 14:30:38,118 - INFO - HTTP Request: POST http://localhost:8007/v1/chat/completions "HTTP/1.1 200 OK"
2026-08-17 14:30:40,664 - INFO - HTTP Request: POST http://localhost:8007/v1/chat/completions "HTTP/1.1 200 OK"
2026-08-17 14:30:51,220 - INFO - HTTP Request: POST http://localhost:8007/v1/chat/completions "HTTP/1.1 200 OK"

2026-08-17 14:30:51,438 - INFO - HTTP Request: POST http://localhost:8007/v1/chat/completions "HTTP/1.1 200 OK"

2026-08-17 14:30:51,876 - INFO - HTTP Request: POST http://localhost:8007/v1/chat/completions "HTTP/1.1 200 OK"

2026-08-17 14:30:59,912 - INFO - HTTP Request: POST http://localhost:8007/v1/chat/completions "HTTP/1.1 200 OK"
2026-08-17 14:31:11,522 - INFO - HTTP Request: POST http://localhost:8007/v1/chat/completions "HTTP/1.1 200 OK"
2026-08-17 14:31:11,740 - INFO - HTTP Request: POST http://localhost:8007/v1/chat/completions "HTTP/1.1 200 OK"
2026-08-17 14:31:12,790 - INFO - HTTP Request: POST http://localhost:8007/v1/chat/completions "HTTP/1.1 200 OK"
2026-08-17 14:31:16,236 - INFO - HTTP Request: POST http://localhost:8007/v1/chat/completions "HTTP/1.1 200 OK"

2026-08-17 14:31:25,386 - INFO - HTTP Request: POST http://localhost:8007/v1/chat/completions "HTTP/1.1 200 OK"

2026-08-17 14:31:26,260 - INFO - HTTP Request: POST http://localhost:8007/v1/chat/completions "HTTP/1.1 200 OK"

2026-08-17 14:31:28,002 - INFO - HTTP Request: POST http://localhost:8007/v1/chat/completions "HTTP/1.1 200 OK"

2026-08-17 14:31:36,249 - INFO - HTTP Request: POST http://localhost:8007/v1/chat/completions "HTTP/1.1 200 OK"
2026-08-17 14:31:49,396 - INFO - HTTP Request: POST http://localhost:8007/v1/chat/completions "HTTP/1.1 200 OK"

2026-08-17 14:31:54,824 - INFO - HTTP Request: POST http://localhost:8007/v1/chat/completions "HTTP/1.1 200 OK"
2026-08-17 14:31:56,016 - INFO - HTTP Request: POST http://localhost:8007/v1/chat/completions "HTTP/1.1 200 OK"
2026-08-17 14:31:58,132 - INFO - HTTP Request: POST http://localhost:8007/v1/chat/completions "HTTP/1.1 200 OK"
2026-08-17 14:32:09,123 - INFO - HTTP Request: POST http://localhost:8007/v1/chat/completions "HTTP/1.1 200 OK"

2026-08-17 14:32:11,963 - INFO - HTTP Request: POST http://localhost:8007/v1/chat/completions "HTTP/1.1 200 OK"

2026-08-17 14:32:12,843 - INFO - HTTP Request: POST http://localhost:8007/v1/chat/completions "HTTP/1.1 200 OK"

2026-08-17 14:32:19,580 - INFO - HTTP Request: POST http://localhost:8007/v1/chat/completions "HTTP/1.1 200 OK"
2026-08-17 14:32:32,288 - INFO - HTTP Request: POST http://localhost:8007/v1/chat/completions "HTTP/1.1 200 OK"

2026-08-17 14:32:42,062 - INFO - HTTP Request: POST http://localhost:8007/v1/chat/completions "HTTP/1.1 200 OK"
2026-08-17 14:32:43,903 - INFO - HTTP Request: POST http://localhost:8007/v1/chat/completions "HTTP/1.1 200 OK"
2026-08-17 14:32:46,952 - INFO - HTTP Request: POST http://localhost:8007/v1/chat/completions "HTTP/1.1 200 OK"
2026-08-17 14:32:55,609 - INFO - HTTP Request: POST http://localhost:8007/v1/chat/completions "HTTP/1.1 200 OK"

r0_cfg36:  18%|█▊        | 9/50 [17:37<1:35:55, 140.39s/it]2026-08-17 14:33:00,839 - INFO - HTTP Request: POST http://localhost:8007/v1/chat/completions "HTTP/1.1 200 OK"

2026-08-17 14:33:00,840 - INFO - HTTP Request: POST http://localhost:8007/v1/chat/completions "HTTP/1.1 200 OK"
r0_cfg36:  20%|██        | 10/50 [17:42<1:05:46, 98.66s/it]
2026-08-17 14:33:04,528 - INFO - HTTP Request: POST http://localhost:8007/v1/chat/completions "HTTP/1.1 200 OK"
2026-08-17 14:33:17,666 - INFO - HTTP Request: POST http://localhost:8007/v1/chat/completions "HTTP/1.1 200 OK"
2026-08-17 14:33:21,463 - INFO - HTTP Request: POST http://localhost:8007/v1/chat/completions "HTTP/1.1 200 OK"

r0_cfg36:  24%|██▍       | 12/50 [18:03<36:15, 57.25s/it]  2026-08-17 14:33:23,421 - INFO - HTTP Request: POST http://localhost:8007/v1/chat/completions "HTTP/1.1 200 OK"
2026-08-17 14:33:23,638 - INFO - HTTP Request: POST http://localhost:8007/v1/chat/completions "HTTP/1.1 200 OK"
2026-08-17 14:33:26,919 - INFO - HTTP Request: POST http://localhost:8007/v1/chat/completions "HTTP/1.1 200 OK"

2026-08-17 14:33:34,091 - INFO - HTTP Request: POST http://localhost:8007/v1/chat/completions "HTTP/1.1 200 OK"

2026-08-17 14:33:34,525 - INFO - HTTP Request: POST http://localhost:8007/v1/chat/completions "HTTP/1.1 200 OK"

2026-08-17 14:33:43,853 - INFO - HTTP Request: POST http://localhost:8007/v1/chat/completions "HTTP/1.1 200 OK"
2026-08-17 14:33:53,295 - INFO - HTTP Request: POST http://localhost:8007/v1/chat/completions "HTTP/1.1 200 OK"
2026-08-17 14:33:57,093 - INFO - HTTP Request: POST http://localhost:8007/v1/chat/completions "HTTP/1.1 200 OK"

2026-08-17 14:34:00,789 - INFO - HTTP Request: POST http://localhost:8007/v1/chat/completions "HTTP/1.1 200 OK"
2026-08-17 14:34:01,223 - INFO - HTTP Request: POST http://localhost:8007/v1/chat/completions "HTTP/1.1 200 OK"
2026-08-17 14:34:05,379 - INFO - HTTP Request: POST http://localhost:8007/v1/chat/completions "HTTP/1.1 200 OK"

2026-08-17 14:34:12,557 - INFO - HTTP Request: POST http://localhost:8007/v1/chat/completions "HTTP/1.1 200 OK"

2026-08-17 14:34:12,558 - INFO - HTTP Request: POST http://localhost:8007/v1/chat/completions "HTTP/1.1 200 OK"

2026-08-17 14:34:23,626 - INFO - HTTP Request: POST http://localhost:8007/v1/chat/completions "HTTP/1.1 200 OK"
2026-08-17 14:34:30,026 - INFO - HTTP Request: POST http://localhost:8007/v1/chat/completions "HTTP/1.1 200 OK"
2026-08-17 14:34:34,045 - INFO - HTTP Request: POST http://localhost:8007/v1/chat/completions "HTTP/1.1 200 OK"

2026-08-17 14:34:37,524 - INFO - HTTP Request: POST http://localhost:8007/v1/chat/completions "HTTP/1.1 200 OK"
2026-08-17 14:34:37,525 - INFO - HTTP Request: POST http://localhost:8007/v1/chat/completions "HTTP/1.1 200 OK"
2026-08-17 14:34:48,488 - INFO - HTTP Request: POST http://localhost:8007/v1/chat/completions "HTTP/1.1 200 OK"

2026-08-17 14:34:51,107 - INFO - HTTP Request: POST http://localhost:8007/v1/chat/completions "HTTP/1.1 200 OK"

2026-08-17 14:34:51,325 - INFO - HTTP Request: POST http://localhost:8007/v1/chat/completions "HTTP/1.1 200 OK"

2026-08-17 14:34:58,923 - INFO - HTTP Request: POST http://localhost:8007/v1/chat/completions "HTTP/1.1 200 OK"
2026-08-17 14:35:12,277 - INFO - HTTP Request: POST http://localhost:8007/v1/chat/completions "HTTP/1.1 200 OK"
2026-08-17 14:35:13,466 - INFO - HTTP Request: POST http://localhost:8007/v1/chat/completions "HTTP/1.1 200 OK"

2026-08-17 14:35:15,648 - INFO - HTTP Request: POST http://localhost:8007/v1/chat/completions "HTTP/1.1 200 OK"
2026-08-17 14:35:16,083 - INFO - HTTP Request: POST http://localhost:8007/v1/chat/completions "HTTP/1.1 200 OK"
2026-08-17 14:35:25,526 - INFO - HTTP Request: POST http://localhost:8007/v1/chat/completions "HTTP/1.1 200 OK"

2026-08-17 14:35:28,363 - INFO - HTTP Request: POST http://localhost:8007/v1/chat/completions "HTTP/1.1 200 OK"

2026-08-17 14:35:30,977 - INFO - HTTP Request: POST http://localhost:8007/v1/chat/completions "HTTP/1.1 200 OK"

2026-08-17 14:35:38,139 - INFO - HTTP Request: POST http://localhost:8007/v1/chat/completions "HTTP/1.1 200 OK"
2026-08-17 14:35:45,622 - INFO - HTTP Request: POST http://localhost:8007/v1/chat/completions "HTTP/1.1 200 OK"
2026-08-17 14:35:48,334 - INFO - HTTP Request: POST http://localhost:8007/v1/chat/completions "HTTP/1.1 200 OK"
2026-08-17 14:35:51,308 - INFO - HTTP Request: POST http://localhost:8007/v1/chat/completions "HTTP/1.1 200 OK"

2026-08-17 14:35:51,526 - INFO - HTTP Request: POST http://localhost:8007/v1/chat/completions "HTTP/1.1 200 OK"
2026-08-17 14:35:57,292 - INFO - HTTP Request: POST http://localhost:8007/v1/chat/completions "HTTP/1.1 200 OK"

2026-08-17 14:35:59,252 - INFO - HTTP Request: POST http://localhost:8007/v1/chat/completions "HTTP/1.1 200 OK"

2026-08-17 14:36:02,947 - INFO - HTTP Request: POST http://localhost:8007/v1/chat/completions "HTTP/1.1 200 OK"

2026-08-17 14:36:11,409 - INFO - HTTP Request: POST http://localhost:8007/v1/chat/completions "HTTP/1.1 200 OK"
2026-08-17 14:36:22,805 - INFO - HTTP Request: POST http://localhost:8007/v1/chat/completions "HTTP/1.1 200 OK"

2026-08-17 14:36:26,276 - INFO - HTTP Request: POST http://localhost:8007/v1/chat/completions "HTTP/1.1 200 OK"
2026-08-17 14:36:28,549 - INFO - HTTP Request: POST http://localhost:8007/v1/chat/completions "HTTP/1.1 200 OK"
2026-08-17 14:36:32,394 - INFO - HTTP Request: POST http://localhost:8007/v1/chat/completions "HTTP/1.1 200 OK"
2026-08-17 14:36:39,671 - INFO - HTTP Request: POST http://localhost:8007/v1/chat/completions "HTTP/1.1 200 OK"

2026-08-17 14:36:40,979 - INFO - HTTP Request: POST http://localhost:8007/v1/chat/completions "HTTP/1.1 200 OK"

2026-08-17 14:36:47,067 - INFO - HTTP Request: POST http://localhost:8007/v1/chat/completions "HTTP/1.1 200 OK"

2026-08-17 14:36:52,275 - INFO - HTTP Request: POST http://localhost:8007/v1/chat/completions "HTTP/1.1 200 OK"
2026-08-17 14:36:59,980 - INFO - HTTP Request: POST http://localhost:8007/v1/chat/completions "HTTP/1.1 200 OK"
2026-08-17 14:37:01,612 - INFO - HTTP Request: POST http://localhost:8007/v1/chat/completions "HTTP/1.1 200 OK"
2026-08-17 14:37:02,406 - INFO - HTTP Request: POST http://localhost:8007/v1/chat/completions "HTTP/1.1 200 OK"

2026-08-17 14:37:07,846 - INFO - HTTP Request: POST http://localhost:8007/v1/chat/completions "HTTP/1.1 200 OK"
2026-08-17 14:37:12,955 - INFO - HTTP Request: POST http://localhost:8007/v1/chat/completions "HTTP/1.1 200 OK"

2026-08-17 14:37:17,744 - INFO - HTTP Request: POST http://localhost:8007/v1/chat/completions "HTTP/1.1 200 OK"

2026-08-17 14:37:22,311 - INFO - HTTP Request: POST http://localhost:8007/v1/chat/completions "HTTP/1.1 200 OK"

2026-08-17 14:37:22,745 - INFO - HTTP Request: POST http://localhost:8007/v1/chat/completions "HTTP/1.1 200 OK"
2026-08-17 14:37:38,930 - INFO - HTTP Request: POST http://localhost:8007/v1/chat/completions "HTTP/1.1 200 OK"

2026-08-17 14:37:42,405 - INFO - HTTP Request: POST http://localhost:8007/v1/chat/completions "HTTP/1.1 200 OK"
2026-08-17 14:37:47,506 - INFO - HTTP Request: POST http://localhost:8007/v1/chat/completions "HTTP/1.1 200 OK"
2026-08-17 14:37:52,217 - INFO - HTTP Request: POST http://localhost:8007/v1/chat/completions "HTTP/1.1 200 OK"
2026-08-17 14:37:54,928 - INFO - HTTP Request: POST http://localhost:8007/v1/chat/completions "HTTP/1.1 200 OK"

2026-08-17 14:38:01,899 - INFO - HTTP Request: POST http://localhost:8007/v1/chat/completions "HTTP/1.1 200 OK"

2026-08-17 14:38:03,864 - INFO - HTTP Request: POST http://localhost:8007/v1/chat/completions "HTTP/1.1 200 OK"

2026-08-17 14:38:08,866 - INFO - HTTP Request: POST http://localhost:8007/v1/chat/completions "HTTP/1.1 200 OK"
2026-08-17 14:38:23,092 - INFO - HTTP Request: POST http://localhost:8007/v1/chat/completions "HTTP/1.1 200 OK"

2026-08-17 14:38:26,573 - INFO - HTTP Request: POST http://localhost:8007/v1/chat/completions "HTTP/1.1 200 OK"
2026-08-17 14:38:35,154 - INFO - HTTP Request: POST http://localhost:8007/v1/chat/completions "HTTP/1.1 200 OK"
2026-08-17 14:38:37,253 - INFO - HTTP Request: POST http://localhost:8007/v1/chat/completions "HTTP/1.1 200 OK"
2026-08-17 14:38:38,876 - INFO - HTTP Request: POST http://localhost:8007/v1/chat/completions "HTTP/1.1 200 OK"

r0_cfg36:  26%|██▌       | 13/50 [23:20<1:15:32, 122.50s/it]2026-08-17 14:38:46,490 - INFO - HTTP Request: POST http://localhost:8007/v1/chat/completions "HTTP/1.1 200 OK"

r0_cfg36:  28%|██▊       | 14/50 [23:28<55:19, 92.20s/it]   2026-08-17 14:38:49,321 - INFO - HTTP Request: POST http://localhost:8007/v1/chat/completions "HTTP/1.1 200 OK"

r0_cfg36:  30%|███       | 15/50 [23:31<39:30, 67.74s/it]2026-08-17 14:38:56,913 - INFO - HTTP Request: POST http://localhost:8007/v1/chat/completions "HTTP/1.1 200 OK"
2026-08-17 14:39:01,142 - INFO - HTTP Request: POST http://localhost:8007/v1/chat/completions "HTTP/1.1 200 OK"
2026-08-17 14:39:09,055 - INFO - HTTP Request: POST http://localhost:8007/v1/chat/completions "HTTP/1.1 200 OK"
2026-08-17 14:39:12,030 - INFO - HTTP Request: POST http://localhost:8007/v1/chat/completions "HTTP/1.1 200 OK"
2026-08-17 14:39:12,747 - INFO - HTTP Request: POST http://localhost:8007/v1/chat/completions "HTTP/1.1 200 OK"

r0_cfg36:  32%|███▏      | 16/50 [23:54<31:19, 55.28s/it]2026-08-17 14:39:15,394 - INFO - HTTP Request: POST http://localhost:8007/v1/chat/completions "HTTP/1.1 200 OK"

2026-08-17 14:39:20,177 - INFO - HTTP Request: POST http://localhost:8007/v1/chat/completions "HTTP/1.1 200 OK"

2026-08-17 14:39:21,917 - INFO - HTTP Request: POST http://localhost:8007/v1/chat/completions "HTTP/1.1 200 OK"

2026-08-17 14:39:34,713 - INFO - HTTP Request: POST http://localhost:8007/v1/chat/completions "HTTP/1.1 200 OK"
2026-08-17 14:39:41,818 - INFO - HTTP Request: POST http://localhost:8007/v1/chat/completions "HTTP/1.1 200 OK"
2026-08-17 14:39:46,906 - INFO - HTTP Request: POST http://localhost:8007/v1/chat/completions "HTTP/1.1 200 OK"
2026-08-17 14:39:48,139 - INFO - HTTP Request: POST http://localhost:8007/v1/chat/completions "HTTP/1.1 200 OK"

2026-08-17 14:39:48,795 - INFO - HTTP Request: POST http://localhost:8007/v1/chat/completions "HTTP/1.1 200 OK"
2026-08-17 14:39:52,810 - INFO - HTTP Request: POST http://localhost:8007/v1/chat/completions "HTTP/1.1 200 OK"

2026-08-17 14:39:58,247 - INFO - HTTP Request: POST http://localhost:8007/v1/chat/completions "HTTP/1.1 200 OK"

2026-08-17 14:40:01,074 - INFO - HTTP Request: POST http://localhost:8007/v1/chat/completions "HTTP/1.1 200 OK"

2026-08-17 14:40:14,525 - INFO - HTTP Request: POST http://localhost:8007/v1/chat/completions "HTTP/1.1 200 OK"
2026-08-17 14:40:17,503 - INFO - HTTP Request: POST http://localhost:8007/v1/chat/completions "HTTP/1.1 200 OK"
2026-08-17 14:40:23,246 - INFO - HTTP Request: POST http://localhost:8007/v1/chat/completions "HTTP/1.1 200 OK"
2026-08-17 14:40:26,222 - INFO - HTTP Request: POST http://localhost:8007/v1/chat/completions "HTTP/1.1 200 OK"
2026-08-17 14:40:27,844 - INFO - HTTP Request: POST http://localhost:8007/v1/chat/completions "HTTP/1.1 200 OK"

2026-08-17 14:40:30,903 - INFO - HTTP Request: POST http://localhost:8007/v1/chat/completions "HTTP/1.1 200 OK"

2026-08-17 14:40:36,340 - INFO - HTTP Request: POST http://localhost:8007/v1/chat/completions "HTTP/1.1 200 OK"

2026-08-17 14:40:37,653 - INFO - HTTP Request: POST http://localhost:8007/v1/chat/completions "HTTP/1.1 200 OK"

2026-08-17 14:40:51,975 - INFO - HTTP Request: POST http://localhost:8007/v1/chat/completions "HTTP/1.1 200 OK"
2026-08-17 14:40:55,534 - INFO - HTTP Request: POST http://localhost:8007/v1/chat/completions "HTTP/1.1 200 OK"
2026-08-17 14:41:01,126 - INFO - HTTP Request: POST http://localhost:8007/v1/chat/completions "HTTP/1.1 200 OK"
2026-08-17 14:41:02,744 - INFO - HTTP Request: POST http://localhost:8007/v1/chat/completions "HTTP/1.1 200 OK"
2026-08-17 14:41:05,500 - INFO - HTTP Request: POST http://localhost:8007/v1/chat/completions "HTTP/1.1 200 OK"

2026-08-17 14:41:12,697 - INFO - HTTP Request: POST http://localhost:8007/v1/chat/completions "HTTP/1.1 200 OK"

2026-08-17 14:41:14,012 - INFO - HTTP Request: POST http://localhost:8007/v1/chat/completions "HTTP/1.1 200 OK"

2026-08-17 14:41:15,106 - INFO - HTTP Request: POST http://localhost:8007/v1/chat/completions "HTTP/1.1 200 OK"

2026-08-17 14:41:25,302 - INFO - HTTP Request: POST http://localhost:8007/v1/chat/completions "HTTP/1.1 200 OK"
2026-08-17 14:41:34,076 - INFO - HTTP Request: POST http://localhost:8007/v1/chat/completions "HTTP/1.1 200 OK"
2026-08-17 14:41:35,478 - INFO - HTTP Request: POST http://localhost:8007/v1/chat/completions "HTTP/1.1 200 OK"
2026-08-17 14:41:36,274 - INFO - HTTP Request: POST http://localhost:8007/v1/chat/completions "HTTP/1.1 200 OK"

2026-08-17 14:41:36,930 - INFO - HTTP Request: POST http://localhost:8007/v1/chat/completions "HTTP/1.1 200 OK"
2026-08-17 14:41:45,569 - INFO - HTTP Request: POST http://localhost:8007/v1/chat/completions "HTTP/1.1 200 OK"

2026-08-17 14:41:46,877 - INFO - HTTP Request: POST http://localhost:8007/v1/chat/completions "HTTP/1.1 200 OK"

2026-08-17 14:41:49,704 - INFO - HTTP Request: POST http://localhost:8007/v1/chat/completions "HTTP/1.1 200 OK"

2026-08-17 14:42:05,330 - INFO - HTTP Request: POST http://localhost:8007/v1/chat/completions "HTTP/1.1 200 OK"
2026-08-17 14:42:09,757 - INFO - HTTP Request: POST http://localhost:8007/v1/chat/completions "HTTP/1.1 200 OK"
2026-08-17 14:42:14,912 - INFO - HTTP Request: POST http://localhost:8007/v1/chat/completions "HTTP/1.1 200 OK"
2026-08-17 14:42:16,141 - INFO - HTTP Request: POST http://localhost:8007/v1/chat/completions "HTTP/1.1 200 OK"

2026-08-17 14:42:16,360 - INFO - HTTP Request: POST http://localhost:8007/v1/chat/completions "HTTP/1.1 200 OK"
2026-08-17 14:42:19,070 - INFO - HTTP Request: POST http://localhost:8007/v1/chat/completions "HTTP/1.1 200 OK"

2026-08-17 14:42:29,507 - INFO - HTTP Request: POST http://localhost:8007/v1/chat/completions "HTTP/1.1 200 OK"

2026-08-17 14:42:31,248 - INFO - HTTP Request: POST http://localhost:8007/v1/chat/completions "HTTP/1.1 200 OK"

2026-08-17 14:42:36,457 - INFO - HTTP Request: POST http://localhost:8007/v1/chat/completions "HTTP/1.1 200 OK"
2026-08-17 14:42:48,061 - INFO - HTTP Request: POST http://localhost:8007/v1/chat/completions "HTTP/1.1 200 OK"

2026-08-17 14:42:48,062 - INFO - HTTP Request: POST http://localhost:8007/v1/chat/completions "HTTP/1.1 200 OK"
2026-08-17 14:42:50,166 - INFO - HTTP Request: POST http://localhost:8007/v1/chat/completions "HTTP/1.1 200 OK"
2026-08-17 14:42:52,050 - INFO - HTTP Request: POST http://localhost:8007/v1/chat/completions "HTTP/1.1 200 OK"
2026-08-17 14:43:01,511 - INFO - HTTP Request: POST http://localhost:8007/v1/chat/completions "HTTP/1.1 200 OK"

2026-08-17 14:43:02,821 - INFO - HTTP Request: POST http://localhost:8007/v1/chat/completions "HTTP/1.1 200 OK"

2026-08-17 14:43:04,128 - INFO - HTTP Request: POST http://localhost:8007/v1/chat/completions "HTTP/1.1 200 OK"

2026-08-17 14:43:18,019 - INFO - HTTP Request: POST http://localhost:8007/v1/chat/completions "HTTP/1.1 200 OK"
2026-08-17 14:43:23,104 - INFO - HTTP Request: POST http://localhost:8007/v1/chat/completions "HTTP/1.1 200 OK"
2026-08-17 14:43:31,314 - INFO - HTTP Request: POST http://localhost:8007/v1/chat/completions "HTTP/1.1 200 OK"
2026-08-17 14:43:31,531 - INFO - HTTP Request: POST http://localhost:8007/v1/chat/completions "HTTP/1.1 200 OK"

2026-08-17 14:43:34,251 - INFO - HTTP Request: POST http://localhost:8007/v1/chat/completions "HTTP/1.1 200 OK"
2026-08-17 14:43:37,230 - INFO - HTTP Request: POST http://localhost:8007/v1/chat/completions "HTTP/1.1 200 OK"

2026-08-17 14:43:42,675 - INFO - HTTP Request: POST http://localhost:8007/v1/chat/completions "HTTP/1.1 200 OK"

2026-08-17 14:43:47,903 - INFO - HTTP Request: POST http://localhost:8007/v1/chat/completions "HTTP/1.1 200 OK"

2026-08-17 14:44:04,633 - INFO - HTTP Request: POST http://localhost:8007/v1/chat/completions "HTTP/1.1 200 OK"
2026-08-17 14:44:06,674 - INFO - HTTP Request: POST http://localhost:8007/v1/chat/completions "HTTP/1.1 200 OK"
2026-08-17 14:44:16,409 - INFO - HTTP Request: POST http://localhost:8007/v1/chat/completions "HTTP/1.1 200 OK"
2026-08-17 14:44:16,626 - INFO - HTTP Request: POST http://localhost:8007/v1/chat/completions "HTTP/1.1 200 OK"

r0_cfg36:  34%|███▍      | 17/50 [28:58<1:09:34, 126.51s/it]2026-08-17 14:44:19,775 - INFO - HTTP Request: POST http://localhost:8007/v1/chat/completions "HTTP/1.1 200 OK"

2026-08-17 14:44:21,958 - INFO - HTTP Request: POST http://localhost:8007/v1/chat/completions "HTTP/1.1 200 OK"
2026-08-17 14:44:30,588 - INFO - HTTP Request: POST http://localhost:8007/v1/chat/completions "HTTP/1.1 200 OK"

r0_cfg36:  36%|███▌      | 18/50 [29:12<50:02, 93.82s/it]   2026-08-17 14:44:33,414 - INFO - HTTP Request: POST http://localhost:8007/v1/chat/completions "HTTP/1.1 200 OK"

r0_cfg36:  38%|███▊      | 19/50 [29:15<34:41, 67.14s/it]2026-08-17 14:44:38,622 - INFO - HTTP Request: POST http://localhost:8007/v1/chat/completions "HTTP/1.1 200 OK"
2026-08-17 14:44:52,455 - INFO - HTTP Request: POST http://localhost:8007/v1/chat/completions "HTTP/1.1 200 OK"
2026-08-17 14:44:52,459 - INFO - HTTP Request: POST http://localhost:8007/v1/chat/completions "HTTP/1.1 200 OK"
2026-08-17 14:44:54,152 - INFO - HTTP Request: POST http://localhost:8007/v1/chat/completions "HTTP/1.1 200 OK"

2026-08-17 14:44:56,331 - INFO - HTTP Request: POST http://localhost:8007/v1/chat/completions "HTTP/1.1 200 OK"
2026-08-17 14:45:01,872 - INFO - HTTP Request: POST http://localhost:8007/v1/chat/completions "HTTP/1.1 200 OK"

2026-08-17 14:45:08,404 - INFO - HTTP Request: POST http://localhost:8007/v1/chat/completions "HTTP/1.1 200 OK"

r0_cfg36:  40%|████      | 20/50 [29:50<28:49, 57.65s/it]2026-08-17 14:45:12,533 - INFO - HTTP Request: POST http://localhost:8007/v1/chat/completions "HTTP/1.1 200 OK"

2026-08-17 14:45:20,559 - INFO - HTTP Request: POST http://localhost:8007/v1/chat/completions "HTTP/1.1 200 OK"
2026-08-17 14:45:28,090 - INFO - HTTP Request: POST http://localhost:8007/v1/chat/completions "HTTP/1.1 200 OK"
2026-08-17 14:45:30,801 - INFO - HTTP Request: POST http://localhost:8007/v1/chat/completions "HTTP/1.1 200 OK"
2026-08-17 14:45:35,961 - INFO - HTTP Request: POST http://localhost:8007/v1/chat/completions "HTTP/1.1 200 OK"

2026-08-17 14:45:39,448 - INFO - HTTP Request: POST http://localhost:8007/v1/chat/completions "HTTP/1.1 200 OK"
2026-08-17 14:45:39,449 - INFO - HTTP Request: POST http://localhost:8007/v1/chat/completions "HTTP/1.1 200 OK"

2026-08-17 14:45:42,812 - INFO - HTTP Request: POST http://localhost:8007/v1/chat/completions "HTTP/1.1 200 OK"

2026-08-17 14:45:52,156 - INFO - HTTP Request: POST http://localhost:8007/v1/chat/completions "HTTP/1.1 200 OK"

2026-08-17 14:45:59,534 - INFO - HTTP Request: POST http://localhost:8007/v1/chat/completions "HTTP/1.1 200 OK"
2026-08-17 14:46:04,386 - INFO - HTTP Request: POST http://localhost:8007/v1/chat/completions "HTTP/1.1 200 OK"
2026-08-17 14:46:09,488 - INFO - HTTP Request: POST http://localhost:8007/v1/chat/completions "HTTP/1.1 200 OK"
2026-08-17 14:46:14,868 - INFO - HTTP Request: POST http://localhost:8007/v1/chat/completions "HTTP/1.1 200 OK"

2026-08-17 14:46:17,489 - INFO - HTTP Request: POST http://localhost:8007/v1/chat/completions "HTTP/1.1 200 OK"
2026-08-17 14:46:19,112 - INFO - HTTP Request: POST http://localhost:8007/v1/chat/completions "HTTP/1.1 200 OK"

2026-08-17 14:46:19,992 - INFO - HTTP Request: POST http://localhost:8007/v1/chat/completions "HTTP/1.1 200 OK"

2026-08-17 14:46:27,378 - INFO - HTTP Request: POST http://localhost:8007/v1/chat/completions "HTTP/1.1 200 OK"

2026-08-17 14:46:39,316 - INFO - HTTP Request: POST http://localhost:8007/v1/chat/completions "HTTP/1.1 200 OK"
2026-08-17 14:46:43,149 - INFO - HTTP Request: POST http://localhost:8007/v1/chat/completions "HTTP/1.1 200 OK"
2026-08-17 14:46:44,766 - INFO - HTTP Request: POST http://localhost:8007/v1/chat/completions "HTTP/1.1 200 OK"
2026-08-17 14:46:52,323 - INFO - HTTP Request: POST http://localhost:8007/v1/chat/completions "HTTP/1.1 200 OK"
2026-08-17 14:46:52,541 - INFO - HTTP Request: POST http://localhost:8007/v1/chat/completions "HTTP/1.1 200 OK"

2026-08-17 14:46:56,566 - INFO - HTTP Request: POST http://localhost:8007/v1/chat/completions "HTTP/1.1 200 OK"

2026-08-17 14:46:57,664 - INFO - HTTP Request: POST http://localhost:8007/v1/chat/completions "HTTP/1.1 200 OK"

2026-08-17 14:47:04,837 - INFO - HTTP Request: POST http://localhost:8007/v1/chat/completions "HTTP/1.1 200 OK"

2026-08-17 14:47:12,654 - INFO - HTTP Request: POST http://localhost:8007/v1/chat/completions "HTTP/1.1 200 OK"
2026-08-17 14:47:16,489 - INFO - HTTP Request: POST http://localhost:8007/v1/chat/completions "HTTP/1.1 200 OK"
2026-08-17 14:47:21,589 - INFO - HTTP Request: POST http://localhost:8007/v1/chat/completions "HTTP/1.1 200 OK"
2026-08-17 14:47:22,828 - INFO - HTTP Request: POST http://localhost:8007/v1/chat/completions "HTTP/1.1 200 OK"

2026-08-17 14:47:25,442 - INFO - HTTP Request: POST http://localhost:8007/v1/chat/completions "HTTP/1.1 200 OK"
2026-08-17 14:47:32,073 - INFO - HTTP Request: POST http://localhost:8007/v1/chat/completions "HTTP/1.1 200 OK"

2026-08-17 14:47:34,471 - INFO - HTTP Request: POST http://localhost:8007/v1/chat/completions "HTTP/1.1 200 OK"

2026-08-17 14:47:37,738 - INFO - HTTP Request: POST http://localhost:8007/v1/chat/completions "HTTP/1.1 200 OK"

2026-08-17 14:47:51,839 - INFO - HTTP Request: POST http://localhost:8007/v1/chat/completions "HTTP/1.1 200 OK"
2026-08-17 14:47:53,934 - INFO - HTTP Request: POST http://localhost:8007/v1/chat/completions "HTTP/1.1 200 OK"
2026-08-17 14:48:01,263 - INFO - HTTP Request: POST http://localhost:8007/v1/chat/completions "HTTP/1.1 200 OK"
2026-08-17 14:48:03,099 - INFO - HTTP Request: POST http://localhost:8007/v1/chat/completions "HTTP/1.1 200 OK"

2026-08-17 14:48:04,843 - INFO - HTTP Request: POST http://localhost:8007/v1/chat/completions "HTTP/1.1 200 OK"

2026-08-17 14:48:07,234 - INFO - HTTP Request: POST http://localhost:8007/v1/chat/completions "HTTP/1.1 200 OK"
2026-08-17 14:48:15,591 - INFO - HTTP Request: POST http://localhost:8007/v1/chat/completions "HTTP/1.1 200 OK"

2026-08-17 14:48:20,807 - INFO - HTTP Request: POST http://localhost:8007/v1/chat/completions "HTTP/1.1 200 OK"

2026-08-17 14:48:25,147 - INFO - HTTP Request: POST http://localhost:8007/v1/chat/completions "HTTP/1.1 200 OK"
2026-08-17 14:48:32,244 - INFO - HTTP Request: POST http://localhost:8007/v1/chat/completions "HTTP/1.1 200 OK"
2026-08-17 14:48:36,091 - INFO - HTTP Request: POST http://localhost:8007/v1/chat/completions "HTTP/1.1 200 OK"
2026-08-17 14:48:39,239 - INFO - HTTP Request: POST http://localhost:8007/v1/chat/completions "HTTP/1.1 200 OK"

2026-08-17 14:48:41,636 - INFO - HTTP Request: POST http://localhost:8007/v1/chat/completions "HTTP/1.1 200 OK"
2026-08-17 14:48:48,056 - INFO - HTTP Request: POST http://localhost:8007/v1/chat/completions "HTTP/1.1 200 OK"

2026-08-17 14:48:48,274 - INFO - HTTP Request: POST http://localhost:8007/v1/chat/completions "HTTP/1.1 200 OK"

2026-08-17 14:48:56,101 - INFO - HTTP Request: POST http://localhost:8007/v1/chat/completions "HTTP/1.1 200 OK"

2026-08-17 14:49:08,256 - INFO - HTTP Request: POST http://localhost:8007/v1/chat/completions "HTTP/1.1 200 OK"
2026-08-17 14:49:08,987 - INFO - HTTP Request: POST http://localhost:8007/v1/chat/completions "HTTP/1.1 200 OK"
2026-08-17 14:49:17,687 - INFO - HTTP Request: POST http://localhost:8007/v1/chat/completions "HTTP/1.1 200 OK"
2026-08-17 14:49:20,619 - INFO - HTTP Request: POST http://localhost:8007/v1/chat/completions "HTTP/1.1 200 OK"

2026-08-17 14:49:24,755 - INFO - HTTP Request: POST http://localhost:8007/v1/chat/completions "HTTP/1.1 200 OK"

2026-08-17 14:49:26,069 - INFO - HTTP Request: POST http://localhost:8007/v1/chat/completions "HTTP/1.1 200 OK"
2026-08-17 14:49:30,085 - INFO - HTTP Request: POST http://localhost:8007/v1/chat/completions "HTTP/1.1 200 OK"

2026-08-17 14:49:38,355 - INFO - HTTP Request: POST http://localhost:8007/v1/chat/completions "HTTP/1.1 200 OK"

2026-08-17 14:49:50,084 - INFO - HTTP Request: POST http://localhost:8007/v1/chat/completions "HTTP/1.1 200 OK"
2026-08-17 14:49:58,063 - INFO - HTTP Request: POST http://localhost:8007/v1/chat/completions "HTTP/1.1 200 OK"
2026-08-17 14:50:03,651 - INFO - HTTP Request: POST http://localhost:8007/v1/chat/completions "HTTP/1.1 200 OK"
2026-08-17 14:50:05,057 - INFO - HTTP Request: POST http://localhost:8007/v1/chat/completions "HTTP/1.1 200 OK"

2026-08-17 14:50:09,201 - INFO - HTTP Request: POST http://localhost:8007/v1/chat/completions "HTTP/1.1 200 OK"

r0_cfg36:  42%|████▏     | 21/50 [34:51<1:02:43, 129.78s/it]2026-08-17 14:50:12,245 - INFO - HTTP Request: POST http://localhost:8007/v1/chat/completions "HTTP/1.1 200 OK"
2026-08-17 14:50:16,913 - INFO - HTTP Request: POST http://localhost:8007/v1/chat/completions "HTTP/1.1 200 OK"

r0_cfg36:  44%|████▍     | 22/50 [34:58<43:36, 93.45s/it]   2026-08-17 14:50:23,869 - INFO - HTTP Request: POST http://localhost:8007/v1/chat/completions "HTTP/1.1 200 OK"

r0_cfg36:  46%|████▌     | 23/50 [35:05<30:26, 67.64s/it]2026-08-17 14:50:31,464 - INFO - HTTP Request: POST http://localhost:8007/v1/chat/completions "HTTP/1.1 200 OK"
2026-08-17 14:50:38,350 - INFO - HTTP Request: POST http://localhost:8007/v1/chat/completions "HTTP/1.1 200 OK"
2026-08-17 14:50:39,593 - INFO - HTTP Request: POST http://localhost:8007/v1/chat/completions "HTTP/1.1 200 OK"
2026-08-17 14:50:46,876 - INFO - HTTP Request: POST http://localhost:8007/v1/chat/completions "HTTP/1.1 200 OK"
2026-08-17 14:50:47,612 - INFO - HTTP Request: POST http://localhost:8007/v1/chat/completions "HTTP/1.1 200 OK"

2026-08-17 14:50:51,336 - INFO - HTTP Request: POST http://localhost:8007/v1/chat/completions "HTTP/1.1 200 OK"

r0_cfg36:  48%|████▊     | 24/50 [35:33<24:06, 55.64s/it]2026-08-17 14:50:52,427 - INFO - HTTP Request: POST http://localhost:8007/v1/chat/completions "HTTP/1.1 200 OK"

2026-08-17 14:51:00,245 - INFO - HTTP Request: POST http://localhost:8007/v1/chat/completions "HTTP/1.1 200 OK"

2026-08-17 14:51:13,261 - INFO - HTTP Request: POST http://localhost:8007/v1/chat/completions "HTTP/1.1 200 OK"
2026-08-17 14:51:13,991 - INFO - HTTP Request: POST http://localhost:8007/v1/chat/completions "HTTP/1.1 200 OK"
2026-08-17 14:51:19,216 - INFO - HTTP Request: POST http://localhost:8007/v1/chat/completions "HTTP/1.1 200 OK"
2026-08-17 14:51:27,155 - INFO - HTTP Request: POST http://localhost:8007/v1/chat/completions "HTTP/1.1 200 OK"

2026-08-17 14:51:27,373 - INFO - HTTP Request: POST http://localhost:8007/v1/chat/completions "HTTP/1.1 200 OK"
2026-08-17 14:51:30,526 - INFO - HTTP Request: POST http://localhost:8007/v1/chat/completions "HTTP/1.1 200 OK"

2026-08-17 14:51:34,445 - INFO - HTTP Request: POST http://localhost:8007/v1/chat/completions "HTTP/1.1 200 OK"

2026-08-17 14:51:40,529 - INFO - HTTP Request: POST http://localhost:8007/v1/chat/completions "HTTP/1.1 200 OK"

2026-08-17 14:51:53,548 - INFO - HTTP Request: POST http://localhost:8007/v1/chat/completions "HTTP/1.1 200 OK"
2026-08-17 14:51:55,223 - INFO - HTTP Request: POST http://localhost:8007/v1/chat/completions "HTTP/1.1 200 OK"
2026-08-17 14:51:59,509 - INFO - HTTP Request: POST http://localhost:8007/v1/chat/completions "HTTP/1.1 200 OK"
2026-08-17 14:52:05,926 - INFO - HTTP Request: POST http://localhost:8007/v1/chat/completions "HTTP/1.1 200 OK"
2026-08-17 14:52:07,117 - INFO - HTTP Request: POST http://localhost:8007/v1/chat/completions "HTTP/1.1 200 OK"

2026-08-17 14:52:09,523 - INFO - HTTP Request: POST http://localhost:8007/v1/chat/completions "HTTP/1.1 200 OK"

2026-08-17 14:52:14,746 - INFO - HTTP Request: POST http://localhost:8007/v1/chat/completions "HTTP/1.1 200 OK"

2026-08-17 14:52:19,100 - INFO - HTTP Request: POST http://localhost:8007/v1/chat/completions "HTTP/1.1 200 OK"

2026-08-17 14:52:30,605 - INFO - HTTP Request: POST http://localhost:8007/v1/chat/completions "HTTP/1.1 200 OK"
2026-08-17 14:52:34,182 - INFO - HTTP Request: POST http://localhost:8007/v1/chat/completions "HTTP/1.1 200 OK"
2026-08-17 14:52:39,340 - INFO - HTTP Request: POST http://localhost:8007/v1/chat/completions "HTTP/1.1 200 OK"
2026-08-17 14:52:43,788 - INFO - HTTP Request: POST http://localhost:8007/v1/chat/completions "HTTP/1.1 200 OK"

2026-08-17 14:52:44,224 - INFO - HTTP Request: POST http://localhost:8007/v1/chat/completions "HTTP/1.1 200 OK"
2026-08-17 14:52:48,469 - INFO - HTTP Request: POST http://localhost:8007/v1/chat/completions "HTTP/1.1 200 OK"

2026-08-17 14:52:52,177 - INFO - HTTP Request: POST http://localhost:8007/v1/chat/completions "HTTP/1.1 200 OK"

2026-08-17 14:52:59,137 - INFO - HTTP Request: POST http://localhost:8007/v1/chat/completions "HTTP/1.1 200 OK"

2026-08-17 14:53:03,916 - INFO - HTTP Request: POST http://localhost:8007/v1/chat/completions "HTTP/1.1 200 OK"
2026-08-17 14:53:11,890 - INFO - HTTP Request: POST http://localhost:8007/v1/chat/completions "HTTP/1.1 200 OK"
2026-08-17 14:53:12,606 - INFO - HTTP Request: POST http://localhost:8007/v1/chat/completions "HTTP/1.1 200 OK"

2026-08-17 14:53:13,074 - INFO - HTTP Request: POST http://localhost:8007/v1/chat/completions "HTTP/1.1 200 OK"
2026-08-17 14:53:19,972 - INFO - HTTP Request: POST http://localhost:8007/v1/chat/completions "HTTP/1.1 200 OK"
2026-08-17 14:53:22,466 - INFO - HTTP Request: POST http://localhost:8007/v1/chat/completions "HTTP/1.1 200 OK"

2026-08-17 14:53:26,820 - INFO - HTTP Request: POST http://localhost:8007/v1/chat/completions "HTTP/1.1 200 OK"

2026-08-17 14:53:30,740 - INFO - HTTP Request: POST http://localhost:8007/v1/chat/completions "HTTP/1.1 200 OK"

2026-08-17 14:53:42,021 - INFO - HTTP Request: POST http://localhost:8007/v1/chat/completions "HTTP/1.1 200 OK"
2026-08-17 14:53:46,901 - INFO - HTTP Request: POST http://localhost:8007/v1/chat/completions "HTTP/1.1 200 OK"
2026-08-17 14:53:51,406 - INFO - HTTP Request: POST http://localhost:8007/v1/chat/completions "HTTP/1.1 200 OK"

2026-08-17 14:53:51,840 - INFO - HTTP Request: POST http://localhost:8007/v1/chat/completions "HTTP/1.1 200 OK"
2026-08-17 14:53:57,810 - INFO - HTTP Request: POST http://localhost:8007/v1/chat/completions "HTTP/1.1 200 OK"

2026-08-17 14:54:00,420 - INFO - HTTP Request: POST http://localhost:8007/v1/chat/completions "HTTP/1.1 200 OK"
2026-08-17 14:54:03,561 - INFO - HTTP Request: POST http://localhost:8007/v1/chat/completions "HTTP/1.1 200 OK"

2026-08-17 14:54:12,037 - INFO - HTTP Request: POST http://localhost:8007/v1/chat/completions "HTTP/1.1 200 OK"
2026-08-17 14:54:12,769 - INFO - HTTP Request: POST http://localhost:8007/v1/chat/completions "HTTP/1.1 200 OK"

2026-08-17 14:54:23,931 - INFO - HTTP Request: POST http://localhost:8007/v1/chat/completions "HTTP/1.1 200 OK"
2026-08-17 14:54:27,511 - INFO - HTTP Request: POST http://localhost:8007/v1/chat/completions "HTTP/1.1 200 OK"
2026-08-17 14:54:28,538 - INFO - HTTP Request: POST http://localhost:8007/v1/chat/completions "HTTP/1.1 200 OK"

2026-08-17 14:54:33,544 - INFO - HTTP Request: POST http://localhost:8007/v1/chat/completions "HTTP/1.1 200 OK"
2026-08-17 14:54:36,259 - INFO - HTTP Request: POST http://localhost:8007/v1/chat/completions "HTTP/1.1 200 OK"

2026-08-17 14:54:40,615 - INFO - HTTP Request: POST http://localhost:8007/v1/chat/completions "HTTP/1.1 200 OK"

2026-08-17 14:54:48,873 - INFO - HTTP Request: POST http://localhost:8007/v1/chat/completions "HTTP/1.1 200 OK"

2026-08-17 14:54:57,989 - INFO - HTTP Request: POST http://localhost:8007/v1/chat/completions "HTTP/1.1 200 OK"
2026-08-17 14:55:00,971 - INFO - HTTP Request: POST http://localhost:8007/v1/chat/completions "HTTP/1.1 200 OK"
2026-08-17 14:55:06,134 - INFO - HTTP Request: POST http://localhost:8007/v1/chat/completions "HTTP/1.1 200 OK"
2026-08-17 14:55:13,427 - INFO - HTTP Request: POST http://localhost:8007/v1/chat/completions "HTTP/1.1 200 OK"

2026-08-17 14:55:14,961 - INFO - HTTP Request: POST http://localhost:8007/v1/chat/completions "HTTP/1.1 200 OK"

2026-08-17 14:55:19,095 - INFO - HTTP Request: POST http://localhost:8007/v1/chat/completions "HTTP/1.1 200 OK"
2026-08-17 14:55:20,065 - INFO - HTTP Request: POST http://localhost:8007/v1/chat/completions "HTTP/1.1 200 OK"

2026-08-17 14:55:31,810 - INFO - HTTP Request: POST http://localhost:8007/v1/chat/completions "HTTP/1.1 200 OK"

2026-08-17 14:55:44,408 - INFO - HTTP Request: POST http://localhost:8007/v1/chat/completions "HTTP/1.1 200 OK"
2026-08-17 14:55:45,156 - INFO - HTTP Request: POST http://localhost:8007/v1/chat/completions "HTTP/1.1 200 OK"
2026-08-17 14:55:54,003 - INFO - HTTP Request: POST http://localhost:8007/v1/chat/completions "HTTP/1.1 200 OK"
2026-08-17 14:55:57,809 - INFO - HTTP Request: POST http://localhost:8007/v1/chat/completions "HTTP/1.1 200 OK"

r0_cfg36:  50%|█████     | 25/50 [40:39<54:27, 130.68s/it]2026-08-17 14:56:02,818 - INFO - HTTP Request: POST http://localhost:8007/v1/chat/completions "HTTP/1.1 200 OK"

2026-08-17 14:56:06,089 - INFO - HTTP Request: POST http://localhost:8007/v1/chat/completions "HTTP/1.1 200 OK"
2026-08-17 14:56:08,148 - INFO - HTTP Request: POST http://localhost:8007/v1/chat/completions "HTTP/1.1 200 OK"

r0_cfg36:  52%|█████▏    | 26/50 [40:50<37:51, 94.65s/it] 2026-08-17 14:56:20,102 - INFO - HTTP Request: POST http://localhost:8007/v1/chat/completions "HTTP/1.1 200 OK"
2026-08-17 14:56:30,037 - INFO - HTTP Request: POST http://localhost:8007/v1/chat/completions "HTTP/1.1 200 OK"

r0_cfg36:  54%|█████▍    | 27/50 [41:12<27:55, 72.85s/it]2026-08-17 14:56:30,320 - INFO - HTTP Request: POST http://localhost:8007/v1/chat/completions "HTTP/1.1 200 OK"
2026-08-17 14:56:33,237 - INFO - HTTP Request: POST http://localhost:8007/v1/chat/completions "HTTP/1.1 200 OK"

2026-08-17 14:56:36,282 - INFO - HTTP Request: POST http://localhost:8007/v1/chat/completions "HTTP/1.1 200 OK"
2026-08-17 14:56:41,006 - INFO - HTTP Request: POST http://localhost:8007/v1/chat/completions "HTTP/1.1 200 OK"

2026-08-17 14:56:52,529 - INFO - HTTP Request: POST http://localhost:8007/v1/chat/completions "HTTP/1.1 200 OK"

r0_cfg36:  56%|█████▌    | 28/50 [41:34<21:10, 57.76s/it]2026-08-17 14:56:52,889 - INFO - HTTP Request: POST http://localhost:8007/v1/chat/completions "HTTP/1.1 200 OK"
2026-08-17 14:57:00,015 - INFO - HTTP Request: POST http://localhost:8007/v1/chat/completions "HTTP/1.1 200 OK"
2026-08-17 14:57:01,466 - INFO - HTTP Request: POST http://localhost:8007/v1/chat/completions "HTTP/1.1 200 OK"

2026-08-17 14:57:07,547 - INFO - HTTP Request: POST http://localhost:8007/v1/chat/completions "HTTP/1.1 200 OK"
2026-08-17 14:57:10,966 - INFO - HTTP Request: POST http://localhost:8007/v1/chat/completions "HTTP/1.1 200 OK"

2026-08-17 14:57:15,314 - INFO - HTTP Request: POST http://localhost:8007/v1/chat/completions "HTTP/1.1 200 OK"
2026-08-17 14:57:20,688 - INFO - HTTP Request: POST http://localhost:8007/v1/chat/completions "HTTP/1.1 200 OK"

2026-08-17 14:57:26,558 - INFO - HTTP Request: POST http://localhost:8007/v1/chat/completions "HTTP/1.1 200 OK"

2026-08-17 14:57:28,077 - INFO - HTTP Request: POST http://localhost:8007/v1/chat/completions "HTTP/1.1 200 OK"
2026-08-17 14:57:36,116 - INFO - HTTP Request: POST http://localhost:8007/v1/chat/completions "HTTP/1.1 200 OK"
2026-08-17 14:57:40,612 - INFO - HTTP Request: POST http://localhost:8007/v1/chat/completions "HTTP/1.1 200 OK"

2026-08-17 14:57:45,608 - INFO - HTTP Request: POST http://localhost:8007/v1/chat/completions "HTTP/1.1 200 OK"
2026-08-17 14:57:50,331 - INFO - HTTP Request: POST http://localhost:8007/v1/chat/completions "HTTP/1.1 200 OK"

2026-08-17 14:57:53,600 - INFO - HTTP Request: POST http://localhost:8007/v1/chat/completions "HTTP/1.1 200 OK"
2026-08-17 14:57:57,020 - INFO - HTTP Request: POST http://localhost:8007/v1/chat/completions "HTTP/1.1 200 OK"

2026-08-17 14:58:05,720 - INFO - HTTP Request: POST http://localhost:8007/v1/chat/completions "HTTP/1.1 200 OK"
2026-08-17 14:58:10,389 - INFO - HTTP Request: POST http://localhost:8007/v1/chat/completions "HTTP/1.1 200 OK"

2026-08-17 14:58:14,953 - INFO - HTTP Request: POST http://localhost:8007/v1/chat/completions "HTTP/1.1 200 OK"
2026-08-17 14:58:19,229 - INFO - HTTP Request: POST http://localhost:8007/v1/chat/completions "HTTP/1.1 200 OK"

2026-08-17 14:58:21,410 - INFO - HTTP Request: POST http://localhost:8007/v1/chat/completions "HTTP/1.1 200 OK"
2026-08-17 14:58:27,216 - INFO - HTTP Request: POST http://localhost:8007/v1/chat/completions "HTTP/1.1 200 OK"

2026-08-17 14:58:33,962 - INFO - HTTP Request: POST http://localhost:8007/v1/chat/completions "HTTP/1.1 200 OK"

2026-08-17 14:58:35,271 - INFO - HTTP Request: POST http://localhost:8007/v1/chat/completions "HTTP/1.1 200 OK"
2026-08-17 14:58:44,116 - INFO - HTTP Request: POST http://localhost:8007/v1/chat/completions "HTTP/1.1 200 OK"
2026-08-17 14:58:47,698 - INFO - HTTP Request: POST http://localhost:8007/v1/chat/completions "HTTP/1.1 200 OK"
2026-08-17 14:58:49,804 - INFO - HTTP Request: POST http://localhost:8007/v1/chat/completions "HTTP/1.1 200 OK"

2026-08-17 14:58:54,597 - INFO - HTTP Request: POST http://localhost:8007/v1/chat/completions "HTTP/1.1 200 OK"
2026-08-17 14:58:57,146 - INFO - HTTP Request: POST http://localhost:8007/v1/chat/completions "HTTP/1.1 200 OK"

2026-08-17 14:58:59,981 - INFO - HTTP Request: POST http://localhost:8007/v1/chat/completions "HTTP/1.1 200 OK"

2026-08-17 14:59:05,417 - INFO - HTTP Request: POST http://localhost:8007/v1/chat/completions "HTTP/1.1 200 OK"

2026-08-17 14:59:14,097 - INFO - HTTP Request: POST http://localhost:8007/v1/chat/completions "HTTP/1.1 200 OK"
2026-08-17 14:59:17,240 - INFO - HTTP Request: POST http://localhost:8007/v1/chat/completions "HTTP/1.1 200 OK"
2026-08-17 14:59:27,131 - INFO - HTTP Request: POST http://localhost:8007/v1/chat/completions "HTTP/1.1 200 OK"

2026-08-17 14:59:28,879 - INFO - HTTP Request: POST http://localhost:8007/v1/chat/completions "HTTP/1.1 200 OK"

2026-08-17 14:59:29,313 - INFO - HTTP Request: POST http://localhost:8007/v1/chat/completions "HTTP/1.1 200 OK"
2026-08-17 14:59:34,887 - INFO - HTTP Request: POST http://localhost:8007/v1/chat/completions "HTTP/1.1 200 OK"
2026-08-17 14:59:40,910 - INFO - HTTP Request: POST http://localhost:8007/v1/chat/completions "HTTP/1.1 200 OK"

2026-08-17 14:59:46,564 - INFO - HTTP Request: POST http://localhost:8007/v1/chat/completions "HTTP/1.1 200 OK"

2026-08-17 14:59:47,434 - INFO - HTTP Request: POST http://localhost:8007/v1/chat/completions "HTTP/1.1 200 OK"
2026-08-17 14:59:58,455 - INFO - HTTP Request: POST http://localhost:8007/v1/chat/completions "HTTP/1.1 200 OK"
2026-08-17 15:00:00,295 - INFO - HTTP Request: POST http://localhost:8007/v1/chat/completions "HTTP/1.1 200 OK"

2026-08-17 15:00:01,602 - INFO - HTTP Request: POST http://localhost:8007/v1/chat/completions "HTTP/1.1 200 OK"
2026-08-17 15:00:07,403 - INFO - HTTP Request: POST http://localhost:8007/v1/chat/completions "HTTP/1.1 200 OK"
2026-08-17 15:00:13,222 - INFO - HTTP Request: POST http://localhost:8007/v1/chat/completions "HTTP/1.1 200 OK"

2026-08-17 15:00:19,315 - INFO - HTTP Request: POST http://localhost:8007/v1/chat/completions "HTTP/1.1 200 OK"

2026-08-17 15:00:19,532 - INFO - HTTP Request: POST http://localhost:8007/v1/chat/completions "HTTP/1.1 200 OK"

2026-08-17 15:00:29,523 - INFO - HTTP Request: POST http://localhost:8007/v1/chat/completions "HTTP/1.1 200 OK"
2026-08-17 15:00:33,533 - INFO - HTTP Request: POST http://localhost:8007/v1/chat/completions "HTTP/1.1 200 OK"
2026-08-17 15:00:43,426 - INFO - HTTP Request: POST http://localhost:8007/v1/chat/completions "HTTP/1.1 200 OK"

2026-08-17 15:00:48,429 - INFO - HTTP Request: POST http://localhost:8007/v1/chat/completions "HTTP/1.1 200 OK"

2026-08-17 15:00:49,082 - INFO - HTTP Request: POST http://localhost:8007/v1/chat/completions "HTTP/1.1 200 OK"
2026-08-17 15:00:49,299 - INFO - HTTP Request: POST http://localhost:8007/v1/chat/completions "HTTP/1.1 200 OK"
2026-08-17 15:01:00,475 - INFO - HTTP Request: POST http://localhost:8007/v1/chat/completions "HTTP/1.1 200 OK"

2026-08-17 15:01:00,476 - INFO - HTTP Request: POST http://localhost:8007/v1/chat/completions "HTTP/1.1 200 OK"

2026-08-17 15:01:03,952 - INFO - HTTP Request: POST http://localhost:8007/v1/chat/completions "HTTP/1.1 200 OK"
2026-08-17 15:01:18,453 - INFO - HTTP Request: POST http://localhost:8007/v1/chat/completions "HTTP/1.1 200 OK"
2026-08-17 15:01:21,387 - INFO - HTTP Request: POST http://localhost:8007/v1/chat/completions "HTTP/1.1 200 OK"

2026-08-17 15:01:33,132 - INFO - HTTP Request: POST http://localhost:8007/v1/chat/completions "HTTP/1.1 200 OK"

2026-08-17 15:01:33,792 - INFO - HTTP Request: POST http://localhost:8007/v1/chat/completions "HTTP/1.1 200 OK"
2026-08-17 15:01:33,793 - INFO - HTTP Request: POST http://localhost:8007/v1/chat/completions "HTTP/1.1 200 OK"
2026-08-17 15:01:46,288 - INFO - HTTP Request: POST http://localhost:8007/v1/chat/completions "HTTP/1.1 200 OK"

r0_cfg36:  58%|█████▊    | 29/50 [46:28<44:58, 128.51s/it]2026-08-17 15:01:47,156 - INFO - HTTP Request: POST http://localhost:8007/v1/chat/completions "HTTP/1.1 200 OK"

r0_cfg36:  60%|██████    | 30/50 [46:29<30:04, 90.24s/it] 2026-08-17 15:01:51,068 - INFO - HTTP Request: POST http://localhost:8007/v1/chat/completions "HTTP/1.1 200 OK"
2026-08-17 15:02:03,611 - INFO - HTTP Request: POST http://localhost:8007/v1/chat/completions "HTTP/1.1 200 OK"

2026-08-17 15:02:06,658 - INFO - HTTP Request: POST http://localhost:8007/v1/chat/completions "HTTP/1.1 200 OK"
2026-08-17 15:02:08,933 - INFO - HTTP Request: POST http://localhost:8007/v1/chat/completions "HTTP/1.1 200 OK"
2026-08-17 15:02:10,118 - INFO - HTTP Request: POST http://localhost:8007/v1/chat/completions "HTTP/1.1 200 OK"
2026-08-17 15:02:20,456 - INFO - HTTP Request: POST http://localhost:8007/v1/chat/completions "HTTP/1.1 200 OK"

r0_cfg36:  62%|██████▏   | 31/50 [47:02<23:10, 73.16s/it]2026-08-17 15:02:22,853 - INFO - HTTP Request: POST http://localhost:8007/v1/chat/completions "HTTP/1.1 200 OK"

2026-08-17 15:02:23,508 - INFO - HTTP Request: POST http://localhost:8007/v1/chat/completions "HTTP/1.1 200 OK"

2026-08-17 15:02:37,178 - INFO - HTTP Request: POST http://localhost:8007/v1/chat/completions "HTTP/1.1 200 OK"
2026-08-17 15:02:42,765 - INFO - HTTP Request: POST http://localhost:8007/v1/chat/completions "HTTP/1.1 200 OK"
2026-08-17 15:02:49,604 - INFO - HTTP Request: POST http://localhost:8007/v1/chat/completions "HTTP/1.1 200 OK"
2026-08-17 15:02:50,581 - INFO - HTTP Request: POST http://localhost:8007/v1/chat/completions "HTTP/1.1 200 OK"
2026-08-17 15:02:53,946 - INFO - HTTP Request: POST http://localhost:8007/v1/chat/completions "HTTP/1.1 200 OK"

r0_cfg36:  64%|██████▍   | 32/50 [47:35<18:22, 61.26s/it]2026-08-17 15:02:54,818 - INFO - HTTP Request: POST http://localhost:8007/v1/chat/completions "HTTP/1.1 200 OK"

2026-08-17 15:03:03,525 - INFO - HTTP Request: POST http://localhost:8007/v1/chat/completions "HTTP/1.1 200 OK"

2026-08-17 15:03:06,136 - INFO - HTTP Request: POST http://localhost:8007/v1/chat/completions "HTTP/1.1 200 OK"

2026-08-17 15:03:15,899 - INFO - HTTP Request: POST http://localhost:8007/v1/chat/completions "HTTP/1.1 200 OK"
2026-08-17 15:03:21,211 - INFO - HTTP Request: POST http://localhost:8007/v1/chat/completions "HTTP/1.1 200 OK"
2026-08-17 15:03:28,489 - INFO - HTTP Request: POST http://localhost:8007/v1/chat/completions "HTTP/1.1 200 OK"
2026-08-17 15:03:29,223 - INFO - HTTP Request: POST http://localhost:8007/v1/chat/completions "HTTP/1.1 200 OK"

2026-08-17 15:03:31,420 - INFO - HTTP Request: POST http://localhost:8007/v1/chat/completions "HTTP/1.1 200 OK"
2026-08-17 15:03:36,530 - INFO - HTTP Request: POST http://localhost:8007/v1/chat/completions "HTTP/1.1 200 OK"

2026-08-17 15:03:43,059 - INFO - HTTP Request: POST http://localhost:8007/v1/chat/completions "HTTP/1.1 200 OK"

2026-08-17 15:03:46,979 - INFO - HTTP Request: POST http://localhost:8007/v1/chat/completions "HTTP/1.1 200 OK"

2026-08-17 15:03:55,665 - INFO - HTTP Request: POST http://localhost:8007/v1/chat/completions "HTTP/1.1 200 OK"
2026-08-17 15:04:01,195 - INFO - HTTP Request: POST http://localhost:8007/v1/chat/completions "HTTP/1.1 200 OK"
2026-08-17 15:04:07,604 - INFO - HTTP Request: POST http://localhost:8007/v1/chat/completions "HTTP/1.1 200 OK"
2026-08-17 15:04:07,821 - INFO - HTTP Request: POST http://localhost:8007/v1/chat/completions "HTTP/1.1 200 OK"

2026-08-17 15:04:11,836 - INFO - HTTP Request: POST http://localhost:8007/v1/chat/completions "HTTP/1.1 200 OK"
2026-08-17 15:04:17,161 - INFO - HTTP Request: POST http://localhost:8007/v1/chat/completions "HTTP/1.1 200 OK"

2026-08-17 15:04:22,391 - INFO - HTTP Request: POST http://localhost:8007/v1/chat/completions "HTTP/1.1 200 OK"

2026-08-17 15:04:23,922 - INFO - HTTP Request: POST http://localhost:8007/v1/chat/completions "HTTP/1.1 200 OK"

2026-08-17 15:04:32,818 - INFO - HTTP Request: POST http://localhost:8007/v1/chat/completions "HTTP/1.1 200 OK"
2026-08-17 15:04:40,954 - INFO - HTTP Request: POST http://localhost:8007/v1/chat/completions "HTTP/1.1 200 OK"
2026-08-17 15:04:42,792 - INFO - HTTP Request: POST http://localhost:8007/v1/chat/completions "HTTP/1.1 200 OK"
2026-08-17 15:04:44,632 - INFO - HTTP Request: POST http://localhost:8007/v1/chat/completions "HTTP/1.1 200 OK"
2026-08-17 15:04:50,182 - INFO - HTTP Request: POST http://localhost:8007/v1/chat/completions "HTTP/1.1 200 OK"

2026-08-17 15:04:53,023 - INFO - HTTP Request: POST http://localhost:8007/v1/chat/completions "HTTP/1.1 200 OK"

2026-08-17 15:04:54,114 - INFO - HTTP Request: POST http://localhost:8007/v1/chat/completions "HTTP/1.1 200 OK"

2026-08-17 15:04:57,165 - INFO - HTTP Request: POST http://localhost:8007/v1/chat/completions "HTTP/1.1 200 OK"

2026-08-17 15:05:13,873 - INFO - HTTP Request: POST http://localhost:8007/v1/chat/completions "HTTP/1.1 200 OK"
2026-08-17 15:05:14,090 - INFO - HTTP Request: POST http://localhost:8007/v1/chat/completions "HTTP/1.1 200 OK"
2026-08-17 15:05:22,329 - INFO - HTTP Request: POST http://localhost:8007/v1/chat/completions "HTTP/1.1 200 OK"
2026-08-17 15:05:23,734 - INFO - HTTP Request: POST http://localhost:8007/v1/chat/completions "HTTP/1.1 200 OK"

2026-08-17 15:05:26,783 - INFO - HTTP Request: POST http://localhost:8007/v1/chat/completions "HTTP/1.1 200 OK"
2026-08-17 15:05:30,364 - INFO - HTTP Request: POST http://localhost:8007/v1/chat/completions "HTTP/1.1 200 OK"

2026-08-17 15:05:36,246 - INFO - HTTP Request: POST http://localhost:8007/v1/chat/completions "HTTP/1.1 200 OK"

2026-08-17 15:05:42,115 - INFO - HTTP Request: POST http://localhost:8007/v1/chat/completions "HTTP/1.1 200 OK"

2026-08-17 15:05:50,146 - INFO - HTTP Request: POST http://localhost:8007/v1/chat/completions "HTTP/1.1 200 OK"
2026-08-17 15:05:53,069 - INFO - HTTP Request: POST http://localhost:8007/v1/chat/completions "HTTP/1.1 200 OK"
2026-08-17 15:05:56,864 - INFO - HTTP Request: POST http://localhost:8007/v1/chat/completions "HTTP/1.1 200 OK"
2026-08-17 15:06:01,323 - INFO - HTTP Request: POST http://localhost:8007/v1/chat/completions "HTTP/1.1 200 OK"

2026-08-17 15:06:03,066 - INFO - HTTP Request: POST http://localhost:8007/v1/chat/completions "HTTP/1.1 200 OK"
2026-08-17 15:06:05,127 - INFO - HTTP Request: POST http://localhost:8007/v1/chat/completions "HTTP/1.1 200 OK"

2026-08-17 15:06:05,345 - INFO - HTTP Request: POST http://localhost:8007/v1/chat/completions "HTTP/1.1 200 OK"

2026-08-17 15:06:13,173 - INFO - HTTP Request: POST http://localhost:8007/v1/chat/completions "HTTP/1.1 200 OK"

2026-08-17 15:06:25,114 - INFO - HTTP Request: POST http://localhost:8007/v1/chat/completions "HTTP/1.1 200 OK"
2026-08-17 15:06:30,650 - INFO - HTTP Request: POST http://localhost:8007/v1/chat/completions "HTTP/1.1 200 OK"
2026-08-17 15:06:35,097 - INFO - HTTP Request: POST http://localhost:8007/v1/chat/completions "HTTP/1.1 200 OK"
2026-08-17 15:06:38,901 - INFO - HTTP Request: POST http://localhost:8007/v1/chat/completions "HTTP/1.1 200 OK"

2026-08-17 15:06:43,258 - INFO - HTTP Request: POST http://localhost:8007/v1/chat/completions "HTTP/1.1 200 OK"
2026-08-17 15:06:44,884 - INFO - HTTP Request: POST http://localhost:8007/v1/chat/completions "HTTP/1.1 200 OK"

2026-08-17 15:06:45,976 - INFO - HTTP Request: POST http://localhost:8007/v1/chat/completions "HTTP/1.1 200 OK"

2026-08-17 15:06:56,200 - INFO - HTTP Request: POST http://localhost:8007/v1/chat/completions "HTTP/1.1 200 OK"

2026-08-17 15:07:04,891 - INFO - HTTP Request: POST http://localhost:8007/v1/chat/completions "HTTP/1.1 200 OK"
2026-08-17 15:07:08,687 - INFO - HTTP Request: POST http://localhost:8007/v1/chat/completions "HTTP/1.1 200 OK"
2026-08-17 15:07:17,279 - INFO - HTTP Request: POST http://localhost:8007/v1/chat/completions "HTTP/1.1 200 OK"

2026-08-17 15:07:17,935 - INFO - HTTP Request: POST http://localhost:8007/v1/chat/completions "HTTP/1.1 200 OK"
2026-08-17 15:07:23,815 - INFO - HTTP Request: POST http://localhost:8007/v1/chat/completions "HTTP/1.1 200 OK"

2026-08-17 15:07:30,348 - INFO - HTTP Request: POST http://localhost:8007/v1/chat/completions "HTTP/1.1 200 OK"
2026-08-17 15:07:33,278 - INFO - HTTP Request: POST http://localhost:8007/v1/chat/completions "HTTP/1.1 200 OK"

r0_cfg36:  66%|██████▌   | 33/50 [52:15<35:53, 126.67s/it]2026-08-17 15:07:44,366 - INFO - HTTP Request: POST http://localhost:8007/v1/chat/completions "HTTP/1.1 200 OK"

r0_cfg36:  68%|██████▊   | 34/50 [52:26<24:32, 92.00s/it] 2026-08-17 15:07:47,192 - INFO - HTTP Request: POST http://localhost:8007/v1/chat/completions "HTTP/1.1 200 OK"
2026-08-17 15:07:55,334 - INFO - HTTP Request: POST http://localhost:8007/v1/chat/completions "HTTP/1.1 200 OK"
2026-08-17 15:07:57,393 - INFO - HTTP Request: POST http://localhost:8007/v1/chat/completions "HTTP/1.1 200 OK"
2026-08-17 15:08:00,109 - INFO - HTTP Request: POST http://localhost:8007/v1/chat/completions "HTTP/1.1 200 OK"

2026-08-17 15:08:07,082 - INFO - HTTP Request: POST http://localhost:8007/v1/chat/completions "HTTP/1.1 200 OK"
2026-08-17 15:08:09,396 - INFO - HTTP Request: POST http://localhost:8007/v1/chat/completions "HTTP/1.1 200 OK"

2026-08-17 15:08:11,574 - INFO - HTTP Request: POST http://localhost:8007/v1/chat/completions "HTTP/1.1 200 OK"

r0_cfg36:  70%|███████   | 35/50 [52:53<18:08, 72.57s/it]2026-08-17 15:08:16,134 - INFO - HTTP Request: POST http://localhost:8007/v1/chat/completions "HTTP/1.1 200 OK"

2026-08-17 15:08:32,628 - INFO - HTTP Request: POST http://localhost:8007/v1/chat/completions "HTTP/1.1 200 OK"
2026-08-17 15:08:33,942 - INFO - HTTP Request: POST http://localhost:8007/v1/chat/completions "HTTP/1.1 200 OK"
2026-08-17 15:08:36,211 - INFO - HTTP Request: POST http://localhost:8007/v1/chat/completions "HTTP/1.1 200 OK"
2026-08-17 15:08:43,336 - INFO - HTTP Request: POST http://localhost:8007/v1/chat/completions "HTTP/1.1 200 OK"
2026-08-17 15:08:47,178 - INFO - HTTP Request: POST http://localhost:8007/v1/chat/completions "HTTP/1.1 200 OK"

2026-08-17 15:08:48,923 - INFO - HTTP Request: POST http://localhost:8007/v1/chat/completions "HTTP/1.1 200 OK"

r0_cfg36:  72%|███████▏  | 36/50 [53:30<14:28, 62.00s/it]2026-08-17 15:08:49,212 - INFO - HTTP Request: POST http://localhost:8007/v1/chat/completions "HTTP/1.1 200 OK"

2026-08-17 15:08:53,051 - INFO - HTTP Request: POST http://localhost:8007/v1/chat/completions "HTTP/1.1 200 OK"

2026-08-17 15:09:10,842 - INFO - HTTP Request: POST http://localhost:8007/v1/chat/completions "HTTP/1.1 200 OK"
2026-08-17 15:09:11,812 - INFO - HTTP Request: POST http://localhost:8007/v1/chat/completions "HTTP/1.1 200 OK"
2026-08-17 15:09:15,874 - INFO - HTTP Request: POST http://localhost:8007/v1/chat/completions "HTTP/1.1 200 OK"
2026-08-17 15:09:18,369 - INFO - HTTP Request: POST http://localhost:8007/v1/chat/completions "HTTP/1.1 200 OK"
2026-08-17 15:09:20,903 - INFO - HTTP Request: POST http://localhost:8007/v1/chat/completions "HTTP/1.1 200 OK"

2026-08-17 15:09:24,389 - INFO - HTTP Request: POST http://localhost:8007/v1/chat/completions "HTTP/1.1 200 OK"

2026-08-17 15:09:29,398 - INFO - HTTP Request: POST http://localhost:8007/v1/chat/completions "HTTP/1.1 200 OK"

2026-08-17 15:09:30,703 - INFO - HTTP Request: POST http://localhost:8007/v1/chat/completions "HTTP/1.1 200 OK"

2026-08-17 15:09:46,981 - INFO - HTTP Request: POST http://localhost:8007/v1/chat/completions "HTTP/1.1 200 OK"
2026-08-17 15:09:48,872 - INFO - HTTP Request: POST http://localhost:8007/v1/chat/completions "HTTP/1.1 200 OK"
2026-08-17 15:09:54,524 - INFO - HTTP Request: POST http://localhost:8007/v1/chat/completions "HTTP/1.1 200 OK"
2026-08-17 15:09:55,927 - INFO - HTTP Request: POST http://localhost:8007/v1/chat/completions "HTTP/1.1 200 OK"
2026-08-17 15:10:01,888 - INFO - HTTP Request: POST http://localhost:8007/v1/chat/completions "HTTP/1.1 200 OK"

2026-08-17 15:10:03,423 - INFO - HTTP Request: POST http://localhost:8007/v1/chat/completions "HTTP/1.1 200 OK"

2026-08-17 15:10:07,772 - INFO - HTTP Request: POST http://localhost:8007/v1/chat/completions "HTTP/1.1 200 OK"

2026-08-17 15:10:09,301 - INFO - HTTP Request: POST http://localhost:8007/v1/chat/completions "HTTP/1.1 200 OK"

2026-08-17 15:10:21,236 - INFO - HTTP Request: POST http://localhost:8007/v1/chat/completions "HTTP/1.1 200 OK"
2026-08-17 15:10:27,535 - INFO - HTTP Request: POST http://localhost:8007/v1/chat/completions "HTTP/1.1 200 OK"
2026-08-17 15:10:28,339 - INFO - HTTP Request: POST http://localhost:8007/v1/chat/completions "HTTP/1.1 200 OK"
2026-08-17 15:10:31,484 - INFO - HTTP Request: POST http://localhost:8007/v1/chat/completions "HTTP/1.1 200 OK"

2026-08-17 15:10:34,095 - INFO - HTTP Request: POST http://localhost:8007/v1/chat/completions "HTTP/1.1 200 OK"
2026-08-17 15:10:37,237 - INFO - HTTP Request: POST http://localhost:8007/v1/chat/completions "HTTP/1.1 200 OK"

2026-08-17 15:10:39,416 - INFO - HTTP Request: POST http://localhost:8007/v1/chat/completions "HTTP/1.1 200 OK"

2026-08-17 15:10:48,329 - INFO - HTTP Request: POST http://localhost:8007/v1/chat/completions "HTTP/1.1 200 OK"

2026-08-17 15:11:00,486 - INFO - HTTP Request: POST http://localhost:8007/v1/chat/completions "HTTP/1.1 200 OK"
2026-08-17 15:11:03,841 - INFO - HTTP Request: POST http://localhost:8007/v1/chat/completions "HTTP/1.1 200 OK"
2026-08-17 15:11:06,552 - INFO - HTTP Request: POST http://localhost:8007/v1/chat/completions "HTTP/1.1 200 OK"
2026-08-17 15:11:08,806 - INFO - HTTP Request: POST http://localhost:8007/v1/chat/completions "HTTP/1.1 200 OK"
2026-08-17 15:11:15,871 - INFO - HTTP Request: POST http://localhost:8007/v1/chat/completions "HTTP/1.1 200 OK"

2026-08-17 15:11:17,398 - INFO - HTTP Request: POST http://localhost:8007/v1/chat/completions "HTTP/1.1 200 OK"

2026-08-17 15:11:19,798 - INFO - HTTP Request: POST http://localhost:8007/v1/chat/completions "HTTP/1.1 200 OK"

2026-08-17 15:11:21,105 - INFO - HTTP Request: POST http://localhost:8007/v1/chat/completions "HTTP/1.1 200 OK"

2026-08-17 15:11:35,856 - INFO - HTTP Request: POST http://localhost:8007/v1/chat/completions "HTTP/1.1 200 OK"
2026-08-17 15:11:37,529 - INFO - HTTP Request: POST http://localhost:8007/v1/chat/completions "HTTP/1.1 200 OK"
2026-08-17 15:11:40,458 - INFO - HTTP Request: POST http://localhost:8007/v1/chat/completions "HTTP/1.1 200 OK"
2026-08-17 15:11:47,346 - INFO - HTTP Request: POST http://localhost:8007/v1/chat/completions "HTTP/1.1 200 OK"

2026-08-17 15:11:47,564 - INFO - HTTP Request: POST http://localhost:8007/v1/chat/completions "HTTP/1.1 200 OK"

2026-08-17 15:11:50,608 - INFO - HTTP Request: POST http://localhost:8007/v1/chat/completions "HTTP/1.1 200 OK"
2026-08-17 15:11:54,614 - INFO - HTTP Request: POST http://localhost:8007/v1/chat/completions "HTTP/1.1 200 OK"

2026-08-17 15:12:01,352 - INFO - HTTP Request: POST http://localhost:8007/v1/chat/completions "HTTP/1.1 200 OK"

2026-08-17 15:12:16,328 - INFO - HTTP Request: POST http://localhost:8007/v1/chat/completions "HTTP/1.1 200 OK"
2026-08-17 15:12:17,297 - INFO - HTTP Request: POST http://localhost:8007/v1/chat/completions "HTTP/1.1 200 OK"
2026-08-17 15:12:21,969 - INFO - HTTP Request: POST http://localhost:8007/v1/chat/completions "HTTP/1.1 200 OK"
2026-08-17 15:12:24,678 - INFO - HTTP Request: POST http://localhost:8007/v1/chat/completions "HTTP/1.1 200 OK"
2026-08-17 15:12:30,265 - INFO - HTTP Request: POST http://localhost:8007/v1/chat/completions "HTTP/1.1 200 OK"

2026-08-17 15:12:30,923 - INFO - HTTP Request: POST http://localhost:8007/v1/chat/completions "HTTP/1.1 200 OK"

2026-08-17 15:12:34,847 - INFO - HTTP Request: POST http://localhost:8007/v1/chat/completions "HTTP/1.1 200 OK"

2026-08-17 15:12:39,193 - INFO - HTTP Request: POST http://localhost:8007/v1/chat/completions "HTTP/1.1 200 OK"

2026-08-17 15:12:50,270 - INFO - HTTP Request: POST http://localhost:8007/v1/chat/completions "HTTP/1.1 200 OK"
2026-08-17 15:13:02,334 - INFO - HTTP Request: POST http://localhost:8007/v1/chat/completions "HTTP/1.1 200 OK"
2026-08-17 15:13:04,520 - INFO - HTTP Request: POST http://localhost:8007/v1/chat/completions "HTTP/1.1 200 OK"

2026-08-17 15:13:04,738 - INFO - HTTP Request: POST http://localhost:8007/v1/chat/completions "HTTP/1.1 200 OK"
2026-08-17 15:13:13,331 - INFO - HTTP Request: POST http://localhost:8007/v1/chat/completions "HTTP/1.1 200 OK"
2026-08-17 15:13:15,212 - INFO - HTTP Request: POST http://localhost:8007/v1/chat/completions "HTTP/1.1 200 OK"

r0_cfg36:  74%|███████▍  | 37/50 [57:57<26:42, 123.28s/it]2026-08-17 15:13:19,999 - INFO - HTTP Request: POST http://localhost:8007/v1/chat/completions "HTTP/1.1 200 OK"

2026-08-17 15:13:26,743 - INFO - HTTP Request: POST http://localhost:8007/v1/chat/completions "HTTP/1.1 200 OK"

r0_cfg36:  76%|███████▌  | 38/50 [58:08<17:57, 89.76s/it] 2026-08-17 15:13:34,123 - INFO - HTTP Request: POST http://localhost:8007/v1/chat/completions "HTTP/1.1 200 OK"
2026-08-17 15:13:37,486 - INFO - HTTP Request: POST http://localhost:8007/v1/chat/completions "HTTP/1.1 200 OK"
2026-08-17 15:13:48,254 - INFO - HTTP Request: POST http://localhost:8007/v1/chat/completions "HTTP/1.1 200 OK"

2026-08-17 15:13:49,345 - INFO - HTTP Request: POST http://localhost:8007/v1/chat/completions "HTTP/1.1 200 OK"
2026-08-17 15:13:52,328 - INFO - HTTP Request: POST http://localhost:8007/v1/chat/completions "HTTP/1.1 200 OK"

2026-08-17 15:13:54,076 - INFO - HTTP Request: POST http://localhost:8007/v1/chat/completions "HTTP/1.1 200 OK"
2026-08-17 15:14:05,705 - INFO - HTTP Request: POST http://localhost:8007/v1/chat/completions "HTTP/1.1 200 OK"

r0_cfg36:  78%|███████▊  | 39/50 [58:47<13:39, 74.52s/it]2026-08-17 15:14:05,996 - INFO - HTTP Request: POST http://localhost:8007/v1/chat/completions "HTTP/1.1 200 OK"

2026-08-17 15:14:15,038 - INFO - HTTP Request: POST http://localhost:8007/v1/chat/completions "HTTP/1.1 200 OK"
2026-08-17 15:14:25,409 - INFO - HTTP Request: POST http://localhost:8007/v1/chat/completions "HTTP/1.1 200 OK"
2026-08-17 15:14:28,340 - INFO - HTTP Request: POST http://localhost:8007/v1/chat/completions "HTTP/1.1 200 OK"
2026-08-17 15:14:29,743 - INFO - HTTP Request: POST http://localhost:8007/v1/chat/completions "HTTP/1.1 200 OK"

2026-08-17 15:14:33,011 - INFO - HTTP Request: POST http://localhost:8007/v1/chat/completions "HTTP/1.1 200 OK"
2026-08-17 15:14:40,575 - INFO - HTTP Request: POST http://localhost:8007/v1/chat/completions "HTTP/1.1 200 OK"

2026-08-17 15:14:43,190 - INFO - HTTP Request: POST http://localhost:8007/v1/chat/completions "HTTP/1.1 200 OK"

r0_cfg36:  80%|████████  | 40/50 [59:25<10:34, 63.41s/it]2026-08-17 15:14:46,888 - INFO - HTTP Request: POST http://localhost:8007/v1/chat/completions "HTTP/1.1 200 OK"

2026-08-17 15:14:54,482 - INFO - HTTP Request: POST http://localhost:8007/v1/chat/completions "HTTP/1.1 200 OK"
2026-08-17 15:15:05,454 - INFO - HTTP Request: POST http://localhost:8007/v1/chat/completions "HTTP/1.1 200 OK"
2026-08-17 15:15:07,293 - INFO - HTTP Request: POST http://localhost:8007/v1/chat/completions "HTTP/1.1 200 OK"
2026-08-17 15:15:09,352 - INFO - HTTP Request: POST http://localhost:8007/v1/chat/completions "HTTP/1.1 200 OK"

2026-08-17 15:15:11,103 - INFO - HTTP Request: POST http://localhost:8007/v1/chat/completions "HTTP/1.1 200 OK"
2026-08-17 15:15:18,073 - INFO - HTTP Request: POST http://localhost:8007/v1/chat/completions "HTTP/1.1 200 OK"

2026-08-17 15:15:20,688 - INFO - HTTP Request: POST http://localhost:8007/v1/chat/completions "HTTP/1.1 200 OK"

2026-08-17 15:15:25,906 - INFO - HTTP Request: POST http://localhost:8007/v1/chat/completions "HTTP/1.1 200 OK"

2026-08-17 15:15:33,725 - INFO - HTTP Request: POST http://localhost:8007/v1/chat/completions "HTTP/1.1 200 OK"
2026-08-17 15:15:44,472 - INFO - HTTP Request: POST http://localhost:8007/v1/chat/completions "HTTP/1.1 200 OK"
2026-08-17 15:15:45,664 - INFO - HTTP Request: POST http://localhost:8007/v1/chat/completions "HTTP/1.1 200 OK"
2026-08-17 15:15:46,850 - INFO - HTTP Request: POST http://localhost:8007/v1/chat/completions "HTTP/1.1 200 OK"

2026-08-17 15:15:50,778 - INFO - HTTP Request: POST http://localhost:8007/v1/chat/completions "HTTP/1.1 200 OK"
2026-08-17 15:15:58,942 - INFO - HTTP Request: POST http://localhost:8007/v1/chat/completions "HTTP/1.1 200 OK"

2026-08-17 15:16:00,469 - INFO - HTTP Request: POST http://localhost:8007/v1/chat/completions "HTTP/1.1 200 OK"

2026-08-17 15:16:05,258 - INFO - HTTP Request: POST http://localhost:8007/v1/chat/completions "HTTP/1.1 200 OK"

2026-08-17 15:16:07,002 - INFO - HTTP Request: POST http://localhost:8007/v1/chat/completions "HTTP/1.1 200 OK"
2026-08-17 15:16:19,490 - INFO - HTTP Request: POST http://localhost:8007/v1/chat/completions "HTTP/1.1 200 OK"

2026-08-17 15:16:23,616 - INFO - HTTP Request: POST http://localhost:8007/v1/chat/completions "HTTP/1.1 200 OK"
2026-08-17 15:16:25,237 - INFO - HTTP Request: POST http://localhost:8007/v1/chat/completions "HTTP/1.1 200 OK"
2026-08-17 15:16:25,238 - INFO - HTTP Request: POST http://localhost:8007/v1/chat/completions "HTTP/1.1 200 OK"
2026-08-17 15:16:35,281 - INFO - HTTP Request: POST http://localhost:8007/v1/chat/completions "HTTP/1.1 200 OK"

2026-08-17 15:16:37,895 - INFO - HTTP Request: POST http://localhost:8007/v1/chat/completions "HTTP/1.1 200 OK"

2026-08-17 15:16:38,329 - INFO - HTTP Request: POST http://localhost:8007/v1/chat/completions "HTTP/1.1 200 OK"

2026-08-17 15:16:49,192 - INFO - HTTP Request: POST http://localhost:8007/v1/chat/completions "HTTP/1.1 200 OK"
2026-08-17 15:16:58,420 - INFO - HTTP Request: POST http://localhost:8007/v1/chat/completions "HTTP/1.1 200 OK"
2026-08-17 15:17:02,434 - INFO - HTTP Request: POST http://localhost:8007/v1/chat/completions "HTTP/1.1 200 OK"

2026-08-17 15:17:02,652 - INFO - HTTP Request: POST http://localhost:8007/v1/chat/completions "HTTP/1.1 200 OK"
2026-08-17 15:17:04,924 - INFO - HTTP Request: POST http://localhost:8007/v1/chat/completions "HTTP/1.1 200 OK"
2026-08-17 15:17:11,561 - INFO - HTTP Request: POST http://localhost:8007/v1/chat/completions "HTTP/1.1 200 OK"

2026-08-17 15:17:16,134 - INFO - HTTP Request: POST http://localhost:8007/v1/chat/completions "HTTP/1.1 200 OK"

2026-08-17 15:17:19,187 - INFO - HTTP Request: POST http://localhost:8007/v1/chat/completions "HTTP/1.1 200 OK"

2026-08-17 15:17:23,093 - INFO - HTTP Request: POST http://localhost:8007/v1/chat/completions "HTTP/1.1 200 OK"
2026-08-17 15:17:32,156 - INFO - HTTP Request: POST http://localhost:8007/v1/chat/completions "HTTP/1.1 200 OK"

2026-08-17 15:17:36,281 - INFO - HTTP Request: POST http://localhost:8007/v1/chat/completions "HTTP/1.1 200 OK"
2026-08-17 15:17:39,858 - INFO - HTTP Request: POST http://localhost:8007/v1/chat/completions "HTTP/1.1 200 OK"
2026-08-17 15:17:41,319 - INFO - HTTP Request: POST http://localhost:8007/v1/chat/completions "HTTP/1.1 200 OK"
2026-08-17 15:17:53,182 - INFO - HTTP Request: POST http://localhost:8007/v1/chat/completions "HTTP/1.1 200 OK"

2026-08-17 15:17:55,360 - INFO - HTTP Request: POST http://localhost:8007/v1/chat/completions "HTTP/1.1 200 OK"

2026-08-17 15:17:58,191 - INFO - HTTP Request: POST http://localhost:8007/v1/chat/completions "HTTP/1.1 200 OK"

2026-08-17 15:18:02,317 - INFO - HTTP Request: POST http://localhost:8007/v1/chat/completions "HTTP/1.1 200 OK"
2026-08-17 15:18:15,682 - INFO - HTTP Request: POST http://localhost:8007/v1/chat/completions "HTTP/1.1 200 OK"
2026-08-17 15:18:16,653 - INFO - HTTP Request: POST http://localhost:8007/v1/chat/completions "HTTP/1.1 200 OK"

2026-08-17 15:18:22,530 - INFO - HTTP Request: POST http://localhost:8007/v1/chat/completions "HTTP/1.1 200 OK"
2026-08-17 15:18:28,287 - INFO - HTTP Request: POST http://localhost:8007/v1/chat/completions "HTTP/1.1 200 OK"
2026-08-17 15:18:28,505 - INFO - HTTP Request: POST http://localhost:8007/v1/chat/completions "HTTP/1.1 200 OK"

2026-08-17 15:18:32,799 - INFO - HTTP Request: POST http://localhost:8007/v1/chat/completions "HTTP/1.1 200 OK"

2026-08-17 15:18:43,454 - INFO - HTTP Request: POST http://localhost:8007/v1/chat/completions "HTTP/1.1 200 OK"

2026-08-17 15:18:48,456 - INFO - HTTP Request: POST http://localhost:8007/v1/chat/completions "HTTP/1.1 200 OK"
2026-08-17 15:18:53,175 - INFO - HTTP Request: POST http://localhost:8007/v1/chat/completions "HTTP/1.1 200 OK"
2026-08-17 15:18:58,721 - INFO - HTTP Request: POST http://localhost:8007/v1/chat/completions "HTTP/1.1 200 OK"
2026-08-17 15:19:04,706 - INFO - HTTP Request: POST http://localhost:8007/v1/chat/completions "HTTP/1.1 200 OK"

r0_cfg36:  82%|████████▏ | 41/50 [1:03:46<18:25, 122.84s/it]2026-08-17 15:19:08,410 - INFO - HTTP Request: POST http://localhost:8007/v1/chat/completions "HTTP/1.1 200 OK"

2026-08-17 15:19:12,760 - INFO - HTTP Request: POST http://localhost:8007/v1/chat/completions "HTTP/1.1 200 OK"

2026-08-17 15:19:17,110 - INFO - HTTP Request: POST http://localhost:8007/v1/chat/completions "HTTP/1.1 200 OK"
2026-08-17 15:19:27,265 - INFO - HTTP Request: POST http://localhost:8007/v1/chat/completions "HTTP/1.1 200 OK"
2026-08-17 15:19:30,194 - INFO - HTTP Request: POST http://localhost:8007/v1/chat/completions "HTTP/1.1 200 OK"

r0_cfg36:  84%|████████▍ | 42/50 [1:04:12<12:29, 93.64s/it] 2026-08-17 15:19:38,238 - INFO - HTTP Request: POST http://localhost:8007/v1/chat/completions "HTTP/1.1 200 OK"
2026-08-17 15:19:41,385 - INFO - HTTP Request: POST http://localhost:8007/v1/chat/completions "HTTP/1.1 200 OK"

2026-08-17 15:19:46,822 - INFO - HTTP Request: POST http://localhost:8007/v1/chat/completions "HTTP/1.1 200 OK"
2026-08-17 15:19:52,796 - INFO - HTTP Request: POST http://localhost:8007/v1/chat/completions "HTTP/1.1 200 OK"
2026-08-17 15:19:57,529 - INFO - HTTP Request: POST http://localhost:8007/v1/chat/completions "HTTP/1.1 200 OK"

2026-08-17 15:19:57,530 - INFO - HTTP Request: POST http://localhost:8007/v1/chat/completions "HTTP/1.1 200 OK"
r0_cfg36:  86%|████████▌ | 43/50 [1:04:39<08:36, 73.75s/it]
2026-08-17 15:20:05,790 - INFO - HTTP Request: POST http://localhost:8007/v1/chat/completions "HTTP/1.1 200 OK"

2026-08-17 15:20:08,177 - INFO - HTTP Request: POST http://localhost:8007/v1/chat/completions "HTTP/1.1 200 OK"
2026-08-17 15:20:19,799 - INFO - HTTP Request: POST http://localhost:8007/v1/chat/completions "HTTP/1.1 200 OK"
2026-08-17 15:20:23,216 - INFO - HTTP Request: POST http://localhost:8007/v1/chat/completions "HTTP/1.1 200 OK"

2026-08-17 15:20:29,303 - INFO - HTTP Request: POST http://localhost:8007/v1/chat/completions "HTTP/1.1 200 OK"

2026-08-17 15:20:31,041 - INFO - HTTP Request: POST http://localhost:8007/v1/chat/completions "HTTP/1.1 200 OK"
2026-08-17 15:20:32,879 - INFO - HTTP Request: POST http://localhost:8007/v1/chat/completions "HTTP/1.1 200 OK"
2026-08-17 15:20:46,090 - INFO - HTTP Request: POST http://localhost:8007/v1/chat/completions "HTTP/1.1 200 OK"

r0_cfg36:  88%|████████▊ | 44/50 [1:05:28<06:37, 66.19s/it]2026-08-17 15:20:46,380 - INFO - HTTP Request: POST http://localhost:8007/v1/chat/completions "HTTP/1.1 200 OK"

2026-08-17 15:20:48,262 - INFO - HTTP Request: POST http://localhost:8007/v1/chat/completions "HTTP/1.1 200 OK"
2026-08-17 15:20:56,402 - INFO - HTTP Request: POST http://localhost:8007/v1/chat/completions "HTTP/1.1 200 OK"
2026-08-17 15:21:00,036 - INFO - HTTP Request: POST http://localhost:8007/v1/chat/completions "HTTP/1.1 200 OK"

2026-08-17 15:21:08,740 - INFO - HTTP Request: POST http://localhost:8007/v1/chat/completions "HTTP/1.1 200 OK"
2026-08-17 15:21:08,741 - INFO - HTTP Request: POST http://localhost:8007/v1/chat/completions "HTTP/1.1 200 OK"

2026-08-17 15:21:11,556 - INFO - HTTP Request: POST http://localhost:8007/v1/chat/completions "HTTP/1.1 200 OK"
2026-08-17 15:21:19,758 - INFO - HTTP Request: POST http://localhost:8007/v1/chat/completions "HTTP/1.1 200 OK"

2026-08-17 15:21:23,238 - INFO - HTTP Request: POST http://localhost:8007/v1/chat/completions "HTTP/1.1 200 OK"

2026-08-17 15:21:24,115 - INFO - HTTP Request: POST http://localhost:8007/v1/chat/completions "HTTP/1.1 200 OK"
2026-08-17 15:21:34,108 - INFO - HTTP Request: POST http://localhost:8007/v1/chat/completions "HTTP/1.1 200 OK"
2026-08-17 15:21:37,306 - INFO - HTTP Request: POST http://localhost:8007/v1/chat/completions "HTTP/1.1 200 OK"

2026-08-17 15:21:45,790 - INFO - HTTP Request: POST http://localhost:8007/v1/chat/completions "HTTP/1.1 200 OK"

2026-08-17 15:21:46,666 - INFO - HTTP Request: POST http://localhost:8007/v1/chat/completions "HTTP/1.1 200 OK"
2026-08-17 15:21:48,184 - INFO - HTTP Request: POST http://localhost:8007/v1/chat/completions "HTTP/1.1 200 OK"
2026-08-17 15:21:57,255 - INFO - HTTP Request: POST http://localhost:8007/v1/chat/completions "HTTP/1.1 200 OK"
2026-08-17 15:22:01,058 - INFO - HTTP Request: POST http://localhost:8007/v1/chat/completions "HTTP/1.1 200 OK"

2026-08-17 15:22:01,938 - INFO - HTTP Request: POST http://localhost:8007/v1/chat/completions "HTTP/1.1 200 OK"

2026-08-17 15:22:06,720 - INFO - HTTP Request: POST http://localhost:8007/v1/chat/completions "HTTP/1.1 200 OK"

2026-08-17 15:22:10,627 - INFO - HTTP Request: POST http://localhost:8007/v1/chat/completions "HTTP/1.1 200 OK"
2026-08-17 15:22:21,157 - INFO - HTTP Request: POST http://localhost:8007/v1/chat/completions "HTTP/1.1 200 OK"
2026-08-17 15:22:23,488 - INFO - HTTP Request: POST http://localhost:8007/v1/chat/completions "HTTP/1.1 200 OK"

2026-08-17 15:22:26,975 - INFO - HTTP Request: POST http://localhost:8007/v1/chat/completions "HTTP/1.1 200 OK"
2026-08-17 15:22:32,848 - INFO - HTTP Request: POST http://localhost:8007/v1/chat/completions "HTTP/1.1 200 OK"

2026-08-17 15:22:36,326 - INFO - HTTP Request: POST http://localhost:8007/v1/chat/completions "HTTP/1.1 200 OK"
2026-08-17 15:22:40,989 - INFO - HTTP Request: POST http://localhost:8007/v1/chat/completions "HTTP/1.1 200 OK"

2026-08-17 15:22:43,822 - INFO - HTTP Request: POST http://localhost:8007/v1/chat/completions "HTTP/1.1 200 OK"
2026-08-17 15:22:52,460 - INFO - HTTP Request: POST http://localhost:8007/v1/chat/completions "HTTP/1.1 200 OK"

2026-08-17 15:22:56,374 - INFO - HTTP Request: POST http://localhost:8007/v1/chat/completions "HTTP/1.1 200 OK"

2026-08-17 15:23:02,235 - INFO - HTTP Request: POST http://localhost:8007/v1/chat/completions "HTTP/1.1 200 OK"
2026-08-17 15:23:05,864 - INFO - HTTP Request: POST http://localhost:8007/v1/chat/completions "HTTP/1.1 200 OK"
2026-08-17 15:23:12,390 - INFO - HTTP Request: POST http://localhost:8007/v1/chat/completions "HTTP/1.1 200 OK"

2026-08-17 15:23:13,045 - INFO - HTTP Request: POST http://localhost:8007/v1/chat/completions "HTTP/1.1 200 OK"
2026-08-17 15:23:18,146 - INFO - HTTP Request: POST http://localhost:8007/v1/chat/completions "HTTP/1.1 200 OK"

2026-08-17 15:23:25,979 - INFO - HTTP Request: POST http://localhost:8007/v1/chat/completions "HTTP/1.1 200 OK"
2026-08-17 15:23:28,912 - INFO - HTTP Request: POST http://localhost:8007/v1/chat/completions "HTTP/1.1 200 OK"

2026-08-17 15:23:33,045 - INFO - HTTP Request: POST http://localhost:8007/v1/chat/completions "HTTP/1.1 200 OK"
2026-08-17 15:23:38,641 - INFO - HTTP Request: POST http://localhost:8007/v1/chat/completions "HTTP/1.1 200 OK"
2026-08-17 15:23:39,947 - INFO - HTTP Request: POST http://localhost:8007/v1/chat/completions "HTTP/1.1 200 OK"

2026-08-17 15:23:43,432 - INFO - HTTP Request: POST http://localhost:8007/v1/chat/completions "HTTP/1.1 200 OK"

2026-08-17 15:23:51,255 - INFO - HTTP Request: POST http://localhost:8007/v1/chat/completions "HTTP/1.1 200 OK"

2026-08-17 15:23:58,636 - INFO - HTTP Request: POST http://localhost:8007/v1/chat/completions "HTTP/1.1 200 OK"
2026-08-17 15:24:00,256 - INFO - HTTP Request: POST http://localhost:8007/v1/chat/completions "HTTP/1.1 200 OK"
2026-08-17 15:24:11,512 - INFO - HTTP Request: POST http://localhost:8007/v1/chat/completions "HTTP/1.1 200 OK"

2026-08-17 15:24:13,262 - INFO - HTTP Request: POST http://localhost:8007/v1/chat/completions "HTTP/1.1 200 OK"
2026-08-17 15:24:13,480 - INFO - HTTP Request: POST http://localhost:8007/v1/chat/completions "HTTP/1.1 200 OK"

2026-08-17 15:24:21,031 - INFO - HTTP Request: POST http://localhost:8007/v1/chat/completions "HTTP/1.1 200 OK"
2026-08-17 15:24:24,944 - INFO - HTTP Request: POST http://localhost:8007/v1/chat/completions "HTTP/1.1 200 OK"

2026-08-17 15:24:34,298 - INFO - HTTP Request: POST http://localhost:8007/v1/chat/completions "HTTP/1.1 200 OK"

2026-08-17 15:24:43,201 - INFO - HTTP Request: POST http://localhost:8007/v1/chat/completions "HTTP/1.1 200 OK"
2026-08-17 15:24:44,876 - INFO - HTTP Request: POST http://localhost:8007/v1/chat/completions "HTTP/1.1 200 OK"
2026-08-17 15:24:54,990 - INFO - HTTP Request: POST http://localhost:8007/v1/chat/completions "HTTP/1.1 200 OK"
2026-08-17 15:24:56,953 - INFO - HTTP Request: POST http://localhost:8007/v1/chat/completions "HTTP/1.1 200 OK"

2026-08-17 15:24:58,922 - INFO - HTTP Request: POST http://localhost:8007/v1/chat/completions "HTTP/1.1 200 OK"
2026-08-17 15:25:02,347 - INFO - HTTP Request: POST http://localhost:8007/v1/chat/completions "HTTP/1.1 200 OK"

r0_cfg36:  90%|█████████ | 45/50 [1:09:44<10:16, 123.21s/it]2026-08-17 15:25:07,572 - INFO - HTTP Request: POST http://localhost:8007/v1/chat/completions "HTTP/1.1 200 OK"

2026-08-17 15:25:11,271 - INFO - HTTP Request: POST http://localhost:8007/v1/chat/completions "HTTP/1.1 200 OK"

r0_cfg36:  92%|█████████▏| 46/50 [1:09:53<05:55, 88.92s/it] 2026-08-17 15:25:24,297 - INFO - HTTP Request: POST http://localhost:8007/v1/chat/completions "HTTP/1.1 200 OK"
2026-08-17 15:25:30,268 - INFO - HTTP Request: POST http://localhost:8007/v1/chat/completions "HTTP/1.1 200 OK"
2026-08-17 15:25:33,904 - INFO - HTTP Request: POST http://localhost:8007/v1/chat/completions "HTTP/1.1 200 OK"
2026-08-17 15:25:35,800 - INFO - HTTP Request: POST http://localhost:8007/v1/chat/completions "HTTP/1.1 200 OK"

2026-08-17 15:25:37,765 - INFO - HTTP Request: POST http://localhost:8007/v1/chat/completions "HTTP/1.1 200 OK"
2026-08-17 15:25:44,082 - INFO - HTTP Request: POST http://localhost:8007/v1/chat/completions "HTTP/1.1 200 OK"

r0_cfg36:  94%|█████████▍| 47/50 [1:10:26<03:36, 72.09s/it]2026-08-17 15:25:47,345 - INFO - HTTP Request: POST http://localhost:8007/v1/chat/completions "HTTP/1.1 200 OK"

2026-08-17 15:25:51,687 - INFO - HTTP Request: POST http://localhost:8007/v1/chat/completions "HTTP/1.1 200 OK"

2026-08-17 15:26:02,087 - INFO - HTTP Request: POST http://localhost:8007/v1/chat/completions "HTTP/1.1 200 OK"
2026-08-17 15:26:11,802 - INFO - HTTP Request: POST http://localhost:8007/v1/chat/completions "HTTP/1.1 200 OK"

2026-08-17 15:26:13,755 - INFO - HTTP Request: POST http://localhost:8007/v1/chat/completions "HTTP/1.1 200 OK"
2026-08-17 15:26:25,426 - INFO - HTTP Request: POST http://localhost:8007/v1/chat/completions "HTTP/1.1 200 OK"
2026-08-17 15:26:28,035 - INFO - HTTP Request: POST http://localhost:8007/v1/chat/completions "HTTP/1.1 200 OK"

2026-08-17 15:26:36,716 - INFO - HTTP Request: POST http://localhost:8007/v1/chat/completions "HTTP/1.1 200 OK"
2026-08-17 15:26:39,480 - INFO - HTTP Request: POST http://localhost:8007/v1/chat/completions "HTTP/1.1 200 OK"

r0_cfg36:  96%|█████████▌| 48/50 [1:11:21<02:14, 67.08s/it]2026-08-17 15:26:47,075 - INFO - HTTP Request: POST http://localhost:8007/v1/chat/completions "HTTP/1.1 200 OK"

2026-08-17 15:26:52,535 - INFO - HTTP Request: POST http://localhost:8007/v1/chat/completions "HTTP/1.1 200 OK"
2026-08-17 15:27:07,272 - INFO - HTTP Request: POST http://localhost:8007/v1/chat/completions "HTTP/1.1 200 OK"

2026-08-17 15:27:10,772 - INFO - HTTP Request: POST http://localhost:8007/v1/chat/completions "HTTP/1.1 200 OK"
2026-08-17 15:27:23,059 - INFO - HTTP Request: POST http://localhost:8007/v1/chat/completions "HTTP/1.1 200 OK"

2026-08-17 15:27:30,466 - INFO - HTTP Request: POST http://localhost:8007/v1/chat/completions "HTTP/1.1 200 OK"
2026-08-17 15:27:42,323 - INFO - HTTP Request: POST http://localhost:8007/v1/chat/completions "HTTP/1.1 200 OK"
2026-08-17 15:27:42,892 - INFO - HTTP Request: POST http://localhost:8007/v1/chat/completions "HTTP/1.1 200 OK"

2026-08-17 15:27:50,813 - INFO - HTTP Request: POST http://localhost:8007/v1/chat/completions "HTTP/1.1 200 OK"

2026-08-17 15:28:02,326 - INFO - HTTP Request: POST http://localhost:8007/v1/chat/completions "HTTP/1.1 200 OK"
2026-08-17 15:28:16,626 - INFO - HTTP Request: POST http://localhost:8007/v1/chat/completions "HTTP/1.1 200 OK"

2026-08-17 15:28:19,262 - INFO - HTTP Request: POST http://localhost:8007/v1/chat/completions "HTTP/1.1 200 OK"
2026-08-17 15:28:29,382 - INFO - HTTP Request: POST http://localhost:8007/v1/chat/completions "HTTP/1.1 200 OK"

2026-08-17 15:28:45,011 - INFO - HTTP Request: POST http://localhost:8007/v1/chat/completions "HTTP/1.1 200 OK"
2026-08-17 15:28:49,275 - INFO - HTTP Request: POST http://localhost:8007/v1/chat/completions "HTTP/1.1 200 OK"
2026-08-17 15:28:58,600 - INFO - HTTP Request: POST http://localhost:8007/v1/chat/completions "HTTP/1.1 200 OK"

2026-08-17 15:29:00,158 - INFO - HTTP Request: POST http://localhost:8007/v1/chat/completions "HTTP/1.1 200 OK"

2026-08-17 15:29:18,170 - INFO - HTTP Request: POST http://localhost:8007/v1/chat/completions "HTTP/1.1 200 OK"
2026-08-17 15:29:29,218 - INFO - HTTP Request: POST http://localhost:8007/v1/chat/completions "HTTP/1.1 200 OK"
2026-08-17 15:29:33,977 - INFO - HTTP Request: POST http://localhost:8007/v1/chat/completions "HTTP/1.1 200 OK"

2026-08-17 15:29:44,868 - INFO - HTTP Request: POST http://localhost:8007/v1/chat/completions "HTTP/1.1 200 OK"

2026-08-17 15:30:02,667 - INFO - HTTP Request: POST http://localhost:8007/v1/chat/completions "HTTP/1.1 200 OK"
2026-08-17 15:30:17,186 - INFO - HTTP Request: POST http://localhost:8007/v1/chat/completions "HTTP/1.1 200 OK"
2026-08-17 15:30:20,641 - INFO - HTTP Request: POST http://localhost:8007/v1/chat/completions "HTTP/1.1 200 OK"

2026-08-17 15:30:26,973 - INFO - HTTP Request: POST http://localhost:8007/v1/chat/completions "HTTP/1.1 200 OK"

r0_cfg36:  98%|█████████▊| 49/50 [1:15:08<01:55, 115.21s/it]2026-08-17 15:30:31,750 - INFO - HTTP Request: POST http://localhost:8007/v1/chat/completions "HTTP/1.1 200 OK"
2026-08-17 15:30:34,761 - INFO - HTTP Request: POST http://localhost:8007/v1/chat/completions "HTTP/1.1 200 OK"

r0_cfg36: 100%|██████████| 50/50 [1:15:16<00:00, 82.98s/it] r0_cfg36: 100%|██████████| 50/50 [1:15:17<00:00, 90.34s/it]
  done in 4517.1s (valid 50/50, invalid {})

Scored 1 model/s.
Report:  /LAB/Swiss-Knife/tribunal/bayes_search_honesty/eval_results/round0/r0_cfg36/report/index.html
Tables:  /LAB/Swiss-Knife/tribunal/bayes_search_honesty/eval_results/round0/r0_cfg36/model_summary.csv, /LAB/Swiss-Knife/tribunal/bayes_search_honesty/eval_results/round0/r0_cfg36/summary.csv
