2026-08-18 02:01:55,242 - INFO - Judge client pointed at http://localhost:8003/v1
2026-08-18 02:01:58,539 - INFO - Loading Detoxify model (CPU)
2026-08-18 02:02:02,159 - INFO - HTTP Request: HEAD https://huggingface.co/bert-base-uncased/resolve/main/config.json "HTTP/1.1 200 OK"
Warning: You are sending unauthenticated requests to the HF Hub. Please set a HF_TOKEN to enable higher rate limits and faster downloads.
2026-08-18 02:02:02,160 - WARNING - Warning: You are sending unauthenticated requests to the HF Hub. Please set a HF_TOKEN to enable higher rate limits and faster downloads.
input:  /LAB/Swiss-Knife/tribunal/bayes_search_honesty/eval_results/round4/r4_cfg3/_tribunal_input_tmp (1 model file/s)
output: /LAB/Swiss-Knife/tribunal/bayes_search_honesty/eval_results/round4/r4_cfg3
judge:  Qwen/Qwen2.5-32B-Instruct @ http://localhost:8003/v1
detoxify cross-check: True
Loading weights:   0%|          | 0/201 [00:00<?, ?it/s]Loading weights: 100%|██████████| 201/201 [00:00<00:00, 31358.99it/s]
2026-08-18 02:02:02,489 - INFO - HTTP Request: HEAD https://huggingface.co/bert-base-uncased/resolve/main/tokenizer_config.json "HTTP/1.1 200 OK"
2026-08-18 02:02:02,700 - INFO - HTTP Request: GET https://huggingface.co/api/models/bert-base-uncased/tree/main/additional_chat_templates?recursive=false&expand=false "HTTP/1.1 307 Temporary Redirect"
2026-08-18 02:02:02,908 - INFO - HTTP Request: GET https://huggingface.co/api/models/google-bert/bert-base-uncased/tree/main/additional_chat_templates?recursive=false&expand=false "HTTP/1.1 404 Not Found"
2026-08-18 02:02:03,118 - INFO - HTTP Request: GET https://huggingface.co/api/models/bert-base-uncased/tree/main?recursive=true&expand=false "HTTP/1.1 307 Temporary Redirect"
2026-08-18 02:02:03,342 - INFO - HTTP Request: GET https://huggingface.co/api/models/google-bert/bert-base-uncased/tree/main?recursive=true&expand=false "HTTP/1.1 200 OK"

[1/1] r4_cfg3
  scoring 50 records (0 skipped or cached) [workers=4]
r4_cfg3:   0%|          | 0/50 [00:00<?, ?it/s]2026-08-18 02:02:25,338 - INFO - HTTP Request: POST http://localhost:8003/v1/chat/completions "HTTP/1.1 200 OK"
2026-08-18 02:02:25,546 - INFO - HTTP Request: POST http://localhost:8003/v1/chat/completions "HTTP/1.1 200 OK"
2026-08-18 02:02:25,548 - INFO - HTTP Request: POST http://localhost:8003/v1/chat/completions "HTTP/1.1 200 OK"
2026-08-18 02:02:26,104 - INFO - HTTP Request: POST http://localhost:8003/v1/chat/completions "HTTP/1.1 200 OK"
2026-08-18 02:02:35,988 - INFO - HTTP Request: POST http://localhost:8003/v1/chat/completions "HTTP/1.1 200 OK"

2026-08-18 02:02:37,144 - INFO - HTTP Request: POST http://localhost:8003/v1/chat/completions "HTTP/1.1 200 OK"

2026-08-18 02:02:39,321 - INFO - HTTP Request: POST http://localhost:8003/v1/chat/completions "HTTP/1.1 200 OK"

2026-08-18 02:02:42,143 - INFO - HTTP Request: POST http://localhost:8003/v1/chat/completions "HTTP/1.1 200 OK"

2026-08-18 02:03:02,088 - INFO - HTTP Request: POST http://localhost:8003/v1/chat/completions "HTTP/1.1 200 OK"
2026-08-18 02:03:03,609 - INFO - HTTP Request: POST http://localhost:8003/v1/chat/completions "HTTP/1.1 200 OK"
2026-08-18 02:03:06,102 - INFO - HTTP Request: POST http://localhost:8003/v1/chat/completions "HTTP/1.1 200 OK"
2026-08-18 02:03:09,303 - INFO - HTTP Request: POST http://localhost:8003/v1/chat/completions "HTTP/1.1 200 OK"
2026-08-18 02:03:14,467 - INFO - HTTP Request: POST http://localhost:8003/v1/chat/completions "HTTP/1.1 200 OK"

2026-08-18 02:03:14,684 - INFO - HTTP Request: POST http://localhost:8003/v1/chat/completions "HTTP/1.1 200 OK"

2026-08-18 02:03:21,917 - INFO - HTTP Request: POST http://localhost:8003/v1/chat/completions "HTTP/1.1 200 OK"

2026-08-18 02:03:22,134 - INFO - HTTP Request: POST http://localhost:8003/v1/chat/completions "HTTP/1.1 200 OK"

2026-08-18 02:03:38,837 - INFO - HTTP Request: POST http://localhost:8003/v1/chat/completions "HTTP/1.1 200 OK"
2026-08-18 02:03:39,054 - INFO - HTTP Request: POST http://localhost:8003/v1/chat/completions "HTTP/1.1 200 OK"
2026-08-18 02:03:45,894 - INFO - HTTP Request: POST http://localhost:8003/v1/chat/completions "HTTP/1.1 200 OK"
2026-08-18 02:03:47,637 - INFO - HTTP Request: POST http://localhost:8003/v1/chat/completions "HTTP/1.1 200 OK"
2026-08-18 02:03:51,278 - INFO - HTTP Request: POST http://localhost:8003/v1/chat/completions "HTTP/1.1 200 OK"

2026-08-18 02:03:55,035 - INFO - HTTP Request: POST http://localhost:8003/v1/chat/completions "HTTP/1.1 200 OK"

2026-08-18 02:04:00,490 - INFO - HTTP Request: POST http://localhost:8003/v1/chat/completions "HTTP/1.1 200 OK"

2026-08-18 02:04:03,543 - INFO - HTTP Request: POST http://localhost:8003/v1/chat/completions "HTTP/1.1 200 OK"

2026-08-18 02:04:15,487 - INFO - HTTP Request: POST http://localhost:8003/v1/chat/completions "HTTP/1.1 200 OK"
2026-08-18 02:04:19,616 - INFO - HTTP Request: POST http://localhost:8003/v1/chat/completions "HTTP/1.1 200 OK"
2026-08-18 02:04:25,218 - INFO - HTTP Request: POST http://localhost:8003/v1/chat/completions "HTTP/1.1 200 OK"
2026-08-18 02:04:28,922 - INFO - HTTP Request: POST http://localhost:8003/v1/chat/completions "HTTP/1.1 200 OK"
2026-08-18 02:04:28,923 - INFO - HTTP Request: POST http://localhost:8003/v1/chat/completions "HTTP/1.1 200 OK"

2026-08-18 02:04:33,142 - INFO - HTTP Request: POST http://localhost:8003/v1/chat/completions "HTTP/1.1 200 OK"

2026-08-18 02:04:38,377 - INFO - HTTP Request: POST http://localhost:8003/v1/chat/completions "HTTP/1.1 200 OK"

2026-08-18 02:04:41,863 - INFO - HTTP Request: POST http://localhost:8003/v1/chat/completions "HTTP/1.1 200 OK"

2026-08-18 02:04:49,246 - INFO - HTTP Request: POST http://localhost:8003/v1/chat/completions "HTTP/1.1 200 OK"
2026-08-18 02:04:52,940 - INFO - HTTP Request: POST http://localhost:8003/v1/chat/completions "HTTP/1.1 200 OK"
2026-08-18 02:04:58,592 - INFO - HTTP Request: POST http://localhost:8003/v1/chat/completions "HTTP/1.1 200 OK"
2026-08-18 02:05:02,452 - INFO - HTTP Request: POST http://localhost:8003/v1/chat/completions "HTTP/1.1 200 OK"

2026-08-18 02:05:02,888 - INFO - HTTP Request: POST http://localhost:8003/v1/chat/completions "HTTP/1.1 200 OK"
2026-08-18 02:05:05,719 - INFO - HTTP Request: POST http://localhost:8003/v1/chat/completions "HTTP/1.1 200 OK"

2026-08-18 02:05:09,860 - INFO - HTTP Request: POST http://localhost:8003/v1/chat/completions "HTTP/1.1 200 OK"

2026-08-18 02:05:17,253 - INFO - HTTP Request: POST http://localhost:8003/v1/chat/completions "HTTP/1.1 200 OK"

2026-08-18 02:05:31,584 - INFO - HTTP Request: POST http://localhost:8003/v1/chat/completions "HTTP/1.1 200 OK"
2026-08-18 02:05:34,850 - INFO - HTTP Request: POST http://localhost:8003/v1/chat/completions "HTTP/1.1 200 OK"
2026-08-18 02:05:39,301 - INFO - HTTP Request: POST http://localhost:8003/v1/chat/completions "HTTP/1.1 200 OK"
2026-08-18 02:05:43,601 - INFO - HTTP Request: POST http://localhost:8003/v1/chat/completions "HTTP/1.1 200 OK"

2026-08-18 02:05:47,159 - INFO - HTTP Request: POST http://localhost:8003/v1/chat/completions "HTTP/1.1 200 OK"
2026-08-18 02:05:48,784 - INFO - HTTP Request: POST http://localhost:8003/v1/chat/completions "HTTP/1.1 200 OK"

2026-08-18 02:05:51,836 - INFO - HTTP Request: POST http://localhost:8003/v1/chat/completions "HTTP/1.1 200 OK"

2026-08-18 02:06:00,100 - INFO - HTTP Request: POST http://localhost:8003/v1/chat/completions "HTTP/1.1 200 OK"

2026-08-18 02:06:04,009 - INFO - HTTP Request: POST http://localhost:8003/v1/chat/completions "HTTP/1.1 200 OK"
2026-08-18 02:06:09,307 - INFO - HTTP Request: POST http://localhost:8003/v1/chat/completions "HTTP/1.1 200 OK"
2026-08-18 02:06:12,669 - INFO - HTTP Request: POST http://localhost:8003/v1/chat/completions "HTTP/1.1 200 OK"
2026-08-18 02:06:17,404 - INFO - HTTP Request: POST http://localhost:8003/v1/chat/completions "HTTP/1.1 200 OK"

2026-08-18 02:06:21,465 - INFO - HTTP Request: POST http://localhost:8003/v1/chat/completions "HTTP/1.1 200 OK"
2026-08-18 02:06:22,929 - INFO - HTTP Request: POST http://localhost:8003/v1/chat/completions "HTTP/1.1 200 OK"

2026-08-18 02:06:33,383 - INFO - HTTP Request: POST http://localhost:8003/v1/chat/completions "HTTP/1.1 200 OK"

2026-08-18 02:06:35,128 - INFO - HTTP Request: POST http://localhost:8003/v1/chat/completions "HTTP/1.1 200 OK"

2026-08-18 02:06:47,073 - INFO - HTTP Request: POST http://localhost:8003/v1/chat/completions "HTTP/1.1 200 OK"
2026-08-18 02:06:52,600 - INFO - HTTP Request: POST http://localhost:8003/v1/chat/completions "HTTP/1.1 200 OK"
2026-08-18 02:07:00,325 - INFO - HTTP Request: POST http://localhost:8003/v1/chat/completions "HTTP/1.1 200 OK"

2026-08-18 02:07:03,506 - INFO - HTTP Request: POST http://localhost:8003/v1/chat/completions "HTTP/1.1 200 OK"
2026-08-18 02:07:04,242 - INFO - HTTP Request: POST http://localhost:8003/v1/chat/completions "HTTP/1.1 200 OK"

2026-08-18 02:07:05,633 - INFO - HTTP Request: POST http://localhost:8003/v1/chat/completions "HTTP/1.1 200 OK"
2026-08-18 02:07:21,470 - INFO - HTTP Request: POST http://localhost:8003/v1/chat/completions "HTTP/1.1 200 OK"

2026-08-18 02:07:23,220 - INFO - HTTP Request: POST http://localhost:8003/v1/chat/completions "HTTP/1.1 200 OK"

2026-08-18 02:07:28,874 - INFO - HTTP Request: POST http://localhost:8003/v1/chat/completions "HTTP/1.1 200 OK"
2026-08-18 02:07:38,312 - INFO - HTTP Request: POST http://localhost:8003/v1/chat/completions "HTTP/1.1 200 OK"
2026-08-18 02:07:43,189 - INFO - HTTP Request: POST http://localhost:8003/v1/chat/completions "HTTP/1.1 200 OK"

r4_cfg3:   2%|▏         | 1/50 [05:39<4:37:29, 339.78s/it]2026-08-18 02:07:53,414 - INFO - HTTP Request: POST http://localhost:8003/v1/chat/completions "HTTP/1.1 200 OK"

r4_cfg3:   4%|▍         | 2/50 [05:50<1:56:44, 145.92s/it]2026-08-18 02:07:55,152 - INFO - HTTP Request: POST http://localhost:8003/v1/chat/completions "HTTP/1.1 200 OK"
2026-08-18 02:07:55,369 - INFO - HTTP Request: POST http://localhost:8003/v1/chat/completions "HTTP/1.1 200 OK"
2026-08-18 02:08:06,208 - INFO - HTTP Request: POST http://localhost:8003/v1/chat/completions "HTTP/1.1 200 OK"
2026-08-18 02:08:09,418 - INFO - HTTP Request: POST http://localhost:8003/v1/chat/completions "HTTP/1.1 200 OK"

r4_cfg3:   6%|▌         | 3/50 [06:06<1:07:50, 86.60s/it] 2026-08-18 02:08:09,714 - INFO - HTTP Request: POST http://localhost:8003/v1/chat/completions "HTTP/1.1 200 OK"

r4_cfg3:   8%|▊         | 4/50 [06:06<40:16, 52.53s/it]  2026-08-18 02:08:16,810 - INFO - HTTP Request: POST http://localhost:8003/v1/chat/completions "HTTP/1.1 200 OK"
2026-08-18 02:08:18,050 - INFO - HTTP Request: POST http://localhost:8003/v1/chat/completions "HTTP/1.1 200 OK"

2026-08-18 02:08:27,617 - INFO - HTTP Request: POST http://localhost:8003/v1/chat/completions "HTTP/1.1 200 OK"

2026-08-18 02:08:31,960 - INFO - HTTP Request: POST http://localhost:8003/v1/chat/completions "HTTP/1.1 200 OK"
2026-08-18 02:08:32,178 - INFO - HTTP Request: POST http://localhost:8003/v1/chat/completions "HTTP/1.1 200 OK"
2026-08-18 02:08:41,570 - INFO - HTTP Request: POST http://localhost:8003/v1/chat/completions "HTTP/1.1 200 OK"

2026-08-18 02:08:44,616 - INFO - HTTP Request: POST http://localhost:8003/v1/chat/completions "HTTP/1.1 200 OK"

2026-08-18 02:08:44,832 - INFO - HTTP Request: POST http://localhost:8003/v1/chat/completions "HTTP/1.1 200 OK"
2026-08-18 02:08:54,772 - INFO - HTTP Request: POST http://localhost:8003/v1/chat/completions "HTTP/1.1 200 OK"
2026-08-18 02:08:58,628 - INFO - HTTP Request: POST http://localhost:8003/v1/chat/completions "HTTP/1.1 200 OK"

2026-08-18 02:09:06,025 - INFO - HTTP Request: POST http://localhost:8003/v1/chat/completions "HTTP/1.1 200 OK"

2026-08-18 02:09:08,198 - INFO - HTTP Request: POST http://localhost:8003/v1/chat/completions "HTTP/1.1 200 OK"
2026-08-18 02:09:11,895 - INFO - HTTP Request: POST http://localhost:8003/v1/chat/completions "HTTP/1.1 200 OK"
2026-08-18 02:09:19,450 - INFO - HTTP Request: POST http://localhost:8003/v1/chat/completions "HTTP/1.1 200 OK"

2026-08-18 02:09:23,800 - INFO - HTTP Request: POST http://localhost:8003/v1/chat/completions "HTTP/1.1 200 OK"
2026-08-18 02:09:25,480 - INFO - HTTP Request: POST http://localhost:8003/v1/chat/completions "HTTP/1.1 200 OK"

2026-08-18 02:09:31,569 - INFO - HTTP Request: POST http://localhost:8003/v1/chat/completions "HTTP/1.1 200 OK"
2026-08-18 02:09:36,947 - INFO - HTTP Request: POST http://localhost:8003/v1/chat/completions "HTTP/1.1 200 OK"

2026-08-18 02:09:42,392 - INFO - HTTP Request: POST http://localhost:8003/v1/chat/completions "HTTP/1.1 200 OK"

2026-08-18 02:09:44,570 - INFO - HTTP Request: POST http://localhost:8003/v1/chat/completions "HTTP/1.1 200 OK"
2026-08-18 02:09:50,592 - INFO - HTTP Request: POST http://localhost:8003/v1/chat/completions "HTTP/1.1 200 OK"
2026-08-18 02:09:57,274 - INFO - HTTP Request: POST http://localhost:8003/v1/chat/completions "HTTP/1.1 200 OK"

2026-08-18 02:10:01,196 - INFO - HTTP Request: POST http://localhost:8003/v1/chat/completions "HTTP/1.1 200 OK"
2026-08-18 02:10:04,033 - INFO - HTTP Request: POST http://localhost:8003/v1/chat/completions "HTTP/1.1 200 OK"

2026-08-18 02:10:07,083 - INFO - HTTP Request: POST http://localhost:8003/v1/chat/completions "HTTP/1.1 200 OK"
2026-08-18 02:10:14,198 - INFO - HTTP Request: POST http://localhost:8003/v1/chat/completions "HTTP/1.1 200 OK"

2026-08-18 02:10:19,642 - INFO - HTTP Request: POST http://localhost:8003/v1/chat/completions "HTTP/1.1 200 OK"

2026-08-18 02:10:21,603 - INFO - HTTP Request: POST http://localhost:8003/v1/chat/completions "HTTP/1.1 200 OK"
2026-08-18 02:10:28,659 - INFO - HTTP Request: POST http://localhost:8003/v1/chat/completions "HTTP/1.1 200 OK"
2026-08-18 02:10:34,418 - INFO - HTTP Request: POST http://localhost:8003/v1/chat/completions "HTTP/1.1 200 OK"

2026-08-18 02:10:34,636 - INFO - HTTP Request: POST http://localhost:8003/v1/chat/completions "HTTP/1.1 200 OK"
2026-08-18 02:10:40,458 - INFO - HTTP Request: POST http://localhost:8003/v1/chat/completions "HTTP/1.1 200 OK"
2026-08-18 02:10:42,791 - INFO - HTTP Request: POST http://localhost:8003/v1/chat/completions "HTTP/1.1 200 OK"

2026-08-18 02:10:46,719 - INFO - HTTP Request: POST http://localhost:8003/v1/chat/completions "HTTP/1.1 200 OK"

2026-08-18 02:10:54,328 - INFO - HTTP Request: POST http://localhost:8003/v1/chat/completions "HTTP/1.1 200 OK"

2026-08-18 02:10:54,545 - INFO - HTTP Request: POST http://localhost:8003/v1/chat/completions "HTTP/1.1 200 OK"
2026-08-18 02:11:03,024 - INFO - HTTP Request: POST http://localhost:8003/v1/chat/completions "HTTP/1.1 200 OK"
2026-08-18 02:11:06,659 - INFO - HTTP Request: POST http://localhost:8003/v1/chat/completions "HTTP/1.1 200 OK"

2026-08-18 02:11:16,224 - INFO - HTTP Request: POST http://localhost:8003/v1/chat/completions "HTTP/1.1 200 OK"
2026-08-18 02:11:16,228 - INFO - HTTP Request: POST http://localhost:8003/v1/chat/completions "HTTP/1.1 200 OK"

2026-08-18 02:11:24,204 - INFO - HTTP Request: POST http://localhost:8003/v1/chat/completions "HTTP/1.1 200 OK"
2026-08-18 02:11:30,229 - INFO - HTTP Request: POST http://localhost:8003/v1/chat/completions "HTTP/1.1 200 OK"

2026-08-18 02:11:36,105 - INFO - HTTP Request: POST http://localhost:8003/v1/chat/completions "HTTP/1.1 200 OK"
2026-08-18 02:11:39,469 - INFO - HTTP Request: POST http://localhost:8003/v1/chat/completions "HTTP/1.1 200 OK"

2026-08-18 02:11:45,997 - INFO - HTTP Request: POST http://localhost:8003/v1/chat/completions "HTTP/1.1 200 OK"
2026-08-18 02:11:49,797 - INFO - HTTP Request: POST http://localhost:8003/v1/chat/completions "HTTP/1.1 200 OK"

2026-08-18 02:11:50,886 - INFO - HTTP Request: POST http://localhost:8003/v1/chat/completions "HTTP/1.1 200 OK"
2026-08-18 02:11:59,313 - INFO - HTTP Request: POST http://localhost:8003/v1/chat/completions "HTTP/1.1 200 OK"

2026-08-18 02:12:00,186 - INFO - HTTP Request: POST http://localhost:8003/v1/chat/completions "HTTP/1.1 200 OK"
2026-08-18 02:12:06,001 - INFO - HTTP Request: POST http://localhost:8003/v1/chat/completions "HTTP/1.1 200 OK"

2026-08-18 02:12:10,571 - INFO - HTTP Request: POST http://localhost:8003/v1/chat/completions "HTTP/1.1 200 OK"
2026-08-18 02:12:15,080 - INFO - HTTP Request: POST http://localhost:8003/v1/chat/completions "HTTP/1.1 200 OK"

2026-08-18 02:12:20,086 - INFO - HTTP Request: POST http://localhost:8003/v1/chat/completions "HTTP/1.1 200 OK"
2026-08-18 02:12:28,947 - INFO - HTTP Request: POST http://localhost:8003/v1/chat/completions "HTTP/1.1 200 OK"

2026-08-18 02:12:35,908 - INFO - HTTP Request: POST http://localhost:8003/v1/chat/completions "HTTP/1.1 200 OK"
2026-08-18 02:12:36,642 - INFO - HTTP Request: POST http://localhost:8003/v1/chat/completions "HTTP/1.1 200 OK"

2026-08-18 02:12:44,984 - INFO - HTTP Request: POST http://localhost:8003/v1/chat/completions "HTTP/1.1 200 OK"
2026-08-18 02:12:55,806 - INFO - HTTP Request: POST http://localhost:8003/v1/chat/completions "HTTP/1.1 200 OK"

2026-08-18 02:12:58,861 - INFO - HTTP Request: POST http://localhost:8003/v1/chat/completions "HTTP/1.1 200 OK"
2026-08-18 02:13:00,102 - INFO - HTTP Request: POST http://localhost:8003/v1/chat/completions "HTTP/1.1 200 OK"

2026-08-18 02:13:06,638 - INFO - HTTP Request: POST http://localhost:8003/v1/chat/completions "HTTP/1.1 200 OK"
2026-08-18 02:13:14,626 - INFO - HTTP Request: POST http://localhost:8003/v1/chat/completions "HTTP/1.1 200 OK"

2026-08-18 02:13:24,204 - INFO - HTTP Request: POST http://localhost:8003/v1/chat/completions "HTTP/1.1 200 OK"

2026-08-18 02:13:27,903 - INFO - HTTP Request: POST http://localhost:8003/v1/chat/completions "HTTP/1.1 200 OK"
2026-08-18 02:13:34,076 - INFO - HTTP Request: POST http://localhost:8003/v1/chat/completions "HTTP/1.1 200 OK"
2026-08-18 02:13:43,162 - INFO - HTTP Request: POST http://localhost:8003/v1/chat/completions "HTTP/1.1 200 OK"

r4_cfg3:  10%|█         | 5/50 [11:39<1:55:22, 153.83s/it]2026-08-18 02:13:46,210 - INFO - HTTP Request: POST http://localhost:8003/v1/chat/completions "HTTP/1.1 200 OK"

r4_cfg3:  12%|█▏        | 6/50 [11:42<1:15:12, 102.56s/it]2026-08-18 02:13:48,600 - INFO - HTTP Request: POST http://localhost:8003/v1/chat/completions "HTTP/1.1 200 OK"
2026-08-18 02:13:58,537 - INFO - HTTP Request: POST http://localhost:8003/v1/chat/completions "HTTP/1.1 200 OK"
2026-08-18 02:13:59,564 - INFO - HTTP Request: POST http://localhost:8003/v1/chat/completions "HTTP/1.1 200 OK"

r4_cfg3:  14%|█▍        | 7/50 [11:56<52:36, 73.40s/it]   2026-08-18 02:14:05,867 - INFO - HTTP Request: POST http://localhost:8003/v1/chat/completions "HTTP/1.1 200 OK"
2026-08-18 02:14:09,233 - INFO - HTTP Request: POST http://localhost:8003/v1/chat/completions "HTTP/1.1 200 OK"
2026-08-18 02:14:12,385 - INFO - HTTP Request: POST http://localhost:8003/v1/chat/completions "HTTP/1.1 200 OK"

r4_cfg3:  16%|█▌        | 8/50 [12:08<37:52, 54.11s/it]2026-08-18 02:14:18,699 - INFO - HTTP Request: POST http://localhost:8003/v1/chat/completions "HTTP/1.1 200 OK"

2026-08-18 02:14:21,091 - INFO - HTTP Request: POST http://localhost:8003/v1/chat/completions "HTTP/1.1 200 OK"

2026-08-18 02:14:22,178 - INFO - HTTP Request: POST http://localhost:8003/v1/chat/completions "HTTP/1.1 200 OK"
2026-08-18 02:14:34,667 - INFO - HTTP Request: POST http://localhost:8003/v1/chat/completions "HTTP/1.1 200 OK"
2026-08-18 02:14:36,994 - INFO - HTTP Request: POST http://localhost:8003/v1/chat/completions "HTTP/1.1 200 OK"

2026-08-18 02:14:45,475 - INFO - HTTP Request: POST http://localhost:8003/v1/chat/completions "HTTP/1.1 200 OK"
2026-08-18 02:14:48,238 - INFO - HTTP Request: POST http://localhost:8003/v1/chat/completions "HTTP/1.1 200 OK"
2026-08-18 02:14:48,958 - INFO - HTTP Request: POST http://localhost:8003/v1/chat/completions "HTTP/1.1 200 OK"

2026-08-18 02:14:58,136 - INFO - HTTP Request: POST http://localhost:8003/v1/chat/completions "HTTP/1.1 200 OK"

2026-08-18 02:15:01,182 - INFO - HTTP Request: POST http://localhost:8003/v1/chat/completions "HTTP/1.1 200 OK"

2026-08-18 02:15:03,572 - INFO - HTTP Request: POST http://localhost:8003/v1/chat/completions "HTTP/1.1 200 OK"
2026-08-18 02:15:15,413 - INFO - HTTP Request: POST http://localhost:8003/v1/chat/completions "HTTP/1.1 200 OK"
2026-08-18 02:15:16,873 - INFO - HTTP Request: POST http://localhost:8003/v1/chat/completions "HTTP/1.1 200 OK"

2026-08-18 02:15:23,178 - INFO - HTTP Request: POST http://localhost:8003/v1/chat/completions "HTTP/1.1 200 OK"
2026-08-18 02:15:26,544 - INFO - HTTP Request: POST http://localhost:8003/v1/chat/completions "HTTP/1.1 200 OK"
2026-08-18 02:15:27,282 - INFO - HTTP Request: POST http://localhost:8003/v1/chat/completions "HTTP/1.1 200 OK"

2026-08-18 02:15:33,396 - INFO - HTTP Request: POST http://localhost:8003/v1/chat/completions "HTTP/1.1 200 OK"

2026-08-18 02:15:40,578 - INFO - HTTP Request: POST http://localhost:8003/v1/chat/completions "HTTP/1.1 200 OK"

2026-08-18 02:15:41,889 - INFO - HTTP Request: POST http://localhost:8003/v1/chat/completions "HTTP/1.1 200 OK"
2026-08-18 02:15:51,989 - INFO - HTTP Request: POST http://localhost:8003/v1/chat/completions "HTTP/1.1 200 OK"
2026-08-18 02:15:57,148 - INFO - HTTP Request: POST http://localhost:8003/v1/chat/completions "HTTP/1.1 200 OK"

2026-08-18 02:15:57,583 - INFO - HTTP Request: POST http://localhost:8003/v1/chat/completions "HTTP/1.1 200 OK"
2026-08-18 02:16:05,091 - INFO - HTTP Request: POST http://localhost:8003/v1/chat/completions "HTTP/1.1 200 OK"
2026-08-18 02:16:06,277 - INFO - HTTP Request: POST http://localhost:8003/v1/chat/completions "HTTP/1.1 200 OK"

2026-08-18 02:16:11,074 - INFO - HTTP Request: POST http://localhost:8003/v1/chat/completions "HTTP/1.1 200 OK"

2026-08-18 02:16:17,603 - INFO - HTTP Request: POST http://localhost:8003/v1/chat/completions "HTTP/1.1 200 OK"

2026-08-18 02:16:21,950 - INFO - HTTP Request: POST http://localhost:8003/v1/chat/completions "HTTP/1.1 200 OK"
2026-08-18 02:16:30,528 - INFO - HTTP Request: POST http://localhost:8003/v1/chat/completions "HTTP/1.1 200 OK"
2026-08-18 02:16:31,550 - INFO - HTTP Request: POST http://localhost:8003/v1/chat/completions "HTTP/1.1 200 OK"
2026-08-18 02:16:35,353 - INFO - HTTP Request: POST http://localhost:8003/v1/chat/completions "HTTP/1.1 200 OK"

2026-08-18 02:16:37,975 - INFO - HTTP Request: POST http://localhost:8003/v1/chat/completions "HTTP/1.1 200 OK"
2026-08-18 02:16:42,218 - INFO - HTTP Request: POST http://localhost:8003/v1/chat/completions "HTTP/1.1 200 OK"

2026-08-18 02:16:43,746 - INFO - HTTP Request: POST http://localhost:8003/v1/chat/completions "HTTP/1.1 200 OK"

2026-08-18 02:16:51,146 - INFO - HTTP Request: POST http://localhost:8003/v1/chat/completions "HTTP/1.1 200 OK"

2026-08-18 02:16:55,054 - INFO - HTTP Request: POST http://localhost:8003/v1/chat/completions "HTTP/1.1 200 OK"
2026-08-18 02:17:03,414 - INFO - HTTP Request: POST http://localhost:8003/v1/chat/completions "HTTP/1.1 200 OK"
2026-08-18 02:17:10,100 - INFO - HTTP Request: POST http://localhost:8003/v1/chat/completions "HTTP/1.1 200 OK"

2026-08-18 02:17:11,625 - INFO - HTTP Request: POST http://localhost:8003/v1/chat/completions "HTTP/1.1 200 OK"
2026-08-18 02:17:17,169 - INFO - HTTP Request: POST http://localhost:8003/v1/chat/completions "HTTP/1.1 200 OK"

2026-08-18 02:17:20,867 - INFO - HTTP Request: POST http://localhost:8003/v1/chat/completions "HTTP/1.1 200 OK"
2026-08-18 02:17:25,532 - INFO - HTTP Request: POST http://localhost:8003/v1/chat/completions "HTTP/1.1 200 OK"

2026-08-18 02:17:34,884 - INFO - HTTP Request: POST http://localhost:8003/v1/chat/completions "HTTP/1.1 200 OK"

2026-08-18 02:17:39,446 - INFO - HTTP Request: POST http://localhost:8003/v1/chat/completions "HTTP/1.1 200 OK"
2026-08-18 02:17:45,848 - INFO - HTTP Request: POST http://localhost:8003/v1/chat/completions "HTTP/1.1 200 OK"
2026-08-18 02:17:46,823 - INFO - HTTP Request: POST http://localhost:8003/v1/chat/completions "HTTP/1.1 200 OK"
2026-08-18 02:17:52,204 - INFO - HTTP Request: POST http://localhost:8003/v1/chat/completions "HTTP/1.1 200 OK"

2026-08-18 02:17:55,910 - INFO - HTTP Request: POST http://localhost:8003/v1/chat/completions "HTTP/1.1 200 OK"
2026-08-18 02:18:02,550 - INFO - HTTP Request: POST http://localhost:8003/v1/chat/completions "HTTP/1.1 200 OK"

2026-08-18 02:18:03,860 - INFO - HTTP Request: POST http://localhost:8003/v1/chat/completions "HTTP/1.1 200 OK"

2026-08-18 02:18:10,170 - INFO - HTTP Request: POST http://localhost:8003/v1/chat/completions "HTTP/1.1 200 OK"

2026-08-18 02:18:12,559 - INFO - HTTP Request: POST http://localhost:8003/v1/chat/completions "HTTP/1.1 200 OK"
2026-08-18 02:18:22,881 - INFO - HTTP Request: POST http://localhost:8003/v1/chat/completions "HTTP/1.1 200 OK"
2026-08-18 02:18:26,739 - INFO - HTTP Request: POST http://localhost:8003/v1/chat/completions "HTTP/1.1 200 OK"

2026-08-18 02:18:33,703 - INFO - HTTP Request: POST http://localhost:8003/v1/chat/completions "HTTP/1.1 200 OK"
2026-08-18 02:18:34,894 - INFO - HTTP Request: POST http://localhost:8003/v1/chat/completions "HTTP/1.1 200 OK"

2026-08-18 02:18:40,335 - INFO - HTTP Request: POST http://localhost:8003/v1/chat/completions "HTTP/1.1 200 OK"
2026-08-18 02:18:51,110 - INFO - HTTP Request: POST http://localhost:8003/v1/chat/completions "HTTP/1.1 200 OK"

2026-08-18 02:18:53,296 - INFO - HTTP Request: POST http://localhost:8003/v1/chat/completions "HTTP/1.1 200 OK"

2026-08-18 02:18:56,563 - INFO - HTTP Request: POST http://localhost:8003/v1/chat/completions "HTTP/1.1 200 OK"
2026-08-18 02:19:04,712 - INFO - HTTP Request: POST http://localhost:8003/v1/chat/completions "HTTP/1.1 200 OK"
2026-08-18 02:19:12,707 - INFO - HTTP Request: POST http://localhost:8003/v1/chat/completions "HTTP/1.1 200 OK"

2026-08-18 02:19:16,197 - INFO - HTTP Request: POST http://localhost:8003/v1/chat/completions "HTTP/1.1 200 OK"

2026-08-18 02:19:24,455 - INFO - HTTP Request: POST http://localhost:8003/v1/chat/completions "HTTP/1.1 200 OK"
2026-08-18 02:19:26,948 - INFO - HTTP Request: POST http://localhost:8003/v1/chat/completions "HTTP/1.1 200 OK"
2026-08-18 02:19:41,194 - INFO - HTTP Request: POST http://localhost:8003/v1/chat/completions "HTTP/1.1 200 OK"

r4_cfg3:  18%|█▊        | 9/50 [17:37<1:35:39, 139.99s/it]2026-08-18 02:19:45,982 - INFO - HTTP Request: POST http://localhost:8003/v1/chat/completions "HTTP/1.1 200 OK"
2026-08-18 02:19:50,220 - INFO - HTTP Request: POST http://localhost:8003/v1/chat/completions "HTTP/1.1 200 OK"

2026-08-18 02:19:50,220 - INFO - HTTP Request: POST http://localhost:8003/v1/chat/completions "HTTP/1.1 200 OK"
r4_cfg3:  20%|██        | 10/50 [17:46<1:06:22, 99.56s/it]2026-08-18 02:19:59,090 - INFO - HTTP Request: POST http://localhost:8003/v1/chat/completions "HTTP/1.1 200 OK"

r4_cfg3:  22%|██▏       | 11/50 [17:55<46:40, 71.80s/it]  2026-08-18 02:20:03,441 - INFO - HTTP Request: POST http://localhost:8003/v1/chat/completions "HTTP/1.1 200 OK"
2026-08-18 02:20:04,238 - INFO - HTTP Request: POST http://localhost:8003/v1/chat/completions "HTTP/1.1 200 OK"

r4_cfg3:  24%|██▍       | 12/50 [18:00<32:37, 51.53s/it]2026-08-18 02:20:12,488 - INFO - HTTP Request: POST http://localhost:8003/v1/chat/completions "HTTP/1.1 200 OK"
2026-08-18 02:20:15,468 - INFO - HTTP Request: POST http://localhost:8003/v1/chat/completions "HTTP/1.1 200 OK"

2026-08-18 02:20:21,559 - INFO - HTTP Request: POST http://localhost:8003/v1/chat/completions "HTTP/1.1 200 OK"
2026-08-18 02:20:26,490 - INFO - HTTP Request: POST http://localhost:8003/v1/chat/completions "HTTP/1.1 200 OK"

2026-08-18 02:20:26,707 - INFO - HTTP Request: POST http://localhost:8003/v1/chat/completions "HTTP/1.1 200 OK"
2026-08-18 02:20:30,726 - INFO - HTTP Request: POST http://localhost:8003/v1/chat/completions "HTTP/1.1 200 OK"

2026-08-18 02:20:35,293 - INFO - HTTP Request: POST http://localhost:8003/v1/chat/completions "HTTP/1.1 200 OK"

2026-08-18 02:20:42,022 - INFO - HTTP Request: POST http://localhost:8003/v1/chat/completions "HTTP/1.1 200 OK"
2026-08-18 02:20:53,032 - INFO - HTTP Request: POST http://localhost:8003/v1/chat/completions "HTTP/1.1 200 OK"
2026-08-18 02:20:56,887 - INFO - HTTP Request: POST http://localhost:8003/v1/chat/completions "HTTP/1.1 200 OK"

2026-08-18 02:20:57,322 - INFO - HTTP Request: POST http://localhost:8003/v1/chat/completions "HTTP/1.1 200 OK"
2026-08-18 02:21:02,043 - INFO - HTTP Request: POST http://localhost:8003/v1/chat/completions "HTTP/1.1 200 OK"
2026-08-18 02:21:07,205 - INFO - HTTP Request: POST http://localhost:8003/v1/chat/completions "HTTP/1.1 200 OK"

2026-08-18 02:21:08,731 - INFO - HTTP Request: POST http://localhost:8003/v1/chat/completions "HTTP/1.1 200 OK"

2026-08-18 02:21:14,383 - INFO - HTTP Request: POST http://localhost:8003/v1/chat/completions "HTTP/1.1 200 OK"

2026-08-18 02:21:21,762 - INFO - HTTP Request: POST http://localhost:8003/v1/chat/completions "HTTP/1.1 200 OK"
2026-08-18 02:21:30,817 - INFO - HTTP Request: POST http://localhost:8003/v1/chat/completions "HTTP/1.1 200 OK"

2026-08-18 02:21:31,693 - INFO - HTTP Request: POST http://localhost:8003/v1/chat/completions "HTTP/1.1 200 OK"
2026-08-18 02:21:33,584 - INFO - HTTP Request: POST http://localhost:8003/v1/chat/completions "HTTP/1.1 200 OK"
2026-08-18 02:21:39,388 - INFO - HTTP Request: POST http://localhost:8003/v1/chat/completions "HTTP/1.1 200 OK"
2026-08-18 02:21:46,727 - INFO - HTTP Request: POST http://localhost:8003/v1/chat/completions "HTTP/1.1 200 OK"

2026-08-18 02:21:48,260 - INFO - HTTP Request: POST http://localhost:8003/v1/chat/completions "HTTP/1.1 200 OK"

2026-08-18 02:21:50,442 - INFO - HTTP Request: POST http://localhost:8003/v1/chat/completions "HTTP/1.1 200 OK"

2026-08-18 02:21:55,875 - INFO - HTTP Request: POST http://localhost:8003/v1/chat/completions "HTTP/1.1 200 OK"
2026-08-18 02:22:08,403 - INFO - HTTP Request: POST http://localhost:8003/v1/chat/completions "HTTP/1.1 200 OK"

2026-08-18 02:22:11,017 - INFO - HTTP Request: POST http://localhost:8003/v1/chat/completions "HTTP/1.1 200 OK"
2026-08-18 02:22:12,976 - INFO - HTTP Request: POST http://localhost:8003/v1/chat/completions "HTTP/1.1 200 OK"
2026-08-18 02:22:14,641 - INFO - HTTP Request: POST http://localhost:8003/v1/chat/completions "HTTP/1.1 200 OK"
2026-08-18 02:22:24,322 - INFO - HTTP Request: POST http://localhost:8003/v1/chat/completions "HTTP/1.1 200 OK"

2026-08-18 02:22:25,202 - INFO - HTTP Request: POST http://localhost:8003/v1/chat/completions "HTTP/1.1 200 OK"

2026-08-18 02:22:27,167 - INFO - HTTP Request: POST http://localhost:8003/v1/chat/completions "HTTP/1.1 200 OK"

2026-08-18 02:22:29,126 - INFO - HTTP Request: POST http://localhost:8003/v1/chat/completions "HTTP/1.1 200 OK"
2026-08-18 02:22:42,302 - INFO - HTTP Request: POST http://localhost:8003/v1/chat/completions "HTTP/1.1 200 OK"

2026-08-18 02:22:43,822 - INFO - HTTP Request: POST http://localhost:8003/v1/chat/completions "HTTP/1.1 200 OK"
2026-08-18 02:22:45,063 - INFO - HTTP Request: POST http://localhost:8003/v1/chat/completions "HTTP/1.1 200 OK"
2026-08-18 02:22:47,169 - INFO - HTTP Request: POST http://localhost:8003/v1/chat/completions "HTTP/1.1 200 OK"
2026-08-18 02:22:56,474 - INFO - HTTP Request: POST http://localhost:8003/v1/chat/completions "HTTP/1.1 200 OK"

2026-08-18 02:22:57,348 - INFO - HTTP Request: POST http://localhost:8003/v1/chat/completions "HTTP/1.1 200 OK"

2026-08-18 02:22:58,439 - INFO - HTTP Request: POST http://localhost:8003/v1/chat/completions "HTTP/1.1 200 OK"

2026-08-18 02:23:11,898 - INFO - HTTP Request: POST http://localhost:8003/v1/chat/completions "HTTP/1.1 200 OK"
2026-08-18 02:23:23,773 - INFO - HTTP Request: POST http://localhost:8003/v1/chat/completions "HTTP/1.1 200 OK"

2026-08-18 02:23:25,295 - INFO - HTTP Request: POST http://localhost:8003/v1/chat/completions "HTTP/1.1 200 OK"
2026-08-18 02:23:26,307 - INFO - HTTP Request: POST http://localhost:8003/v1/chat/completions "HTTP/1.1 200 OK"
2026-08-18 02:23:27,768 - INFO - HTTP Request: POST http://localhost:8003/v1/chat/completions "HTTP/1.1 200 OK"
2026-08-18 02:23:38,761 - INFO - HTTP Request: POST http://localhost:8003/v1/chat/completions "HTTP/1.1 200 OK"

2026-08-18 02:23:39,852 - INFO - HTTP Request: POST http://localhost:8003/v1/chat/completions "HTTP/1.1 200 OK"

2026-08-18 02:23:41,160 - INFO - HTTP Request: POST http://localhost:8003/v1/chat/completions "HTTP/1.1 200 OK"

2026-08-18 02:23:44,634 - INFO - HTTP Request: POST http://localhost:8003/v1/chat/completions "HTTP/1.1 200 OK"
2026-08-18 02:23:58,464 - INFO - HTTP Request: POST http://localhost:8003/v1/chat/completions "HTTP/1.1 200 OK"

2026-08-18 02:23:58,897 - INFO - HTTP Request: POST http://localhost:8003/v1/chat/completions "HTTP/1.1 200 OK"
2026-08-18 02:24:00,358 - INFO - HTTP Request: POST http://localhost:8003/v1/chat/completions "HTTP/1.1 200 OK"
2026-08-18 02:24:01,880 - INFO - HTTP Request: POST http://localhost:8003/v1/chat/completions "HTTP/1.1 200 OK"
2026-08-18 02:24:13,577 - INFO - HTTP Request: POST http://localhost:8003/v1/chat/completions "HTTP/1.1 200 OK"

2026-08-18 02:24:14,669 - INFO - HTTP Request: POST http://localhost:8003/v1/chat/completions "HTTP/1.1 200 OK"

2026-08-18 02:24:17,500 - INFO - HTTP Request: POST http://localhost:8003/v1/chat/completions "HTTP/1.1 200 OK"

2026-08-18 02:24:28,575 - INFO - HTTP Request: POST http://localhost:8003/v1/chat/completions "HTTP/1.1 200 OK"
2026-08-18 02:24:42,416 - INFO - HTTP Request: POST http://localhost:8003/v1/chat/completions "HTTP/1.1 200 OK"

2026-08-18 02:24:42,851 - INFO - HTTP Request: POST http://localhost:8003/v1/chat/completions "HTTP/1.1 200 OK"
2026-08-18 02:24:44,268 - INFO - HTTP Request: POST http://localhost:8003/v1/chat/completions "HTTP/1.1 200 OK"
2026-08-18 02:24:47,248 - INFO - HTTP Request: POST http://localhost:8003/v1/chat/completions "HTTP/1.1 200 OK"
2026-08-18 02:24:54,813 - INFO - HTTP Request: POST http://localhost:8003/v1/chat/completions "HTTP/1.1 200 OK"

2026-08-18 02:24:57,435 - INFO - HTTP Request: POST http://localhost:8003/v1/chat/completions "HTTP/1.1 200 OK"

2026-08-18 02:25:04,402 - INFO - HTTP Request: POST http://localhost:8003/v1/chat/completions "HTTP/1.1 200 OK"

2026-08-18 02:25:15,915 - INFO - HTTP Request: POST http://localhost:8003/v1/chat/completions "HTTP/1.1 200 OK"
2026-08-18 02:25:27,584 - INFO - HTTP Request: POST http://localhost:8003/v1/chat/completions "HTTP/1.1 200 OK"
2026-08-18 02:25:28,993 - INFO - HTTP Request: POST http://localhost:8003/v1/chat/completions "HTTP/1.1 200 OK"
2026-08-18 02:25:31,271 - INFO - HTTP Request: POST http://localhost:8003/v1/chat/completions "HTTP/1.1 200 OK"

r4_cfg3:  26%|██▌       | 13/50 [23:27<1:23:14, 134.99s/it]2026-08-18 02:25:38,241 - INFO - HTTP Request: POST http://localhost:8003/v1/chat/completions "HTTP/1.1 200 OK"
2026-08-18 02:25:41,013 - INFO - HTTP Request: POST http://localhost:8003/v1/chat/completions "HTTP/1.1 200 OK"

r4_cfg3:  28%|██▊       | 14/50 [23:37<58:17, 97.16s/it]   2026-08-18 02:25:43,411 - INFO - HTTP Request: POST http://localhost:8003/v1/chat/completions "HTTP/1.1 200 OK"

r4_cfg3:  30%|███       | 15/50 [23:39<40:00, 68.59s/it]2026-08-18 02:25:51,020 - INFO - HTTP Request: POST http://localhost:8003/v1/chat/completions "HTTP/1.1 200 OK"

r4_cfg3:  32%|███▏      | 16/50 [23:47<28:28, 50.24s/it]2026-08-18 02:25:53,408 - INFO - HTTP Request: POST http://localhost:8003/v1/chat/completions "HTTP/1.1 200 OK"
2026-08-18 02:26:02,817 - INFO - HTTP Request: POST http://localhost:8003/v1/chat/completions "HTTP/1.1 200 OK"
2026-08-18 02:26:03,035 - INFO - HTTP Request: POST http://localhost:8003/v1/chat/completions "HTTP/1.1 200 OK"

2026-08-18 02:26:05,364 - INFO - HTTP Request: POST http://localhost:8003/v1/chat/completions "HTTP/1.1 200 OK"
2026-08-18 02:26:13,643 - INFO - HTTP Request: POST http://localhost:8003/v1/chat/completions "HTTP/1.1 200 OK"
2026-08-18 02:26:15,264 - INFO - HTTP Request: POST http://localhost:8003/v1/chat/completions "HTTP/1.1 200 OK"

2026-08-18 02:26:19,400 - INFO - HTTP Request: POST http://localhost:8003/v1/chat/completions "HTTP/1.1 200 OK"

2026-08-18 02:26:24,181 - INFO - HTTP Request: POST http://localhost:8003/v1/chat/completions "HTTP/1.1 200 OK"

2026-08-18 02:26:30,042 - INFO - HTTP Request: POST http://localhost:8003/v1/chat/completions "HTTP/1.1 200 OK"
2026-08-18 02:26:39,241 - INFO - HTTP Request: POST http://localhost:8003/v1/chat/completions "HTTP/1.1 200 OK"

2026-08-18 02:26:41,413 - INFO - HTTP Request: POST http://localhost:8003/v1/chat/completions "HTTP/1.1 200 OK"
2026-08-18 02:26:45,914 - INFO - HTTP Request: POST http://localhost:8003/v1/chat/completions "HTTP/1.1 200 OK"
2026-08-18 02:26:50,930 - INFO - HTTP Request: POST http://localhost:8003/v1/chat/completions "HTTP/1.1 200 OK"
2026-08-18 02:26:54,515 - INFO - HTTP Request: POST http://localhost:8003/v1/chat/completions "HTTP/1.1 200 OK"

2026-08-18 02:26:59,305 - INFO - HTTP Request: POST http://localhost:8003/v1/chat/completions "HTTP/1.1 200 OK"

2026-08-18 02:27:04,525 - INFO - HTTP Request: POST http://localhost:8003/v1/chat/completions "HTTP/1.1 200 OK"
2026-08-18 02:27:04,743 - INFO - HTTP Request: POST http://localhost:8003/v1/chat/completions "HTTP/1.1 200 OK"

2026-08-18 02:27:15,240 - INFO - HTTP Request: POST http://localhost:8003/v1/chat/completions "HTTP/1.1 200 OK"

2026-08-18 02:27:18,938 - INFO - HTTP Request: POST http://localhost:8003/v1/chat/completions "HTTP/1.1 200 OK"
2026-08-18 02:27:24,092 - INFO - HTTP Request: POST http://localhost:8003/v1/chat/completions "HTTP/1.1 200 OK"
2026-08-18 02:27:29,759 - INFO - HTTP Request: POST http://localhost:8003/v1/chat/completions "HTTP/1.1 200 OK"
2026-08-18 02:27:31,382 - INFO - HTTP Request: POST http://localhost:8003/v1/chat/completions "HTTP/1.1 200 OK"

2026-08-18 02:27:34,655 - INFO - HTTP Request: POST http://localhost:8003/v1/chat/completions "HTTP/1.1 200 OK"

2026-08-18 02:27:40,097 - INFO - HTTP Request: POST http://localhost:8003/v1/chat/completions "HTTP/1.1 200 OK"
2026-08-18 02:27:46,693 - INFO - HTTP Request: POST http://localhost:8003/v1/chat/completions "HTTP/1.1 200 OK"

2026-08-18 02:27:52,131 - INFO - HTTP Request: POST http://localhost:8003/v1/chat/completions "HTTP/1.1 200 OK"

2026-08-18 02:27:54,961 - INFO - HTTP Request: POST http://localhost:8003/v1/chat/completions "HTTP/1.1 200 OK"
2026-08-18 02:27:58,539 - INFO - HTTP Request: POST http://localhost:8003/v1/chat/completions "HTTP/1.1 200 OK"
2026-08-18 02:28:07,687 - INFO - HTTP Request: POST http://localhost:8003/v1/chat/completions "HTTP/1.1 200 OK"

2026-08-18 02:28:10,741 - INFO - HTTP Request: POST http://localhost:8003/v1/chat/completions "HTTP/1.1 200 OK"
2026-08-18 02:28:11,919 - INFO - HTTP Request: POST http://localhost:8003/v1/chat/completions "HTTP/1.1 200 OK"

2026-08-18 02:28:12,353 - INFO - HTTP Request: POST http://localhost:8003/v1/chat/completions "HTTP/1.1 200 OK"
2026-08-18 02:28:22,874 - INFO - HTTP Request: POST http://localhost:8003/v1/chat/completions "HTTP/1.1 200 OK"

2026-08-18 02:28:23,530 - INFO - HTTP Request: POST http://localhost:8003/v1/chat/completions "HTTP/1.1 200 OK"

2026-08-18 02:28:27,444 - INFO - HTTP Request: POST http://localhost:8003/v1/chat/completions "HTTP/1.1 200 OK"
2026-08-18 02:28:31,729 - INFO - HTTP Request: POST http://localhost:8003/v1/chat/completions "HTTP/1.1 200 OK"
2026-08-18 02:28:37,399 - INFO - HTTP Request: POST http://localhost:8003/v1/chat/completions "HTTP/1.1 200 OK"

2026-08-18 02:28:40,877 - INFO - HTTP Request: POST http://localhost:8003/v1/chat/completions "HTTP/1.1 200 OK"

2026-08-18 02:28:43,483 - INFO - HTTP Request: POST http://localhost:8003/v1/chat/completions "HTTP/1.1 200 OK"
2026-08-18 02:28:52,494 - INFO - HTTP Request: POST http://localhost:8003/v1/chat/completions "HTTP/1.1 200 OK"
2026-08-18 02:28:55,614 - INFO - HTTP Request: POST http://localhost:8003/v1/chat/completions "HTTP/1.1 200 OK"

2026-08-18 02:29:02,129 - INFO - HTTP Request: POST http://localhost:8003/v1/chat/completions "HTTP/1.1 200 OK"

2026-08-18 02:29:06,473 - INFO - HTTP Request: POST http://localhost:8003/v1/chat/completions "HTTP/1.1 200 OK"
2026-08-18 02:29:10,269 - INFO - HTTP Request: POST http://localhost:8003/v1/chat/completions "HTTP/1.1 200 OK"
2026-08-18 02:29:20,724 - INFO - HTTP Request: POST http://localhost:8003/v1/chat/completions "HTTP/1.1 200 OK"

2026-08-18 02:29:22,683 - INFO - HTTP Request: POST http://localhost:8003/v1/chat/completions "HTTP/1.1 200 OK"
2026-08-18 02:29:24,936 - INFO - HTTP Request: POST http://localhost:8003/v1/chat/completions "HTTP/1.1 200 OK"
2026-08-18 02:29:26,336 - INFO - HTTP Request: POST http://localhost:8003/v1/chat/completions "HTTP/1.1 200 OK"

2026-08-18 02:29:33,733 - INFO - HTTP Request: POST http://localhost:8003/v1/chat/completions "HTTP/1.1 200 OK"

2026-08-18 02:29:37,867 - INFO - HTTP Request: POST http://localhost:8003/v1/chat/completions "HTTP/1.1 200 OK"

2026-08-18 02:29:41,125 - INFO - HTTP Request: POST http://localhost:8003/v1/chat/completions "HTTP/1.1 200 OK"
2026-08-18 02:29:46,716 - INFO - HTTP Request: POST http://localhost:8003/v1/chat/completions "HTTP/1.1 200 OK"
2026-08-18 02:29:56,308 - INFO - HTTP Request: POST http://localhost:8003/v1/chat/completions "HTTP/1.1 200 OK"

2026-08-18 02:29:58,050 - INFO - HTTP Request: POST http://localhost:8003/v1/chat/completions "HTTP/1.1 200 OK"

2026-08-18 02:29:58,484 - INFO - HTTP Request: POST http://localhost:8003/v1/chat/completions "HTTP/1.1 200 OK"
2026-08-18 02:30:03,803 - INFO - HTTP Request: POST http://localhost:8003/v1/chat/completions "HTTP/1.1 200 OK"
2026-08-18 02:30:13,236 - INFO - HTTP Request: POST http://localhost:8003/v1/chat/completions "HTTP/1.1 200 OK"

2026-08-18 02:30:14,551 - INFO - HTTP Request: POST http://localhost:8003/v1/chat/completions "HTTP/1.1 200 OK"

2026-08-18 02:30:25,849 - INFO - HTTP Request: POST http://localhost:8003/v1/chat/completions "HTTP/1.1 200 OK"
2026-08-18 02:30:27,960 - INFO - HTTP Request: POST http://localhost:8003/v1/chat/completions "HTTP/1.1 200 OK"
2026-08-18 02:30:39,727 - INFO - HTTP Request: POST http://localhost:8003/v1/chat/completions "HTTP/1.1 200 OK"

2026-08-18 02:30:41,912 - INFO - HTTP Request: POST http://localhost:8003/v1/chat/completions "HTTP/1.1 200 OK"

2026-08-18 02:30:44,311 - INFO - HTTP Request: POST http://localhost:8003/v1/chat/completions "HTTP/1.1 200 OK"
2026-08-18 02:30:46,582 - INFO - HTTP Request: POST http://localhost:8003/v1/chat/completions "HTTP/1.1 200 OK"
2026-08-18 02:30:54,862 - INFO - HTTP Request: POST http://localhost:8003/v1/chat/completions "HTTP/1.1 200 OK"

r4_cfg3:  34%|███▍      | 17/50 [28:51<1:09:34, 126.50s/it]2026-08-18 02:30:56,823 - INFO - HTTP Request: POST http://localhost:8003/v1/chat/completions "HTTP/1.1 200 OK"

2026-08-18 02:31:12,685 - INFO - HTTP Request: POST http://localhost:8003/v1/chat/completions "HTTP/1.1 200 OK"
2026-08-18 02:31:15,449 - INFO - HTTP Request: POST http://localhost:8003/v1/chat/completions "HTTP/1.1 200 OK"
2026-08-18 02:31:17,416 - INFO - HTTP Request: POST http://localhost:8003/v1/chat/completions "HTTP/1.1 200 OK"
2026-08-18 02:31:26,233 - INFO - HTTP Request: POST http://localhost:8003/v1/chat/completions "HTTP/1.1 200 OK"

r4_cfg3:  36%|███▌      | 18/50 [29:22<52:13, 97.91s/it]   2026-08-18 02:31:29,939 - INFO - HTTP Request: POST http://localhost:8003/v1/chat/completions "HTTP/1.1 200 OK"

r4_cfg3:  38%|███▊      | 19/50 [29:26<35:58, 69.62s/it]2026-08-18 02:31:30,808 - INFO - HTTP Request: POST http://localhost:8003/v1/chat/completions "HTTP/1.1 200 OK"
2026-08-18 02:31:32,866 - INFO - HTTP Request: POST http://localhost:8003/v1/chat/completions "HTTP/1.1 200 OK"

2026-08-18 02:31:48,301 - INFO - HTTP Request: POST http://localhost:8003/v1/chat/completions "HTTP/1.1 200 OK"
2026-08-18 02:31:49,924 - INFO - HTTP Request: POST http://localhost:8003/v1/chat/completions "HTTP/1.1 200 OK"

r4_cfg3:  40%|████      | 20/50 [29:46<27:21, 54.72s/it]2026-08-18 02:31:52,536 - INFO - HTTP Request: POST http://localhost:8003/v1/chat/completions "HTTP/1.1 200 OK"
2026-08-18 02:31:58,946 - INFO - HTTP Request: POST http://localhost:8003/v1/chat/completions "HTTP/1.1 200 OK"

2026-08-18 02:31:59,602 - INFO - HTTP Request: POST http://localhost:8003/v1/chat/completions "HTTP/1.1 200 OK"
2026-08-18 02:32:04,270 - INFO - HTTP Request: POST http://localhost:8003/v1/chat/completions "HTTP/1.1 200 OK"

2026-08-18 02:32:12,533 - INFO - HTTP Request: POST http://localhost:8003/v1/chat/completions "HTTP/1.1 200 OK"
2026-08-18 02:32:14,805 - INFO - HTTP Request: POST http://localhost:8003/v1/chat/completions "HTTP/1.1 200 OK"

2026-08-18 02:32:22,631 - INFO - HTTP Request: POST http://localhost:8003/v1/chat/completions "HTTP/1.1 200 OK"

2026-08-18 02:32:25,671 - INFO - HTTP Request: POST http://localhost:8003/v1/chat/completions "HTTP/1.1 200 OK"
2026-08-18 02:32:31,042 - INFO - HTTP Request: POST http://localhost:8003/v1/chat/completions "HTTP/1.1 200 OK"
2026-08-18 02:32:39,851 - INFO - HTTP Request: POST http://localhost:8003/v1/chat/completions "HTTP/1.1 200 OK"

2026-08-18 02:32:39,851 - INFO - HTTP Request: POST http://localhost:8003/v1/chat/completions "HTTP/1.1 200 OK"
2026-08-18 02:32:48,440 - INFO - HTTP Request: POST http://localhost:8003/v1/chat/completions "HTTP/1.1 200 OK"

2026-08-18 02:32:49,747 - INFO - HTTP Request: POST http://localhost:8003/v1/chat/completions "HTTP/1.1 200 OK"
2026-08-18 02:32:55,066 - INFO - HTTP Request: POST http://localhost:8003/v1/chat/completions "HTTP/1.1 200 OK"

2026-08-18 02:33:03,120 - INFO - HTTP Request: POST http://localhost:8003/v1/chat/completions "HTTP/1.1 200 OK"

2026-08-18 02:33:04,858 - INFO - HTTP Request: POST http://localhost:8003/v1/chat/completions "HTTP/1.1 200 OK"
2026-08-18 02:33:13,439 - INFO - HTTP Request: POST http://localhost:8003/v1/chat/completions "HTTP/1.1 200 OK"
2026-08-18 02:33:17,674 - INFO - HTTP Request: POST http://localhost:8003/v1/chat/completions "HTTP/1.1 200 OK"

2026-08-18 02:33:19,857 - INFO - HTTP Request: POST http://localhost:8003/v1/chat/completions "HTTP/1.1 200 OK"
2026-08-18 02:33:28,007 - INFO - HTTP Request: POST http://localhost:8003/v1/chat/completions "HTTP/1.1 200 OK"

2026-08-18 02:33:28,442 - INFO - HTTP Request: POST http://localhost:8003/v1/chat/completions "HTTP/1.1 200 OK"
2026-08-18 02:33:32,682 - INFO - HTTP Request: POST http://localhost:8003/v1/chat/completions "HTTP/1.1 200 OK"

2026-08-18 02:33:41,819 - INFO - HTTP Request: POST http://localhost:8003/v1/chat/completions "HTTP/1.1 200 OK"
2026-08-18 02:33:42,037 - INFO - HTTP Request: POST http://localhost:8003/v1/chat/completions "HTTP/1.1 200 OK"

2026-08-18 02:33:52,358 - INFO - HTTP Request: POST http://localhost:8003/v1/chat/completions "HTTP/1.1 200 OK"
2026-08-18 02:33:53,078 - INFO - HTTP Request: POST http://localhost:8003/v1/chat/completions "HTTP/1.1 200 OK"
2026-08-18 02:33:54,728 - INFO - HTTP Request: POST http://localhost:8003/v1/chat/completions "HTTP/1.1 200 OK"

2026-08-18 02:34:06,710 - INFO - HTTP Request: POST http://localhost:8003/v1/chat/completions "HTTP/1.1 200 OK"

2026-08-18 02:34:07,146 - INFO - HTTP Request: POST http://localhost:8003/v1/chat/completions "HTTP/1.1 200 OK"
2026-08-18 02:34:07,154 - INFO - HTTP Request: POST http://localhost:8003/v1/chat/completions "HTTP/1.1 200 OK"

2026-08-18 02:34:14,483 - INFO - HTTP Request: POST http://localhost:8003/v1/chat/completions "HTTP/1.1 200 OK"
2026-08-18 02:34:20,079 - INFO - HTTP Request: POST http://localhost:8003/v1/chat/completions "HTTP/1.1 200 OK"

2026-08-18 02:34:27,045 - INFO - HTTP Request: POST http://localhost:8003/v1/chat/completions "HTTP/1.1 200 OK"

2026-08-18 02:34:27,263 - INFO - HTTP Request: POST http://localhost:8003/v1/chat/completions "HTTP/1.1 200 OK"
2026-08-18 02:34:36,928 - INFO - HTTP Request: POST http://localhost:8003/v1/chat/completions "HTTP/1.1 200 OK"
2026-08-18 02:34:39,197 - INFO - HTTP Request: POST http://localhost:8003/v1/chat/completions "HTTP/1.1 200 OK"

2026-08-18 02:34:40,070 - INFO - HTTP Request: POST http://localhost:8003/v1/chat/completions "HTTP/1.1 200 OK"
2026-08-18 02:34:48,653 - INFO - HTTP Request: POST http://localhost:8003/v1/chat/completions "HTTP/1.1 200 OK"

2026-08-18 02:34:50,829 - INFO - HTTP Request: POST http://localhost:8003/v1/chat/completions "HTTP/1.1 200 OK"

2026-08-18 02:34:56,690 - INFO - HTTP Request: POST http://localhost:8003/v1/chat/completions "HTTP/1.1 200 OK"
2026-08-18 02:35:08,532 - INFO - HTTP Request: POST http://localhost:8003/v1/chat/completions "HTTP/1.1 200 OK"
2026-08-18 02:35:11,235 - INFO - HTTP Request: POST http://localhost:8003/v1/chat/completions "HTTP/1.1 200 OK"

2026-08-18 02:35:11,452 - INFO - HTTP Request: POST http://localhost:8003/v1/chat/completions "HTTP/1.1 200 OK"
2026-08-18 02:35:18,303 - INFO - HTTP Request: POST http://localhost:8003/v1/chat/completions "HTTP/1.1 200 OK"
2026-08-18 02:35:24,497 - INFO - HTTP Request: POST http://localhost:8003/v1/chat/completions "HTTP/1.1 200 OK"

2026-08-18 02:35:25,372 - INFO - HTTP Request: POST http://localhost:8003/v1/chat/completions "HTTP/1.1 200 OK"

2026-08-18 02:35:31,899 - INFO - HTTP Request: POST http://localhost:8003/v1/chat/completions "HTTP/1.1 200 OK"
2026-08-18 02:35:34,180 - INFO - HTTP Request: POST http://localhost:8003/v1/chat/completions "HTTP/1.1 200 OK"

2026-08-18 02:35:44,842 - INFO - HTTP Request: POST http://localhost:8003/v1/chat/completions "HTTP/1.1 200 OK"
2026-08-18 02:35:45,577 - INFO - HTTP Request: POST http://localhost:8003/v1/chat/completions "HTTP/1.1 200 OK"

2026-08-18 02:35:54,518 - INFO - HTTP Request: POST http://localhost:8003/v1/chat/completions "HTTP/1.1 200 OK"
2026-08-18 02:35:55,488 - INFO - HTTP Request: POST http://localhost:8003/v1/chat/completions "HTTP/1.1 200 OK"
2026-08-18 02:36:05,395 - INFO - HTTP Request: POST http://localhost:8003/v1/chat/completions "HTTP/1.1 200 OK"

2026-08-18 02:36:07,365 - INFO - HTTP Request: POST http://localhost:8003/v1/chat/completions "HTTP/1.1 200 OK"

2026-08-18 02:36:09,761 - INFO - HTTP Request: POST http://localhost:8003/v1/chat/completions "HTTP/1.1 200 OK"

2026-08-18 02:36:15,408 - INFO - HTTP Request: POST http://localhost:8003/v1/chat/completions "HTTP/1.1 200 OK"
2026-08-18 02:36:30,521 - INFO - HTTP Request: POST http://localhost:8003/v1/chat/completions "HTTP/1.1 200 OK"

2026-08-18 02:36:36,829 - INFO - HTTP Request: POST http://localhost:8003/v1/chat/completions "HTTP/1.1 200 OK"
2026-08-18 02:36:38,667 - INFO - HTTP Request: POST http://localhost:8003/v1/chat/completions "HTTP/1.1 200 OK"
2026-08-18 02:36:39,852 - INFO - HTTP Request: POST http://localhost:8003/v1/chat/completions "HTTP/1.1 200 OK"
2026-08-18 02:36:48,238 - INFO - HTTP Request: POST http://localhost:8003/v1/chat/completions "HTTP/1.1 200 OK"

2026-08-18 02:36:55,652 - INFO - HTTP Request: POST http://localhost:8003/v1/chat/completions "HTTP/1.1 200 OK"

r4_cfg3:  42%|████▏     | 21/50 [34:52<1:02:51, 130.06s/it]2026-08-18 02:36:56,305 - INFO - HTTP Request: POST http://localhost:8003/v1/chat/completions "HTTP/1.1 200 OK"

2026-08-18 02:37:04,566 - INFO - HTTP Request: POST http://localhost:8003/v1/chat/completions "HTTP/1.1 200 OK"
2026-08-18 02:37:14,888 - INFO - HTTP Request: POST http://localhost:8003/v1/chat/completions "HTTP/1.1 200 OK"

r4_cfg3:  44%|████▍     | 22/50 [35:11<45:10, 96.80s/it]   2026-08-18 02:37:17,930 - INFO - HTTP Request: POST http://localhost:8003/v1/chat/completions "HTTP/1.1 200 OK"
2026-08-18 02:37:21,505 - INFO - HTTP Request: POST http://localhost:8003/v1/chat/completions "HTTP/1.1 200 OK"
2026-08-18 02:37:30,314 - INFO - HTTP Request: POST http://localhost:8003/v1/chat/completions "HTTP/1.1 200 OK"
2026-08-18 02:37:30,315 - INFO - HTTP Request: POST http://localhost:8003/v1/chat/completions "HTTP/1.1 200 OK"

2026-08-18 02:37:34,115 - INFO - HTTP Request: POST http://localhost:8003/v1/chat/completions "HTTP/1.1 200 OK"

r4_cfg3:  46%|████▌     | 23/50 [35:30<33:05, 73.52s/it]2026-08-18 02:37:37,814 - INFO - HTTP Request: POST http://localhost:8003/v1/chat/completions "HTTP/1.1 200 OK"
2026-08-18 02:37:43,571 - INFO - HTTP Request: POST http://localhost:8003/v1/chat/completions "HTTP/1.1 200 OK"

r4_cfg3:  48%|████▊     | 24/50 [35:40<23:31, 54.30s/it]2026-08-18 02:37:47,918 - INFO - HTTP Request: POST http://localhost:8003/v1/chat/completions "HTTP/1.1 200 OK"

2026-08-18 02:37:56,384 - INFO - HTTP Request: POST http://localhost:8003/v1/chat/completions "HTTP/1.1 200 OK"
2026-08-18 02:37:57,409 - INFO - HTTP Request: POST http://localhost:8003/v1/chat/completions "HTTP/1.1 200 OK"
2026-08-18 02:38:06,429 - INFO - HTTP Request: POST http://localhost:8003/v1/chat/completions "HTTP/1.1 200 OK"
2026-08-18 02:38:11,739 - INFO - HTTP Request: POST http://localhost:8003/v1/chat/completions "HTTP/1.1 200 OK"

2026-08-18 02:38:12,613 - INFO - HTTP Request: POST http://localhost:8003/v1/chat/completions "HTTP/1.1 200 OK"

2026-08-18 02:38:15,005 - INFO - HTTP Request: POST http://localhost:8003/v1/chat/completions "HTTP/1.1 200 OK"
2026-08-18 02:38:18,802 - INFO - HTTP Request: POST http://localhost:8003/v1/chat/completions "HTTP/1.1 200 OK"

2026-08-18 02:38:25,980 - INFO - HTTP Request: POST http://localhost:8003/v1/chat/completions "HTTP/1.1 200 OK"

2026-08-18 02:38:35,315 - INFO - HTTP Request: POST http://localhost:8003/v1/chat/completions "HTTP/1.1 200 OK"
2026-08-18 02:38:39,439 - INFO - HTTP Request: POST http://localhost:8003/v1/chat/completions "HTTP/1.1 200 OK"
2026-08-18 02:38:45,690 - INFO - HTTP Request: POST http://localhost:8003/v1/chat/completions "HTTP/1.1 200 OK"
2026-08-18 02:38:49,477 - INFO - HTTP Request: POST http://localhost:8003/v1/chat/completions "HTTP/1.1 200 OK"

2026-08-18 02:38:49,696 - INFO - HTTP Request: POST http://localhost:8003/v1/chat/completions "HTTP/1.1 200 OK"

2026-08-18 02:38:51,439 - INFO - HTTP Request: POST http://localhost:8003/v1/chat/completions "HTTP/1.1 200 OK"
2026-08-18 02:38:56,978 - INFO - HTTP Request: POST http://localhost:8003/v1/chat/completions "HTTP/1.1 200 OK"

2026-08-18 02:39:05,241 - INFO - HTTP Request: POST http://localhost:8003/v1/chat/completions "HTTP/1.1 200 OK"

2026-08-18 02:39:13,715 - INFO - HTTP Request: POST http://localhost:8003/v1/chat/completions "HTTP/1.1 200 OK"
2026-08-18 02:39:14,679 - INFO - HTTP Request: POST http://localhost:8003/v1/chat/completions "HTTP/1.1 200 OK"
2026-08-18 02:39:22,017 - INFO - HTTP Request: POST http://localhost:8003/v1/chat/completions "HTTP/1.1 200 OK"
2026-08-18 02:39:27,548 - INFO - HTTP Request: POST http://localhost:8003/v1/chat/completions "HTTP/1.1 200 OK"
2026-08-18 02:39:27,549 - INFO - HTTP Request: POST http://localhost:8003/v1/chat/completions "HTTP/1.1 200 OK"


2026-08-18 02:39:30,378 - INFO - HTTP Request: POST http://localhost:8003/v1/chat/completions "HTTP/1.1 200 OK"
2026-08-18 02:39:35,260 - INFO - HTTP Request: POST http://localhost:8003/v1/chat/completions "HTTP/1.1 200 OK"

2026-08-18 02:39:44,179 - INFO - HTTP Request: POST http://localhost:8003/v1/chat/completions "HTTP/1.1 200 OK"

2026-08-18 02:39:47,659 - INFO - HTTP Request: POST http://localhost:8003/v1/chat/completions "HTTP/1.1 200 OK"
2026-08-18 02:39:52,322 - INFO - HTTP Request: POST http://localhost:8003/v1/chat/completions "HTTP/1.1 200 OK"
2026-08-18 02:40:00,156 - INFO - HTTP Request: POST http://localhost:8003/v1/chat/completions "HTTP/1.1 200 OK"
2026-08-18 02:40:00,374 - INFO - HTTP Request: POST http://localhost:8003/v1/chat/completions "HTTP/1.1 200 OK"

2026-08-18 02:40:05,022 - INFO - HTTP Request: POST http://localhost:8003/v1/chat/completions "HTTP/1.1 200 OK"

2026-08-18 02:40:05,026 - INFO - HTTP Request: POST http://localhost:8003/v1/chat/completions "HTTP/1.1 200 OK"
2026-08-18 02:40:14,915 - INFO - HTTP Request: POST http://localhost:8003/v1/chat/completions "HTTP/1.1 200 OK"

2026-08-18 02:40:16,440 - INFO - HTTP Request: POST http://localhost:8003/v1/chat/completions "HTTP/1.1 200 OK"

2026-08-18 02:40:24,695 - INFO - HTTP Request: POST http://localhost:8003/v1/chat/completions "HTTP/1.1 200 OK"
2026-08-18 02:40:30,068 - INFO - HTTP Request: POST http://localhost:8003/v1/chat/completions "HTTP/1.1 200 OK"
2026-08-18 02:40:35,606 - INFO - HTTP Request: POST http://localhost:8003/v1/chat/completions "HTTP/1.1 200 OK"

2026-08-18 02:40:36,478 - INFO - HTTP Request: POST http://localhost:8003/v1/chat/completions "HTTP/1.1 200 OK"
2026-08-18 02:40:43,305 - INFO - HTTP Request: POST http://localhost:8003/v1/chat/completions "HTTP/1.1 200 OK"

2026-08-18 02:40:44,612 - INFO - HTTP Request: POST http://localhost:8003/v1/chat/completions "HTTP/1.1 200 OK"
2026-08-18 02:40:46,662 - INFO - HTTP Request: POST http://localhost:8003/v1/chat/completions "HTTP/1.1 200 OK"

2026-08-18 02:40:54,707 - INFO - HTTP Request: POST http://localhost:8003/v1/chat/completions "HTTP/1.1 200 OK"

2026-08-18 02:41:03,610 - INFO - HTTP Request: POST http://localhost:8003/v1/chat/completions "HTTP/1.1 200 OK"
2026-08-18 02:41:05,228 - INFO - HTTP Request: POST http://localhost:8003/v1/chat/completions "HTTP/1.1 200 OK"
2026-08-18 02:41:15,347 - INFO - HTTP Request: POST http://localhost:8003/v1/chat/completions "HTTP/1.1 200 OK"
2026-08-18 02:41:16,319 - INFO - HTTP Request: POST http://localhost:8003/v1/chat/completions "HTTP/1.1 200 OK"
2026-08-18 02:41:19,164 - INFO - HTTP Request: POST http://localhost:8003/v1/chat/completions "HTTP/1.1 200 OK"

2026-08-18 02:41:19,382 - INFO - HTTP Request: POST http://localhost:8003/v1/chat/completions "HTTP/1.1 200 OK"

2026-08-18 02:41:29,185 - INFO - HTTP Request: POST http://localhost:8003/v1/chat/completions "HTTP/1.1 200 OK"

2026-08-18 02:41:33,101 - INFO - HTTP Request: POST http://localhost:8003/v1/chat/completions "HTTP/1.1 200 OK"

2026-08-18 02:41:39,183 - INFO - HTTP Request: POST http://localhost:8003/v1/chat/completions "HTTP/1.1 200 OK"
2026-08-18 02:41:48,907 - INFO - HTTP Request: POST http://localhost:8003/v1/chat/completions "HTTP/1.1 200 OK"
2026-08-18 02:41:53,800 - INFO - HTTP Request: POST http://localhost:8003/v1/chat/completions "HTTP/1.1 200 OK"
2026-08-18 02:41:55,186 - INFO - HTTP Request: POST http://localhost:8003/v1/chat/completions "HTTP/1.1 200 OK"

2026-08-18 02:41:59,328 - INFO - HTTP Request: POST http://localhost:8003/v1/chat/completions "HTTP/1.1 200 OK"
2026-08-18 02:42:04,225 - INFO - HTTP Request: POST http://localhost:8003/v1/chat/completions "HTTP/1.1 200 OK"

2026-08-18 02:42:05,324 - INFO - HTTP Request: POST http://localhost:8003/v1/chat/completions "HTTP/1.1 200 OK"

2026-08-18 02:42:11,637 - INFO - HTTP Request: POST http://localhost:8003/v1/chat/completions "HTTP/1.1 200 OK"

2026-08-18 02:42:24,676 - INFO - HTTP Request: POST http://localhost:8003/v1/chat/completions "HTTP/1.1 200 OK"
2026-08-18 02:42:34,837 - INFO - HTTP Request: POST http://localhost:8003/v1/chat/completions "HTTP/1.1 200 OK"
2026-08-18 02:42:37,964 - INFO - HTTP Request: POST http://localhost:8003/v1/chat/completions "HTTP/1.1 200 OK"
2026-08-18 02:42:38,683 - INFO - HTTP Request: POST http://localhost:8003/v1/chat/completions "HTTP/1.1 200 OK"

2026-08-18 02:42:44,390 - INFO - HTTP Request: POST http://localhost:8003/v1/chat/completions "HTTP/1.1 200 OK"

2026-08-18 02:42:45,705 - INFO - HTTP Request: POST http://localhost:8003/v1/chat/completions "HTTP/1.1 200 OK"
2026-08-18 02:42:52,115 - INFO - HTTP Request: POST http://localhost:8003/v1/chat/completions "HTTP/1.1 200 OK"

r4_cfg3:  50%|█████     | 25/50 [40:48<54:24, 130.58s/it]2026-08-18 02:42:58,206 - INFO - HTTP Request: POST http://localhost:8003/v1/chat/completions "HTTP/1.1 200 OK"

r4_cfg3:  52%|█████▏    | 26/50 [40:54<37:17, 93.23s/it] 2026-08-18 02:43:12,102 - INFO - HTTP Request: POST http://localhost:8003/v1/chat/completions "HTTP/1.1 200 OK"
2026-08-18 02:43:14,433 - INFO - HTTP Request: POST http://localhost:8003/v1/chat/completions "HTTP/1.1 200 OK"
2026-08-18 02:43:17,805 - INFO - HTTP Request: POST http://localhost:8003/v1/chat/completions "HTTP/1.1 200 OK"
2026-08-18 02:43:21,157 - INFO - HTTP Request: POST http://localhost:8003/v1/chat/completions "HTTP/1.1 200 OK"
2026-08-18 02:43:26,988 - INFO - HTTP Request: POST http://localhost:8003/v1/chat/completions "HTTP/1.1 200 OK"

2026-08-18 02:43:26,989 - INFO - HTTP Request: POST http://localhost:8003/v1/chat/completions "HTTP/1.1 200 OK"

r4_cfg3:  54%|█████▍    | 27/50 [41:23<28:19, 73.90s/it]2026-08-18 02:43:28,082 - INFO - HTTP Request: POST http://localhost:8003/v1/chat/completions "HTTP/1.1 200 OK"

r4_cfg3:  56%|█████▌    | 28/50 [41:24<19:05, 52.05s/it]2026-08-18 02:43:31,995 - INFO - HTTP Request: POST http://localhost:8003/v1/chat/completions "HTTP/1.1 200 OK"

2026-08-18 02:43:48,924 - INFO - HTTP Request: POST http://localhost:8003/v1/chat/completions "HTTP/1.1 200 OK"
2026-08-18 02:43:50,330 - INFO - HTTP Request: POST http://localhost:8003/v1/chat/completions "HTTP/1.1 200 OK"
2026-08-18 02:43:53,910 - INFO - HTTP Request: POST http://localhost:8003/v1/chat/completions "HTTP/1.1 200 OK"
2026-08-18 02:43:59,077 - INFO - HTTP Request: POST http://localhost:8003/v1/chat/completions "HTTP/1.1 200 OK"
2026-08-18 02:44:03,597 - INFO - HTTP Request: POST http://localhost:8003/v1/chat/completions "HTTP/1.1 200 OK"

2026-08-18 02:44:03,813 - INFO - HTTP Request: POST http://localhost:8003/v1/chat/completions "HTTP/1.1 200 OK"

2026-08-18 02:44:07,085 - INFO - HTTP Request: POST http://localhost:8003/v1/chat/completions "HTTP/1.1 200 OK"

2026-08-18 02:44:12,957 - INFO - HTTP Request: POST http://localhost:8003/v1/chat/completions "HTTP/1.1 200 OK"

2026-08-18 02:44:29,672 - INFO - HTTP Request: POST http://localhost:8003/v1/chat/completions "HTTP/1.1 200 OK"
2026-08-18 02:44:29,889 - INFO - HTTP Request: POST http://localhost:8003/v1/chat/completions "HTTP/1.1 200 OK"
2026-08-18 02:44:32,099 - INFO - HTTP Request: POST http://localhost:8003/v1/chat/completions "HTTP/1.1 200 OK"
2026-08-18 02:44:37,213 - INFO - HTTP Request: POST http://localhost:8003/v1/chat/completions "HTTP/1.1 200 OK"
2026-08-18 02:44:43,040 - INFO - HTTP Request: POST http://localhost:8003/v1/chat/completions "HTTP/1.1 200 OK"

2026-08-18 02:44:43,258 - INFO - HTTP Request: POST http://localhost:8003/v1/chat/completions "HTTP/1.1 200 OK"

2026-08-18 02:44:45,230 - INFO - HTTP Request: POST http://localhost:8003/v1/chat/completions "HTTP/1.1 200 OK"

2026-08-18 02:44:54,798 - INFO - HTTP Request: POST http://localhost:8003/v1/chat/completions "HTTP/1.1 200 OK"

2026-08-18 02:45:06,311 - INFO - HTTP Request: POST http://localhost:8003/v1/chat/completions "HTTP/1.1 200 OK"
2026-08-18 02:45:07,550 - INFO - HTTP Request: POST http://localhost:8003/v1/chat/completions "HTTP/1.1 200 OK"
2026-08-18 02:45:10,264 - INFO - HTTP Request: POST http://localhost:8003/v1/chat/completions "HTTP/1.1 200 OK"
2026-08-18 02:45:19,952 - INFO - HTTP Request: POST http://localhost:8003/v1/chat/completions "HTTP/1.1 200 OK"
2026-08-18 02:45:20,702 - INFO - HTTP Request: POST http://localhost:8003/v1/chat/completions "HTTP/1.1 200 OK"

2026-08-18 02:45:21,425 - INFO - HTTP Request: POST http://localhost:8003/v1/chat/completions "HTTP/1.1 200 OK"

2026-08-18 02:45:22,740 - INFO - HTTP Request: POST http://localhost:8003/v1/chat/completions "HTTP/1.1 200 OK"

2026-08-18 02:45:32,746 - INFO - HTTP Request: POST http://localhost:8003/v1/chat/completions "HTTP/1.1 200 OK"

2026-08-18 02:45:40,567 - INFO - HTTP Request: POST http://localhost:8003/v1/chat/completions "HTTP/1.1 200 OK"
2026-08-18 02:45:45,887 - INFO - HTTP Request: POST http://localhost:8003/v1/chat/completions "HTTP/1.1 200 OK"
2026-08-18 02:45:47,294 - INFO - HTTP Request: POST http://localhost:8003/v1/chat/completions "HTTP/1.1 200 OK"
2026-08-18 02:45:52,187 - INFO - HTTP Request: POST http://localhost:8003/v1/chat/completions "HTTP/1.1 200 OK"

2026-08-18 02:45:53,497 - INFO - HTTP Request: POST http://localhost:8003/v1/chat/completions "HTTP/1.1 200 OK"
2026-08-18 02:45:58,666 - INFO - HTTP Request: POST http://localhost:8003/v1/chat/completions "HTTP/1.1 200 OK"

2026-08-18 02:46:00,418 - INFO - HTTP Request: POST http://localhost:8003/v1/chat/completions "HTTP/1.1 200 OK"

2026-08-18 02:46:10,206 - INFO - HTTP Request: POST http://localhost:8003/v1/chat/completions "HTTP/1.1 200 OK"

2026-08-18 02:46:18,457 - INFO - HTTP Request: POST http://localhost:8003/v1/chat/completions "HTTP/1.1 200 OK"
2026-08-18 02:46:20,082 - INFO - HTTP Request: POST http://localhost:8003/v1/chat/completions "HTTP/1.1 200 OK"
2026-08-18 02:46:21,922 - INFO - HTTP Request: POST http://localhost:8003/v1/chat/completions "HTTP/1.1 200 OK"
2026-08-18 02:46:30,957 - INFO - HTTP Request: POST http://localhost:8003/v1/chat/completions "HTTP/1.1 200 OK"

2026-08-18 02:46:34,881 - INFO - HTTP Request: POST http://localhost:8003/v1/chat/completions "HTTP/1.1 200 OK"

2026-08-18 02:46:34,882 - INFO - HTTP Request: POST http://localhost:8003/v1/chat/completions "HTTP/1.1 200 OK"

2026-08-18 02:46:39,880 - INFO - HTTP Request: POST http://localhost:8003/v1/chat/completions "HTTP/1.1 200 OK"
2026-08-18 02:46:55,255 - INFO - HTTP Request: POST http://localhost:8003/v1/chat/completions "HTTP/1.1 200 OK"
2026-08-18 02:46:57,098 - INFO - HTTP Request: POST http://localhost:8003/v1/chat/completions "HTTP/1.1 200 OK"

2026-08-18 02:47:00,363 - INFO - HTTP Request: POST http://localhost:8003/v1/chat/completions "HTTP/1.1 200 OK"
2026-08-18 02:47:04,601 - INFO - HTTP Request: POST http://localhost:8003/v1/chat/completions "HTTP/1.1 200 OK"
2026-08-18 02:47:11,454 - INFO - HTTP Request: POST http://localhost:8003/v1/chat/completions "HTTP/1.1 200 OK"

2026-08-18 02:47:15,376 - INFO - HTTP Request: POST http://localhost:8003/v1/chat/completions "HTTP/1.1 200 OK"

2026-08-18 02:47:15,810 - INFO - HTTP Request: POST http://localhost:8003/v1/chat/completions "HTTP/1.1 200 OK"

2026-08-18 02:47:17,769 - INFO - HTTP Request: POST http://localhost:8003/v1/chat/completions "HTTP/1.1 200 OK"
2026-08-18 02:47:33,799 - INFO - HTTP Request: POST http://localhost:8003/v1/chat/completions "HTTP/1.1 200 OK"

2026-08-18 02:47:35,756 - INFO - HTTP Request: POST http://localhost:8003/v1/chat/completions "HTTP/1.1 200 OK"
2026-08-18 02:47:36,485 - INFO - HTTP Request: POST http://localhost:8003/v1/chat/completions "HTTP/1.1 200 OK"
2026-08-18 02:47:41,668 - INFO - HTTP Request: POST http://localhost:8003/v1/chat/completions "HTTP/1.1 200 OK"
2026-08-18 02:47:49,834 - INFO - HTTP Request: POST http://localhost:8003/v1/chat/completions "HTTP/1.1 200 OK"

2026-08-18 02:47:50,927 - INFO - HTTP Request: POST http://localhost:8003/v1/chat/completions "HTTP/1.1 200 OK"

2026-08-18 02:47:58,758 - INFO - HTTP Request: POST http://localhost:8003/v1/chat/completions "HTTP/1.1 200 OK"

2026-08-18 02:48:03,979 - INFO - HTTP Request: POST http://localhost:8003/v1/chat/completions "HTTP/1.1 200 OK"
2026-08-18 02:48:19,366 - INFO - HTTP Request: POST http://localhost:8003/v1/chat/completions "HTTP/1.1 200 OK"
2026-08-18 02:48:20,341 - INFO - HTTP Request: POST http://localhost:8003/v1/chat/completions "HTTP/1.1 200 OK"

2026-08-18 02:48:20,773 - INFO - HTTP Request: POST http://localhost:8003/v1/chat/completions "HTTP/1.1 200 OK"
2026-08-18 02:48:31,124 - INFO - HTTP Request: POST http://localhost:8003/v1/chat/completions "HTTP/1.1 200 OK"
2026-08-18 02:48:32,732 - INFO - HTTP Request: POST http://localhost:8003/v1/chat/completions "HTTP/1.1 200 OK"

2026-08-18 02:48:34,485 - INFO - HTTP Request: POST http://localhost:8003/v1/chat/completions "HTTP/1.1 200 OK"

2026-08-18 02:48:46,887 - INFO - HTTP Request: POST http://localhost:8003/v1/chat/completions "HTTP/1.1 200 OK"

r4_cfg3:  58%|█████▊    | 29/50 [46:43<46:13, 132.08s/it]2026-08-18 02:48:53,620 - INFO - HTTP Request: POST http://localhost:8003/v1/chat/completions "HTTP/1.1 200 OK"
2026-08-18 02:49:05,742 - INFO - HTTP Request: POST http://localhost:8003/v1/chat/completions "HTTP/1.1 200 OK"
2026-08-18 02:49:08,243 - INFO - HTTP Request: POST http://localhost:8003/v1/chat/completions "HTTP/1.1 200 OK"
2026-08-18 02:49:09,872 - INFO - HTTP Request: POST http://localhost:8003/v1/chat/completions "HTTP/1.1 200 OK"
2026-08-18 02:49:14,776 - INFO - HTTP Request: POST http://localhost:8003/v1/chat/completions "HTTP/1.1 200 OK"

r4_cfg3:  60%|██████    | 30/50 [47:11<33:36, 100.82s/it]2026-08-18 02:49:17,395 - INFO - HTTP Request: POST http://localhost:8003/v1/chat/completions "HTTP/1.1 200 OK"

r4_cfg3:  62%|██████▏   | 31/50 [47:13<22:35, 71.36s/it] 2026-08-18 02:49:21,100 - INFO - HTTP Request: POST http://localhost:8003/v1/chat/completions "HTTP/1.1 200 OK"

r4_cfg3:  64%|██████▍   | 32/50 [47:17<15:19, 51.06s/it]2026-08-18 02:49:22,190 - INFO - HTTP Request: POST http://localhost:8003/v1/chat/completions "HTTP/1.1 200 OK"

2026-08-18 02:49:36,512 - INFO - HTTP Request: POST http://localhost:8003/v1/chat/completions "HTTP/1.1 200 OK"
2026-08-18 02:49:39,191 - INFO - HTTP Request: POST http://localhost:8003/v1/chat/completions "HTTP/1.1 200 OK"
2026-08-18 02:49:43,421 - INFO - HTTP Request: POST http://localhost:8003/v1/chat/completions "HTTP/1.1 200 OK"
2026-08-18 02:49:48,749 - INFO - HTTP Request: POST http://localhost:8003/v1/chat/completions "HTTP/1.1 200 OK"

2026-08-18 02:49:48,967 - INFO - HTTP Request: POST http://localhost:8003/v1/chat/completions "HTTP/1.1 200 OK"
2026-08-18 02:49:52,342 - INFO - HTTP Request: POST http://localhost:8003/v1/chat/completions "HTTP/1.1 200 OK"

2026-08-18 02:49:56,700 - INFO - HTTP Request: POST http://localhost:8003/v1/chat/completions "HTTP/1.1 200 OK"

2026-08-18 02:50:02,353 - INFO - HTTP Request: POST http://localhost:8003/v1/chat/completions "HTTP/1.1 200 OK"

2026-08-18 02:50:15,162 - INFO - HTTP Request: POST http://localhost:8003/v1/chat/completions "HTTP/1.1 200 OK"
2026-08-18 02:50:18,497 - INFO - HTTP Request: POST http://localhost:8003/v1/chat/completions "HTTP/1.1 200 OK"
2026-08-18 02:50:23,218 - INFO - HTTP Request: POST http://localhost:8003/v1/chat/completions "HTTP/1.1 200 OK"
2026-08-18 02:50:26,370 - INFO - HTTP Request: POST http://localhost:8003/v1/chat/completions "HTTP/1.1 200 OK"

2026-08-18 02:50:27,461 - INFO - HTTP Request: POST http://localhost:8003/v1/chat/completions "HTTP/1.1 200 OK"
2026-08-18 02:50:30,177 - INFO - HTTP Request: POST http://localhost:8003/v1/chat/completions "HTTP/1.1 200 OK"

2026-08-18 02:50:38,890 - INFO - HTTP Request: POST http://localhost:8003/v1/chat/completions "HTTP/1.1 200 OK"

2026-08-18 02:50:39,545 - INFO - HTTP Request: POST http://localhost:8003/v1/chat/completions "HTTP/1.1 200 OK"

2026-08-18 02:50:51,057 - INFO - HTTP Request: POST http://localhost:8003/v1/chat/completions "HTTP/1.1 200 OK"
2026-08-18 02:50:54,606 - INFO - HTTP Request: POST http://localhost:8003/v1/chat/completions "HTTP/1.1 200 OK"
2026-08-18 02:51:01,669 - INFO - HTTP Request: POST http://localhost:8003/v1/chat/completions "HTTP/1.1 200 OK"

2026-08-18 02:51:02,549 - INFO - HTTP Request: POST http://localhost:8003/v1/chat/completions "HTTP/1.1 200 OK"
2026-08-18 02:51:04,390 - INFO - HTTP Request: POST http://localhost:8003/v1/chat/completions "HTTP/1.1 200 OK"
2026-08-18 02:51:07,755 - INFO - HTTP Request: POST http://localhost:8003/v1/chat/completions "HTTP/1.1 200 OK"

2026-08-18 02:51:14,513 - INFO - HTTP Request: POST http://localhost:8003/v1/chat/completions "HTTP/1.1 200 OK"

2026-08-18 02:51:18,871 - INFO - HTTP Request: POST http://localhost:8003/v1/chat/completions "HTTP/1.1 200 OK"

2026-08-18 02:51:26,258 - INFO - HTTP Request: POST http://localhost:8003/v1/chat/completions "HTTP/1.1 200 OK"
2026-08-18 02:51:31,978 - INFO - HTTP Request: POST http://localhost:8003/v1/chat/completions "HTTP/1.1 200 OK"
2026-08-18 02:51:37,298 - INFO - HTTP Request: POST http://localhost:8003/v1/chat/completions "HTTP/1.1 200 OK"

2026-08-18 02:51:39,047 - INFO - HTTP Request: POST http://localhost:8003/v1/chat/completions "HTTP/1.1 200 OK"
2026-08-18 02:51:39,048 - INFO - HTTP Request: POST http://localhost:8003/v1/chat/completions "HTTP/1.1 200 OK"
2026-08-18 02:51:45,391 - INFO - HTTP Request: POST http://localhost:8003/v1/chat/completions "HTTP/1.1 200 OK"

2026-08-18 02:51:51,933 - INFO - HTTP Request: POST http://localhost:8003/v1/chat/completions "HTTP/1.1 200 OK"

2026-08-18 02:51:51,934 - INFO - HTTP Request: POST http://localhost:8003/v1/chat/completions "HTTP/1.1 200 OK"

2026-08-18 02:51:57,796 - INFO - HTTP Request: POST http://localhost:8003/v1/chat/completions "HTTP/1.1 200 OK"
2026-08-18 02:52:05,256 - INFO - HTTP Request: POST http://localhost:8003/v1/chat/completions "HTTP/1.1 200 OK"
2026-08-18 02:52:07,969 - INFO - HTTP Request: POST http://localhost:8003/v1/chat/completions "HTTP/1.1 200 OK"

2026-08-18 02:52:12,099 - INFO - HTTP Request: POST http://localhost:8003/v1/chat/completions "HTTP/1.1 200 OK"
2026-08-18 02:52:18,074 - INFO - HTTP Request: POST http://localhost:8003/v1/chat/completions "HTTP/1.1 200 OK"

2026-08-18 02:52:21,338 - INFO - HTTP Request: POST http://localhost:8003/v1/chat/completions "HTTP/1.1 200 OK"
2026-08-18 02:52:24,481 - INFO - HTTP Request: POST http://localhost:8003/v1/chat/completions "HTTP/1.1 200 OK"

2026-08-18 02:52:36,001 - INFO - HTTP Request: POST http://localhost:8003/v1/chat/completions "HTTP/1.1 200 OK"

2026-08-18 02:52:37,305 - INFO - HTTP Request: POST http://localhost:8003/v1/chat/completions "HTTP/1.1 200 OK"
2026-08-18 02:52:47,159 - INFO - HTTP Request: POST http://localhost:8003/v1/chat/completions "HTTP/1.1 200 OK"
2026-08-18 02:52:48,562 - INFO - HTTP Request: POST http://localhost:8003/v1/chat/completions "HTTP/1.1 200 OK"

2026-08-18 02:52:53,568 - INFO - HTTP Request: POST http://localhost:8003/v1/chat/completions "HTTP/1.1 200 OK"
2026-08-18 02:52:55,840 - INFO - HTTP Request: POST http://localhost:8003/v1/chat/completions "HTTP/1.1 200 OK"

2026-08-18 02:52:56,713 - INFO - HTTP Request: POST http://localhost:8003/v1/chat/completions "HTTP/1.1 200 OK"
2026-08-18 02:53:09,223 - INFO - HTTP Request: POST http://localhost:8003/v1/chat/completions "HTTP/1.1 200 OK"

2026-08-18 02:53:09,224 - INFO - HTTP Request: POST http://localhost:8003/v1/chat/completions "HTTP/1.1 200 OK"
2026-08-18 02:53:16,260 - INFO - HTTP Request: POST http://localhost:8003/v1/chat/completions "HTTP/1.1 200 OK"
2026-08-18 02:53:18,322 - INFO - HTTP Request: POST http://localhost:8003/v1/chat/completions "HTTP/1.1 200 OK"

2026-08-18 02:53:18,979 - INFO - HTTP Request: POST http://localhost:8003/v1/chat/completions "HTTP/1.1 200 OK"

2026-08-18 02:53:27,679 - INFO - HTTP Request: POST http://localhost:8003/v1/chat/completions "HTTP/1.1 200 OK"

2026-08-18 02:53:29,634 - INFO - HTTP Request: POST http://localhost:8003/v1/chat/completions "HTTP/1.1 200 OK"
2026-08-18 02:53:40,611 - INFO - HTTP Request: POST http://localhost:8003/v1/chat/completions "HTTP/1.1 200 OK"

2026-08-18 02:53:47,778 - INFO - HTTP Request: POST http://localhost:8003/v1/chat/completions "HTTP/1.1 200 OK"
2026-08-18 02:53:48,751 - INFO - HTTP Request: POST http://localhost:8003/v1/chat/completions "HTTP/1.1 200 OK"
2026-08-18 02:53:57,530 - INFO - HTTP Request: POST http://localhost:8003/v1/chat/completions "HTTP/1.1 200 OK"
2026-08-18 02:53:58,251 - INFO - HTTP Request: POST http://localhost:8003/v1/chat/completions "HTTP/1.1 200 OK"

2026-08-18 02:54:00,909 - INFO - HTTP Request: POST http://localhost:8003/v1/chat/completions "HTTP/1.1 200 OK"

2026-08-18 02:54:10,490 - INFO - HTTP Request: POST http://localhost:8003/v1/chat/completions "HTTP/1.1 200 OK"
2026-08-18 02:54:12,549 - INFO - HTTP Request: POST http://localhost:8003/v1/chat/completions "HTTP/1.1 200 OK"

2026-08-18 02:54:28,216 - INFO - HTTP Request: POST http://localhost:8003/v1/chat/completions "HTTP/1.1 200 OK"

2026-08-18 02:54:29,745 - INFO - HTTP Request: POST http://localhost:8003/v1/chat/completions "HTTP/1.1 200 OK"
2026-08-18 02:54:34,532 - INFO - HTTP Request: POST http://localhost:8003/v1/chat/completions "HTTP/1.1 200 OK"
2026-08-18 02:54:41,159 - INFO - HTTP Request: POST http://localhost:8003/v1/chat/completions "HTTP/1.1 200 OK"

r4_cfg3:  66%|██████▌   | 33/50 [52:37<37:19, 131.76s/it]2026-08-18 02:54:46,164 - INFO - HTTP Request: POST http://localhost:8003/v1/chat/completions "HTTP/1.1 200 OK"
2026-08-18 02:54:47,140 - INFO - HTTP Request: POST http://localhost:8003/v1/chat/completions "HTTP/1.1 200 OK"

r4_cfg3:  68%|██████▊   | 34/50 [52:43<25:04, 94.03s/it] 2026-08-18 02:55:00,192 - INFO - HTTP Request: POST http://localhost:8003/v1/chat/completions "HTTP/1.1 200 OK"

r4_cfg3:  70%|███████   | 35/50 [52:56<17:26, 69.74s/it]2026-08-18 02:55:02,148 - INFO - HTTP Request: POST http://localhost:8003/v1/chat/completions "HTTP/1.1 200 OK"
2026-08-18 02:55:03,334 - INFO - HTTP Request: POST http://localhost:8003/v1/chat/completions "HTTP/1.1 200 OK"
2026-08-18 02:55:09,572 - INFO - HTTP Request: POST http://localhost:8003/v1/chat/completions "HTTP/1.1 200 OK"
2026-08-18 02:55:15,122 - INFO - HTTP Request: POST http://localhost:8003/v1/chat/completions "HTTP/1.1 200 OK"

2026-08-18 02:55:16,214 - INFO - HTTP Request: POST http://localhost:8003/v1/chat/completions "HTTP/1.1 200 OK"

r4_cfg3:  72%|███████▏  | 36/50 [53:12<12:30, 53.62s/it]2026-08-18 02:55:22,302 - INFO - HTTP Request: POST http://localhost:8003/v1/chat/completions "HTTP/1.1 200 OK"

2026-08-18 02:55:22,955 - INFO - HTTP Request: POST http://localhost:8003/v1/chat/completions "HTTP/1.1 200 OK"
2026-08-18 02:55:34,611 - INFO - HTTP Request: POST http://localhost:8003/v1/chat/completions "HTTP/1.1 200 OK"

2026-08-18 02:55:38,302 - INFO - HTTP Request: POST http://localhost:8003/v1/chat/completions "HTTP/1.1 200 OK"
2026-08-18 02:55:41,659 - INFO - HTTP Request: POST http://localhost:8003/v1/chat/completions "HTTP/1.1 200 OK"
2026-08-18 02:55:49,055 - INFO - HTTP Request: POST http://localhost:8003/v1/chat/completions "HTTP/1.1 200 OK"
2026-08-18 02:55:51,553 - INFO - HTTP Request: POST http://localhost:8003/v1/chat/completions "HTTP/1.1 200 OK"

2026-08-18 02:55:57,430 - INFO - HTTP Request: POST http://localhost:8003/v1/chat/completions "HTTP/1.1 200 OK"

2026-08-18 02:56:01,562 - INFO - HTTP Request: POST http://localhost:8003/v1/chat/completions "HTTP/1.1 200 OK"
2026-08-18 02:56:04,968 - INFO - HTTP Request: POST http://localhost:8003/v1/chat/completions "HTTP/1.1 200 OK"

2026-08-18 02:56:17,790 - INFO - HTTP Request: POST http://localhost:8003/v1/chat/completions "HTTP/1.1 200 OK"
2026-08-18 02:56:19,629 - INFO - HTTP Request: POST http://localhost:8003/v1/chat/completions "HTTP/1.1 200 OK"

2026-08-18 02:56:22,240 - INFO - HTTP Request: POST http://localhost:8003/v1/chat/completions "HTTP/1.1 200 OK"
2026-08-18 02:56:28,548 - INFO - HTTP Request: POST http://localhost:8003/v1/chat/completions "HTTP/1.1 200 OK"

2026-08-18 02:56:29,854 - INFO - HTTP Request: POST http://localhost:8003/v1/chat/completions "HTTP/1.1 200 OK"
2026-08-18 02:56:32,783 - INFO - HTTP Request: POST http://localhost:8003/v1/chat/completions "HTTP/1.1 200 OK"

2026-08-18 02:56:44,530 - INFO - HTTP Request: POST http://localhost:8003/v1/chat/completions "HTTP/1.1 200 OK"
2026-08-18 02:56:44,964 - INFO - HTTP Request: POST http://localhost:8003/v1/chat/completions "HTTP/1.1 200 OK"

2026-08-18 02:56:53,371 - INFO - HTTP Request: POST http://localhost:8003/v1/chat/completions "HTTP/1.1 200 OK"
2026-08-18 02:56:57,382 - INFO - HTTP Request: POST http://localhost:8003/v1/chat/completions "HTTP/1.1 200 OK"
2026-08-18 02:57:00,138 - INFO - HTTP Request: POST http://localhost:8003/v1/chat/completions "HTTP/1.1 200 OK"

2026-08-18 02:57:07,546 - INFO - HTTP Request: POST http://localhost:8003/v1/chat/completions "HTTP/1.1 200 OK"

2026-08-18 02:57:09,076 - INFO - HTTP Request: POST http://localhost:8003/v1/chat/completions "HTTP/1.1 200 OK"
2026-08-18 02:57:10,164 - INFO - HTTP Request: POST http://localhost:8003/v1/chat/completions "HTTP/1.1 200 OK"

2026-08-18 02:57:21,688 - INFO - HTTP Request: POST http://localhost:8003/v1/chat/completions "HTTP/1.1 200 OK"

2026-08-18 02:57:24,736 - INFO - HTTP Request: POST http://localhost:8003/v1/chat/completions "HTTP/1.1 200 OK"
2026-08-18 02:57:29,740 - INFO - HTTP Request: POST http://localhost:8003/v1/chat/completions "HTTP/1.1 200 OK"
2026-08-18 02:57:32,563 - INFO - HTTP Request: POST http://localhost:8003/v1/chat/completions "HTTP/1.1 200 OK"
2026-08-18 02:57:39,188 - INFO - HTTP Request: POST http://localhost:8003/v1/chat/completions "HTTP/1.1 200 OK"

2026-08-18 02:57:41,155 - INFO - HTTP Request: POST http://localhost:8003/v1/chat/completions "HTTP/1.1 200 OK"

2026-08-18 02:57:41,810 - INFO - HTTP Request: POST http://localhost:8003/v1/chat/completions "HTTP/1.1 200 OK"
2026-08-18 02:57:45,396 - INFO - HTTP Request: POST http://localhost:8003/v1/chat/completions "HTTP/1.1 200 OK"

2026-08-18 02:57:51,926 - INFO - HTTP Request: POST http://localhost:8003/v1/chat/completions "HTTP/1.1 200 OK"

2026-08-18 02:57:59,309 - INFO - HTTP Request: POST http://localhost:8003/v1/chat/completions "HTTP/1.1 200 OK"
2026-08-18 02:58:04,881 - INFO - HTTP Request: POST http://localhost:8003/v1/chat/completions "HTTP/1.1 200 OK"
2026-08-18 02:58:10,200 - INFO - HTTP Request: POST http://localhost:8003/v1/chat/completions "HTTP/1.1 200 OK"

2026-08-18 02:58:10,634 - INFO - HTTP Request: POST http://localhost:8003/v1/chat/completions "HTTP/1.1 200 OK"
2026-08-18 02:58:14,698 - INFO - HTTP Request: POST http://localhost:8003/v1/chat/completions "HTTP/1.1 200 OK"

2026-08-18 02:58:21,219 - INFO - HTTP Request: POST http://localhost:8003/v1/chat/completions "HTTP/1.1 200 OK"
2026-08-18 02:58:24,361 - INFO - HTTP Request: POST http://localhost:8003/v1/chat/completions "HTTP/1.1 200 OK"

2026-08-18 02:58:34,144 - INFO - HTTP Request: POST http://localhost:8003/v1/chat/completions "HTTP/1.1 200 OK"

2026-08-18 02:58:39,358 - INFO - HTTP Request: POST http://localhost:8003/v1/chat/completions "HTTP/1.1 200 OK"
2026-08-18 02:58:43,850 - INFO - HTTP Request: POST http://localhost:8003/v1/chat/completions "HTTP/1.1 200 OK"
2026-08-18 02:58:44,820 - INFO - HTTP Request: POST http://localhost:8003/v1/chat/completions "HTTP/1.1 200 OK"
2026-08-18 02:58:48,948 - INFO - HTTP Request: POST http://localhost:8003/v1/chat/completions "HTTP/1.1 200 OK"

2026-08-18 02:58:54,174 - INFO - HTTP Request: POST http://localhost:8003/v1/chat/completions "HTTP/1.1 200 OK"

2026-08-18 02:58:54,830 - INFO - HTTP Request: POST http://localhost:8003/v1/chat/completions "HTTP/1.1 200 OK"
2026-08-18 02:58:57,109 - INFO - HTTP Request: POST http://localhost:8003/v1/chat/completions "HTTP/1.1 200 OK"

2026-08-18 02:59:09,290 - INFO - HTTP Request: POST http://localhost:8003/v1/chat/completions "HTTP/1.1 200 OK"
2026-08-18 02:59:13,351 - INFO - HTTP Request: POST http://localhost:8003/v1/chat/completions "HTTP/1.1 200 OK"

2026-08-18 02:59:17,266 - INFO - HTTP Request: POST http://localhost:8003/v1/chat/completions "HTTP/1.1 200 OK"
2026-08-18 02:59:22,588 - INFO - HTTP Request: POST http://localhost:8003/v1/chat/completions "HTTP/1.1 200 OK"

2026-08-18 02:59:24,115 - INFO - HTTP Request: POST http://localhost:8003/v1/chat/completions "HTTP/1.1 200 OK"
2026-08-18 02:59:28,465 - INFO - HTTP Request: POST http://localhost:8003/v1/chat/completions "HTTP/1.1 200 OK"

2026-08-18 02:59:34,770 - INFO - HTTP Request: POST http://localhost:8003/v1/chat/completions "HTTP/1.1 200 OK"

2026-08-18 02:59:43,032 - INFO - HTTP Request: POST http://localhost:8003/v1/chat/completions "HTTP/1.1 200 OK"
2026-08-18 02:59:52,269 - INFO - HTTP Request: POST http://localhost:8003/v1/chat/completions "HTTP/1.1 200 OK"
2026-08-18 02:59:58,070 - INFO - HTTP Request: POST http://localhost:8003/v1/chat/completions "HTTP/1.1 200 OK"
2026-08-18 02:59:58,789 - INFO - HTTP Request: POST http://localhost:8003/v1/chat/completions "HTTP/1.1 200 OK"

2026-08-18 03:00:04,926 - INFO - HTTP Request: POST http://localhost:8003/v1/chat/completions "HTTP/1.1 200 OK"

2026-08-18 03:00:08,635 - INFO - HTTP Request: POST http://localhost:8003/v1/chat/completions "HTTP/1.1 200 OK"

2026-08-18 03:00:08,635 - INFO - HTTP Request: POST http://localhost:8003/v1/chat/completions "HTTP/1.1 200 OK"
2026-08-18 03:00:19,714 - INFO - HTTP Request: POST http://localhost:8003/v1/chat/completions "HTTP/1.1 200 OK"

r4_cfg3:  74%|███████▍  | 37/50 [58:16<27:51, 128.58s/it]2026-08-18 03:00:31,442 - INFO - HTTP Request: POST http://localhost:8003/v1/chat/completions "HTTP/1.1 200 OK"
2026-08-18 03:00:38,068 - INFO - HTTP Request: POST http://localhost:8003/v1/chat/completions "HTTP/1.1 200 OK"
2026-08-18 03:00:40,386 - INFO - HTTP Request: POST http://localhost:8003/v1/chat/completions "HTTP/1.1 200 OK"
2026-08-18 03:00:42,448 - INFO - HTTP Request: POST http://localhost:8003/v1/chat/completions "HTTP/1.1 200 OK"
2026-08-18 03:00:44,768 - INFO - HTTP Request: POST http://localhost:8003/v1/chat/completions "HTTP/1.1 200 OK"

r4_cfg3:  76%|███████▌  | 38/50 [58:41<19:30, 97.53s/it] 2026-08-18 03:00:51,524 - INFO - HTTP Request: POST http://localhost:8003/v1/chat/completions "HTTP/1.1 200 OK"

r4_cfg3:  78%|███████▊  | 39/50 [58:48<12:53, 70.29s/it]2026-08-18 03:00:51,744 - INFO - HTTP Request: POST http://localhost:8003/v1/chat/completions "HTTP/1.1 200 OK"

r4_cfg3:  80%|████████  | 40/50 [58:48<08:12, 49.27s/it]2026-08-18 03:00:53,700 - INFO - HTTP Request: POST http://localhost:8003/v1/chat/completions "HTTP/1.1 200 OK"

2026-08-18 03:01:06,721 - INFO - HTTP Request: POST http://localhost:8003/v1/chat/completions "HTTP/1.1 200 OK"
2026-08-18 03:01:13,778 - INFO - HTTP Request: POST http://localhost:8003/v1/chat/completions "HTTP/1.1 200 OK"
2026-08-18 03:01:13,995 - INFO - HTTP Request: POST http://localhost:8003/v1/chat/completions "HTTP/1.1 200 OK"
2026-08-18 03:01:17,513 - INFO - HTTP Request: POST http://localhost:8003/v1/chat/completions "HTTP/1.1 200 OK"

2026-08-18 03:01:20,781 - INFO - HTTP Request: POST http://localhost:8003/v1/chat/completions "HTTP/1.1 200 OK"
2026-08-18 03:01:27,898 - INFO - HTTP Request: POST http://localhost:8003/v1/chat/completions "HTTP/1.1 200 OK"

2026-08-18 03:01:28,334 - INFO - HTTP Request: POST http://localhost:8003/v1/chat/completions "HTTP/1.1 200 OK"

2026-08-18 03:01:32,900 - INFO - HTTP Request: POST http://localhost:8003/v1/chat/completions "HTTP/1.1 200 OK"

2026-08-18 03:01:43,537 - INFO - HTTP Request: POST http://localhost:8003/v1/chat/completions "HTTP/1.1 200 OK"
2026-08-18 03:01:54,409 - INFO - HTTP Request: POST http://localhost:8003/v1/chat/completions "HTTP/1.1 200 OK"
2026-08-18 03:01:55,130 - INFO - HTTP Request: POST http://localhost:8003/v1/chat/completions "HTTP/1.1 200 OK"
2026-08-18 03:01:58,370 - INFO - HTTP Request: POST http://localhost:8003/v1/chat/completions "HTTP/1.1 200 OK"
2026-08-18 03:01:58,588 - INFO - HTTP Request: POST http://localhost:8003/v1/chat/completions "HTTP/1.1 200 OK"

2026-08-18 03:02:06,797 - INFO - HTTP Request: POST http://localhost:8003/v1/chat/completions "HTTP/1.1 200 OK"

2026-08-18 03:02:08,977 - INFO - HTTP Request: POST http://localhost:8003/v1/chat/completions "HTTP/1.1 200 OK"

2026-08-18 03:02:14,408 - INFO - HTTP Request: POST http://localhost:8003/v1/chat/completions "HTTP/1.1 200 OK"

2026-08-18 03:02:22,013 - INFO - HTTP Request: POST http://localhost:8003/v1/chat/completions "HTTP/1.1 200 OK"
2026-08-18 03:02:31,467 - INFO - HTTP Request: POST http://localhost:8003/v1/chat/completions "HTTP/1.1 200 OK"
2026-08-18 03:02:34,018 - INFO - HTTP Request: POST http://localhost:8003/v1/chat/completions "HTTP/1.1 200 OK"
2026-08-18 03:02:35,644 - INFO - HTTP Request: POST http://localhost:8003/v1/chat/completions "HTTP/1.1 200 OK"

2026-08-18 03:02:39,573 - INFO - HTTP Request: POST http://localhost:8003/v1/chat/completions "HTTP/1.1 200 OK"
2026-08-18 03:02:48,213 - INFO - HTTP Request: POST http://localhost:8003/v1/chat/completions "HTTP/1.1 200 OK"

2026-08-18 03:02:50,181 - INFO - HTTP Request: POST http://localhost:8003/v1/chat/completions "HTTP/1.1 200 OK"

2026-08-18 03:02:52,145 - INFO - HTTP Request: POST http://localhost:8003/v1/chat/completions "HTTP/1.1 200 OK"

2026-08-18 03:02:59,965 - INFO - HTTP Request: POST http://localhost:8003/v1/chat/completions "HTTP/1.1 200 OK"
2026-08-18 03:03:12,241 - INFO - HTTP Request: POST http://localhost:8003/v1/chat/completions "HTTP/1.1 200 OK"
2026-08-18 03:03:12,458 - INFO - HTTP Request: POST http://localhost:8003/v1/chat/completions "HTTP/1.1 200 OK"
2026-08-18 03:03:12,675 - INFO - HTTP Request: POST http://localhost:8003/v1/chat/completions "HTTP/1.1 200 OK"

2026-08-18 03:03:14,887 - INFO - HTTP Request: POST http://localhost:8003/v1/chat/completions "HTTP/1.1 200 OK"
2026-08-18 03:03:23,485 - INFO - HTTP Request: POST http://localhost:8003/v1/chat/completions "HTTP/1.1 200 OK"

2026-08-18 03:03:25,665 - INFO - HTTP Request: POST http://localhost:8003/v1/chat/completions "HTTP/1.1 200 OK"

2026-08-18 03:03:27,631 - INFO - HTTP Request: POST http://localhost:8003/v1/chat/completions "HTTP/1.1 200 OK"

2026-08-18 03:03:33,277 - INFO - HTTP Request: POST http://localhost:8003/v1/chat/completions "HTTP/1.1 200 OK"
2026-08-18 03:03:45,772 - INFO - HTTP Request: POST http://localhost:8003/v1/chat/completions "HTTP/1.1 200 OK"
2026-08-18 03:03:46,504 - INFO - HTTP Request: POST http://localhost:8003/v1/chat/completions "HTTP/1.1 200 OK"

2026-08-18 03:03:48,107 - INFO - HTTP Request: POST http://localhost:8003/v1/chat/completions "HTTP/1.1 200 OK"
2026-08-18 03:03:53,212 - INFO - HTTP Request: POST http://localhost:8003/v1/chat/completions "HTTP/1.1 200 OK"
2026-08-18 03:03:59,239 - INFO - HTTP Request: POST http://localhost:8003/v1/chat/completions "HTTP/1.1 200 OK"

2026-08-18 03:04:02,939 - INFO - HTTP Request: POST http://localhost:8003/v1/chat/completions "HTTP/1.1 200 OK"

2026-08-18 03:04:04,245 - INFO - HTTP Request: POST http://localhost:8003/v1/chat/completions "HTTP/1.1 200 OK"

2026-08-18 03:04:15,751 - INFO - HTTP Request: POST http://localhost:8003/v1/chat/completions "HTTP/1.1 200 OK"
2026-08-18 03:04:24,545 - INFO - HTTP Request: POST http://localhost:8003/v1/chat/completions "HTTP/1.1 200 OK"
2026-08-18 03:04:28,391 - INFO - HTTP Request: POST http://localhost:8003/v1/chat/completions "HTTP/1.1 200 OK"
2026-08-18 03:04:29,368 - INFO - HTTP Request: POST http://localhost:8003/v1/chat/completions "HTTP/1.1 200 OK"

2026-08-18 03:04:32,416 - INFO - HTTP Request: POST http://localhost:8003/v1/chat/completions "HTTP/1.1 200 OK"
2026-08-18 03:04:37,306 - INFO - HTTP Request: POST http://localhost:8003/v1/chat/completions "HTTP/1.1 200 OK"

2026-08-18 03:04:44,275 - INFO - HTTP Request: POST http://localhost:8003/v1/chat/completions "HTTP/1.1 200 OK"

2026-08-18 03:04:45,801 - INFO - HTTP Request: POST http://localhost:8003/v1/chat/completions "HTTP/1.1 200 OK"

2026-08-18 03:04:49,710 - INFO - HTTP Request: POST http://localhost:8003/v1/chat/completions "HTTP/1.1 200 OK"
2026-08-18 03:05:03,732 - INFO - HTTP Request: POST http://localhost:8003/v1/chat/completions "HTTP/1.1 200 OK"

2026-08-18 03:05:04,602 - INFO - HTTP Request: POST http://localhost:8003/v1/chat/completions "HTTP/1.1 200 OK"
2026-08-18 03:05:06,499 - INFO - HTTP Request: POST http://localhost:8003/v1/chat/completions "HTTP/1.1 200 OK"
2026-08-18 03:05:07,468 - INFO - HTTP Request: POST http://localhost:8003/v1/chat/completions "HTTP/1.1 200 OK"
2026-08-18 03:05:21,344 - INFO - HTTP Request: POST http://localhost:8003/v1/chat/completions "HTTP/1.1 200 OK"

2026-08-18 03:05:21,345 - INFO - HTTP Request: POST http://localhost:8003/v1/chat/completions "HTTP/1.1 200 OK"

2026-08-18 03:05:22,436 - INFO - HTTP Request: POST http://localhost:8003/v1/chat/completions "HTTP/1.1 200 OK"

2026-08-18 03:05:33,736 - INFO - HTTP Request: POST http://localhost:8003/v1/chat/completions "HTTP/1.1 200 OK"
2026-08-18 03:05:46,238 - INFO - HTTP Request: POST http://localhost:8003/v1/chat/completions "HTTP/1.1 200 OK"

2026-08-18 03:05:50,810 - INFO - HTTP Request: POST http://localhost:8003/v1/chat/completions "HTTP/1.1 200 OK"
2026-08-18 03:05:50,811 - INFO - HTTP Request: POST http://localhost:8003/v1/chat/completions "HTTP/1.1 200 OK"
2026-08-18 03:05:56,572 - INFO - HTTP Request: POST http://localhost:8003/v1/chat/completions "HTTP/1.1 200 OK"
2026-08-18 03:06:03,912 - INFO - HTTP Request: POST http://localhost:8003/v1/chat/completions "HTTP/1.1 200 OK"

2026-08-18 03:06:05,011 - INFO - HTTP Request: POST http://localhost:8003/v1/chat/completions "HTTP/1.1 200 OK"

2026-08-18 03:06:06,325 - INFO - HTTP Request: POST http://localhost:8003/v1/chat/completions "HTTP/1.1 200 OK"

r4_cfg3:  82%|████████▏ | 41/50 [1:04:02<19:19, 128.87s/it]2026-08-18 03:06:19,786 - INFO - HTTP Request: POST http://localhost:8003/v1/chat/completions "HTTP/1.1 200 OK"
2026-08-18 03:06:28,588 - INFO - HTTP Request: POST http://localhost:8003/v1/chat/completions "HTTP/1.1 200 OK"
2026-08-18 03:06:32,867 - INFO - HTTP Request: POST http://localhost:8003/v1/chat/completions "HTTP/1.1 200 OK"

r4_cfg3:  84%|████████▍ | 42/50 [1:04:29<13:05, 98.17s/it] 2026-08-18 03:06:36,998 - INFO - HTTP Request: POST http://localhost:8003/v1/chat/completions "HTTP/1.1 200 OK"
2026-08-18 03:06:38,242 - INFO - HTTP Request: POST http://localhost:8003/v1/chat/completions "HTTP/1.1 200 OK"
2026-08-18 03:06:40,743 - INFO - HTTP Request: POST http://localhost:8003/v1/chat/completions "HTTP/1.1 200 OK"

2026-08-18 03:06:51,418 - INFO - HTTP Request: POST http://localhost:8003/v1/chat/completions "HTTP/1.1 200 OK"

r4_cfg3:  86%|████████▌ | 43/50 [1:04:48<08:39, 74.28s/it]2026-08-18 03:06:51,636 - INFO - HTTP Request: POST http://localhost:8003/v1/chat/completions "HTTP/1.1 200 OK"

r4_cfg3:  88%|████████▊ | 44/50 [1:04:48<05:12, 52.06s/it]2026-08-18 03:06:55,540 - INFO - HTTP Request: POST http://localhost:8003/v1/chat/completions "HTTP/1.1 200 OK"
2026-08-18 03:07:07,162 - INFO - HTTP Request: POST http://localhost:8003/v1/chat/completions "HTTP/1.1 200 OK"
2026-08-18 03:07:09,702 - INFO - HTTP Request: POST http://localhost:8003/v1/chat/completions "HTTP/1.1 200 OK"

2026-08-18 03:07:13,832 - INFO - HTTP Request: POST http://localhost:8003/v1/chat/completions "HTTP/1.1 200 OK"
2026-08-18 03:07:14,049 - INFO - HTTP Request: POST http://localhost:8003/v1/chat/completions "HTTP/1.1 200 OK"
2026-08-18 03:07:21,428 - INFO - HTTP Request: POST http://localhost:8003/v1/chat/completions "HTTP/1.1 200 OK"

2026-08-18 03:07:23,390 - INFO - HTTP Request: POST http://localhost:8003/v1/chat/completions "HTTP/1.1 200 OK"

2026-08-18 03:07:23,824 - INFO - HTTP Request: POST http://localhost:8003/v1/chat/completions "HTTP/1.1 200 OK"

2026-08-18 03:07:36,413 - INFO - HTTP Request: POST http://localhost:8003/v1/chat/completions "HTTP/1.1 200 OK"
2026-08-18 03:07:46,082 - INFO - HTTP Request: POST http://localhost:8003/v1/chat/completions "HTTP/1.1 200 OK"
2026-08-18 03:07:49,927 - INFO - HTTP Request: POST http://localhost:8003/v1/chat/completions "HTTP/1.1 200 OK"
2026-08-18 03:07:49,928 - INFO - HTTP Request: POST http://localhost:8003/v1/chat/completions "HTTP/1.1 200 OK"

2026-08-18 03:07:50,642 - INFO - HTTP Request: POST http://localhost:8003/v1/chat/completions "HTTP/1.1 200 OK"
2026-08-18 03:08:01,014 - INFO - HTTP Request: POST http://localhost:8003/v1/chat/completions "HTTP/1.1 200 OK"

2026-08-18 03:08:01,449 - INFO - HTTP Request: POST http://localhost:8003/v1/chat/completions "HTTP/1.1 200 OK"

2026-08-18 03:08:02,766 - INFO - HTTP Request: POST http://localhost:8003/v1/chat/completions "HTTP/1.1 200 OK"

2026-08-18 03:08:14,922 - INFO - HTTP Request: POST http://localhost:8003/v1/chat/completions "HTTP/1.1 200 OK"
2026-08-18 03:08:25,463 - INFO - HTTP Request: POST http://localhost:8003/v1/chat/completions "HTTP/1.1 200 OK"
2026-08-18 03:08:26,259 - INFO - HTTP Request: POST http://localhost:8003/v1/chat/completions "HTTP/1.1 200 OK"
2026-08-18 03:08:27,884 - INFO - HTTP Request: POST http://localhost:8003/v1/chat/completions "HTTP/1.1 200 OK"
2026-08-18 03:08:27,885 - INFO - HTTP Request: POST http://localhost:8003/v1/chat/completions "HTTP/1.1 200 OK"

2026-08-18 03:08:38,437 - INFO - HTTP Request: POST http://localhost:8003/v1/chat/completions "HTTP/1.1 200 OK"

2026-08-18 03:08:39,536 - INFO - HTTP Request: POST http://localhost:8003/v1/chat/completions "HTTP/1.1 200 OK"

2026-08-18 03:08:40,198 - INFO - HTTP Request: POST http://localhost:8003/v1/chat/completions "HTTP/1.1 200 OK"

2026-08-18 03:08:52,139 - INFO - HTTP Request: POST http://localhost:8003/v1/chat/completions "HTTP/1.1 200 OK"
2026-08-18 03:08:58,544 - INFO - HTTP Request: POST http://localhost:8003/v1/chat/completions "HTTP/1.1 200 OK"
2026-08-18 03:09:03,475 - INFO - HTTP Request: POST http://localhost:8003/v1/chat/completions "HTTP/1.1 200 OK"
2026-08-18 03:09:04,880 - INFO - HTTP Request: POST http://localhost:8003/v1/chat/completions "HTTP/1.1 200 OK"

2026-08-18 03:09:05,099 - INFO - HTTP Request: POST http://localhost:8003/v1/chat/completions "HTTP/1.1 200 OK"
2026-08-18 03:09:09,993 - INFO - HTTP Request: POST http://localhost:8003/v1/chat/completions "HTTP/1.1 200 OK"

2026-08-18 03:09:16,308 - INFO - HTTP Request: POST http://localhost:8003/v1/chat/completions "HTTP/1.1 200 OK"

2026-08-18 03:09:17,404 - INFO - HTTP Request: POST http://localhost:8003/v1/chat/completions "HTTP/1.1 200 OK"

2026-08-18 03:09:24,568 - INFO - HTTP Request: POST http://localhost:8003/v1/chat/completions "HTTP/1.1 200 OK"
2026-08-18 03:09:36,030 - INFO - HTTP Request: POST http://localhost:8003/v1/chat/completions "HTTP/1.1 200 OK"
2026-08-18 03:09:37,436 - INFO - HTTP Request: POST http://localhost:8003/v1/chat/completions "HTTP/1.1 200 OK"
2026-08-18 03:09:38,625 - INFO - HTTP Request: POST http://localhost:8003/v1/chat/completions "HTTP/1.1 200 OK"

2026-08-18 03:09:39,717 - INFO - HTTP Request: POST http://localhost:8003/v1/chat/completions "HTTP/1.1 200 OK"
2026-08-18 03:09:45,523 - INFO - HTTP Request: POST http://localhost:8003/v1/chat/completions "HTTP/1.1 200 OK"

2026-08-18 03:09:50,532 - INFO - HTTP Request: POST http://localhost:8003/v1/chat/completions "HTTP/1.1 200 OK"

2026-08-18 03:09:54,010 - INFO - HTTP Request: POST http://localhost:8003/v1/chat/completions "HTTP/1.1 200 OK"

2026-08-18 03:10:07,470 - INFO - HTTP Request: POST http://localhost:8003/v1/chat/completions "HTTP/1.1 200 OK"
2026-08-18 03:10:14,310 - INFO - HTTP Request: POST http://localhost:8003/v1/chat/completions "HTTP/1.1 200 OK"
2026-08-18 03:10:14,532 - INFO - HTTP Request: POST http://localhost:8003/v1/chat/completions "HTTP/1.1 200 OK"
2026-08-18 03:10:19,563 - INFO - HTTP Request: POST http://localhost:8003/v1/chat/completions "HTTP/1.1 200 OK"

2026-08-18 03:10:19,999 - INFO - HTTP Request: POST http://localhost:8003/v1/chat/completions "HTTP/1.1 200 OK"
2026-08-18 03:10:27,724 - INFO - HTTP Request: POST http://localhost:8003/v1/chat/completions "HTTP/1.1 200 OK"

2026-08-18 03:10:29,687 - INFO - HTTP Request: POST http://localhost:8003/v1/chat/completions "HTTP/1.1 200 OK"

2026-08-18 03:10:34,039 - INFO - HTTP Request: POST http://localhost:8003/v1/chat/completions "HTTP/1.1 200 OK"

2026-08-18 03:10:39,904 - INFO - HTTP Request: POST http://localhost:8003/v1/chat/completions "HTTP/1.1 200 OK"
2026-08-18 03:10:50,059 - INFO - HTTP Request: POST http://localhost:8003/v1/chat/completions "HTTP/1.1 200 OK"
2026-08-18 03:10:54,737 - INFO - HTTP Request: POST http://localhost:8003/v1/chat/completions "HTTP/1.1 200 OK"
2026-08-18 03:10:54,738 - INFO - HTTP Request: POST http://localhost:8003/v1/chat/completions "HTTP/1.1 200 OK"

2026-08-18 03:10:57,885 - INFO - HTTP Request: POST http://localhost:8003/v1/chat/completions "HTTP/1.1 200 OK"
2026-08-18 03:11:02,823 - INFO - HTTP Request: POST http://localhost:8003/v1/chat/completions "HTTP/1.1 200 OK"

2026-08-18 03:11:08,269 - INFO - HTTP Request: POST http://localhost:8003/v1/chat/completions "HTTP/1.1 200 OK"

2026-08-18 03:11:11,750 - INFO - HTTP Request: POST http://localhost:8003/v1/chat/completions "HTTP/1.1 200 OK"

2026-08-18 03:11:24,353 - INFO - HTTP Request: POST http://localhost:8003/v1/chat/completions "HTTP/1.1 200 OK"
2026-08-18 03:11:32,290 - INFO - HTTP Request: POST http://localhost:8003/v1/chat/completions "HTTP/1.1 200 OK"
2026-08-18 03:11:34,134 - INFO - HTTP Request: POST http://localhost:8003/v1/chat/completions "HTTP/1.1 200 OK"

2026-08-18 03:11:38,061 - INFO - HTTP Request: POST http://localhost:8003/v1/chat/completions "HTTP/1.1 200 OK"
2026-08-18 03:11:43,164 - INFO - HTTP Request: POST http://localhost:8003/v1/chat/completions "HTTP/1.1 200 OK"

2026-08-18 03:11:45,783 - INFO - HTTP Request: POST http://localhost:8003/v1/chat/completions "HTTP/1.1 200 OK"
2026-08-18 03:11:51,369 - INFO - HTTP Request: POST http://localhost:8003/v1/chat/completions "HTTP/1.1 200 OK"

2026-08-18 03:11:59,204 - INFO - HTTP Request: POST http://localhost:8003/v1/chat/completions "HTTP/1.1 200 OK"

r4_cfg3:  90%|█████████ | 45/50 [1:09:55<10:43, 128.72s/it]2026-08-18 03:12:07,022 - INFO - HTTP Request: POST http://localhost:8003/v1/chat/completions "HTTP/1.1 200 OK"
2026-08-18 03:12:16,263 - INFO - HTTP Request: POST http://localhost:8003/v1/chat/completions "HTTP/1.1 200 OK"
2026-08-18 03:12:21,160 - INFO - HTTP Request: POST http://localhost:8003/v1/chat/completions "HTTP/1.1 200 OK"

r4_cfg3:  92%|█████████▏| 46/50 [1:10:17<06:26, 96.69s/it] 2026-08-18 03:12:21,813 - INFO - HTTP Request: POST http://localhost:8003/v1/chat/completions "HTTP/1.1 200 OK"
2026-08-18 03:12:23,341 - INFO - HTTP Request: POST http://localhost:8003/v1/chat/completions "HTTP/1.1 200 OK"
2026-08-18 03:12:27,144 - INFO - HTTP Request: POST http://localhost:8003/v1/chat/completions "HTTP/1.1 200 OK"

r4_cfg3:  94%|█████████▍| 47/50 [1:10:23<03:28, 69.48s/it]2026-08-18 03:12:33,236 - INFO - HTTP Request: POST http://localhost:8003/v1/chat/completions "HTTP/1.1 200 OK"

r4_cfg3:  96%|█████████▌| 48/50 [1:10:29<01:40, 50.46s/it]2026-08-18 03:12:37,356 - INFO - HTTP Request: POST http://localhost:8003/v1/chat/completions "HTTP/1.1 200 OK"

2026-08-18 03:12:43,461 - INFO - HTTP Request: POST http://localhost:8003/v1/chat/completions "HTTP/1.1 200 OK"
2026-08-18 03:12:58,481 - INFO - HTTP Request: POST http://localhost:8003/v1/chat/completions "HTTP/1.1 200 OK"

2026-08-18 03:13:03,066 - INFO - HTTP Request: POST http://localhost:8003/v1/chat/completions "HTTP/1.1 200 OK"
2026-08-18 03:13:12,225 - INFO - HTTP Request: POST http://localhost:8003/v1/chat/completions "HTTP/1.1 200 OK"

2026-08-18 03:13:24,174 - INFO - HTTP Request: POST http://localhost:8003/v1/chat/completions "HTTP/1.1 200 OK"
2026-08-18 03:13:34,861 - INFO - HTTP Request: POST http://localhost:8003/v1/chat/completions "HTTP/1.1 200 OK"

2026-08-18 03:13:36,197 - INFO - HTTP Request: POST http://localhost:8003/v1/chat/completions "HTTP/1.1 200 OK"
2026-08-18 03:13:47,958 - INFO - HTTP Request: POST http://localhost:8003/v1/chat/completions "HTTP/1.1 200 OK"

2026-08-18 03:13:58,825 - INFO - HTTP Request: POST http://localhost:8003/v1/chat/completions "HTTP/1.1 200 OK"
2026-08-18 03:14:11,965 - INFO - HTTP Request: POST http://localhost:8003/v1/chat/completions "HTTP/1.1 200 OK"
2026-08-18 03:14:12,218 - INFO - HTTP Request: POST http://localhost:8003/v1/chat/completions "HTTP/1.1 200 OK"

2026-08-18 03:14:23,968 - INFO - HTTP Request: POST http://localhost:8003/v1/chat/completions "HTTP/1.1 200 OK"

2026-08-18 03:14:36,141 - INFO - HTTP Request: POST http://localhost:8003/v1/chat/completions "HTTP/1.1 200 OK"
2026-08-18 03:14:43,133 - INFO - HTTP Request: POST http://localhost:8003/v1/chat/completions "HTTP/1.1 200 OK"
2026-08-18 03:14:50,996 - INFO - HTTP Request: POST http://localhost:8003/v1/chat/completions "HTTP/1.1 200 OK"

2026-08-18 03:14:56,896 - INFO - HTTP Request: POST http://localhost:8003/v1/chat/completions "HTTP/1.1 200 OK"

2026-08-18 03:15:09,929 - INFO - HTTP Request: POST http://localhost:8003/v1/chat/completions "HTTP/1.1 200 OK"
2026-08-18 03:15:21,767 - INFO - HTTP Request: POST http://localhost:8003/v1/chat/completions "HTTP/1.1 200 OK"

2026-08-18 03:15:25,267 - INFO - HTTP Request: POST http://localhost:8003/v1/chat/completions "HTTP/1.1 200 OK"
2026-08-18 03:15:37,013 - INFO - HTTP Request: POST http://localhost:8003/v1/chat/completions "HTTP/1.1 200 OK"

2026-08-18 03:15:50,050 - INFO - HTTP Request: POST http://localhost:8003/v1/chat/completions "HTTP/1.1 200 OK"
2026-08-18 03:15:56,826 - INFO - HTTP Request: POST http://localhost:8003/v1/chat/completions "HTTP/1.1 200 OK"
2026-08-18 03:16:00,784 - INFO - HTTP Request: POST http://localhost:8003/v1/chat/completions "HTTP/1.1 200 OK"

2026-08-18 03:16:08,202 - INFO - HTTP Request: POST http://localhost:8003/v1/chat/completions "HTTP/1.1 200 OK"

2026-08-18 03:16:20,374 - INFO - HTTP Request: POST http://localhost:8003/v1/chat/completions "HTTP/1.1 200 OK"
2026-08-18 03:16:33,087 - INFO - HTTP Request: POST http://localhost:8003/v1/chat/completions "HTTP/1.1 200 OK"

2026-08-18 03:16:37,026 - INFO - HTTP Request: POST http://localhost:8003/v1/chat/completions "HTTP/1.1 200 OK"
2026-08-18 03:16:54,881 - INFO - HTTP Request: POST http://localhost:8003/v1/chat/completions "HTTP/1.1 200 OK"

2026-08-18 03:17:01,856 - INFO - HTTP Request: POST http://localhost:8003/v1/chat/completions "HTTP/1.1 200 OK"
2026-08-18 03:17:15,222 - INFO - HTTP Request: POST http://localhost:8003/v1/chat/completions "HTTP/1.1 200 OK"

2026-08-18 03:17:27,178 - INFO - HTTP Request: POST http://localhost:8003/v1/chat/completions "HTTP/1.1 200 OK"
2026-08-18 03:17:41,128 - INFO - HTTP Request: POST http://localhost:8003/v1/chat/completions "HTTP/1.1 200 OK"

r4_cfg3:  98%|█████████▊| 49/50 [1:15:37<02:07, 127.69s/it]2026-08-18 03:17:42,534 - INFO - HTTP Request: POST http://localhost:8003/v1/chat/completions "HTTP/1.1 200 OK"
2026-08-18 03:17:45,481 - INFO - HTTP Request: POST http://localhost:8003/v1/chat/completions "HTTP/1.1 200 OK"

r4_cfg3: 100%|██████████| 50/50 [1:15:42<00:00, 90.69s/it] r4_cfg3: 100%|██████████| 50/50 [1:15:42<00:00, 90.85s/it]
  done in 4542.3s (valid 50/50, invalid {})

Scored 1 model/s.
Report:  /LAB/Swiss-Knife/tribunal/bayes_search_honesty/eval_results/round4/r4_cfg3/report/index.html
Tables:  /LAB/Swiss-Knife/tribunal/bayes_search_honesty/eval_results/round4/r4_cfg3/model_summary.csv, /LAB/Swiss-Knife/tribunal/bayes_search_honesty/eval_results/round4/r4_cfg3/summary.csv
