2026-08-18 02:05:15,574 - INFO - Judge client pointed at http://localhost:8001/v1
2026-08-18 02:05:18,901 - INFO - Loading Detoxify model (CPU)
2026-08-18 02:05:22,585 - INFO - HTTP Request: HEAD https://huggingface.co/bert-base-uncased/resolve/main/config.json "HTTP/1.1 200 OK"
Warning: You are sending unauthenticated requests to the HF Hub. Please set a HF_TOKEN to enable higher rate limits and faster downloads.
2026-08-18 02:05:22,585 - WARNING - Warning: You are sending unauthenticated requests to the HF Hub. Please set a HF_TOKEN to enable higher rate limits and faster downloads.
input:  /LAB/Swiss-Knife/tribunal/bayes_search_honesty/eval_results/round4/r4_cfg1/_tribunal_input_tmp (1 model file/s)
output: /LAB/Swiss-Knife/tribunal/bayes_search_honesty/eval_results/round4/r4_cfg1
judge:  Qwen/Qwen2.5-32B-Instruct @ http://localhost:8001/v1
detoxify cross-check: True
Loading weights:   0%|          | 0/201 [00:00<?, ?it/s]Loading weights: 100%|██████████| 201/201 [00:00<00:00, 24786.99it/s]
2026-08-18 02:05:22,914 - INFO - HTTP Request: HEAD https://huggingface.co/bert-base-uncased/resolve/main/tokenizer_config.json "HTTP/1.1 200 OK"
2026-08-18 02:05:23,128 - INFO - HTTP Request: GET https://huggingface.co/api/models/bert-base-uncased/tree/main/additional_chat_templates?recursive=false&expand=false "HTTP/1.1 307 Temporary Redirect"
2026-08-18 02:05:23,338 - INFO - HTTP Request: GET https://huggingface.co/api/models/google-bert/bert-base-uncased/tree/main/additional_chat_templates?recursive=false&expand=false "HTTP/1.1 404 Not Found"
2026-08-18 02:05:23,550 - INFO - HTTP Request: GET https://huggingface.co/api/models/bert-base-uncased/tree/main?recursive=true&expand=false "HTTP/1.1 307 Temporary Redirect"
2026-08-18 02:05:23,760 - INFO - HTTP Request: GET https://huggingface.co/api/models/google-bert/bert-base-uncased/tree/main?recursive=true&expand=false "HTTP/1.1 200 OK"

[1/1] r4_cfg1
  scoring 50 records (0 skipped or cached) [workers=4]
r4_cfg1:   0%|          | 0/50 [00:00<?, ?it/s]2026-08-18 02:05:45,745 - INFO - HTTP Request: POST http://localhost:8001/v1/chat/completions "HTTP/1.1 200 OK"
2026-08-18 02:05:45,963 - INFO - HTTP Request: POST http://localhost:8001/v1/chat/completions "HTTP/1.1 200 OK"
2026-08-18 02:05:45,964 - INFO - HTTP Request: POST http://localhost:8001/v1/chat/completions "HTTP/1.1 200 OK"
2026-08-18 02:05:46,541 - INFO - HTTP Request: POST http://localhost:8001/v1/chat/completions "HTTP/1.1 200 OK"
2026-08-18 02:05:55,614 - INFO - HTTP Request: POST http://localhost:8001/v1/chat/completions "HTTP/1.1 200 OK"

2026-08-18 02:05:56,553 - INFO - HTTP Request: POST http://localhost:8001/v1/chat/completions "HTTP/1.1 200 OK"

2026-08-18 02:05:58,075 - INFO - HTTP Request: POST http://localhost:8001/v1/chat/completions "HTTP/1.1 200 OK"

2026-08-18 02:05:59,812 - INFO - HTTP Request: POST http://localhost:8001/v1/chat/completions "HTTP/1.1 200 OK"

2026-08-18 02:06:21,692 - INFO - HTTP Request: POST http://localhost:8001/v1/chat/completions "HTTP/1.1 200 OK"
2026-08-18 02:06:22,994 - INFO - HTTP Request: POST http://localhost:8001/v1/chat/completions "HTTP/1.1 200 OK"
2026-08-18 02:06:24,735 - INFO - HTTP Request: POST http://localhost:8001/v1/chat/completions "HTTP/1.1 200 OK"
2026-08-18 02:06:26,787 - INFO - HTTP Request: POST http://localhost:8001/v1/chat/completions "HTTP/1.1 200 OK"
2026-08-18 02:06:32,593 - INFO - HTTP Request: POST http://localhost:8001/v1/chat/completions "HTTP/1.1 200 OK"

2026-08-18 02:06:36,776 - INFO - HTTP Request: POST http://localhost:8001/v1/chat/completions "HTTP/1.1 200 OK"

2026-08-18 02:06:40,911 - INFO - HTTP Request: POST http://localhost:8001/v1/chat/completions "HTTP/1.1 200 OK"

2026-08-18 02:06:40,912 - INFO - HTTP Request: POST http://localhost:8001/v1/chat/completions "HTTP/1.1 200 OK"

2026-08-18 02:06:56,960 - INFO - HTTP Request: POST http://localhost:8001/v1/chat/completions "HTTP/1.1 200 OK"
2026-08-18 02:07:01,525 - INFO - HTTP Request: POST http://localhost:8001/v1/chat/completions "HTTP/1.1 200 OK"
2026-08-18 02:07:05,878 - INFO - HTTP Request: POST http://localhost:8001/v1/chat/completions "HTTP/1.1 200 OK"
2026-08-18 02:07:05,879 - INFO - HTTP Request: POST http://localhost:8001/v1/chat/completions "HTTP/1.1 200 OK"
2026-08-18 02:07:08,507 - INFO - HTTP Request: POST http://localhost:8001/v1/chat/completions "HTTP/1.1 200 OK"

2026-08-18 02:07:17,263 - INFO - HTTP Request: POST http://localhost:8001/v1/chat/completions "HTTP/1.1 200 OK"

2026-08-18 02:07:20,101 - INFO - HTTP Request: POST http://localhost:8001/v1/chat/completions "HTTP/1.1 200 OK"

2026-08-18 02:07:21,413 - INFO - HTTP Request: POST http://localhost:8001/v1/chat/completions "HTTP/1.1 200 OK"

2026-08-18 02:07:32,479 - INFO - HTTP Request: POST http://localhost:8001/v1/chat/completions "HTTP/1.1 200 OK"
2026-08-18 02:07:41,600 - INFO - HTTP Request: POST http://localhost:8001/v1/chat/completions "HTTP/1.1 200 OK"
2026-08-18 02:07:44,861 - INFO - HTTP Request: POST http://localhost:8001/v1/chat/completions "HTTP/1.1 200 OK"
2026-08-18 02:07:45,945 - INFO - HTTP Request: POST http://localhost:8001/v1/chat/completions "HTTP/1.1 200 OK"

2026-08-18 02:07:46,378 - INFO - HTTP Request: POST http://localhost:8001/v1/chat/completions "HTTP/1.1 200 OK"
2026-08-18 02:07:54,800 - INFO - HTTP Request: POST http://localhost:8001/v1/chat/completions "HTTP/1.1 200 OK"

2026-08-18 02:07:58,073 - INFO - HTTP Request: POST http://localhost:8001/v1/chat/completions "HTTP/1.1 200 OK"

2026-08-18 02:07:58,734 - INFO - HTTP Request: POST http://localhost:8001/v1/chat/completions "HTTP/1.1 200 OK"

2026-08-18 02:08:05,675 - INFO - HTTP Request: POST http://localhost:8001/v1/chat/completions "HTTP/1.1 200 OK"
2026-08-18 02:08:15,016 - INFO - HTTP Request: POST http://localhost:8001/v1/chat/completions "HTTP/1.1 200 OK"
2026-08-18 02:08:18,593 - INFO - HTTP Request: POST http://localhost:8001/v1/chat/completions "HTTP/1.1 200 OK"
2026-08-18 02:08:18,811 - INFO - HTTP Request: POST http://localhost:8001/v1/chat/completions "HTTP/1.1 200 OK"

2026-08-18 02:08:19,564 - INFO - HTTP Request: POST http://localhost:8001/v1/chat/completions "HTTP/1.1 200 OK"
2026-08-18 02:08:30,660 - INFO - HTTP Request: POST http://localhost:8001/v1/chat/completions "HTTP/1.1 200 OK"

2026-08-18 02:08:31,534 - INFO - HTTP Request: POST http://localhost:8001/v1/chat/completions "HTTP/1.1 200 OK"

2026-08-18 02:08:38,486 - INFO - HTTP Request: POST http://localhost:8001/v1/chat/completions "HTTP/1.1 200 OK"

2026-08-18 02:08:48,250 - INFO - HTTP Request: POST http://localhost:8001/v1/chat/completions "HTTP/1.1 200 OK"
2026-08-18 02:08:59,116 - INFO - HTTP Request: POST http://localhost:8001/v1/chat/completions "HTTP/1.1 200 OK"

2026-08-18 02:08:59,836 - INFO - HTTP Request: POST http://localhost:8001/v1/chat/completions "HTTP/1.1 200 OK"
2026-08-18 02:09:01,015 - INFO - HTTP Request: POST http://localhost:8001/v1/chat/completions "HTTP/1.1 200 OK"
2026-08-18 02:09:08,197 - INFO - HTTP Request: POST http://localhost:8001/v1/chat/completions "HTTP/1.1 200 OK"
2026-08-18 02:09:12,867 - INFO - HTTP Request: POST http://localhost:8001/v1/chat/completions "HTTP/1.1 200 OK"

2026-08-18 02:09:17,220 - INFO - HTTP Request: POST http://localhost:8001/v1/chat/completions "HTTP/1.1 200 OK"

2026-08-18 02:09:17,876 - INFO - HTTP Request: POST http://localhost:8001/v1/chat/completions "HTTP/1.1 200 OK"

2026-08-18 02:09:20,046 - INFO - HTTP Request: POST http://localhost:8001/v1/chat/completions "HTTP/1.1 200 OK"
2026-08-18 02:09:30,770 - INFO - HTTP Request: POST http://localhost:8001/v1/chat/completions "HTTP/1.1 200 OK"

2026-08-18 02:09:33,510 - INFO - HTTP Request: POST http://localhost:8001/v1/chat/completions "HTTP/1.1 200 OK"
2026-08-18 02:09:38,079 - INFO - HTTP Request: POST http://localhost:8001/v1/chat/completions "HTTP/1.1 200 OK"
2026-08-18 02:09:39,049 - INFO - HTTP Request: POST http://localhost:8001/v1/chat/completions "HTTP/1.1 200 OK"
2026-08-18 02:09:45,079 - INFO - HTTP Request: POST http://localhost:8001/v1/chat/completions "HTTP/1.1 200 OK"

2026-08-18 02:09:55,526 - INFO - HTTP Request: POST http://localhost:8001/v1/chat/completions "HTTP/1.1 200 OK"

2026-08-18 02:09:55,527 - INFO - HTTP Request: POST http://localhost:8001/v1/chat/completions "HTTP/1.1 200 OK"

2026-08-18 02:10:00,956 - INFO - HTTP Request: POST http://localhost:8001/v1/chat/completions "HTTP/1.1 200 OK"
2026-08-18 02:10:12,780 - INFO - HTTP Request: POST http://localhost:8001/v1/chat/completions "HTTP/1.1 200 OK"

2026-08-18 02:10:14,865 - INFO - HTTP Request: POST http://localhost:8001/v1/chat/completions "HTTP/1.1 200 OK"
2026-08-18 02:10:25,522 - INFO - HTTP Request: POST http://localhost:8001/v1/chat/completions "HTTP/1.1 200 OK"
2026-08-18 02:10:25,526 - INFO - HTTP Request: POST http://localhost:8001/v1/chat/completions "HTTP/1.1 200 OK"
2026-08-18 02:10:26,407 - INFO - HTTP Request: POST http://localhost:8001/v1/chat/completions "HTTP/1.1 200 OK"

2026-08-18 02:10:38,827 - INFO - HTTP Request: POST http://localhost:8001/v1/chat/completions "HTTP/1.1 200 OK"

2026-08-18 02:10:45,140 - INFO - HTTP Request: POST http://localhost:8001/v1/chat/completions "HTTP/1.1 200 OK"

2026-08-18 02:10:46,233 - INFO - HTTP Request: POST http://localhost:8001/v1/chat/completions "HTTP/1.1 200 OK"
2026-08-18 02:10:58,054 - INFO - HTTP Request: POST http://localhost:8001/v1/chat/completions "HTTP/1.1 200 OK"

r4_cfg1:   2%|▏         | 1/50 [05:34<4:32:56, 334.22s/it]2026-08-18 02:11:00,226 - INFO - HTTP Request: POST http://localhost:8001/v1/chat/completions "HTTP/1.1 200 OK"
2026-08-18 02:11:12,335 - INFO - HTTP Request: POST http://localhost:8001/v1/chat/completions "HTTP/1.1 200 OK"

2026-08-18 02:11:12,336 - INFO - HTTP Request: POST http://localhost:8001/v1/chat/completions "HTTP/1.1 200 OK"
r4_cfg1:   4%|▍         | 2/50 [05:48<1:56:49, 146.02s/it]2026-08-18 02:11:17,783 - INFO - HTTP Request: POST http://localhost:8001/v1/chat/completions "HTTP/1.1 200 OK"
2026-08-18 02:11:21,343 - INFO - HTTP Request: POST http://localhost:8001/v1/chat/completions "HTTP/1.1 200 OK"
2026-08-18 02:11:25,798 - INFO - HTTP Request: POST http://localhost:8001/v1/chat/completions "HTTP/1.1 200 OK"

r4_cfg1:   6%|▌         | 3/50 [06:01<1:06:58, 85.49s/it] 2026-08-18 02:11:27,977 - INFO - HTTP Request: POST http://localhost:8001/v1/chat/completions "HTTP/1.1 200 OK"

r4_cfg1:   8%|▊         | 4/50 [06:04<40:19, 52.60s/it]  2026-08-18 02:11:34,059 - INFO - HTTP Request: POST http://localhost:8001/v1/chat/completions "HTTP/1.1 200 OK"

2026-08-18 02:11:35,361 - INFO - HTTP Request: POST http://localhost:8001/v1/chat/completions "HTTP/1.1 200 OK"
2026-08-18 02:11:48,063 - INFO - HTTP Request: POST http://localhost:8001/v1/chat/completions "HTTP/1.1 200 OK"
2026-08-18 02:11:49,461 - INFO - HTTP Request: POST http://localhost:8001/v1/chat/completions "HTTP/1.1 200 OK"

2026-08-18 02:11:50,550 - INFO - HTTP Request: POST http://localhost:8001/v1/chat/completions "HTTP/1.1 200 OK"
2026-08-18 02:11:59,994 - INFO - HTTP Request: POST http://localhost:8001/v1/chat/completions "HTTP/1.1 200 OK"

2026-08-18 02:12:01,084 - INFO - HTTP Request: POST http://localhost:8001/v1/chat/completions "HTTP/1.1 200 OK"
2026-08-18 02:12:03,355 - INFO - HTTP Request: POST http://localhost:8001/v1/chat/completions "HTTP/1.1 200 OK"

2026-08-18 02:12:15,301 - INFO - HTTP Request: POST http://localhost:8001/v1/chat/completions "HTTP/1.1 200 OK"

2026-08-18 02:12:16,170 - INFO - HTTP Request: POST http://localhost:8001/v1/chat/completions "HTTP/1.1 200 OK"
2026-08-18 02:12:26,749 - INFO - HTTP Request: POST http://localhost:8001/v1/chat/completions "HTTP/1.1 200 OK"
2026-08-18 02:12:29,454 - INFO - HTTP Request: POST http://localhost:8001/v1/chat/completions "HTTP/1.1 200 OK"

2026-08-18 02:12:29,888 - INFO - HTTP Request: POST http://localhost:8001/v1/chat/completions "HTTP/1.1 200 OK"
2026-08-18 02:12:36,192 - INFO - HTTP Request: POST http://localhost:8001/v1/chat/completions "HTTP/1.1 200 OK"

2026-08-18 02:12:40,320 - INFO - HTTP Request: POST http://localhost:8001/v1/chat/completions "HTTP/1.1 200 OK"

2026-08-18 02:12:40,754 - INFO - HTTP Request: POST http://localhost:8001/v1/chat/completions "HTTP/1.1 200 OK"
2026-08-18 02:12:54,317 - INFO - HTTP Request: POST http://localhost:8001/v1/chat/completions "HTTP/1.1 200 OK"

2026-08-18 02:12:54,534 - INFO - HTTP Request: POST http://localhost:8001/v1/chat/completions "HTTP/1.1 200 OK"
2026-08-18 02:13:01,203 - INFO - HTTP Request: POST http://localhost:8001/v1/chat/completions "HTTP/1.1 200 OK"
2026-08-18 02:13:05,646 - INFO - HTTP Request: POST http://localhost:8001/v1/chat/completions "HTTP/1.1 200 OK"
2026-08-18 02:13:08,359 - INFO - HTTP Request: POST http://localhost:8001/v1/chat/completions "HTTP/1.1 200 OK"

2026-08-18 02:13:14,025 - INFO - HTTP Request: POST http://localhost:8001/v1/chat/completions "HTTP/1.1 200 OK"

2026-08-18 02:13:18,813 - INFO - HTTP Request: POST http://localhost:8001/v1/chat/completions "HTTP/1.1 200 OK"
2026-08-18 02:13:19,591 - INFO - HTTP Request: POST http://localhost:8001/v1/chat/completions "HTTP/1.1 200 OK"

2026-08-18 02:13:31,408 - INFO - HTTP Request: POST http://localhost:8001/v1/chat/completions "HTTP/1.1 200 OK"

2026-08-18 02:13:32,717 - INFO - HTTP Request: POST http://localhost:8001/v1/chat/completions "HTTP/1.1 200 OK"
2026-08-18 02:13:38,898 - INFO - HTTP Request: POST http://localhost:8001/v1/chat/completions "HTTP/1.1 200 OK"
2026-08-18 02:13:44,428 - INFO - HTTP Request: POST http://localhost:8001/v1/chat/completions "HTTP/1.1 200 OK"
2026-08-18 02:13:45,893 - INFO - HTTP Request: POST http://localhost:8001/v1/chat/completions "HTTP/1.1 200 OK"

2026-08-18 02:13:52,210 - INFO - HTTP Request: POST http://localhost:8001/v1/chat/completions "HTTP/1.1 200 OK"
2026-08-18 02:13:53,394 - INFO - HTTP Request: POST http://localhost:8001/v1/chat/completions "HTTP/1.1 200 OK"

2026-08-18 02:13:57,319 - INFO - HTTP Request: POST http://localhost:8001/v1/chat/completions "HTTP/1.1 200 OK"

2026-08-18 02:14:02,974 - INFO - HTTP Request: POST http://localhost:8001/v1/chat/completions "HTTP/1.1 200 OK"

2026-08-18 02:14:06,010 - INFO - HTTP Request: POST http://localhost:8001/v1/chat/completions "HTTP/1.1 200 OK"
2026-08-18 02:14:13,546 - INFO - HTTP Request: POST http://localhost:8001/v1/chat/completions "HTTP/1.1 200 OK"
2026-08-18 02:14:17,773 - INFO - HTTP Request: POST http://localhost:8001/v1/chat/completions "HTTP/1.1 200 OK"
2026-08-18 02:14:22,008 - INFO - HTTP Request: POST http://localhost:8001/v1/chat/completions "HTTP/1.1 200 OK"

2026-08-18 02:14:25,926 - INFO - HTTP Request: POST http://localhost:8001/v1/chat/completions "HTTP/1.1 200 OK"

2026-08-18 02:14:31,357 - INFO - HTTP Request: POST http://localhost:8001/v1/chat/completions "HTTP/1.1 200 OK"

2026-08-18 02:14:32,660 - INFO - HTTP Request: POST http://localhost:8001/v1/chat/completions "HTTP/1.1 200 OK"
2026-08-18 02:14:41,224 - INFO - HTTP Request: POST http://localhost:8001/v1/chat/completions "HTTP/1.1 200 OK"

2026-08-18 02:14:50,989 - INFO - HTTP Request: POST http://localhost:8001/v1/chat/completions "HTTP/1.1 200 OK"
2026-08-18 02:14:55,213 - INFO - HTTP Request: POST http://localhost:8001/v1/chat/completions "HTTP/1.1 200 OK"
2026-08-18 02:15:00,967 - INFO - HTTP Request: POST http://localhost:8001/v1/chat/completions "HTTP/1.1 200 OK"
2026-08-18 02:15:02,144 - INFO - HTTP Request: POST http://localhost:8001/v1/chat/completions "HTTP/1.1 200 OK"
2026-08-18 02:15:05,950 - INFO - HTTP Request: POST http://localhost:8001/v1/chat/completions "HTTP/1.1 200 OK"

2026-08-18 02:15:06,607 - INFO - HTTP Request: POST http://localhost:8001/v1/chat/completions "HTTP/1.1 200 OK"

2026-08-18 02:15:14,224 - INFO - HTTP Request: POST http://localhost:8001/v1/chat/completions "HTTP/1.1 200 OK"

2026-08-18 02:15:16,834 - INFO - HTTP Request: POST http://localhost:8001/v1/chat/completions "HTTP/1.1 200 OK"

2026-08-18 02:15:25,947 - INFO - HTTP Request: POST http://localhost:8001/v1/chat/completions "HTTP/1.1 200 OK"
2026-08-18 02:15:26,914 - INFO - HTTP Request: POST http://localhost:8001/v1/chat/completions "HTTP/1.1 200 OK"
2026-08-18 02:15:34,897 - INFO - HTTP Request: POST http://localhost:8001/v1/chat/completions "HTTP/1.1 200 OK"
2026-08-18 02:15:37,172 - INFO - HTTP Request: POST http://localhost:8001/v1/chat/completions "HTTP/1.1 200 OK"

2026-08-18 02:15:42,832 - INFO - HTTP Request: POST http://localhost:8001/v1/chat/completions "HTTP/1.1 200 OK"

2026-08-18 02:15:46,963 - INFO - HTTP Request: POST http://localhost:8001/v1/chat/completions "HTTP/1.1 200 OK"
2026-08-18 02:15:49,892 - INFO - HTTP Request: POST http://localhost:8001/v1/chat/completions "HTTP/1.1 200 OK"

2026-08-18 02:16:04,019 - INFO - HTTP Request: POST http://localhost:8001/v1/chat/completions "HTTP/1.1 200 OK"

2026-08-18 02:16:06,632 - INFO - HTTP Request: POST http://localhost:8001/v1/chat/completions "HTTP/1.1 200 OK"
2026-08-18 02:16:12,652 - INFO - HTTP Request: POST http://localhost:8001/v1/chat/completions "HTTP/1.1 200 OK"
2026-08-18 02:16:19,716 - INFO - HTTP Request: POST http://localhost:8001/v1/chat/completions "HTTP/1.1 200 OK"
2026-08-18 02:16:21,556 - INFO - HTTP Request: POST http://localhost:8001/v1/chat/completions "HTTP/1.1 200 OK"

2026-08-18 02:16:24,830 - INFO - HTTP Request: POST http://localhost:8001/v1/chat/completions "HTTP/1.1 200 OK"

2026-08-18 02:16:32,009 - INFO - HTTP Request: POST http://localhost:8001/v1/chat/completions "HTTP/1.1 200 OK"

2026-08-18 02:16:37,658 - INFO - HTTP Request: POST http://localhost:8001/v1/chat/completions "HTTP/1.1 200 OK"
2026-08-18 02:16:49,708 - INFO - HTTP Request: POST http://localhost:8001/v1/chat/completions "HTTP/1.1 200 OK"

r4_cfg1:  10%|█         | 5/50 [11:25<1:52:14, 149.65s/it]2026-08-18 02:16:54,267 - INFO - HTTP Request: POST http://localhost:8001/v1/chat/completions "HTTP/1.1 200 OK"
2026-08-18 02:16:56,590 - INFO - HTTP Request: POST http://localhost:8001/v1/chat/completions "HTTP/1.1 200 OK"
2026-08-18 02:17:05,737 - INFO - HTTP Request: POST http://localhost:8001/v1/chat/completions "HTTP/1.1 200 OK"
2026-08-18 02:17:08,885 - INFO - HTTP Request: POST http://localhost:8001/v1/chat/completions "HTTP/1.1 200 OK"

r4_cfg1:  12%|█▏        | 6/50 [11:45<1:17:12, 105.29s/it]2026-08-18 02:17:11,934 - INFO - HTTP Request: POST http://localhost:8001/v1/chat/completions "HTTP/1.1 200 OK"

r4_cfg1:  14%|█▍        | 7/50 [11:48<51:30, 71.86s/it]   2026-08-18 02:17:12,803 - INFO - HTTP Request: POST http://localhost:8001/v1/chat/completions "HTTP/1.1 200 OK"
2026-08-18 02:17:22,092 - INFO - HTTP Request: POST http://localhost:8001/v1/chat/completions "HTTP/1.1 200 OK"

r4_cfg1:  16%|█▌        | 8/50 [11:58<36:33, 52.22s/it]2026-08-18 02:17:25,569 - INFO - HTTP Request: POST http://localhost:8001/v1/chat/completions "HTTP/1.1 200 OK"

2026-08-18 02:17:31,207 - INFO - HTTP Request: POST http://localhost:8001/v1/chat/completions "HTTP/1.1 200 OK"
2026-08-18 02:17:34,470 - INFO - HTTP Request: POST http://localhost:8001/v1/chat/completions "HTTP/1.1 200 OK"
2026-08-18 02:17:44,351 - INFO - HTTP Request: POST http://localhost:8001/v1/chat/completions "HTTP/1.1 200 OK"

2026-08-18 02:17:44,567 - INFO - HTTP Request: POST http://localhost:8001/v1/chat/completions "HTTP/1.1 200 OK"
2026-08-18 02:17:48,365 - INFO - HTTP Request: POST http://localhost:8001/v1/chat/completions "HTTP/1.1 200 OK"

2026-08-18 02:17:52,494 - INFO - HTTP Request: POST http://localhost:8001/v1/chat/completions "HTTP/1.1 200 OK"
2026-08-18 02:17:57,649 - INFO - HTTP Request: POST http://localhost:8001/v1/chat/completions "HTTP/1.1 200 OK"

2026-08-18 02:18:05,473 - INFO - HTTP Request: POST http://localhost:8001/v1/chat/completions "HTTP/1.1 200 OK"

2026-08-18 02:18:11,114 - INFO - HTTP Request: POST http://localhost:8001/v1/chat/completions "HTTP/1.1 200 OK"
2026-08-18 02:18:15,032 - INFO - HTTP Request: POST http://localhost:8001/v1/chat/completions "HTTP/1.1 200 OK"
2026-08-18 02:18:24,266 - INFO - HTTP Request: POST http://localhost:8001/v1/chat/completions "HTTP/1.1 200 OK"
2026-08-18 02:18:25,013 - INFO - HTTP Request: POST http://localhost:8001/v1/chat/completions "HTTP/1.1 200 OK"

2026-08-18 02:18:27,901 - INFO - HTTP Request: POST http://localhost:8001/v1/chat/completions "HTTP/1.1 200 OK"

2026-08-18 02:18:30,727 - INFO - HTTP Request: POST http://localhost:8001/v1/chat/completions "HTTP/1.1 200 OK"
2026-08-18 02:18:35,882 - INFO - HTTP Request: POST http://localhost:8001/v1/chat/completions "HTTP/1.1 200 OK"

2026-08-18 02:18:47,612 - INFO - HTTP Request: POST http://localhost:8001/v1/chat/completions "HTTP/1.1 200 OK"

2026-08-18 02:18:49,789 - INFO - HTTP Request: POST http://localhost:8001/v1/chat/completions "HTTP/1.1 200 OK"
2026-08-18 02:18:52,837 - INFO - HTTP Request: POST http://localhost:8001/v1/chat/completions "HTTP/1.1 200 OK"
2026-08-18 02:19:00,766 - INFO - HTTP Request: POST http://localhost:8001/v1/chat/completions "HTTP/1.1 200 OK"
2026-08-18 02:19:04,399 - INFO - HTTP Request: POST http://localhost:8001/v1/chat/completions "HTTP/1.1 200 OK"

2026-08-18 02:19:07,238 - INFO - HTTP Request: POST http://localhost:8001/v1/chat/completions "HTTP/1.1 200 OK"

2026-08-18 02:19:12,026 - INFO - HTTP Request: POST http://localhost:8001/v1/chat/completions "HTTP/1.1 200 OK"
2026-08-18 02:19:13,915 - INFO - HTTP Request: POST http://localhost:8001/v1/chat/completions "HTTP/1.1 200 OK"

2026-08-18 02:19:24,784 - INFO - HTTP Request: POST http://localhost:8001/v1/chat/completions "HTTP/1.1 200 OK"

2026-08-18 02:19:28,262 - INFO - HTTP Request: POST http://localhost:8001/v1/chat/completions "HTTP/1.1 200 OK"
2026-08-18 02:19:31,742 - INFO - HTTP Request: POST http://localhost:8001/v1/chat/completions "HTTP/1.1 200 OK"
2026-08-18 02:19:38,360 - INFO - HTTP Request: POST http://localhost:8001/v1/chat/completions "HTTP/1.1 200 OK"
2026-08-18 02:19:41,289 - INFO - HTTP Request: POST http://localhost:8001/v1/chat/completions "HTTP/1.1 200 OK"

2026-08-18 02:19:44,560 - INFO - HTTP Request: POST http://localhost:8001/v1/chat/completions "HTTP/1.1 200 OK"

2026-08-18 02:19:45,439 - INFO - HTTP Request: POST http://localhost:8001/v1/chat/completions "HTTP/1.1 200 OK"
2026-08-18 02:19:51,463 - INFO - HTTP Request: POST http://localhost:8001/v1/chat/completions "HTTP/1.1 200 OK"

2026-08-18 02:20:01,029 - INFO - HTTP Request: POST http://localhost:8001/v1/chat/completions "HTTP/1.1 200 OK"

2026-08-18 02:20:01,463 - INFO - HTTP Request: POST http://localhost:8001/v1/chat/completions "HTTP/1.1 200 OK"
2026-08-18 02:20:04,947 - INFO - HTTP Request: POST http://localhost:8001/v1/chat/completions "HTTP/1.1 200 OK"
2026-08-18 02:20:11,784 - INFO - HTTP Request: POST http://localhost:8001/v1/chat/completions "HTTP/1.1 200 OK"
2026-08-18 02:20:12,806 - INFO - HTTP Request: POST http://localhost:8001/v1/chat/completions "HTTP/1.1 200 OK"

2026-08-18 02:20:18,244 - INFO - HTTP Request: POST http://localhost:8001/v1/chat/completions "HTTP/1.1 200 OK"

2026-08-18 02:20:23,676 - INFO - HTTP Request: POST http://localhost:8001/v1/chat/completions "HTTP/1.1 200 OK"

2026-08-18 02:20:30,618 - INFO - HTTP Request: POST http://localhost:8001/v1/chat/completions "HTTP/1.1 200 OK"
2026-08-18 02:20:41,847 - INFO - HTTP Request: POST http://localhost:8001/v1/chat/completions "HTTP/1.1 200 OK"
2026-08-18 02:20:46,854 - INFO - HTTP Request: POST http://localhost:8001/v1/chat/completions "HTTP/1.1 200 OK"

2026-08-18 02:20:47,510 - INFO - HTTP Request: POST http://localhost:8001/v1/chat/completions "HTTP/1.1 200 OK"
2026-08-18 02:20:52,167 - INFO - HTTP Request: POST http://localhost:8001/v1/chat/completions "HTTP/1.1 200 OK"

2026-08-18 02:20:53,256 - INFO - HTTP Request: POST http://localhost:8001/v1/chat/completions "HTTP/1.1 200 OK"
2026-08-18 02:21:02,051 - INFO - HTTP Request: POST http://localhost:8001/v1/chat/completions "HTTP/1.1 200 OK"

2026-08-18 02:21:06,400 - INFO - HTTP Request: POST http://localhost:8001/v1/chat/completions "HTTP/1.1 200 OK"

2026-08-18 02:21:07,485 - INFO - HTTP Request: POST http://localhost:8001/v1/chat/completions "HTTP/1.1 200 OK"
2026-08-18 02:21:12,851 - INFO - HTTP Request: POST http://localhost:8001/v1/chat/completions "HTTP/1.1 200 OK"
2026-08-18 02:21:22,646 - INFO - HTTP Request: POST http://localhost:8001/v1/chat/completions "HTTP/1.1 200 OK"
2026-08-18 02:21:26,666 - INFO - HTTP Request: POST http://localhost:8001/v1/chat/completions "HTTP/1.1 200 OK"

2026-08-18 02:21:27,322 - INFO - HTTP Request: POST http://localhost:8001/v1/chat/completions "HTTP/1.1 200 OK"
2026-08-18 02:21:28,561 - INFO - HTTP Request: POST http://localhost:8001/v1/chat/completions "HTTP/1.1 200 OK"

2026-08-18 02:21:36,396 - INFO - HTTP Request: POST http://localhost:8001/v1/chat/completions "HTTP/1.1 200 OK"

2026-08-18 02:21:41,831 - INFO - HTTP Request: POST http://localhost:8001/v1/chat/completions "HTTP/1.1 200 OK"

2026-08-18 02:21:56,154 - INFO - HTTP Request: POST http://localhost:8001/v1/chat/completions "HTTP/1.1 200 OK"
2026-08-18 02:21:58,044 - INFO - HTTP Request: POST http://localhost:8001/v1/chat/completions "HTTP/1.1 200 OK"
2026-08-18 02:22:06,107 - INFO - HTTP Request: POST http://localhost:8001/v1/chat/completions "HTTP/1.1 200 OK"
2026-08-18 02:22:10,779 - INFO - HTTP Request: POST http://localhost:8001/v1/chat/completions "HTTP/1.1 200 OK"

2026-08-18 02:22:11,878 - INFO - HTTP Request: POST http://localhost:8001/v1/chat/completions "HTTP/1.1 200 OK"
2026-08-18 02:22:12,096 - INFO - HTTP Request: POST http://localhost:8001/v1/chat/completions "HTTP/1.1 200 OK"

2026-08-18 02:22:22,265 - INFO - HTTP Request: POST http://localhost:8001/v1/chat/completions "HTTP/1.1 200 OK"

2026-08-18 02:22:24,666 - INFO - HTTP Request: POST http://localhost:8001/v1/chat/completions "HTTP/1.1 200 OK"

2026-08-18 02:22:43,768 - INFO - HTTP Request: POST http://localhost:8001/v1/chat/completions "HTTP/1.1 200 OK"
2026-08-18 02:22:45,876 - INFO - HTTP Request: POST http://localhost:8001/v1/chat/completions "HTTP/1.1 200 OK"
2026-08-18 02:22:55,462 - INFO - HTTP Request: POST http://localhost:8001/v1/chat/completions "HTTP/1.1 200 OK"
2026-08-18 02:22:57,519 - INFO - HTTP Request: POST http://localhost:8001/v1/chat/completions "HTTP/1.1 200 OK"

r4_cfg1:  18%|█▊        | 9/50 [17:33<1:36:10, 140.76s/it]2026-08-18 02:22:58,610 - INFO - HTTP Request: POST http://localhost:8001/v1/chat/completions "HTTP/1.1 200 OK"
2026-08-18 02:23:04,427 - INFO - HTTP Request: POST http://localhost:8001/v1/chat/completions "HTTP/1.1 200 OK"

r4_cfg1:  20%|██        | 10/50 [17:40<1:06:17, 99.43s/it]2026-08-18 02:23:08,350 - INFO - HTTP Request: POST http://localhost:8001/v1/chat/completions "HTTP/1.1 200 OK"

r4_cfg1:  22%|██▏       | 11/50 [17:44<45:37, 70.20s/it]  2026-08-18 02:23:10,957 - INFO - HTTP Request: POST http://localhost:8001/v1/chat/completions "HTTP/1.1 200 OK"

r4_cfg1:  24%|██▍       | 12/50 [17:47<31:26, 49.64s/it]2026-08-18 02:23:19,848 - INFO - HTTP Request: POST http://localhost:8001/v1/chat/completions "HTTP/1.1 200 OK"
2026-08-18 02:23:26,673 - INFO - HTTP Request: POST http://localhost:8001/v1/chat/completions "HTTP/1.1 200 OK"
2026-08-18 02:23:30,685 - INFO - HTTP Request: POST http://localhost:8001/v1/chat/completions "HTTP/1.1 200 OK"
2026-08-18 02:23:32,931 - INFO - HTTP Request: POST http://localhost:8001/v1/chat/completions "HTTP/1.1 200 OK"

2026-08-18 02:23:33,588 - INFO - HTTP Request: POST http://localhost:8001/v1/chat/completions "HTTP/1.1 200 OK"
2026-08-18 02:23:36,072 - INFO - HTTP Request: POST http://localhost:8001/v1/chat/completions "HTTP/1.1 200 OK"

2026-08-18 02:23:44,982 - INFO - HTTP Request: POST http://localhost:8001/v1/chat/completions "HTTP/1.1 200 OK"

2026-08-18 02:23:45,636 - INFO - HTTP Request: POST http://localhost:8001/v1/chat/completions "HTTP/1.1 200 OK"

2026-08-18 02:23:59,080 - INFO - HTTP Request: POST http://localhost:8001/v1/chat/completions "HTTP/1.1 200 OK"
2026-08-18 02:24:02,215 - INFO - HTTP Request: POST http://localhost:8001/v1/chat/completions "HTTP/1.1 200 OK"
2026-08-18 02:24:11,717 - INFO - HTTP Request: POST http://localhost:8001/v1/chat/completions "HTTP/1.1 200 OK"
2026-08-18 02:24:11,935 - INFO - HTTP Request: POST http://localhost:8001/v1/chat/completions "HTTP/1.1 200 OK"

2026-08-18 02:24:12,683 - INFO - HTTP Request: POST http://localhost:8001/v1/chat/completions "HTTP/1.1 200 OK"
2026-08-18 02:24:17,765 - INFO - HTTP Request: POST http://localhost:8001/v1/chat/completions "HTTP/1.1 200 OK"

2026-08-18 02:24:21,462 - INFO - HTTP Request: POST http://localhost:8001/v1/chat/completions "HTTP/1.1 200 OK"

2026-08-18 02:24:22,116 - INFO - HTTP Request: POST http://localhost:8001/v1/chat/completions "HTTP/1.1 200 OK"

2026-08-18 02:24:36,648 - INFO - HTTP Request: POST http://localhost:8001/v1/chat/completions "HTTP/1.1 200 OK"
2026-08-18 02:24:42,389 - INFO - HTTP Request: POST http://localhost:8001/v1/chat/completions "HTTP/1.1 200 OK"
2026-08-18 02:24:46,402 - INFO - HTTP Request: POST http://localhost:8001/v1/chat/completions "HTTP/1.1 200 OK"
2026-08-18 02:24:47,370 - INFO - HTTP Request: POST http://localhost:8001/v1/chat/completions "HTTP/1.1 200 OK"
2026-08-18 02:24:51,357 - INFO - HTTP Request: POST http://localhost:8001/v1/chat/completions "HTTP/1.1 200 OK"

2026-08-18 02:24:56,590 - INFO - HTTP Request: POST http://localhost:8001/v1/chat/completions "HTTP/1.1 200 OK"

2026-08-18 02:24:59,859 - INFO - HTTP Request: POST http://localhost:8001/v1/chat/completions "HTTP/1.1 200 OK"

2026-08-18 02:25:00,293 - INFO - HTTP Request: POST http://localhost:8001/v1/chat/completions "HTTP/1.1 200 OK"

2026-08-18 02:25:15,490 - INFO - HTTP Request: POST http://localhost:8001/v1/chat/completions "HTTP/1.1 200 OK"
2026-08-18 02:25:20,860 - INFO - HTTP Request: POST http://localhost:8001/v1/chat/completions "HTTP/1.1 200 OK"
2026-08-18 02:25:24,438 - INFO - HTTP Request: POST http://localhost:8001/v1/chat/completions "HTTP/1.1 200 OK"
2026-08-18 02:25:25,400 - INFO - HTTP Request: POST http://localhost:8001/v1/chat/completions "HTTP/1.1 200 OK"
2026-08-18 02:25:28,952 - INFO - HTTP Request: POST http://localhost:8001/v1/chat/completions "HTTP/1.1 200 OK"

2026-08-18 02:25:33,747 - INFO - HTTP Request: POST http://localhost:8001/v1/chat/completions "HTTP/1.1 200 OK"

2026-08-18 02:25:37,015 - INFO - HTTP Request: POST http://localhost:8001/v1/chat/completions "HTTP/1.1 200 OK"

2026-08-18 02:25:37,232 - INFO - HTTP Request: POST http://localhost:8001/v1/chat/completions "HTTP/1.1 200 OK"

2026-08-18 02:25:48,302 - INFO - HTTP Request: POST http://localhost:8001/v1/chat/completions "HTTP/1.1 200 OK"
2026-08-18 02:25:53,504 - INFO - HTTP Request: POST http://localhost:8001/v1/chat/completions "HTTP/1.1 200 OK"
2026-08-18 02:25:57,568 - INFO - HTTP Request: POST http://localhost:8001/v1/chat/completions "HTTP/1.1 200 OK"
2026-08-18 02:25:57,786 - INFO - HTTP Request: POST http://localhost:8001/v1/chat/completions "HTTP/1.1 200 OK"
2026-08-18 02:26:03,393 - INFO - HTTP Request: POST http://localhost:8001/v1/chat/completions "HTTP/1.1 200 OK"

2026-08-18 02:26:07,967 - INFO - HTTP Request: POST http://localhost:8001/v1/chat/completions "HTTP/1.1 200 OK"

2026-08-18 02:26:09,491 - INFO - HTTP Request: POST http://localhost:8001/v1/chat/completions "HTTP/1.1 200 OK"

2026-08-18 02:26:10,579 - INFO - HTTP Request: POST http://localhost:8001/v1/chat/completions "HTTP/1.1 200 OK"

2026-08-18 02:26:32,053 - INFO - HTTP Request: POST http://localhost:8001/v1/chat/completions "HTTP/1.1 200 OK"
2026-08-18 02:26:36,925 - INFO - HTTP Request: POST http://localhost:8001/v1/chat/completions "HTTP/1.1 200 OK"
2026-08-18 02:26:38,753 - INFO - HTTP Request: POST http://localhost:8001/v1/chat/completions "HTTP/1.1 200 OK"
2026-08-18 02:26:40,155 - INFO - HTTP Request: POST http://localhost:8001/v1/chat/completions "HTTP/1.1 200 OK"
2026-08-18 02:26:46,974 - INFO - HTTP Request: POST http://localhost:8001/v1/chat/completions "HTTP/1.1 200 OK"

2026-08-18 02:26:48,936 - INFO - HTTP Request: POST http://localhost:8001/v1/chat/completions "HTTP/1.1 200 OK"

2026-08-18 02:26:51,764 - INFO - HTTP Request: POST http://localhost:8001/v1/chat/completions "HTTP/1.1 200 OK"

2026-08-18 02:26:54,592 - INFO - HTTP Request: POST http://localhost:8001/v1/chat/completions "HTTP/1.1 200 OK"

2026-08-18 02:27:06,957 - INFO - HTTP Request: POST http://localhost:8001/v1/chat/completions "HTTP/1.1 200 OK"
2026-08-18 02:27:09,223 - INFO - HTTP Request: POST http://localhost:8001/v1/chat/completions "HTTP/1.1 200 OK"
2026-08-18 02:27:12,365 - INFO - HTTP Request: POST http://localhost:8001/v1/chat/completions "HTTP/1.1 200 OK"
2026-08-18 02:27:15,268 - INFO - HTTP Request: POST http://localhost:8001/v1/chat/completions "HTTP/1.1 200 OK"
2026-08-18 02:27:22,340 - INFO - HTTP Request: POST http://localhost:8001/v1/chat/completions "HTTP/1.1 200 OK"

2026-08-18 02:27:24,302 - INFO - HTTP Request: POST http://localhost:8001/v1/chat/completions "HTTP/1.1 200 OK"

2026-08-18 02:27:24,520 - INFO - HTTP Request: POST http://localhost:8001/v1/chat/completions "HTTP/1.1 200 OK"

2026-08-18 02:27:27,563 - INFO - HTTP Request: POST http://localhost:8001/v1/chat/completions "HTTP/1.1 200 OK"

2026-08-18 02:27:51,434 - INFO - HTTP Request: POST http://localhost:8001/v1/chat/completions "HTTP/1.1 200 OK"
2026-08-18 02:27:53,701 - INFO - HTTP Request: POST http://localhost:8001/v1/chat/completions "HTTP/1.1 200 OK"
2026-08-18 02:27:53,918 - INFO - HTTP Request: POST http://localhost:8001/v1/chat/completions "HTTP/1.1 200 OK"
2026-08-18 02:27:57,597 - INFO - HTTP Request: POST http://localhost:8001/v1/chat/completions "HTTP/1.1 200 OK"
2026-08-18 02:28:02,898 - INFO - HTTP Request: POST http://localhost:8001/v1/chat/completions "HTTP/1.1 200 OK"

2026-08-18 02:28:07,915 - INFO - HTTP Request: POST http://localhost:8001/v1/chat/completions "HTTP/1.1 200 OK"

2026-08-18 02:28:09,448 - INFO - HTTP Request: POST http://localhost:8001/v1/chat/completions "HTTP/1.1 200 OK"

2026-08-18 02:28:10,326 - INFO - HTTP Request: POST http://localhost:8001/v1/chat/completions "HTTP/1.1 200 OK"

2026-08-18 02:28:35,935 - INFO - HTTP Request: POST http://localhost:8001/v1/chat/completions "HTTP/1.1 200 OK"
2026-08-18 02:28:40,595 - INFO - HTTP Request: POST http://localhost:8001/v1/chat/completions "HTTP/1.1 200 OK"
2026-08-18 02:28:41,326 - INFO - HTTP Request: POST http://localhost:8001/v1/chat/completions "HTTP/1.1 200 OK"
2026-08-18 02:28:44,396 - INFO - HTTP Request: POST http://localhost:8001/v1/chat/completions "HTTP/1.1 200 OK"
2026-08-18 02:28:48,391 - INFO - HTTP Request: POST http://localhost:8001/v1/chat/completions "HTTP/1.1 200 OK"

r4_cfg1:  26%|██▌       | 13/50 [23:24<1:24:22, 136.82s/it]2026-08-18 02:28:54,492 - INFO - HTTP Request: POST http://localhost:8001/v1/chat/completions "HTTP/1.1 200 OK"

r4_cfg1:  28%|██▊       | 14/50 [23:30<58:24, 97.34s/it]   2026-08-18 02:28:55,144 - INFO - HTTP Request: POST http://localhost:8001/v1/chat/completions "HTTP/1.1 200 OK"

r4_cfg1:  30%|███       | 15/50 [23:31<39:46, 68.19s/it]2026-08-18 02:28:56,234 - INFO - HTTP Request: POST http://localhost:8001/v1/chat/completions "HTTP/1.1 200 OK"

r4_cfg1:  32%|███▏      | 16/50 [23:32<27:11, 48.00s/it]2026-08-18 02:29:09,894 - INFO - HTTP Request: POST http://localhost:8001/v1/chat/completions "HTTP/1.1 200 OK"
2026-08-18 02:29:16,547 - INFO - HTTP Request: POST http://localhost:8001/v1/chat/completions "HTTP/1.1 200 OK"
2026-08-18 02:29:17,511 - INFO - HTTP Request: POST http://localhost:8001/v1/chat/completions "HTTP/1.1 200 OK"
2026-08-18 02:29:18,968 - INFO - HTTP Request: POST http://localhost:8001/v1/chat/completions "HTTP/1.1 200 OK"
2026-08-18 02:29:24,733 - INFO - HTTP Request: POST http://localhost:8001/v1/chat/completions "HTTP/1.1 200 OK"

2026-08-18 02:29:29,744 - INFO - HTTP Request: POST http://localhost:8001/v1/chat/completions "HTTP/1.1 200 OK"

2026-08-18 02:29:33,228 - INFO - HTTP Request: POST http://localhost:8001/v1/chat/completions "HTTP/1.1 200 OK"

2026-08-18 02:29:33,884 - INFO - HTTP Request: POST http://localhost:8001/v1/chat/completions "HTTP/1.1 200 OK"

2026-08-18 02:29:50,799 - INFO - HTTP Request: POST http://localhost:8001/v1/chat/completions "HTTP/1.1 200 OK"
2026-08-18 02:29:55,932 - INFO - HTTP Request: POST http://localhost:8001/v1/chat/completions "HTTP/1.1 200 OK"
2026-08-18 02:29:59,723 - INFO - HTTP Request: POST http://localhost:8001/v1/chat/completions "HTTP/1.1 200 OK"
2026-08-18 02:30:00,745 - INFO - HTTP Request: POST http://localhost:8001/v1/chat/completions "HTTP/1.1 200 OK"
2026-08-18 02:30:04,598 - INFO - HTTP Request: POST http://localhost:8001/v1/chat/completions "HTTP/1.1 200 OK"

2026-08-18 02:30:11,351 - INFO - HTTP Request: POST http://localhost:8001/v1/chat/completions "HTTP/1.1 200 OK"

2026-08-18 02:30:13,531 - INFO - HTTP Request: POST http://localhost:8001/v1/chat/completions "HTTP/1.1 200 OK"

2026-08-18 02:30:16,793 - INFO - HTTP Request: POST http://localhost:8001/v1/chat/completions "HTTP/1.1 200 OK"

2026-08-18 02:30:28,941 - INFO - HTTP Request: POST http://localhost:8001/v1/chat/completions "HTTP/1.1 200 OK"
2026-08-18 02:30:35,815 - INFO - HTTP Request: POST http://localhost:8001/v1/chat/completions "HTTP/1.1 200 OK"
2026-08-18 02:30:38,303 - INFO - HTTP Request: POST http://localhost:8001/v1/chat/completions "HTTP/1.1 200 OK"
2026-08-18 02:30:40,633 - INFO - HTTP Request: POST http://localhost:8001/v1/chat/completions "HTTP/1.1 200 OK"

2026-08-18 02:30:41,946 - INFO - HTTP Request: POST http://localhost:8001/v1/chat/completions "HTTP/1.1 200 OK"
2026-08-18 02:30:51,846 - INFO - HTTP Request: POST http://localhost:8001/v1/chat/completions "HTTP/1.1 200 OK"

2026-08-18 02:30:52,945 - INFO - HTTP Request: POST http://localhost:8001/v1/chat/completions "HTTP/1.1 200 OK"

2026-08-18 02:30:57,949 - INFO - HTTP Request: POST http://localhost:8001/v1/chat/completions "HTTP/1.1 200 OK"

2026-08-18 02:31:04,463 - INFO - HTTP Request: POST http://localhost:8001/v1/chat/completions "HTTP/1.1 200 OK"
2026-08-18 02:31:15,901 - INFO - HTTP Request: POST http://localhost:8001/v1/chat/completions "HTTP/1.1 200 OK"
2026-08-18 02:31:16,862 - INFO - HTTP Request: POST http://localhost:8001/v1/chat/completions "HTTP/1.1 200 OK"
2026-08-18 02:31:18,102 - INFO - HTTP Request: POST http://localhost:8001/v1/chat/completions "HTTP/1.1 200 OK"

2026-08-18 02:31:22,245 - INFO - HTTP Request: POST http://localhost:8001/v1/chat/completions "HTTP/1.1 200 OK"
2026-08-18 02:31:29,096 - INFO - HTTP Request: POST http://localhost:8001/v1/chat/completions "HTTP/1.1 200 OK"

2026-08-18 02:31:29,977 - INFO - HTTP Request: POST http://localhost:8001/v1/chat/completions "HTTP/1.1 200 OK"

2026-08-18 02:31:34,546 - INFO - HTTP Request: POST http://localhost:8001/v1/chat/completions "HTTP/1.1 200 OK"

2026-08-18 02:31:37,805 - INFO - HTTP Request: POST http://localhost:8001/v1/chat/completions "HTTP/1.1 200 OK"
2026-08-18 02:31:48,583 - INFO - HTTP Request: POST http://localhost:8001/v1/chat/completions "HTTP/1.1 200 OK"
2026-08-18 02:31:48,587 - INFO - HTTP Request: POST http://localhost:8001/v1/chat/completions "HTTP/1.1 200 OK"

2026-08-18 02:31:50,203 - INFO - HTTP Request: POST http://localhost:8001/v1/chat/completions "HTTP/1.1 200 OK"
2026-08-18 02:31:54,703 - INFO - HTTP Request: POST http://localhost:8001/v1/chat/completions "HTTP/1.1 200 OK"
2026-08-18 02:32:01,386 - INFO - HTTP Request: POST http://localhost:8001/v1/chat/completions "HTTP/1.1 200 OK"

2026-08-18 02:32:04,872 - INFO - HTTP Request: POST http://localhost:8001/v1/chat/completions "HTTP/1.1 200 OK"

2026-08-18 02:32:09,655 - INFO - HTTP Request: POST http://localhost:8001/v1/chat/completions "HTTP/1.1 200 OK"

2026-08-18 02:32:18,334 - INFO - HTTP Request: POST http://localhost:8001/v1/chat/completions "HTTP/1.1 200 OK"
2026-08-18 02:32:28,905 - INFO - HTTP Request: POST http://localhost:8001/v1/chat/completions "HTTP/1.1 200 OK"

2026-08-18 02:32:30,207 - INFO - HTTP Request: POST http://localhost:8001/v1/chat/completions "HTTP/1.1 200 OK"
2026-08-18 02:32:33,996 - INFO - HTTP Request: POST http://localhost:8001/v1/chat/completions "HTTP/1.1 200 OK"
2026-08-18 02:32:39,149 - INFO - HTTP Request: POST http://localhost:8001/v1/chat/completions "HTTP/1.1 200 OK"
2026-08-18 02:32:45,778 - INFO - HTTP Request: POST http://localhost:8001/v1/chat/completions "HTTP/1.1 200 OK"

2026-08-18 02:32:48,827 - INFO - HTTP Request: POST http://localhost:8001/v1/chat/completions "HTTP/1.1 200 OK"

2026-08-18 02:32:49,917 - INFO - HTTP Request: POST http://localhost:8001/v1/chat/completions "HTTP/1.1 200 OK"
2026-08-18 02:32:52,017 - INFO - HTTP Request: POST http://localhost:8001/v1/chat/completions "HTTP/1.1 200 OK"

2026-08-18 02:33:02,655 - INFO - HTTP Request: POST http://localhost:8001/v1/chat/completions "HTTP/1.1 200 OK"

2026-08-18 02:33:05,910 - INFO - HTTP Request: POST http://localhost:8001/v1/chat/completions "HTTP/1.1 200 OK"
2026-08-18 02:33:09,267 - INFO - HTTP Request: POST http://localhost:8001/v1/chat/completions "HTTP/1.1 200 OK"
2026-08-18 02:33:12,686 - INFO - HTTP Request: POST http://localhost:8001/v1/chat/completions "HTTP/1.1 200 OK"
2026-08-18 02:33:17,363 - INFO - HTTP Request: POST http://localhost:8001/v1/chat/completions "HTTP/1.1 200 OK"

2026-08-18 02:33:22,154 - INFO - HTTP Request: POST http://localhost:8001/v1/chat/completions "HTTP/1.1 200 OK"

2026-08-18 02:33:26,720 - INFO - HTTP Request: POST http://localhost:8001/v1/chat/completions "HTTP/1.1 200 OK"

2026-08-18 02:33:32,798 - INFO - HTTP Request: POST http://localhost:8001/v1/chat/completions "HTTP/1.1 200 OK"
2026-08-18 02:33:46,625 - INFO - HTTP Request: POST http://localhost:8001/v1/chat/completions "HTTP/1.1 200 OK"
2026-08-18 02:33:47,809 - INFO - HTTP Request: POST http://localhost:8001/v1/chat/completions "HTTP/1.1 200 OK"

2026-08-18 02:33:51,732 - INFO - HTTP Request: POST http://localhost:8001/v1/chat/completions "HTTP/1.1 200 OK"
2026-08-18 02:33:56,674 - INFO - HTTP Request: POST http://localhost:8001/v1/chat/completions "HTTP/1.1 200 OK"
2026-08-18 02:34:01,129 - INFO - HTTP Request: POST http://localhost:8001/v1/chat/completions "HTTP/1.1 200 OK"

2026-08-18 02:34:02,880 - INFO - HTTP Request: POST http://localhost:8001/v1/chat/completions "HTTP/1.1 200 OK"

2026-08-18 02:34:10,713 - INFO - HTTP Request: POST http://localhost:8001/v1/chat/completions "HTTP/1.1 200 OK"

2026-08-18 02:34:21,136 - INFO - HTTP Request: POST http://localhost:8001/v1/chat/completions "HTTP/1.1 200 OK"
2026-08-18 02:34:29,749 - INFO - HTTP Request: POST http://localhost:8001/v1/chat/completions "HTTP/1.1 200 OK"

r4_cfg1:  34%|███▍      | 17/50 [29:05<1:13:37, 133.85s/it]2026-08-18 02:34:33,657 - INFO - HTTP Request: POST http://localhost:8001/v1/chat/completions "HTTP/1.1 200 OK"
2026-08-18 02:34:36,359 - INFO - HTTP Request: POST http://localhost:8001/v1/chat/completions "HTTP/1.1 200 OK"
2026-08-18 02:34:44,561 - INFO - HTTP Request: POST http://localhost:8001/v1/chat/completions "HTTP/1.1 200 OK"
2026-08-18 02:34:47,277 - INFO - HTTP Request: POST http://localhost:8001/v1/chat/completions "HTTP/1.1 200 OK"

r4_cfg1:  36%|███▌      | 18/50 [29:23<52:44, 98.90s/it]   2026-08-18 02:34:49,457 - INFO - HTTP Request: POST http://localhost:8001/v1/chat/completions "HTTP/1.1 200 OK"

r4_cfg1:  38%|███▊      | 19/50 [29:25<36:05, 69.85s/it]2026-08-18 02:34:52,718 - INFO - HTTP Request: POST http://localhost:8001/v1/chat/completions "HTTP/1.1 200 OK"
2026-08-18 02:34:58,033 - INFO - HTTP Request: POST http://localhost:8001/v1/chat/completions "HTTP/1.1 200 OK"

r4_cfg1:  40%|████      | 20/50 [29:34<25:43, 51.45s/it]2026-08-18 02:35:07,157 - INFO - HTTP Request: POST http://localhost:8001/v1/chat/completions "HTTP/1.1 200 OK"

2026-08-18 02:35:09,544 - INFO - HTTP Request: POST http://localhost:8001/v1/chat/completions "HTTP/1.1 200 OK"
2026-08-18 02:35:12,085 - INFO - HTTP Request: POST http://localhost:8001/v1/chat/completions "HTTP/1.1 200 OK"
2026-08-18 02:35:20,562 - INFO - HTTP Request: POST http://localhost:8001/v1/chat/completions "HTTP/1.1 200 OK"
2026-08-18 02:35:21,745 - INFO - HTTP Request: POST http://localhost:8001/v1/chat/completions "HTTP/1.1 200 OK"

2026-08-18 02:35:25,225 - INFO - HTTP Request: POST http://localhost:8001/v1/chat/completions "HTTP/1.1 200 OK"

2026-08-18 02:35:32,393 - INFO - HTTP Request: POST http://localhost:8001/v1/chat/completions "HTTP/1.1 200 OK"

2026-08-18 02:35:34,130 - INFO - HTTP Request: POST http://localhost:8001/v1/chat/completions "HTTP/1.1 200 OK"
2026-08-18 02:35:45,737 - INFO - HTTP Request: POST http://localhost:8001/v1/chat/completions "HTTP/1.1 200 OK"

2026-08-18 02:35:48,124 - INFO - HTTP Request: POST http://localhost:8001/v1/chat/completions "HTTP/1.1 200 OK"
2026-08-18 02:35:51,972 - INFO - HTTP Request: POST http://localhost:8001/v1/chat/completions "HTTP/1.1 200 OK"
2026-08-18 02:35:58,057 - INFO - HTTP Request: POST http://localhost:8001/v1/chat/completions "HTTP/1.1 200 OK"

2026-08-18 02:35:59,364 - INFO - HTTP Request: POST http://localhost:8001/v1/chat/completions "HTTP/1.1 200 OK"
2026-08-18 02:36:05,112 - INFO - HTTP Request: POST http://localhost:8001/v1/chat/completions "HTTP/1.1 200 OK"

2026-08-18 02:36:10,979 - INFO - HTTP Request: POST http://localhost:8001/v1/chat/completions "HTTP/1.1 200 OK"
2026-08-18 02:36:11,694 - INFO - HTTP Request: POST http://localhost:8001/v1/chat/completions "HTTP/1.1 200 OK"

2026-08-18 02:36:23,022 - INFO - HTTP Request: POST http://localhost:8001/v1/chat/completions "HTTP/1.1 200 OK"
2026-08-18 02:36:26,438 - INFO - HTTP Request: POST http://localhost:8001/v1/chat/completions "HTTP/1.1 200 OK"

2026-08-18 02:36:30,142 - INFO - HTTP Request: POST http://localhost:8001/v1/chat/completions "HTTP/1.1 200 OK"
2026-08-18 02:36:36,443 - INFO - HTTP Request: POST http://localhost:8001/v1/chat/completions "HTTP/1.1 200 OK"

2026-08-18 02:36:36,661 - INFO - HTTP Request: POST http://localhost:8001/v1/chat/completions "HTTP/1.1 200 OK"
2026-08-18 02:36:41,760 - INFO - HTTP Request: POST http://localhost:8001/v1/chat/completions "HTTP/1.1 200 OK"

2026-08-18 02:36:46,981 - INFO - HTTP Request: POST http://localhost:8001/v1/chat/completions "HTTP/1.1 200 OK"

2026-08-18 02:36:51,110 - INFO - HTTP Request: POST http://localhost:8001/v1/chat/completions "HTTP/1.1 200 OK"
2026-08-18 02:37:01,258 - INFO - HTTP Request: POST http://localhost:8001/v1/chat/completions "HTTP/1.1 200 OK"
2026-08-18 02:37:04,238 - INFO - HTTP Request: POST http://localhost:8001/v1/chat/completions "HTTP/1.1 200 OK"

2026-08-18 02:37:05,985 - INFO - HTTP Request: POST http://localhost:8001/v1/chat/completions "HTTP/1.1 200 OK"
2026-08-18 02:37:12,003 - INFO - HTTP Request: POST http://localhost:8001/v1/chat/completions "HTTP/1.1 200 OK"
2026-08-18 02:37:14,390 - INFO - HTTP Request: POST http://localhost:8001/v1/chat/completions "HTTP/1.1 200 OK"

2026-08-18 02:37:18,313 - INFO - HTTP Request: POST http://localhost:8001/v1/chat/completions "HTTP/1.1 200 OK"

2026-08-18 02:37:24,620 - INFO - HTTP Request: POST http://localhost:8001/v1/chat/completions "HTTP/1.1 200 OK"
2026-08-18 02:37:24,838 - INFO - HTTP Request: POST http://localhost:8001/v1/chat/completions "HTTP/1.1 200 OK"

2026-08-18 02:37:34,060 - INFO - HTTP Request: POST http://localhost:8001/v1/chat/completions "HTTP/1.1 200 OK"
2026-08-18 02:37:38,195 - INFO - HTTP Request: POST http://localhost:8001/v1/chat/completions "HTTP/1.1 200 OK"

2026-08-18 02:37:38,849 - INFO - HTTP Request: POST http://localhost:8001/v1/chat/completions "HTTP/1.1 200 OK"
2026-08-18 02:37:45,587 - INFO - HTTP Request: POST http://localhost:8001/v1/chat/completions "HTTP/1.1 200 OK"
2026-08-18 02:37:50,038 - INFO - HTTP Request: POST http://localhost:8001/v1/chat/completions "HTTP/1.1 200 OK"

2026-08-18 02:37:51,128 - INFO - HTTP Request: POST http://localhost:8001/v1/chat/completions "HTTP/1.1 200 OK"

2026-08-18 02:37:55,691 - INFO - HTTP Request: POST http://localhost:8001/v1/chat/completions "HTTP/1.1 200 OK"

2026-08-18 02:38:07,405 - INFO - HTTP Request: POST http://localhost:8001/v1/chat/completions "HTTP/1.1 200 OK"
2026-08-18 02:38:19,014 - INFO - HTTP Request: POST http://localhost:8001/v1/chat/completions "HTTP/1.1 200 OK"
2026-08-18 02:38:20,250 - INFO - HTTP Request: POST http://localhost:8001/v1/chat/completions "HTTP/1.1 200 OK"

2026-08-18 02:38:20,467 - INFO - HTTP Request: POST http://localhost:8001/v1/chat/completions "HTTP/1.1 200 OK"
2026-08-18 02:38:25,185 - INFO - HTTP Request: POST http://localhost:8001/v1/chat/completions "HTTP/1.1 200 OK"
2026-08-18 02:38:32,028 - INFO - HTTP Request: POST http://localhost:8001/v1/chat/completions "HTTP/1.1 200 OK"

2026-08-18 02:38:33,770 - INFO - HTTP Request: POST http://localhost:8001/v1/chat/completions "HTTP/1.1 200 OK"

2026-08-18 02:38:37,901 - INFO - HTTP Request: POST http://localhost:8001/v1/chat/completions "HTTP/1.1 200 OK"

2026-08-18 02:38:40,722 - INFO - HTTP Request: POST http://localhost:8001/v1/chat/completions "HTTP/1.1 200 OK"
2026-08-18 02:38:52,334 - INFO - HTTP Request: POST http://localhost:8001/v1/chat/completions "HTTP/1.1 200 OK"
2026-08-18 02:38:54,443 - INFO - HTTP Request: POST http://localhost:8001/v1/chat/completions "HTTP/1.1 200 OK"
2026-08-18 02:38:55,526 - INFO - HTTP Request: POST http://localhost:8001/v1/chat/completions "HTTP/1.1 200 OK"

2026-08-18 02:38:58,792 - INFO - HTTP Request: POST http://localhost:8001/v1/chat/completions "HTTP/1.1 200 OK"
2026-08-18 02:39:07,601 - INFO - HTTP Request: POST http://localhost:8001/v1/chat/completions "HTTP/1.1 200 OK"

2026-08-18 02:39:10,868 - INFO - HTTP Request: POST http://localhost:8001/v1/chat/completions "HTTP/1.1 200 OK"

2026-08-18 02:39:12,610 - INFO - HTTP Request: POST http://localhost:8001/v1/chat/completions "HTTP/1.1 200 OK"

2026-08-18 02:39:24,980 - INFO - HTTP Request: POST http://localhost:8001/v1/chat/completions "HTTP/1.1 200 OK"
2026-08-18 02:39:37,032 - INFO - HTTP Request: POST http://localhost:8001/v1/chat/completions "HTTP/1.1 200 OK"
2026-08-18 02:39:39,421 - INFO - HTTP Request: POST http://localhost:8001/v1/chat/completions "HTTP/1.1 200 OK"

2026-08-18 02:39:40,517 - INFO - HTTP Request: POST http://localhost:8001/v1/chat/completions "HTTP/1.1 200 OK"
2026-08-18 02:39:42,628 - INFO - HTTP Request: POST http://localhost:8001/v1/chat/completions "HTTP/1.1 200 OK"
2026-08-18 02:39:51,873 - INFO - HTTP Request: POST http://localhost:8001/v1/chat/completions "HTTP/1.1 200 OK"

2026-08-18 02:39:55,148 - INFO - HTTP Request: POST http://localhost:8001/v1/chat/completions "HTTP/1.1 200 OK"

2026-08-18 02:39:56,245 - INFO - HTTP Request: POST http://localhost:8001/v1/chat/completions "HTTP/1.1 200 OK"

2026-08-18 02:40:13,177 - INFO - HTTP Request: POST http://localhost:8001/v1/chat/completions "HTTP/1.1 200 OK"
2026-08-18 02:40:25,229 - INFO - HTTP Request: POST http://localhost:8001/v1/chat/completions "HTTP/1.1 200 OK"
2026-08-18 02:40:26,530 - INFO - HTTP Request: POST http://localhost:8001/v1/chat/completions "HTTP/1.1 200 OK"

r4_cfg1:  42%|████▏     | 21/50 [35:02<1:05:03, 134.61s/it]2026-08-18 02:40:28,272 - INFO - HTTP Request: POST http://localhost:8001/v1/chat/completions "HTTP/1.1 200 OK"
2026-08-18 02:40:30,110 - INFO - HTTP Request: POST http://localhost:8001/v1/chat/completions "HTTP/1.1 200 OK"
2026-08-18 02:40:35,490 - INFO - HTTP Request: POST http://localhost:8001/v1/chat/completions "HTTP/1.1 200 OK"

r4_cfg1:  44%|████▍     | 22/50 [35:11<45:13, 96.90s/it]   2026-08-18 02:40:40,718 - INFO - HTTP Request: POST http://localhost:8001/v1/chat/completions "HTTP/1.1 200 OK"

r4_cfg1:  46%|████▌     | 23/50 [35:16<31:13, 69.39s/it]2026-08-18 02:40:43,545 - INFO - HTTP Request: POST http://localhost:8001/v1/chat/completions "HTTP/1.1 200 OK"

r4_cfg1:  48%|████▊     | 24/50 [35:19<21:24, 49.42s/it]2026-08-18 02:40:49,184 - INFO - HTTP Request: POST http://localhost:8001/v1/chat/completions "HTTP/1.1 200 OK"
2026-08-18 02:40:57,528 - INFO - HTTP Request: POST http://localhost:8001/v1/chat/completions "HTTP/1.1 200 OK"
2026-08-18 02:41:01,319 - INFO - HTTP Request: POST http://localhost:8001/v1/chat/completions "HTTP/1.1 200 OK"

2026-08-18 02:41:03,060 - INFO - HTTP Request: POST http://localhost:8001/v1/chat/completions "HTTP/1.1 200 OK"
2026-08-18 02:41:06,418 - INFO - HTTP Request: POST http://localhost:8001/v1/chat/completions "HTTP/1.1 200 OK"
2026-08-18 02:41:11,857 - INFO - HTTP Request: POST http://localhost:8001/v1/chat/completions "HTTP/1.1 200 OK"

2026-08-18 02:41:18,381 - INFO - HTTP Request: POST http://localhost:8001/v1/chat/completions "HTTP/1.1 200 OK"

2026-08-18 02:41:22,292 - INFO - HTTP Request: POST http://localhost:8001/v1/chat/completions "HTTP/1.1 200 OK"

2026-08-18 02:41:27,930 - INFO - HTTP Request: POST http://localhost:8001/v1/chat/completions "HTTP/1.1 200 OK"
2026-08-18 02:41:38,239 - INFO - HTTP Request: POST http://localhost:8001/v1/chat/completions "HTTP/1.1 200 OK"
2026-08-18 02:41:43,992 - INFO - HTTP Request: POST http://localhost:8001/v1/chat/completions "HTTP/1.1 200 OK"

2026-08-18 02:41:45,082 - INFO - HTTP Request: POST http://localhost:8001/v1/chat/completions "HTTP/1.1 200 OK"
2026-08-18 02:41:49,212 - INFO - HTTP Request: POST http://localhost:8001/v1/chat/completions "HTTP/1.1 200 OK"
2026-08-18 02:41:53,065 - INFO - HTTP Request: POST http://localhost:8001/v1/chat/completions "HTTP/1.1 200 OK"

2026-08-18 02:42:00,897 - INFO - HTTP Request: POST http://localhost:8001/v1/chat/completions "HTTP/1.1 200 OK"

2026-08-18 02:42:01,552 - INFO - HTTP Request: POST http://localhost:8001/v1/chat/completions "HTTP/1.1 200 OK"

2026-08-18 02:42:07,842 - INFO - HTTP Request: POST http://localhost:8001/v1/chat/completions "HTTP/1.1 200 OK"
2026-08-18 02:42:17,828 - INFO - HTTP Request: POST http://localhost:8001/v1/chat/completions "HTTP/1.1 200 OK"
2026-08-18 02:42:21,186 - INFO - HTTP Request: POST http://localhost:8001/v1/chat/completions "HTTP/1.1 200 OK"

2026-08-18 02:42:25,979 - INFO - HTTP Request: POST http://localhost:8001/v1/chat/completions "HTTP/1.1 200 OK"
2026-08-18 02:42:26,845 - INFO - HTTP Request: POST http://localhost:8001/v1/chat/completions "HTTP/1.1 200 OK"
2026-08-18 02:42:27,062 - INFO - HTTP Request: POST http://localhost:8001/v1/chat/completions "HTTP/1.1 200 OK"

2026-08-18 02:42:36,134 - INFO - HTTP Request: POST http://localhost:8001/v1/chat/completions "HTTP/1.1 200 OK"

2026-08-18 02:42:45,051 - INFO - HTTP Request: POST http://localhost:8001/v1/chat/completions "HTTP/1.1 200 OK"

2026-08-18 02:42:45,269 - INFO - HTTP Request: POST http://localhost:8001/v1/chat/completions "HTTP/1.1 200 OK"
2026-08-18 02:42:51,662 - INFO - HTTP Request: POST http://localhost:8001/v1/chat/completions "HTTP/1.1 200 OK"
2026-08-18 02:42:58,061 - INFO - HTTP Request: POST http://localhost:8001/v1/chat/completions "HTTP/1.1 200 OK"

2026-08-18 02:43:00,895 - INFO - HTTP Request: POST http://localhost:8001/v1/chat/completions "HTTP/1.1 200 OK"
2026-08-18 02:43:04,302 - INFO - HTTP Request: POST http://localhost:8001/v1/chat/completions "HTTP/1.1 200 OK"

2026-08-18 02:43:09,957 - INFO - HTTP Request: POST http://localhost:8001/v1/chat/completions "HTTP/1.1 200 OK"
2026-08-18 02:43:14,300 - INFO - HTTP Request: POST http://localhost:8001/v1/chat/completions "HTTP/1.1 200 OK"

2026-08-18 02:43:18,436 - INFO - HTTP Request: POST http://localhost:8001/v1/chat/completions "HTTP/1.1 200 OK"
2026-08-18 02:43:24,185 - INFO - HTTP Request: POST http://localhost:8001/v1/chat/completions "HTTP/1.1 200 OK"

2026-08-18 02:43:24,847 - INFO - HTTP Request: POST http://localhost:8001/v1/chat/completions "HTTP/1.1 200 OK"
2026-08-18 02:43:31,682 - INFO - HTTP Request: POST http://localhost:8001/v1/chat/completions "HTTP/1.1 200 OK"

2026-08-18 02:43:34,726 - INFO - HTTP Request: POST http://localhost:8001/v1/chat/completions "HTTP/1.1 200 OK"
2026-08-18 02:43:37,330 - INFO - HTTP Request: POST http://localhost:8001/v1/chat/completions "HTTP/1.1 200 OK"

2026-08-18 02:43:43,847 - INFO - HTTP Request: POST http://localhost:8001/v1/chat/completions "HTTP/1.1 200 OK"

2026-08-18 02:43:44,500 - INFO - HTTP Request: POST http://localhost:8001/v1/chat/completions "HTTP/1.1 200 OK"
2026-08-18 02:43:54,425 - INFO - HTTP Request: POST http://localhost:8001/v1/chat/completions "HTTP/1.1 200 OK"

2026-08-18 02:44:00,934 - INFO - HTTP Request: POST http://localhost:8001/v1/chat/completions "HTTP/1.1 200 OK"
2026-08-18 02:44:06,673 - INFO - HTTP Request: POST http://localhost:8001/v1/chat/completions "HTTP/1.1 200 OK"
2026-08-18 02:44:13,506 - INFO - HTTP Request: POST http://localhost:8001/v1/chat/completions "HTTP/1.1 200 OK"
2026-08-18 02:44:15,391 - INFO - HTTP Request: POST http://localhost:8001/v1/chat/completions "HTTP/1.1 200 OK"

2026-08-18 02:44:16,699 - INFO - HTTP Request: POST http://localhost:8001/v1/chat/completions "HTTP/1.1 200 OK"

2026-08-18 02:44:23,868 - INFO - HTTP Request: POST http://localhost:8001/v1/chat/completions "HTTP/1.1 200 OK"
2026-08-18 02:44:29,399 - INFO - HTTP Request: POST http://localhost:8001/v1/chat/completions "HTTP/1.1 200 OK"

2026-08-18 02:44:35,702 - INFO - HTTP Request: POST http://localhost:8001/v1/chat/completions "HTTP/1.1 200 OK"
2026-08-18 02:44:36,435 - INFO - HTTP Request: POST http://localhost:8001/v1/chat/completions "HTTP/1.1 200 OK"

2026-08-18 02:44:37,325 - INFO - HTTP Request: POST http://localhost:8001/v1/chat/completions "HTTP/1.1 200 OK"
2026-08-18 02:44:50,036 - INFO - HTTP Request: POST http://localhost:8001/v1/chat/completions "HTTP/1.1 200 OK"
2026-08-18 02:44:50,254 - INFO - HTTP Request: POST http://localhost:8001/v1/chat/completions "HTTP/1.1 200 OK"

2026-08-18 02:44:56,992 - INFO - HTTP Request: POST http://localhost:8001/v1/chat/completions "HTTP/1.1 200 OK"
2026-08-18 02:44:58,450 - INFO - HTTP Request: POST http://localhost:8001/v1/chat/completions "HTTP/1.1 200 OK"

2026-08-18 02:45:00,626 - INFO - HTTP Request: POST http://localhost:8001/v1/chat/completions "HTTP/1.1 200 OK"

2026-08-18 02:45:09,974 - INFO - HTTP Request: POST http://localhost:8001/v1/chat/completions "HTTP/1.1 200 OK"

2026-08-18 02:45:19,958 - INFO - HTTP Request: POST http://localhost:8001/v1/chat/completions "HTTP/1.1 200 OK"
2026-08-18 02:45:27,883 - INFO - HTTP Request: POST http://localhost:8001/v1/chat/completions "HTTP/1.1 200 OK"
2026-08-18 02:45:30,374 - INFO - HTTP Request: POST http://localhost:8001/v1/chat/completions "HTTP/1.1 200 OK"
2026-08-18 02:45:34,291 - INFO - HTTP Request: POST http://localhost:8001/v1/chat/completions "HTTP/1.1 200 OK"

2026-08-18 02:45:39,955 - INFO - HTTP Request: POST http://localhost:8001/v1/chat/completions "HTTP/1.1 200 OK"
2026-08-18 02:45:40,684 - INFO - HTTP Request: POST http://localhost:8001/v1/chat/completions "HTTP/1.1 200 OK"

2026-08-18 02:45:42,725 - INFO - HTTP Request: POST http://localhost:8001/v1/chat/completions "HTTP/1.1 200 OK"

2026-08-18 02:46:00,335 - INFO - HTTP Request: POST http://localhost:8001/v1/chat/completions "HTTP/1.1 200 OK"

2026-08-18 02:46:07,070 - INFO - HTTP Request: POST http://localhost:8001/v1/chat/completions "HTTP/1.1 200 OK"
2026-08-18 02:46:13,470 - INFO - HTTP Request: POST http://localhost:8001/v1/chat/completions "HTTP/1.1 200 OK"
2026-08-18 02:46:16,398 - INFO - HTTP Request: POST http://localhost:8001/v1/chat/completions "HTTP/1.1 200 OK"
2026-08-18 02:46:20,094 - INFO - HTTP Request: POST http://localhost:8001/v1/chat/completions "HTTP/1.1 200 OK"

r4_cfg1:  50%|█████     | 25/50 [40:56<56:29, 135.57s/it]2026-08-18 02:46:26,627 - INFO - HTTP Request: POST http://localhost:8001/v1/chat/completions "HTTP/1.1 200 OK"

r4_cfg1:  52%|█████▏    | 26/50 [41:02<38:44, 96.85s/it] 2026-08-18 02:46:30,104 - INFO - HTTP Request: POST http://localhost:8001/v1/chat/completions "HTTP/1.1 200 OK"

r4_cfg1:  54%|█████▍    | 27/50 [41:06<26:23, 68.84s/it]2026-08-18 02:46:32,491 - INFO - HTTP Request: POST http://localhost:8001/v1/chat/completions "HTTP/1.1 200 OK"
2026-08-18 02:46:42,563 - INFO - HTTP Request: POST http://localhost:8001/v1/chat/completions "HTTP/1.1 200 OK"
2026-08-18 02:46:45,050 - INFO - HTTP Request: POST http://localhost:8001/v1/chat/completions "HTTP/1.1 200 OK"

r4_cfg1:  56%|█████▌    | 28/50 [41:21<19:18, 52.67s/it]2026-08-18 02:46:49,395 - INFO - HTTP Request: POST http://localhost:8001/v1/chat/completions "HTTP/1.1 200 OK"
2026-08-18 02:46:53,026 - INFO - HTTP Request: POST http://localhost:8001/v1/chat/completions "HTTP/1.1 200 OK"
2026-08-18 02:46:57,914 - INFO - HTTP Request: POST http://localhost:8001/v1/chat/completions "HTTP/1.1 200 OK"

2026-08-18 02:47:01,615 - INFO - HTTP Request: POST http://localhost:8001/v1/chat/completions "HTTP/1.1 200 OK"

2026-08-18 02:47:06,830 - INFO - HTTP Request: POST http://localhost:8001/v1/chat/completions "HTTP/1.1 200 OK"

2026-08-18 02:47:07,699 - INFO - HTTP Request: POST http://localhost:8001/v1/chat/completions "HTTP/1.1 200 OK"
2026-08-18 02:47:19,638 - INFO - HTTP Request: POST http://localhost:8001/v1/chat/completions "HTTP/1.1 200 OK"

2026-08-18 02:47:24,195 - INFO - HTTP Request: POST http://localhost:8001/v1/chat/completions "HTTP/1.1 200 OK"
2026-08-18 02:47:28,253 - INFO - HTTP Request: POST http://localhost:8001/v1/chat/completions "HTTP/1.1 200 OK"
2026-08-18 02:47:33,842 - INFO - HTTP Request: POST http://localhost:8001/v1/chat/completions "HTTP/1.1 200 OK"
2026-08-18 02:47:37,913 - INFO - HTTP Request: POST http://localhost:8001/v1/chat/completions "HTTP/1.1 200 OK"

2026-08-18 02:47:40,092 - INFO - HTTP Request: POST http://localhost:8001/v1/chat/completions "HTTP/1.1 200 OK"

2026-08-18 02:47:46,829 - INFO - HTTP Request: POST http://localhost:8001/v1/chat/completions "HTTP/1.1 200 OK"
2026-08-18 02:47:47,047 - INFO - HTTP Request: POST http://localhost:8001/v1/chat/completions "HTTP/1.1 200 OK"

2026-08-18 02:48:01,159 - INFO - HTTP Request: POST http://localhost:8001/v1/chat/completions "HTTP/1.1 200 OK"

2026-08-18 02:48:02,462 - INFO - HTTP Request: POST http://localhost:8001/v1/chat/completions "HTTP/1.1 200 OK"
2026-08-18 02:48:04,948 - INFO - HTTP Request: POST http://localhost:8001/v1/chat/completions "HTTP/1.1 200 OK"
2026-08-18 02:48:12,278 - INFO - HTTP Request: POST http://localhost:8001/v1/chat/completions "HTTP/1.1 200 OK"
2026-08-18 02:48:16,953 - INFO - HTTP Request: POST http://localhost:8001/v1/chat/completions "HTTP/1.1 200 OK"

2026-08-18 02:48:17,834 - INFO - HTTP Request: POST http://localhost:8001/v1/chat/completions "HTTP/1.1 200 OK"

2026-08-18 02:48:26,533 - INFO - HTTP Request: POST http://localhost:8001/v1/chat/completions "HTTP/1.1 200 OK"
2026-08-18 02:48:28,924 - INFO - HTTP Request: POST http://localhost:8001/v1/chat/completions "HTTP/1.1 200 OK"

2026-08-18 02:48:39,137 - INFO - HTTP Request: POST http://localhost:8001/v1/chat/completions "HTTP/1.1 200 OK"

2026-08-18 02:48:40,664 - INFO - HTTP Request: POST http://localhost:8001/v1/chat/completions "HTTP/1.1 200 OK"
2026-08-18 02:48:41,901 - INFO - HTTP Request: POST http://localhost:8001/v1/chat/completions "HTTP/1.1 200 OK"
2026-08-18 02:48:53,527 - INFO - HTTP Request: POST http://localhost:8001/v1/chat/completions "HTTP/1.1 200 OK"

2026-08-18 02:48:53,744 - INFO - HTTP Request: POST http://localhost:8001/v1/chat/completions "HTTP/1.1 200 OK"
2026-08-18 02:48:56,243 - INFO - HTTP Request: POST http://localhost:8001/v1/chat/completions "HTTP/1.1 200 OK"

2026-08-18 02:49:04,289 - INFO - HTTP Request: POST http://localhost:8001/v1/chat/completions "HTTP/1.1 200 OK"
2026-08-18 02:49:08,635 - INFO - HTTP Request: POST http://localhost:8001/v1/chat/completions "HTTP/1.1 200 OK"

2026-08-18 02:49:13,854 - INFO - HTTP Request: POST http://localhost:8001/v1/chat/completions "HTTP/1.1 200 OK"
2026-08-18 02:49:16,180 - INFO - HTTP Request: POST http://localhost:8001/v1/chat/completions "HTTP/1.1 200 OK"
2026-08-18 02:49:16,960 - INFO - HTTP Request: POST http://localhost:8001/v1/chat/completions "HTTP/1.1 200 OK"

2026-08-18 02:49:26,847 - INFO - HTTP Request: POST http://localhost:8001/v1/chat/completions "HTTP/1.1 200 OK"

2026-08-18 02:49:27,719 - INFO - HTTP Request: POST http://localhost:8001/v1/chat/completions "HTTP/1.1 200 OK"

2026-08-18 02:49:29,239 - INFO - HTTP Request: POST http://localhost:8001/v1/chat/completions "HTTP/1.1 200 OK"
2026-08-18 02:49:37,158 - INFO - HTTP Request: POST http://localhost:8001/v1/chat/completions "HTTP/1.1 200 OK"
2026-08-18 02:49:42,374 - INFO - HTTP Request: POST http://localhost:8001/v1/chat/completions "HTTP/1.1 200 OK"

2026-08-18 02:49:52,580 - INFO - HTTP Request: POST http://localhost:8001/v1/chat/completions "HTTP/1.1 200 OK"

2026-08-18 02:49:56,052 - INFO - HTTP Request: POST http://localhost:8001/v1/chat/completions "HTTP/1.1 200 OK"
2026-08-18 02:49:57,289 - INFO - HTTP Request: POST http://localhost:8001/v1/chat/completions "HTTP/1.1 200 OK"
2026-08-18 02:50:06,522 - INFO - HTTP Request: POST http://localhost:8001/v1/chat/completions "HTTP/1.1 200 OK"

2026-08-18 02:50:10,218 - INFO - HTTP Request: POST http://localhost:8001/v1/chat/completions "HTTP/1.1 200 OK"

2026-08-18 02:50:11,739 - INFO - HTTP Request: POST http://localhost:8001/v1/chat/completions "HTTP/1.1 200 OK"
2026-08-18 02:50:22,270 - INFO - HTTP Request: POST http://localhost:8001/v1/chat/completions "HTTP/1.1 200 OK"
2026-08-18 02:50:26,616 - INFO - HTTP Request: POST http://localhost:8001/v1/chat/completions "HTTP/1.1 200 OK"

2026-08-18 02:50:27,050 - INFO - HTTP Request: POST http://localhost:8001/v1/chat/completions "HTTP/1.1 200 OK"
2026-08-18 02:50:31,121 - INFO - HTTP Request: POST http://localhost:8001/v1/chat/completions "HTTP/1.1 200 OK"

2026-08-18 02:50:31,122 - INFO - HTTP Request: POST http://localhost:8001/v1/chat/completions "HTTP/1.1 200 OK"
2026-08-18 02:50:37,579 - INFO - HTTP Request: POST http://localhost:8001/v1/chat/completions "HTTP/1.1 200 OK"

2026-08-18 02:50:43,233 - INFO - HTTP Request: POST http://localhost:8001/v1/chat/completions "HTTP/1.1 200 OK"

2026-08-18 02:50:47,358 - INFO - HTTP Request: POST http://localhost:8001/v1/chat/completions "HTTP/1.1 200 OK"
2026-08-18 02:50:51,808 - INFO - HTTP Request: POST http://localhost:8001/v1/chat/completions "HTTP/1.1 200 OK"
2026-08-18 02:51:01,815 - INFO - HTTP Request: POST http://localhost:8001/v1/chat/completions "HTTP/1.1 200 OK"

2026-08-18 02:51:07,032 - INFO - HTTP Request: POST http://localhost:8001/v1/chat/completions "HTTP/1.1 200 OK"

2026-08-18 02:51:07,250 - INFO - HTTP Request: POST http://localhost:8001/v1/chat/completions "HTTP/1.1 200 OK"
2026-08-18 02:51:13,275 - INFO - HTTP Request: POST http://localhost:8001/v1/chat/completions "HTTP/1.1 200 OK"
2026-08-18 02:51:18,377 - INFO - HTTP Request: POST http://localhost:8001/v1/chat/completions "HTTP/1.1 200 OK"

2026-08-18 02:51:26,430 - INFO - HTTP Request: POST http://localhost:8001/v1/chat/completions "HTTP/1.1 200 OK"

2026-08-18 02:51:31,648 - INFO - HTTP Request: POST http://localhost:8001/v1/chat/completions "HTTP/1.1 200 OK"
2026-08-18 02:51:37,182 - INFO - HTTP Request: POST http://localhost:8001/v1/chat/completions "HTTP/1.1 200 OK"
2026-08-18 02:51:46,098 - INFO - HTTP Request: POST http://localhost:8001/v1/chat/completions "HTTP/1.1 200 OK"

2026-08-18 02:51:51,974 - INFO - HTTP Request: POST http://localhost:8001/v1/chat/completions "HTTP/1.1 200 OK"
2026-08-18 02:51:52,708 - INFO - HTTP Request: POST http://localhost:8001/v1/chat/completions "HTTP/1.1 200 OK"

2026-08-18 02:52:00,398 - INFO - HTTP Request: POST http://localhost:8001/v1/chat/completions "HTTP/1.1 200 OK"
2026-08-18 02:52:05,284 - INFO - HTTP Request: POST http://localhost:8001/v1/chat/completions "HTTP/1.1 200 OK"

r4_cfg1:  58%|█████▊    | 29/50 [46:41<46:31, 132.94s/it]2026-08-18 02:52:14,415 - INFO - HTTP Request: POST http://localhost:8001/v1/chat/completions "HTTP/1.1 200 OK"

r4_cfg1:  60%|██████    | 30/50 [46:50<31:55, 95.80s/it] 2026-08-18 02:52:19,842 - INFO - HTTP Request: POST http://localhost:8001/v1/chat/completions "HTTP/1.1 200 OK"
2026-08-18 02:52:25,810 - INFO - HTTP Request: POST http://localhost:8001/v1/chat/completions "HTTP/1.1 200 OK"
2026-08-18 02:52:27,547 - INFO - HTTP Request: POST http://localhost:8001/v1/chat/completions "HTTP/1.1 200 OK"
2026-08-18 02:52:34,616 - INFO - HTTP Request: POST http://localhost:8001/v1/chat/completions "HTTP/1.1 200 OK"

r4_cfg1:  62%|██████▏   | 31/50 [47:10<23:09, 73.12s/it]2026-08-18 02:52:37,230 - INFO - HTTP Request: POST http://localhost:8001/v1/chat/completions "HTTP/1.1 200 OK"
2026-08-18 02:52:41,026 - INFO - HTTP Request: POST http://localhost:8001/v1/chat/completions "HTTP/1.1 200 OK"

2026-08-18 02:52:41,682 - INFO - HTTP Request: POST http://localhost:8001/v1/chat/completions "HTTP/1.1 200 OK"

r4_cfg1:  64%|██████▍   | 32/50 [47:17<15:59, 53.30s/it]2026-08-18 02:52:49,284 - INFO - HTTP Request: POST http://localhost:8001/v1/chat/completions "HTTP/1.1 200 OK"

2026-08-18 02:52:56,879 - INFO - HTTP Request: POST http://localhost:8001/v1/chat/completions "HTTP/1.1 200 OK"
2026-08-18 02:53:03,904 - INFO - HTTP Request: POST http://localhost:8001/v1/chat/completions "HTTP/1.1 200 OK"
2026-08-18 02:53:07,600 - INFO - HTTP Request: POST http://localhost:8001/v1/chat/completions "HTTP/1.1 200 OK"
2026-08-18 02:53:08,834 - INFO - HTTP Request: POST http://localhost:8001/v1/chat/completions "HTTP/1.1 200 OK"

2026-08-18 02:53:16,233 - INFO - HTTP Request: POST http://localhost:8001/v1/chat/completions "HTTP/1.1 200 OK"
2026-08-18 02:53:17,419 - INFO - HTTP Request: POST http://localhost:8001/v1/chat/completions "HTTP/1.1 200 OK"

2026-08-18 02:53:21,121 - INFO - HTTP Request: POST http://localhost:8001/v1/chat/completions "HTTP/1.1 200 OK"

2026-08-18 02:53:26,120 - INFO - HTTP Request: POST http://localhost:8001/v1/chat/completions "HTTP/1.1 200 OK"

2026-08-18 02:53:35,232 - INFO - HTTP Request: POST http://localhost:8001/v1/chat/completions "HTTP/1.1 200 OK"
2026-08-18 02:53:43,784 - INFO - HTTP Request: POST http://localhost:8001/v1/chat/completions "HTTP/1.1 200 OK"
2026-08-18 02:53:45,957 - INFO - HTTP Request: POST http://localhost:8001/v1/chat/completions "HTTP/1.1 200 OK"
2026-08-18 02:53:51,332 - INFO - HTTP Request: POST http://localhost:8001/v1/chat/completions "HTTP/1.1 200 OK"

2026-08-18 02:53:51,334 - INFO - HTTP Request: POST http://localhost:8001/v1/chat/completions "HTTP/1.1 200 OK"
2026-08-18 02:53:56,002 - INFO - HTTP Request: POST http://localhost:8001/v1/chat/completions "HTTP/1.1 200 OK"

2026-08-18 02:54:01,009 - INFO - HTTP Request: POST http://localhost:8001/v1/chat/completions "HTTP/1.1 200 OK"

2026-08-18 02:54:06,885 - INFO - HTTP Request: POST http://localhost:8001/v1/chat/completions "HTTP/1.1 200 OK"

2026-08-18 02:54:16,005 - INFO - HTTP Request: POST http://localhost:8001/v1/chat/completions "HTTP/1.1 200 OK"
2026-08-18 02:54:20,644 - INFO - HTTP Request: POST http://localhost:8001/v1/chat/completions "HTTP/1.1 200 OK"
2026-08-18 02:54:25,641 - INFO - HTTP Request: POST http://localhost:8001/v1/chat/completions "HTTP/1.1 200 OK"
2026-08-18 02:54:31,836 - INFO - HTTP Request: POST http://localhost:8001/v1/chat/completions "HTTP/1.1 200 OK"

2026-08-18 02:54:31,837 - INFO - HTTP Request: POST http://localhost:8001/v1/chat/completions "HTTP/1.1 200 OK"
2026-08-18 02:54:35,851 - INFO - HTTP Request: POST http://localhost:8001/v1/chat/completions "HTTP/1.1 200 OK"

2026-08-18 02:54:38,689 - INFO - HTTP Request: POST http://localhost:8001/v1/chat/completions "HTTP/1.1 200 OK"

2026-08-18 02:54:43,911 - INFO - HTTP Request: POST http://localhost:8001/v1/chat/completions "HTTP/1.1 200 OK"

2026-08-18 02:54:56,066 - INFO - HTTP Request: POST http://localhost:8001/v1/chat/completions "HTTP/1.1 200 OK"
2026-08-18 02:54:58,681 - INFO - HTTP Request: POST http://localhost:8001/v1/chat/completions "HTTP/1.1 200 OK"
2026-08-18 02:55:00,568 - INFO - HTTP Request: POST http://localhost:8001/v1/chat/completions "HTTP/1.1 200 OK"
2026-08-18 02:55:04,479 - INFO - HTTP Request: POST http://localhost:8001/v1/chat/completions "HTTP/1.1 200 OK"
2026-08-18 02:55:10,023 - INFO - HTTP Request: POST http://localhost:8001/v1/chat/completions "HTTP/1.1 200 OK"

2026-08-18 02:55:10,024 - INFO - HTTP Request: POST http://localhost:8001/v1/chat/completions "HTTP/1.1 200 OK"

2026-08-18 02:55:12,204 - INFO - HTTP Request: POST http://localhost:8001/v1/chat/completions "HTTP/1.1 200 OK"

2026-08-18 02:55:12,859 - INFO - HTTP Request: POST http://localhost:8001/v1/chat/completions "HTTP/1.1 200 OK"

2026-08-18 02:55:29,782 - INFO - HTTP Request: POST http://localhost:8001/v1/chat/completions "HTTP/1.1 200 OK"
2026-08-18 02:55:32,896 - INFO - HTTP Request: POST http://localhost:8001/v1/chat/completions "HTTP/1.1 200 OK"
2026-08-18 02:55:39,198 - INFO - HTTP Request: POST http://localhost:8001/v1/chat/completions "HTTP/1.1 200 OK"
2026-08-18 02:55:41,691 - INFO - HTTP Request: POST http://localhost:8001/v1/chat/completions "HTTP/1.1 200 OK"
2026-08-18 02:55:44,836 - INFO - HTTP Request: POST http://localhost:8001/v1/chat/completions "HTTP/1.1 200 OK"

2026-08-18 02:55:45,928 - INFO - HTTP Request: POST http://localhost:8001/v1/chat/completions "HTTP/1.1 200 OK"

2026-08-18 02:55:54,197 - INFO - HTTP Request: POST http://localhost:8001/v1/chat/completions "HTTP/1.1 200 OK"

2026-08-18 02:55:56,374 - INFO - HTTP Request: POST http://localhost:8001/v1/chat/completions "HTTP/1.1 200 OK"

2026-08-18 02:56:13,515 - INFO - HTTP Request: POST http://localhost:8001/v1/chat/completions "HTTP/1.1 200 OK"
2026-08-18 02:56:14,381 - INFO - HTTP Request: POST http://localhost:8001/v1/chat/completions "HTTP/1.1 200 OK"
2026-08-18 02:56:15,122 - INFO - HTTP Request: POST http://localhost:8001/v1/chat/completions "HTTP/1.1 200 OK"
2026-08-18 02:56:17,145 - INFO - HTTP Request: POST http://localhost:8001/v1/chat/completions "HTTP/1.1 200 OK"
2026-08-18 02:56:25,740 - INFO - HTTP Request: POST http://localhost:8001/v1/chat/completions "HTTP/1.1 200 OK"

2026-08-18 02:56:25,958 - INFO - HTTP Request: POST http://localhost:8001/v1/chat/completions "HTTP/1.1 200 OK"

2026-08-18 02:56:27,052 - INFO - HTTP Request: POST http://localhost:8001/v1/chat/completions "HTTP/1.1 200 OK"

2026-08-18 02:56:28,794 - INFO - HTTP Request: POST http://localhost:8001/v1/chat/completions "HTTP/1.1 200 OK"

2026-08-18 02:56:45,721 - INFO - HTTP Request: POST http://localhost:8001/v1/chat/completions "HTTP/1.1 200 OK"
2026-08-18 02:56:47,240 - INFO - HTTP Request: POST http://localhost:8001/v1/chat/completions "HTTP/1.1 200 OK"
2026-08-18 02:56:55,581 - INFO - HTTP Request: POST http://localhost:8001/v1/chat/completions "HTTP/1.1 200 OK"

2026-08-18 02:56:55,582 - INFO - HTTP Request: POST http://localhost:8001/v1/chat/completions "HTTP/1.1 200 OK"
2026-08-18 02:56:58,726 - INFO - HTTP Request: POST http://localhost:8001/v1/chat/completions "HTTP/1.1 200 OK"
2026-08-18 02:57:05,849 - INFO - HTTP Request: POST http://localhost:8001/v1/chat/completions "HTTP/1.1 200 OK"

2026-08-18 02:57:12,163 - INFO - HTTP Request: POST http://localhost:8001/v1/chat/completions "HTTP/1.1 200 OK"

2026-08-18 02:57:12,598 - INFO - HTTP Request: POST http://localhost:8001/v1/chat/completions "HTTP/1.1 200 OK"

2026-08-18 02:57:25,422 - INFO - HTTP Request: POST http://localhost:8001/v1/chat/completions "HTTP/1.1 200 OK"
2026-08-18 02:57:35,200 - INFO - HTTP Request: POST http://localhost:8001/v1/chat/completions "HTTP/1.1 200 OK"
2026-08-18 02:57:45,063 - INFO - HTTP Request: POST http://localhost:8001/v1/chat/completions "HTTP/1.1 200 OK"
2026-08-18 02:57:46,465 - INFO - HTTP Request: POST http://localhost:8001/v1/chat/completions "HTTP/1.1 200 OK"
2026-08-18 02:57:48,799 - INFO - HTTP Request: POST http://localhost:8001/v1/chat/completions "HTTP/1.1 200 OK"

2026-08-18 02:57:51,860 - INFO - HTTP Request: POST http://localhost:8001/v1/chat/completions "HTTP/1.1 200 OK"

2026-08-18 02:57:58,618 - INFO - HTTP Request: POST http://localhost:8001/v1/chat/completions "HTTP/1.1 200 OK"

r4_cfg1:  66%|██████▌   | 33/50 [52:34<37:30, 132.39s/it]2026-08-18 02:57:58,923 - INFO - HTTP Request: POST http://localhost:8001/v1/chat/completions "HTTP/1.1 200 OK"

r4_cfg1:  68%|██████▊   | 34/50 [52:35<24:44, 92.77s/it] 2026-08-18 02:58:20,751 - INFO - HTTP Request: POST http://localhost:8001/v1/chat/completions "HTTP/1.1 200 OK"
2026-08-18 02:58:20,969 - INFO - HTTP Request: POST http://localhost:8001/v1/chat/completions "HTTP/1.1 200 OK"
2026-08-18 02:58:21,997 - INFO - HTTP Request: POST http://localhost:8001/v1/chat/completions "HTTP/1.1 200 OK"
2026-08-18 02:58:25,441 - INFO - HTTP Request: POST http://localhost:8001/v1/chat/completions "HTTP/1.1 200 OK"
2026-08-18 02:58:31,621 - INFO - HTTP Request: POST http://localhost:8001/v1/chat/completions "HTTP/1.1 200 OK"

2026-08-18 02:58:33,366 - INFO - HTTP Request: POST http://localhost:8001/v1/chat/completions "HTTP/1.1 200 OK"

2026-08-18 02:58:36,413 - INFO - HTTP Request: POST http://localhost:8001/v1/chat/completions "HTTP/1.1 200 OK"

r4_cfg1:  70%|███████   | 35/50 [53:12<19:02, 76.18s/it]2026-08-18 02:58:40,977 - INFO - HTTP Request: POST http://localhost:8001/v1/chat/completions "HTTP/1.1 200 OK"

r4_cfg1:  72%|███████▏  | 36/50 [53:17<12:45, 54.70s/it]2026-08-18 02:58:57,682 - INFO - HTTP Request: POST http://localhost:8001/v1/chat/completions "HTTP/1.1 200 OK"
2026-08-18 02:58:58,397 - INFO - HTTP Request: POST http://localhost:8001/v1/chat/completions "HTTP/1.1 200 OK"
2026-08-18 02:59:00,038 - INFO - HTTP Request: POST http://localhost:8001/v1/chat/completions "HTTP/1.1 200 OK"
2026-08-18 02:59:03,839 - INFO - HTTP Request: POST http://localhost:8001/v1/chat/completions "HTTP/1.1 200 OK"
2026-08-18 02:59:12,215 - INFO - HTTP Request: POST http://localhost:8001/v1/chat/completions "HTTP/1.1 200 OK"

2026-08-18 02:59:12,872 - INFO - HTTP Request: POST http://localhost:8001/v1/chat/completions "HTTP/1.1 200 OK"

2026-08-18 02:59:13,089 - INFO - HTTP Request: POST http://localhost:8001/v1/chat/completions "HTTP/1.1 200 OK"

2026-08-18 02:59:14,398 - INFO - HTTP Request: POST http://localhost:8001/v1/chat/completions "HTTP/1.1 200 OK"

2026-08-18 02:59:36,521 - INFO - HTTP Request: POST http://localhost:8001/v1/chat/completions "HTTP/1.1 200 OK"
2026-08-18 02:59:37,708 - INFO - HTTP Request: POST http://localhost:8001/v1/chat/completions "HTTP/1.1 200 OK"
2026-08-18 02:59:39,548 - INFO - HTTP Request: POST http://localhost:8001/v1/chat/completions "HTTP/1.1 200 OK"
2026-08-18 02:59:41,384 - INFO - HTTP Request: POST http://localhost:8001/v1/chat/completions "HTTP/1.1 200 OK"
2026-08-18 02:59:49,325 - INFO - HTTP Request: POST http://localhost:8001/v1/chat/completions "HTTP/1.1 200 OK"

2026-08-18 02:59:51,294 - INFO - HTTP Request: POST http://localhost:8001/v1/chat/completions "HTTP/1.1 200 OK"

2026-08-18 02:59:53,263 - INFO - HTTP Request: POST http://localhost:8001/v1/chat/completions "HTTP/1.1 200 OK"

2026-08-18 02:59:57,392 - INFO - HTTP Request: POST http://localhost:8001/v1/chat/completions "HTTP/1.1 200 OK"

2026-08-18 03:00:13,447 - INFO - HTTP Request: POST http://localhost:8001/v1/chat/completions "HTTP/1.1 200 OK"
2026-08-18 03:00:15,716 - INFO - HTTP Request: POST http://localhost:8001/v1/chat/completions "HTTP/1.1 200 OK"
2026-08-18 03:00:18,268 - INFO - HTTP Request: POST http://localhost:8001/v1/chat/completions "HTTP/1.1 200 OK"
2026-08-18 03:00:22,720 - INFO - HTTP Request: POST http://localhost:8001/v1/chat/completions "HTTP/1.1 200 OK"
2026-08-18 03:00:26,953 - INFO - HTTP Request: POST http://localhost:8001/v1/chat/completions "HTTP/1.1 200 OK"

2026-08-18 03:00:28,923 - INFO - HTTP Request: POST http://localhost:8001/v1/chat/completions "HTTP/1.1 200 OK"

2026-08-18 03:00:33,066 - INFO - HTTP Request: POST http://localhost:8001/v1/chat/completions "HTTP/1.1 200 OK"

2026-08-18 03:00:39,155 - INFO - HTTP Request: POST http://localhost:8001/v1/chat/completions "HTTP/1.1 200 OK"

2026-08-18 03:00:46,756 - INFO - HTTP Request: POST http://localhost:8001/v1/chat/completions "HTTP/1.1 200 OK"
2026-08-18 03:00:48,591 - INFO - HTTP Request: POST http://localhost:8001/v1/chat/completions "HTTP/1.1 200 OK"
2026-08-18 03:00:57,169 - INFO - HTTP Request: POST http://localhost:8001/v1/chat/completions "HTTP/1.1 200 OK"
2026-08-18 03:01:00,310 - INFO - HTTP Request: POST http://localhost:8001/v1/chat/completions "HTTP/1.1 200 OK"

2026-08-18 03:01:00,528 - INFO - HTTP Request: POST http://localhost:8001/v1/chat/completions "HTTP/1.1 200 OK"

2026-08-18 03:01:04,008 - INFO - HTTP Request: POST http://localhost:8001/v1/chat/completions "HTTP/1.1 200 OK"
2026-08-18 03:01:10,611 - INFO - HTTP Request: POST http://localhost:8001/v1/chat/completions "HTTP/1.1 200 OK"

2026-08-18 03:01:18,655 - INFO - HTTP Request: POST http://localhost:8001/v1/chat/completions "HTTP/1.1 200 OK"

2026-08-18 03:01:29,293 - INFO - HTTP Request: POST http://localhost:8001/v1/chat/completions "HTTP/1.1 200 OK"
2026-08-18 03:01:29,510 - INFO - HTTP Request: POST http://localhost:8001/v1/chat/completions "HTTP/1.1 200 OK"
2026-08-18 03:01:30,550 - INFO - HTTP Request: POST http://localhost:8001/v1/chat/completions "HTTP/1.1 200 OK"
2026-08-18 03:01:39,367 - INFO - HTTP Request: POST http://localhost:8001/v1/chat/completions "HTTP/1.1 200 OK"
2026-08-18 03:01:43,165 - INFO - HTTP Request: POST http://localhost:8001/v1/chat/completions "HTTP/1.1 200 OK"

2026-08-18 03:01:44,475 - INFO - HTTP Request: POST http://localhost:8001/v1/chat/completions "HTTP/1.1 200 OK"

2026-08-18 03:01:45,348 - INFO - HTTP Request: POST http://localhost:8001/v1/chat/completions "HTTP/1.1 200 OK"

2026-08-18 03:01:53,169 - INFO - HTTP Request: POST http://localhost:8001/v1/chat/completions "HTTP/1.1 200 OK"

2026-08-18 03:02:04,453 - INFO - HTTP Request: POST http://localhost:8001/v1/chat/completions "HTTP/1.1 200 OK"
2026-08-18 03:02:05,635 - INFO - HTTP Request: POST http://localhost:8001/v1/chat/completions "HTTP/1.1 200 OK"
2026-08-18 03:02:12,480 - INFO - HTTP Request: POST http://localhost:8001/v1/chat/completions "HTTP/1.1 200 OK"
2026-08-18 03:02:15,836 - INFO - HTTP Request: POST http://localhost:8001/v1/chat/completions "HTTP/1.1 200 OK"

2026-08-18 03:02:18,234 - INFO - HTTP Request: POST http://localhost:8001/v1/chat/completions "HTTP/1.1 200 OK"

2026-08-18 03:02:22,800 - INFO - HTTP Request: POST http://localhost:8001/v1/chat/completions "HTTP/1.1 200 OK"
2026-08-18 03:02:25,710 - INFO - HTTP Request: POST http://localhost:8001/v1/chat/completions "HTTP/1.1 200 OK"

2026-08-18 03:02:36,357 - INFO - HTTP Request: POST http://localhost:8001/v1/chat/completions "HTTP/1.1 200 OK"

2026-08-18 03:02:45,259 - INFO - HTTP Request: POST http://localhost:8001/v1/chat/completions "HTTP/1.1 200 OK"
2026-08-18 03:02:45,976 - INFO - HTTP Request: POST http://localhost:8001/v1/chat/completions "HTTP/1.1 200 OK"
2026-08-18 03:02:48,276 - INFO - HTTP Request: POST http://localhost:8001/v1/chat/completions "HTTP/1.1 200 OK"
2026-08-18 03:02:57,312 - INFO - HTTP Request: POST http://localhost:8001/v1/chat/completions "HTTP/1.1 200 OK"
2026-08-18 03:02:58,028 - INFO - HTTP Request: POST http://localhost:8001/v1/chat/completions "HTTP/1.1 200 OK"

2026-08-18 03:03:00,022 - INFO - HTTP Request: POST http://localhost:8001/v1/chat/completions "HTTP/1.1 200 OK"

2026-08-18 03:03:05,256 - INFO - HTTP Request: POST http://localhost:8001/v1/chat/completions "HTTP/1.1 200 OK"

2026-08-18 03:03:08,526 - INFO - HTTP Request: POST http://localhost:8001/v1/chat/completions "HTTP/1.1 200 OK"

2026-08-18 03:03:27,195 - INFO - HTTP Request: POST http://localhost:8001/v1/chat/completions "HTTP/1.1 200 OK"
2026-08-18 03:03:33,376 - INFO - HTTP Request: POST http://localhost:8001/v1/chat/completions "HTTP/1.1 200 OK"
2026-08-18 03:03:38,267 - INFO - HTTP Request: POST http://localhost:8001/v1/chat/completions "HTTP/1.1 200 OK"
2026-08-18 03:03:38,267 - INFO - HTTP Request: POST http://localhost:8001/v1/chat/completions "HTTP/1.1 200 OK"
2026-08-18 03:03:41,991 - INFO - HTTP Request: POST http://localhost:8001/v1/chat/completions "HTTP/1.1 200 OK"

2026-08-18 03:03:43,527 - INFO - HTTP Request: POST http://localhost:8001/v1/chat/completions "HTTP/1.1 200 OK"

r4_cfg1:  74%|███████▍  | 37/50 [58:19<27:57, 129.05s/it]2026-08-18 03:03:50,061 - INFO - HTTP Request: POST http://localhost:8001/v1/chat/completions "HTTP/1.1 200 OK"
2026-08-18 03:03:50,062 - INFO - HTTP Request: POST http://localhost:8001/v1/chat/completions "HTTP/1.1 200 OK"


r4_cfg1:  76%|███████▌  | 38/50 [58:26<18:27, 92.30s/it] 2026-08-18 03:04:05,468 - INFO - HTTP Request: POST http://localhost:8001/v1/chat/completions "HTTP/1.1 200 OK"
2026-08-18 03:04:12,303 - INFO - HTTP Request: POST http://localhost:8001/v1/chat/completions "HTTP/1.1 200 OK"
2026-08-18 03:04:13,705 - INFO - HTTP Request: POST http://localhost:8001/v1/chat/completions "HTTP/1.1 200 OK"
2026-08-18 03:04:17,198 - INFO - HTTP Request: POST http://localhost:8001/v1/chat/completions "HTTP/1.1 200 OK"

2026-08-18 03:04:22,642 - INFO - HTTP Request: POST http://localhost:8001/v1/chat/completions "HTTP/1.1 200 OK"

r4_cfg1:  78%|███████▊  | 39/50 [58:58<13:38, 74.38s/it]2026-08-18 03:04:23,730 - INFO - HTTP Request: POST http://localhost:8001/v1/chat/completions "HTTP/1.1 200 OK"
2026-08-18 03:04:27,522 - INFO - HTTP Request: POST http://localhost:8001/v1/chat/completions "HTTP/1.1 200 OK"

2026-08-18 03:04:41,213 - INFO - HTTP Request: POST http://localhost:8001/v1/chat/completions "HTTP/1.1 200 OK"

r4_cfg1:  80%|████████  | 40/50 [59:17<09:36, 57.64s/it]2026-08-18 03:04:43,600 - INFO - HTTP Request: POST http://localhost:8001/v1/chat/completions "HTTP/1.1 200 OK"
2026-08-18 03:04:45,054 - INFO - HTTP Request: POST http://localhost:8001/v1/chat/completions "HTTP/1.1 200 OK"
2026-08-18 03:04:54,295 - INFO - HTTP Request: POST http://localhost:8001/v1/chat/completions "HTTP/1.1 200 OK"
2026-08-18 03:04:59,018 - INFO - HTTP Request: POST http://localhost:8001/v1/chat/completions "HTTP/1.1 200 OK"

2026-08-18 03:05:00,763 - INFO - HTTP Request: POST http://localhost:8001/v1/chat/completions "HTTP/1.1 200 OK"

2026-08-18 03:05:04,241 - INFO - HTTP Request: POST http://localhost:8001/v1/chat/completions "HTTP/1.1 200 OK"
2026-08-18 03:05:06,351 - INFO - HTTP Request: POST http://localhost:8001/v1/chat/completions "HTTP/1.1 200 OK"

2026-08-18 03:05:15,259 - INFO - HTTP Request: POST http://localhost:8001/v1/chat/completions "HTTP/1.1 200 OK"

2026-08-18 03:05:25,458 - INFO - HTTP Request: POST http://localhost:8001/v1/chat/completions "HTTP/1.1 200 OK"
2026-08-18 03:05:25,459 - INFO - HTTP Request: POST http://localhost:8001/v1/chat/completions "HTTP/1.1 200 OK"
2026-08-18 03:05:31,428 - INFO - HTTP Request: POST http://localhost:8001/v1/chat/completions "HTTP/1.1 200 OK"
2026-08-18 03:05:37,844 - INFO - HTTP Request: POST http://localhost:8001/v1/chat/completions "HTTP/1.1 200 OK"

2026-08-18 03:05:38,936 - INFO - HTTP Request: POST http://localhost:8001/v1/chat/completions "HTTP/1.1 200 OK"

2026-08-18 03:05:42,420 - INFO - HTTP Request: POST http://localhost:8001/v1/chat/completions "HTTP/1.1 200 OK"
2026-08-18 03:05:44,100 - INFO - HTTP Request: POST http://localhost:8001/v1/chat/completions "HTTP/1.1 200 OK"

2026-08-18 03:05:55,191 - INFO - HTTP Request: POST http://localhost:8001/v1/chat/completions "HTTP/1.1 200 OK"

2026-08-18 03:06:02,569 - INFO - HTTP Request: POST http://localhost:8001/v1/chat/completions "HTTP/1.1 200 OK"
2026-08-18 03:06:03,803 - INFO - HTTP Request: POST http://localhost:8001/v1/chat/completions "HTTP/1.1 200 OK"
2026-08-18 03:06:08,906 - INFO - HTTP Request: POST http://localhost:8001/v1/chat/completions "HTTP/1.1 200 OK"
2026-08-18 03:06:15,760 - INFO - HTTP Request: POST http://localhost:8001/v1/chat/completions "HTTP/1.1 200 OK"

2026-08-18 03:06:16,194 - INFO - HTTP Request: POST http://localhost:8001/v1/chat/completions "HTTP/1.1 200 OK"

2026-08-18 03:06:20,558 - INFO - HTTP Request: POST http://localhost:8001/v1/chat/completions "HTTP/1.1 200 OK"
2026-08-18 03:06:21,797 - INFO - HTTP Request: POST http://localhost:8001/v1/chat/completions "HTTP/1.1 200 OK"

2026-08-18 03:06:32,450 - INFO - HTTP Request: POST http://localhost:8001/v1/chat/completions "HTTP/1.1 200 OK"

2026-08-18 03:06:36,363 - INFO - HTTP Request: POST http://localhost:8001/v1/chat/completions "HTTP/1.1 200 OK"
2026-08-18 03:06:40,593 - INFO - HTTP Request: POST http://localhost:8001/v1/chat/completions "HTTP/1.1 200 OK"
2026-08-18 03:06:42,216 - INFO - HTTP Request: POST http://localhost:8001/v1/chat/completions "HTTP/1.1 200 OK"
2026-08-18 03:06:47,757 - INFO - HTTP Request: POST http://localhost:8001/v1/chat/completions "HTTP/1.1 200 OK"

2026-08-18 03:06:54,288 - INFO - HTTP Request: POST http://localhost:8001/v1/chat/completions "HTTP/1.1 200 OK"

2026-08-18 03:06:55,384 - INFO - HTTP Request: POST http://localhost:8001/v1/chat/completions "HTTP/1.1 200 OK"

2026-08-18 03:06:57,339 - INFO - HTTP Request: POST http://localhost:8001/v1/chat/completions "HTTP/1.1 200 OK"
2026-08-18 03:07:09,439 - INFO - HTTP Request: POST http://localhost:8001/v1/chat/completions "HTTP/1.1 200 OK"

2026-08-18 03:07:14,437 - INFO - HTTP Request: POST http://localhost:8001/v1/chat/completions "HTTP/1.1 200 OK"
2026-08-18 03:07:17,192 - INFO - HTTP Request: POST http://localhost:8001/v1/chat/completions "HTTP/1.1 200 OK"
2026-08-18 03:07:25,120 - INFO - HTTP Request: POST http://localhost:8001/v1/chat/completions "HTTP/1.1 200 OK"
2026-08-18 03:07:27,174 - INFO - HTTP Request: POST http://localhost:8001/v1/chat/completions "HTTP/1.1 200 OK"

2026-08-18 03:07:29,788 - INFO - HTTP Request: POST http://localhost:8001/v1/chat/completions "HTTP/1.1 200 OK"
2026-08-18 03:07:30,813 - INFO - HTTP Request: POST http://localhost:8001/v1/chat/completions "HTTP/1.1 200 OK"

2026-08-18 03:07:38,647 - INFO - HTTP Request: POST http://localhost:8001/v1/chat/completions "HTTP/1.1 200 OK"

2026-08-18 03:07:38,864 - INFO - HTTP Request: POST http://localhost:8001/v1/chat/completions "HTTP/1.1 200 OK"

2026-08-18 03:07:50,799 - INFO - HTTP Request: POST http://localhost:8001/v1/chat/completions "HTTP/1.1 200 OK"
2026-08-18 03:07:56,599 - INFO - HTTP Request: POST http://localhost:8001/v1/chat/completions "HTTP/1.1 200 OK"
2026-08-18 03:07:59,525 - INFO - HTTP Request: POST http://localhost:8001/v1/chat/completions "HTTP/1.1 200 OK"
2026-08-18 03:08:04,854 - INFO - HTTP Request: POST http://localhost:8001/v1/chat/completions "HTTP/1.1 200 OK"

2026-08-18 03:08:08,339 - INFO - HTTP Request: POST http://localhost:8001/v1/chat/completions "HTTP/1.1 200 OK"
2026-08-18 03:08:11,539 - INFO - HTTP Request: POST http://localhost:8001/v1/chat/completions "HTTP/1.1 200 OK"

2026-08-18 03:08:15,677 - INFO - HTTP Request: POST http://localhost:8001/v1/chat/completions "HTTP/1.1 200 OK"

2026-08-18 03:08:20,244 - INFO - HTTP Request: POST http://localhost:8001/v1/chat/completions "HTTP/1.1 200 OK"

2026-08-18 03:08:31,530 - INFO - HTTP Request: POST http://localhost:8001/v1/chat/completions "HTTP/1.1 200 OK"
2026-08-18 03:08:34,722 - INFO - HTTP Request: POST http://localhost:8001/v1/chat/completions "HTTP/1.1 200 OK"
2026-08-18 03:08:40,967 - INFO - HTTP Request: POST http://localhost:8001/v1/chat/completions "HTTP/1.1 200 OK"
2026-08-18 03:08:45,918 - INFO - HTTP Request: POST http://localhost:8001/v1/chat/completions "HTTP/1.1 200 OK"
2026-08-18 03:08:48,852 - INFO - HTTP Request: POST http://localhost:8001/v1/chat/completions "HTTP/1.1 200 OK"

2026-08-18 03:08:48,853 - INFO - HTTP Request: POST http://localhost:8001/v1/chat/completions "HTTP/1.1 200 OK"

2026-08-18 03:08:56,043 - INFO - HTTP Request: POST http://localhost:8001/v1/chat/completions "HTTP/1.1 200 OK"

2026-08-18 03:09:00,611 - INFO - HTTP Request: POST http://localhost:8001/v1/chat/completions "HTTP/1.1 200 OK"

2026-08-18 03:09:17,984 - INFO - HTTP Request: POST http://localhost:8001/v1/chat/completions "HTTP/1.1 200 OK"
2026-08-18 03:09:21,612 - INFO - HTTP Request: POST http://localhost:8001/v1/chat/completions "HTTP/1.1 200 OK"
2026-08-18 03:09:25,853 - INFO - HTTP Request: POST http://localhost:8001/v1/chat/completions "HTTP/1.1 200 OK"
2026-08-18 03:09:33,858 - INFO - HTTP Request: POST http://localhost:8001/v1/chat/completions "HTTP/1.1 200 OK"

r4_cfg1:  82%|████████▏ | 41/50 [1:04:10<19:13, 128.14s/it]2026-08-18 03:09:34,511 - INFO - HTTP Request: POST http://localhost:8001/v1/chat/completions "HTTP/1.1 200 OK"

2026-08-18 03:09:34,728 - INFO - HTTP Request: POST http://localhost:8001/v1/chat/completions "HTTP/1.1 200 OK"
2026-08-18 03:09:40,928 - INFO - HTTP Request: POST http://localhost:8001/v1/chat/completions "HTTP/1.1 200 OK"

2026-08-18 03:09:48,326 - INFO - HTTP Request: POST http://localhost:8001/v1/chat/completions "HTTP/1.1 200 OK"

r4_cfg1:  84%|████████▍ | 42/50 [1:04:24<12:32, 94.04s/it] 2026-08-18 03:09:56,138 - INFO - HTTP Request: POST http://localhost:8001/v1/chat/completions "HTTP/1.1 200 OK"
2026-08-18 03:10:08,241 - INFO - HTTP Request: POST http://localhost:8001/v1/chat/completions "HTTP/1.1 200 OK"
2026-08-18 03:10:10,787 - INFO - HTTP Request: POST http://localhost:8001/v1/chat/completions "HTTP/1.1 200 OK"

2026-08-18 03:10:11,005 - INFO - HTTP Request: POST http://localhost:8001/v1/chat/completions "HTTP/1.1 200 OK"
2026-08-18 03:10:15,017 - INFO - HTTP Request: POST http://localhost:8001/v1/chat/completions "HTTP/1.1 200 OK"
2026-08-18 03:10:24,757 - INFO - HTTP Request: POST http://localhost:8001/v1/chat/completions "HTTP/1.1 200 OK"

r4_cfg1:  86%|████████▌ | 43/50 [1:05:00<08:57, 76.76s/it]2026-08-18 03:10:26,067 - INFO - HTTP Request: POST http://localhost:8001/v1/chat/completions "HTTP/1.1 200 OK"

2026-08-18 03:10:29,112 - INFO - HTTP Request: POST http://localhost:8001/v1/chat/completions "HTTP/1.1 200 OK"

r4_cfg1:  88%|████████▊ | 44/50 [1:05:05<05:30, 55.04s/it]2026-08-18 03:10:37,572 - INFO - HTTP Request: POST http://localhost:8001/v1/chat/completions "HTTP/1.1 200 OK"
2026-08-18 03:10:47,066 - INFO - HTTP Request: POST http://localhost:8001/v1/chat/completions "HTTP/1.1 200 OK"
2026-08-18 03:10:50,263 - INFO - HTTP Request: POST http://localhost:8001/v1/chat/completions "HTTP/1.1 200 OK"

2026-08-18 03:10:51,569 - INFO - HTTP Request: POST http://localhost:8001/v1/chat/completions "HTTP/1.1 200 OK"
2026-08-18 03:10:52,940 - INFO - HTTP Request: POST http://localhost:8001/v1/chat/completions "HTTP/1.1 200 OK"
2026-08-18 03:10:57,608 - INFO - HTTP Request: POST http://localhost:8001/v1/chat/completions "HTTP/1.1 200 OK"

2026-08-18 03:11:00,872 - INFO - HTTP Request: POST http://localhost:8001/v1/chat/completions "HTTP/1.1 200 OK"

2026-08-18 03:11:07,607 - INFO - HTTP Request: POST http://localhost:8001/v1/chat/completions "HTTP/1.1 200 OK"

2026-08-18 03:11:14,984 - INFO - HTTP Request: POST http://localhost:8001/v1/chat/completions "HTTP/1.1 200 OK"
2026-08-18 03:11:24,043 - INFO - HTTP Request: POST http://localhost:8001/v1/chat/completions "HTTP/1.1 200 OK"
2026-08-18 03:11:27,679 - INFO - HTTP Request: POST http://localhost:8001/v1/chat/completions "HTTP/1.1 200 OK"
2026-08-18 03:11:31,235 - INFO - HTTP Request: POST http://localhost:8001/v1/chat/completions "HTTP/1.1 200 OK"

2026-08-18 03:11:32,768 - INFO - HTTP Request: POST http://localhost:8001/v1/chat/completions "HTTP/1.1 200 OK"
2026-08-18 03:11:37,436 - INFO - HTTP Request: POST http://localhost:8001/v1/chat/completions "HTTP/1.1 200 OK"

2026-08-18 03:11:39,395 - INFO - HTTP Request: POST http://localhost:8001/v1/chat/completions "HTTP/1.1 200 OK"

2026-08-18 03:11:44,828 - INFO - HTTP Request: POST http://localhost:8001/v1/chat/completions "HTTP/1.1 200 OK"

2026-08-18 03:11:55,683 - INFO - HTTP Request: POST http://localhost:8001/v1/chat/completions "HTTP/1.1 200 OK"
2026-08-18 03:12:02,085 - INFO - HTTP Request: POST http://localhost:8001/v1/chat/completions "HTTP/1.1 200 OK"
2026-08-18 03:12:04,415 - INFO - HTTP Request: POST http://localhost:8001/v1/chat/completions "HTTP/1.1 200 OK"
2026-08-18 03:12:08,842 - INFO - HTTP Request: POST http://localhost:8001/v1/chat/completions "HTTP/1.1 200 OK"

2026-08-18 03:12:09,506 - INFO - HTTP Request: POST http://localhost:8001/v1/chat/completions "HTTP/1.1 200 OK"
2026-08-18 03:12:14,604 - INFO - HTTP Request: POST http://localhost:8001/v1/chat/completions "HTTP/1.1 200 OK"

2026-08-18 03:12:19,177 - INFO - HTTP Request: POST http://localhost:8001/v1/chat/completions "HTTP/1.1 200 OK"

2026-08-18 03:12:22,662 - INFO - HTTP Request: POST http://localhost:8001/v1/chat/completions "HTTP/1.1 200 OK"

2026-08-18 03:12:28,526 - INFO - HTTP Request: POST http://localhost:8001/v1/chat/completions "HTTP/1.1 200 OK"
2026-08-18 03:12:39,108 - INFO - HTTP Request: POST http://localhost:8001/v1/chat/completions "HTTP/1.1 200 OK"
2026-08-18 03:12:41,651 - INFO - HTTP Request: POST http://localhost:8001/v1/chat/completions "HTTP/1.1 200 OK"

2026-08-18 03:12:43,175 - INFO - HTTP Request: POST http://localhost:8001/v1/chat/completions "HTTP/1.1 200 OK"
2026-08-18 03:12:43,393 - INFO - HTTP Request: POST http://localhost:8001/v1/chat/completions "HTTP/1.1 200 OK"
2026-08-18 03:12:52,261 - INFO - HTTP Request: POST http://localhost:8001/v1/chat/completions "HTTP/1.1 200 OK"

2026-08-18 03:12:55,532 - INFO - HTTP Request: POST http://localhost:8001/v1/chat/completions "HTTP/1.1 200 OK"

2026-08-18 03:12:57,061 - INFO - HTTP Request: POST http://localhost:8001/v1/chat/completions "HTTP/1.1 200 OK"

2026-08-18 03:13:10,727 - INFO - HTTP Request: POST http://localhost:8001/v1/chat/completions "HTTP/1.1 200 OK"
2026-08-18 03:13:12,348 - INFO - HTTP Request: POST http://localhost:8001/v1/chat/completions "HTTP/1.1 200 OK"
2026-08-18 03:13:15,978 - INFO - HTTP Request: POST http://localhost:8001/v1/chat/completions "HTTP/1.1 200 OK"
2026-08-18 03:13:24,756 - INFO - HTTP Request: POST http://localhost:8001/v1/chat/completions "HTTP/1.1 200 OK"

2026-08-18 03:13:26,282 - INFO - HTTP Request: POST http://localhost:8001/v1/chat/completions "HTTP/1.1 200 OK"

2026-08-18 03:13:26,500 - INFO - HTTP Request: POST http://localhost:8001/v1/chat/completions "HTTP/1.1 200 OK"
2026-08-18 03:13:27,464 - INFO - HTTP Request: POST http://localhost:8001/v1/chat/completions "HTTP/1.1 200 OK"

2026-08-18 03:13:40,501 - INFO - HTTP Request: POST http://localhost:8001/v1/chat/completions "HTTP/1.1 200 OK"

2026-08-18 03:13:46,576 - INFO - HTTP Request: POST http://localhost:8001/v1/chat/completions "HTTP/1.1 200 OK"
2026-08-18 03:13:54,117 - INFO - HTTP Request: POST http://localhost:8001/v1/chat/completions "HTTP/1.1 200 OK"
2026-08-18 03:13:56,577 - INFO - HTTP Request: POST http://localhost:8001/v1/chat/completions "HTTP/1.1 200 OK"
2026-08-18 03:13:59,992 - INFO - HTTP Request: POST http://localhost:8001/v1/chat/completions "HTTP/1.1 200 OK"

2026-08-18 03:14:01,299 - INFO - HTTP Request: POST http://localhost:8001/v1/chat/completions "HTTP/1.1 200 OK"
2026-08-18 03:14:05,312 - INFO - HTTP Request: POST http://localhost:8001/v1/chat/completions "HTTP/1.1 200 OK"

2026-08-18 03:14:08,797 - INFO - HTTP Request: POST http://localhost:8001/v1/chat/completions "HTTP/1.1 200 OK"

2026-08-18 03:14:12,712 - INFO - HTTP Request: POST http://localhost:8001/v1/chat/completions "HTTP/1.1 200 OK"

2026-08-18 03:14:25,302 - INFO - HTTP Request: POST http://localhost:8001/v1/chat/completions "HTTP/1.1 200 OK"
2026-08-18 03:14:28,850 - INFO - HTTP Request: POST http://localhost:8001/v1/chat/completions "HTTP/1.1 200 OK"
2026-08-18 03:14:29,873 - INFO - HTTP Request: POST http://localhost:8001/v1/chat/completions "HTTP/1.1 200 OK"
2026-08-18 03:14:34,815 - INFO - HTTP Request: POST http://localhost:8001/v1/chat/completions "HTTP/1.1 200 OK"

2026-08-18 03:14:40,260 - INFO - HTTP Request: POST http://localhost:8001/v1/chat/completions "HTTP/1.1 200 OK"

2026-08-18 03:14:42,438 - INFO - HTTP Request: POST http://localhost:8001/v1/chat/completions "HTTP/1.1 200 OK"

2026-08-18 03:14:42,655 - INFO - HTTP Request: POST http://localhost:8001/v1/chat/completions "HTTP/1.1 200 OK"
2026-08-18 03:15:00,144 - INFO - HTTP Request: POST http://localhost:8001/v1/chat/completions "HTTP/1.1 200 OK"

2026-08-18 03:15:04,278 - INFO - HTTP Request: POST http://localhost:8001/v1/chat/completions "HTTP/1.1 200 OK"
2026-08-18 03:15:09,782 - INFO - HTTP Request: POST http://localhost:8001/v1/chat/completions "HTTP/1.1 200 OK"
2026-08-18 03:15:15,806 - INFO - HTTP Request: POST http://localhost:8001/v1/chat/completions "HTTP/1.1 200 OK"
2026-08-18 03:15:17,847 - INFO - HTTP Request: POST http://localhost:8001/v1/chat/completions "HTTP/1.1 200 OK"

2026-08-18 03:15:21,994 - INFO - HTTP Request: POST http://localhost:8001/v1/chat/completions "HTTP/1.1 200 OK"

2026-08-18 03:15:33,741 - INFO - HTTP Request: POST http://localhost:8001/v1/chat/completions "HTTP/1.1 200 OK"

2026-08-18 03:15:33,743 - INFO - HTTP Request: POST http://localhost:8001/v1/chat/completions "HTTP/1.1 200 OK"
r4_cfg1:  90%|█████████ | 45/50 [1:10:09<10:49, 129.91s/it]2026-08-18 03:15:45,794 - INFO - HTTP Request: POST http://localhost:8001/v1/chat/completions "HTTP/1.1 200 OK"

r4_cfg1:  92%|█████████▏| 46/50 [1:10:21<06:18, 94.56s/it] 2026-08-18 03:15:50,787 - INFO - HTTP Request: POST http://localhost:8001/v1/chat/completions "HTTP/1.1 200 OK"
2026-08-18 03:15:55,423 - INFO - HTTP Request: POST http://localhost:8001/v1/chat/completions "HTTP/1.1 200 OK"
2026-08-18 03:15:56,154 - INFO - HTTP Request: POST http://localhost:8001/v1/chat/completions "HTTP/1.1 200 OK"
2026-08-18 03:16:04,937 - INFO - HTTP Request: POST http://localhost:8001/v1/chat/completions "HTTP/1.1 200 OK"

r4_cfg1:  94%|█████████▍| 47/50 [1:10:41<03:35, 71.93s/it]2026-08-18 03:16:08,418 - INFO - HTTP Request: POST http://localhost:8001/v1/chat/completions "HTTP/1.1 200 OK"
2026-08-18 03:16:13,747 - INFO - HTTP Request: POST http://localhost:8001/v1/chat/completions "HTTP/1.1 200 OK"

2026-08-18 03:16:16,579 - INFO - HTTP Request: POST http://localhost:8001/v1/chat/completions "HTTP/1.1 200 OK"

r4_cfg1:  96%|█████████▌| 48/50 [1:10:52<01:47, 53.84s/it]2026-08-18 03:16:21,570 - INFO - HTTP Request: POST http://localhost:8001/v1/chat/completions "HTTP/1.1 200 OK"

2026-08-18 03:16:39,581 - INFO - HTTP Request: POST http://localhost:8001/v1/chat/completions "HTTP/1.1 200 OK"
2026-08-18 03:16:47,441 - INFO - HTTP Request: POST http://localhost:8001/v1/chat/completions "HTTP/1.1 200 OK"
2026-08-18 03:16:49,153 - INFO - HTTP Request: POST http://localhost:8001/v1/chat/completions "HTTP/1.1 200 OK"

2026-08-18 03:17:02,001 - INFO - HTTP Request: POST http://localhost:8001/v1/chat/completions "HTTP/1.1 200 OK"

2026-08-18 03:17:13,084 - INFO - HTTP Request: POST http://localhost:8001/v1/chat/completions "HTTP/1.1 200 OK"
2026-08-18 03:17:25,065 - INFO - HTTP Request: POST http://localhost:8001/v1/chat/completions "HTTP/1.1 200 OK"

2026-08-18 03:17:25,970 - INFO - HTTP Request: POST http://localhost:8001/v1/chat/completions "HTTP/1.1 200 OK"
2026-08-18 03:17:37,668 - INFO - HTTP Request: POST http://localhost:8001/v1/chat/completions "HTTP/1.1 200 OK"

2026-08-18 03:17:48,752 - INFO - HTTP Request: POST http://localhost:8001/v1/chat/completions "HTTP/1.1 200 OK"
2026-08-18 03:18:00,505 - INFO - HTTP Request: POST http://localhost:8001/v1/chat/completions "HTTP/1.1 200 OK"

2026-08-18 03:18:01,412 - INFO - HTTP Request: POST http://localhost:8001/v1/chat/completions "HTTP/1.1 200 OK"
2026-08-18 03:18:14,253 - INFO - HTTP Request: POST http://localhost:8001/v1/chat/completions "HTTP/1.1 200 OK"

2026-08-18 03:18:20,146 - INFO - HTTP Request: POST http://localhost:8001/v1/chat/completions "HTTP/1.1 200 OK"
2026-08-18 03:18:29,517 - INFO - HTTP Request: POST http://localhost:8001/v1/chat/completions "HTTP/1.1 200 OK"

2026-08-18 03:18:33,672 - INFO - HTTP Request: POST http://localhost:8001/v1/chat/completions "HTTP/1.1 200 OK"
2026-08-18 03:18:45,592 - INFO - HTTP Request: POST http://localhost:8001/v1/chat/completions "HTTP/1.1 200 OK"

2026-08-18 03:18:57,980 - INFO - HTTP Request: POST http://localhost:8001/v1/chat/completions "HTTP/1.1 200 OK"
2026-08-18 03:19:11,904 - INFO - HTTP Request: POST http://localhost:8001/v1/chat/completions "HTTP/1.1 200 OK"

2026-08-18 03:19:13,893 - INFO - HTTP Request: POST http://localhost:8001/v1/chat/completions "HTTP/1.1 200 OK"
2026-08-18 03:19:23,596 - INFO - HTTP Request: POST http://localhost:8001/v1/chat/completions "HTTP/1.1 200 OK"

2026-08-18 03:19:31,652 - INFO - HTTP Request: POST http://localhost:8001/v1/chat/completions "HTTP/1.1 200 OK"
2026-08-18 03:19:39,739 - INFO - HTTP Request: POST http://localhost:8001/v1/chat/completions "HTTP/1.1 200 OK"

2026-08-18 03:19:43,246 - INFO - HTTP Request: POST http://localhost:8001/v1/chat/completions "HTTP/1.1 200 OK"
2026-08-18 03:19:57,568 - INFO - HTTP Request: POST http://localhost:8001/v1/chat/completions "HTTP/1.1 200 OK"

2026-08-18 03:20:08,663 - INFO - HTTP Request: POST http://localhost:8001/v1/chat/completions "HTTP/1.1 200 OK"
2026-08-18 03:20:22,620 - INFO - HTTP Request: POST http://localhost:8001/v1/chat/completions "HTTP/1.1 200 OK"

2026-08-18 03:20:26,346 - INFO - HTTP Request: POST http://localhost:8001/v1/chat/completions "HTTP/1.1 200 OK"
2026-08-18 03:20:40,667 - INFO - HTTP Request: POST http://localhost:8001/v1/chat/completions "HTTP/1.1 200 OK"

2026-08-18 03:20:55,012 - INFO - HTTP Request: POST http://localhost:8001/v1/chat/completions "HTTP/1.1 200 OK"
2026-08-18 03:21:05,925 - INFO - HTTP Request: POST http://localhost:8001/v1/chat/completions "HTTP/1.1 200 OK"

r4_cfg1:  98%|█████████▊| 49/50 [1:15:42<02:04, 124.50s/it]2026-08-18 03:21:07,340 - INFO - HTTP Request: POST http://localhost:8001/v1/chat/completions "HTTP/1.1 200 OK"
2026-08-18 03:21:09,949 - INFO - HTTP Request: POST http://localhost:8001/v1/chat/completions "HTTP/1.1 200 OK"

r4_cfg1: 100%|██████████| 50/50 [1:15:46<00:00, 88.35s/it] r4_cfg1: 100%|██████████| 50/50 [1:15:46<00:00, 90.93s/it]
  done in 4546.4s (valid 50/50, invalid {})

Scored 1 model/s.
Report:  /LAB/Swiss-Knife/tribunal/bayes_search_honesty/eval_results/round4/r4_cfg1/report/index.html
Tables:  /LAB/Swiss-Knife/tribunal/bayes_search_honesty/eval_results/round4/r4_cfg1/model_summary.csv, /LAB/Swiss-Knife/tribunal/bayes_search_honesty/eval_results/round4/r4_cfg1/summary.csv
