2026-08-17 14:38:22,163 - INFO - Judge client pointed at http://localhost:8003/v1
2026-08-17 14:38:25,337 - INFO - Loading Detoxify model (CPU)
2026-08-17 14:38:28,967 - INFO - HTTP Request: HEAD https://huggingface.co/bert-base-uncased/resolve/main/config.json "HTTP/1.1 200 OK"
Warning: You are sending unauthenticated requests to the HF Hub. Please set a HF_TOKEN to enable higher rate limits and faster downloads.
2026-08-17 14:38:28,968 - WARNING - Warning: You are sending unauthenticated requests to the HF Hub. Please set a HF_TOKEN to enable higher rate limits and faster downloads.
input:  /LAB/Swiss-Knife/tribunal/bayes_search_honesty/eval_results/round0/r0_cfg38/_tribunal_input_tmp (1 model file/s)
output: /LAB/Swiss-Knife/tribunal/bayes_search_honesty/eval_results/round0/r0_cfg38
judge:  Qwen/Qwen2.5-32B-Instruct @ http://localhost:8003/v1
detoxify cross-check: True
Loading weights:   0%|          | 0/201 [00:00<?, ?it/s]Loading weights: 100%|██████████| 201/201 [00:00<00:00, 22944.65it/s]
2026-08-17 14:38:29,294 - INFO - HTTP Request: HEAD https://huggingface.co/bert-base-uncased/resolve/main/tokenizer_config.json "HTTP/1.1 200 OK"
2026-08-17 14:38:29,547 - INFO - HTTP Request: GET https://huggingface.co/api/models/bert-base-uncased/tree/main/additional_chat_templates?recursive=false&expand=false "HTTP/1.1 307 Temporary Redirect"
2026-08-17 14:38:29,769 - INFO - HTTP Request: GET https://huggingface.co/api/models/google-bert/bert-base-uncased/tree/main/additional_chat_templates?recursive=false&expand=false "HTTP/1.1 404 Not Found"
2026-08-17 14:38:29,979 - INFO - HTTP Request: GET https://huggingface.co/api/models/bert-base-uncased/tree/main?recursive=true&expand=false "HTTP/1.1 307 Temporary Redirect"
2026-08-17 14:38:30,191 - INFO - HTTP Request: GET https://huggingface.co/api/models/google-bert/bert-base-uncased/tree/main?recursive=true&expand=false "HTTP/1.1 200 OK"

[1/1] r0_cfg38
  scoring 50 records (0 skipped or cached) [workers=4]
r0_cfg38:   0%|          | 0/50 [00:00<?, ?it/s]2026-08-17 14:38:52,209 - INFO - HTTP Request: POST http://localhost:8003/v1/chat/completions "HTTP/1.1 200 OK"
2026-08-17 14:38:52,428 - INFO - HTTP Request: POST http://localhost:8003/v1/chat/completions "HTTP/1.1 200 OK"
2026-08-17 14:38:52,429 - INFO - HTTP Request: POST http://localhost:8003/v1/chat/completions "HTTP/1.1 200 OK"
2026-08-17 14:38:53,010 - INFO - HTTP Request: POST http://localhost:8003/v1/chat/completions "HTTP/1.1 200 OK"
2026-08-17 14:39:04,764 - INFO - HTTP Request: POST http://localhost:8003/v1/chat/completions "HTTP/1.1 200 OK"

2026-08-17 14:39:05,485 - INFO - HTTP Request: POST http://localhost:8003/v1/chat/completions "HTTP/1.1 200 OK"

2026-08-17 14:39:07,661 - INFO - HTTP Request: POST http://localhost:8003/v1/chat/completions "HTTP/1.1 200 OK"

2026-08-17 14:39:07,878 - INFO - HTTP Request: POST http://localhost:8003/v1/chat/completions "HTTP/1.1 200 OK"

2026-08-17 14:39:30,850 - INFO - HTTP Request: POST http://localhost:8003/v1/chat/completions "HTTP/1.1 200 OK"
2026-08-17 14:39:31,943 - INFO - HTTP Request: POST http://localhost:8003/v1/chat/completions "HTTP/1.1 200 OK"
2026-08-17 14:39:34,481 - INFO - HTTP Request: POST http://localhost:8003/v1/chat/completions "HTTP/1.1 200 OK"
2026-08-17 14:39:34,698 - INFO - HTTP Request: POST http://localhost:8003/v1/chat/completions "HTTP/1.1 200 OK"
2026-08-17 14:39:42,079 - INFO - HTTP Request: POST http://localhost:8003/v1/chat/completions "HTTP/1.1 200 OK"

2026-08-17 14:39:47,790 - INFO - HTTP Request: POST http://localhost:8003/v1/chat/completions "HTTP/1.1 200 OK"

2026-08-17 14:39:50,403 - INFO - HTTP Request: POST http://localhost:8003/v1/chat/completions "HTTP/1.1 200 OK"

2026-08-17 14:39:51,708 - INFO - HTTP Request: POST http://localhost:8003/v1/chat/completions "HTTP/1.1 200 OK"

2026-08-17 14:40:06,456 - INFO - HTTP Request: POST http://localhost:8003/v1/chat/completions "HTTP/1.1 200 OK"
2026-08-17 14:40:12,550 - INFO - HTTP Request: POST http://localhost:8003/v1/chat/completions "HTTP/1.1 200 OK"
2026-08-17 14:40:15,478 - INFO - HTTP Request: POST http://localhost:8003/v1/chat/completions "HTTP/1.1 200 OK"
2026-08-17 14:40:17,099 - INFO - HTTP Request: POST http://localhost:8003/v1/chat/completions "HTTP/1.1 200 OK"
2026-08-17 14:40:18,288 - INFO - HTTP Request: POST http://localhost:8003/v1/chat/completions "HTTP/1.1 200 OK"

2026-08-17 14:40:26,615 - INFO - HTTP Request: POST http://localhost:8003/v1/chat/completions "HTTP/1.1 200 OK"

2026-08-17 14:40:31,195 - INFO - HTTP Request: POST http://localhost:8003/v1/chat/completions "HTTP/1.1 200 OK"

2026-08-17 14:40:32,943 - INFO - HTTP Request: POST http://localhost:8003/v1/chat/completions "HTTP/1.1 200 OK"

2026-08-17 14:40:42,496 - INFO - HTTP Request: POST http://localhost:8003/v1/chat/completions "HTTP/1.1 200 OK"
2026-08-17 14:40:50,542 - INFO - HTTP Request: POST http://localhost:8003/v1/chat/completions "HTTP/1.1 200 OK"
2026-08-17 14:40:55,761 - INFO - HTTP Request: POST http://localhost:8003/v1/chat/completions "HTTP/1.1 200 OK"

2026-08-17 14:40:56,195 - INFO - HTTP Request: POST http://localhost:8003/v1/chat/completions "HTTP/1.1 200 OK"
2026-08-17 14:40:58,415 - INFO - HTTP Request: POST http://localhost:8003/v1/chat/completions "HTTP/1.1 200 OK"
2026-08-17 14:41:03,958 - INFO - HTTP Request: POST http://localhost:8003/v1/chat/completions "HTTP/1.1 200 OK"

2026-08-17 14:41:08,756 - INFO - HTTP Request: POST http://localhost:8003/v1/chat/completions "HTTP/1.1 200 OK"

2026-08-17 14:41:11,153 - INFO - HTTP Request: POST http://localhost:8003/v1/chat/completions "HTTP/1.1 200 OK"

2026-08-17 14:41:16,365 - INFO - HTTP Request: POST http://localhost:8003/v1/chat/completions "HTTP/1.1 200 OK"
2026-08-17 14:41:24,195 - INFO - HTTP Request: POST http://localhost:8003/v1/chat/completions "HTTP/1.1 200 OK"
2026-08-17 14:41:27,560 - INFO - HTTP Request: POST http://localhost:8003/v1/chat/completions "HTTP/1.1 200 OK"

2026-08-17 14:41:29,367 - INFO - HTTP Request: POST http://localhost:8003/v1/chat/completions "HTTP/1.1 200 OK"
2026-08-17 14:41:32,079 - INFO - HTTP Request: POST http://localhost:8003/v1/chat/completions "HTTP/1.1 200 OK"
2026-08-17 14:41:37,186 - INFO - HTTP Request: POST http://localhost:8003/v1/chat/completions "HTTP/1.1 200 OK"

2026-08-17 14:41:43,065 - INFO - HTTP Request: POST http://localhost:8003/v1/chat/completions "HTTP/1.1 200 OK"

2026-08-17 14:41:48,066 - INFO - HTTP Request: POST http://localhost:8003/v1/chat/completions "HTTP/1.1 200 OK"

2026-08-17 14:41:56,966 - INFO - HTTP Request: POST http://localhost:8003/v1/chat/completions "HTTP/1.1 200 OK"
2026-08-17 14:42:06,324 - INFO - HTTP Request: POST http://localhost:8003/v1/chat/completions "HTTP/1.1 200 OK"
2026-08-17 14:42:11,646 - INFO - HTTP Request: POST http://localhost:8003/v1/chat/completions "HTTP/1.1 200 OK"

2026-08-17 14:42:12,588 - INFO - HTTP Request: POST http://localhost:8003/v1/chat/completions "HTTP/1.1 200 OK"
2026-08-17 14:42:17,477 - INFO - HTTP Request: POST http://localhost:8003/v1/chat/completions "HTTP/1.1 200 OK"

2026-08-17 14:42:17,912 - INFO - HTTP Request: POST http://localhost:8003/v1/chat/completions "HTTP/1.1 200 OK"
2026-08-17 14:42:26,716 - INFO - HTTP Request: POST http://localhost:8003/v1/chat/completions "HTTP/1.1 200 OK"

2026-08-17 14:42:32,372 - INFO - HTTP Request: POST http://localhost:8003/v1/chat/completions "HTTP/1.1 200 OK"
2026-08-17 14:42:33,547 - INFO - HTTP Request: POST http://localhost:8003/v1/chat/completions "HTTP/1.1 200 OK"

2026-08-17 14:42:38,333 - INFO - HTTP Request: POST http://localhost:8003/v1/chat/completions "HTTP/1.1 200 OK"
2026-08-17 14:42:45,834 - INFO - HTTP Request: POST http://localhost:8003/v1/chat/completions "HTTP/1.1 200 OK"

2026-08-17 14:42:47,715 - INFO - HTTP Request: POST http://localhost:8003/v1/chat/completions "HTTP/1.1 200 OK"
2026-08-17 14:42:53,258 - INFO - HTTP Request: POST http://localhost:8003/v1/chat/completions "HTTP/1.1 200 OK"

2026-08-17 14:42:54,349 - INFO - HTTP Request: POST http://localhost:8003/v1/chat/completions "HTTP/1.1 200 OK"
2026-08-17 14:43:00,759 - INFO - HTTP Request: POST http://localhost:8003/v1/chat/completions "HTTP/1.1 200 OK"

2026-08-17 14:43:10,113 - INFO - HTTP Request: POST http://localhost:8003/v1/chat/completions "HTTP/1.1 200 OK"

2026-08-17 14:43:15,761 - INFO - HTTP Request: POST http://localhost:8003/v1/chat/completions "HTTP/1.1 200 OK"
2026-08-17 14:43:23,249 - INFO - HTTP Request: POST http://localhost:8003/v1/chat/completions "HTTP/1.1 200 OK"
2026-08-17 14:43:29,236 - INFO - HTTP Request: POST http://localhost:8003/v1/chat/completions "HTTP/1.1 200 OK"

2026-08-17 14:43:30,892 - INFO - HTTP Request: POST http://localhost:8003/v1/chat/completions "HTTP/1.1 200 OK"
2026-08-17 14:43:40,579 - INFO - HTTP Request: POST http://localhost:8003/v1/chat/completions "HTTP/1.1 200 OK"
2026-08-17 14:43:42,425 - INFO - HTTP Request: POST http://localhost:8003/v1/chat/completions "HTTP/1.1 200 OK"

2026-08-17 14:43:43,307 - INFO - HTTP Request: POST http://localhost:8003/v1/chat/completions "HTTP/1.1 200 OK"

2026-08-17 14:43:55,936 - INFO - HTTP Request: POST http://localhost:8003/v1/chat/completions "HTTP/1.1 200 OK"

2026-08-17 14:44:02,676 - INFO - HTTP Request: POST http://localhost:8003/v1/chat/completions "HTTP/1.1 200 OK"
2026-08-17 14:44:14,298 - INFO - HTTP Request: POST http://localhost:8003/v1/chat/completions "HTTP/1.1 200 OK"

r0_cfg38:   2%|▏         | 1/50 [05:44<4:40:57, 344.04s/it]2026-08-17 14:44:15,604 - INFO - HTTP Request: POST http://localhost:8003/v1/chat/completions "HTTP/1.1 200 OK"
2026-08-17 14:44:17,230 - INFO - HTTP Request: POST http://localhost:8003/v1/chat/completions "HTTP/1.1 200 OK"
2026-08-17 14:44:30,310 - INFO - HTTP Request: POST http://localhost:8003/v1/chat/completions "HTTP/1.1 200 OK"
2026-08-17 14:44:32,157 - INFO - HTTP Request: POST http://localhost:8003/v1/chat/completions "HTTP/1.1 200 OK"

r0_cfg38:   4%|▍         | 2/50 [06:01<2:01:44, 152.17s/it]2026-08-17 14:44:33,033 - INFO - HTTP Request: POST http://localhost:8003/v1/chat/completions "HTTP/1.1 200 OK"

r0_cfg38:   6%|▌         | 3/50 [06:02<1:05:04, 83.08s/it] 2026-08-17 14:44:37,381 - INFO - HTTP Request: POST http://localhost:8003/v1/chat/completions "HTTP/1.1 200 OK"
2026-08-17 14:44:46,896 - INFO - HTTP Request: POST http://localhost:8003/v1/chat/completions "HTTP/1.1 200 OK"

2026-08-17 14:44:46,897 - INFO - HTTP Request: POST http://localhost:8003/v1/chat/completions "HTTP/1.1 200 OK"

r0_cfg38:   8%|▊         | 4/50 [06:16<42:44, 55.76s/it]  2026-08-17 14:44:54,274 - INFO - HTTP Request: POST http://localhost:8003/v1/chat/completions "HTTP/1.1 200 OK"
2026-08-17 14:44:55,459 - INFO - HTTP Request: POST http://localhost:8003/v1/chat/completions "HTTP/1.1 200 OK"
2026-08-17 14:45:03,391 - INFO - HTTP Request: POST http://localhost:8003/v1/chat/completions "HTTP/1.1 200 OK"

2026-08-17 14:45:07,526 - INFO - HTTP Request: POST http://localhost:8003/v1/chat/completions "HTTP/1.1 200 OK"

2026-08-17 14:45:09,480 - INFO - HTTP Request: POST http://localhost:8003/v1/chat/completions "HTTP/1.1 200 OK"
2026-08-17 14:45:13,981 - INFO - HTTP Request: POST http://localhost:8003/v1/chat/completions "HTTP/1.1 200 OK"
2026-08-17 14:45:21,755 - INFO - HTTP Request: POST http://localhost:8003/v1/chat/completions "HTTP/1.1 200 OK"

2026-08-17 14:45:29,585 - INFO - HTTP Request: POST http://localhost:8003/v1/chat/completions "HTTP/1.1 200 OK"

2026-08-17 14:45:30,239 - INFO - HTTP Request: POST http://localhost:8003/v1/chat/completions "HTTP/1.1 200 OK"
2026-08-17 14:45:34,687 - INFO - HTTP Request: POST http://localhost:8003/v1/chat/completions "HTTP/1.1 200 OK"
2026-08-17 14:45:41,974 - INFO - HTTP Request: POST http://localhost:8003/v1/chat/completions "HTTP/1.1 200 OK"

2026-08-17 14:45:46,759 - INFO - HTTP Request: POST http://localhost:8003/v1/chat/completions "HTTP/1.1 200 OK"

2026-08-17 14:45:48,497 - INFO - HTTP Request: POST http://localhost:8003/v1/chat/completions "HTTP/1.1 200 OK"
2026-08-17 14:45:54,957 - INFO - HTTP Request: POST http://localhost:8003/v1/chat/completions "HTTP/1.1 200 OK"
2026-08-17 14:46:04,256 - INFO - HTTP Request: POST http://localhost:8003/v1/chat/completions "HTTP/1.1 200 OK"

2026-08-17 14:46:07,085 - INFO - HTTP Request: POST http://localhost:8003/v1/chat/completions "HTTP/1.1 200 OK"
2026-08-17 14:46:11,537 - INFO - HTTP Request: POST http://localhost:8003/v1/chat/completions "HTTP/1.1 200 OK"

2026-08-17 14:46:12,199 - INFO - HTTP Request: POST http://localhost:8003/v1/chat/completions "HTTP/1.1 200 OK"
2026-08-17 14:46:22,311 - INFO - HTTP Request: POST http://localhost:8003/v1/chat/completions "HTTP/1.1 200 OK"

2026-08-17 14:46:29,277 - INFO - HTTP Request: POST http://localhost:8003/v1/chat/completions "HTTP/1.1 200 OK"

2026-08-17 14:46:29,278 - INFO - HTTP Request: POST http://localhost:8003/v1/chat/completions "HTTP/1.1 200 OK"
2026-08-17 14:46:36,388 - INFO - HTTP Request: POST http://localhost:8003/v1/chat/completions "HTTP/1.1 200 OK"
2026-08-17 14:46:40,524 - INFO - HTTP Request: POST http://localhost:8003/v1/chat/completions "HTTP/1.1 200 OK"

2026-08-17 14:46:47,273 - INFO - HTTP Request: POST http://localhost:8003/v1/chat/completions "HTTP/1.1 200 OK"
2026-08-17 14:46:49,545 - INFO - HTTP Request: POST http://localhost:8003/v1/chat/completions "HTTP/1.1 200 OK"

2026-08-17 14:46:54,337 - INFO - HTTP Request: POST http://localhost:8003/v1/chat/completions "HTTP/1.1 200 OK"
2026-08-17 14:47:00,373 - INFO - HTTP Request: POST http://localhost:8003/v1/chat/completions "HTTP/1.1 200 OK"

2026-08-17 14:47:05,383 - INFO - HTTP Request: POST http://localhost:8003/v1/chat/completions "HTTP/1.1 200 OK"
2026-08-17 14:47:07,928 - INFO - HTTP Request: POST http://localhost:8003/v1/chat/completions "HTTP/1.1 200 OK"

2026-08-17 14:47:09,677 - INFO - HTTP Request: POST http://localhost:8003/v1/chat/completions "HTTP/1.1 200 OK"
2026-08-17 14:47:18,604 - INFO - HTTP Request: POST http://localhost:8003/v1/chat/completions "HTTP/1.1 200 OK"

2026-08-17 14:47:21,005 - INFO - HTTP Request: POST http://localhost:8003/v1/chat/completions "HTTP/1.1 200 OK"
2026-08-17 14:47:23,498 - INFO - HTTP Request: POST http://localhost:8003/v1/chat/completions "HTTP/1.1 200 OK"

2026-08-17 14:47:28,498 - INFO - HTTP Request: POST http://localhost:8003/v1/chat/completions "HTTP/1.1 200 OK"
2026-08-17 14:47:32,079 - INFO - HTTP Request: POST http://localhost:8003/v1/chat/completions "HTTP/1.1 200 OK"

2026-08-17 14:47:37,082 - INFO - HTTP Request: POST http://localhost:8003/v1/chat/completions "HTTP/1.1 200 OK"

2026-08-17 14:47:39,038 - INFO - HTTP Request: POST http://localhost:8003/v1/chat/completions "HTTP/1.1 200 OK"
2026-08-17 14:47:52,886 - INFO - HTTP Request: POST http://localhost:8003/v1/chat/completions "HTTP/1.1 200 OK"
2026-08-17 14:47:56,958 - INFO - HTTP Request: POST http://localhost:8003/v1/chat/completions "HTTP/1.1 200 OK"

2026-08-17 14:48:01,526 - INFO - HTTP Request: POST http://localhost:8003/v1/chat/completions "HTTP/1.1 200 OK"
2026-08-17 14:48:06,847 - INFO - HTTP Request: POST http://localhost:8003/v1/chat/completions "HTTP/1.1 200 OK"
2026-08-17 14:48:09,558 - INFO - HTTP Request: POST http://localhost:8003/v1/chat/completions "HTTP/1.1 200 OK"

2026-08-17 14:48:13,478 - INFO - HTTP Request: POST http://localhost:8003/v1/chat/completions "HTTP/1.1 200 OK"

2026-08-17 14:48:21,307 - INFO - HTTP Request: POST http://localhost:8003/v1/chat/completions "HTTP/1.1 200 OK"

2026-08-17 14:48:26,302 - INFO - HTTP Request: POST http://localhost:8003/v1/chat/completions "HTTP/1.1 200 OK"
2026-08-17 14:48:29,933 - INFO - HTTP Request: POST http://localhost:8003/v1/chat/completions "HTTP/1.1 200 OK"
2026-08-17 14:48:34,223 - INFO - HTTP Request: POST http://localhost:8003/v1/chat/completions "HTTP/1.1 200 OK"
2026-08-17 14:48:42,395 - INFO - HTTP Request: POST http://localhost:8003/v1/chat/completions "HTTP/1.1 200 OK"
2026-08-17 14:48:42,613 - INFO - HTTP Request: POST http://localhost:8003/v1/chat/completions "HTTP/1.1 200 OK"

2026-08-17 14:48:47,292 - INFO - HTTP Request: POST http://localhost:8003/v1/chat/completions "HTTP/1.1 200 OK"

2026-08-17 14:48:49,690 - INFO - HTTP Request: POST http://localhost:8003/v1/chat/completions "HTTP/1.1 200 OK"

2026-08-17 14:48:56,433 - INFO - HTTP Request: POST http://localhost:8003/v1/chat/completions "HTTP/1.1 200 OK"

2026-08-17 14:49:02,950 - INFO - HTTP Request: POST http://localhost:8003/v1/chat/completions "HTTP/1.1 200 OK"
2026-08-17 14:49:16,807 - INFO - HTTP Request: POST http://localhost:8003/v1/chat/completions "HTTP/1.1 200 OK"
2026-08-17 14:49:19,577 - INFO - HTTP Request: POST http://localhost:8003/v1/chat/completions "HTTP/1.1 200 OK"
2026-08-17 14:49:21,204 - INFO - HTTP Request: POST http://localhost:8003/v1/chat/completions "HTTP/1.1 200 OK"

2026-08-17 14:49:26,652 - INFO - HTTP Request: POST http://localhost:8003/v1/chat/completions "HTTP/1.1 200 OK"
2026-08-17 14:49:31,331 - INFO - HTTP Request: POST http://localhost:8003/v1/chat/completions "HTTP/1.1 200 OK"

2026-08-17 14:49:33,735 - INFO - HTTP Request: POST http://localhost:8003/v1/chat/completions "HTTP/1.1 200 OK"

2026-08-17 14:49:41,575 - INFO - HTTP Request: POST http://localhost:8003/v1/chat/completions "HTTP/1.1 200 OK"

2026-08-17 14:49:50,705 - INFO - HTTP Request: POST http://localhost:8003/v1/chat/completions "HTTP/1.1 200 OK"
2026-08-17 14:50:00,646 - INFO - HTTP Request: POST http://localhost:8003/v1/chat/completions "HTTP/1.1 200 OK"

2026-08-17 14:50:04,129 - INFO - HTTP Request: POST http://localhost:8003/v1/chat/completions "HTTP/1.1 200 OK"
2026-08-17 14:50:07,695 - INFO - HTTP Request: POST http://localhost:8003/v1/chat/completions "HTTP/1.1 200 OK"
2026-08-17 14:50:15,418 - INFO - HTTP Request: POST http://localhost:8003/v1/chat/completions "HTTP/1.1 200 OK"
2026-08-17 14:50:17,915 - INFO - HTTP Request: POST http://localhost:8003/v1/chat/completions "HTTP/1.1 200 OK"

r0_cfg38:  10%|█         | 5/50 [11:47<1:56:15, 155.02s/it]2026-08-17 14:50:21,839 - INFO - HTTP Request: POST http://localhost:8003/v1/chat/completions "HTTP/1.1 200 OK"

r0_cfg38:  12%|█▏        | 6/50 [11:51<1:16:00, 103.65s/it]2026-08-17 14:50:27,061 - INFO - HTTP Request: POST http://localhost:8003/v1/chat/completions "HTTP/1.1 200 OK"

r0_cfg38:  14%|█▍        | 7/50 [11:56<51:13, 71.47s/it]   2026-08-17 14:50:34,442 - INFO - HTTP Request: POST http://localhost:8003/v1/chat/completions "HTTP/1.1 200 OK"
2026-08-17 14:50:40,249 - INFO - HTTP Request: POST http://localhost:8003/v1/chat/completions "HTTP/1.1 200 OK"
2026-08-17 14:50:44,380 - INFO - HTTP Request: POST http://localhost:8003/v1/chat/completions "HTTP/1.1 200 OK"
2026-08-17 14:50:50,146 - INFO - HTTP Request: POST http://localhost:8003/v1/chat/completions "HTTP/1.1 200 OK"
2026-08-17 14:50:51,609 - INFO - HTTP Request: POST http://localhost:8003/v1/chat/completions "HTTP/1.1 200 OK"

r0_cfg38:  16%|█▌        | 8/50 [12:21<39:34, 56.53s/it]2026-08-17 14:50:53,137 - INFO - HTTP Request: POST http://localhost:8003/v1/chat/completions "HTTP/1.1 200 OK"

2026-08-17 14:50:59,016 - INFO - HTTP Request: POST http://localhost:8003/v1/chat/completions "HTTP/1.1 200 OK"

2026-08-17 14:51:04,017 - INFO - HTTP Request: POST http://localhost:8003/v1/chat/completions "HTTP/1.1 200 OK"

2026-08-17 14:51:13,786 - INFO - HTTP Request: POST http://localhost:8003/v1/chat/completions "HTTP/1.1 200 OK"
2026-08-17 14:51:19,534 - INFO - HTTP Request: POST http://localhost:8003/v1/chat/completions "HTTP/1.1 200 OK"
2026-08-17 14:51:25,623 - INFO - HTTP Request: POST http://localhost:8003/v1/chat/completions "HTTP/1.1 200 OK"
2026-08-17 14:51:26,600 - INFO - HTTP Request: POST http://localhost:8003/v1/chat/completions "HTTP/1.1 200 OK"

2026-08-17 14:51:30,953 - INFO - HTTP Request: POST http://localhost:8003/v1/chat/completions "HTTP/1.1 200 OK"
2026-08-17 14:51:33,507 - INFO - HTTP Request: POST http://localhost:8003/v1/chat/completions "HTTP/1.1 200 OK"

2026-08-17 14:51:38,952 - INFO - HTTP Request: POST http://localhost:8003/v1/chat/completions "HTTP/1.1 200 OK"

2026-08-17 14:51:46,344 - INFO - HTTP Request: POST http://localhost:8003/v1/chat/completions "HTTP/1.1 200 OK"

2026-08-17 14:51:53,076 - INFO - HTTP Request: POST http://localhost:8003/v1/chat/completions "HTTP/1.1 200 OK"
2026-08-17 14:51:58,173 - INFO - HTTP Request: POST http://localhost:8003/v1/chat/completions "HTTP/1.1 200 OK"
2026-08-17 14:52:03,828 - INFO - HTTP Request: POST http://localhost:8003/v1/chat/completions "HTTP/1.1 200 OK"
2026-08-17 14:52:04,046 - INFO - HTTP Request: POST http://localhost:8003/v1/chat/completions "HTTP/1.1 200 OK"

2026-08-17 14:52:11,543 - INFO - HTTP Request: POST http://localhost:8003/v1/chat/completions "HTTP/1.1 200 OK"
2026-08-17 14:52:11,760 - INFO - HTTP Request: POST http://localhost:8003/v1/chat/completions "HTTP/1.1 200 OK"

2026-08-17 14:52:19,543 - INFO - HTTP Request: POST http://localhost:8003/v1/chat/completions "HTTP/1.1 200 OK"

2026-08-17 14:52:24,552 - INFO - HTTP Request: POST http://localhost:8003/v1/chat/completions "HTTP/1.1 200 OK"

2026-08-17 14:52:29,119 - INFO - HTTP Request: POST http://localhost:8003/v1/chat/completions "HTTP/1.1 200 OK"
2026-08-17 14:52:35,954 - INFO - HTTP Request: POST http://localhost:8003/v1/chat/completions "HTTP/1.1 200 OK"
2026-08-17 14:52:40,301 - INFO - HTTP Request: POST http://localhost:8003/v1/chat/completions "HTTP/1.1 200 OK"

2026-08-17 14:52:44,219 - INFO - HTTP Request: POST http://localhost:8003/v1/chat/completions "HTTP/1.1 200 OK"
2026-08-17 14:52:49,319 - INFO - HTTP Request: POST http://localhost:8003/v1/chat/completions "HTTP/1.1 200 OK"
2026-08-17 14:52:49,538 - INFO - HTTP Request: POST http://localhost:8003/v1/chat/completions "HTTP/1.1 200 OK"

2026-08-17 14:52:57,321 - INFO - HTTP Request: POST http://localhost:8003/v1/chat/completions "HTTP/1.1 200 OK"

2026-08-17 14:53:01,896 - INFO - HTTP Request: POST http://localhost:8003/v1/chat/completions "HTTP/1.1 200 OK"

2026-08-17 14:53:04,939 - INFO - HTTP Request: POST http://localhost:8003/v1/chat/completions "HTTP/1.1 200 OK"
2026-08-17 14:53:10,034 - INFO - HTTP Request: POST http://localhost:8003/v1/chat/completions "HTTP/1.1 200 OK"
2026-08-17 14:53:17,212 - INFO - HTTP Request: POST http://localhost:8003/v1/chat/completions "HTTP/1.1 200 OK"
2026-08-17 14:53:18,186 - INFO - HTTP Request: POST http://localhost:8003/v1/chat/completions "HTTP/1.1 200 OK"

2026-08-17 14:53:20,806 - INFO - HTTP Request: POST http://localhost:8003/v1/chat/completions "HTTP/1.1 200 OK"

2026-08-17 14:53:22,112 - INFO - HTTP Request: POST http://localhost:8003/v1/chat/completions "HTTP/1.1 200 OK"
2026-08-17 14:53:31,408 - INFO - HTTP Request: POST http://localhost:8003/v1/chat/completions "HTTP/1.1 200 OK"

2026-08-17 14:53:35,541 - INFO - HTTP Request: POST http://localhost:8003/v1/chat/completions "HTTP/1.1 200 OK"

2026-08-17 14:53:38,364 - INFO - HTTP Request: POST http://localhost:8003/v1/chat/completions "HTTP/1.1 200 OK"
2026-08-17 14:53:49,331 - INFO - HTTP Request: POST http://localhost:8003/v1/chat/completions "HTTP/1.1 200 OK"

2026-08-17 14:53:50,200 - INFO - HTTP Request: POST http://localhost:8003/v1/chat/completions "HTTP/1.1 200 OK"
2026-08-17 14:54:00,626 - INFO - HTTP Request: POST http://localhost:8003/v1/chat/completions "HTTP/1.1 200 OK"
2026-08-17 14:54:03,332 - INFO - HTTP Request: POST http://localhost:8003/v1/chat/completions "HTTP/1.1 200 OK"

2026-08-17 14:54:05,074 - INFO - HTTP Request: POST http://localhost:8003/v1/chat/completions "HTTP/1.1 200 OK"
2026-08-17 14:54:11,976 - INFO - HTTP Request: POST http://localhost:8003/v1/chat/completions "HTTP/1.1 200 OK"

2026-08-17 14:54:18,285 - INFO - HTTP Request: POST http://localhost:8003/v1/chat/completions "HTTP/1.1 200 OK"

2026-08-17 14:54:18,941 - INFO - HTTP Request: POST http://localhost:8003/v1/chat/completions "HTTP/1.1 200 OK"
2026-08-17 14:54:24,032 - INFO - HTTP Request: POST http://localhost:8003/v1/chat/completions "HTTP/1.1 200 OK"
2026-08-17 14:54:32,515 - INFO - HTTP Request: POST http://localhost:8003/v1/chat/completions "HTTP/1.1 200 OK"
2026-08-17 14:54:35,450 - INFO - HTTP Request: POST http://localhost:8003/v1/chat/completions "HTTP/1.1 200 OK"

2026-08-17 14:54:35,453 - INFO - HTTP Request: POST http://localhost:8003/v1/chat/completions "HTTP/1.1 200 OK"

2026-08-17 14:54:39,153 - INFO - HTTP Request: POST http://localhost:8003/v1/chat/completions "HTTP/1.1 200 OK"
2026-08-17 14:54:43,010 - INFO - HTTP Request: POST http://localhost:8003/v1/chat/completions "HTTP/1.1 200 OK"

2026-08-17 14:54:55,844 - INFO - HTTP Request: POST http://localhost:8003/v1/chat/completions "HTTP/1.1 200 OK"
2026-08-17 14:54:59,210 - INFO - HTTP Request: POST http://localhost:8003/v1/chat/completions "HTTP/1.1 200 OK"

2026-08-17 14:55:05,301 - INFO - HTTP Request: POST http://localhost:8003/v1/chat/completions "HTTP/1.1 200 OK"
2026-08-17 14:55:06,390 - INFO - HTTP Request: POST http://localhost:8003/v1/chat/completions "HTTP/1.1 200 OK"

2026-08-17 14:55:12,695 - INFO - HTTP Request: POST http://localhost:8003/v1/chat/completions "HTTP/1.1 200 OK"
2026-08-17 14:55:17,148 - INFO - HTTP Request: POST http://localhost:8003/v1/chat/completions "HTTP/1.1 200 OK"

2026-08-17 14:55:27,379 - INFO - HTTP Request: POST http://localhost:8003/v1/chat/completions "HTTP/1.1 200 OK"

2026-08-17 14:55:28,908 - INFO - HTTP Request: POST http://localhost:8003/v1/chat/completions "HTTP/1.1 200 OK"
2026-08-17 14:55:36,243 - INFO - HTTP Request: POST http://localhost:8003/v1/chat/completions "HTTP/1.1 200 OK"
2026-08-17 14:55:42,880 - INFO - HTTP Request: POST http://localhost:8003/v1/chat/completions "HTTP/1.1 200 OK"

2026-08-17 14:55:46,803 - INFO - HTTP Request: POST http://localhost:8003/v1/chat/completions "HTTP/1.1 200 OK"

2026-08-17 14:55:50,937 - INFO - HTTP Request: POST http://localhost:8003/v1/chat/completions "HTTP/1.1 200 OK"
2026-08-17 14:56:00,936 - INFO - HTTP Request: POST http://localhost:8003/v1/chat/completions "HTTP/1.1 200 OK"
2026-08-17 14:56:02,126 - INFO - HTTP Request: POST http://localhost:8003/v1/chat/completions "HTTP/1.1 200 OK"

r0_cfg38:  18%|█▊        | 9/50 [17:31<1:32:53, 135.93s/it]2026-08-17 14:56:13,655 - INFO - HTTP Request: POST http://localhost:8003/v1/chat/completions "HTTP/1.1 200 OK"

r0_cfg38:  20%|██        | 10/50 [17:43<1:05:00, 97.52s/it]2026-08-17 14:56:15,831 - INFO - HTTP Request: POST http://localhost:8003/v1/chat/completions "HTTP/1.1 200 OK"
2026-08-17 14:56:20,332 - INFO - HTTP Request: POST http://localhost:8003/v1/chat/completions "HTTP/1.1 200 OK"
2026-08-17 14:56:24,789 - INFO - HTTP Request: POST http://localhost:8003/v1/chat/completions "HTTP/1.1 200 OK"
2026-08-17 14:56:31,704 - INFO - HTTP Request: POST http://localhost:8003/v1/chat/completions "HTTP/1.1 200 OK"

r0_cfg38:  22%|██▏       | 11/50 [18:01<47:34, 73.20s/it]  2026-08-17 14:56:32,579 - INFO - HTTP Request: POST http://localhost:8003/v1/chat/completions "HTTP/1.1 200 OK"

r0_cfg38:  24%|██▍       | 12/50 [18:02<32:25, 51.20s/it]2026-08-17 14:56:34,537 - INFO - HTTP Request: POST http://localhost:8003/v1/chat/completions "HTTP/1.1 200 OK"

2026-08-17 14:56:36,706 - INFO - HTTP Request: POST http://localhost:8003/v1/chat/completions "HTTP/1.1 200 OK"
2026-08-17 14:56:52,293 - INFO - HTTP Request: POST http://localhost:8003/v1/chat/completions "HTTP/1.1 200 OK"

2026-08-17 14:56:53,816 - INFO - HTTP Request: POST http://localhost:8003/v1/chat/completions "HTTP/1.1 200 OK"
2026-08-17 14:56:54,994 - INFO - HTTP Request: POST http://localhost:8003/v1/chat/completions "HTTP/1.1 200 OK"
2026-08-17 14:57:01,451 - INFO - HTTP Request: POST http://localhost:8003/v1/chat/completions "HTTP/1.1 200 OK"
2026-08-17 14:57:05,962 - INFO - HTTP Request: POST http://localhost:8003/v1/chat/completions "HTTP/1.1 200 OK"

2026-08-17 14:57:07,054 - INFO - HTTP Request: POST http://localhost:8003/v1/chat/completions "HTTP/1.1 200 OK"

2026-08-17 14:57:12,921 - INFO - HTTP Request: POST http://localhost:8003/v1/chat/completions "HTTP/1.1 200 OK"

2026-08-17 14:57:19,218 - INFO - HTTP Request: POST http://localhost:8003/v1/chat/completions "HTTP/1.1 200 OK"
2026-08-17 14:57:32,421 - INFO - HTTP Request: POST http://localhost:8003/v1/chat/completions "HTTP/1.1 200 OK"
2026-08-17 14:57:33,823 - INFO - HTTP Request: POST http://localhost:8003/v1/chat/completions "HTTP/1.1 200 OK"
2026-08-17 14:57:35,929 - INFO - HTTP Request: POST http://localhost:8003/v1/chat/completions "HTTP/1.1 200 OK"

2026-08-17 14:57:38,106 - INFO - HTTP Request: POST http://localhost:8003/v1/chat/completions "HTTP/1.1 200 OK"
2026-08-17 14:57:43,056 - INFO - HTTP Request: POST http://localhost:8003/v1/chat/completions "HTTP/1.1 200 OK"

2026-08-17 14:57:46,979 - INFO - HTTP Request: POST http://localhost:8003/v1/chat/completions "HTTP/1.1 200 OK"

2026-08-17 14:57:48,069 - INFO - HTTP Request: POST http://localhost:8003/v1/chat/completions "HTTP/1.1 200 OK"

2026-08-17 14:57:59,580 - INFO - HTTP Request: POST http://localhost:8003/v1/chat/completions "HTTP/1.1 200 OK"
2026-08-17 14:58:07,844 - INFO - HTTP Request: POST http://localhost:8003/v1/chat/completions "HTTP/1.1 200 OK"
2026-08-17 14:58:11,910 - INFO - HTTP Request: POST http://localhost:8003/v1/chat/completions "HTTP/1.1 200 OK"
2026-08-17 14:58:12,883 - INFO - HTTP Request: POST http://localhost:8003/v1/chat/completions "HTTP/1.1 200 OK"
2026-08-17 14:58:14,561 - INFO - HTTP Request: POST http://localhost:8003/v1/chat/completions "HTTP/1.1 200 OK"

2026-08-17 14:58:18,928 - INFO - HTTP Request: POST http://localhost:8003/v1/chat/completions "HTTP/1.1 200 OK"

2026-08-17 14:58:25,470 - INFO - HTTP Request: POST http://localhost:8003/v1/chat/completions "HTTP/1.1 200 OK"

2026-08-17 14:58:27,001 - INFO - HTTP Request: POST http://localhost:8003/v1/chat/completions "HTTP/1.1 200 OK"

2026-08-17 14:58:38,510 - INFO - HTTP Request: POST http://localhost:8003/v1/chat/completions "HTTP/1.1 200 OK"
2026-08-17 14:58:43,228 - INFO - HTTP Request: POST http://localhost:8003/v1/chat/completions "HTTP/1.1 200 OK"
2026-08-17 14:58:45,324 - INFO - HTTP Request: POST http://localhost:8003/v1/chat/completions "HTTP/1.1 200 OK"
2026-08-17 14:58:51,580 - INFO - HTTP Request: POST http://localhost:8003/v1/chat/completions "HTTP/1.1 200 OK"

2026-08-17 14:58:51,797 - INFO - HTTP Request: POST http://localhost:8003/v1/chat/completions "HTTP/1.1 200 OK"
2026-08-17 14:58:56,043 - INFO - HTTP Request: POST http://localhost:8003/v1/chat/completions "HTTP/1.1 200 OK"

2026-08-17 14:58:56,477 - INFO - HTTP Request: POST http://localhost:8003/v1/chat/completions "HTTP/1.1 200 OK"

2026-08-17 14:59:04,314 - INFO - HTTP Request: POST http://localhost:8003/v1/chat/completions "HTTP/1.1 200 OK"

2026-08-17 14:59:11,702 - INFO - HTTP Request: POST http://localhost:8003/v1/chat/completions "HTTP/1.1 200 OK"
2026-08-17 14:59:16,639 - INFO - HTTP Request: POST http://localhost:8003/v1/chat/completions "HTTP/1.1 200 OK"
2026-08-17 14:59:23,752 - INFO - HTTP Request: POST http://localhost:8003/v1/chat/completions "HTTP/1.1 200 OK"

2026-08-17 14:59:24,624 - INFO - HTTP Request: POST http://localhost:8003/v1/chat/completions "HTTP/1.1 200 OK"
2026-08-17 14:59:25,591 - INFO - HTTP Request: POST http://localhost:8003/v1/chat/completions "HTTP/1.1 200 OK"
2026-08-17 14:59:27,265 - INFO - HTTP Request: POST http://localhost:8003/v1/chat/completions "HTTP/1.1 200 OK"

2026-08-17 14:59:37,718 - INFO - HTTP Request: POST http://localhost:8003/v1/chat/completions "HTTP/1.1 200 OK"

2026-08-17 14:59:38,153 - INFO - HTTP Request: POST http://localhost:8003/v1/chat/completions "HTTP/1.1 200 OK"

2026-08-17 14:59:53,138 - INFO - HTTP Request: POST http://localhost:8003/v1/chat/completions "HTTP/1.1 200 OK"
2026-08-17 14:59:56,334 - INFO - HTTP Request: POST http://localhost:8003/v1/chat/completions "HTTP/1.1 200 OK"
2026-08-17 14:59:58,211 - INFO - HTTP Request: POST http://localhost:8003/v1/chat/completions "HTTP/1.1 200 OK"
2026-08-17 15:00:06,645 - INFO - HTTP Request: POST http://localhost:8003/v1/chat/completions "HTTP/1.1 200 OK"

2026-08-17 15:00:07,737 - INFO - HTTP Request: POST http://localhost:8003/v1/chat/completions "HTTP/1.1 200 OK"
2026-08-17 15:00:07,955 - INFO - HTTP Request: POST http://localhost:8003/v1/chat/completions "HTTP/1.1 200 OK"

2026-08-17 15:00:14,149 - INFO - HTTP Request: POST http://localhost:8003/v1/chat/completions "HTTP/1.1 200 OK"

2026-08-17 15:00:22,194 - INFO - HTTP Request: POST http://localhost:8003/v1/chat/completions "HTTP/1.1 200 OK"

2026-08-17 15:00:26,972 - INFO - HTTP Request: POST http://localhost:8003/v1/chat/completions "HTTP/1.1 200 OK"
2026-08-17 15:00:28,650 - INFO - HTTP Request: POST http://localhost:8003/v1/chat/completions "HTTP/1.1 200 OK"
2026-08-17 15:00:38,812 - INFO - HTTP Request: POST http://localhost:8003/v1/chat/completions "HTTP/1.1 200 OK"

2026-08-17 15:00:39,902 - INFO - HTTP Request: POST http://localhost:8003/v1/chat/completions "HTTP/1.1 200 OK"

2026-08-17 15:00:42,727 - INFO - HTTP Request: POST http://localhost:8003/v1/chat/completions "HTTP/1.1 200 OK"
2026-08-17 15:00:44,130 - INFO - HTTP Request: POST http://localhost:8003/v1/chat/completions "HTTP/1.1 200 OK"
2026-08-17 15:00:52,346 - INFO - HTTP Request: POST http://localhost:8003/v1/chat/completions "HTTP/1.1 200 OK"

2026-08-17 15:00:55,395 - INFO - HTTP Request: POST http://localhost:8003/v1/chat/completions "HTTP/1.1 200 OK"

2026-08-17 15:01:08,649 - INFO - HTTP Request: POST http://localhost:8003/v1/chat/completions "HTTP/1.1 200 OK"
2026-08-17 15:01:10,109 - INFO - HTTP Request: POST http://localhost:8003/v1/chat/completions "HTTP/1.1 200 OK"
2026-08-17 15:01:19,846 - INFO - HTTP Request: POST http://localhost:8003/v1/chat/completions "HTTP/1.1 200 OK"

2026-08-17 15:01:21,162 - INFO - HTTP Request: POST http://localhost:8003/v1/chat/completions "HTTP/1.1 200 OK"

2026-08-17 15:01:22,040 - INFO - HTTP Request: POST http://localhost:8003/v1/chat/completions "HTTP/1.1 200 OK"
2026-08-17 15:01:29,313 - INFO - HTTP Request: POST http://localhost:8003/v1/chat/completions "HTTP/1.1 200 OK"
2026-08-17 15:01:32,953 - INFO - HTTP Request: POST http://localhost:8003/v1/chat/completions "HTTP/1.1 200 OK"

2026-08-17 15:01:43,617 - INFO - HTTP Request: POST http://localhost:8003/v1/chat/completions "HTTP/1.1 200 OK"

r0_cfg38:  26%|██▌       | 13/50 [23:13<1:20:06, 129.91s/it]2026-08-17 15:01:53,172 - INFO - HTTP Request: POST http://localhost:8003/v1/chat/completions "HTTP/1.1 200 OK"
2026-08-17 15:01:54,629 - INFO - HTTP Request: POST http://localhost:8003/v1/chat/completions "HTTP/1.1 200 OK"
2026-08-17 15:02:02,395 - INFO - HTTP Request: POST http://localhost:8003/v1/chat/completions "HTTP/1.1 200 OK"

r0_cfg38:  28%|██▊       | 14/50 [23:32<57:48, 96.35s/it]   2026-08-17 15:02:06,097 - INFO - HTTP Request: POST http://localhost:8003/v1/chat/completions "HTTP/1.1 200 OK"
2026-08-17 15:02:06,828 - INFO - HTTP Request: POST http://localhost:8003/v1/chat/completions "HTTP/1.1 200 OK"
2026-08-17 15:02:07,121 - INFO - HTTP Request: POST http://localhost:8003/v1/chat/completions "HTTP/1.1 200 OK"

r0_cfg38:  30%|███       | 15/50 [23:36<40:05, 68.73s/it]2026-08-17 15:02:15,709 - INFO - HTTP Request: POST http://localhost:8003/v1/chat/completions "HTTP/1.1 200 OK"

2026-08-17 15:02:22,884 - INFO - HTTP Request: POST http://localhost:8003/v1/chat/completions "HTTP/1.1 200 OK"

r0_cfg38:  32%|███▏      | 16/50 [23:52<29:54, 52.79s/it]2026-08-17 15:02:24,838 - INFO - HTTP Request: POST http://localhost:8003/v1/chat/completions "HTTP/1.1 200 OK"
2026-08-17 15:02:29,501 - INFO - HTTP Request: POST http://localhost:8003/v1/chat/completions "HTTP/1.1 200 OK"
2026-08-17 15:02:38,577 - INFO - HTTP Request: POST http://localhost:8003/v1/chat/completions "HTTP/1.1 200 OK"

2026-08-17 15:02:42,494 - INFO - HTTP Request: POST http://localhost:8003/v1/chat/completions "HTTP/1.1 200 OK"
2026-08-17 15:02:43,241 - INFO - HTTP Request: POST http://localhost:8003/v1/chat/completions "HTTP/1.1 200 OK"

2026-08-17 15:02:45,911 - INFO - HTTP Request: POST http://localhost:8003/v1/chat/completions "HTTP/1.1 200 OK"
2026-08-17 15:02:54,280 - INFO - HTTP Request: POST http://localhost:8003/v1/chat/completions "HTTP/1.1 200 OK"

2026-08-17 15:02:56,236 - INFO - HTTP Request: POST http://localhost:8003/v1/chat/completions "HTTP/1.1 200 OK"

2026-08-17 15:03:05,354 - INFO - HTTP Request: POST http://localhost:8003/v1/chat/completions "HTTP/1.1 200 OK"
2026-08-17 15:03:10,016 - INFO - HTTP Request: POST http://localhost:8003/v1/chat/completions "HTTP/1.1 200 OK"
2026-08-17 15:03:18,227 - INFO - HTTP Request: POST http://localhost:8003/v1/chat/completions "HTTP/1.1 200 OK"
2026-08-17 15:03:18,977 - INFO - HTTP Request: POST http://localhost:8003/v1/chat/completions "HTTP/1.1 200 OK"

2026-08-17 15:03:22,524 - INFO - HTTP Request: POST http://localhost:8003/v1/chat/completions "HTTP/1.1 200 OK"

2026-08-17 15:03:23,396 - INFO - HTTP Request: POST http://localhost:8003/v1/chat/completions "HTTP/1.1 200 OK"
2026-08-17 15:03:32,635 - INFO - HTTP Request: POST http://localhost:8003/v1/chat/completions "HTTP/1.1 200 OK"

2026-08-17 15:03:38,297 - INFO - HTTP Request: POST http://localhost:8003/v1/chat/completions "HTTP/1.1 200 OK"

2026-08-17 15:03:43,725 - INFO - HTTP Request: POST http://localhost:8003/v1/chat/completions "HTTP/1.1 200 OK"
2026-08-17 15:03:47,522 - INFO - HTTP Request: POST http://localhost:8003/v1/chat/completions "HTTP/1.1 200 OK"
2026-08-17 15:03:56,819 - INFO - HTTP Request: POST http://localhost:8003/v1/chat/completions "HTTP/1.1 200 OK"
2026-08-17 15:03:57,036 - INFO - HTTP Request: POST http://localhost:8003/v1/chat/completions "HTTP/1.1 200 OK"

2026-08-17 15:03:59,326 - INFO - HTTP Request: POST http://localhost:8003/v1/chat/completions "HTTP/1.1 200 OK"

2026-08-17 15:04:03,683 - INFO - HTTP Request: POST http://localhost:8003/v1/chat/completions "HTTP/1.1 200 OK"
2026-08-17 15:04:09,872 - INFO - HTTP Request: POST http://localhost:8003/v1/chat/completions "HTTP/1.1 200 OK"

2026-08-17 15:04:17,705 - INFO - HTTP Request: POST http://localhost:8003/v1/chat/completions "HTTP/1.1 200 OK"

2026-08-17 15:04:21,620 - INFO - HTTP Request: POST http://localhost:8003/v1/chat/completions "HTTP/1.1 200 OK"
2026-08-17 15:04:23,454 - INFO - HTTP Request: POST http://localhost:8003/v1/chat/completions "HTTP/1.1 200 OK"
2026-08-17 15:04:30,352 - INFO - HTTP Request: POST http://localhost:8003/v1/chat/completions "HTTP/1.1 200 OK"
2026-08-17 15:04:34,865 - INFO - HTTP Request: POST http://localhost:8003/v1/chat/completions "HTTP/1.1 200 OK"

2026-08-17 15:04:36,400 - INFO - HTTP Request: POST http://localhost:8003/v1/chat/completions "HTTP/1.1 200 OK"

2026-08-17 15:04:42,277 - INFO - HTTP Request: POST http://localhost:8003/v1/chat/completions "HTTP/1.1 200 OK"
2026-08-17 15:04:42,991 - INFO - HTTP Request: POST http://localhost:8003/v1/chat/completions "HTTP/1.1 200 OK"

2026-08-17 15:04:54,543 - INFO - HTTP Request: POST http://localhost:8003/v1/chat/completions "HTTP/1.1 200 OK"
2026-08-17 15:04:55,261 - INFO - HTTP Request: POST http://localhost:8003/v1/chat/completions "HTTP/1.1 200 OK"

2026-08-17 15:04:56,825 - INFO - HTTP Request: POST http://localhost:8003/v1/chat/completions "HTTP/1.1 200 OK"
2026-08-17 15:05:08,302 - INFO - HTTP Request: POST http://localhost:8003/v1/chat/completions "HTTP/1.1 200 OK"

2026-08-17 15:05:08,519 - INFO - HTTP Request: POST http://localhost:8003/v1/chat/completions "HTTP/1.1 200 OK"

2026-08-17 15:05:12,430 - INFO - HTTP Request: POST http://localhost:8003/v1/chat/completions "HTTP/1.1 200 OK"
2026-08-17 15:05:15,794 - INFO - HTTP Request: POST http://localhost:8003/v1/chat/completions "HTTP/1.1 200 OK"
2026-08-17 15:05:25,902 - INFO - HTTP Request: POST http://localhost:8003/v1/chat/completions "HTTP/1.1 200 OK"

2026-08-17 15:05:26,993 - INFO - HTTP Request: POST http://localhost:8003/v1/chat/completions "HTTP/1.1 200 OK"

2026-08-17 15:05:37,631 - INFO - HTTP Request: POST http://localhost:8003/v1/chat/completions "HTTP/1.1 200 OK"
2026-08-17 15:05:37,848 - INFO - HTTP Request: POST http://localhost:8003/v1/chat/completions "HTTP/1.1 200 OK"
2026-08-17 15:05:47,673 - INFO - HTTP Request: POST http://localhost:8003/v1/chat/completions "HTTP/1.1 200 OK"
2026-08-17 15:05:53,933 - INFO - HTTP Request: POST http://localhost:8003/v1/chat/completions "HTTP/1.1 200 OK"

2026-08-17 15:05:54,591 - INFO - HTTP Request: POST http://localhost:8003/v1/chat/completions "HTTP/1.1 200 OK"

2026-08-17 15:05:55,681 - INFO - HTTP Request: POST http://localhost:8003/v1/chat/completions "HTTP/1.1 200 OK"
2026-08-17 15:06:03,391 - INFO - HTTP Request: POST http://localhost:8003/v1/chat/completions "HTTP/1.1 200 OK"

2026-08-17 15:06:05,567 - INFO - HTTP Request: POST http://localhost:8003/v1/chat/completions "HTTP/1.1 200 OK"

2026-08-17 15:06:14,253 - INFO - HTTP Request: POST http://localhost:8003/v1/chat/completions "HTTP/1.1 200 OK"
2026-08-17 15:06:15,225 - INFO - HTTP Request: POST http://localhost:8003/v1/chat/completions "HTTP/1.1 200 OK"
2026-08-17 15:06:26,266 - INFO - HTTP Request: POST http://localhost:8003/v1/chat/completions "HTTP/1.1 200 OK"
2026-08-17 15:06:27,237 - INFO - HTTP Request: POST http://localhost:8003/v1/chat/completions "HTTP/1.1 200 OK"

2026-08-17 15:06:30,722 - INFO - HTTP Request: POST http://localhost:8003/v1/chat/completions "HTTP/1.1 200 OK"

2026-08-17 15:06:33,553 - INFO - HTTP Request: POST http://localhost:8003/v1/chat/completions "HTTP/1.1 200 OK"
2026-08-17 15:06:42,635 - INFO - HTTP Request: POST http://localhost:8003/v1/chat/completions "HTTP/1.1 200 OK"

2026-08-17 15:06:44,161 - INFO - HTTP Request: POST http://localhost:8003/v1/chat/completions "HTTP/1.1 200 OK"

2026-08-17 15:06:56,764 - INFO - HTTP Request: POST http://localhost:8003/v1/chat/completions "HTTP/1.1 200 OK"
2026-08-17 15:07:00,618 - INFO - HTTP Request: POST http://localhost:8003/v1/chat/completions "HTTP/1.1 200 OK"
2026-08-17 15:07:10,958 - INFO - HTTP Request: POST http://localhost:8003/v1/chat/completions "HTTP/1.1 200 OK"

2026-08-17 15:07:12,492 - INFO - HTTP Request: POST http://localhost:8003/v1/chat/completions "HTTP/1.1 200 OK"
2026-08-17 15:07:12,493 - INFO - HTTP Request: POST http://localhost:8003/v1/chat/completions "HTTP/1.1 200 OK"

2026-08-17 15:07:18,241 - INFO - HTTP Request: POST http://localhost:8003/v1/chat/completions "HTTP/1.1 200 OK"
2026-08-17 15:07:29,500 - INFO - HTTP Request: POST http://localhost:8003/v1/chat/completions "HTTP/1.1 200 OK"

r0_cfg38:  34%|███▍      | 17/50 [28:59<1:11:00, 129.11s/it]2026-08-17 15:07:31,026 - INFO - HTTP Request: POST http://localhost:8003/v1/chat/completions "HTTP/1.1 200 OK"

2026-08-17 15:07:44,280 - INFO - HTTP Request: POST http://localhost:8003/v1/chat/completions "HTTP/1.1 200 OK"
2026-08-17 15:07:45,959 - INFO - HTTP Request: POST http://localhost:8003/v1/chat/completions "HTTP/1.1 200 OK"
2026-08-17 15:07:52,154 - INFO - HTTP Request: POST http://localhost:8003/v1/chat/completions "HTTP/1.1 200 OK"
2026-08-17 15:07:54,873 - INFO - HTTP Request: POST http://localhost:8003/v1/chat/completions "HTTP/1.1 200 OK"

r0_cfg38:  36%|███▌      | 18/50 [29:24<52:14, 97.94s/it]   2026-08-17 15:08:04,239 - INFO - HTTP Request: POST http://localhost:8003/v1/chat/completions "HTTP/1.1 200 OK"

r0_cfg38:  38%|███▊      | 19/50 [29:33<36:51, 71.34s/it]2026-08-17 15:08:05,108 - INFO - HTTP Request: POST http://localhost:8003/v1/chat/completions "HTTP/1.1 200 OK"
2026-08-17 15:08:08,909 - INFO - HTTP Request: POST http://localhost:8003/v1/chat/completions "HTTP/1.1 200 OK"

2026-08-17 15:08:16,954 - INFO - HTTP Request: POST http://localhost:8003/v1/chat/completions "HTTP/1.1 200 OK"
2026-08-17 15:08:22,936 - INFO - HTTP Request: POST http://localhost:8003/v1/chat/completions "HTTP/1.1 200 OK"

r0_cfg38:  40%|████      | 20/50 [29:52<27:45, 55.53s/it]2026-08-17 15:08:25,548 - INFO - HTTP Request: POST http://localhost:8003/v1/chat/completions "HTTP/1.1 200 OK"

2026-08-17 15:08:26,851 - INFO - HTTP Request: POST http://localhost:8003/v1/chat/completions "HTTP/1.1 200 OK"
2026-08-17 15:08:35,481 - INFO - HTTP Request: POST http://localhost:8003/v1/chat/completions "HTTP/1.1 200 OK"
2026-08-17 15:08:37,438 - INFO - HTTP Request: POST http://localhost:8003/v1/chat/completions "HTTP/1.1 200 OK"

2026-08-17 15:08:45,703 - INFO - HTTP Request: POST http://localhost:8003/v1/chat/completions "HTTP/1.1 200 OK"
2026-08-17 15:08:48,848 - INFO - HTTP Request: POST http://localhost:8003/v1/chat/completions "HTTP/1.1 200 OK"

2026-08-17 15:08:52,761 - INFO - HTTP Request: POST http://localhost:8003/v1/chat/completions "HTTP/1.1 200 OK"
2026-08-17 15:08:55,526 - INFO - HTTP Request: POST http://localhost:8003/v1/chat/completions "HTTP/1.1 200 OK"

2026-08-17 15:09:04,228 - INFO - HTTP Request: POST http://localhost:8003/v1/chat/completions "HTTP/1.1 200 OK"
2026-08-17 15:09:05,907 - INFO - HTTP Request: POST http://localhost:8003/v1/chat/completions "HTTP/1.1 200 OK"

2026-08-17 15:09:13,955 - INFO - HTTP Request: POST http://localhost:8003/v1/chat/completions "HTTP/1.1 200 OK"
2026-08-17 15:09:14,173 - INFO - HTTP Request: POST http://localhost:8003/v1/chat/completions "HTTP/1.1 200 OK"

2026-08-17 15:09:22,372 - INFO - HTTP Request: POST http://localhost:8003/v1/chat/completions "HTTP/1.1 200 OK"
2026-08-17 15:09:25,736 - INFO - HTTP Request: POST http://localhost:8003/v1/chat/completions "HTTP/1.1 200 OK"

2026-08-17 15:09:30,965 - INFO - HTTP Request: POST http://localhost:8003/v1/chat/completions "HTTP/1.1 200 OK"
2026-08-17 15:09:33,295 - INFO - HTTP Request: POST http://localhost:8003/v1/chat/completions "HTTP/1.1 200 OK"

2026-08-17 15:09:39,603 - INFO - HTTP Request: POST http://localhost:8003/v1/chat/completions "HTTP/1.1 200 OK"
2026-08-17 15:09:48,032 - INFO - HTTP Request: POST http://localhost:8003/v1/chat/completions "HTTP/1.1 200 OK"

2026-08-17 15:09:50,434 - INFO - HTTP Request: POST http://localhost:8003/v1/chat/completions "HTTP/1.1 200 OK"
2026-08-17 15:09:51,405 - INFO - HTTP Request: POST http://localhost:8003/v1/chat/completions "HTTP/1.1 200 OK"

2026-08-17 15:09:58,369 - INFO - HTTP Request: POST http://localhost:8003/v1/chat/completions "HTTP/1.1 200 OK"
2026-08-17 15:10:03,470 - INFO - HTTP Request: POST http://localhost:8003/v1/chat/completions "HTTP/1.1 200 OK"

2026-08-17 15:10:08,698 - INFO - HTTP Request: POST http://localhost:8003/v1/chat/completions "HTTP/1.1 200 OK"

2026-08-17 15:10:12,828 - INFO - HTTP Request: POST http://localhost:8003/v1/chat/completions "HTTP/1.1 200 OK"
2026-08-17 15:10:16,085 - INFO - HTTP Request: POST http://localhost:8003/v1/chat/completions "HTTP/1.1 200 OK"
2026-08-17 15:10:23,643 - INFO - HTTP Request: POST http://localhost:8003/v1/chat/completions "HTTP/1.1 200 OK"
2026-08-17 15:10:26,192 - INFO - HTTP Request: POST http://localhost:8003/v1/chat/completions "HTTP/1.1 200 OK"

2026-08-17 15:10:30,339 - INFO - HTTP Request: POST http://localhost:8003/v1/chat/completions "HTTP/1.1 200 OK"

2026-08-17 15:10:32,739 - INFO - HTTP Request: POST http://localhost:8003/v1/chat/completions "HTTP/1.1 200 OK"

2026-08-17 15:10:34,042 - INFO - HTTP Request: POST http://localhost:8003/v1/chat/completions "HTTP/1.1 200 OK"
2026-08-17 15:10:46,211 - INFO - HTTP Request: POST http://localhost:8003/v1/chat/completions "HTTP/1.1 200 OK"

2026-08-17 15:10:46,429 - INFO - HTTP Request: POST http://localhost:8003/v1/chat/completions "HTTP/1.1 200 OK"
2026-08-17 15:10:50,939 - INFO - HTTP Request: POST http://localhost:8003/v1/chat/completions "HTTP/1.1 200 OK"
2026-08-17 15:10:57,628 - INFO - HTTP Request: POST http://localhost:8003/v1/chat/completions "HTTP/1.1 200 OK"

2026-08-17 15:11:01,327 - INFO - HTTP Request: POST http://localhost:8003/v1/chat/completions "HTTP/1.1 200 OK"

2026-08-17 15:11:02,630 - INFO - HTTP Request: POST http://localhost:8003/v1/chat/completions "HTTP/1.1 200 OK"
2026-08-17 15:11:07,076 - INFO - HTTP Request: POST http://localhost:8003/v1/chat/completions "HTTP/1.1 200 OK"
2026-08-17 15:11:16,967 - INFO - HTTP Request: POST http://localhost:8003/v1/chat/completions "HTTP/1.1 200 OK"

2026-08-17 15:11:20,015 - INFO - HTTP Request: POST http://localhost:8003/v1/chat/completions "HTTP/1.1 200 OK"

2026-08-17 15:11:26,963 - INFO - HTTP Request: POST http://localhost:8003/v1/chat/completions "HTTP/1.1 200 OK"
2026-08-17 15:11:30,976 - INFO - HTTP Request: POST http://localhost:8003/v1/chat/completions "HTTP/1.1 200 OK"
2026-08-17 15:11:37,661 - INFO - HTTP Request: POST http://localhost:8003/v1/chat/completions "HTTP/1.1 200 OK"
2026-08-17 15:11:39,557 - INFO - HTTP Request: POST http://localhost:8003/v1/chat/completions "HTTP/1.1 200 OK"

2026-08-17 15:11:45,005 - INFO - HTTP Request: POST http://localhost:8003/v1/chat/completions "HTTP/1.1 200 OK"

2026-08-17 15:11:47,182 - INFO - HTTP Request: POST http://localhost:8003/v1/chat/completions "HTTP/1.1 200 OK"

2026-08-17 15:11:49,790 - INFO - HTTP Request: POST http://localhost:8003/v1/chat/completions "HTTP/1.1 200 OK"
2026-08-17 15:11:59,888 - INFO - HTTP Request: POST http://localhost:8003/v1/chat/completions "HTTP/1.1 200 OK"
2026-08-17 15:12:00,914 - INFO - HTTP Request: POST http://localhost:8003/v1/chat/completions "HTTP/1.1 200 OK"

2026-08-17 15:12:05,701 - INFO - HTTP Request: POST http://localhost:8003/v1/chat/completions "HTTP/1.1 200 OK"
2026-08-17 15:12:14,783 - INFO - HTTP Request: POST http://localhost:8003/v1/chat/completions "HTTP/1.1 200 OK"

2026-08-17 15:12:17,397 - INFO - HTTP Request: POST http://localhost:8003/v1/chat/completions "HTTP/1.1 200 OK"
2026-08-17 15:12:21,688 - INFO - HTTP Request: POST http://localhost:8003/v1/chat/completions "HTTP/1.1 200 OK"
2026-08-17 15:12:25,281 - INFO - HTTP Request: POST http://localhost:8003/v1/chat/completions "HTTP/1.1 200 OK"

2026-08-17 15:12:29,206 - INFO - HTTP Request: POST http://localhost:8003/v1/chat/completions "HTTP/1.1 200 OK"

2026-08-17 15:12:30,955 - INFO - HTTP Request: POST http://localhost:8003/v1/chat/completions "HTTP/1.1 200 OK"

2026-08-17 15:12:44,637 - INFO - HTTP Request: POST http://localhost:8003/v1/chat/completions "HTTP/1.1 200 OK"
2026-08-17 15:12:54,800 - INFO - HTTP Request: POST http://localhost:8003/v1/chat/completions "HTTP/1.1 200 OK"
2026-08-17 15:12:57,352 - INFO - HTTP Request: POST http://localhost:8003/v1/chat/completions "HTTP/1.1 200 OK"

2026-08-17 15:13:00,864 - INFO - HTTP Request: POST http://localhost:8003/v1/chat/completions "HTTP/1.1 200 OK"
2026-08-17 15:13:02,910 - INFO - HTTP Request: POST http://localhost:8003/v1/chat/completions "HTTP/1.1 200 OK"
2026-08-17 15:13:07,859 - INFO - HTTP Request: POST http://localhost:8003/v1/chat/completions "HTTP/1.1 200 OK"

2026-08-17 15:13:14,404 - INFO - HTTP Request: POST http://localhost:8003/v1/chat/completions "HTTP/1.1 200 OK"

2026-08-17 15:13:23,980 - INFO - HTTP Request: POST http://localhost:8003/v1/chat/completions "HTTP/1.1 200 OK"

r0_cfg38:  42%|████▏     | 21/50 [34:53<1:02:27, 129.23s/it]2026-08-17 15:13:30,712 - INFO - HTTP Request: POST http://localhost:8003/v1/chat/completions "HTTP/1.1 200 OK"
2026-08-17 15:13:41,309 - INFO - HTTP Request: POST http://localhost:8003/v1/chat/completions "HTTP/1.1 200 OK"
2026-08-17 15:13:42,057 - INFO - HTTP Request: POST http://localhost:8003/v1/chat/completions "HTTP/1.1 200 OK"

r0_cfg38:  44%|████▍     | 22/50 [35:11<44:44, 95.87s/it]   2026-08-17 15:13:46,691 - INFO - HTTP Request: POST http://localhost:8003/v1/chat/completions "HTTP/1.1 200 OK"
2026-08-17 15:13:48,531 - INFO - HTTP Request: POST http://localhost:8003/v1/chat/completions "HTTP/1.1 200 OK"
2026-08-17 15:13:53,862 - INFO - HTTP Request: POST http://localhost:8003/v1/chat/completions "HTTP/1.1 200 OK"

r0_cfg38:  46%|████▌     | 23/50 [35:23<31:47, 70.64s/it]2026-08-17 15:13:58,222 - INFO - HTTP Request: POST http://localhost:8003/v1/chat/completions "HTTP/1.1 200 OK"

2026-08-17 15:13:58,440 - INFO - HTTP Request: POST http://localhost:8003/v1/chat/completions "HTTP/1.1 200 OK"

r0_cfg38:  48%|████▊     | 24/50 [35:28<22:01, 50.82s/it]2026-08-17 15:14:04,515 - INFO - HTTP Request: POST http://localhost:8003/v1/chat/completions "HTTP/1.1 200 OK"
2026-08-17 15:14:13,644 - INFO - HTTP Request: POST http://localhost:8003/v1/chat/completions "HTTP/1.1 200 OK"

2026-08-17 15:14:16,033 - INFO - HTTP Request: POST http://localhost:8003/v1/chat/completions "HTTP/1.1 200 OK"
2026-08-17 15:14:20,910 - INFO - HTTP Request: POST http://localhost:8003/v1/chat/completions "HTTP/1.1 200 OK"
2026-08-17 15:14:25,143 - INFO - HTTP Request: POST http://localhost:8003/v1/chat/completions "HTTP/1.1 200 OK"
2026-08-17 15:14:27,202 - INFO - HTTP Request: POST http://localhost:8003/v1/chat/completions "HTTP/1.1 200 OK"

2026-08-17 15:14:35,477 - INFO - HTTP Request: POST http://localhost:8003/v1/chat/completions "HTTP/1.1 200 OK"

2026-08-17 15:14:36,131 - INFO - HTTP Request: POST http://localhost:8003/v1/chat/completions "HTTP/1.1 200 OK"

2026-08-17 15:14:40,690 - INFO - HTTP Request: POST http://localhost:8003/v1/chat/completions "HTTP/1.1 200 OK"
2026-08-17 15:14:51,346 - INFO - HTTP Request: POST http://localhost:8003/v1/chat/completions "HTTP/1.1 200 OK"

2026-08-17 15:14:53,518 - INFO - HTTP Request: POST http://localhost:8003/v1/chat/completions "HTTP/1.1 200 OK"
2026-08-17 15:15:01,008 - INFO - HTTP Request: POST http://localhost:8003/v1/chat/completions "HTTP/1.1 200 OK"
2026-08-17 15:15:02,414 - INFO - HTTP Request: POST http://localhost:8003/v1/chat/completions "HTTP/1.1 200 OK"
2026-08-17 15:15:04,095 - INFO - HTTP Request: POST http://localhost:8003/v1/chat/completions "HTTP/1.1 200 OK"

2026-08-17 15:15:13,024 - INFO - HTTP Request: POST http://localhost:8003/v1/chat/completions "HTTP/1.1 200 OK"

2026-08-17 15:15:16,729 - INFO - HTTP Request: POST http://localhost:8003/v1/chat/completions "HTTP/1.1 200 OK"
2026-08-17 15:15:18,041 - INFO - HTTP Request: POST http://localhost:8003/v1/chat/completions "HTTP/1.1 200 OK"

2026-08-17 15:15:25,647 - INFO - HTTP Request: POST http://localhost:8003/v1/chat/completions "HTTP/1.1 200 OK"

2026-08-17 15:15:28,694 - INFO - HTTP Request: POST http://localhost:8003/v1/chat/completions "HTTP/1.1 200 OK"
2026-08-17 15:15:37,704 - INFO - HTTP Request: POST http://localhost:8003/v1/chat/completions "HTTP/1.1 200 OK"
2026-08-17 15:15:40,192 - INFO - HTTP Request: POST http://localhost:8003/v1/chat/completions "HTTP/1.1 200 OK"

2026-08-17 15:15:43,027 - INFO - HTTP Request: POST http://localhost:8003/v1/chat/completions "HTTP/1.1 200 OK"
2026-08-17 15:15:50,093 - INFO - HTTP Request: POST http://localhost:8003/v1/chat/completions "HTTP/1.1 200 OK"
2026-08-17 15:15:50,529 - INFO - HTTP Request: POST http://localhost:8003/v1/chat/completions "HTTP/1.1 200 OK"

2026-08-17 15:15:55,765 - INFO - HTTP Request: POST http://localhost:8003/v1/chat/completions "HTTP/1.1 200 OK"

2026-08-17 15:16:02,725 - INFO - HTTP Request: POST http://localhost:8003/v1/chat/completions "HTTP/1.1 200 OK"

2026-08-17 15:16:04,686 - INFO - HTTP Request: POST http://localhost:8003/v1/chat/completions "HTTP/1.1 200 OK"
2026-08-17 15:16:10,865 - INFO - HTTP Request: POST http://localhost:8003/v1/chat/completions "HTTP/1.1 200 OK"
2026-08-17 15:16:18,146 - INFO - HTTP Request: POST http://localhost:8003/v1/chat/completions "HTTP/1.1 200 OK"

2026-08-17 15:16:20,547 - INFO - HTTP Request: POST http://localhost:8003/v1/chat/completions "HTTP/1.1 200 OK"
2026-08-17 15:16:23,474 - INFO - HTTP Request: POST http://localhost:8003/v1/chat/completions "HTTP/1.1 200 OK"
2026-08-17 15:16:24,786 - INFO - HTTP Request: POST http://localhost:8003/v1/chat/completions "HTTP/1.1 200 OK"

2026-08-17 15:16:33,057 - INFO - HTTP Request: POST http://localhost:8003/v1/chat/completions "HTTP/1.1 200 OK"

2026-08-17 15:16:33,930 - INFO - HTTP Request: POST http://localhost:8003/v1/chat/completions "HTTP/1.1 200 OK"

2026-08-17 15:16:38,496 - INFO - HTTP Request: POST http://localhost:8003/v1/chat/completions "HTTP/1.1 200 OK"
2026-08-17 15:16:49,025 - INFO - HTTP Request: POST http://localhost:8003/v1/chat/completions "HTTP/1.1 200 OK"

2026-08-17 15:16:53,802 - INFO - HTTP Request: POST http://localhost:8003/v1/chat/completions "HTTP/1.1 200 OK"
2026-08-17 15:16:54,019 - INFO - HTTP Request: POST http://localhost:8003/v1/chat/completions "HTTP/1.1 200 OK"
2026-08-17 15:17:02,698 - INFO - HTTP Request: POST http://localhost:8003/v1/chat/completions "HTTP/1.1 200 OK"
2026-08-17 15:17:06,841 - INFO - HTTP Request: POST http://localhost:8003/v1/chat/completions "HTTP/1.1 200 OK"

2026-08-17 15:17:08,150 - INFO - HTTP Request: POST http://localhost:8003/v1/chat/completions "HTTP/1.1 200 OK"

2026-08-17 15:17:12,932 - INFO - HTTP Request: POST http://localhost:8003/v1/chat/completions "HTTP/1.1 200 OK"

2026-08-17 15:17:18,577 - INFO - HTTP Request: POST http://localhost:8003/v1/chat/completions "HTTP/1.1 200 OK"
2026-08-17 15:17:28,453 - INFO - HTTP Request: POST http://localhost:8003/v1/chat/completions "HTTP/1.1 200 OK"
2026-08-17 15:17:33,558 - INFO - HTTP Request: POST http://localhost:8003/v1/chat/completions "HTTP/1.1 200 OK"
2026-08-17 15:17:34,440 - INFO - HTTP Request: POST http://localhost:8003/v1/chat/completions "HTTP/1.1 200 OK"

2026-08-17 15:17:36,399 - INFO - HTTP Request: POST http://localhost:8003/v1/chat/completions "HTTP/1.1 200 OK"
2026-08-17 15:17:43,252 - INFO - HTTP Request: POST http://localhost:8003/v1/chat/completions "HTTP/1.1 200 OK"

2026-08-17 15:17:44,997 - INFO - HTTP Request: POST http://localhost:8003/v1/chat/completions "HTTP/1.1 200 OK"

2026-08-17 15:17:46,740 - INFO - HTTP Request: POST http://localhost:8003/v1/chat/completions "HTTP/1.1 200 OK"

2026-08-17 15:17:54,774 - INFO - HTTP Request: POST http://localhost:8003/v1/chat/completions "HTTP/1.1 200 OK"
2026-08-17 15:18:07,050 - INFO - HTTP Request: POST http://localhost:8003/v1/chat/completions "HTTP/1.1 200 OK"
2026-08-17 15:18:11,509 - INFO - HTTP Request: POST http://localhost:8003/v1/chat/completions "HTTP/1.1 200 OK"

2026-08-17 15:18:13,035 - INFO - HTTP Request: POST http://localhost:8003/v1/chat/completions "HTTP/1.1 200 OK"
2026-08-17 15:18:15,092 - INFO - HTTP Request: POST http://localhost:8003/v1/chat/completions "HTTP/1.1 200 OK"
2026-08-17 15:18:19,675 - INFO - HTTP Request: POST http://localhost:8003/v1/chat/completions "HTTP/1.1 200 OK"

2026-08-17 15:18:24,903 - INFO - HTTP Request: POST http://localhost:8003/v1/chat/completions "HTTP/1.1 200 OK"

2026-08-17 15:18:27,523 - INFO - HTTP Request: POST http://localhost:8003/v1/chat/completions "HTTP/1.1 200 OK"

2026-08-17 15:18:41,213 - INFO - HTTP Request: POST http://localhost:8003/v1/chat/completions "HTTP/1.1 200 OK"
2026-08-17 15:18:49,141 - INFO - HTTP Request: POST http://localhost:8003/v1/chat/completions "HTTP/1.1 200 OK"
2026-08-17 15:18:54,900 - INFO - HTTP Request: POST http://localhost:8003/v1/chat/completions "HTTP/1.1 200 OK"

2026-08-17 15:18:57,955 - INFO - HTTP Request: POST http://localhost:8003/v1/chat/completions "HTTP/1.1 200 OK"
2026-08-17 15:19:00,790 - INFO - HTTP Request: POST http://localhost:8003/v1/chat/completions "HTTP/1.1 200 OK"

2026-08-17 15:19:01,452 - INFO - HTTP Request: POST http://localhost:8003/v1/chat/completions "HTTP/1.1 200 OK"
2026-08-17 15:19:09,819 - INFO - HTTP Request: POST http://localhost:8003/v1/chat/completions "HTTP/1.1 200 OK"

r0_cfg38:  50%|█████     | 25/50 [40:39<53:44, 129.00s/it]2026-08-17 15:19:17,866 - INFO - HTTP Request: POST http://localhost:8003/v1/chat/completions "HTTP/1.1 200 OK"

r0_cfg38:  52%|█████▏    | 26/50 [40:47<37:05, 92.71s/it] 2026-08-17 15:19:27,855 - INFO - HTTP Request: POST http://localhost:8003/v1/chat/completions "HTTP/1.1 200 OK"
2026-08-17 15:19:31,866 - INFO - HTTP Request: POST http://localhost:8003/v1/chat/completions "HTTP/1.1 200 OK"
2026-08-17 15:19:34,144 - INFO - HTTP Request: POST http://localhost:8003/v1/chat/completions "HTTP/1.1 200 OK"
2026-08-17 15:19:40,789 - INFO - HTTP Request: POST http://localhost:8003/v1/chat/completions "HTTP/1.1 200 OK"
2026-08-17 15:19:42,412 - INFO - HTTP Request: POST http://localhost:8003/v1/chat/completions "HTTP/1.1 200 OK"

r0_cfg38:  54%|█████▍    | 27/50 [41:12<27:41, 72.26s/it]2026-08-17 15:19:45,031 - INFO - HTTP Request: POST http://localhost:8003/v1/chat/completions "HTTP/1.1 200 OK"

2026-08-17 15:19:45,906 - INFO - HTTP Request: POST http://localhost:8003/v1/chat/completions "HTTP/1.1 200 OK"

r0_cfg38:  56%|█████▌    | 28/50 [41:15<18:55, 51.63s/it]2026-08-17 15:19:53,295 - INFO - HTTP Request: POST http://localhost:8003/v1/chat/completions "HTTP/1.1 200 OK"

2026-08-17 15:20:04,367 - INFO - HTTP Request: POST http://localhost:8003/v1/chat/completions "HTTP/1.1 200 OK"
2026-08-17 15:20:07,994 - INFO - HTTP Request: POST http://localhost:8003/v1/chat/completions "HTTP/1.1 200 OK"
2026-08-17 15:20:11,548 - INFO - HTTP Request: POST http://localhost:8003/v1/chat/completions "HTTP/1.1 200 OK"
2026-08-17 15:20:17,358 - INFO - HTTP Request: POST http://localhost:8003/v1/chat/completions "HTTP/1.1 200 OK"

2026-08-17 15:20:18,231 - INFO - HTTP Request: POST http://localhost:8003/v1/chat/completions "HTTP/1.1 200 OK"

2026-08-17 15:20:20,189 - INFO - HTTP Request: POST http://localhost:8003/v1/chat/completions "HTTP/1.1 200 OK"
2026-08-17 15:20:23,551 - INFO - HTTP Request: POST http://localhost:8003/v1/chat/completions "HTTP/1.1 200 OK"

2026-08-17 15:20:33,553 - INFO - HTTP Request: POST http://localhost:8003/v1/chat/completions "HTTP/1.1 200 OK"

2026-08-17 15:20:43,756 - INFO - HTTP Request: POST http://localhost:8003/v1/chat/completions "HTTP/1.1 200 OK"
2026-08-17 15:20:44,781 - INFO - HTTP Request: POST http://localhost:8003/v1/chat/completions "HTTP/1.1 200 OK"
2026-08-17 15:20:48,333 - INFO - HTTP Request: POST http://localhost:8003/v1/chat/completions "HTTP/1.1 200 OK"
2026-08-17 15:20:55,840 - INFO - HTTP Request: POST http://localhost:8003/v1/chat/completions "HTTP/1.1 200 OK"

2026-08-17 15:20:56,058 - INFO - HTTP Request: POST http://localhost:8003/v1/chat/completions "HTTP/1.1 200 OK"

2026-08-17 15:20:57,584 - INFO - HTTP Request: POST http://localhost:8003/v1/chat/completions "HTTP/1.1 200 OK"
2026-08-17 15:21:04,540 - INFO - HTTP Request: POST http://localhost:8003/v1/chat/completions "HTTP/1.1 200 OK"

2026-08-17 15:21:08,028 - INFO - HTTP Request: POST http://localhost:8003/v1/chat/completions "HTTP/1.1 200 OK"

2026-08-17 15:21:19,756 - INFO - HTTP Request: POST http://localhost:8003/v1/chat/completions "HTTP/1.1 200 OK"
2026-08-17 15:21:20,996 - INFO - HTTP Request: POST http://localhost:8003/v1/chat/completions "HTTP/1.1 200 OK"
2026-08-17 15:21:28,901 - INFO - HTTP Request: POST http://localhost:8003/v1/chat/completions "HTTP/1.1 200 OK"
2026-08-17 15:21:31,614 - INFO - HTTP Request: POST http://localhost:8003/v1/chat/completions "HTTP/1.1 200 OK"

2026-08-17 15:21:32,929 - INFO - HTTP Request: POST http://localhost:8003/v1/chat/completions "HTTP/1.1 200 OK"
2026-08-17 15:21:35,638 - INFO - HTTP Request: POST http://localhost:8003/v1/chat/completions "HTTP/1.1 200 OK"

2026-08-17 15:21:41,306 - INFO - HTTP Request: POST http://localhost:8003/v1/chat/completions "HTTP/1.1 200 OK"

2026-08-17 15:21:45,446 - INFO - HTTP Request: POST http://localhost:8003/v1/chat/completions "HTTP/1.1 200 OK"

2026-08-17 15:21:55,870 - INFO - HTTP Request: POST http://localhost:8003/v1/chat/completions "HTTP/1.1 200 OK"
2026-08-17 15:21:59,934 - INFO - HTTP Request: POST http://localhost:8003/v1/chat/completions "HTTP/1.1 200 OK"
2026-08-17 15:22:01,523 - INFO - HTTP Request: POST http://localhost:8003/v1/chat/completions "HTTP/1.1 200 OK"
2026-08-17 15:22:05,976 - INFO - HTTP Request: POST http://localhost:8003/v1/chat/completions "HTTP/1.1 200 OK"
2026-08-17 15:22:08,691 - INFO - HTTP Request: POST http://localhost:8003/v1/chat/completions "HTTP/1.1 200 OK"

2026-08-17 15:22:10,880 - INFO - HTTP Request: POST http://localhost:8003/v1/chat/completions "HTTP/1.1 200 OK"

2026-08-17 15:22:14,806 - INFO - HTTP Request: POST http://localhost:8003/v1/chat/completions "HTTP/1.1 200 OK"

2026-08-17 15:22:20,458 - INFO - HTTP Request: POST http://localhost:8003/v1/chat/completions "HTTP/1.1 200 OK"

2026-08-17 15:22:28,490 - INFO - HTTP Request: POST http://localhost:8003/v1/chat/completions "HTTP/1.1 200 OK"
2026-08-17 15:22:31,034 - INFO - HTTP Request: POST http://localhost:8003/v1/chat/completions "HTTP/1.1 200 OK"
2026-08-17 15:22:41,763 - INFO - HTTP Request: POST http://localhost:8003/v1/chat/completions "HTTP/1.1 200 OK"

2026-08-17 15:22:43,937 - INFO - HTTP Request: POST http://localhost:8003/v1/chat/completions "HTTP/1.1 200 OK"
2026-08-17 15:22:44,154 - INFO - HTTP Request: POST http://localhost:8003/v1/chat/completions "HTTP/1.1 200 OK"

2026-08-17 15:22:49,905 - INFO - HTTP Request: POST http://localhost:8003/v1/chat/completions "HTTP/1.1 200 OK"
2026-08-17 15:22:56,745 - INFO - HTTP Request: POST http://localhost:8003/v1/chat/completions "HTTP/1.1 200 OK"

2026-08-17 15:23:06,530 - INFO - HTTP Request: POST http://localhost:8003/v1/chat/completions "HTTP/1.1 200 OK"

2026-08-17 15:23:11,091 - INFO - HTTP Request: POST http://localhost:8003/v1/chat/completions "HTTP/1.1 200 OK"
2026-08-17 15:23:13,851 - INFO - HTTP Request: POST http://localhost:8003/v1/chat/completions "HTTP/1.1 200 OK"
2026-08-17 15:23:17,181 - INFO - HTTP Request: POST http://localhost:8003/v1/chat/completions "HTTP/1.1 200 OK"
2026-08-17 15:23:25,993 - INFO - HTTP Request: POST http://localhost:8003/v1/chat/completions "HTTP/1.1 200 OK"

2026-08-17 15:23:27,302 - INFO - HTTP Request: POST http://localhost:8003/v1/chat/completions "HTTP/1.1 200 OK"
2026-08-17 15:23:27,303 - INFO - HTTP Request: POST http://localhost:8003/v1/chat/completions "HTTP/1.1 200 OK"

2026-08-17 15:23:37,415 - INFO - HTTP Request: POST http://localhost:8003/v1/chat/completions "HTTP/1.1 200 OK"

2026-08-17 15:23:39,594 - INFO - HTTP Request: POST http://localhost:8003/v1/chat/completions "HTTP/1.1 200 OK"

2026-08-17 15:23:46,327 - INFO - HTTP Request: POST http://localhost:8003/v1/chat/completions "HTTP/1.1 200 OK"
2026-08-17 15:23:48,004 - INFO - HTTP Request: POST http://localhost:8003/v1/chat/completions "HTTP/1.1 200 OK"
2026-08-17 15:23:59,612 - INFO - HTTP Request: POST http://localhost:8003/v1/chat/completions "HTTP/1.1 200 OK"

2026-08-17 15:24:00,048 - INFO - HTTP Request: POST http://localhost:8003/v1/chat/completions "HTTP/1.1 200 OK"

2026-08-17 15:24:06,999 - INFO - HTTP Request: POST http://localhost:8003/v1/chat/completions "HTTP/1.1 200 OK"
2026-08-17 15:24:09,494 - INFO - HTTP Request: POST http://localhost:8003/v1/chat/completions "HTTP/1.1 200 OK"
2026-08-17 15:24:23,751 - INFO - HTTP Request: POST http://localhost:8003/v1/chat/completions "HTTP/1.1 200 OK"

2026-08-17 15:24:25,501 - INFO - HTTP Request: POST http://localhost:8003/v1/chat/completions "HTTP/1.1 200 OK"

2026-08-17 15:24:29,419 - INFO - HTTP Request: POST http://localhost:8003/v1/chat/completions "HTTP/1.1 200 OK"
2026-08-17 15:24:30,150 - INFO - HTTP Request: POST http://localhost:8003/v1/chat/completions "HTTP/1.1 200 OK"
2026-08-17 15:24:42,043 - INFO - HTTP Request: POST http://localhost:8003/v1/chat/completions "HTTP/1.1 200 OK"

2026-08-17 15:24:47,486 - INFO - HTTP Request: POST http://localhost:8003/v1/chat/completions "HTTP/1.1 200 OK"

2026-08-17 15:24:56,831 - INFO - HTTP Request: POST http://localhost:8003/v1/chat/completions "HTTP/1.1 200 OK"
2026-08-17 15:24:58,891 - INFO - HTTP Request: POST http://localhost:8003/v1/chat/completions "HTTP/1.1 200 OK"
2026-08-17 15:25:14,674 - INFO - HTTP Request: POST http://localhost:8003/v1/chat/completions "HTTP/1.1 200 OK"

r0_cfg38:  58%|█████▊    | 29/50 [46:44<47:10, 134.77s/it]2026-08-17 15:25:15,109 - INFO - HTTP Request: POST http://localhost:8003/v1/chat/completions "HTTP/1.1 200 OK"
2026-08-17 15:25:17,663 - INFO - HTTP Request: POST http://localhost:8003/v1/chat/completions "HTTP/1.1 200 OK"

r0_cfg38:  60%|██████    | 30/50 [46:47<31:44, 95.24s/it] 2026-08-17 15:25:21,579 - INFO - HTTP Request: POST http://localhost:8003/v1/chat/completions "HTTP/1.1 200 OK"
2026-08-17 15:25:28,180 - INFO - HTTP Request: POST http://localhost:8003/v1/chat/completions "HTTP/1.1 200 OK"

r0_cfg38:  62%|██████▏   | 31/50 [46:57<22:06, 69.82s/it]2026-08-17 15:25:36,652 - INFO - HTTP Request: POST http://localhost:8003/v1/chat/completions "HTTP/1.1 200 OK"

r0_cfg38:  64%|██████▍   | 32/50 [47:06<15:25, 51.42s/it]2026-08-17 15:25:36,938 - INFO - HTTP Request: POST http://localhost:8003/v1/chat/completions "HTTP/1.1 200 OK"
2026-08-17 15:25:40,066 - INFO - HTTP Request: POST http://localhost:8003/v1/chat/completions "HTTP/1.1 200 OK"
2026-08-17 15:25:48,273 - INFO - HTTP Request: POST http://localhost:8003/v1/chat/completions "HTTP/1.1 200 OK"

2026-08-17 15:25:50,885 - INFO - HTTP Request: POST http://localhost:8003/v1/chat/completions "HTTP/1.1 200 OK"
2026-08-17 15:25:51,103 - INFO - HTTP Request: POST http://localhost:8003/v1/chat/completions "HTTP/1.1 200 OK"

2026-08-17 15:25:59,673 - INFO - HTTP Request: POST http://localhost:8003/v1/chat/completions "HTTP/1.1 200 OK"
2026-08-17 15:26:01,346 - INFO - HTTP Request: POST http://localhost:8003/v1/chat/completions "HTTP/1.1 200 OK"

2026-08-17 15:26:11,564 - INFO - HTTP Request: POST http://localhost:8003/v1/chat/completions "HTTP/1.1 200 OK"

2026-08-17 15:26:15,038 - INFO - HTTP Request: POST http://localhost:8003/v1/chat/completions "HTTP/1.1 200 OK"
2026-08-17 15:26:18,239 - INFO - HTTP Request: POST http://localhost:8003/v1/chat/completions "HTTP/1.1 200 OK"
2026-08-17 15:26:28,187 - INFO - HTTP Request: POST http://localhost:8003/v1/chat/completions "HTTP/1.1 200 OK"
2026-08-17 15:26:29,378 - INFO - HTTP Request: POST http://localhost:8003/v1/chat/completions "HTTP/1.1 200 OK"

2026-08-17 15:26:29,382 - INFO - HTTP Request: POST http://localhost:8003/v1/chat/completions "HTTP/1.1 200 OK"

2026-08-17 15:26:38,730 - INFO - HTTP Request: POST http://localhost:8003/v1/chat/completions "HTTP/1.1 200 OK"
2026-08-17 15:26:43,237 - INFO - HTTP Request: POST http://localhost:8003/v1/chat/completions "HTTP/1.1 200 OK"

2026-08-17 15:26:53,238 - INFO - HTTP Request: POST http://localhost:8003/v1/chat/completions "HTTP/1.1 200 OK"

2026-08-17 15:26:54,108 - INFO - HTTP Request: POST http://localhost:8003/v1/chat/completions "HTTP/1.1 200 OK"
2026-08-17 15:26:54,109 - INFO - HTTP Request: POST http://localhost:8003/v1/chat/completions "HTTP/1.1 200 OK"
2026-08-17 15:27:05,540 - INFO - HTTP Request: POST http://localhost:8003/v1/chat/completions "HTTP/1.1 200 OK"

2026-08-17 15:27:08,378 - INFO - HTTP Request: POST http://localhost:8003/v1/chat/completions "HTTP/1.1 200 OK"
2026-08-17 15:27:09,114 - INFO - HTTP Request: POST http://localhost:8003/v1/chat/completions "HTTP/1.1 200 OK"

2026-08-17 15:27:18,710 - INFO - HTTP Request: POST http://localhost:8003/v1/chat/completions "HTTP/1.1 200 OK"
2026-08-17 15:27:23,649 - INFO - HTTP Request: POST http://localhost:8003/v1/chat/completions "HTTP/1.1 200 OK"

2026-08-17 15:27:30,182 - INFO - HTTP Request: POST http://localhost:8003/v1/chat/completions "HTTP/1.1 200 OK"
2026-08-17 15:27:31,860 - INFO - HTTP Request: POST http://localhost:8003/v1/chat/completions "HTTP/1.1 200 OK"

2026-08-17 15:27:34,044 - INFO - HTTP Request: POST http://localhost:8003/v1/chat/completions "HTTP/1.1 200 OK"
2026-08-17 15:27:42,746 - INFO - HTTP Request: POST http://localhost:8003/v1/chat/completions "HTTP/1.1 200 OK"

2026-08-17 15:27:44,930 - INFO - HTTP Request: POST http://localhost:8003/v1/chat/completions "HTTP/1.1 200 OK"

2026-08-17 15:27:47,974 - INFO - HTTP Request: POST http://localhost:8003/v1/chat/completions "HTTP/1.1 200 OK"
2026-08-17 15:27:56,765 - INFO - HTTP Request: POST http://localhost:8003/v1/chat/completions "HTTP/1.1 200 OK"
2026-08-17 15:28:01,003 - INFO - HTTP Request: POST http://localhost:8003/v1/chat/completions "HTTP/1.1 200 OK"

2026-08-17 15:28:03,186 - INFO - HTTP Request: POST http://localhost:8003/v1/chat/completions "HTTP/1.1 200 OK"
2026-08-17 15:28:05,302 - INFO - HTTP Request: POST http://localhost:8003/v1/chat/completions "HTTP/1.1 200 OK"
2026-08-17 15:28:10,541 - INFO - HTTP Request: POST http://localhost:8003/v1/chat/completions "HTTP/1.1 200 OK"

2026-08-17 15:28:14,253 - INFO - HTTP Request: POST http://localhost:8003/v1/chat/completions "HTTP/1.1 200 OK"

2026-08-17 15:28:17,516 - INFO - HTTP Request: POST http://localhost:8003/v1/chat/completions "HTTP/1.1 200 OK"

2026-08-17 15:28:21,207 - INFO - HTTP Request: POST http://localhost:8003/v1/chat/completions "HTTP/1.1 200 OK"
2026-08-17 15:28:30,221 - INFO - HTTP Request: POST http://localhost:8003/v1/chat/completions "HTTP/1.1 200 OK"
2026-08-17 15:28:33,857 - INFO - HTTP Request: POST http://localhost:8003/v1/chat/completions "HTTP/1.1 200 OK"

2026-08-17 15:28:41,249 - INFO - HTTP Request: POST http://localhost:8003/v1/chat/completions "HTTP/1.1 200 OK"

2026-08-17 15:28:43,638 - INFO - HTTP Request: POST http://localhost:8003/v1/chat/completions "HTTP/1.1 200 OK"
2026-08-17 15:28:47,270 - INFO - HTTP Request: POST http://localhost:8003/v1/chat/completions "HTTP/1.1 200 OK"
2026-08-17 15:28:58,307 - INFO - HTTP Request: POST http://localhost:8003/v1/chat/completions "HTTP/1.1 200 OK"

2026-08-17 15:29:01,790 - INFO - HTTP Request: POST http://localhost:8003/v1/chat/completions "HTTP/1.1 200 OK"

2026-08-17 15:29:03,312 - INFO - HTTP Request: POST http://localhost:8003/v1/chat/completions "HTTP/1.1 200 OK"
2026-08-17 15:29:11,016 - INFO - HTTP Request: POST http://localhost:8003/v1/chat/completions "HTTP/1.1 200 OK"
2026-08-17 15:29:11,990 - INFO - HTTP Request: POST http://localhost:8003/v1/chat/completions "HTTP/1.1 200 OK"

2026-08-17 15:29:18,946 - INFO - HTTP Request: POST http://localhost:8003/v1/chat/completions "HTTP/1.1 200 OK"
2026-08-17 15:29:22,803 - INFO - HTTP Request: POST http://localhost:8003/v1/chat/completions "HTTP/1.1 200 OK"
2026-08-17 15:29:26,448 - INFO - HTTP Request: POST http://localhost:8003/v1/chat/completions "HTTP/1.1 200 OK"

2026-08-17 15:29:29,717 - INFO - HTTP Request: POST http://localhost:8003/v1/chat/completions "HTTP/1.1 200 OK"

2026-08-17 15:29:32,764 - INFO - HTTP Request: POST http://localhost:8003/v1/chat/completions "HTTP/1.1 200 OK"
2026-08-17 15:29:44,411 - INFO - HTTP Request: POST http://localhost:8003/v1/chat/completions "HTTP/1.1 200 OK"

2026-08-17 15:29:46,372 - INFO - HTTP Request: POST http://localhost:8003/v1/chat/completions "HTTP/1.1 200 OK"

2026-08-17 15:29:46,805 - INFO - HTTP Request: POST http://localhost:8003/v1/chat/completions "HTTP/1.1 200 OK"
2026-08-17 15:29:58,488 - INFO - HTTP Request: POST http://localhost:8003/v1/chat/completions "HTTP/1.1 200 OK"

2026-08-17 15:29:59,575 - INFO - HTTP Request: POST http://localhost:8003/v1/chat/completions "HTTP/1.1 200 OK"
2026-08-17 15:30:14,089 - INFO - HTTP Request: POST http://localhost:8003/v1/chat/completions "HTTP/1.1 200 OK"

2026-08-17 15:30:14,307 - INFO - HTTP Request: POST http://localhost:8003/v1/chat/completions "HTTP/1.1 200 OK"
2026-08-17 15:30:16,642 - INFO - HTTP Request: POST http://localhost:8003/v1/chat/completions "HTTP/1.1 200 OK"
2026-08-17 15:30:26,765 - INFO - HTTP Request: POST http://localhost:8003/v1/chat/completions "HTTP/1.1 200 OK"

2026-08-17 15:30:27,201 - INFO - HTTP Request: POST http://localhost:8003/v1/chat/completions "HTTP/1.1 200 OK"

2026-08-17 15:30:28,740 - INFO - HTTP Request: POST http://localhost:8003/v1/chat/completions "HTTP/1.1 200 OK"
2026-08-17 15:30:43,680 - INFO - HTTP Request: POST http://localhost:8003/v1/chat/completions "HTTP/1.1 200 OK"

2026-08-17 15:30:47,596 - INFO - HTTP Request: POST http://localhost:8003/v1/chat/completions "HTTP/1.1 200 OK"
2026-08-17 15:30:59,064 - INFO - HTTP Request: POST http://localhost:8003/v1/chat/completions "HTTP/1.1 200 OK"

r0_cfg38:  66%|██████▌   | 33/50 [52:28<37:36, 132.71s/it]2026-08-17 15:30:59,935 - INFO - HTTP Request: POST http://localhost:8003/v1/chat/completions "HTTP/1.1 200 OK"
2026-08-17 15:31:00,652 - INFO - HTTP Request: POST http://localhost:8003/v1/chat/completions "HTTP/1.1 200 OK"
2026-08-17 15:31:12,384 - INFO - HTTP Request: POST http://localhost:8003/v1/chat/completions "HTTP/1.1 200 OK"

r0_cfg38:  68%|██████▊   | 34/50 [52:42<25:50, 96.90s/it] 2026-08-17 15:31:12,817 - INFO - HTTP Request: POST http://localhost:8003/v1/chat/completions "HTTP/1.1 200 OK"

r0_cfg38:  70%|███████   | 35/50 [52:42<16:59, 67.96s/it]2026-08-17 15:31:15,862 - INFO - HTTP Request: POST http://localhost:8003/v1/chat/completions "HTTP/1.1 200 OK"
2026-08-17 15:31:22,034 - INFO - HTTP Request: POST http://localhost:8003/v1/chat/completions "HTTP/1.1 200 OK"
2026-08-17 15:31:27,352 - INFO - HTTP Request: POST http://localhost:8003/v1/chat/completions "HTTP/1.1 200 OK"

r0_cfg38:  72%|███████▏  | 36/50 [52:57<12:07, 51.93s/it]2026-08-17 15:31:33,656 - INFO - HTTP Request: POST http://localhost:8003/v1/chat/completions "HTTP/1.1 200 OK"

2026-08-17 15:31:34,959 - INFO - HTTP Request: POST http://localhost:8003/v1/chat/completions "HTTP/1.1 200 OK"
2026-08-17 15:31:36,141 - INFO - HTTP Request: POST http://localhost:8003/v1/chat/completions "HTTP/1.1 200 OK"
2026-08-17 15:31:48,647 - INFO - HTTP Request: POST http://localhost:8003/v1/chat/completions "HTTP/1.1 200 OK"

2026-08-17 15:31:49,955 - INFO - HTTP Request: POST http://localhost:8003/v1/chat/completions "HTTP/1.1 200 OK"
2026-08-17 15:31:50,671 - INFO - HTTP Request: POST http://localhost:8003/v1/chat/completions "HTTP/1.1 200 OK"

2026-08-17 15:31:59,829 - INFO - HTTP Request: POST http://localhost:8003/v1/chat/completions "HTTP/1.1 200 OK"

2026-08-17 15:32:00,698 - INFO - HTTP Request: POST http://localhost:8003/v1/chat/completions "HTTP/1.1 200 OK"
2026-08-17 15:32:15,369 - INFO - HTTP Request: POST http://localhost:8003/v1/chat/completions "HTTP/1.1 200 OK"
2026-08-17 15:32:17,210 - INFO - HTTP Request: POST http://localhost:8003/v1/chat/completions "HTTP/1.1 200 OK"

2026-08-17 15:32:17,428 - INFO - HTTP Request: POST http://localhost:8003/v1/chat/completions "HTTP/1.1 200 OK"
2026-08-17 15:32:26,671 - INFO - HTTP Request: POST http://localhost:8003/v1/chat/completions "HTTP/1.1 200 OK"

2026-08-17 15:32:26,889 - INFO - HTTP Request: POST http://localhost:8003/v1/chat/completions "HTTP/1.1 200 OK"
2026-08-17 15:32:31,345 - INFO - HTTP Request: POST http://localhost:8003/v1/chat/completions "HTTP/1.1 200 OK"

2026-08-17 15:32:37,649 - INFO - HTTP Request: POST http://localhost:8003/v1/chat/completions "HTTP/1.1 200 OK"

2026-08-17 15:32:42,208 - INFO - HTTP Request: POST http://localhost:8003/v1/chat/completions "HTTP/1.1 200 OK"
2026-08-17 15:32:51,657 - INFO - HTTP Request: POST http://localhost:8003/v1/chat/completions "HTTP/1.1 200 OK"
2026-08-17 15:32:55,018 - INFO - HTTP Request: POST http://localhost:8003/v1/chat/completions "HTTP/1.1 200 OK"

2026-08-17 15:32:56,332 - INFO - HTTP Request: POST http://localhost:8003/v1/chat/completions "HTTP/1.1 200 OK"
2026-08-17 15:33:02,961 - INFO - HTTP Request: POST http://localhost:8003/v1/chat/completions "HTTP/1.1 200 OK"
2026-08-17 15:33:03,680 - INFO - HTTP Request: POST http://localhost:8003/v1/chat/completions "HTTP/1.1 200 OK"

2026-08-17 15:33:12,645 - INFO - HTTP Request: POST http://localhost:8003/v1/chat/completions "HTTP/1.1 200 OK"

2026-08-17 15:33:13,960 - INFO - HTTP Request: POST http://localhost:8003/v1/chat/completions "HTTP/1.1 200 OK"

2026-08-17 15:33:19,174 - INFO - HTTP Request: POST http://localhost:8003/v1/chat/completions "HTTP/1.1 200 OK"
2026-08-17 15:33:27,529 - INFO - HTTP Request: POST http://localhost:8003/v1/chat/completions "HTTP/1.1 200 OK"
2026-08-17 15:33:31,976 - INFO - HTTP Request: POST http://localhost:8003/v1/chat/completions "HTTP/1.1 200 OK"

2026-08-17 15:33:37,202 - INFO - HTTP Request: POST http://localhost:8003/v1/chat/completions "HTTP/1.1 200 OK"
2026-08-17 15:33:39,039 - INFO - HTTP Request: POST http://localhost:8003/v1/chat/completions "HTTP/1.1 200 OK"
2026-08-17 15:33:40,723 - INFO - HTTP Request: POST http://localhost:8003/v1/chat/completions "HTTP/1.1 200 OK"

2026-08-17 15:33:50,092 - INFO - HTTP Request: POST http://localhost:8003/v1/chat/completions "HTTP/1.1 200 OK"

2026-08-17 15:33:52,274 - INFO - HTTP Request: POST http://localhost:8003/v1/chat/completions "HTTP/1.1 200 OK"

2026-08-17 15:33:52,491 - INFO - HTTP Request: POST http://localhost:8003/v1/chat/completions "HTTP/1.1 200 OK"
2026-08-17 15:34:00,859 - INFO - HTTP Request: POST http://localhost:8003/v1/chat/completions "HTTP/1.1 200 OK"
2026-08-17 15:34:04,438 - INFO - HTTP Request: POST http://localhost:8003/v1/chat/completions "HTTP/1.1 200 OK"

2026-08-17 15:34:10,092 - INFO - HTTP Request: POST http://localhost:8003/v1/chat/completions "HTTP/1.1 200 OK"
2026-08-17 15:34:11,277 - INFO - HTTP Request: POST http://localhost:8003/v1/chat/completions "HTTP/1.1 200 OK"

2026-08-17 15:34:13,019 - INFO - HTTP Request: POST http://localhost:8003/v1/chat/completions "HTTP/1.1 200 OK"
2026-08-17 15:34:22,253 - INFO - HTTP Request: POST http://localhost:8003/v1/chat/completions "HTTP/1.1 200 OK"

2026-08-17 15:34:22,909 - INFO - HTTP Request: POST http://localhost:8003/v1/chat/completions "HTTP/1.1 200 OK"

2026-08-17 15:34:33,762 - INFO - HTTP Request: POST http://localhost:8003/v1/chat/completions "HTTP/1.1 200 OK"
2026-08-17 15:34:40,594 - INFO - HTTP Request: POST http://localhost:8003/v1/chat/completions "HTTP/1.1 200 OK"
2026-08-17 15:34:48,957 - INFO - HTTP Request: POST http://localhost:8003/v1/chat/completions "HTTP/1.1 200 OK"

2026-08-17 15:34:51,570 - INFO - HTTP Request: POST http://localhost:8003/v1/chat/completions "HTTP/1.1 200 OK"
2026-08-17 15:34:52,534 - INFO - HTTP Request: POST http://localhost:8003/v1/chat/completions "HTTP/1.1 200 OK"
2026-08-17 15:34:53,716 - INFO - HTTP Request: POST http://localhost:8003/v1/chat/completions "HTTP/1.1 200 OK"

2026-08-17 15:35:05,689 - INFO - HTTP Request: POST http://localhost:8003/v1/chat/completions "HTTP/1.1 200 OK"

2026-08-17 15:35:06,124 - INFO - HTTP Request: POST http://localhost:8003/v1/chat/completions "HTTP/1.1 200 OK"

2026-08-17 15:35:09,601 - INFO - HTTP Request: POST http://localhost:8003/v1/chat/completions "HTTP/1.1 200 OK"
2026-08-17 15:35:14,050 - INFO - HTTP Request: POST http://localhost:8003/v1/chat/completions "HTTP/1.1 200 OK"
2026-08-17 15:35:22,422 - INFO - HTTP Request: POST http://localhost:8003/v1/chat/completions "HTTP/1.1 200 OK"

2026-08-17 15:35:26,339 - INFO - HTTP Request: POST http://localhost:8003/v1/chat/completions "HTTP/1.1 200 OK"

2026-08-17 15:35:26,340 - INFO - HTTP Request: POST http://localhost:8003/v1/chat/completions "HTTP/1.1 200 OK"
2026-08-17 15:35:27,054 - INFO - HTTP Request: POST http://localhost:8003/v1/chat/completions "HTTP/1.1 200 OK"
2026-08-17 15:35:39,370 - INFO - HTTP Request: POST http://localhost:8003/v1/chat/completions "HTTP/1.1 200 OK"

2026-08-17 15:35:40,679 - INFO - HTTP Request: POST http://localhost:8003/v1/chat/completions "HTTP/1.1 200 OK"

2026-08-17 15:35:52,189 - INFO - HTTP Request: POST http://localhost:8003/v1/chat/completions "HTTP/1.1 200 OK"
2026-08-17 15:35:56,422 - INFO - HTTP Request: POST http://localhost:8003/v1/chat/completions "HTTP/1.1 200 OK"
2026-08-17 15:36:05,670 - INFO - HTTP Request: POST http://localhost:8003/v1/chat/completions "HTTP/1.1 200 OK"

2026-08-17 15:36:08,942 - INFO - HTTP Request: POST http://localhost:8003/v1/chat/completions "HTTP/1.1 200 OK"

2026-08-17 15:36:09,160 - INFO - HTTP Request: POST http://localhost:8003/v1/chat/completions "HTTP/1.1 200 OK"
2026-08-17 15:36:10,780 - INFO - HTTP Request: POST http://localhost:8003/v1/chat/completions "HTTP/1.1 200 OK"
2026-08-17 15:36:21,327 - INFO - HTTP Request: POST http://localhost:8003/v1/chat/completions "HTTP/1.1 200 OK"

2026-08-17 15:36:23,730 - INFO - HTTP Request: POST http://localhost:8003/v1/chat/completions "HTTP/1.1 200 OK"

2026-08-17 15:36:38,718 - INFO - HTTP Request: POST http://localhost:8003/v1/chat/completions "HTTP/1.1 200 OK"
2026-08-17 15:36:42,516 - INFO - HTTP Request: POST http://localhost:8003/v1/chat/completions "HTTP/1.1 200 OK"
2026-08-17 15:36:51,975 - INFO - HTTP Request: POST http://localhost:8003/v1/chat/completions "HTTP/1.1 200 OK"

r0_cfg38:  74%|███████▍  | 37/50 [58:21<28:58, 133.74s/it]2026-08-17 15:36:54,152 - INFO - HTTP Request: POST http://localhost:8003/v1/chat/completions "HTTP/1.1 200 OK"

r0_cfg38:  76%|███████▌  | 38/50 [58:23<18:51, 94.27s/it] 2026-08-17 15:36:54,587 - INFO - HTTP Request: POST http://localhost:8003/v1/chat/completions "HTTP/1.1 200 OK"
2026-08-17 15:36:57,733 - INFO - HTTP Request: POST http://localhost:8003/v1/chat/completions "HTTP/1.1 200 OK"
2026-08-17 15:37:05,227 - INFO - HTTP Request: POST http://localhost:8003/v1/chat/completions "HTTP/1.1 200 OK"

r0_cfg38:  78%|███████▊  | 39/50 [58:34<12:42, 69.31s/it]2026-08-17 15:37:11,316 - INFO - HTTP Request: POST http://localhost:8003/v1/chat/completions "HTTP/1.1 200 OK"

r0_cfg38:  80%|████████  | 40/50 [58:41<08:23, 50.34s/it]2026-08-17 15:37:14,572 - INFO - HTTP Request: POST http://localhost:8003/v1/chat/completions "HTTP/1.1 200 OK"
2026-08-17 15:37:16,846 - INFO - HTTP Request: POST http://localhost:8003/v1/chat/completions "HTTP/1.1 200 OK"
2026-08-17 15:37:26,576 - INFO - HTTP Request: POST http://localhost:8003/v1/chat/completions "HTTP/1.1 200 OK"

2026-08-17 15:37:27,667 - INFO - HTTP Request: POST http://localhost:8003/v1/chat/completions "HTTP/1.1 200 OK"
2026-08-17 15:37:27,668 - INFO - HTTP Request: POST http://localhost:8003/v1/chat/completions "HTTP/1.1 200 OK"

2026-08-17 15:37:34,276 - INFO - HTTP Request: POST http://localhost:8003/v1/chat/completions "HTTP/1.1 200 OK"
2026-08-17 15:37:42,758 - INFO - HTTP Request: POST http://localhost:8003/v1/chat/completions "HTTP/1.1 200 OK"

2026-08-17 15:37:46,018 - INFO - HTTP Request: POST http://localhost:8003/v1/chat/completions "HTTP/1.1 200 OK"

2026-08-17 15:37:53,180 - INFO - HTTP Request: POST http://localhost:8003/v1/chat/completions "HTTP/1.1 200 OK"
2026-08-17 15:37:54,638 - INFO - HTTP Request: POST http://localhost:8003/v1/chat/completions "HTTP/1.1 200 OK"
2026-08-17 15:38:06,332 - INFO - HTTP Request: POST http://localhost:8003/v1/chat/completions "HTTP/1.1 200 OK"

2026-08-17 15:38:07,639 - INFO - HTTP Request: POST http://localhost:8003/v1/chat/completions "HTTP/1.1 200 OK"

2026-08-17 15:38:09,594 - INFO - HTTP Request: POST http://localhost:8003/v1/chat/completions "HTTP/1.1 200 OK"
2026-08-17 15:38:12,953 - INFO - HTTP Request: POST http://localhost:8003/v1/chat/completions "HTTP/1.1 200 OK"
2026-08-17 15:38:23,712 - INFO - HTTP Request: POST http://localhost:8003/v1/chat/completions "HTTP/1.1 200 OK"

2026-08-17 15:38:26,758 - INFO - HTTP Request: POST http://localhost:8003/v1/chat/completions "HTTP/1.1 200 OK"

2026-08-17 15:38:30,232 - INFO - HTTP Request: POST http://localhost:8003/v1/chat/completions "HTTP/1.1 200 OK"
2026-08-17 15:38:33,056 - INFO - HTTP Request: POST http://localhost:8003/v1/chat/completions "HTTP/1.1 200 OK"
2026-08-17 15:38:44,744 - INFO - HTTP Request: POST http://localhost:8003/v1/chat/completions "HTTP/1.1 200 OK"

2026-08-17 15:38:48,016 - INFO - HTTP Request: POST http://localhost:8003/v1/chat/completions "HTTP/1.1 200 OK"

2026-08-17 15:38:48,892 - INFO - HTTP Request: POST http://localhost:8003/v1/chat/completions "HTTP/1.1 200 OK"
2026-08-17 15:38:52,153 - INFO - HTTP Request: POST http://localhost:8003/v1/chat/completions "HTTP/1.1 200 OK"
2026-08-17 15:38:59,648 - INFO - HTTP Request: POST http://localhost:8003/v1/chat/completions "HTTP/1.1 200 OK"

2026-08-17 15:39:06,394 - INFO - HTTP Request: POST http://localhost:8003/v1/chat/completions "HTTP/1.1 200 OK"

2026-08-17 15:39:09,224 - INFO - HTTP Request: POST http://localhost:8003/v1/chat/completions "HTTP/1.1 200 OK"
2026-08-17 15:39:12,363 - INFO - HTTP Request: POST http://localhost:8003/v1/chat/completions "HTTP/1.1 200 OK"
2026-08-17 15:39:21,658 - INFO - HTTP Request: POST http://localhost:8003/v1/chat/completions "HTTP/1.1 200 OK"

2026-08-17 15:39:24,494 - INFO - HTTP Request: POST http://localhost:8003/v1/chat/completions "HTTP/1.1 200 OK"
2026-08-17 15:39:25,362 - INFO - HTTP Request: POST http://localhost:8003/v1/chat/completions "HTTP/1.1 200 OK"

2026-08-17 15:39:31,234 - INFO - HTTP Request: POST http://localhost:8003/v1/chat/completions "HTTP/1.1 200 OK"
2026-08-17 15:39:37,416 - INFO - HTTP Request: POST http://localhost:8003/v1/chat/completions "HTTP/1.1 200 OK"

2026-08-17 15:39:41,553 - INFO - HTTP Request: POST http://localhost:8003/v1/chat/completions "HTTP/1.1 200 OK"
2026-08-17 15:39:44,317 - INFO - HTTP Request: POST http://localhost:8003/v1/chat/completions "HTTP/1.1 200 OK"

2026-08-17 15:39:45,848 - INFO - HTTP Request: POST http://localhost:8003/v1/chat/completions "HTTP/1.1 200 OK"
2026-08-17 15:39:53,187 - INFO - HTTP Request: POST http://localhost:8003/v1/chat/completions "HTTP/1.1 200 OK"

2026-08-17 15:39:57,319 - INFO - HTTP Request: POST http://localhost:8003/v1/chat/completions "HTTP/1.1 200 OK"

2026-08-17 15:39:57,973 - INFO - HTTP Request: POST http://localhost:8003/v1/chat/completions "HTTP/1.1 200 OK"
2026-08-17 15:40:04,709 - INFO - HTTP Request: POST http://localhost:8003/v1/chat/completions "HTTP/1.1 200 OK"
2026-08-17 15:40:10,893 - INFO - HTTP Request: POST http://localhost:8003/v1/chat/completions "HTTP/1.1 200 OK"

2026-08-17 15:40:18,070 - INFO - HTTP Request: POST http://localhost:8003/v1/chat/completions "HTTP/1.1 200 OK"

2026-08-17 15:40:22,413 - INFO - HTTP Request: POST http://localhost:8003/v1/chat/completions "HTTP/1.1 200 OK"
2026-08-17 15:40:26,856 - INFO - HTTP Request: POST http://localhost:8003/v1/chat/completions "HTTP/1.1 200 OK"
2026-08-17 15:40:36,154 - INFO - HTTP Request: POST http://localhost:8003/v1/chat/completions "HTTP/1.1 200 OK"

2026-08-17 15:40:40,301 - INFO - HTTP Request: POST http://localhost:8003/v1/chat/completions "HTTP/1.1 200 OK"
2026-08-17 15:40:40,723 - INFO - HTTP Request: POST http://localhost:8003/v1/chat/completions "HTTP/1.1 200 OK"

2026-08-17 15:40:47,677 - INFO - HTTP Request: POST http://localhost:8003/v1/chat/completions "HTTP/1.1 200 OK"
2026-08-17 15:40:53,649 - INFO - HTTP Request: POST http://localhost:8003/v1/chat/completions "HTTP/1.1 200 OK"

2026-08-17 15:40:56,699 - INFO - HTTP Request: POST http://localhost:8003/v1/chat/completions "HTTP/1.1 200 OK"
2026-08-17 15:41:00,551 - INFO - HTTP Request: POST http://localhost:8003/v1/chat/completions "HTTP/1.1 200 OK"

2026-08-17 15:41:01,642 - INFO - HTTP Request: POST http://localhost:8003/v1/chat/completions "HTTP/1.1 200 OK"
2026-08-17 15:41:07,025 - INFO - HTTP Request: POST http://localhost:8003/v1/chat/completions "HTTP/1.1 200 OK"

2026-08-17 15:41:14,421 - INFO - HTTP Request: POST http://localhost:8003/v1/chat/completions "HTTP/1.1 200 OK"
2026-08-17 15:41:15,730 - INFO - HTTP Request: POST http://localhost:8003/v1/chat/completions "HTTP/1.1 200 OK"

2026-08-17 15:41:21,168 - INFO - HTTP Request: POST http://localhost:8003/v1/chat/completions "HTTP/1.1 200 OK"
2026-08-17 15:41:30,190 - INFO - HTTP Request: POST http://localhost:8003/v1/chat/completions "HTTP/1.1 200 OK"

2026-08-17 15:41:34,977 - INFO - HTTP Request: POST http://localhost:8003/v1/chat/completions "HTTP/1.1 200 OK"

2026-08-17 15:41:36,717 - INFO - HTTP Request: POST http://localhost:8003/v1/chat/completions "HTTP/1.1 200 OK"
2026-08-17 15:41:45,524 - INFO - HTTP Request: POST http://localhost:8003/v1/chat/completions "HTTP/1.1 200 OK"
2026-08-17 15:41:47,642 - INFO - HTTP Request: POST http://localhost:8003/v1/chat/completions "HTTP/1.1 200 OK"

2026-08-17 15:41:57,441 - INFO - HTTP Request: POST http://localhost:8003/v1/chat/completions "HTTP/1.1 200 OK"

2026-08-17 15:42:00,057 - INFO - HTTP Request: POST http://localhost:8003/v1/chat/completions "HTTP/1.1 200 OK"
2026-08-17 15:42:05,061 - INFO - HTTP Request: POST http://localhost:8003/v1/chat/completions "HTTP/1.1 200 OK"
2026-08-17 15:42:14,520 - INFO - HTTP Request: POST http://localhost:8003/v1/chat/completions "HTTP/1.1 200 OK"

2026-08-17 15:42:16,052 - INFO - HTTP Request: POST http://localhost:8003/v1/chat/completions "HTTP/1.1 200 OK"

2026-08-17 15:42:21,272 - INFO - HTTP Request: POST http://localhost:8003/v1/chat/completions "HTTP/1.1 200 OK"
2026-08-17 15:42:30,730 - INFO - HTTP Request: POST http://localhost:8003/v1/chat/completions "HTTP/1.1 200 OK"
2026-08-17 15:42:34,376 - INFO - HTTP Request: POST http://localhost:8003/v1/chat/completions "HTTP/1.1 200 OK"

r0_cfg38:  82%|████████▏ | 41/50 [1:04:04<19:49, 132.16s/it]2026-08-17 15:42:42,430 - INFO - HTTP Request: POST http://localhost:8003/v1/chat/completions "HTTP/1.1 200 OK"

r0_cfg38:  84%|████████▍ | 42/50 [1:04:12<12:39, 94.93s/it] 2026-08-17 15:42:48,294 - INFO - HTTP Request: POST http://localhost:8003/v1/chat/completions "HTTP/1.1 200 OK"
2026-08-17 15:42:50,133 - INFO - HTTP Request: POST http://localhost:8003/v1/chat/completions "HTTP/1.1 200 OK"
2026-08-17 15:42:56,881 - INFO - HTTP Request: POST http://localhost:8003/v1/chat/completions "HTTP/1.1 200 OK"
2026-08-17 15:43:00,596 - INFO - HTTP Request: POST http://localhost:8003/v1/chat/completions "HTTP/1.1 200 OK"

r0_cfg38:  86%|████████▌ | 43/50 [1:04:30<08:23, 71.90s/it]2026-08-17 15:43:01,687 - INFO - HTTP Request: POST http://localhost:8003/v1/chat/completions "HTTP/1.1 200 OK"

r0_cfg38:  88%|████████▊ | 44/50 [1:04:31<05:03, 50.66s/it]2026-08-17 15:43:05,165 - INFO - HTTP Request: POST http://localhost:8003/v1/chat/completions "HTTP/1.1 200 OK"
2026-08-17 15:43:10,920 - INFO - HTTP Request: POST http://localhost:8003/v1/chat/completions "HTTP/1.1 200 OK"

2026-08-17 15:43:17,877 - INFO - HTTP Request: POST http://localhost:8003/v1/chat/completions "HTTP/1.1 200 OK"

2026-08-17 15:43:22,873 - INFO - HTTP Request: POST http://localhost:8003/v1/chat/completions "HTTP/1.1 200 OK"
2026-08-17 15:43:24,334 - INFO - HTTP Request: POST http://localhost:8003/v1/chat/completions "HTTP/1.1 200 OK"
2026-08-17 15:43:35,321 - INFO - HTTP Request: POST http://localhost:8003/v1/chat/completions "HTTP/1.1 200 OK"

2026-08-17 15:43:35,538 - INFO - HTTP Request: POST http://localhost:8003/v1/chat/completions "HTTP/1.1 200 OK"

2026-08-17 15:43:37,711 - INFO - HTTP Request: POST http://localhost:8003/v1/chat/completions "HTTP/1.1 200 OK"
2026-08-17 15:43:44,899 - INFO - HTTP Request: POST http://localhost:8003/v1/chat/completions "HTTP/1.1 200 OK"
2026-08-17 15:43:50,658 - INFO - HTTP Request: POST http://localhost:8003/v1/chat/completions "HTTP/1.1 200 OK"

2026-08-17 15:43:58,923 - INFO - HTTP Request: POST http://localhost:8003/v1/chat/completions "HTTP/1.1 200 OK"

2026-08-17 15:44:01,966 - INFO - HTTP Request: POST http://localhost:8003/v1/chat/completions "HTTP/1.1 200 OK"
2026-08-17 15:44:01,967 - INFO - HTTP Request: POST http://localhost:8003/v1/chat/completions "HTTP/1.1 200 OK"
2026-08-17 15:44:13,677 - INFO - HTTP Request: POST http://localhost:8003/v1/chat/completions "HTTP/1.1 200 OK"

2026-08-17 15:44:13,895 - INFO - HTTP Request: POST http://localhost:8003/v1/chat/completions "HTTP/1.1 200 OK"

2026-08-17 15:44:15,851 - INFO - HTTP Request: POST http://localhost:8003/v1/chat/completions "HTTP/1.1 200 OK"
2026-08-17 15:44:24,341 - INFO - HTTP Request: POST http://localhost:8003/v1/chat/completions "HTTP/1.1 200 OK"
2026-08-17 15:44:28,141 - INFO - HTTP Request: POST http://localhost:8003/v1/chat/completions "HTTP/1.1 200 OK"

2026-08-17 15:44:38,586 - INFO - HTTP Request: POST http://localhost:8003/v1/chat/completions "HTTP/1.1 200 OK"
2026-08-17 15:44:38,803 - INFO - HTTP Request: POST http://localhost:8003/v1/chat/completions "HTTP/1.1 200 OK"
2026-08-17 15:44:41,242 - INFO - HTTP Request: POST http://localhost:8003/v1/chat/completions "HTTP/1.1 200 OK"

2026-08-17 15:44:49,742 - INFO - HTTP Request: POST http://localhost:8003/v1/chat/completions "HTTP/1.1 200 OK"

2026-08-17 15:44:53,013 - INFO - HTTP Request: POST http://localhost:8003/v1/chat/completions "HTTP/1.1 200 OK"
2026-08-17 15:44:54,418 - INFO - HTTP Request: POST http://localhost:8003/v1/chat/completions "HTTP/1.1 200 OK"

2026-08-17 15:45:05,509 - INFO - HTTP Request: POST http://localhost:8003/v1/chat/completions "HTTP/1.1 200 OK"

2026-08-17 15:45:05,726 - INFO - HTTP Request: POST http://localhost:8003/v1/chat/completions "HTTP/1.1 200 OK"
2026-08-17 15:45:14,430 - INFO - HTTP Request: POST http://localhost:8003/v1/chat/completions "HTTP/1.1 200 OK"
2026-08-17 15:45:18,943 - INFO - HTTP Request: POST http://localhost:8003/v1/chat/completions "HTTP/1.1 200 OK"

2026-08-17 15:45:19,161 - INFO - HTTP Request: POST http://localhost:8003/v1/chat/completions "HTTP/1.1 200 OK"
2026-08-17 15:45:26,018 - INFO - HTTP Request: POST http://localhost:8003/v1/chat/completions "HTTP/1.1 200 OK"
2026-08-17 15:45:27,773 - INFO - HTTP Request: POST http://localhost:8003/v1/chat/completions "HTTP/1.1 200 OK"

2026-08-17 15:45:31,919 - INFO - HTTP Request: POST http://localhost:8003/v1/chat/completions "HTTP/1.1 200 OK"

2026-08-17 15:45:37,793 - INFO - HTTP Request: POST http://localhost:8003/v1/chat/completions "HTTP/1.1 200 OK"

2026-08-17 15:45:39,314 - INFO - HTTP Request: POST http://localhost:8003/v1/chat/completions "HTTP/1.1 200 OK"
2026-08-17 15:45:47,893 - INFO - HTTP Request: POST http://localhost:8003/v1/chat/completions "HTTP/1.1 200 OK"
2026-08-17 15:45:52,407 - INFO - HTTP Request: POST http://localhost:8003/v1/chat/completions "HTTP/1.1 200 OK"
2026-08-17 15:45:57,960 - INFO - HTTP Request: POST http://localhost:8003/v1/chat/completions "HTTP/1.1 200 OK"

2026-08-17 15:46:00,794 - INFO - HTTP Request: POST http://localhost:8003/v1/chat/completions "HTTP/1.1 200 OK"

2026-08-17 15:46:02,971 - INFO - HTTP Request: POST http://localhost:8003/v1/chat/completions "HTTP/1.1 200 OK"

2026-08-17 15:46:07,531 - INFO - HTTP Request: POST http://localhost:8003/v1/chat/completions "HTTP/1.1 200 OK"
2026-08-17 15:46:18,626 - INFO - HTTP Request: POST http://localhost:8003/v1/chat/completions "HTTP/1.1 200 OK"

2026-08-17 15:46:26,879 - INFO - HTTP Request: POST http://localhost:8003/v1/chat/completions "HTTP/1.1 200 OK"
2026-08-17 15:46:30,019 - INFO - HTTP Request: POST http://localhost:8003/v1/chat/completions "HTTP/1.1 200 OK"
2026-08-17 15:46:32,573 - INFO - HTTP Request: POST http://localhost:8003/v1/chat/completions "HTTP/1.1 200 OK"
2026-08-17 15:46:38,997 - INFO - HTTP Request: POST http://localhost:8003/v1/chat/completions "HTTP/1.1 200 OK"

2026-08-17 15:46:39,654 - INFO - HTTP Request: POST http://localhost:8003/v1/chat/completions "HTTP/1.1 200 OK"
2026-08-17 15:46:44,678 - INFO - HTTP Request: POST http://localhost:8003/v1/chat/completions "HTTP/1.1 200 OK"

2026-08-17 15:46:46,423 - INFO - HTTP Request: POST http://localhost:8003/v1/chat/completions "HTTP/1.1 200 OK"

2026-08-17 15:46:54,901 - INFO - HTTP Request: POST http://localhost:8003/v1/chat/completions "HTTP/1.1 200 OK"

2026-08-17 15:46:59,245 - INFO - HTTP Request: POST http://localhost:8003/v1/chat/completions "HTTP/1.1 200 OK"
2026-08-17 15:47:05,002 - INFO - HTTP Request: POST http://localhost:8003/v1/chat/completions "HTTP/1.1 200 OK"
2026-08-17 15:47:07,120 - INFO - HTTP Request: POST http://localhost:8003/v1/chat/completions "HTTP/1.1 200 OK"
2026-08-17 15:47:11,804 - INFO - HTTP Request: POST http://localhost:8003/v1/chat/completions "HTTP/1.1 200 OK"

2026-08-17 15:47:17,251 - INFO - HTTP Request: POST http://localhost:8003/v1/chat/completions "HTTP/1.1 200 OK"

2026-08-17 15:47:19,212 - INFO - HTTP Request: POST http://localhost:8003/v1/chat/completions "HTTP/1.1 200 OK"

2026-08-17 15:47:25,077 - INFO - HTTP Request: POST http://localhost:8003/v1/chat/completions "HTTP/1.1 200 OK"
2026-08-17 15:47:39,445 - INFO - HTTP Request: POST http://localhost:8003/v1/chat/completions "HTTP/1.1 200 OK"

2026-08-17 15:47:41,192 - INFO - HTTP Request: POST http://localhost:8003/v1/chat/completions "HTTP/1.1 200 OK"
2026-08-17 15:47:46,950 - INFO - HTTP Request: POST http://localhost:8003/v1/chat/completions "HTTP/1.1 200 OK"
2026-08-17 15:47:49,287 - INFO - HTTP Request: POST http://localhost:8003/v1/chat/completions "HTTP/1.1 200 OK"
2026-08-17 15:47:57,242 - INFO - HTTP Request: POST http://localhost:8003/v1/chat/completions "HTTP/1.1 200 OK"

2026-08-17 15:47:59,213 - INFO - HTTP Request: POST http://localhost:8003/v1/chat/completions "HTTP/1.1 200 OK"

2026-08-17 15:48:02,485 - INFO - HTTP Request: POST http://localhost:8003/v1/chat/completions "HTTP/1.1 200 OK"

2026-08-17 15:48:12,916 - INFO - HTTP Request: POST http://localhost:8003/v1/chat/completions "HTTP/1.1 200 OK"
2026-08-17 15:48:23,367 - INFO - HTTP Request: POST http://localhost:8003/v1/chat/completions "HTTP/1.1 200 OK"

r0_cfg38:  90%|█████████ | 45/50 [1:09:53<10:59, 131.96s/it]2026-08-17 15:48:28,584 - INFO - HTTP Request: POST http://localhost:8003/v1/chat/completions "HTTP/1.1 200 OK"
2026-08-17 15:48:32,291 - INFO - HTTP Request: POST http://localhost:8003/v1/chat/completions "HTTP/1.1 200 OK"
2026-08-17 15:48:36,589 - INFO - HTTP Request: POST http://localhost:8003/v1/chat/completions "HTTP/1.1 200 OK"
2026-08-17 15:48:43,675 - INFO - HTTP Request: POST http://localhost:8003/v1/chat/completions "HTTP/1.1 200 OK"

2026-08-17 15:48:43,676 - INFO - HTTP Request: POST http://localhost:8003/v1/chat/completions "HTTP/1.1 200 OK"
r0_cfg38:  92%|█████████▏| 46/50 [1:10:13<06:33, 98.47s/it] 
2026-08-17 15:48:46,501 - INFO - HTTP Request: POST http://localhost:8003/v1/chat/completions "HTTP/1.1 200 OK"
2026-08-17 15:48:48,338 - INFO - HTTP Request: POST http://localhost:8003/v1/chat/completions "HTTP/1.1 200 OK"

r0_cfg38:  96%|█████████▌| 48/50 [1:10:18<01:48, 54.10s/it]2026-08-17 15:48:56,803 - INFO - HTTP Request: POST http://localhost:8003/v1/chat/completions "HTTP/1.1 200 OK"

2026-08-17 15:49:05,726 - INFO - HTTP Request: POST http://localhost:8003/v1/chat/completions "HTTP/1.1 200 OK"
2026-08-17 15:49:18,017 - INFO - HTTP Request: POST http://localhost:8003/v1/chat/completions "HTTP/1.1 200 OK"

2026-08-17 15:49:22,604 - INFO - HTTP Request: POST http://localhost:8003/v1/chat/completions "HTTP/1.1 200 OK"
2026-08-17 15:49:34,956 - INFO - HTTP Request: POST http://localhost:8003/v1/chat/completions "HTTP/1.1 200 OK"

2026-08-17 15:49:43,876 - INFO - HTTP Request: POST http://localhost:8003/v1/chat/completions "HTTP/1.1 200 OK"
2026-08-17 15:49:54,439 - INFO - HTTP Request: POST http://localhost:8003/v1/chat/completions "HTTP/1.1 200 OK"

2026-08-17 15:49:59,025 - INFO - HTTP Request: POST http://localhost:8003/v1/chat/completions "HTTP/1.1 200 OK"
2026-08-17 15:50:14,198 - INFO - HTTP Request: POST http://localhost:8003/v1/chat/completions "HTTP/1.1 200 OK"

2026-08-17 15:50:18,570 - INFO - HTTP Request: POST http://localhost:8003/v1/chat/completions "HTTP/1.1 200 OK"
2026-08-17 15:50:32,604 - INFO - HTTP Request: POST http://localhost:8003/v1/chat/completions "HTTP/1.1 200 OK"

2026-08-17 15:50:37,842 - INFO - HTTP Request: POST http://localhost:8003/v1/chat/completions "HTTP/1.1 200 OK"
2026-08-17 15:50:50,130 - INFO - HTTP Request: POST http://localhost:8003/v1/chat/completions "HTTP/1.1 200 OK"

2026-08-17 15:50:56,241 - INFO - HTTP Request: POST http://localhost:8003/v1/chat/completions "HTTP/1.1 200 OK"
2026-08-17 15:51:08,533 - INFO - HTTP Request: POST http://localhost:8003/v1/chat/completions "HTTP/1.1 200 OK"

2026-08-17 15:51:09,661 - INFO - HTTP Request: POST http://localhost:8003/v1/chat/completions "HTTP/1.1 200 OK"
2026-08-17 15:51:24,133 - INFO - HTTP Request: POST http://localhost:8003/v1/chat/completions "HTTP/1.1 200 OK"

2026-08-17 15:51:28,070 - INFO - HTTP Request: POST http://localhost:8003/v1/chat/completions "HTTP/1.1 200 OK"
2026-08-17 15:51:44,927 - INFO - HTTP Request: POST http://localhost:8003/v1/chat/completions "HTTP/1.1 200 OK"

2026-08-17 15:51:52,546 - INFO - HTTP Request: POST http://localhost:8003/v1/chat/completions "HTTP/1.1 200 OK"
2026-08-17 15:52:04,836 - INFO - HTTP Request: POST http://localhost:8003/v1/chat/completions "HTTP/1.1 200 OK"

2026-08-17 15:52:13,325 - INFO - HTTP Request: POST http://localhost:8003/v1/chat/completions "HTTP/1.1 200 OK"
2026-08-17 15:52:24,752 - INFO - HTTP Request: POST http://localhost:8003/v1/chat/completions "HTTP/1.1 200 OK"

2026-08-17 15:52:24,753 - INFO - HTTP Request: POST http://localhost:8003/v1/chat/completions "HTTP/1.1 200 OK"
2026-08-17 15:52:37,071 - INFO - HTTP Request: POST http://localhost:8003/v1/chat/completions "HTTP/1.1 200 OK"

2026-08-17 15:52:44,693 - INFO - HTTP Request: POST http://localhost:8003/v1/chat/completions "HTTP/1.1 200 OK"
2026-08-17 15:53:00,037 - INFO - HTTP Request: POST http://localhost:8003/v1/chat/completions "HTTP/1.1 200 OK"

2026-08-17 15:53:05,924 - INFO - HTTP Request: POST http://localhost:8003/v1/chat/completions "HTTP/1.1 200 OK"
2026-08-17 15:53:20,881 - INFO - HTTP Request: POST http://localhost:8003/v1/chat/completions "HTTP/1.1 200 OK"

2026-08-17 15:53:28,938 - INFO - HTTP Request: POST http://localhost:8003/v1/chat/completions "HTTP/1.1 200 OK"
2026-08-17 15:53:49,054 - INFO - HTTP Request: POST http://localhost:8003/v1/chat/completions "HTTP/1.1 200 OK"

2026-08-17 15:53:53,209 - INFO - HTTP Request: POST http://localhost:8003/v1/chat/completions "HTTP/1.1 200 OK"
2026-08-17 15:54:08,550 - INFO - HTTP Request: POST http://localhost:8003/v1/chat/completions "HTTP/1.1 200 OK"

r0_cfg38:  98%|█████████▊| 49/50 [1:15:38<02:00, 120.08s/it]2026-08-17 15:54:11,022 - INFO - HTTP Request: POST http://localhost:8003/v1/chat/completions "HTTP/1.1 200 OK"
2026-08-17 15:54:13,940 - INFO - HTTP Request: POST http://localhost:8003/v1/chat/completions "HTTP/1.1 200 OK"

r0_cfg38: 100%|██████████| 50/50 [1:15:43<00:00, 90.08s/it] r0_cfg38: 100%|██████████| 50/50 [1:15:43<00:00, 90.88s/it]
  done in 4544.0s (valid 50/50, invalid {})

Scored 1 model/s.
Report:  /LAB/Swiss-Knife/tribunal/bayes_search_honesty/eval_results/round0/r0_cfg38/report/index.html
Tables:  /LAB/Swiss-Knife/tribunal/bayes_search_honesty/eval_results/round0/r0_cfg38/model_summary.csv, /LAB/Swiss-Knife/tribunal/bayes_search_honesty/eval_results/round0/r0_cfg38/summary.csv
