2026-08-17 21:36:48,777 - INFO - Judge client pointed at http://localhost:8005/v1
2026-08-17 21:36:52,060 - INFO - Loading Detoxify model (CPU)
2026-08-17 21:36:55,763 - INFO - HTTP Request: HEAD https://huggingface.co/bert-base-uncased/resolve/main/config.json "HTTP/1.1 200 OK"
Warning: You are sending unauthenticated requests to the HF Hub. Please set a HF_TOKEN to enable higher rate limits and faster downloads.
2026-08-17 21:36:55,764 - WARNING - Warning: You are sending unauthenticated requests to the HF Hub. Please set a HF_TOKEN to enable higher rate limits and faster downloads.
input:  /LAB/Swiss-Knife/tribunal/bayes_search_honesty/eval_results/round2/r2_cfg5/_tribunal_input_tmp (1 model file/s)
output: /LAB/Swiss-Knife/tribunal/bayes_search_honesty/eval_results/round2/r2_cfg5
judge:  Qwen/Qwen2.5-32B-Instruct @ http://localhost:8005/v1
detoxify cross-check: True
Loading weights:   0%|          | 0/201 [00:00<?, ?it/s]Loading weights: 100%|██████████| 201/201 [00:00<00:00, 21752.33it/s]
2026-08-17 21:36:56,129 - INFO - HTTP Request: HEAD https://huggingface.co/bert-base-uncased/resolve/main/tokenizer_config.json "HTTP/1.1 200 OK"
2026-08-17 21:36:56,339 - INFO - HTTP Request: GET https://huggingface.co/api/models/bert-base-uncased/tree/main/additional_chat_templates?recursive=false&expand=false "HTTP/1.1 307 Temporary Redirect"
2026-08-17 21:36:56,549 - INFO - HTTP Request: GET https://huggingface.co/api/models/google-bert/bert-base-uncased/tree/main/additional_chat_templates?recursive=false&expand=false "HTTP/1.1 404 Not Found"
2026-08-17 21:36:56,770 - INFO - HTTP Request: GET https://huggingface.co/api/models/bert-base-uncased/tree/main?recursive=true&expand=false "HTTP/1.1 307 Temporary Redirect"
2026-08-17 21:36:56,979 - INFO - HTTP Request: GET https://huggingface.co/api/models/google-bert/bert-base-uncased/tree/main?recursive=true&expand=false "HTTP/1.1 200 OK"

[1/1] r2_cfg5
  scoring 50 records (0 skipped or cached) [workers=4]
r2_cfg5:   0%|          | 0/50 [00:00<?, ?it/s]2026-08-17 21:37:18,953 - INFO - HTTP Request: POST http://localhost:8005/v1/chat/completions "HTTP/1.1 200 OK"
2026-08-17 21:37:19,170 - INFO - HTTP Request: POST http://localhost:8005/v1/chat/completions "HTTP/1.1 200 OK"
2026-08-17 21:37:19,171 - INFO - HTTP Request: POST http://localhost:8005/v1/chat/completions "HTTP/1.1 200 OK"
2026-08-17 21:37:19,728 - INFO - HTTP Request: POST http://localhost:8005/v1/chat/completions "HTTP/1.1 200 OK"
2026-08-17 21:37:32,669 - INFO - HTTP Request: POST http://localhost:8005/v1/chat/completions "HTTP/1.1 200 OK"

2026-08-17 21:37:32,887 - INFO - HTTP Request: POST http://localhost:8005/v1/chat/completions "HTTP/1.1 200 OK"

2026-08-17 21:37:33,391 - INFO - HTTP Request: POST http://localhost:8005/v1/chat/completions "HTTP/1.1 200 OK"

2026-08-17 21:37:33,828 - INFO - HTTP Request: POST http://localhost:8005/v1/chat/completions "HTTP/1.1 200 OK"

2026-08-17 21:37:58,754 - INFO - HTTP Request: POST http://localhost:8005/v1/chat/completions "HTTP/1.1 200 OK"
2026-08-17 21:37:58,971 - INFO - HTTP Request: POST http://localhost:8005/v1/chat/completions "HTTP/1.1 200 OK"
2026-08-17 21:37:59,921 - INFO - HTTP Request: POST http://localhost:8005/v1/chat/completions "HTTP/1.1 200 OK"
2026-08-17 21:38:00,788 - INFO - HTTP Request: POST http://localhost:8005/v1/chat/completions "HTTP/1.1 200 OK"
2026-08-17 21:38:11,138 - INFO - HTTP Request: POST http://localhost:8005/v1/chat/completions "HTTP/1.1 200 OK"

2026-08-17 21:38:14,454 - INFO - HTTP Request: POST http://localhost:8005/v1/chat/completions "HTTP/1.1 200 OK"

2026-08-17 21:38:14,672 - INFO - HTTP Request: POST http://localhost:8005/v1/chat/completions "HTTP/1.1 200 OK"

2026-08-17 21:38:15,546 - INFO - HTTP Request: POST http://localhost:8005/v1/chat/completions "HTTP/1.1 200 OK"

2026-08-17 21:38:35,503 - INFO - HTTP Request: POST http://localhost:8005/v1/chat/completions "HTTP/1.1 200 OK"
2026-08-17 21:38:39,278 - INFO - HTTP Request: POST http://localhost:8005/v1/chat/completions "HTTP/1.1 200 OK"
2026-08-17 21:38:39,496 - INFO - HTTP Request: POST http://localhost:8005/v1/chat/completions "HTTP/1.1 200 OK"
2026-08-17 21:38:40,829 - INFO - HTTP Request: POST http://localhost:8005/v1/chat/completions "HTTP/1.1 200 OK"
2026-08-17 21:38:50,515 - INFO - HTTP Request: POST http://localhost:8005/v1/chat/completions "HTTP/1.1 200 OK"

2026-08-17 21:38:51,873 - INFO - HTTP Request: POST http://localhost:8005/v1/chat/completions "HTTP/1.1 200 OK"

2026-08-17 21:38:54,059 - INFO - HTTP Request: POST http://localhost:8005/v1/chat/completions "HTTP/1.1 200 OK"

2026-08-17 21:38:54,494 - INFO - HTTP Request: POST http://localhost:8005/v1/chat/completions "HTTP/1.1 200 OK"

2026-08-17 21:39:14,035 - INFO - HTTP Request: POST http://localhost:8005/v1/chat/completions "HTTP/1.1 200 OK"
2026-08-17 21:39:16,217 - INFO - HTTP Request: POST http://localhost:8005/v1/chat/completions "HTTP/1.1 200 OK"
2026-08-17 21:39:19,053 - INFO - HTTP Request: POST http://localhost:8005/v1/chat/completions "HTTP/1.1 200 OK"
2026-08-17 21:39:19,271 - INFO - HTTP Request: POST http://localhost:8005/v1/chat/completions "HTTP/1.1 200 OK"
2026-08-17 21:39:27,710 - INFO - HTTP Request: POST http://localhost:8005/v1/chat/completions "HTTP/1.1 200 OK"

2026-08-17 21:39:29,725 - INFO - HTTP Request: POST http://localhost:8005/v1/chat/completions "HTTP/1.1 200 OK"

2026-08-17 21:39:32,345 - INFO - HTTP Request: POST http://localhost:8005/v1/chat/completions "HTTP/1.1 200 OK"

2026-08-17 21:39:34,310 - INFO - HTTP Request: POST http://localhost:8005/v1/chat/completions "HTTP/1.1 200 OK"

2026-08-17 21:39:47,547 - INFO - HTTP Request: POST http://localhost:8005/v1/chat/completions "HTTP/1.1 200 OK"
2026-08-17 21:39:49,952 - INFO - HTTP Request: POST http://localhost:8005/v1/chat/completions "HTTP/1.1 200 OK"
2026-08-17 21:39:52,707 - INFO - HTTP Request: POST http://localhost:8005/v1/chat/completions "HTTP/1.1 200 OK"
2026-08-17 21:39:54,987 - INFO - HTTP Request: POST http://localhost:8005/v1/chat/completions "HTTP/1.1 200 OK"
2026-08-17 21:40:00,973 - INFO - HTTP Request: POST http://localhost:8005/v1/chat/completions "HTTP/1.1 200 OK"

2026-08-17 21:40:03,874 - INFO - HTTP Request: POST http://localhost:8005/v1/chat/completions "HTTP/1.1 200 OK"

2026-08-17 21:40:05,618 - INFO - HTTP Request: POST http://localhost:8005/v1/chat/completions "HTTP/1.1 200 OK"

2026-08-17 21:40:08,446 - INFO - HTTP Request: POST http://localhost:8005/v1/chat/completions "HTTP/1.1 200 OK"

2026-08-17 21:40:29,720 - INFO - HTTP Request: POST http://localhost:8005/v1/chat/completions "HTTP/1.1 200 OK"
2026-08-17 21:40:32,998 - INFO - HTTP Request: POST http://localhost:8005/v1/chat/completions "HTTP/1.1 200 OK"
2026-08-17 21:40:34,881 - INFO - HTTP Request: POST http://localhost:8005/v1/chat/completions "HTTP/1.1 200 OK"
2026-08-17 21:40:38,028 - INFO - HTTP Request: POST http://localhost:8005/v1/chat/completions "HTTP/1.1 200 OK"
2026-08-17 21:40:44,446 - INFO - HTTP Request: POST http://localhost:8005/v1/chat/completions "HTTP/1.1 200 OK"

2026-08-17 21:40:46,479 - INFO - HTTP Request: POST http://localhost:8005/v1/chat/completions "HTTP/1.1 200 OK"

2026-08-17 21:40:48,224 - INFO - HTTP Request: POST http://localhost:8005/v1/chat/completions "HTTP/1.1 200 OK"

2026-08-17 21:40:49,314 - INFO - HTTP Request: POST http://localhost:8005/v1/chat/completions "HTTP/1.1 200 OK"

2026-08-17 21:41:04,509 - INFO - HTTP Request: POST http://localhost:8005/v1/chat/completions "HTTP/1.1 200 OK"
2026-08-17 21:41:06,990 - INFO - HTTP Request: POST http://localhost:8005/v1/chat/completions "HTTP/1.1 200 OK"
2026-08-17 21:41:08,878 - INFO - HTTP Request: POST http://localhost:8005/v1/chat/completions "HTTP/1.1 200 OK"
2026-08-17 21:41:10,289 - INFO - HTTP Request: POST http://localhost:8005/v1/chat/completions "HTTP/1.1 200 OK"
2026-08-17 21:41:19,114 - INFO - HTTP Request: POST http://localhost:8005/v1/chat/completions "HTTP/1.1 200 OK"

2026-08-17 21:41:19,115 - INFO - HTTP Request: POST http://localhost:8005/v1/chat/completions "HTTP/1.1 200 OK"

2026-08-17 21:41:21,871 - INFO - HTTP Request: POST http://localhost:8005/v1/chat/completions "HTTP/1.1 200 OK"

2026-08-17 21:41:24,048 - INFO - HTTP Request: POST http://localhost:8005/v1/chat/completions "HTTP/1.1 200 OK"

2026-08-17 21:41:48,371 - INFO - HTTP Request: POST http://localhost:8005/v1/chat/completions "HTTP/1.1 200 OK"
2026-08-17 21:41:48,372 - INFO - HTTP Request: POST http://localhost:8005/v1/chat/completions "HTTP/1.1 200 OK"
2026-08-17 21:41:51,744 - INFO - HTTP Request: POST http://localhost:8005/v1/chat/completions "HTTP/1.1 200 OK"
2026-08-17 21:41:54,244 - INFO - HTTP Request: POST http://localhost:8005/v1/chat/completions "HTTP/1.1 200 OK"
2026-08-17 21:42:01,760 - INFO - HTTP Request: POST http://localhost:8005/v1/chat/completions "HTTP/1.1 200 OK"

2026-08-17 21:42:03,422 - INFO - HTTP Request: POST http://localhost:8005/v1/chat/completions "HTTP/1.1 200 OK"

2026-08-17 21:42:04,521 - INFO - HTTP Request: POST http://localhost:8005/v1/chat/completions "HTTP/1.1 200 OK"

2026-08-17 21:42:07,357 - INFO - HTTP Request: POST http://localhost:8005/v1/chat/completions "HTTP/1.1 200 OK"

2026-08-17 21:42:33,202 - INFO - HTTP Request: POST http://localhost:8005/v1/chat/completions "HTTP/1.1 200 OK"
2026-08-17 21:42:36,181 - INFO - HTTP Request: POST http://localhost:8005/v1/chat/completions "HTTP/1.1 200 OK"
2026-08-17 21:42:36,399 - INFO - HTTP Request: POST http://localhost:8005/v1/chat/completions "HTTP/1.1 200 OK"
2026-08-17 21:42:41,600 - INFO - HTTP Request: POST http://localhost:8005/v1/chat/completions "HTTP/1.1 200 OK"
2026-08-17 21:42:48,597 - INFO - HTTP Request: POST http://localhost:8005/v1/chat/completions "HTTP/1.1 200 OK"

r2_cfg5:   2%|▏         | 1/50 [05:51<4:47:05, 351.55s/it]2026-08-17 21:42:49,035 - INFO - HTTP Request: POST http://localhost:8005/v1/chat/completions "HTTP/1.1 200 OK"

r2_cfg5:   4%|▍         | 2/50 [05:51<1:56:00, 145.01s/it]2026-08-17 21:42:49,913 - INFO - HTTP Request: POST http://localhost:8005/v1/chat/completions "HTTP/1.1 200 OK"

r2_cfg5:   6%|▌         | 3/50 [05:52<1:02:02, 79.20s/it] 2026-08-17 21:42:54,481 - INFO - HTTP Request: POST http://localhost:8005/v1/chat/completions "HTTP/1.1 200 OK"

r2_cfg5:   8%|▊         | 4/50 [05:57<38:07, 49.73s/it]  2026-08-17 21:43:10,108 - INFO - HTTP Request: POST http://localhost:8005/v1/chat/completions "HTTP/1.1 200 OK"
2026-08-17 21:43:10,907 - INFO - HTTP Request: POST http://localhost:8005/v1/chat/completions "HTTP/1.1 200 OK"
2026-08-17 21:43:12,367 - INFO - HTTP Request: POST http://localhost:8005/v1/chat/completions "HTTP/1.1 200 OK"
2026-08-17 21:43:17,258 - INFO - HTTP Request: POST http://localhost:8005/v1/chat/completions "HTTP/1.1 200 OK"
2026-08-17 21:43:24,173 - INFO - HTTP Request: POST http://localhost:8005/v1/chat/completions "HTTP/1.1 200 OK"

2026-08-17 21:43:26,137 - INFO - HTTP Request: POST http://localhost:8005/v1/chat/completions "HTTP/1.1 200 OK"

2026-08-17 21:43:27,664 - INFO - HTTP Request: POST http://localhost:8005/v1/chat/completions "HTTP/1.1 200 OK"

2026-08-17 21:43:30,490 - INFO - HTTP Request: POST http://localhost:8005/v1/chat/completions "HTTP/1.1 200 OK"

2026-08-17 21:43:50,241 - INFO - HTTP Request: POST http://localhost:8005/v1/chat/completions "HTTP/1.1 200 OK"
2026-08-17 21:43:52,573 - INFO - HTTP Request: POST http://localhost:8005/v1/chat/completions "HTTP/1.1 200 OK"
2026-08-17 21:43:54,314 - INFO - HTTP Request: POST http://localhost:8005/v1/chat/completions "HTTP/1.1 200 OK"
2026-08-17 21:43:57,466 - INFO - HTTP Request: POST http://localhost:8005/v1/chat/completions "HTTP/1.1 200 OK"
2026-08-17 21:44:02,420 - INFO - HTTP Request: POST http://localhost:8005/v1/chat/completions "HTTP/1.1 200 OK"

2026-08-17 21:44:06,127 - INFO - HTTP Request: POST http://localhost:8005/v1/chat/completions "HTTP/1.1 200 OK"

2026-08-17 21:44:07,871 - INFO - HTTP Request: POST http://localhost:8005/v1/chat/completions "HTTP/1.1 200 OK"

2026-08-17 21:44:09,179 - INFO - HTTP Request: POST http://localhost:8005/v1/chat/completions "HTTP/1.1 200 OK"

2026-08-17 21:44:26,761 - INFO - HTTP Request: POST http://localhost:8005/v1/chat/completions "HTTP/1.1 200 OK"
2026-08-17 21:44:30,833 - INFO - HTTP Request: POST http://localhost:8005/v1/chat/completions "HTTP/1.1 200 OK"
2026-08-17 21:44:32,892 - INFO - HTTP Request: POST http://localhost:8005/v1/chat/completions "HTTP/1.1 200 OK"
2026-08-17 21:44:34,348 - INFO - HTTP Request: POST http://localhost:8005/v1/chat/completions "HTTP/1.1 200 OK"
2026-08-17 21:44:38,213 - INFO - HTTP Request: POST http://localhost:8005/v1/chat/completions "HTTP/1.1 200 OK"

2026-08-17 21:44:43,887 - INFO - HTTP Request: POST http://localhost:8005/v1/chat/completions "HTTP/1.1 200 OK"

2026-08-17 21:44:46,944 - INFO - HTTP Request: POST http://localhost:8005/v1/chat/completions "HTTP/1.1 200 OK"

2026-08-17 21:44:46,945 - INFO - HTTP Request: POST http://localhost:8005/v1/chat/completions "HTTP/1.1 200 OK"

2026-08-17 21:45:02,354 - INFO - HTTP Request: POST http://localhost:8005/v1/chat/completions "HTTP/1.1 200 OK"
2026-08-17 21:45:08,164 - INFO - HTTP Request: POST http://localhost:8005/v1/chat/completions "HTTP/1.1 200 OK"
2026-08-17 21:45:11,527 - INFO - HTTP Request: POST http://localhost:8005/v1/chat/completions "HTTP/1.1 200 OK"
2026-08-17 21:45:11,528 - INFO - HTTP Request: POST http://localhost:8005/v1/chat/completions "HTTP/1.1 200 OK"
2026-08-17 21:45:15,986 - INFO - HTTP Request: POST http://localhost:8005/v1/chat/completions "HTTP/1.1 200 OK"

2026-08-17 21:45:21,877 - INFO - HTTP Request: POST http://localhost:8005/v1/chat/completions "HTTP/1.1 200 OK"

2026-08-17 21:45:24,280 - INFO - HTTP Request: POST http://localhost:8005/v1/chat/completions "HTTP/1.1 200 OK"

2026-08-17 21:45:24,497 - INFO - HTTP Request: POST http://localhost:8005/v1/chat/completions "HTTP/1.1 200 OK"

2026-08-17 21:45:35,792 - INFO - HTTP Request: POST http://localhost:8005/v1/chat/completions "HTTP/1.1 200 OK"
2026-08-17 21:45:42,036 - INFO - HTTP Request: POST http://localhost:8005/v1/chat/completions "HTTP/1.1 200 OK"
2026-08-17 21:45:44,748 - INFO - HTTP Request: POST http://localhost:8005/v1/chat/completions "HTTP/1.1 200 OK"
2026-08-17 21:45:44,966 - INFO - HTTP Request: POST http://localhost:8005/v1/chat/completions "HTTP/1.1 200 OK"
2026-08-17 21:45:47,669 - INFO - HTTP Request: POST http://localhost:8005/v1/chat/completions "HTTP/1.1 200 OK"

2026-08-17 21:45:53,553 - INFO - HTTP Request: POST http://localhost:8005/v1/chat/completions "HTTP/1.1 200 OK"

2026-08-17 21:45:56,168 - INFO - HTTP Request: POST http://localhost:8005/v1/chat/completions "HTTP/1.1 200 OK"

2026-08-17 21:45:56,169 - INFO - HTTP Request: POST http://localhost:8005/v1/chat/completions "HTTP/1.1 200 OK"

2026-08-17 21:46:16,361 - INFO - HTTP Request: POST http://localhost:8005/v1/chat/completions "HTTP/1.1 200 OK"
2026-08-17 21:46:22,607 - INFO - HTTP Request: POST http://localhost:8005/v1/chat/completions "HTTP/1.1 200 OK"
2026-08-17 21:46:25,535 - INFO - HTTP Request: POST http://localhost:8005/v1/chat/completions "HTTP/1.1 200 OK"
2026-08-17 21:46:25,542 - INFO - HTTP Request: POST http://localhost:8005/v1/chat/completions "HTTP/1.1 200 OK"
2026-08-17 21:46:31,953 - INFO - HTTP Request: POST http://localhost:8005/v1/chat/completions "HTTP/1.1 200 OK"

2026-08-17 21:46:36,094 - INFO - HTTP Request: POST http://localhost:8005/v1/chat/completions "HTTP/1.1 200 OK"

2026-08-17 21:46:38,927 - INFO - HTTP Request: POST http://localhost:8005/v1/chat/completions "HTTP/1.1 200 OK"

2026-08-17 21:46:40,236 - INFO - HTTP Request: POST http://localhost:8005/v1/chat/completions "HTTP/1.1 200 OK"

2026-08-17 21:46:51,956 - INFO - HTTP Request: POST http://localhost:8005/v1/chat/completions "HTTP/1.1 200 OK"
2026-08-17 21:46:56,462 - INFO - HTTP Request: POST http://localhost:8005/v1/chat/completions "HTTP/1.1 200 OK"
2026-08-17 21:46:59,613 - INFO - HTTP Request: POST http://localhost:8005/v1/chat/completions "HTTP/1.1 200 OK"
2026-08-17 21:47:01,070 - INFO - HTTP Request: POST http://localhost:8005/v1/chat/completions "HTTP/1.1 200 OK"
2026-08-17 21:47:03,628 - INFO - HTTP Request: POST http://localhost:8005/v1/chat/completions "HTTP/1.1 200 OK"

2026-08-17 21:47:11,254 - INFO - HTTP Request: POST http://localhost:8005/v1/chat/completions "HTTP/1.1 200 OK"

2026-08-17 21:47:12,781 - INFO - HTTP Request: POST http://localhost:8005/v1/chat/completions "HTTP/1.1 200 OK"

2026-08-17 21:47:14,088 - INFO - HTTP Request: POST http://localhost:8005/v1/chat/completions "HTTP/1.1 200 OK"

2026-08-17 21:47:32,761 - INFO - HTTP Request: POST http://localhost:8005/v1/chat/completions "HTTP/1.1 200 OK"
2026-08-17 21:47:40,753 - INFO - HTTP Request: POST http://localhost:8005/v1/chat/completions "HTTP/1.1 200 OK"
2026-08-17 21:47:42,597 - INFO - HTTP Request: POST http://localhost:8005/v1/chat/completions "HTTP/1.1 200 OK"
2026-08-17 21:47:44,282 - INFO - HTTP Request: POST http://localhost:8005/v1/chat/completions "HTTP/1.1 200 OK"
2026-08-17 21:47:45,959 - INFO - HTTP Request: POST http://localhost:8005/v1/chat/completions "HTTP/1.1 200 OK"

2026-08-17 21:47:56,208 - INFO - HTTP Request: POST http://localhost:8005/v1/chat/completions "HTTP/1.1 200 OK"

2026-08-17 21:47:56,644 - INFO - HTTP Request: POST http://localhost:8005/v1/chat/completions "HTTP/1.1 200 OK"

2026-08-17 21:47:56,645 - INFO - HTTP Request: POST http://localhost:8005/v1/chat/completions "HTTP/1.1 200 OK"

2026-08-17 21:48:17,066 - INFO - HTTP Request: POST http://localhost:8005/v1/chat/completions "HTTP/1.1 200 OK"
2026-08-17 21:48:29,335 - INFO - HTTP Request: POST http://localhost:8005/v1/chat/completions "HTTP/1.1 200 OK"
2026-08-17 21:48:29,554 - INFO - HTTP Request: POST http://localhost:8005/v1/chat/completions "HTTP/1.1 200 OK"
2026-08-17 21:48:29,558 - INFO - HTTP Request: POST http://localhost:8005/v1/chat/completions "HTTP/1.1 200 OK"
2026-08-17 21:48:29,770 - INFO - HTTP Request: POST http://localhost:8005/v1/chat/completions "HTTP/1.1 200 OK"

r2_cfg5:  10%|█         | 5/50 [11:32<1:54:31, 152.71s/it]2026-08-17 21:48:41,217 - INFO - HTTP Request: POST http://localhost:8005/v1/chat/completions "HTTP/1.1 200 OK"

r2_cfg5:  12%|█▏        | 6/50 [11:44<1:16:45, 104.68s/it]2026-08-17 21:48:42,309 - INFO - HTTP Request: POST http://localhost:8005/v1/chat/completions "HTTP/1.1 200 OK"

r2_cfg5:  14%|█▍        | 7/50 [11:45<50:44, 70.81s/it]   2026-08-17 21:48:48,395 - INFO - HTTP Request: POST http://localhost:8005/v1/chat/completions "HTTP/1.1 200 OK"

r2_cfg5:  16%|█▌        | 8/50 [11:51<35:08, 50.21s/it]2026-08-17 21:48:52,303 - INFO - HTTP Request: POST http://localhost:8005/v1/chat/completions "HTTP/1.1 200 OK"
2026-08-17 21:49:03,273 - INFO - HTTP Request: POST http://localhost:8005/v1/chat/completions "HTTP/1.1 200 OK"
2026-08-17 21:49:04,949 - INFO - HTTP Request: POST http://localhost:8005/v1/chat/completions "HTTP/1.1 200 OK"
2026-08-17 21:49:07,014 - INFO - HTTP Request: POST http://localhost:8005/v1/chat/completions "HTTP/1.1 200 OK"

2026-08-17 21:49:11,370 - INFO - HTTP Request: POST http://localhost:8005/v1/chat/completions "HTTP/1.1 200 OK"
2026-08-17 21:49:13,486 - INFO - HTTP Request: POST http://localhost:8005/v1/chat/completions "HTTP/1.1 200 OK"

2026-08-17 21:49:15,013 - INFO - HTTP Request: POST http://localhost:8005/v1/chat/completions "HTTP/1.1 200 OK"

2026-08-17 21:49:22,620 - INFO - HTTP Request: POST http://localhost:8005/v1/chat/completions "HTTP/1.1 200 OK"

2026-08-17 21:49:33,474 - INFO - HTTP Request: POST http://localhost:8005/v1/chat/completions "HTTP/1.1 200 OK"
2026-08-17 21:49:39,933 - INFO - HTTP Request: POST http://localhost:8005/v1/chat/completions "HTTP/1.1 200 OK"
2026-08-17 21:49:41,830 - INFO - HTTP Request: POST http://localhost:8005/v1/chat/completions "HTTP/1.1 200 OK"
2026-08-17 21:49:46,999 - INFO - HTTP Request: POST http://localhost:8005/v1/chat/completions "HTTP/1.1 200 OK"

2026-08-17 21:49:49,832 - INFO - HTTP Request: POST http://localhost:8005/v1/chat/completions "HTTP/1.1 200 OK"
2026-08-17 21:49:52,822 - INFO - HTTP Request: POST http://localhost:8005/v1/chat/completions "HTTP/1.1 200 OK"

2026-08-17 21:49:53,040 - INFO - HTTP Request: POST http://localhost:8005/v1/chat/completions "HTTP/1.1 200 OK"

2026-08-17 21:50:03,908 - INFO - HTTP Request: POST http://localhost:8005/v1/chat/completions "HTTP/1.1 200 OK"

2026-08-17 21:50:11,725 - INFO - HTTP Request: POST http://localhost:8005/v1/chat/completions "HTTP/1.1 200 OK"
2026-08-17 21:50:17,479 - INFO - HTTP Request: POST http://localhost:8005/v1/chat/completions "HTTP/1.1 200 OK"
2026-08-17 21:50:17,696 - INFO - HTTP Request: POST http://localhost:8005/v1/chat/completions "HTTP/1.1 200 OK"
2026-08-17 21:50:25,146 - INFO - HTTP Request: POST http://localhost:8005/v1/chat/completions "HTTP/1.1 200 OK"

2026-08-17 21:50:29,292 - INFO - HTTP Request: POST http://localhost:8005/v1/chat/completions "HTTP/1.1 200 OK"
2026-08-17 21:50:30,977 - INFO - HTTP Request: POST http://localhost:8005/v1/chat/completions "HTTP/1.1 200 OK"

2026-08-17 21:50:32,076 - INFO - HTTP Request: POST http://localhost:8005/v1/chat/completions "HTTP/1.1 200 OK"

2026-08-17 21:50:38,385 - INFO - HTTP Request: POST http://localhost:8005/v1/chat/completions "HTTP/1.1 200 OK"

2026-08-17 21:50:49,462 - INFO - HTTP Request: POST http://localhost:8005/v1/chat/completions "HTTP/1.1 200 OK"
2026-08-17 21:50:55,431 - INFO - HTTP Request: POST http://localhost:8005/v1/chat/completions "HTTP/1.1 200 OK"
2026-08-17 21:50:56,837 - INFO - HTTP Request: POST http://localhost:8005/v1/chat/completions "HTTP/1.1 200 OK"
2026-08-17 21:51:01,739 - INFO - HTTP Request: POST http://localhost:8005/v1/chat/completions "HTTP/1.1 200 OK"

2026-08-17 21:51:03,274 - INFO - HTTP Request: POST http://localhost:8005/v1/chat/completions "HTTP/1.1 200 OK"
2026-08-17 21:51:08,875 - INFO - HTTP Request: POST http://localhost:8005/v1/chat/completions "HTTP/1.1 200 OK"

2026-08-17 21:51:09,974 - INFO - HTTP Request: POST http://localhost:8005/v1/chat/completions "HTTP/1.1 200 OK"

2026-08-17 21:51:15,848 - INFO - HTTP Request: POST http://localhost:8005/v1/chat/completions "HTTP/1.1 200 OK"

2026-08-17 21:51:21,932 - INFO - HTTP Request: POST http://localhost:8005/v1/chat/completions "HTTP/1.1 200 OK"
2026-08-17 21:51:28,991 - INFO - HTTP Request: POST http://localhost:8005/v1/chat/completions "HTTP/1.1 200 OK"
2026-08-17 21:51:30,402 - INFO - HTTP Request: POST http://localhost:8005/v1/chat/completions "HTTP/1.1 200 OK"
2026-08-17 21:51:36,006 - INFO - HTTP Request: POST http://localhost:8005/v1/chat/completions "HTTP/1.1 200 OK"

2026-08-17 21:51:36,663 - INFO - HTTP Request: POST http://localhost:8005/v1/chat/completions "HTTP/1.1 200 OK"
2026-08-17 21:51:38,997 - INFO - HTTP Request: POST http://localhost:8005/v1/chat/completions "HTTP/1.1 200 OK"

2026-08-17 21:51:43,136 - INFO - HTTP Request: POST http://localhost:8005/v1/chat/completions "HTTP/1.1 200 OK"

2026-08-17 21:51:48,790 - INFO - HTTP Request: POST http://localhost:8005/v1/chat/completions "HTTP/1.1 200 OK"

2026-08-17 21:52:05,070 - INFO - HTTP Request: POST http://localhost:8005/v1/chat/completions "HTTP/1.1 200 OK"
2026-08-17 21:52:08,000 - INFO - HTTP Request: POST http://localhost:8005/v1/chat/completions "HTTP/1.1 200 OK"
2026-08-17 21:52:12,453 - INFO - HTTP Request: POST http://localhost:8005/v1/chat/completions "HTTP/1.1 200 OK"
2026-08-17 21:52:18,439 - INFO - HTTP Request: POST http://localhost:8005/v1/chat/completions "HTTP/1.1 200 OK"
2026-08-17 21:52:18,658 - INFO - HTTP Request: POST http://localhost:8005/v1/chat/completions "HTTP/1.1 200 OK"

2026-08-17 21:52:21,381 - INFO - HTTP Request: POST http://localhost:8005/v1/chat/completions "HTTP/1.1 200 OK"

2026-08-17 21:52:27,479 - INFO - HTTP Request: POST http://localhost:8005/v1/chat/completions "HTTP/1.1 200 OK"

2026-08-17 21:52:29,437 - INFO - HTTP Request: POST http://localhost:8005/v1/chat/completions "HTTP/1.1 200 OK"

2026-08-17 21:52:38,988 - INFO - HTTP Request: POST http://localhost:8005/v1/chat/completions "HTTP/1.1 200 OK"
2026-08-17 21:52:41,753 - INFO - HTTP Request: POST http://localhost:8005/v1/chat/completions "HTTP/1.1 200 OK"
2026-08-17 21:52:48,171 - INFO - HTTP Request: POST http://localhost:8005/v1/chat/completions "HTTP/1.1 200 OK"
2026-08-17 21:52:50,506 - INFO - HTTP Request: POST http://localhost:8005/v1/chat/completions "HTTP/1.1 200 OK"
2026-08-17 21:52:53,499 - INFO - HTTP Request: POST http://localhost:8005/v1/chat/completions "HTTP/1.1 200 OK"

2026-08-17 21:52:54,374 - INFO - HTTP Request: POST http://localhost:8005/v1/chat/completions "HTTP/1.1 200 OK"

2026-08-17 21:53:00,474 - INFO - HTTP Request: POST http://localhost:8005/v1/chat/completions "HTTP/1.1 200 OK"

2026-08-17 21:53:04,173 - INFO - HTTP Request: POST http://localhost:8005/v1/chat/completions "HTTP/1.1 200 OK"

2026-08-17 21:53:22,631 - INFO - HTTP Request: POST http://localhost:8005/v1/chat/completions "HTTP/1.1 200 OK"
2026-08-17 21:53:23,824 - INFO - HTTP Request: POST http://localhost:8005/v1/chat/completions "HTTP/1.1 200 OK"
2026-08-17 21:53:30,246 - INFO - HTTP Request: POST http://localhost:8005/v1/chat/completions "HTTP/1.1 200 OK"
2026-08-17 21:53:34,328 - INFO - HTTP Request: POST http://localhost:8005/v1/chat/completions "HTTP/1.1 200 OK"
2026-08-17 21:53:35,079 - INFO - HTTP Request: POST http://localhost:8005/v1/chat/completions "HTTP/1.1 200 OK"

2026-08-17 21:53:37,548 - INFO - HTTP Request: POST http://localhost:8005/v1/chat/completions "HTTP/1.1 200 OK"

2026-08-17 21:53:45,395 - INFO - HTTP Request: POST http://localhost:8005/v1/chat/completions "HTTP/1.1 200 OK"

2026-08-17 21:53:48,231 - INFO - HTTP Request: POST http://localhost:8005/v1/chat/completions "HTTP/1.1 200 OK"

2026-08-17 21:54:08,211 - INFO - HTTP Request: POST http://localhost:8005/v1/chat/completions "HTTP/1.1 200 OK"
2026-08-17 21:54:10,927 - INFO - HTTP Request: POST http://localhost:8005/v1/chat/completions "HTTP/1.1 200 OK"
2026-08-17 21:54:17,350 - INFO - HTTP Request: POST http://localhost:8005/v1/chat/completions "HTTP/1.1 200 OK"
2026-08-17 21:54:21,650 - INFO - HTTP Request: POST http://localhost:8005/v1/chat/completions "HTTP/1.1 200 OK"

r2_cfg5:  18%|█▊        | 9/50 [17:24<1:34:46, 138.69s/it]2026-08-17 21:54:22,304 - INFO - HTTP Request: POST http://localhost:8005/v1/chat/completions "HTTP/1.1 200 OK"
2026-08-17 21:54:27,260 - INFO - HTTP Request: POST http://localhost:8005/v1/chat/completions "HTTP/1.1 200 OK"

r2_cfg5:  20%|██        | 10/50 [17:30<1:05:04, 97.61s/it]2026-08-17 21:54:31,401 - INFO - HTTP Request: POST http://localhost:8005/v1/chat/completions "HTTP/1.1 200 OK"

r2_cfg5:  22%|██▏       | 11/50 [17:34<44:51, 69.00s/it]  2026-08-17 21:54:32,930 - INFO - HTTP Request: POST http://localhost:8005/v1/chat/completions "HTTP/1.1 200 OK"

r2_cfg5:  24%|██▍       | 12/50 [17:35<30:42, 48.48s/it]2026-08-17 21:54:43,773 - INFO - HTTP Request: POST http://localhost:8005/v1/chat/completions "HTTP/1.1 200 OK"
2026-08-17 21:54:49,304 - INFO - HTTP Request: POST http://localhost:8005/v1/chat/completions "HTTP/1.1 200 OK"
2026-08-17 21:54:52,709 - INFO - HTTP Request: POST http://localhost:8005/v1/chat/completions "HTTP/1.1 200 OK"

2026-08-17 21:54:53,581 - INFO - HTTP Request: POST http://localhost:8005/v1/chat/completions "HTTP/1.1 200 OK"
2026-08-17 21:54:55,636 - INFO - HTTP Request: POST http://localhost:8005/v1/chat/completions "HTTP/1.1 200 OK"
2026-08-17 21:55:03,138 - INFO - HTTP Request: POST http://localhost:8005/v1/chat/completions "HTTP/1.1 200 OK"

2026-08-17 21:55:04,446 - INFO - HTTP Request: POST http://localhost:8005/v1/chat/completions "HTTP/1.1 200 OK"

2026-08-17 21:55:05,969 - INFO - HTTP Request: POST http://localhost:8005/v1/chat/completions "HTTP/1.1 200 OK"

2026-08-17 21:55:19,423 - INFO - HTTP Request: POST http://localhost:8005/v1/chat/completions "HTTP/1.1 200 OK"
2026-08-17 21:55:29,520 - INFO - HTTP Request: POST http://localhost:8005/v1/chat/completions "HTTP/1.1 200 OK"
2026-08-17 21:55:30,971 - INFO - HTTP Request: POST http://localhost:8005/v1/chat/completions "HTTP/1.1 200 OK"
2026-08-17 21:55:32,815 - INFO - HTTP Request: POST http://localhost:8005/v1/chat/completions "HTTP/1.1 200 OK"
2026-08-17 21:55:35,313 - INFO - HTTP Request: POST http://localhost:8005/v1/chat/completions "HTTP/1.1 200 OK"

2026-08-17 21:55:41,849 - INFO - HTTP Request: POST http://localhost:8005/v1/chat/completions "HTTP/1.1 200 OK"

2026-08-17 21:55:44,027 - INFO - HTTP Request: POST http://localhost:8005/v1/chat/completions "HTTP/1.1 200 OK"

2026-08-17 21:55:44,898 - INFO - HTTP Request: POST http://localhost:8005/v1/chat/completions "HTTP/1.1 200 OK"

2026-08-17 21:55:59,657 - INFO - HTTP Request: POST http://localhost:8005/v1/chat/completions "HTTP/1.1 200 OK"
2026-08-17 21:56:06,496 - INFO - HTTP Request: POST http://localhost:8005/v1/chat/completions "HTTP/1.1 200 OK"
2026-08-17 21:56:08,773 - INFO - HTTP Request: POST http://localhost:8005/v1/chat/completions "HTTP/1.1 200 OK"
2026-08-17 21:56:08,990 - INFO - HTTP Request: POST http://localhost:8005/v1/chat/completions "HTTP/1.1 200 OK"
2026-08-17 21:56:15,199 - INFO - HTTP Request: POST http://localhost:8005/v1/chat/completions "HTTP/1.1 200 OK"

2026-08-17 21:56:19,348 - INFO - HTTP Request: POST http://localhost:8005/v1/chat/completions "HTTP/1.1 200 OK"

2026-08-17 21:56:21,750 - INFO - HTTP Request: POST http://localhost:8005/v1/chat/completions "HTTP/1.1 200 OK"

2026-08-17 21:56:22,846 - INFO - HTTP Request: POST http://localhost:8005/v1/chat/completions "HTTP/1.1 200 OK"

2026-08-17 21:56:39,345 - INFO - HTTP Request: POST http://localhost:8005/v1/chat/completions "HTTP/1.1 200 OK"
2026-08-17 21:56:43,203 - INFO - HTTP Request: POST http://localhost:8005/v1/chat/completions "HTTP/1.1 200 OK"
2026-08-17 21:56:46,682 - INFO - HTTP Request: POST http://localhost:8005/v1/chat/completions "HTTP/1.1 200 OK"
2026-08-17 21:56:48,155 - INFO - HTTP Request: POST http://localhost:8005/v1/chat/completions "HTTP/1.1 200 OK"
2026-08-17 21:56:52,875 - INFO - HTTP Request: POST http://localhost:8005/v1/chat/completions "HTTP/1.1 200 OK"

2026-08-17 21:56:56,372 - INFO - HTTP Request: POST http://localhost:8005/v1/chat/completions "HTTP/1.1 200 OK"

2026-08-17 21:56:59,426 - INFO - HTTP Request: POST http://localhost:8005/v1/chat/completions "HTTP/1.1 200 OK"

2026-08-17 21:57:00,520 - INFO - HTTP Request: POST http://localhost:8005/v1/chat/completions "HTTP/1.1 200 OK"

2026-08-17 21:57:12,674 - INFO - HTTP Request: POST http://localhost:8005/v1/chat/completions "HTTP/1.1 200 OK"
2026-08-17 21:57:16,465 - INFO - HTTP Request: POST http://localhost:8005/v1/chat/completions "HTTP/1.1 200 OK"
2026-08-17 21:57:19,826 - INFO - HTTP Request: POST http://localhost:8005/v1/chat/completions "HTTP/1.1 200 OK"
2026-08-17 21:57:21,232 - INFO - HTTP Request: POST http://localhost:8005/v1/chat/completions "HTTP/1.1 200 OK"
2026-08-17 21:57:26,389 - INFO - HTTP Request: POST http://localhost:8005/v1/chat/completions "HTTP/1.1 200 OK"

2026-08-17 21:57:32,272 - INFO - HTTP Request: POST http://localhost:8005/v1/chat/completions "HTTP/1.1 200 OK"

2026-08-17 21:57:32,708 - INFO - HTTP Request: POST http://localhost:8005/v1/chat/completions "HTTP/1.1 200 OK"

2026-08-17 21:57:33,369 - INFO - HTTP Request: POST http://localhost:8005/v1/chat/completions "HTTP/1.1 200 OK"

2026-08-17 21:57:55,070 - INFO - HTTP Request: POST http://localhost:8005/v1/chat/completions "HTTP/1.1 200 OK"
2026-08-17 21:58:01,254 - INFO - HTTP Request: POST http://localhost:8005/v1/chat/completions "HTTP/1.1 200 OK"
2026-08-17 21:58:01,688 - INFO - HTTP Request: POST http://localhost:8005/v1/chat/completions "HTTP/1.1 200 OK"
2026-08-17 21:58:02,802 - INFO - HTTP Request: POST http://localhost:8005/v1/chat/completions "HTTP/1.1 200 OK"
2026-08-17 21:58:10,520 - INFO - HTTP Request: POST http://localhost:8005/v1/chat/completions "HTTP/1.1 200 OK"

2026-08-17 21:58:13,791 - INFO - HTTP Request: POST http://localhost:8005/v1/chat/completions "HTTP/1.1 200 OK"

2026-08-17 21:58:15,751 - INFO - HTTP Request: POST http://localhost:8005/v1/chat/completions "HTTP/1.1 200 OK"

2026-08-17 21:58:17,059 - INFO - HTTP Request: POST http://localhost:8005/v1/chat/completions "HTTP/1.1 200 OK"

2026-08-17 21:58:30,517 - INFO - HTTP Request: POST http://localhost:8005/v1/chat/completions "HTTP/1.1 200 OK"
2026-08-17 21:58:34,096 - INFO - HTTP Request: POST http://localhost:8005/v1/chat/completions "HTTP/1.1 200 OK"
2026-08-17 21:58:36,373 - INFO - HTTP Request: POST http://localhost:8005/v1/chat/completions "HTTP/1.1 200 OK"
2026-08-17 21:58:37,825 - INFO - HTTP Request: POST http://localhost:8005/v1/chat/completions "HTTP/1.1 200 OK"
2026-08-17 21:58:39,892 - INFO - HTTP Request: POST http://localhost:8005/v1/chat/completions "HTTP/1.1 200 OK"

2026-08-17 21:58:46,862 - INFO - HTTP Request: POST http://localhost:8005/v1/chat/completions "HTTP/1.1 200 OK"

2026-08-17 21:58:50,782 - INFO - HTTP Request: POST http://localhost:8005/v1/chat/completions "HTTP/1.1 200 OK"

2026-08-17 21:58:54,044 - INFO - HTTP Request: POST http://localhost:8005/v1/chat/completions "HTTP/1.1 200 OK"

2026-08-17 21:59:09,026 - INFO - HTTP Request: POST http://localhost:8005/v1/chat/completions "HTTP/1.1 200 OK"
2026-08-17 21:59:16,305 - INFO - HTTP Request: POST http://localhost:8005/v1/chat/completions "HTTP/1.1 200 OK"
2026-08-17 21:59:19,890 - INFO - HTTP Request: POST http://localhost:8005/v1/chat/completions "HTTP/1.1 200 OK"

2026-08-17 21:59:20,554 - INFO - HTTP Request: POST http://localhost:8005/v1/chat/completions "HTTP/1.1 200 OK"
2026-08-17 21:59:24,139 - INFO - HTTP Request: POST http://localhost:8005/v1/chat/completions "HTTP/1.1 200 OK"
2026-08-17 21:59:29,296 - INFO - HTTP Request: POST http://localhost:8005/v1/chat/completions "HTTP/1.1 200 OK"

2026-08-17 21:59:34,310 - INFO - HTTP Request: POST http://localhost:8005/v1/chat/completions "HTTP/1.1 200 OK"

2026-08-17 21:59:37,362 - INFO - HTTP Request: POST http://localhost:8005/v1/chat/completions "HTTP/1.1 200 OK"

2026-08-17 21:59:53,001 - INFO - HTTP Request: POST http://localhost:8005/v1/chat/completions "HTTP/1.1 200 OK"
2026-08-17 22:00:02,236 - INFO - HTTP Request: POST http://localhost:8005/v1/chat/completions "HTTP/1.1 200 OK"
2026-08-17 22:00:07,341 - INFO - HTTP Request: POST http://localhost:8005/v1/chat/completions "HTTP/1.1 200 OK"
2026-08-17 22:00:08,315 - INFO - HTTP Request: POST http://localhost:8005/v1/chat/completions "HTTP/1.1 200 OK"

r2_cfg5:  26%|██▌       | 13/50 [23:11<1:23:29, 135.39s/it]2026-08-17 22:00:11,366 - INFO - HTTP Request: POST http://localhost:8005/v1/chat/completions "HTTP/1.1 200 OK"
2026-08-17 22:00:12,818 - INFO - HTTP Request: POST http://localhost:8005/v1/chat/completions "HTTP/1.1 200 OK"

r2_cfg5:  28%|██▊       | 14/50 [23:15<57:30, 95.86s/it]   2026-08-17 22:00:20,872 - INFO - HTTP Request: POST http://localhost:8005/v1/chat/completions "HTTP/1.1 200 OK"

r2_cfg5:  30%|███       | 15/50 [23:23<40:28, 69.39s/it]2026-08-17 22:00:26,522 - INFO - HTTP Request: POST http://localhost:8005/v1/chat/completions "HTTP/1.1 200 OK"

r2_cfg5:  32%|███▏      | 16/50 [23:29<28:26, 50.20s/it]2026-08-17 22:00:30,429 - INFO - HTTP Request: POST http://localhost:8005/v1/chat/completions "HTTP/1.1 200 OK"
2026-08-17 22:00:34,873 - INFO - HTTP Request: POST http://localhost:8005/v1/chat/completions "HTTP/1.1 200 OK"
2026-08-17 22:00:43,244 - INFO - HTTP Request: POST http://localhost:8005/v1/chat/completions "HTTP/1.1 200 OK"
2026-08-17 22:00:43,245 - INFO - HTTP Request: POST http://localhost:8005/v1/chat/completions "HTTP/1.1 200 OK"

2026-08-17 22:00:49,437 - INFO - HTTP Request: POST http://localhost:8005/v1/chat/completions "HTTP/1.1 200 OK"
2026-08-17 22:00:51,278 - INFO - HTTP Request: POST http://localhost:8005/v1/chat/completions "HTTP/1.1 200 OK"

2026-08-17 22:00:53,022 - INFO - HTTP Request: POST http://localhost:8005/v1/chat/completions "HTTP/1.1 200 OK"

2026-08-17 22:01:02,365 - INFO - HTTP Request: POST http://localhost:8005/v1/chat/completions "HTTP/1.1 200 OK"

2026-08-17 22:01:09,964 - INFO - HTTP Request: POST http://localhost:8005/v1/chat/completions "HTTP/1.1 200 OK"
2026-08-17 22:01:17,669 - INFO - HTTP Request: POST http://localhost:8005/v1/chat/completions "HTTP/1.1 200 OK"
2026-08-17 22:01:19,731 - INFO - HTTP Request: POST http://localhost:8005/v1/chat/completions "HTTP/1.1 200 OK"
2026-08-17 22:01:24,190 - INFO - HTTP Request: POST http://localhost:8005/v1/chat/completions "HTTP/1.1 200 OK"

2026-08-17 22:01:29,418 - INFO - HTTP Request: POST http://localhost:8005/v1/chat/completions "HTTP/1.1 200 OK"
2026-08-17 22:01:30,828 - INFO - HTTP Request: POST http://localhost:8005/v1/chat/completions "HTTP/1.1 200 OK"

2026-08-17 22:01:33,225 - INFO - HTTP Request: POST http://localhost:8005/v1/chat/completions "HTTP/1.1 200 OK"

2026-08-17 22:01:42,354 - INFO - HTTP Request: POST http://localhost:8005/v1/chat/completions "HTTP/1.1 200 OK"

2026-08-17 22:01:47,781 - INFO - HTTP Request: POST http://localhost:8005/v1/chat/completions "HTTP/1.1 200 OK"
2026-08-17 22:01:55,490 - INFO - HTTP Request: POST http://localhost:8005/v1/chat/completions "HTTP/1.1 200 OK"
2026-08-17 22:01:58,206 - INFO - HTTP Request: POST http://localhost:8005/v1/chat/completions "HTTP/1.1 200 OK"
2026-08-17 22:01:58,424 - INFO - HTTP Request: POST http://localhost:8005/v1/chat/completions "HTTP/1.1 200 OK"

2026-08-17 22:02:07,676 - INFO - HTTP Request: POST http://localhost:8005/v1/chat/completions "HTTP/1.1 200 OK"
2026-08-17 22:02:10,610 - INFO - HTTP Request: POST http://localhost:8005/v1/chat/completions "HTTP/1.1 200 OK"

2026-08-17 22:02:10,830 - INFO - HTTP Request: POST http://localhost:8005/v1/chat/completions "HTTP/1.1 200 OK"

2026-08-17 22:02:20,184 - INFO - HTTP Request: POST http://localhost:8005/v1/chat/completions "HTTP/1.1 200 OK"

2026-08-17 22:02:23,014 - INFO - HTTP Request: POST http://localhost:8005/v1/chat/completions "HTTP/1.1 200 OK"
2026-08-17 22:02:34,847 - INFO - HTTP Request: POST http://localhost:8005/v1/chat/completions "HTTP/1.1 200 OK"
2026-08-17 22:02:35,567 - INFO - HTTP Request: POST http://localhost:8005/v1/chat/completions "HTTP/1.1 200 OK"
2026-08-17 22:02:35,821 - INFO - HTTP Request: POST http://localhost:8005/v1/chat/completions "HTTP/1.1 200 OK"

2026-08-17 22:02:44,629 - INFO - HTTP Request: POST http://localhost:8005/v1/chat/completions "HTTP/1.1 200 OK"
2026-08-17 22:02:48,433 - INFO - HTTP Request: POST http://localhost:8005/v1/chat/completions "HTTP/1.1 200 OK"

2026-08-17 22:02:48,651 - INFO - HTTP Request: POST http://localhost:8005/v1/chat/completions "HTTP/1.1 200 OK"

2026-08-17 22:02:56,273 - INFO - HTTP Request: POST http://localhost:8005/v1/chat/completions "HTTP/1.1 200 OK"
2026-08-17 22:02:56,991 - INFO - HTTP Request: POST http://localhost:8005/v1/chat/completions "HTTP/1.1 200 OK"

2026-08-17 22:03:07,898 - INFO - HTTP Request: POST http://localhost:8005/v1/chat/completions "HTTP/1.1 200 OK"

2026-08-17 22:03:08,115 - INFO - HTTP Request: POST http://localhost:8005/v1/chat/completions "HTTP/1.1 200 OK"
2026-08-17 22:03:09,204 - INFO - HTTP Request: POST http://localhost:8005/v1/chat/completions "HTTP/1.1 200 OK"
2026-08-17 22:03:17,574 - INFO - HTTP Request: POST http://localhost:8005/v1/chat/completions "HTTP/1.1 200 OK"
2026-08-17 22:03:20,725 - INFO - HTTP Request: POST http://localhost:8005/v1/chat/completions "HTTP/1.1 200 OK"

2026-08-17 22:03:22,034 - INFO - HTTP Request: POST http://localhost:8005/v1/chat/completions "HTTP/1.1 200 OK"

2026-08-17 22:03:31,164 - INFO - HTTP Request: POST http://localhost:8005/v1/chat/completions "HTTP/1.1 200 OK"

2026-08-17 22:03:37,677 - INFO - HTTP Request: POST http://localhost:8005/v1/chat/completions "HTTP/1.1 200 OK"
2026-08-17 22:03:48,424 - INFO - HTTP Request: POST http://localhost:8005/v1/chat/completions "HTTP/1.1 200 OK"

2026-08-17 22:03:49,728 - INFO - HTTP Request: POST http://localhost:8005/v1/chat/completions "HTTP/1.1 200 OK"
2026-08-17 22:03:51,346 - INFO - HTTP Request: POST http://localhost:8005/v1/chat/completions "HTTP/1.1 200 OK"
2026-08-17 22:04:00,814 - INFO - HTTP Request: POST http://localhost:8005/v1/chat/completions "HTTP/1.1 200 OK"
2026-08-17 22:04:05,923 - INFO - HTTP Request: POST http://localhost:8005/v1/chat/completions "HTTP/1.1 200 OK"

2026-08-17 22:04:06,797 - INFO - HTTP Request: POST http://localhost:8005/v1/chat/completions "HTTP/1.1 200 OK"

2026-08-17 22:04:09,408 - INFO - HTTP Request: POST http://localhost:8005/v1/chat/completions "HTTP/1.1 200 OK"
2026-08-17 22:04:13,863 - INFO - HTTP Request: POST http://localhost:8005/v1/chat/completions "HTTP/1.1 200 OK"

2026-08-17 22:04:21,688 - INFO - HTTP Request: POST http://localhost:8005/v1/chat/completions "HTTP/1.1 200 OK"

2026-08-17 22:04:26,250 - INFO - HTTP Request: POST http://localhost:8005/v1/chat/completions "HTTP/1.1 200 OK"
2026-08-17 22:04:27,445 - INFO - HTTP Request: POST http://localhost:8005/v1/chat/completions "HTTP/1.1 200 OK"
2026-08-17 22:04:34,512 - INFO - HTTP Request: POST http://localhost:8005/v1/chat/completions "HTTP/1.1 200 OK"
2026-08-17 22:04:38,319 - INFO - HTTP Request: POST http://localhost:8005/v1/chat/completions "HTTP/1.1 200 OK"

2026-08-17 22:04:40,280 - INFO - HTTP Request: POST http://localhost:8005/v1/chat/completions "HTTP/1.1 200 OK"

2026-08-17 22:04:50,284 - INFO - HTTP Request: POST http://localhost:8005/v1/chat/completions "HTTP/1.1 200 OK"

2026-08-17 22:04:51,806 - INFO - HTTP Request: POST http://localhost:8005/v1/chat/completions "HTTP/1.1 200 OK"
2026-08-17 22:05:03,436 - INFO - HTTP Request: POST http://localhost:8005/v1/chat/completions "HTTP/1.1 200 OK"

2026-08-17 22:05:07,788 - INFO - HTTP Request: POST http://localhost:8005/v1/chat/completions "HTTP/1.1 200 OK"
2026-08-17 22:05:10,064 - INFO - HTTP Request: POST http://localhost:8005/v1/chat/completions "HTTP/1.1 200 OK"
2026-08-17 22:05:20,408 - INFO - HTTP Request: POST http://localhost:8005/v1/chat/completions "HTTP/1.1 200 OK"
2026-08-17 22:05:20,409 - INFO - HTTP Request: POST http://localhost:8005/v1/chat/completions "HTTP/1.1 200 OK"

2026-08-17 22:05:23,559 - INFO - HTTP Request: POST http://localhost:8005/v1/chat/completions "HTTP/1.1 200 OK"

2026-08-17 22:05:33,790 - INFO - HTTP Request: POST http://localhost:8005/v1/chat/completions "HTTP/1.1 200 OK"

2026-08-17 22:05:37,055 - INFO - HTTP Request: POST http://localhost:8005/v1/chat/completions "HTTP/1.1 200 OK"
2026-08-17 22:05:46,723 - INFO - HTTP Request: POST http://localhost:8005/v1/chat/completions "HTTP/1.1 200 OK"

r2_cfg5:  34%|███▍      | 17/50 [28:49<1:12:15, 131.39s/it]2026-08-17 22:05:53,674 - INFO - HTTP Request: POST http://localhost:8005/v1/chat/completions "HTTP/1.1 200 OK"
2026-08-17 22:05:57,253 - INFO - HTTP Request: POST http://localhost:8005/v1/chat/completions "HTTP/1.1 200 OK"
2026-08-17 22:06:06,505 - INFO - HTTP Request: POST http://localhost:8005/v1/chat/completions "HTTP/1.1 200 OK"

r2_cfg5:  36%|███▌      | 18/50 [29:09<52:11, 97.85s/it]   2026-08-17 22:06:07,379 - INFO - HTTP Request: POST http://localhost:8005/v1/chat/completions "HTTP/1.1 200 OK"
2026-08-17 22:06:09,656 - INFO - HTTP Request: POST http://localhost:8005/v1/chat/completions "HTTP/1.1 200 OK"
2026-08-17 22:06:13,721 - INFO - HTTP Request: POST http://localhost:8005/v1/chat/completions "HTTP/1.1 200 OK"

r2_cfg5:  38%|███▊      | 19/50 [29:16<36:29, 70.63s/it]2026-08-17 22:06:20,252 - INFO - HTTP Request: POST http://localhost:8005/v1/chat/completions "HTTP/1.1 200 OK"

r2_cfg5:  40%|████      | 20/50 [29:23<25:41, 51.39s/it]2026-08-17 22:06:24,162 - INFO - HTTP Request: POST http://localhost:8005/v1/chat/completions "HTTP/1.1 200 OK"

2026-08-17 22:06:28,721 - INFO - HTTP Request: POST http://localhost:8005/v1/chat/completions "HTTP/1.1 200 OK"
2026-08-17 22:06:35,905 - INFO - HTTP Request: POST http://localhost:8005/v1/chat/completions "HTTP/1.1 200 OK"
2026-08-17 22:06:40,412 - INFO - HTTP Request: POST http://localhost:8005/v1/chat/completions "HTTP/1.1 200 OK"

2026-08-17 22:06:42,805 - INFO - HTTP Request: POST http://localhost:8005/v1/chat/completions "HTTP/1.1 200 OK"
2026-08-17 22:06:47,313 - INFO - HTTP Request: POST http://localhost:8005/v1/chat/completions "HTTP/1.1 200 OK"

2026-08-17 22:06:51,227 - INFO - HTTP Request: POST http://localhost:8005/v1/chat/completions "HTTP/1.1 200 OK"
2026-08-17 22:06:56,808 - INFO - HTTP Request: POST http://localhost:8005/v1/chat/completions "HTTP/1.1 200 OK"

2026-08-17 22:07:04,847 - INFO - HTTP Request: POST http://localhost:8005/v1/chat/completions "HTTP/1.1 200 OK"

2026-08-17 22:07:06,802 - INFO - HTTP Request: POST http://localhost:8005/v1/chat/completions "HTTP/1.1 200 OK"
2026-08-17 22:07:13,914 - INFO - HTTP Request: POST http://localhost:8005/v1/chat/completions "HTTP/1.1 200 OK"
2026-08-17 22:07:18,643 - INFO - HTTP Request: POST http://localhost:8005/v1/chat/completions "HTTP/1.1 200 OK"

2026-08-17 22:07:23,645 - INFO - HTTP Request: POST http://localhost:8005/v1/chat/completions "HTTP/1.1 200 OK"
2026-08-17 22:07:30,332 - INFO - HTTP Request: POST http://localhost:8005/v1/chat/completions "HTTP/1.1 200 OK"
2026-08-17 22:07:34,837 - INFO - HTTP Request: POST http://localhost:8005/v1/chat/completions "HTTP/1.1 200 OK"

2026-08-17 22:07:36,581 - INFO - HTTP Request: POST http://localhost:8005/v1/chat/completions "HTTP/1.1 200 OK"

2026-08-17 22:07:43,534 - INFO - HTTP Request: POST http://localhost:8005/v1/chat/completions "HTTP/1.1 200 OK"
2026-08-17 22:07:45,722 - INFO - HTTP Request: POST http://localhost:8005/v1/chat/completions "HTTP/1.1 200 OK"

2026-08-17 22:07:55,291 - INFO - HTTP Request: POST http://localhost:8005/v1/chat/completions "HTTP/1.1 200 OK"

2026-08-17 22:07:59,425 - INFO - HTTP Request: POST http://localhost:8005/v1/chat/completions "HTTP/1.1 200 OK"
2026-08-17 22:08:01,539 - INFO - HTTP Request: POST http://localhost:8005/v1/chat/completions "HTTP/1.1 200 OK"
2026-08-17 22:08:10,402 - INFO - HTTP Request: POST http://localhost:8005/v1/chat/completions "HTTP/1.1 200 OK"
2026-08-17 22:08:13,164 - INFO - HTTP Request: POST http://localhost:8005/v1/chat/completions "HTTP/1.1 200 OK"

2026-08-17 22:08:19,483 - INFO - HTTP Request: POST http://localhost:8005/v1/chat/completions "HTTP/1.1 200 OK"

2026-08-17 22:08:20,361 - INFO - HTTP Request: POST http://localhost:8005/v1/chat/completions "HTTP/1.1 200 OK"
2026-08-17 22:08:23,199 - INFO - HTTP Request: POST http://localhost:8005/v1/chat/completions "HTTP/1.1 200 OK"

2026-08-17 22:08:32,984 - INFO - HTTP Request: POST http://localhost:8005/v1/chat/completions "HTTP/1.1 200 OK"

2026-08-17 22:08:37,550 - INFO - HTTP Request: POST http://localhost:8005/v1/chat/completions "HTTP/1.1 200 OK"
2026-08-17 22:08:43,358 - INFO - HTTP Request: POST http://localhost:8005/v1/chat/completions "HTTP/1.1 200 OK"
2026-08-17 22:08:44,592 - INFO - HTTP Request: POST http://localhost:8005/v1/chat/completions "HTTP/1.1 200 OK"
2026-08-17 22:08:50,695 - INFO - HTTP Request: POST http://localhost:8005/v1/chat/completions "HTTP/1.1 200 OK"

2026-08-17 22:08:53,751 - INFO - HTTP Request: POST http://localhost:8005/v1/chat/completions "HTTP/1.1 200 OK"
2026-08-17 22:08:57,686 - INFO - HTTP Request: POST http://localhost:8005/v1/chat/completions "HTTP/1.1 200 OK"

2026-08-17 22:08:59,218 - INFO - HTTP Request: POST http://localhost:8005/v1/chat/completions "HTTP/1.1 200 OK"

2026-08-17 22:09:06,607 - INFO - HTTP Request: POST http://localhost:8005/v1/chat/completions "HTTP/1.1 200 OK"

2026-08-17 22:09:10,733 - INFO - HTTP Request: POST http://localhost:8005/v1/chat/completions "HTTP/1.1 200 OK"
2026-08-17 22:09:17,846 - INFO - HTTP Request: POST http://localhost:8005/v1/chat/completions "HTTP/1.1 200 OK"
2026-08-17 22:09:23,661 - INFO - HTTP Request: POST http://localhost:8005/v1/chat/completions "HTTP/1.1 200 OK"

2026-08-17 22:09:26,926 - INFO - HTTP Request: POST http://localhost:8005/v1/chat/completions "HTTP/1.1 200 OK"

2026-08-17 22:09:28,664 - INFO - HTTP Request: POST http://localhost:8005/v1/chat/completions "HTTP/1.1 200 OK"
2026-08-17 22:09:36,197 - INFO - HTTP Request: POST http://localhost:8005/v1/chat/completions "HTTP/1.1 200 OK"
2026-08-17 22:09:40,992 - INFO - HTTP Request: POST http://localhost:8005/v1/chat/completions "HTTP/1.1 200 OK"

2026-08-17 22:09:50,339 - INFO - HTTP Request: POST http://localhost:8005/v1/chat/completions "HTTP/1.1 200 OK"

2026-08-17 22:09:52,727 - INFO - HTTP Request: POST http://localhost:8005/v1/chat/completions "HTTP/1.1 200 OK"
2026-08-17 22:09:56,361 - INFO - HTTP Request: POST http://localhost:8005/v1/chat/completions "HTTP/1.1 200 OK"
2026-08-17 22:10:01,689 - INFO - HTTP Request: POST http://localhost:8005/v1/chat/completions "HTTP/1.1 200 OK"
2026-08-17 22:10:06,630 - INFO - HTTP Request: POST http://localhost:8005/v1/chat/completions "HTTP/1.1 200 OK"

2026-08-17 22:10:07,286 - INFO - HTTP Request: POST http://localhost:8005/v1/chat/completions "HTTP/1.1 200 OK"

2026-08-17 22:10:11,198 - INFO - HTTP Request: POST http://localhost:8005/v1/chat/completions "HTTP/1.1 200 OK"
2026-08-17 22:10:13,169 - INFO - HTTP Request: POST http://localhost:8005/v1/chat/completions "HTTP/1.1 200 OK"

2026-08-17 22:10:26,867 - INFO - HTTP Request: POST http://localhost:8005/v1/chat/completions "HTTP/1.1 200 OK"
2026-08-17 22:10:26,868 - INFO - HTTP Request: POST http://localhost:8005/v1/chat/completions "HTTP/1.1 200 OK"

2026-08-17 22:10:27,899 - INFO - HTTP Request: POST http://localhost:8005/v1/chat/completions "HTTP/1.1 200 OK"
2026-08-17 22:10:40,457 - INFO - HTTP Request: POST http://localhost:8005/v1/chat/completions "HTTP/1.1 200 OK"

2026-08-17 22:10:43,071 - INFO - HTTP Request: POST http://localhost:8005/v1/chat/completions "HTTP/1.1 200 OK"
2026-08-17 22:10:45,393 - INFO - HTTP Request: POST http://localhost:8005/v1/chat/completions "HTTP/1.1 200 OK"

2026-08-17 22:10:55,614 - INFO - HTTP Request: POST http://localhost:8005/v1/chat/completions "HTTP/1.1 200 OK"

2026-08-17 22:10:56,925 - INFO - HTTP Request: POST http://localhost:8005/v1/chat/completions "HTTP/1.1 200 OK"
2026-08-17 22:11:09,991 - INFO - HTTP Request: POST http://localhost:8005/v1/chat/completions "HTTP/1.1 200 OK"
2026-08-17 22:11:13,199 - INFO - HTTP Request: POST http://localhost:8005/v1/chat/completions "HTTP/1.1 200 OK"

2026-08-17 22:11:15,167 - INFO - HTTP Request: POST http://localhost:8005/v1/chat/completions "HTTP/1.1 200 OK"
2026-08-17 22:11:25,779 - INFO - HTTP Request: POST http://localhost:8005/v1/chat/completions "HTTP/1.1 200 OK"

2026-08-17 22:11:25,996 - INFO - HTTP Request: POST http://localhost:8005/v1/chat/completions "HTTP/1.1 200 OK"

2026-08-17 22:11:29,263 - INFO - HTTP Request: POST http://localhost:8005/v1/chat/completions "HTTP/1.1 200 OK"
2026-08-17 22:11:42,233 - INFO - HTTP Request: POST http://localhost:8005/v1/chat/completions "HTTP/1.1 200 OK"

r2_cfg5:  42%|████▏     | 21/50 [34:45<1:04:05, 132.61s/it]2026-08-17 22:11:46,362 - INFO - HTTP Request: POST http://localhost:8005/v1/chat/completions "HTTP/1.1 200 OK"
2026-08-17 22:11:57,251 - INFO - HTTP Request: POST http://localhost:8005/v1/chat/completions "HTTP/1.1 200 OK"

2026-08-17 22:11:57,253 - INFO - HTTP Request: POST http://localhost:8005/v1/chat/completions "HTTP/1.1 200 OK"
r2_cfg5:  44%|████▍     | 22/50 [35:00<45:24, 97.32s/it]   2026-08-17 22:11:59,521 - INFO - HTTP Request: POST http://localhost:8005/v1/chat/completions "HTTP/1.1 200 OK"
2026-08-17 22:12:05,334 - INFO - HTTP Request: POST http://localhost:8005/v1/chat/completions "HTTP/1.1 200 OK"
2026-08-17 22:12:08,708 - INFO - HTTP Request: POST http://localhost:8005/v1/chat/completions "HTTP/1.1 200 OK"

r2_cfg5:  46%|████▌     | 23/50 [35:11<32:11, 71.55s/it]2026-08-17 22:12:17,641 - INFO - HTTP Request: POST http://localhost:8005/v1/chat/completions "HTTP/1.1 200 OK"

r2_cfg5:  48%|████▊     | 24/50 [35:20<22:51, 52.76s/it]2026-08-17 22:12:18,510 - INFO - HTTP Request: POST http://localhost:8005/v1/chat/completions "HTTP/1.1 200 OK"

2026-08-17 22:12:20,250 - INFO - HTTP Request: POST http://localhost:8005/v1/chat/completions "HTTP/1.1 200 OK"
2026-08-17 22:12:30,843 - INFO - HTTP Request: POST http://localhost:8005/v1/chat/completions "HTTP/1.1 200 OK"
2026-08-17 22:12:32,687 - INFO - HTTP Request: POST http://localhost:8005/v1/chat/completions "HTTP/1.1 200 OK"

2026-08-17 22:12:40,297 - INFO - HTTP Request: POST http://localhost:8005/v1/chat/completions "HTTP/1.1 200 OK"
2026-08-17 22:12:45,621 - INFO - HTTP Request: POST http://localhost:8005/v1/chat/completions "HTTP/1.1 200 OK"
2026-08-17 22:12:47,904 - INFO - HTTP Request: POST http://localhost:8005/v1/chat/completions "HTTP/1.1 200 OK"

2026-08-17 22:12:53,567 - INFO - HTTP Request: POST http://localhost:8005/v1/chat/completions "HTTP/1.1 200 OK"

2026-08-17 22:12:56,179 - INFO - HTTP Request: POST http://localhost:8005/v1/chat/completions "HTTP/1.1 200 OK"

2026-08-17 22:12:59,434 - INFO - HTTP Request: POST http://localhost:8005/v1/chat/completions "HTTP/1.1 200 OK"
2026-08-17 22:13:11,552 - INFO - HTTP Request: POST http://localhost:8005/v1/chat/completions "HTTP/1.1 200 OK"

2026-08-17 22:13:14,158 - INFO - HTTP Request: POST http://localhost:8005/v1/chat/completions "HTTP/1.1 200 OK"
2026-08-17 22:13:20,466 - INFO - HTTP Request: POST http://localhost:8005/v1/chat/completions "HTTP/1.1 200 OK"
2026-08-17 22:13:21,656 - INFO - HTTP Request: POST http://localhost:8005/v1/chat/completions "HTTP/1.1 200 OK"
2026-08-17 22:13:28,081 - INFO - HTTP Request: POST http://localhost:8005/v1/chat/completions "HTTP/1.1 200 OK"

2026-08-17 22:13:33,311 - INFO - HTTP Request: POST http://localhost:8005/v1/chat/completions "HTTP/1.1 200 OK"

2026-08-17 22:13:33,312 - INFO - HTTP Request: POST http://localhost:8005/v1/chat/completions "HTTP/1.1 200 OK"

2026-08-17 22:13:35,919 - INFO - HTTP Request: POST http://localhost:8005/v1/chat/completions "HTTP/1.1 200 OK"
2026-08-17 22:13:45,425 - INFO - HTTP Request: POST http://localhost:8005/v1/chat/completions "HTTP/1.1 200 OK"

2026-08-17 22:13:52,815 - INFO - HTTP Request: POST http://localhost:8005/v1/chat/completions "HTTP/1.1 200 OK"
2026-08-17 22:13:57,922 - INFO - HTTP Request: POST http://localhost:8005/v1/chat/completions "HTTP/1.1 200 OK"
2026-08-17 22:13:58,641 - INFO - HTTP Request: POST http://localhost:8005/v1/chat/completions "HTTP/1.1 200 OK"
2026-08-17 22:14:06,402 - INFO - HTTP Request: POST http://localhost:8005/v1/chat/completions "HTTP/1.1 200 OK"

2026-08-17 22:14:10,331 - INFO - HTTP Request: POST http://localhost:8005/v1/chat/completions "HTTP/1.1 200 OK"

2026-08-17 22:14:10,549 - INFO - HTTP Request: POST http://localhost:8005/v1/chat/completions "HTTP/1.1 200 OK"
2026-08-17 22:14:13,608 - INFO - HTTP Request: POST http://localhost:8005/v1/chat/completions "HTTP/1.1 200 OK"

2026-08-17 22:14:23,398 - INFO - HTTP Request: POST http://localhost:8005/v1/chat/completions "HTTP/1.1 200 OK"

2026-08-17 22:14:30,570 - INFO - HTTP Request: POST http://localhost:8005/v1/chat/completions "HTTP/1.1 200 OK"
2026-08-17 22:14:31,305 - INFO - HTTP Request: POST http://localhost:8005/v1/chat/completions "HTTP/1.1 200 OK"
2026-08-17 22:14:38,390 - INFO - HTTP Request: POST http://localhost:8005/v1/chat/completions "HTTP/1.1 200 OK"
2026-08-17 22:14:42,193 - INFO - HTTP Request: POST http://localhost:8005/v1/chat/completions "HTTP/1.1 200 OK"

2026-08-17 22:14:43,940 - INFO - HTTP Request: POST http://localhost:8005/v1/chat/completions "HTTP/1.1 200 OK"

2026-08-17 22:14:44,158 - INFO - HTTP Request: POST http://localhost:8005/v1/chat/completions "HTTP/1.1 200 OK"
2026-08-17 22:14:52,600 - INFO - HTTP Request: POST http://localhost:8005/v1/chat/completions "HTTP/1.1 200 OK"

2026-08-17 22:14:54,349 - INFO - HTTP Request: POST http://localhost:8005/v1/chat/completions "HTTP/1.1 200 OK"

2026-08-17 22:15:04,118 - INFO - HTTP Request: POST http://localhost:8005/v1/chat/completions "HTTP/1.1 200 OK"
2026-08-17 22:15:11,615 - INFO - HTTP Request: POST http://localhost:8005/v1/chat/completions "HTTP/1.1 200 OK"
2026-08-17 22:15:13,024 - INFO - HTTP Request: POST http://localhost:8005/v1/chat/completions "HTTP/1.1 200 OK"
2026-08-17 22:15:19,232 - INFO - HTTP Request: POST http://localhost:8005/v1/chat/completions "HTTP/1.1 200 OK"

2026-08-17 22:15:24,025 - INFO - HTTP Request: POST http://localhost:8005/v1/chat/completions "HTTP/1.1 200 OK"
2026-08-17 22:15:25,055 - INFO - HTTP Request: POST http://localhost:8005/v1/chat/completions "HTTP/1.1 200 OK"

2026-08-17 22:15:27,016 - INFO - HTTP Request: POST http://localhost:8005/v1/chat/completions "HTTP/1.1 200 OK"

2026-08-17 22:15:33,977 - INFO - HTTP Request: POST http://localhost:8005/v1/chat/completions "HTTP/1.1 200 OK"

2026-08-17 22:15:45,051 - INFO - HTTP Request: POST http://localhost:8005/v1/chat/completions "HTTP/1.1 200 OK"
2026-08-17 22:15:48,684 - INFO - HTTP Request: POST http://localhost:8005/v1/chat/completions "HTTP/1.1 200 OK"
2026-08-17 22:15:54,666 - INFO - HTTP Request: POST http://localhost:8005/v1/chat/completions "HTTP/1.1 200 OK"
2026-08-17 22:15:56,790 - INFO - HTTP Request: POST http://localhost:8005/v1/chat/completions "HTTP/1.1 200 OK"
2026-08-17 22:15:58,411 - INFO - HTTP Request: POST http://localhost:8005/v1/chat/completions "HTTP/1.1 200 OK"

2026-08-17 22:16:04,083 - INFO - HTTP Request: POST http://localhost:8005/v1/chat/completions "HTTP/1.1 200 OK"

2026-08-17 22:16:07,354 - INFO - HTTP Request: POST http://localhost:8005/v1/chat/completions "HTTP/1.1 200 OK"

2026-08-17 22:16:09,532 - INFO - HTTP Request: POST http://localhost:8005/v1/chat/completions "HTTP/1.1 200 OK"

2026-08-17 22:16:24,084 - INFO - HTTP Request: POST http://localhost:8005/v1/chat/completions "HTTP/1.1 200 OK"
2026-08-17 22:16:27,887 - INFO - HTTP Request: POST http://localhost:8005/v1/chat/completions "HTTP/1.1 200 OK"
2026-08-17 22:16:30,172 - INFO - HTTP Request: POST http://localhost:8005/v1/chat/completions "HTTP/1.1 200 OK"
2026-08-17 22:16:37,470 - INFO - HTTP Request: POST http://localhost:8005/v1/chat/completions "HTTP/1.1 200 OK"
2026-08-17 22:16:39,813 - INFO - HTTP Request: POST http://localhost:8005/v1/chat/completions "HTTP/1.1 200 OK"

2026-08-17 22:16:40,689 - INFO - HTTP Request: POST http://localhost:8005/v1/chat/completions "HTTP/1.1 200 OK"

2026-08-17 22:16:42,878 - INFO - HTTP Request: POST http://localhost:8005/v1/chat/completions "HTTP/1.1 200 OK"

2026-08-17 22:16:50,278 - INFO - HTTP Request: POST http://localhost:8005/v1/chat/completions "HTTP/1.1 200 OK"

2026-08-17 22:17:08,967 - INFO - HTTP Request: POST http://localhost:8005/v1/chat/completions "HTTP/1.1 200 OK"
2026-08-17 22:17:12,336 - INFO - HTTP Request: POST http://localhost:8005/v1/chat/completions "HTTP/1.1 200 OK"
2026-08-17 22:17:14,399 - INFO - HTTP Request: POST http://localhost:8005/v1/chat/completions "HTTP/1.1 200 OK"
2026-08-17 22:17:24,312 - INFO - HTTP Request: POST http://localhost:8005/v1/chat/completions "HTTP/1.1 200 OK"
2026-08-17 22:17:26,221 - INFO - HTTP Request: POST http://localhost:8005/v1/chat/completions "HTTP/1.1 200 OK"

2026-08-17 22:17:28,630 - INFO - HTTP Request: POST http://localhost:8005/v1/chat/completions "HTTP/1.1 200 OK"

2026-08-17 22:17:33,212 - INFO - HTTP Request: POST http://localhost:8005/v1/chat/completions "HTTP/1.1 200 OK"

r2_cfg5:  50%|█████     | 25/50 [40:36<54:50, 131.62s/it]2026-08-17 22:17:38,002 - INFO - HTTP Request: POST http://localhost:8005/v1/chat/completions "HTTP/1.1 200 OK"

r2_cfg5:  52%|█████▏    | 26/50 [40:40<37:25, 93.56s/it] 2026-08-17 22:17:55,155 - INFO - HTTP Request: POST http://localhost:8005/v1/chat/completions "HTTP/1.1 200 OK"
2026-08-17 22:17:58,993 - INFO - HTTP Request: POST http://localhost:8005/v1/chat/completions "HTTP/1.1 200 OK"
2026-08-17 22:18:00,401 - INFO - HTTP Request: POST http://localhost:8005/v1/chat/completions "HTTP/1.1 200 OK"
2026-08-17 22:18:01,861 - INFO - HTTP Request: POST http://localhost:8005/v1/chat/completions "HTTP/1.1 200 OK"
2026-08-17 22:18:07,629 - INFO - HTTP Request: POST http://localhost:8005/v1/chat/completions "HTTP/1.1 200 OK"

2026-08-17 22:18:09,158 - INFO - HTTP Request: POST http://localhost:8005/v1/chat/completions "HTTP/1.1 200 OK"

2026-08-17 22:18:11,775 - INFO - HTTP Request: POST http://localhost:8005/v1/chat/completions "HTTP/1.1 200 OK"

r2_cfg5:  54%|█████▍    | 27/50 [41:14<28:59, 75.63s/it]2026-08-17 22:18:16,777 - INFO - HTTP Request: POST http://localhost:8005/v1/chat/completions "HTTP/1.1 200 OK"

r2_cfg5:  56%|█████▌    | 28/50 [41:19<19:57, 54.44s/it]2026-08-17 22:18:33,493 - INFO - HTTP Request: POST http://localhost:8005/v1/chat/completions "HTTP/1.1 200 OK"
2026-08-17 22:18:33,711 - INFO - HTTP Request: POST http://localhost:8005/v1/chat/completions "HTTP/1.1 200 OK"
2026-08-17 22:18:35,697 - INFO - HTTP Request: POST http://localhost:8005/v1/chat/completions "HTTP/1.1 200 OK"
2026-08-17 22:18:39,326 - INFO - HTTP Request: POST http://localhost:8005/v1/chat/completions "HTTP/1.1 200 OK"
2026-08-17 22:18:47,058 - INFO - HTTP Request: POST http://localhost:8005/v1/chat/completions "HTTP/1.1 200 OK"

2026-08-17 22:18:47,276 - INFO - HTTP Request: POST http://localhost:8005/v1/chat/completions "HTTP/1.1 200 OK"

2026-08-17 22:18:47,493 - INFO - HTTP Request: POST http://localhost:8005/v1/chat/completions "HTTP/1.1 200 OK"

2026-08-17 22:18:50,543 - INFO - HTTP Request: POST http://localhost:8005/v1/chat/completions "HTTP/1.1 200 OK"

2026-08-17 22:19:11,383 - INFO - HTTP Request: POST http://localhost:8005/v1/chat/completions "HTTP/1.1 200 OK"
2026-08-17 22:19:11,600 - INFO - HTTP Request: POST http://localhost:8005/v1/chat/completions "HTTP/1.1 200 OK"
2026-08-17 22:19:13,845 - INFO - HTTP Request: POST http://localhost:8005/v1/chat/completions "HTTP/1.1 200 OK"
2026-08-17 22:19:17,268 - INFO - HTTP Request: POST http://localhost:8005/v1/chat/completions "HTTP/1.1 200 OK"
2026-08-17 22:19:23,046 - INFO - HTTP Request: POST http://localhost:8005/v1/chat/completions "HTTP/1.1 200 OK"

2026-08-17 22:19:24,797 - INFO - HTTP Request: POST http://localhost:8005/v1/chat/completions "HTTP/1.1 200 OK"

2026-08-17 22:19:27,200 - INFO - HTTP Request: POST http://localhost:8005/v1/chat/completions "HTTP/1.1 200 OK"

2026-08-17 22:19:28,942 - INFO - HTTP Request: POST http://localhost:8005/v1/chat/completions "HTTP/1.1 200 OK"

2026-08-17 22:19:46,528 - INFO - HTTP Request: POST http://localhost:8005/v1/chat/completions "HTTP/1.1 200 OK"
2026-08-17 22:19:49,364 - INFO - HTTP Request: POST http://localhost:8005/v1/chat/completions "HTTP/1.1 200 OK"
2026-08-17 22:19:51,898 - INFO - HTTP Request: POST http://localhost:8005/v1/chat/completions "HTTP/1.1 200 OK"
2026-08-17 22:19:53,962 - INFO - HTTP Request: POST http://localhost:8005/v1/chat/completions "HTTP/1.1 200 OK"
2026-08-17 22:19:59,953 - INFO - HTTP Request: POST http://localhost:8005/v1/chat/completions "HTTP/1.1 200 OK"

2026-08-17 22:20:01,924 - INFO - HTTP Request: POST http://localhost:8005/v1/chat/completions "HTTP/1.1 200 OK"

2026-08-17 22:20:06,287 - INFO - HTTP Request: POST http://localhost:8005/v1/chat/completions "HTTP/1.1 200 OK"

2026-08-17 22:20:06,722 - INFO - HTTP Request: POST http://localhost:8005/v1/chat/completions "HTTP/1.1 200 OK"

2026-08-17 22:20:19,760 - INFO - HTTP Request: POST http://localhost:8005/v1/chat/completions "HTTP/1.1 200 OK"
2026-08-17 22:20:21,862 - INFO - HTTP Request: POST http://localhost:8005/v1/chat/completions "HTTP/1.1 200 OK"
2026-08-17 22:20:29,400 - INFO - HTTP Request: POST http://localhost:8005/v1/chat/completions "HTTP/1.1 200 OK"

2026-08-17 22:20:30,489 - INFO - HTTP Request: POST http://localhost:8005/v1/chat/completions "HTTP/1.1 200 OK"
2026-08-17 22:20:31,461 - INFO - HTTP Request: POST http://localhost:8005/v1/chat/completions "HTTP/1.1 200 OK"
2026-08-17 22:20:32,767 - INFO - HTTP Request: POST http://localhost:8005/v1/chat/completions "HTTP/1.1 200 OK"

2026-08-17 22:20:43,436 - INFO - HTTP Request: POST http://localhost:8005/v1/chat/completions "HTTP/1.1 200 OK"

2026-08-17 22:20:44,100 - INFO - HTTP Request: POST http://localhost:8005/v1/chat/completions "HTTP/1.1 200 OK"

2026-08-17 22:20:58,863 - INFO - HTTP Request: POST http://localhost:8005/v1/chat/completions "HTTP/1.1 200 OK"
2026-08-17 22:21:01,614 - INFO - HTTP Request: POST http://localhost:8005/v1/chat/completions "HTTP/1.1 200 OK"
2026-08-17 22:21:03,498 - INFO - HTTP Request: POST http://localhost:8005/v1/chat/completions "HTTP/1.1 200 OK"
2026-08-17 22:21:04,473 - INFO - HTTP Request: POST http://localhost:8005/v1/chat/completions "HTTP/1.1 200 OK"
2026-08-17 22:21:08,492 - INFO - HTTP Request: POST http://localhost:8005/v1/chat/completions "HTTP/1.1 200 OK"

2026-08-17 22:21:15,033 - INFO - HTTP Request: POST http://localhost:8005/v1/chat/completions "HTTP/1.1 200 OK"

2026-08-17 22:21:16,124 - INFO - HTTP Request: POST http://localhost:8005/v1/chat/completions "HTTP/1.1 200 OK"

2026-08-17 22:21:18,301 - INFO - HTTP Request: POST http://localhost:8005/v1/chat/completions "HTTP/1.1 200 OK"

2026-08-17 22:21:28,507 - INFO - HTTP Request: POST http://localhost:8005/v1/chat/completions "HTTP/1.1 200 OK"
2026-08-17 22:21:36,263 - INFO - HTTP Request: POST http://localhost:8005/v1/chat/completions "HTTP/1.1 200 OK"
2026-08-17 22:21:40,105 - INFO - HTTP Request: POST http://localhost:8005/v1/chat/completions "HTTP/1.1 200 OK"

2026-08-17 22:21:44,020 - INFO - HTTP Request: POST http://localhost:8005/v1/chat/completions "HTTP/1.1 200 OK"
2026-08-17 22:21:47,607 - INFO - HTTP Request: POST http://localhost:8005/v1/chat/completions "HTTP/1.1 200 OK"
2026-08-17 22:21:53,373 - INFO - HTTP Request: POST http://localhost:8005/v1/chat/completions "HTTP/1.1 200 OK"

2026-08-17 22:21:59,037 - INFO - HTTP Request: POST http://localhost:8005/v1/chat/completions "HTTP/1.1 200 OK"

2026-08-17 22:22:02,084 - INFO - HTTP Request: POST http://localhost:8005/v1/chat/completions "HTTP/1.1 200 OK"

2026-08-17 22:22:09,904 - INFO - HTTP Request: POST http://localhost:8005/v1/chat/completions "HTTP/1.1 200 OK"
2026-08-17 22:22:19,184 - INFO - HTTP Request: POST http://localhost:8005/v1/chat/completions "HTTP/1.1 200 OK"
2026-08-17 22:22:22,605 - INFO - HTTP Request: POST http://localhost:8005/v1/chat/completions "HTTP/1.1 200 OK"
2026-08-17 22:22:22,823 - INFO - HTTP Request: POST http://localhost:8005/v1/chat/completions "HTTP/1.1 200 OK"

2026-08-17 22:22:23,342 - INFO - HTTP Request: POST http://localhost:8005/v1/chat/completions "HTTP/1.1 200 OK"
2026-08-17 22:22:37,456 - INFO - HTTP Request: POST http://localhost:8005/v1/chat/completions "HTTP/1.1 200 OK"

2026-08-17 22:22:38,121 - INFO - HTTP Request: POST http://localhost:8005/v1/chat/completions "HTTP/1.1 200 OK"

2026-08-17 22:22:41,385 - INFO - HTTP Request: POST http://localhost:8005/v1/chat/completions "HTTP/1.1 200 OK"

2026-08-17 22:22:51,595 - INFO - HTTP Request: POST http://localhost:8005/v1/chat/completions "HTTP/1.1 200 OK"
2026-08-17 22:23:01,249 - INFO - HTTP Request: POST http://localhost:8005/v1/chat/completions "HTTP/1.1 200 OK"

r2_cfg5:  58%|█████▊    | 29/50 [46:04<43:12, 123.45s/it]2026-08-17 22:23:07,552 - INFO - HTTP Request: POST http://localhost:8005/v1/chat/completions "HTTP/1.1 200 OK"
2026-08-17 22:23:10,701 - INFO - HTTP Request: POST http://localhost:8005/v1/chat/completions "HTTP/1.1 200 OK"
2026-08-17 22:23:11,136 - INFO - HTTP Request: POST http://localhost:8005/v1/chat/completions "HTTP/1.1 200 OK"
2026-08-17 22:23:23,808 - INFO - HTTP Request: POST http://localhost:8005/v1/chat/completions "HTTP/1.1 200 OK"
2026-08-17 22:23:24,785 - INFO - HTTP Request: POST http://localhost:8005/v1/chat/completions "HTTP/1.1 200 OK"

r2_cfg5:  60%|██████    | 30/50 [46:27<31:09, 93.48s/it] 2026-08-17 22:23:26,533 - INFO - HTTP Request: POST http://localhost:8005/v1/chat/completions "HTTP/1.1 200 OK"

2026-08-17 22:23:26,748 - INFO - HTTP Request: POST http://localhost:8005/v1/chat/completions "HTTP/1.1 200 OK"

2026-08-17 22:23:35,454 - INFO - HTTP Request: POST http://localhost:8005/v1/chat/completions "HTTP/1.1 200 OK"

2026-08-17 22:23:46,748 - INFO - HTTP Request: POST http://localhost:8005/v1/chat/completions "HTTP/1.1 200 OK"
2026-08-17 22:23:58,433 - INFO - HTTP Request: POST http://localhost:8005/v1/chat/completions "HTTP/1.1 200 OK"

2026-08-17 22:23:59,521 - INFO - HTTP Request: POST http://localhost:8005/v1/chat/completions "HTTP/1.1 200 OK"
2026-08-17 22:24:00,498 - INFO - HTTP Request: POST http://localhost:8005/v1/chat/completions "HTTP/1.1 200 OK"
2026-08-17 22:24:02,556 - INFO - HTTP Request: POST http://localhost:8005/v1/chat/completions "HTTP/1.1 200 OK"
2026-08-17 22:24:13,780 - INFO - HTTP Request: POST http://localhost:8005/v1/chat/completions "HTTP/1.1 200 OK"

2026-08-17 22:24:13,998 - INFO - HTTP Request: POST http://localhost:8005/v1/chat/completions "HTTP/1.1 200 OK"

r2_cfg5:  62%|██████▏   | 31/50 [47:16<25:23, 80.20s/it]2026-08-17 22:24:15,961 - INFO - HTTP Request: POST http://localhost:8005/v1/chat/completions "HTTP/1.1 200 OK"

r2_cfg5:  64%|██████▍   | 32/50 [47:18<17:01, 56.73s/it]2026-08-17 22:24:25,512 - INFO - HTTP Request: POST http://localhost:8005/v1/chat/completions "HTTP/1.1 200 OK"
2026-08-17 22:24:36,109 - INFO - HTTP Request: POST http://localhost:8005/v1/chat/completions "HTTP/1.1 200 OK"
2026-08-17 22:24:38,604 - INFO - HTTP Request: POST http://localhost:8005/v1/chat/completions "HTTP/1.1 200 OK"
2026-08-17 22:24:38,825 - INFO - HTTP Request: POST http://localhost:8005/v1/chat/completions "HTTP/1.1 200 OK"
2026-08-17 22:24:40,988 - INFO - HTTP Request: POST http://localhost:8005/v1/chat/completions "HTTP/1.1 200 OK"

2026-08-17 22:24:49,925 - INFO - HTTP Request: POST http://localhost:8005/v1/chat/completions "HTTP/1.1 200 OK"

2026-08-17 22:24:50,800 - INFO - HTTP Request: POST http://localhost:8005/v1/chat/completions "HTTP/1.1 200 OK"

2026-08-17 22:24:55,149 - INFO - HTTP Request: POST http://localhost:8005/v1/chat/completions "HTTP/1.1 200 OK"

2026-08-17 22:25:05,361 - INFO - HTTP Request: POST http://localhost:8005/v1/chat/completions "HTTP/1.1 200 OK"
2026-08-17 22:25:16,394 - INFO - HTTP Request: POST http://localhost:8005/v1/chat/completions "HTTP/1.1 200 OK"
2026-08-17 22:25:17,587 - INFO - HTTP Request: POST http://localhost:8005/v1/chat/completions "HTTP/1.1 200 OK"
2026-08-17 22:25:19,649 - INFO - HTTP Request: POST http://localhost:8005/v1/chat/completions "HTTP/1.1 200 OK"

2026-08-17 22:25:20,315 - INFO - HTTP Request: POST http://localhost:8005/v1/chat/completions "HTTP/1.1 200 OK"
2026-08-17 22:25:26,957 - INFO - HTTP Request: POST http://localhost:8005/v1/chat/completions "HTTP/1.1 200 OK"

2026-08-17 22:25:32,403 - INFO - HTTP Request: POST http://localhost:8005/v1/chat/completions "HTTP/1.1 200 OK"

2026-08-17 22:25:34,363 - INFO - HTTP Request: POST http://localhost:8005/v1/chat/completions "HTTP/1.1 200 OK"

2026-08-17 22:25:43,489 - INFO - HTTP Request: POST http://localhost:8005/v1/chat/completions "HTTP/1.1 200 OK"
2026-08-17 22:25:51,690 - INFO - HTTP Request: POST http://localhost:8005/v1/chat/completions "HTTP/1.1 200 OK"
2026-08-17 22:25:54,839 - INFO - HTTP Request: POST http://localhost:8005/v1/chat/completions "HTTP/1.1 200 OK"
2026-08-17 22:25:55,814 - INFO - HTTP Request: POST http://localhost:8005/v1/chat/completions "HTTP/1.1 200 OK"

2026-08-17 22:25:57,783 - INFO - HTTP Request: POST http://localhost:8005/v1/chat/completions "HTTP/1.1 200 OK"
2026-08-17 22:26:05,733 - INFO - HTTP Request: POST http://localhost:8005/v1/chat/completions "HTTP/1.1 200 OK"

2026-08-17 22:26:07,702 - INFO - HTTP Request: POST http://localhost:8005/v1/chat/completions "HTTP/1.1 200 OK"

2026-08-17 22:26:12,707 - INFO - HTTP Request: POST http://localhost:8005/v1/chat/completions "HTTP/1.1 200 OK"

2026-08-17 22:26:15,972 - INFO - HTTP Request: POST http://localhost:8005/v1/chat/completions "HTTP/1.1 200 OK"
2026-08-17 22:26:24,607 - INFO - HTTP Request: POST http://localhost:8005/v1/chat/completions "HTTP/1.1 200 OK"

2026-08-17 22:26:30,037 - INFO - HTTP Request: POST http://localhost:8005/v1/chat/completions "HTTP/1.1 200 OK"
2026-08-17 22:26:37,092 - INFO - HTTP Request: POST http://localhost:8005/v1/chat/completions "HTTP/1.1 200 OK"
2026-08-17 22:26:37,828 - INFO - HTTP Request: POST http://localhost:8005/v1/chat/completions "HTTP/1.1 200 OK"
2026-08-17 22:26:43,172 - INFO - HTTP Request: POST http://localhost:8005/v1/chat/completions "HTTP/1.1 200 OK"

2026-08-17 22:26:49,498 - INFO - HTTP Request: POST http://localhost:8005/v1/chat/completions "HTTP/1.1 200 OK"

2026-08-17 22:26:50,378 - INFO - HTTP Request: POST http://localhost:8005/v1/chat/completions "HTTP/1.1 200 OK"

2026-08-17 22:26:54,285 - INFO - HTTP Request: POST http://localhost:8005/v1/chat/completions "HTTP/1.1 200 OK"
2026-08-17 22:27:02,923 - INFO - HTTP Request: POST http://localhost:8005/v1/chat/completions "HTTP/1.1 200 OK"
2026-08-17 22:27:06,191 - INFO - HTTP Request: POST http://localhost:8005/v1/chat/completions "HTTP/1.1 200 OK"

2026-08-17 22:27:09,670 - INFO - HTTP Request: POST http://localhost:8005/v1/chat/completions "HTTP/1.1 200 OK"
2026-08-17 22:27:11,514 - INFO - HTTP Request: POST http://localhost:8005/v1/chat/completions "HTTP/1.1 200 OK"
2026-08-17 22:27:16,415 - INFO - HTTP Request: POST http://localhost:8005/v1/chat/completions "HTTP/1.1 200 OK"

2026-08-17 22:27:21,208 - INFO - HTTP Request: POST http://localhost:8005/v1/chat/completions "HTTP/1.1 200 OK"

2026-08-17 22:27:26,213 - INFO - HTTP Request: POST http://localhost:8005/v1/chat/completions "HTTP/1.1 200 OK"

2026-08-17 22:27:26,867 - INFO - HTTP Request: POST http://localhost:8005/v1/chat/completions "HTTP/1.1 200 OK"
2026-08-17 22:27:38,335 - INFO - HTTP Request: POST http://localhost:8005/v1/chat/completions "HTTP/1.1 200 OK"

2026-08-17 22:27:45,502 - INFO - HTTP Request: POST http://localhost:8005/v1/chat/completions "HTTP/1.1 200 OK"
2026-08-17 22:27:50,602 - INFO - HTTP Request: POST http://localhost:8005/v1/chat/completions "HTTP/1.1 200 OK"
2026-08-17 22:27:56,362 - INFO - HTTP Request: POST http://localhost:8005/v1/chat/completions "HTTP/1.1 200 OK"
2026-08-17 22:27:57,558 - INFO - HTTP Request: POST http://localhost:8005/v1/chat/completions "HTTP/1.1 200 OK"

2026-08-17 22:28:03,006 - INFO - HTTP Request: POST http://localhost:8005/v1/chat/completions "HTTP/1.1 200 OK"

2026-08-17 22:28:08,448 - INFO - HTTP Request: POST http://localhost:8005/v1/chat/completions "HTTP/1.1 200 OK"
2026-08-17 22:28:17,970 - INFO - HTTP Request: POST http://localhost:8005/v1/chat/completions "HTTP/1.1 200 OK"
2026-08-17 22:28:22,651 - INFO - HTTP Request: POST http://localhost:8005/v1/chat/completions "HTTP/1.1 200 OK"

2026-08-17 22:28:23,750 - INFO - HTTP Request: POST http://localhost:8005/v1/chat/completions "HTTP/1.1 200 OK"
2026-08-17 22:28:31,052 - INFO - HTTP Request: POST http://localhost:8005/v1/chat/completions "HTTP/1.1 200 OK"

2026-08-17 22:28:33,670 - INFO - HTTP Request: POST http://localhost:8005/v1/chat/completions "HTTP/1.1 200 OK"

2026-08-17 22:28:37,813 - INFO - HTTP Request: POST http://localhost:8005/v1/chat/completions "HTTP/1.1 200 OK"

2026-08-17 22:28:55,409 - INFO - HTTP Request: POST http://localhost:8005/v1/chat/completions "HTTP/1.1 200 OK"
2026-08-17 22:29:00,722 - INFO - HTTP Request: POST http://localhost:8005/v1/chat/completions "HTTP/1.1 200 OK"
2026-08-17 22:29:07,145 - INFO - HTTP Request: POST http://localhost:8005/v1/chat/completions "HTTP/1.1 200 OK"
2026-08-17 22:29:08,123 - INFO - HTTP Request: POST http://localhost:8005/v1/chat/completions "HTTP/1.1 200 OK"
2026-08-17 22:29:11,060 - INFO - HTTP Request: POST http://localhost:8005/v1/chat/completions "HTTP/1.1 200 OK"

r2_cfg5:  66%|██████▌   | 33/50 [52:14<36:20, 128.24s/it]2026-08-17 22:29:14,770 - INFO - HTTP Request: POST http://localhost:8005/v1/chat/completions "HTTP/1.1 200 OK"

2026-08-17 22:29:21,315 - INFO - HTTP Request: POST http://localhost:8005/v1/chat/completions "HTTP/1.1 200 OK"

2026-08-17 22:29:21,533 - INFO - HTTP Request: POST http://localhost:8005/v1/chat/completions "HTTP/1.1 200 OK"

r2_cfg5:  68%|██████▊   | 34/50 [52:24<24:46, 92.91s/it] 2026-08-17 22:29:32,825 - INFO - HTTP Request: POST http://localhost:8005/v1/chat/completions "HTTP/1.1 200 OK"
2026-08-17 22:29:43,627 - INFO - HTTP Request: POST http://localhost:8005/v1/chat/completions "HTTP/1.1 200 OK"
2026-08-17 22:29:45,252 - INFO - HTTP Request: POST http://localhost:8005/v1/chat/completions "HTTP/1.1 200 OK"

2026-08-17 22:29:47,864 - INFO - HTTP Request: POST http://localhost:8005/v1/chat/completions "HTTP/1.1 200 OK"
2026-08-17 22:29:54,715 - INFO - HTTP Request: POST http://localhost:8005/v1/chat/completions "HTTP/1.1 200 OK"
2026-08-17 22:29:56,560 - INFO - HTTP Request: POST http://localhost:8005/v1/chat/completions "HTTP/1.1 200 OK"

2026-08-17 22:29:58,306 - INFO - HTTP Request: POST http://localhost:8005/v1/chat/completions "HTTP/1.1 200 OK"

r2_cfg5:  70%|███████   | 35/50 [53:01<19:01, 76.07s/it]2026-08-17 22:30:07,875 - INFO - HTTP Request: POST http://localhost:8005/v1/chat/completions "HTTP/1.1 200 OK"

r2_cfg5:  72%|███████▏  | 36/50 [53:10<13:05, 56.12s/it]2026-08-17 22:30:12,000 - INFO - HTTP Request: POST http://localhost:8005/v1/chat/completions "HTTP/1.1 200 OK"
2026-08-17 22:30:20,045 - INFO - HTTP Request: POST http://localhost:8005/v1/chat/completions "HTTP/1.1 200 OK"
2026-08-17 22:30:22,795 - INFO - HTTP Request: POST http://localhost:8005/v1/chat/completions "HTTP/1.1 200 OK"

2026-08-17 22:30:23,013 - INFO - HTTP Request: POST http://localhost:8005/v1/chat/completions "HTTP/1.1 200 OK"
2026-08-17 22:30:30,512 - INFO - HTTP Request: POST http://localhost:8005/v1/chat/completions "HTTP/1.1 200 OK"
2026-08-17 22:30:34,323 - INFO - HTTP Request: POST http://localhost:8005/v1/chat/completions "HTTP/1.1 200 OK"

2026-08-17 22:30:35,198 - INFO - HTTP Request: POST http://localhost:8005/v1/chat/completions "HTTP/1.1 200 OK"

2026-08-17 22:30:40,633 - INFO - HTTP Request: POST http://localhost:8005/v1/chat/completions "HTTP/1.1 200 OK"

2026-08-17 22:30:47,797 - INFO - HTTP Request: POST http://localhost:8005/v1/chat/completions "HTTP/1.1 200 OK"
2026-08-17 22:30:59,751 - INFO - HTTP Request: POST http://localhost:8005/v1/chat/completions "HTTP/1.1 200 OK"
2026-08-17 22:31:00,942 - INFO - HTTP Request: POST http://localhost:8005/v1/chat/completions "HTTP/1.1 200 OK"
2026-08-17 22:31:01,956 - INFO - HTTP Request: POST http://localhost:8005/v1/chat/completions "HTTP/1.1 200 OK"

2026-08-17 22:31:07,407 - INFO - HTTP Request: POST http://localhost:8005/v1/chat/completions "HTTP/1.1 200 OK"
2026-08-17 22:31:11,270 - INFO - HTTP Request: POST http://localhost:8005/v1/chat/completions "HTTP/1.1 200 OK"

2026-08-17 22:31:12,585 - INFO - HTTP Request: POST http://localhost:8005/v1/chat/completions "HTTP/1.1 200 OK"

2026-08-17 22:31:20,195 - INFO - HTTP Request: POST http://localhost:8005/v1/chat/completions "HTTP/1.1 200 OK"

2026-08-17 22:31:26,493 - INFO - HTTP Request: POST http://localhost:8005/v1/chat/completions "HTTP/1.1 200 OK"
2026-08-17 22:31:35,550 - INFO - HTTP Request: POST http://localhost:8005/v1/chat/completions "HTTP/1.1 200 OK"
2026-08-17 22:31:37,390 - INFO - HTTP Request: POST http://localhost:8005/v1/chat/completions "HTTP/1.1 200 OK"
2026-08-17 22:31:39,058 - INFO - HTTP Request: POST http://localhost:8005/v1/chat/completions "HTTP/1.1 200 OK"

2026-08-17 22:31:45,160 - INFO - HTTP Request: POST http://localhost:8005/v1/chat/completions "HTTP/1.1 200 OK"
2026-08-17 22:31:48,585 - INFO - HTTP Request: POST http://localhost:8005/v1/chat/completions "HTTP/1.1 200 OK"

2026-08-17 22:31:51,858 - INFO - HTTP Request: POST http://localhost:8005/v1/chat/completions "HTTP/1.1 200 OK"

2026-08-17 22:31:54,910 - INFO - HTTP Request: POST http://localhost:8005/v1/chat/completions "HTTP/1.1 200 OK"

2026-08-17 22:31:58,824 - INFO - HTTP Request: POST http://localhost:8005/v1/chat/completions "HTTP/1.1 200 OK"
2026-08-17 22:32:08,604 - INFO - HTTP Request: POST http://localhost:8005/v1/chat/completions "HTTP/1.1 200 OK"
2026-08-17 22:32:10,229 - INFO - HTTP Request: POST http://localhost:8005/v1/chat/completions "HTTP/1.1 200 OK"

2026-08-17 22:32:15,885 - INFO - HTTP Request: POST http://localhost:8005/v1/chat/completions "HTTP/1.1 200 OK"
2026-08-17 22:32:18,208 - INFO - HTTP Request: POST http://localhost:8005/v1/chat/completions "HTTP/1.1 200 OK"

2026-08-17 22:32:19,513 - INFO - HTTP Request: POST http://localhost:8005/v1/chat/completions "HTTP/1.1 200 OK"
2026-08-17 22:32:27,715 - INFO - HTTP Request: POST http://localhost:8005/v1/chat/completions "HTTP/1.1 200 OK"

2026-08-17 22:32:32,292 - INFO - HTTP Request: POST http://localhost:8005/v1/chat/completions "HTTP/1.1 200 OK"

2026-08-17 22:32:39,461 - INFO - HTTP Request: POST http://localhost:8005/v1/chat/completions "HTTP/1.1 200 OK"
2026-08-17 22:32:47,430 - INFO - HTTP Request: POST http://localhost:8005/v1/chat/completions "HTTP/1.1 200 OK"
2026-08-17 22:32:47,650 - INFO - HTTP Request: POST http://localhost:8005/v1/chat/completions "HTTP/1.1 200 OK"
2026-08-17 22:32:52,680 - INFO - HTTP Request: POST http://localhost:8005/v1/chat/completions "HTTP/1.1 200 OK"
2026-08-17 22:32:53,927 - INFO - HTTP Request: POST http://localhost:8005/v1/chat/completions "HTTP/1.1 200 OK"

2026-08-17 22:33:00,901 - INFO - HTTP Request: POST http://localhost:8005/v1/chat/completions "HTTP/1.1 200 OK"

2026-08-17 22:33:02,645 - INFO - HTTP Request: POST http://localhost:8005/v1/chat/completions "HTTP/1.1 200 OK"

2026-08-17 22:33:04,169 - INFO - HTTP Request: POST http://localhost:8005/v1/chat/completions "HTTP/1.1 200 OK"

2026-08-17 22:33:13,939 - INFO - HTTP Request: POST http://localhost:8005/v1/chat/completions "HTTP/1.1 200 OK"
2026-08-17 22:33:22,851 - INFO - HTTP Request: POST http://localhost:8005/v1/chat/completions "HTTP/1.1 200 OK"
2026-08-17 22:33:26,220 - INFO - HTTP Request: POST http://localhost:8005/v1/chat/completions "HTTP/1.1 200 OK"

2026-08-17 22:33:30,138 - INFO - HTTP Request: POST http://localhost:8005/v1/chat/completions "HTTP/1.1 200 OK"
2026-08-17 22:33:33,778 - INFO - HTTP Request: POST http://localhost:8005/v1/chat/completions "HTTP/1.1 200 OK"

2026-08-17 22:33:33,779 - INFO - HTTP Request: POST http://localhost:8005/v1/chat/completions "HTTP/1.1 200 OK"
2026-08-17 22:33:44,365 - INFO - HTTP Request: POST http://localhost:8005/v1/chat/completions "HTTP/1.1 200 OK"

2026-08-17 22:33:44,800 - INFO - HTTP Request: POST http://localhost:8005/v1/chat/completions "HTTP/1.1 200 OK"

2026-08-17 22:33:55,881 - INFO - HTTP Request: POST http://localhost:8005/v1/chat/completions "HTTP/1.1 200 OK"
2026-08-17 22:34:03,274 - INFO - HTTP Request: POST http://localhost:8005/v1/chat/completions "HTTP/1.1 200 OK"
2026-08-17 22:34:04,903 - INFO - HTTP Request: POST http://localhost:8005/v1/chat/completions "HTTP/1.1 200 OK"
2026-08-17 22:34:05,339 - INFO - HTTP Request: POST http://localhost:8005/v1/chat/completions "HTTP/1.1 200 OK"
2026-08-17 22:34:08,253 - INFO - HTTP Request: POST http://localhost:8005/v1/chat/completions "HTTP/1.1 200 OK"

2026-08-17 22:34:14,146 - INFO - HTTP Request: POST http://localhost:8005/v1/chat/completions "HTTP/1.1 200 OK"

2026-08-17 22:34:18,075 - INFO - HTTP Request: POST http://localhost:8005/v1/chat/completions "HTTP/1.1 200 OK"

2026-08-17 22:34:23,076 - INFO - HTTP Request: POST http://localhost:8005/v1/chat/completions "HTTP/1.1 200 OK"

2026-08-17 22:34:40,891 - INFO - HTTP Request: POST http://localhost:8005/v1/chat/completions "HTTP/1.1 200 OK"
2026-08-17 22:34:47,417 - INFO - HTTP Request: POST http://localhost:8005/v1/chat/completions "HTTP/1.1 200 OK"
2026-08-17 22:34:47,419 - INFO - HTTP Request: POST http://localhost:8005/v1/chat/completions "HTTP/1.1 200 OK"
2026-08-17 22:34:53,194 - INFO - HTTP Request: POST http://localhost:8005/v1/chat/completions "HTTP/1.1 200 OK"
2026-08-17 22:34:53,412 - INFO - HTTP Request: POST http://localhost:8005/v1/chat/completions "HTTP/1.1 200 OK"

r2_cfg5:  74%|███████▍  | 37/50 [57:56<27:04, 124.94s/it]2026-08-17 22:35:00,751 - INFO - HTTP Request: POST http://localhost:8005/v1/chat/completions "HTTP/1.1 200 OK"

r2_cfg5:  76%|███████▌  | 38/50 [58:03<17:55, 89.66s/it] 2026-08-17 22:35:03,148 - INFO - HTTP Request: POST http://localhost:8005/v1/chat/completions "HTTP/1.1 200 OK"

2026-08-17 22:35:05,765 - INFO - HTTP Request: POST http://localhost:8005/v1/chat/completions "HTTP/1.1 200 OK"

2026-08-17 22:35:15,325 - INFO - HTTP Request: POST http://localhost:8005/v1/chat/completions "HTTP/1.1 200 OK"
2026-08-17 22:35:23,040 - INFO - HTTP Request: POST http://localhost:8005/v1/chat/completions "HTTP/1.1 200 OK"
2026-08-17 22:35:24,667 - INFO - HTTP Request: POST http://localhost:8005/v1/chat/completions "HTTP/1.1 200 OK"

2026-08-17 22:35:36,412 - INFO - HTTP Request: POST http://localhost:8005/v1/chat/completions "HTTP/1.1 200 OK"
2026-08-17 22:35:38,095 - INFO - HTTP Request: POST http://localhost:8005/v1/chat/completions "HTTP/1.1 200 OK"

2026-08-17 22:35:39,838 - INFO - HTTP Request: POST http://localhost:8005/v1/chat/completions "HTTP/1.1 200 OK"
2026-08-17 22:35:48,468 - INFO - HTTP Request: POST http://localhost:8005/v1/chat/completions "HTTP/1.1 200 OK"

r2_cfg5:  78%|███████▊  | 39/50 [58:51<14:07, 77.08s/it]2026-08-17 22:35:51,294 - INFO - HTTP Request: POST http://localhost:8005/v1/chat/completions "HTTP/1.1 200 OK"
2026-08-17 22:35:52,975 - INFO - HTTP Request: POST http://localhost:8005/v1/chat/completions "HTTP/1.1 200 OK"

r2_cfg5:  80%|████████  | 40/50 [58:55<09:13, 55.31s/it]2026-08-17 22:36:02,980 - INFO - HTTP Request: POST http://localhost:8005/v1/chat/completions "HTTP/1.1 200 OK"

2026-08-17 22:36:04,718 - INFO - HTTP Request: POST http://localhost:8005/v1/chat/completions "HTTP/1.1 200 OK"
2026-08-17 22:36:10,958 - INFO - HTTP Request: POST http://localhost:8005/v1/chat/completions "HTTP/1.1 200 OK"
2026-08-17 22:36:15,628 - INFO - HTTP Request: POST http://localhost:8005/v1/chat/completions "HTTP/1.1 200 OK"
2026-08-17 22:36:20,214 - INFO - HTTP Request: POST http://localhost:8005/v1/chat/completions "HTTP/1.1 200 OK"

2026-08-17 22:36:26,090 - INFO - HTTP Request: POST http://localhost:8005/v1/chat/completions "HTTP/1.1 200 OK"

2026-08-17 22:36:28,267 - INFO - HTTP Request: POST http://localhost:8005/v1/chat/completions "HTTP/1.1 200 OK"
2026-08-17 22:36:32,124 - INFO - HTTP Request: POST http://localhost:8005/v1/chat/completions "HTTP/1.1 200 OK"

2026-08-17 22:36:41,692 - INFO - HTTP Request: POST http://localhost:8005/v1/chat/completions "HTTP/1.1 200 OK"

2026-08-17 22:36:44,956 - INFO - HTTP Request: POST http://localhost:8005/v1/chat/completions "HTTP/1.1 200 OK"
2026-08-17 22:36:52,670 - INFO - HTTP Request: POST http://localhost:8005/v1/chat/completions "HTTP/1.1 200 OK"
2026-08-17 22:36:58,981 - INFO - HTTP Request: POST http://localhost:8005/v1/chat/completions "HTTP/1.1 200 OK"
2026-08-17 22:36:59,867 - INFO - HTTP Request: POST http://localhost:8005/v1/chat/completions "HTTP/1.1 200 OK"

2026-08-17 22:37:04,663 - INFO - HTTP Request: POST http://localhost:8005/v1/chat/completions "HTTP/1.1 200 OK"

2026-08-17 22:37:06,621 - INFO - HTTP Request: POST http://localhost:8005/v1/chat/completions "HTTP/1.1 200 OK"
2026-08-17 22:37:10,860 - INFO - HTTP Request: POST http://localhost:8005/v1/chat/completions "HTTP/1.1 200 OK"

2026-08-17 22:37:19,123 - INFO - HTTP Request: POST http://localhost:8005/v1/chat/completions "HTTP/1.1 200 OK"

2026-08-17 22:37:24,125 - INFO - HTTP Request: POST http://localhost:8005/v1/chat/completions "HTTP/1.1 200 OK"
2026-08-17 22:37:29,661 - INFO - HTTP Request: POST http://localhost:8005/v1/chat/completions "HTTP/1.1 200 OK"
2026-08-17 22:37:35,856 - INFO - HTTP Request: POST http://localhost:8005/v1/chat/completions "HTTP/1.1 200 OK"
2026-08-17 22:37:37,175 - INFO - HTTP Request: POST http://localhost:8005/v1/chat/completions "HTTP/1.1 200 OK"

2026-08-17 22:37:39,796 - INFO - HTTP Request: POST http://localhost:8005/v1/chat/completions "HTTP/1.1 200 OK"
2026-08-17 22:37:46,270 - INFO - HTTP Request: POST http://localhost:8005/v1/chat/completions "HTTP/1.1 200 OK"

2026-08-17 22:37:49,979 - INFO - HTTP Request: POST http://localhost:8005/v1/chat/completions "HTTP/1.1 200 OK"

2026-08-17 22:37:52,815 - INFO - HTTP Request: POST http://localhost:8005/v1/chat/completions "HTTP/1.1 200 OK"

2026-08-17 22:37:56,941 - INFO - HTTP Request: POST http://localhost:8005/v1/chat/completions "HTTP/1.1 200 OK"
2026-08-17 22:38:09,488 - INFO - HTTP Request: POST http://localhost:8005/v1/chat/completions "HTTP/1.1 200 OK"

2026-08-17 22:38:10,141 - INFO - HTTP Request: POST http://localhost:8005/v1/chat/completions "HTTP/1.1 200 OK"
2026-08-17 22:38:14,800 - INFO - HTTP Request: POST http://localhost:8005/v1/chat/completions "HTTP/1.1 200 OK"
2026-08-17 22:38:22,423 - INFO - HTTP Request: POST http://localhost:8005/v1/chat/completions "HTTP/1.1 200 OK"
2026-08-17 22:38:23,396 - INFO - HTTP Request: POST http://localhost:8005/v1/chat/completions "HTTP/1.1 200 OK"

2026-08-17 22:38:27,758 - INFO - HTTP Request: POST http://localhost:8005/v1/chat/completions "HTTP/1.1 200 OK"

2026-08-17 22:38:35,811 - INFO - HTTP Request: POST http://localhost:8005/v1/chat/completions "HTTP/1.1 200 OK"

2026-08-17 22:38:39,069 - INFO - HTTP Request: POST http://localhost:8005/v1/chat/completions "HTTP/1.1 200 OK"
2026-08-17 22:38:43,517 - INFO - HTTP Request: POST http://localhost:8005/v1/chat/completions "HTTP/1.1 200 OK"
2026-08-17 22:38:48,189 - INFO - HTTP Request: POST http://localhost:8005/v1/chat/completions "HTTP/1.1 200 OK"
2026-08-17 22:38:54,521 - INFO - HTTP Request: POST http://localhost:8005/v1/chat/completions "HTTP/1.1 200 OK"

2026-08-17 22:38:56,700 - INFO - HTTP Request: POST http://localhost:8005/v1/chat/completions "HTTP/1.1 200 OK"
2026-08-17 22:38:57,949 - INFO - HTTP Request: POST http://localhost:8005/v1/chat/completions "HTTP/1.1 200 OK"

2026-08-17 22:38:58,384 - INFO - HTTP Request: POST http://localhost:8005/v1/chat/completions "HTTP/1.1 200 OK"

2026-08-17 22:39:09,044 - INFO - HTTP Request: POST http://localhost:8005/v1/chat/completions "HTTP/1.1 200 OK"

2026-08-17 22:39:14,908 - INFO - HTTP Request: POST http://localhost:8005/v1/chat/completions "HTTP/1.1 200 OK"
2026-08-17 22:39:26,976 - INFO - HTTP Request: POST http://localhost:8005/v1/chat/completions "HTTP/1.1 200 OK"
2026-08-17 22:39:27,693 - INFO - HTTP Request: POST http://localhost:8005/v1/chat/completions "HTTP/1.1 200 OK"
2026-08-17 22:39:35,140 - INFO - HTTP Request: POST http://localhost:8005/v1/chat/completions "HTTP/1.1 200 OK"

2026-08-17 22:39:38,625 - INFO - HTTP Request: POST http://localhost:8005/v1/chat/completions "HTTP/1.1 200 OK"

2026-08-17 22:39:39,060 - INFO - HTTP Request: POST http://localhost:8005/v1/chat/completions "HTTP/1.1 200 OK"
2026-08-17 22:39:39,797 - INFO - HTTP Request: POST http://localhost:8005/v1/chat/completions "HTTP/1.1 200 OK"

2026-08-17 22:39:52,925 - INFO - HTTP Request: POST http://localhost:8005/v1/chat/completions "HTTP/1.1 200 OK"

2026-08-17 22:39:59,015 - INFO - HTTP Request: POST http://localhost:8005/v1/chat/completions "HTTP/1.1 200 OK"
2026-08-17 22:40:00,202 - INFO - HTTP Request: POST http://localhost:8005/v1/chat/completions "HTTP/1.1 200 OK"
2026-08-17 22:40:05,221 - INFO - HTTP Request: POST http://localhost:8005/v1/chat/completions "HTTP/1.1 200 OK"
2026-08-17 22:40:10,992 - INFO - HTTP Request: POST http://localhost:8005/v1/chat/completions "HTTP/1.1 200 OK"

2026-08-17 22:40:14,916 - INFO - HTTP Request: POST http://localhost:8005/v1/chat/completions "HTTP/1.1 200 OK"

2026-08-17 22:40:24,494 - INFO - HTTP Request: POST http://localhost:8005/v1/chat/completions "HTTP/1.1 200 OK"

2026-08-17 22:40:26,892 - INFO - HTTP Request: POST http://localhost:8005/v1/chat/completions "HTTP/1.1 200 OK"
2026-08-17 22:40:40,539 - INFO - HTTP Request: POST http://localhost:8005/v1/chat/completions "HTTP/1.1 200 OK"
2026-08-17 22:40:43,473 - INFO - HTTP Request: POST http://localhost:8005/v1/chat/completions "HTTP/1.1 200 OK"

r2_cfg5:  82%|████████▏ | 41/50 [1:03:46<18:52, 125.86s/it]2026-08-17 22:40:44,780 - INFO - HTTP Request: POST http://localhost:8005/v1/chat/completions "HTTP/1.1 200 OK"
2026-08-17 22:40:54,596 - INFO - HTTP Request: POST http://localhost:8005/v1/chat/completions "HTTP/1.1 200 OK"

2026-08-17 22:40:56,124 - INFO - HTTP Request: POST http://localhost:8005/v1/chat/completions "HTTP/1.1 200 OK"

2026-08-17 22:40:58,086 - INFO - HTTP Request: POST http://localhost:8005/v1/chat/completions "HTTP/1.1 200 OK"
2026-08-17 22:41:06,019 - INFO - HTTP Request: POST http://localhost:8005/v1/chat/completions "HTTP/1.1 200 OK"
2026-08-17 22:41:15,489 - INFO - HTTP Request: POST http://localhost:8005/v1/chat/completions "HTTP/1.1 200 OK"

r2_cfg5:  84%|████████▍ | 42/50 [1:04:18<13:01, 97.71s/it] 2026-08-17 22:41:18,753 - INFO - HTTP Request: POST http://localhost:8005/v1/chat/completions "HTTP/1.1 200 OK"

2026-08-17 22:41:26,357 - INFO - HTTP Request: POST http://localhost:8005/v1/chat/completions "HTTP/1.1 200 OK"
2026-08-17 22:41:29,630 - INFO - HTTP Request: POST http://localhost:8005/v1/chat/completions "HTTP/1.1 200 OK"
2026-08-17 22:41:38,130 - INFO - HTTP Request: POST http://localhost:8005/v1/chat/completions "HTTP/1.1 200 OK"
2026-08-17 22:41:41,286 - INFO - HTTP Request: POST http://localhost:8005/v1/chat/completions "HTTP/1.1 200 OK"

r2_cfg5:  86%|████████▌ | 43/50 [1:04:44<08:52, 76.14s/it]2026-08-17 22:41:45,861 - INFO - HTTP Request: POST http://localhost:8005/v1/chat/completions "HTTP/1.1 200 OK"
2026-08-17 22:41:49,071 - INFO - HTTP Request: POST http://localhost:8005/v1/chat/completions "HTTP/1.1 200 OK"

r2_cfg5:  88%|████████▊ | 44/50 [1:04:52<05:33, 55.63s/it]2026-08-17 22:41:54,083 - INFO - HTTP Request: POST http://localhost:8005/v1/chat/completions "HTTP/1.1 200 OK"

2026-08-17 22:41:56,260 - INFO - HTTP Request: POST http://localhost:8005/v1/chat/completions "HTTP/1.1 200 OK"

2026-08-17 22:42:03,641 - INFO - HTTP Request: POST http://localhost:8005/v1/chat/completions "HTTP/1.1 200 OK"
2026-08-17 22:42:11,355 - INFO - HTTP Request: POST http://localhost:8005/v1/chat/completions "HTTP/1.1 200 OK"
2026-08-17 22:42:16,465 - INFO - HTTP Request: POST http://localhost:8005/v1/chat/completions "HTTP/1.1 200 OK"

2026-08-17 22:42:20,817 - INFO - HTTP Request: POST http://localhost:8005/v1/chat/completions "HTTP/1.1 200 OK"
2026-08-17 22:42:21,551 - INFO - HTTP Request: POST http://localhost:8005/v1/chat/completions "HTTP/1.1 200 OK"
2026-08-17 22:42:21,552 - INFO - HTTP Request: POST http://localhost:8005/v1/chat/completions "HTTP/1.1 200 OK"

2026-08-17 22:42:35,711 - INFO - HTTP Request: POST http://localhost:8005/v1/chat/completions "HTTP/1.1 200 OK"

2026-08-17 22:42:38,330 - INFO - HTTP Request: POST http://localhost:8005/v1/chat/completions "HTTP/1.1 200 OK"

2026-08-17 22:42:43,324 - INFO - HTTP Request: POST http://localhost:8005/v1/chat/completions "HTTP/1.1 200 OK"
2026-08-17 22:42:48,482 - INFO - HTTP Request: POST http://localhost:8005/v1/chat/completions "HTTP/1.1 200 OK"
2026-08-17 22:42:56,425 - INFO - HTTP Request: POST http://localhost:8005/v1/chat/completions "HTTP/1.1 200 OK"

2026-08-17 22:43:00,343 - INFO - HTTP Request: POST http://localhost:8005/v1/chat/completions "HTTP/1.1 200 OK"
2026-08-17 22:43:03,712 - INFO - HTTP Request: POST http://localhost:8005/v1/chat/completions "HTTP/1.1 200 OK"
2026-08-17 22:43:05,780 - INFO - HTTP Request: POST http://localhost:8005/v1/chat/completions "HTTP/1.1 200 OK"

2026-08-17 22:43:13,404 - INFO - HTTP Request: POST http://localhost:8005/v1/chat/completions "HTTP/1.1 200 OK"

2026-08-17 22:43:18,416 - INFO - HTTP Request: POST http://localhost:8005/v1/chat/completions "HTTP/1.1 200 OK"

2026-08-17 22:43:21,462 - INFO - HTTP Request: POST http://localhost:8005/v1/chat/completions "HTTP/1.1 200 OK"
2026-08-17 22:43:29,398 - INFO - HTTP Request: POST http://localhost:8005/v1/chat/completions "HTTP/1.1 200 OK"
2026-08-17 22:43:33,973 - INFO - HTTP Request: POST http://localhost:8005/v1/chat/completions "HTTP/1.1 200 OK"
2026-08-17 22:43:36,531 - INFO - HTTP Request: POST http://localhost:8005/v1/chat/completions "HTTP/1.1 200 OK"

2026-08-17 22:43:40,463 - INFO - HTTP Request: POST http://localhost:8005/v1/chat/completions "HTTP/1.1 200 OK"

2026-08-17 22:43:43,516 - INFO - HTTP Request: POST http://localhost:8005/v1/chat/completions "HTTP/1.1 200 OK"
2026-08-17 22:43:44,493 - INFO - HTTP Request: POST http://localhost:8005/v1/chat/completions "HTTP/1.1 200 OK"

2026-08-17 22:43:56,670 - INFO - HTTP Request: POST http://localhost:8005/v1/chat/completions "HTTP/1.1 200 OK"

2026-08-17 22:44:00,370 - INFO - HTTP Request: POST http://localhost:8005/v1/chat/completions "HTTP/1.1 200 OK"
2026-08-17 22:44:05,044 - INFO - HTTP Request: POST http://localhost:8005/v1/chat/completions "HTTP/1.1 200 OK"
2026-08-17 22:44:13,210 - INFO - HTTP Request: POST http://localhost:8005/v1/chat/completions "HTTP/1.1 200 OK"

2026-08-17 22:44:13,873 - INFO - HTTP Request: POST http://localhost:8005/v1/chat/completions "HTTP/1.1 200 OK"
2026-08-17 22:44:17,465 - INFO - HTTP Request: POST http://localhost:8005/v1/chat/completions "HTTP/1.1 200 OK"

2026-08-17 22:44:17,466 - INFO - HTTP Request: POST http://localhost:8005/v1/chat/completions "HTTP/1.1 200 OK"
2026-08-17 22:44:27,862 - INFO - HTTP Request: POST http://localhost:8005/v1/chat/completions "HTTP/1.1 200 OK"

2026-08-17 22:44:30,696 - INFO - HTTP Request: POST http://localhost:8005/v1/chat/completions "HTTP/1.1 200 OK"

2026-08-17 22:44:33,305 - INFO - HTTP Request: POST http://localhost:8005/v1/chat/completions "HTTP/1.1 200 OK"
2026-08-17 22:44:38,031 - INFO - HTTP Request: POST http://localhost:8005/v1/chat/completions "HTTP/1.1 200 OK"
2026-08-17 22:44:46,641 - INFO - HTTP Request: POST http://localhost:8005/v1/chat/completions "HTTP/1.1 200 OK"

2026-08-17 22:44:47,076 - INFO - HTTP Request: POST http://localhost:8005/v1/chat/completions "HTTP/1.1 200 OK"

2026-08-17 22:44:48,601 - INFO - HTTP Request: POST http://localhost:8005/v1/chat/completions "HTTP/1.1 200 OK"
2026-08-17 22:45:00,510 - INFO - HTTP Request: POST http://localhost:8005/v1/chat/completions "HTTP/1.1 200 OK"
2026-08-17 22:45:02,579 - INFO - HTTP Request: POST http://localhost:8005/v1/chat/completions "HTTP/1.1 200 OK"

2026-08-17 22:45:15,635 - INFO - HTTP Request: POST http://localhost:8005/v1/chat/completions "HTTP/1.1 200 OK"

2026-08-17 22:45:16,070 - INFO - HTTP Request: POST http://localhost:8005/v1/chat/completions "HTTP/1.1 200 OK"
2026-08-17 22:45:16,793 - INFO - HTTP Request: POST http://localhost:8005/v1/chat/completions "HTTP/1.1 200 OK"
2026-08-17 22:45:31,319 - INFO - HTTP Request: POST http://localhost:8005/v1/chat/completions "HTTP/1.1 200 OK"

2026-08-17 22:45:32,194 - INFO - HTTP Request: POST http://localhost:8005/v1/chat/completions "HTTP/1.1 200 OK"

2026-08-17 22:45:32,411 - INFO - HTTP Request: POST http://localhost:8005/v1/chat/completions "HTTP/1.1 200 OK"
2026-08-17 22:45:36,710 - INFO - HTTP Request: POST http://localhost:8005/v1/chat/completions "HTTP/1.1 200 OK"
2026-08-17 22:45:47,720 - INFO - HTTP Request: POST http://localhost:8005/v1/chat/completions "HTTP/1.1 200 OK"

2026-08-17 22:45:51,647 - INFO - HTTP Request: POST http://localhost:8005/v1/chat/completions "HTTP/1.1 200 OK"

2026-08-17 22:45:52,082 - INFO - HTTP Request: POST http://localhost:8005/v1/chat/completions "HTTP/1.1 200 OK"
2026-08-17 22:45:53,283 - INFO - HTTP Request: POST http://localhost:8005/v1/chat/completions "HTTP/1.1 200 OK"
2026-08-17 22:46:04,077 - INFO - HTTP Request: POST http://localhost:8005/v1/chat/completions "HTTP/1.1 200 OK"

2026-08-17 22:46:06,910 - INFO - HTTP Request: POST http://localhost:8005/v1/chat/completions "HTTP/1.1 200 OK"

2026-08-17 22:46:21,481 - INFO - HTTP Request: POST http://localhost:8005/v1/chat/completions "HTTP/1.1 200 OK"
2026-08-17 22:46:21,482 - INFO - HTTP Request: POST http://localhost:8005/v1/chat/completions "HTTP/1.1 200 OK"
2026-08-17 22:46:30,679 - INFO - HTTP Request: POST http://localhost:8005/v1/chat/completions "HTTP/1.1 200 OK"

r2_cfg5:  90%|█████████ | 45/50 [1:09:33<10:17, 123.42s/it]2026-08-17 22:46:33,949 - INFO - HTTP Request: POST http://localhost:8005/v1/chat/completions "HTTP/1.1 200 OK"
2026-08-17 22:46:37,111 - INFO - HTTP Request: POST http://localhost:8005/v1/chat/completions "HTTP/1.1 200 OK"
2026-08-17 22:46:40,930 - INFO - HTTP Request: POST http://localhost:8005/v1/chat/completions "HTTP/1.1 200 OK"

2026-08-17 22:46:45,736 - INFO - HTTP Request: POST http://localhost:8005/v1/chat/completions "HTTP/1.1 200 OK"

2026-08-17 22:46:53,367 - INFO - HTTP Request: POST http://localhost:8005/v1/chat/completions "HTTP/1.1 200 OK"
2026-08-17 22:47:02,412 - INFO - HTTP Request: POST http://localhost:8005/v1/chat/completions "HTTP/1.1 200 OK"

2026-08-17 22:47:03,076 - INFO - HTTP Request: POST http://localhost:8005/v1/chat/completions "HTTP/1.1 200 OK"

2026-08-17 22:47:13,945 - INFO - HTTP Request: POST http://localhost:8005/v1/chat/completions "HTTP/1.1 200 OK"
2026-08-17 22:47:18,845 - INFO - HTTP Request: POST http://localhost:8005/v1/chat/completions "HTTP/1.1 200 OK"
2026-08-17 22:47:29,426 - INFO - HTTP Request: POST http://localhost:8005/v1/chat/completions "HTTP/1.1 200 OK"

r2_cfg5:  92%|█████████▏| 46/50 [1:10:32<06:56, 104.02s/it]2026-08-17 22:47:29,861 - INFO - HTTP Request: POST http://localhost:8005/v1/chat/completions "HTTP/1.1 200 OK"
2026-08-17 22:47:30,900 - INFO - HTTP Request: POST http://localhost:8005/v1/chat/completions "HTTP/1.1 200 OK"

r2_cfg5:  94%|█████████▍| 47/50 [1:10:33<03:39, 73.26s/it] 2026-08-17 22:47:35,906 - INFO - HTTP Request: POST http://localhost:8005/v1/chat/completions "HTTP/1.1 200 OK"
2026-08-17 22:47:41,681 - INFO - HTTP Request: POST http://localhost:8005/v1/chat/completions "HTTP/1.1 200 OK"

2026-08-17 22:47:50,383 - INFO - HTTP Request: POST http://localhost:8005/v1/chat/completions "HTTP/1.1 200 OK"

r2_cfg5:  96%|█████████▌| 48/50 [1:10:53<01:54, 57.12s/it]2026-08-17 22:47:52,118 - INFO - HTTP Request: POST http://localhost:8005/v1/chat/completions "HTTP/1.1 200 OK"
2026-08-17 22:48:05,738 - INFO - HTTP Request: POST http://localhost:8005/v1/chat/completions "HTTP/1.1 200 OK"

2026-08-17 22:48:05,992 - INFO - HTTP Request: POST http://localhost:8005/v1/chat/completions "HTTP/1.1 200 OK"
2026-08-17 22:48:15,321 - INFO - HTTP Request: POST http://localhost:8005/v1/chat/completions "HTTP/1.1 200 OK"

2026-08-17 22:48:31,619 - INFO - HTTP Request: POST http://localhost:8005/v1/chat/completions "HTTP/1.1 200 OK"
2026-08-17 22:48:39,425 - INFO - HTTP Request: POST http://localhost:8005/v1/chat/completions "HTTP/1.1 200 OK"
2026-08-17 22:48:42,397 - INFO - HTTP Request: POST http://localhost:8005/v1/chat/completions "HTTP/1.1 200 OK"

2026-08-17 22:48:51,562 - INFO - HTTP Request: POST http://localhost:8005/v1/chat/completions "HTTP/1.1 200 OK"

2026-08-17 22:49:06,348 - INFO - HTTP Request: POST http://localhost:8005/v1/chat/completions "HTTP/1.1 200 OK"
2026-08-17 22:49:11,278 - INFO - HTTP Request: POST http://localhost:8005/v1/chat/completions "HTTP/1.1 200 OK"
2026-08-17 22:49:19,743 - INFO - HTTP Request: POST http://localhost:8005/v1/chat/completions "HTTP/1.1 200 OK"

2026-08-17 22:49:22,173 - INFO - HTTP Request: POST http://localhost:8005/v1/chat/completions "HTTP/1.1 200 OK"

2026-08-17 22:49:42,805 - INFO - HTTP Request: POST http://localhost:8005/v1/chat/completions "HTTP/1.1 200 OK"
2026-08-17 22:49:50,770 - INFO - HTTP Request: POST http://localhost:8005/v1/chat/completions "HTTP/1.1 200 OK"
2026-08-17 22:49:55,480 - INFO - HTTP Request: POST http://localhost:8005/v1/chat/completions "HTTP/1.1 200 OK"

2026-08-17 22:50:02,914 - INFO - HTTP Request: POST http://localhost:8005/v1/chat/completions "HTTP/1.1 200 OK"

2026-08-17 22:50:14,876 - INFO - HTTP Request: POST http://localhost:8005/v1/chat/completions "HTTP/1.1 200 OK"
2026-08-17 22:50:22,846 - INFO - HTTP Request: POST http://localhost:8005/v1/chat/completions "HTTP/1.1 200 OK"
2026-08-17 22:50:25,877 - INFO - HTTP Request: POST http://localhost:8005/v1/chat/completions "HTTP/1.1 200 OK"

2026-08-17 22:50:31,130 - INFO - HTTP Request: POST http://localhost:8005/v1/chat/completions "HTTP/1.1 200 OK"

2026-08-17 22:50:54,157 - INFO - HTTP Request: POST http://localhost:8005/v1/chat/completions "HTTP/1.1 200 OK"
2026-08-17 22:51:00,173 - INFO - HTTP Request: POST http://localhost:8005/v1/chat/completions "HTTP/1.1 200 OK"
2026-08-17 22:51:05,171 - INFO - HTTP Request: POST http://localhost:8005/v1/chat/completions "HTTP/1.1 200 OK"

2026-08-17 22:51:09,122 - INFO - HTTP Request: POST http://localhost:8005/v1/chat/completions "HTTP/1.1 200 OK"

2026-08-17 22:51:24,771 - INFO - HTTP Request: POST http://localhost:8005/v1/chat/completions "HTTP/1.1 200 OK"
2026-08-17 22:51:41,711 - INFO - HTTP Request: POST http://localhost:8005/v1/chat/completions "HTTP/1.1 200 OK"
2026-08-17 22:51:42,572 - INFO - HTTP Request: POST http://localhost:8005/v1/chat/completions "HTTP/1.1 200 OK"

2026-08-17 22:51:51,522 - INFO - HTTP Request: POST http://localhost:8005/v1/chat/completions "HTTP/1.1 200 OK"

r2_cfg5:  98%|█████████▊| 49/50 [1:14:54<01:52, 112.33s/it]2026-08-17 22:51:55,291 - INFO - HTTP Request: POST http://localhost:8005/v1/chat/completions "HTTP/1.1 200 OK"
2026-08-17 22:51:57,776 - INFO - HTTP Request: POST http://localhost:8005/v1/chat/completions "HTTP/1.1 200 OK"

2026-08-17 22:52:03,840 - INFO - HTTP Request: POST http://localhost:8005/v1/chat/completions "HTTP/1.1 200 OK"
2026-08-17 22:52:06,677 - INFO - HTTP Request: POST http://localhost:8005/v1/chat/completions "HTTP/1.1 200 OK"

r2_cfg5: 100%|██████████| 50/50 [1:15:09<00:00, 83.18s/it] r2_cfg5: 100%|██████████| 50/50 [1:15:09<00:00, 90.20s/it]
  done in 4509.9s (valid 50/50, invalid {})

Scored 1 model/s.
Report:  /LAB/Swiss-Knife/tribunal/bayes_search_honesty/eval_results/round2/r2_cfg5/report/index.html
Tables:  /LAB/Swiss-Knife/tribunal/bayes_search_honesty/eval_results/round2/r2_cfg5/model_summary.csv, /LAB/Swiss-Knife/tribunal/bayes_search_honesty/eval_results/round2/r2_cfg5/summary.csv
