2026-08-17 12:01:59,631 - INFO - Judge client pointed at http://localhost:8000/v1
2026-08-17 12:02:02,980 - INFO - Loading Detoxify model (CPU)
2026-08-17 12:02:06,727 - INFO - HTTP Request: HEAD https://huggingface.co/bert-base-uncased/resolve/main/config.json "HTTP/1.1 200 OK"
Warning: You are sending unauthenticated requests to the HF Hub. Please set a HF_TOKEN to enable higher rate limits and faster downloads.
2026-08-17 12:02:06,728 - WARNING - Warning: You are sending unauthenticated requests to the HF Hub. Please set a HF_TOKEN to enable higher rate limits and faster downloads.
input:  /LAB/Swiss-Knife/tribunal/bayes_search_honesty/eval_results/round0/r0_cfg24/_tribunal_input_tmp (1 model file/s)
output: /LAB/Swiss-Knife/tribunal/bayes_search_honesty/eval_results/round0/r0_cfg24
judge:  Qwen/Qwen2.5-32B-Instruct @ http://localhost:8000/v1
detoxify cross-check: True
Loading weights:   0%|          | 0/201 [00:00<?, ?it/s]Loading weights: 100%|██████████| 201/201 [00:00<00:00, 32160.49it/s]
2026-08-17 12:02:07,070 - INFO - HTTP Request: HEAD https://huggingface.co/bert-base-uncased/resolve/main/tokenizer_config.json "HTTP/1.1 200 OK"
2026-08-17 12:02:07,284 - INFO - HTTP Request: GET https://huggingface.co/api/models/bert-base-uncased/tree/main/additional_chat_templates?recursive=false&expand=false "HTTP/1.1 307 Temporary Redirect"
2026-08-17 12:02:07,524 - INFO - HTTP Request: GET https://huggingface.co/api/models/google-bert/bert-base-uncased/tree/main/additional_chat_templates?recursive=false&expand=false "HTTP/1.1 404 Not Found"
2026-08-17 12:02:07,738 - INFO - HTTP Request: GET https://huggingface.co/api/models/bert-base-uncased/tree/main?recursive=true&expand=false "HTTP/1.1 307 Temporary Redirect"
2026-08-17 12:02:07,966 - INFO - HTTP Request: GET https://huggingface.co/api/models/google-bert/bert-base-uncased/tree/main?recursive=true&expand=false "HTTP/1.1 200 OK"

[1/1] r0_cfg24
  scoring 50 records (0 skipped or cached) [workers=4]
r0_cfg24:   0%|          | 0/50 [00:00<?, ?it/s]2026-08-17 12:02:29,960 - INFO - HTTP Request: POST http://localhost:8000/v1/chat/completions "HTTP/1.1 200 OK"
2026-08-17 12:02:30,177 - INFO - HTTP Request: POST http://localhost:8000/v1/chat/completions "HTTP/1.1 200 OK"
2026-08-17 12:02:30,178 - INFO - HTTP Request: POST http://localhost:8000/v1/chat/completions "HTTP/1.1 200 OK"
2026-08-17 12:02:30,764 - INFO - HTTP Request: POST http://localhost:8000/v1/chat/completions "HTTP/1.1 200 OK"
2026-08-17 12:02:43,946 - INFO - HTTP Request: POST http://localhost:8000/v1/chat/completions "HTTP/1.1 200 OK"

2026-08-17 12:02:44,888 - INFO - HTTP Request: POST http://localhost:8000/v1/chat/completions "HTTP/1.1 200 OK"

2026-08-17 12:02:45,106 - INFO - HTTP Request: POST http://localhost:8000/v1/chat/completions "HTTP/1.1 200 OK"

2026-08-17 12:02:47,282 - INFO - HTTP Request: POST http://localhost:8000/v1/chat/completions "HTTP/1.1 200 OK"

2026-08-17 12:03:10,068 - INFO - HTTP Request: POST http://localhost:8000/v1/chat/completions "HTTP/1.1 200 OK"
2026-08-17 12:03:11,460 - INFO - HTTP Request: POST http://localhost:8000/v1/chat/completions "HTTP/1.1 200 OK"
2026-08-17 12:03:11,461 - INFO - HTTP Request: POST http://localhost:8000/v1/chat/completions "HTTP/1.1 200 OK"
2026-08-17 12:03:14,682 - INFO - HTTP Request: POST http://localhost:8000/v1/chat/completions "HTTP/1.1 200 OK"
2026-08-17 12:03:21,330 - INFO - HTTP Request: POST http://localhost:8000/v1/chat/completions "HTTP/1.1 200 OK"

2026-08-17 12:03:23,782 - INFO - HTTP Request: POST http://localhost:8000/v1/chat/completions "HTTP/1.1 200 OK"

2026-08-17 12:03:26,618 - INFO - HTTP Request: POST http://localhost:8000/v1/chat/completions "HTTP/1.1 200 OK"

2026-08-17 12:03:27,269 - INFO - HTTP Request: POST http://localhost:8000/v1/chat/completions "HTTP/1.1 200 OK"

2026-08-17 12:03:45,738 - INFO - HTTP Request: POST http://localhost:8000/v1/chat/completions "HTTP/1.1 200 OK"
2026-08-17 12:03:48,585 - INFO - HTTP Request: POST http://localhost:8000/v1/chat/completions "HTTP/1.1 200 OK"
2026-08-17 12:03:51,800 - INFO - HTTP Request: POST http://localhost:8000/v1/chat/completions "HTTP/1.1 200 OK"
2026-08-17 12:03:52,780 - INFO - HTTP Request: POST http://localhost:8000/v1/chat/completions "HTTP/1.1 200 OK"
2026-08-17 12:03:57,908 - INFO - HTTP Request: POST http://localhost:8000/v1/chat/completions "HTTP/1.1 200 OK"

2026-08-17 12:04:04,507 - INFO - HTTP Request: POST http://localhost:8000/v1/chat/completions "HTTP/1.1 200 OK"

2026-08-17 12:04:05,389 - INFO - HTTP Request: POST http://localhost:8000/v1/chat/completions "HTTP/1.1 200 OK"

2026-08-17 12:04:08,662 - INFO - HTTP Request: POST http://localhost:8000/v1/chat/completions "HTTP/1.1 200 OK"

2026-08-17 12:04:21,486 - INFO - HTTP Request: POST http://localhost:8000/v1/chat/completions "HTTP/1.1 200 OK"
2026-08-17 12:04:28,896 - INFO - HTTP Request: POST http://localhost:8000/v1/chat/completions "HTTP/1.1 200 OK"
2026-08-17 12:04:30,213 - INFO - HTTP Request: POST http://localhost:8000/v1/chat/completions "HTTP/1.1 200 OK"
2026-08-17 12:04:34,027 - INFO - HTTP Request: POST http://localhost:8000/v1/chat/completions "HTTP/1.1 200 OK"
2026-08-17 12:04:35,504 - INFO - HTTP Request: POST http://localhost:8000/v1/chat/completions "HTTP/1.1 200 OK"

2026-08-17 12:04:42,323 - INFO - HTTP Request: POST http://localhost:8000/v1/chat/completions "HTTP/1.1 200 OK"

2026-08-17 12:04:43,422 - INFO - HTTP Request: POST http://localhost:8000/v1/chat/completions "HTTP/1.1 200 OK"

2026-08-17 12:04:46,258 - INFO - HTTP Request: POST http://localhost:8000/v1/chat/completions "HTTP/1.1 200 OK"

2026-08-17 12:04:55,385 - INFO - HTTP Request: POST http://localhost:8000/v1/chat/completions "HTTP/1.1 200 OK"
2026-08-17 12:05:02,579 - INFO - HTTP Request: POST http://localhost:8000/v1/chat/completions "HTTP/1.1 200 OK"
2026-08-17 12:05:04,047 - INFO - HTTP Request: POST http://localhost:8000/v1/chat/completions "HTTP/1.1 200 OK"
2026-08-17 12:05:07,207 - INFO - HTTP Request: POST http://localhost:8000/v1/chat/completions "HTTP/1.1 200 OK"
2026-08-17 12:05:08,188 - INFO - HTTP Request: POST http://localhost:8000/v1/chat/completions "HTTP/1.1 200 OK"

2026-08-17 12:05:13,926 - INFO - HTTP Request: POST http://localhost:8000/v1/chat/completions "HTTP/1.1 200 OK"

2026-08-17 12:05:16,107 - INFO - HTTP Request: POST http://localhost:8000/v1/chat/completions "HTTP/1.1 200 OK"

2026-08-17 12:05:20,243 - INFO - HTTP Request: POST http://localhost:8000/v1/chat/completions "HTTP/1.1 200 OK"

2026-08-17 12:05:36,974 - INFO - HTTP Request: POST http://localhost:8000/v1/chat/completions "HTTP/1.1 200 OK"
2026-08-17 12:05:43,087 - INFO - HTTP Request: POST http://localhost:8000/v1/chat/completions "HTTP/1.1 200 OK"
2026-08-17 12:05:45,591 - INFO - HTTP Request: POST http://localhost:8000/v1/chat/completions "HTTP/1.1 200 OK"
2026-08-17 12:05:50,059 - INFO - HTTP Request: POST http://localhost:8000/v1/chat/completions "HTTP/1.1 200 OK"
2026-08-17 12:05:52,561 - INFO - HTTP Request: POST http://localhost:8000/v1/chat/completions "HTTP/1.1 200 OK"

2026-08-17 12:05:55,256 - INFO - HTTP Request: POST http://localhost:8000/v1/chat/completions "HTTP/1.1 200 OK"

2026-08-17 12:06:01,578 - INFO - HTTP Request: POST http://localhost:8000/v1/chat/completions "HTTP/1.1 200 OK"

2026-08-17 12:06:03,975 - INFO - HTTP Request: POST http://localhost:8000/v1/chat/completions "HTTP/1.1 200 OK"

2026-08-17 12:06:12,667 - INFO - HTTP Request: POST http://localhost:8000/v1/chat/completions "HTTP/1.1 200 OK"
2026-08-17 12:06:15,811 - INFO - HTTP Request: POST http://localhost:8000/v1/chat/completions "HTTP/1.1 200 OK"
2026-08-17 12:06:22,512 - INFO - HTTP Request: POST http://localhost:8000/v1/chat/completions "HTTP/1.1 200 OK"
2026-08-17 12:06:25,240 - INFO - HTTP Request: POST http://localhost:8000/v1/chat/completions "HTTP/1.1 200 OK"
2026-08-17 12:06:29,929 - INFO - HTTP Request: POST http://localhost:8000/v1/chat/completions "HTTP/1.1 200 OK"

2026-08-17 12:06:31,821 - INFO - HTTP Request: POST http://localhost:8000/v1/chat/completions "HTTP/1.1 200 OK"

2026-08-17 12:06:36,619 - INFO - HTTP Request: POST http://localhost:8000/v1/chat/completions "HTTP/1.1 200 OK"

2026-08-17 12:06:40,757 - INFO - HTTP Request: POST http://localhost:8000/v1/chat/completions "HTTP/1.1 200 OK"

2026-08-17 12:06:59,235 - INFO - HTTP Request: POST http://localhost:8000/v1/chat/completions "HTTP/1.1 200 OK"
2026-08-17 12:07:01,516 - INFO - HTTP Request: POST http://localhost:8000/v1/chat/completions "HTTP/1.1 200 OK"
2026-08-17 12:07:06,695 - INFO - HTTP Request: POST http://localhost:8000/v1/chat/completions "HTTP/1.1 200 OK"
2026-08-17 12:07:11,168 - INFO - HTTP Request: POST http://localhost:8000/v1/chat/completions "HTTP/1.1 200 OK"
2026-08-17 12:07:16,516 - INFO - HTTP Request: POST http://localhost:8000/v1/chat/completions "HTTP/1.1 200 OK"

2026-08-17 12:07:16,735 - INFO - HTTP Request: POST http://localhost:8000/v1/chat/completions "HTTP/1.1 200 OK"

2026-08-17 12:07:18,351 - INFO - HTTP Request: POST http://localhost:8000/v1/chat/completions "HTTP/1.1 200 OK"

2026-08-17 12:07:24,456 - INFO - HTTP Request: POST http://localhost:8000/v1/chat/completions "HTTP/1.1 200 OK"

2026-08-17 12:07:49,240 - INFO - HTTP Request: POST http://localhost:8000/v1/chat/completions "HTTP/1.1 200 OK"
2026-08-17 12:07:50,029 - INFO - HTTP Request: POST http://localhost:8000/v1/chat/completions "HTTP/1.1 200 OK"
2026-08-17 12:07:52,045 - INFO - HTTP Request: POST http://localhost:8000/v1/chat/completions "HTTP/1.1 200 OK"
2026-08-17 12:07:58,467 - INFO - HTTP Request: POST http://localhost:8000/v1/chat/completions "HTTP/1.1 200 OK"
2026-08-17 12:08:00,320 - INFO - HTTP Request: POST http://localhost:8000/v1/chat/completions "HTTP/1.1 200 OK"

r0_cfg24:   2%|▏         | 1/50 [05:52<4:47:41, 352.28s/it]2026-08-17 12:08:03,161 - INFO - HTTP Request: POST http://localhost:8000/v1/chat/completions "HTTP/1.1 200 OK"

r0_cfg24:   4%|▍         | 2/50 [05:55<1:57:22, 146.73s/it]2026-08-17 12:08:06,436 - INFO - HTTP Request: POST http://localhost:8000/v1/chat/completions "HTTP/1.1 200 OK"

r0_cfg24:   6%|▌         | 3/50 [05:58<1:03:37, 81.22s/it] 2026-08-17 12:08:16,442 - INFO - HTTP Request: POST http://localhost:8000/v1/chat/completions "HTTP/1.1 200 OK"

r0_cfg24:   8%|▊         | 4/50 [06:08<40:42, 53.11s/it]  2026-08-17 12:08:22,090 - INFO - HTTP Request: POST http://localhost:8000/v1/chat/completions "HTTP/1.1 200 OK"
2026-08-17 12:08:25,733 - INFO - HTTP Request: POST http://localhost:8000/v1/chat/completions "HTTP/1.1 200 OK"
2026-08-17 12:08:28,866 - INFO - HTTP Request: POST http://localhost:8000/v1/chat/completions "HTTP/1.1 200 OK"
2026-08-17 12:08:35,785 - INFO - HTTP Request: POST http://localhost:8000/v1/chat/completions "HTTP/1.1 200 OK"

2026-08-17 12:08:39,712 - INFO - HTTP Request: POST http://localhost:8000/v1/chat/completions "HTTP/1.1 200 OK"
2026-08-17 12:08:41,341 - INFO - HTTP Request: POST http://localhost:8000/v1/chat/completions "HTTP/1.1 200 OK"

2026-08-17 12:08:44,178 - INFO - HTTP Request: POST http://localhost:8000/v1/chat/completions "HTTP/1.1 200 OK"

2026-08-17 12:08:49,403 - INFO - HTTP Request: POST http://localhost:8000/v1/chat/completions "HTTP/1.1 200 OK"

2026-08-17 12:09:02,228 - INFO - HTTP Request: POST http://localhost:8000/v1/chat/completions "HTTP/1.1 200 OK"
2026-08-17 12:09:07,832 - INFO - HTTP Request: POST http://localhost:8000/v1/chat/completions "HTTP/1.1 200 OK"
2026-08-17 12:09:10,969 - INFO - HTTP Request: POST http://localhost:8000/v1/chat/completions "HTTP/1.1 200 OK"
2026-08-17 12:09:16,587 - INFO - HTTP Request: POST http://localhost:8000/v1/chat/completions "HTTP/1.1 200 OK"
2026-08-17 12:09:17,329 - INFO - HTTP Request: POST http://localhost:8000/v1/chat/completions "HTTP/1.1 200 OK"

2026-08-17 12:09:24,330 - INFO - HTTP Request: POST http://localhost:8000/v1/chat/completions "HTTP/1.1 200 OK"

2026-08-17 12:09:24,988 - INFO - HTTP Request: POST http://localhost:8000/v1/chat/completions "HTTP/1.1 200 OK"

2026-08-17 12:09:27,600 - INFO - HTTP Request: POST http://localhost:8000/v1/chat/completions "HTTP/1.1 200 OK"

2026-08-17 12:09:40,636 - INFO - HTTP Request: POST http://localhost:8000/v1/chat/completions "HTTP/1.1 200 OK"
2026-08-17 12:09:48,043 - INFO - HTTP Request: POST http://localhost:8000/v1/chat/completions "HTTP/1.1 200 OK"
2026-08-17 12:09:50,167 - INFO - HTTP Request: POST http://localhost:8000/v1/chat/completions "HTTP/1.1 200 OK"
2026-08-17 12:09:53,090 - INFO - HTTP Request: POST http://localhost:8000/v1/chat/completions "HTTP/1.1 200 OK"
2026-08-17 12:09:55,375 - INFO - HTTP Request: POST http://localhost:8000/v1/chat/completions "HTTP/1.1 200 OK"

2026-08-17 12:09:59,530 - INFO - HTTP Request: POST http://localhost:8000/v1/chat/completions "HTTP/1.1 200 OK"

2026-08-17 12:10:01,718 - INFO - HTTP Request: POST http://localhost:8000/v1/chat/completions "HTTP/1.1 200 OK"

2026-08-17 12:10:05,423 - INFO - HTTP Request: POST http://localhost:8000/v1/chat/completions "HTTP/1.1 200 OK"

2026-08-17 12:10:19,339 - INFO - HTTP Request: POST http://localhost:8000/v1/chat/completions "HTTP/1.1 200 OK"
2026-08-17 12:10:23,854 - INFO - HTTP Request: POST http://localhost:8000/v1/chat/completions "HTTP/1.1 200 OK"
2026-08-17 12:10:25,927 - INFO - HTTP Request: POST http://localhost:8000/v1/chat/completions "HTTP/1.1 200 OK"
2026-08-17 12:10:30,527 - INFO - HTTP Request: POST http://localhost:8000/v1/chat/completions "HTTP/1.1 200 OK"
2026-08-17 12:10:32,815 - INFO - HTTP Request: POST http://localhost:8000/v1/chat/completions "HTTP/1.1 200 OK"

2026-08-17 12:10:37,627 - INFO - HTTP Request: POST http://localhost:8000/v1/chat/completions "HTTP/1.1 200 OK"

2026-08-17 12:10:38,945 - INFO - HTTP Request: POST http://localhost:8000/v1/chat/completions "HTTP/1.1 200 OK"

2026-08-17 12:10:44,389 - INFO - HTTP Request: POST http://localhost:8000/v1/chat/completions "HTTP/1.1 200 OK"

2026-08-17 12:10:52,650 - INFO - HTTP Request: POST http://localhost:8000/v1/chat/completions "HTTP/1.1 200 OK"
2026-08-17 12:10:57,381 - INFO - HTTP Request: POST http://localhost:8000/v1/chat/completions "HTTP/1.1 200 OK"
2026-08-17 12:10:59,568 - INFO - HTTP Request: POST http://localhost:8000/v1/chat/completions "HTTP/1.1 200 OK"
2026-08-17 12:11:05,326 - INFO - HTTP Request: POST http://localhost:8000/v1/chat/completions "HTTP/1.1 200 OK"
2026-08-17 12:11:08,048 - INFO - HTTP Request: POST http://localhost:8000/v1/chat/completions "HTTP/1.1 200 OK"

2026-08-17 12:11:08,484 - INFO - HTTP Request: POST http://localhost:8000/v1/chat/completions "HTTP/1.1 200 OK"

2026-08-17 12:11:10,451 - INFO - HTTP Request: POST http://localhost:8000/v1/chat/completions "HTTP/1.1 200 OK"

2026-08-17 12:11:16,984 - INFO - HTTP Request: POST http://localhost:8000/v1/chat/completions "HTTP/1.1 200 OK"

2026-08-17 12:11:36,753 - INFO - HTTP Request: POST http://localhost:8000/v1/chat/completions "HTTP/1.1 200 OK"
2026-08-17 12:11:37,475 - INFO - HTTP Request: POST http://localhost:8000/v1/chat/completions "HTTP/1.1 200 OK"
2026-08-17 12:11:39,854 - INFO - HTTP Request: POST http://localhost:8000/v1/chat/completions "HTTP/1.1 200 OK"
2026-08-17 12:11:46,627 - INFO - HTTP Request: POST http://localhost:8000/v1/chat/completions "HTTP/1.1 200 OK"
2026-08-17 12:11:48,909 - INFO - HTTP Request: POST http://localhost:8000/v1/chat/completions "HTTP/1.1 200 OK"

2026-08-17 12:11:52,838 - INFO - HTTP Request: POST http://localhost:8000/v1/chat/completions "HTTP/1.1 200 OK"

2026-08-17 12:11:53,931 - INFO - HTTP Request: POST http://localhost:8000/v1/chat/completions "HTTP/1.1 200 OK"

2026-08-17 12:12:00,892 - INFO - HTTP Request: POST http://localhost:8000/v1/chat/completions "HTTP/1.1 200 OK"

2026-08-17 12:12:08,930 - INFO - HTTP Request: POST http://localhost:8000/v1/chat/completions "HTTP/1.1 200 OK"
2026-08-17 12:12:13,225 - INFO - HTTP Request: POST http://localhost:8000/v1/chat/completions "HTTP/1.1 200 OK"
2026-08-17 12:12:14,695 - INFO - HTTP Request: POST http://localhost:8000/v1/chat/completions "HTTP/1.1 200 OK"
2026-08-17 12:12:21,981 - INFO - HTTP Request: POST http://localhost:8000/v1/chat/completions "HTTP/1.1 200 OK"
2026-08-17 12:12:26,887 - INFO - HTTP Request: POST http://localhost:8000/v1/chat/completions "HTTP/1.1 200 OK"

2026-08-17 12:12:29,508 - INFO - HTTP Request: POST http://localhost:8000/v1/chat/completions "HTTP/1.1 200 OK"

2026-08-17 12:12:31,691 - INFO - HTTP Request: POST http://localhost:8000/v1/chat/completions "HTTP/1.1 200 OK"

2026-08-17 12:12:35,611 - INFO - HTTP Request: POST http://localhost:8000/v1/chat/completions "HTTP/1.1 200 OK"

2026-08-17 12:12:56,044 - INFO - HTTP Request: POST http://localhost:8000/v1/chat/completions "HTTP/1.1 200 OK"
2026-08-17 12:12:58,952 - INFO - HTTP Request: POST http://localhost:8000/v1/chat/completions "HTTP/1.1 200 OK"
2026-08-17 12:13:01,508 - INFO - HTTP Request: POST http://localhost:8000/v1/chat/completions "HTTP/1.1 200 OK"
2026-08-17 12:13:05,815 - INFO - HTTP Request: POST http://localhost:8000/v1/chat/completions "HTTP/1.1 200 OK"
2026-08-17 12:13:05,816 - INFO - HTTP Request: POST http://localhost:8000/v1/chat/completions "HTTP/1.1 200 OK"

2026-08-17 12:13:12,681 - INFO - HTTP Request: POST http://localhost:8000/v1/chat/completions "HTTP/1.1 200 OK"

2026-08-17 12:13:15,742 - INFO - HTTP Request: POST http://localhost:8000/v1/chat/completions "HTTP/1.1 200 OK"

2026-08-17 12:13:20,538 - INFO - HTTP Request: POST http://localhost:8000/v1/chat/completions "HTTP/1.1 200 OK"

2026-08-17 12:13:39,229 - INFO - HTTP Request: POST http://localhost:8000/v1/chat/completions "HTTP/1.1 200 OK"
2026-08-17 12:13:46,062 - INFO - HTTP Request: POST http://localhost:8000/v1/chat/completions "HTTP/1.1 200 OK"
2026-08-17 12:13:48,835 - INFO - HTTP Request: POST http://localhost:8000/v1/chat/completions "HTTP/1.1 200 OK"
2026-08-17 12:13:48,840 - INFO - HTTP Request: POST http://localhost:8000/v1/chat/completions "HTTP/1.1 200 OK"

r0_cfg24:  10%|█         | 5/50 [11:40<1:55:22, 153.82s/it]2026-08-17 12:13:53,955 - INFO - HTTP Request: POST http://localhost:8000/v1/chat/completions "HTTP/1.1 200 OK"
2026-08-17 12:14:01,746 - INFO - HTTP Request: POST http://localhost:8000/v1/chat/completions "HTTP/1.1 200 OK"

r0_cfg24:  12%|█▏        | 6/50 [11:53<1:17:40, 105.91s/it]2026-08-17 12:14:02,401 - INFO - HTTP Request: POST http://localhost:8000/v1/chat/completions "HTTP/1.1 200 OK"

r0_cfg24:  14%|█▍        | 7/50 [11:54<51:14, 71.50s/it]   2026-08-17 12:14:06,538 - INFO - HTTP Request: POST http://localhost:8000/v1/chat/completions "HTTP/1.1 200 OK"

r0_cfg24:  16%|█▌        | 8/50 [11:58<35:02, 50.06s/it]2026-08-17 12:14:11,316 - INFO - HTTP Request: POST http://localhost:8000/v1/chat/completions "HTTP/1.1 200 OK"
2026-08-17 12:14:22,348 - INFO - HTTP Request: POST http://localhost:8000/v1/chat/completions "HTTP/1.1 200 OK"

2026-08-17 12:14:23,869 - INFO - HTTP Request: POST http://localhost:8000/v1/chat/completions "HTTP/1.1 200 OK"
2026-08-17 12:14:24,840 - INFO - HTTP Request: POST http://localhost:8000/v1/chat/completions "HTTP/1.1 200 OK"
2026-08-17 12:14:29,568 - INFO - HTTP Request: POST http://localhost:8000/v1/chat/completions "HTTP/1.1 200 OK"
2026-08-17 12:14:35,991 - INFO - HTTP Request: POST http://localhost:8000/v1/chat/completions "HTTP/1.1 200 OK"

2026-08-17 12:14:37,737 - INFO - HTTP Request: POST http://localhost:8000/v1/chat/completions "HTTP/1.1 200 OK"

2026-08-17 12:14:46,220 - INFO - HTTP Request: POST http://localhost:8000/v1/chat/completions "HTTP/1.1 200 OK"

2026-08-17 12:14:49,479 - INFO - HTTP Request: POST http://localhost:8000/v1/chat/completions "HTTP/1.1 200 OK"
2026-08-17 12:15:01,604 - INFO - HTTP Request: POST http://localhost:8000/v1/chat/completions "HTTP/1.1 200 OK"

2026-08-17 12:15:02,474 - INFO - HTTP Request: POST http://localhost:8000/v1/chat/completions "HTTP/1.1 200 OK"
2026-08-17 12:15:04,537 - INFO - HTTP Request: POST http://localhost:8000/v1/chat/completions "HTTP/1.1 200 OK"
2026-08-17 12:15:13,411 - INFO - HTTP Request: POST http://localhost:8000/v1/chat/completions "HTTP/1.1 200 OK"
2026-08-17 12:15:16,350 - INFO - HTTP Request: POST http://localhost:8000/v1/chat/completions "HTTP/1.1 200 OK"

2026-08-17 12:15:19,186 - INFO - HTTP Request: POST http://localhost:8000/v1/chat/completions "HTTP/1.1 200 OK"

2026-08-17 12:15:24,627 - INFO - HTTP Request: POST http://localhost:8000/v1/chat/completions "HTTP/1.1 200 OK"

2026-08-17 12:15:27,018 - INFO - HTTP Request: POST http://localhost:8000/v1/chat/completions "HTTP/1.1 200 OK"
2026-08-17 12:15:39,790 - INFO - HTTP Request: POST http://localhost:8000/v1/chat/completions "HTTP/1.1 200 OK"

2026-08-17 12:15:41,102 - INFO - HTTP Request: POST http://localhost:8000/v1/chat/completions "HTTP/1.1 200 OK"
2026-08-17 12:15:44,249 - INFO - HTTP Request: POST http://localhost:8000/v1/chat/completions "HTTP/1.1 200 OK"
2026-08-17 12:15:50,072 - INFO - HTTP Request: POST http://localhost:8000/v1/chat/completions "HTTP/1.1 200 OK"
2026-08-17 12:15:57,154 - INFO - HTTP Request: POST http://localhost:8000/v1/chat/completions "HTTP/1.1 200 OK"

2026-08-17 12:15:58,907 - INFO - HTTP Request: POST http://localhost:8000/v1/chat/completions "HTTP/1.1 200 OK"

2026-08-17 12:16:01,525 - INFO - HTTP Request: POST http://localhost:8000/v1/chat/completions "HTTP/1.1 200 OK"

2026-08-17 12:16:04,790 - INFO - HTTP Request: POST http://localhost:8000/v1/chat/completions "HTTP/1.1 200 OK"
2026-08-17 12:16:17,562 - INFO - HTTP Request: POST http://localhost:8000/v1/chat/completions "HTTP/1.1 200 OK"

2026-08-17 12:16:21,698 - INFO - HTTP Request: POST http://localhost:8000/v1/chat/completions "HTTP/1.1 200 OK"
2026-08-17 12:16:23,228 - INFO - HTTP Request: POST http://localhost:8000/v1/chat/completions "HTTP/1.1 200 OK"
2026-08-17 12:16:26,816 - INFO - HTTP Request: POST http://localhost:8000/v1/chat/completions "HTTP/1.1 200 OK"
2026-08-17 12:16:35,208 - INFO - HTTP Request: POST http://localhost:8000/v1/chat/completions "HTTP/1.1 200 OK"

2026-08-17 12:16:36,090 - INFO - HTTP Request: POST http://localhost:8000/v1/chat/completions "HTTP/1.1 200 OK"

2026-08-17 12:16:38,056 - INFO - HTTP Request: POST http://localhost:8000/v1/chat/completions "HTTP/1.1 200 OK"
2026-08-17 12:16:40,025 - INFO - HTTP Request: POST http://localhost:8000/v1/chat/completions "HTTP/1.1 200 OK"

2026-08-17 12:16:50,250 - INFO - HTTP Request: POST http://localhost:8000/v1/chat/completions "HTTP/1.1 200 OK"

2026-08-17 12:16:55,465 - INFO - HTTP Request: POST http://localhost:8000/v1/chat/completions "HTTP/1.1 200 OK"
2026-08-17 12:16:56,198 - INFO - HTTP Request: POST http://localhost:8000/v1/chat/completions "HTTP/1.1 200 OK"
2026-08-17 12:17:00,515 - INFO - HTTP Request: POST http://localhost:8000/v1/chat/completions "HTTP/1.1 200 OK"
2026-08-17 12:17:05,856 - INFO - HTTP Request: POST http://localhost:8000/v1/chat/completions "HTTP/1.1 200 OK"

2026-08-17 12:17:08,039 - INFO - HTTP Request: POST http://localhost:8000/v1/chat/completions "HTTP/1.1 200 OK"

2026-08-17 12:17:11,955 - INFO - HTTP Request: POST http://localhost:8000/v1/chat/completions "HTTP/1.1 200 OK"

2026-08-17 12:17:19,994 - INFO - HTTP Request: POST http://localhost:8000/v1/chat/completions "HTTP/1.1 200 OK"
2026-08-17 12:17:34,944 - INFO - HTTP Request: POST http://localhost:8000/v1/chat/completions "HTTP/1.1 200 OK"
2026-08-17 12:17:36,134 - INFO - HTTP Request: POST http://localhost:8000/v1/chat/completions "HTTP/1.1 200 OK"

2026-08-17 12:17:37,443 - INFO - HTTP Request: POST http://localhost:8000/v1/chat/completions "HTTP/1.1 200 OK"
2026-08-17 12:17:41,738 - INFO - HTTP Request: POST http://localhost:8000/v1/chat/completions "HTTP/1.1 200 OK"
2026-08-17 12:17:49,257 - INFO - HTTP Request: POST http://localhost:8000/v1/chat/completions "HTTP/1.1 200 OK"

2026-08-17 12:17:50,787 - INFO - HTTP Request: POST http://localhost:8000/v1/chat/completions "HTTP/1.1 200 OK"

2026-08-17 12:17:56,011 - INFO - HTTP Request: POST http://localhost:8000/v1/chat/completions "HTTP/1.1 200 OK"

2026-08-17 12:17:56,879 - INFO - HTTP Request: POST http://localhost:8000/v1/chat/completions "HTTP/1.1 200 OK"
2026-08-17 12:18:09,660 - INFO - HTTP Request: POST http://localhost:8000/v1/chat/completions "HTTP/1.1 200 OK"
2026-08-17 12:18:10,383 - INFO - HTTP Request: POST http://localhost:8000/v1/chat/completions "HTTP/1.1 200 OK"

2026-08-17 12:18:11,511 - INFO - HTTP Request: POST http://localhost:8000/v1/chat/completions "HTTP/1.1 200 OK"
2026-08-17 12:18:17,116 - INFO - HTTP Request: POST http://localhost:8000/v1/chat/completions "HTTP/1.1 200 OK"
2026-08-17 12:18:24,205 - INFO - HTTP Request: POST http://localhost:8000/v1/chat/completions "HTTP/1.1 200 OK"

2026-08-17 12:18:27,912 - INFO - HTTP Request: POST http://localhost:8000/v1/chat/completions "HTTP/1.1 200 OK"

2026-08-17 12:18:29,655 - INFO - HTTP Request: POST http://localhost:8000/v1/chat/completions "HTTP/1.1 200 OK"

2026-08-17 12:18:40,312 - INFO - HTTP Request: POST http://localhost:8000/v1/chat/completions "HTTP/1.1 200 OK"
2026-08-17 12:18:50,930 - INFO - HTTP Request: POST http://localhost:8000/v1/chat/completions "HTTP/1.1 200 OK"

2026-08-17 12:18:53,764 - INFO - HTTP Request: POST http://localhost:8000/v1/chat/completions "HTTP/1.1 200 OK"
2026-08-17 12:18:57,843 - INFO - HTTP Request: POST http://localhost:8000/v1/chat/completions "HTTP/1.1 200 OK"
2026-08-17 12:18:59,911 - INFO - HTTP Request: POST http://localhost:8000/v1/chat/completions "HTTP/1.1 200 OK"
2026-08-17 12:19:06,561 - INFO - HTTP Request: POST http://localhost:8000/v1/chat/completions "HTTP/1.1 200 OK"

2026-08-17 12:19:12,891 - INFO - HTTP Request: POST http://localhost:8000/v1/chat/completions "HTTP/1.1 200 OK"

2026-08-17 12:19:13,554 - INFO - HTTP Request: POST http://localhost:8000/v1/chat/completions "HTTP/1.1 200 OK"

2026-08-17 12:19:24,642 - INFO - HTTP Request: POST http://localhost:8000/v1/chat/completions "HTTP/1.1 200 OK"
2026-08-17 12:19:37,864 - INFO - HTTP Request: POST http://localhost:8000/v1/chat/completions "HTTP/1.1 200 OK"

r0_cfg24:  18%|█▊        | 9/50 [17:29<1:34:17, 137.98s/it]2026-08-17 12:19:40,043 - INFO - HTTP Request: POST http://localhost:8000/v1/chat/completions "HTTP/1.1 200 OK"
2026-08-17 12:19:46,294 - INFO - HTTP Request: POST http://localhost:8000/v1/chat/completions "HTTP/1.1 200 OK"
2026-08-17 12:19:47,277 - INFO - HTTP Request: POST http://localhost:8000/v1/chat/completions "HTTP/1.1 200 OK"
2026-08-17 12:19:53,052 - INFO - HTTP Request: POST http://localhost:8000/v1/chat/completions "HTTP/1.1 200 OK"

r0_cfg24:  20%|██        | 10/50 [17:45<1:06:43, 100.08s/it]2026-08-17 12:19:58,067 - INFO - HTTP Request: POST http://localhost:8000/v1/chat/completions "HTTP/1.1 200 OK"

r0_cfg24:  22%|██▏       | 11/50 [17:50<46:08, 70.98s/it]   2026-08-17 12:20:00,898 - INFO - HTTP Request: POST http://localhost:8000/v1/chat/completions "HTTP/1.1 200 OK"
2026-08-17 12:20:03,395 - INFO - HTTP Request: POST http://localhost:8000/v1/chat/completions "HTTP/1.1 200 OK"

r0_cfg24:  24%|██▍       | 12/50 [17:55<32:18, 51.01s/it]2026-08-17 12:20:12,962 - INFO - HTTP Request: POST http://localhost:8000/v1/chat/completions "HTTP/1.1 200 OK"

2026-08-17 12:20:15,137 - INFO - HTTP Request: POST http://localhost:8000/v1/chat/completions "HTTP/1.1 200 OK"
2026-08-17 12:20:20,674 - INFO - HTTP Request: POST http://localhost:8000/v1/chat/completions "HTTP/1.1 200 OK"
2026-08-17 12:20:26,005 - INFO - HTTP Request: POST http://localhost:8000/v1/chat/completions "HTTP/1.1 200 OK"
2026-08-17 12:20:32,271 - INFO - HTTP Request: POST http://localhost:8000/v1/chat/completions "HTTP/1.1 200 OK"

2026-08-17 12:20:32,272 - INFO - HTTP Request: POST http://localhost:8000/v1/chat/completions "HTTP/1.1 200 OK"

2026-08-17 12:20:39,889 - INFO - HTTP Request: POST http://localhost:8000/v1/chat/completions "HTTP/1.1 200 OK"

2026-08-17 12:20:40,106 - INFO - HTTP Request: POST http://localhost:8000/v1/chat/completions "HTTP/1.1 200 OK"
2026-08-17 12:20:51,960 - INFO - HTTP Request: POST http://localhost:8000/v1/chat/completions "HTTP/1.1 200 OK"

2026-08-17 12:20:58,695 - INFO - HTTP Request: POST http://localhost:8000/v1/chat/completions "HTTP/1.1 200 OK"
2026-08-17 12:20:58,696 - INFO - HTTP Request: POST http://localhost:8000/v1/chat/completions "HTTP/1.1 200 OK"
2026-08-17 12:21:07,002 - INFO - HTTP Request: POST http://localhost:8000/v1/chat/completions "HTTP/1.1 200 OK"
2026-08-17 12:21:09,996 - INFO - HTTP Request: POST http://localhost:8000/v1/chat/completions "HTTP/1.1 200 OK"

2026-08-17 12:21:11,088 - INFO - HTTP Request: POST http://localhost:8000/v1/chat/completions "HTTP/1.1 200 OK"

2026-08-17 12:21:17,399 - INFO - HTTP Request: POST http://localhost:8000/v1/chat/completions "HTTP/1.1 200 OK"
2026-08-17 12:21:18,125 - INFO - HTTP Request: POST http://localhost:8000/v1/chat/completions "HTTP/1.1 200 OK"

2026-08-17 12:21:26,649 - INFO - HTTP Request: POST http://localhost:8000/v1/chat/completions "HTTP/1.1 200 OK"

2026-08-17 12:21:34,694 - INFO - HTTP Request: POST http://localhost:8000/v1/chat/completions "HTTP/1.1 200 OK"
2026-08-17 12:21:36,101 - INFO - HTTP Request: POST http://localhost:8000/v1/chat/completions "HTTP/1.1 200 OK"
2026-08-17 12:21:43,180 - INFO - HTTP Request: POST http://localhost:8000/v1/chat/completions "HTTP/1.1 200 OK"
2026-08-17 12:21:47,918 - INFO - HTTP Request: POST http://localhost:8000/v1/chat/completions "HTTP/1.1 200 OK"

2026-08-17 12:21:50,325 - INFO - HTTP Request: POST http://localhost:8000/v1/chat/completions "HTTP/1.1 200 OK"

2026-08-17 12:21:51,856 - INFO - HTTP Request: POST http://localhost:8000/v1/chat/completions "HTTP/1.1 200 OK"
2026-08-17 12:21:57,837 - INFO - HTTP Request: POST http://localhost:8000/v1/chat/completions "HTTP/1.1 200 OK"

2026-08-17 12:22:04,591 - INFO - HTTP Request: POST http://localhost:8000/v1/chat/completions "HTTP/1.1 200 OK"

2026-08-17 12:22:12,201 - INFO - HTTP Request: POST http://localhost:8000/v1/chat/completions "HTTP/1.1 200 OK"
2026-08-17 12:22:14,477 - INFO - HTTP Request: POST http://localhost:8000/v1/chat/completions "HTTP/1.1 200 OK"
2026-08-17 12:22:22,421 - INFO - HTTP Request: POST http://localhost:8000/v1/chat/completions "HTTP/1.1 200 OK"
2026-08-17 12:22:25,362 - INFO - HTTP Request: POST http://localhost:8000/v1/chat/completions "HTTP/1.1 200 OK"

2026-08-17 12:22:25,362 - INFO - HTTP Request: POST http://localhost:8000/v1/chat/completions "HTTP/1.1 200 OK"
2026-08-17 12:22:27,698 - INFO - HTTP Request: POST http://localhost:8000/v1/chat/completions "HTTP/1.1 200 OK"

2026-08-17 12:22:35,332 - INFO - HTTP Request: POST http://localhost:8000/v1/chat/completions "HTTP/1.1 200 OK"

2026-08-17 12:22:35,987 - INFO - HTTP Request: POST http://localhost:8000/v1/chat/completions "HTTP/1.1 200 OK"

2026-08-17 12:22:45,553 - INFO - HTTP Request: POST http://localhost:8000/v1/chat/completions "HTTP/1.1 200 OK"
2026-08-17 12:22:47,836 - INFO - HTTP Request: POST http://localhost:8000/v1/chat/completions "HTTP/1.1 200 OK"
2026-08-17 12:22:54,474 - INFO - HTTP Request: POST http://localhost:8000/v1/chat/completions "HTTP/1.1 200 OK"

2026-08-17 12:22:56,436 - INFO - HTTP Request: POST http://localhost:8000/v1/chat/completions "HTTP/1.1 200 OK"
2026-08-17 12:23:02,037 - INFO - HTTP Request: POST http://localhost:8000/v1/chat/completions "HTTP/1.1 200 OK"

2026-08-17 12:23:05,084 - INFO - HTTP Request: POST http://localhost:8000/v1/chat/completions "HTTP/1.1 200 OK"
2026-08-17 12:23:09,980 - INFO - HTTP Request: POST http://localhost:8000/v1/chat/completions "HTTP/1.1 200 OK"

2026-08-17 12:23:18,467 - INFO - HTTP Request: POST http://localhost:8000/v1/chat/completions "HTTP/1.1 200 OK"

2026-08-17 12:23:23,899 - INFO - HTTP Request: POST http://localhost:8000/v1/chat/completions "HTTP/1.1 200 OK"
2026-08-17 12:23:31,399 - INFO - HTTP Request: POST http://localhost:8000/v1/chat/completions "HTTP/1.1 200 OK"
2026-08-17 12:23:38,251 - INFO - HTTP Request: POST http://localhost:8000/v1/chat/completions "HTTP/1.1 200 OK"

2026-08-17 12:23:39,125 - INFO - HTTP Request: POST http://localhost:8000/v1/chat/completions "HTTP/1.1 200 OK"
2026-08-17 12:23:39,343 - INFO - HTTP Request: POST http://localhost:8000/v1/chat/completions "HTTP/1.1 200 OK"
2026-08-17 12:23:43,092 - INFO - HTTP Request: POST http://localhost:8000/v1/chat/completions "HTTP/1.1 200 OK"

2026-08-17 12:23:49,195 - INFO - HTTP Request: POST http://localhost:8000/v1/chat/completions "HTTP/1.1 200 OK"

2026-08-17 12:23:54,419 - INFO - HTTP Request: POST http://localhost:8000/v1/chat/completions "HTTP/1.1 200 OK"

2026-08-17 12:23:58,983 - INFO - HTTP Request: POST http://localhost:8000/v1/chat/completions "HTTP/1.1 200 OK"
2026-08-17 12:24:03,440 - INFO - HTTP Request: POST http://localhost:8000/v1/chat/completions "HTTP/1.1 200 OK"
2026-08-17 12:24:09,862 - INFO - HTTP Request: POST http://localhost:8000/v1/chat/completions "HTTP/1.1 200 OK"

2026-08-17 12:24:15,088 - INFO - HTTP Request: POST http://localhost:8000/v1/chat/completions "HTTP/1.1 200 OK"
2026-08-17 12:24:18,732 - INFO - HTTP Request: POST http://localhost:8000/v1/chat/completions "HTTP/1.1 200 OK"

2026-08-17 12:24:19,389 - INFO - HTTP Request: POST http://localhost:8000/v1/chat/completions "HTTP/1.1 200 OK"
2026-08-17 12:24:28,428 - INFO - HTTP Request: POST http://localhost:8000/v1/chat/completions "HTTP/1.1 200 OK"

2026-08-17 12:24:30,607 - INFO - HTTP Request: POST http://localhost:8000/v1/chat/completions "HTTP/1.1 200 OK"

2026-08-17 12:24:39,742 - INFO - HTTP Request: POST http://localhost:8000/v1/chat/completions "HTTP/1.1 200 OK"
2026-08-17 12:24:48,552 - INFO - HTTP Request: POST http://localhost:8000/v1/chat/completions "HTTP/1.1 200 OK"
2026-08-17 12:24:51,270 - INFO - HTTP Request: POST http://localhost:8000/v1/chat/completions "HTTP/1.1 200 OK"

2026-08-17 12:24:58,245 - INFO - HTTP Request: POST http://localhost:8000/v1/chat/completions "HTTP/1.1 200 OK"
2026-08-17 12:25:03,631 - INFO - HTTP Request: POST http://localhost:8000/v1/chat/completions "HTTP/1.1 200 OK"

2026-08-17 12:25:04,067 - INFO - HTTP Request: POST http://localhost:8000/v1/chat/completions "HTTP/1.1 200 OK"
2026-08-17 12:25:13,771 - INFO - HTTP Request: POST http://localhost:8000/v1/chat/completions "HTTP/1.1 200 OK"

2026-08-17 12:25:16,174 - INFO - HTTP Request: POST http://localhost:8000/v1/chat/completions "HTTP/1.1 200 OK"

r0_cfg24:  26%|██▌       | 13/50 [23:08<1:20:21, 130.31s/it]2026-08-17 12:25:25,734 - INFO - HTTP Request: POST http://localhost:8000/v1/chat/completions "HTTP/1.1 200 OK"
2026-08-17 12:25:36,628 - INFO - HTTP Request: POST http://localhost:8000/v1/chat/completions "HTTP/1.1 200 OK"

r0_cfg24:  28%|██▊       | 14/50 [23:28<58:16, 97.13s/it]   2026-08-17 12:25:37,500 - INFO - HTTP Request: POST http://localhost:8000/v1/chat/completions "HTTP/1.1 200 OK"
2026-08-17 12:25:38,904 - INFO - HTTP Request: POST http://localhost:8000/v1/chat/completions "HTTP/1.1 200 OK"
2026-08-17 12:25:47,755 - INFO - HTTP Request: POST http://localhost:8000/v1/chat/completions "HTTP/1.1 200 OK"
2026-08-17 12:25:51,185 - INFO - HTTP Request: POST http://localhost:8000/v1/chat/completions "HTTP/1.1 200 OK"

r0_cfg24:  30%|███       | 15/50 [23:43<42:08, 72.24s/it]2026-08-17 12:25:52,057 - INFO - HTTP Request: POST http://localhost:8000/v1/chat/completions "HTTP/1.1 200 OK"

2026-08-17 12:25:59,238 - INFO - HTTP Request: POST http://localhost:8000/v1/chat/completions "HTTP/1.1 200 OK"
2026-08-17 12:26:01,138 - INFO - HTTP Request: POST http://localhost:8000/v1/chat/completions "HTTP/1.1 200 OK"

r0_cfg24:  32%|███▏      | 16/50 [23:53<30:18, 53.49s/it]2026-08-17 12:26:12,017 - INFO - HTTP Request: POST http://localhost:8000/v1/chat/completions "HTTP/1.1 200 OK"

2026-08-17 12:26:13,540 - INFO - HTTP Request: POST http://localhost:8000/v1/chat/completions "HTTP/1.1 200 OK"
2026-08-17 12:26:18,857 - INFO - HTTP Request: POST http://localhost:8000/v1/chat/completions "HTTP/1.1 200 OK"
2026-08-17 12:26:22,916 - INFO - HTTP Request: POST http://localhost:8000/v1/chat/completions "HTTP/1.1 200 OK"

2026-08-17 12:26:23,571 - INFO - HTTP Request: POST http://localhost:8000/v1/chat/completions "HTTP/1.1 200 OK"
2026-08-17 12:26:30,639 - INFO - HTTP Request: POST http://localhost:8000/v1/chat/completions "HTTP/1.1 200 OK"

2026-08-17 12:26:35,425 - INFO - HTTP Request: POST http://localhost:8000/v1/chat/completions "HTTP/1.1 200 OK"

2026-08-17 12:26:38,684 - INFO - HTTP Request: POST http://localhost:8000/v1/chat/completions "HTTP/1.1 200 OK"
2026-08-17 12:26:49,786 - INFO - HTTP Request: POST http://localhost:8000/v1/chat/completions "HTTP/1.1 200 OK"
2026-08-17 12:26:55,333 - INFO - HTTP Request: POST http://localhost:8000/v1/chat/completions "HTTP/1.1 200 OK"

2026-08-17 12:26:55,768 - INFO - HTTP Request: POST http://localhost:8000/v1/chat/completions "HTTP/1.1 200 OK"
2026-08-17 12:27:02,221 - INFO - HTTP Request: POST http://localhost:8000/v1/chat/completions "HTTP/1.1 200 OK"
2026-08-17 12:27:05,058 - INFO - HTTP Request: POST http://localhost:8000/v1/chat/completions "HTTP/1.1 200 OK"

2026-08-17 12:27:05,276 - INFO - HTTP Request: POST http://localhost:8000/v1/chat/completions "HTTP/1.1 200 OK"

2026-08-17 12:27:16,382 - INFO - HTTP Request: POST http://localhost:8000/v1/chat/completions "HTTP/1.1 200 OK"

2026-08-17 12:27:19,207 - INFO - HTTP Request: POST http://localhost:8000/v1/chat/completions "HTTP/1.1 200 OK"
2026-08-17 12:27:29,871 - INFO - HTTP Request: POST http://localhost:8000/v1/chat/completions "HTTP/1.1 200 OK"
2026-08-17 12:27:29,872 - INFO - HTTP Request: POST http://localhost:8000/v1/chat/completions "HTTP/1.1 200 OK"
2026-08-17 12:27:34,236 - INFO - HTTP Request: POST http://localhost:8000/v1/chat/completions "HTTP/1.1 200 OK"

2026-08-17 12:27:41,648 - INFO - HTTP Request: POST http://localhost:8000/v1/chat/completions "HTTP/1.1 200 OK"
2026-08-17 12:27:42,385 - INFO - HTTP Request: POST http://localhost:8000/v1/chat/completions "HTTP/1.1 200 OK"

2026-08-17 12:27:42,626 - INFO - HTTP Request: POST http://localhost:8000/v1/chat/completions "HTTP/1.1 200 OK"

2026-08-17 12:27:58,734 - INFO - HTTP Request: POST http://localhost:8000/v1/chat/completions "HTTP/1.1 200 OK"
2026-08-17 12:28:00,476 - INFO - HTTP Request: POST http://localhost:8000/v1/chat/completions "HTTP/1.1 200 OK"

2026-08-17 12:28:02,663 - INFO - HTTP Request: POST http://localhost:8000/v1/chat/completions "HTTP/1.1 200 OK"
2026-08-17 12:28:07,370 - INFO - HTTP Request: POST http://localhost:8000/v1/chat/completions "HTTP/1.1 200 OK"
2026-08-17 12:28:11,896 - INFO - HTTP Request: POST http://localhost:8000/v1/chat/completions "HTTP/1.1 200 OK"

2026-08-17 12:28:14,299 - INFO - HTTP Request: POST http://localhost:8000/v1/chat/completions "HTTP/1.1 200 OK"

2026-08-17 12:28:20,173 - INFO - HTTP Request: POST http://localhost:8000/v1/chat/completions "HTTP/1.1 200 OK"

2026-08-17 12:28:25,177 - INFO - HTTP Request: POST http://localhost:8000/v1/chat/completions "HTTP/1.1 200 OK"
2026-08-17 12:28:32,027 - INFO - HTTP Request: POST http://localhost:8000/v1/chat/completions "HTTP/1.1 200 OK"
2026-08-17 12:28:38,289 - INFO - HTTP Request: POST http://localhost:8000/v1/chat/completions "HTTP/1.1 200 OK"

2026-08-17 12:28:40,258 - INFO - HTTP Request: POST http://localhost:8000/v1/chat/completions "HTTP/1.1 200 OK"
2026-08-17 12:28:44,065 - INFO - HTTP Request: POST http://localhost:8000/v1/chat/completions "HTTP/1.1 200 OK"
2026-08-17 12:28:46,759 - INFO - HTTP Request: POST http://localhost:8000/v1/chat/completions "HTTP/1.1 200 OK"

2026-08-17 12:28:48,941 - INFO - HTTP Request: POST http://localhost:8000/v1/chat/completions "HTTP/1.1 200 OK"

2026-08-17 12:28:53,507 - INFO - HTTP Request: POST http://localhost:8000/v1/chat/completions "HTTP/1.1 200 OK"

2026-08-17 12:28:58,505 - INFO - HTTP Request: POST http://localhost:8000/v1/chat/completions "HTTP/1.1 200 OK"
2026-08-17 12:29:12,969 - INFO - HTTP Request: POST http://localhost:8000/v1/chat/completions "HTTP/1.1 200 OK"

2026-08-17 12:29:13,840 - INFO - HTTP Request: POST http://localhost:8000/v1/chat/completions "HTTP/1.1 200 OK"
2026-08-17 12:29:15,949 - INFO - HTTP Request: POST http://localhost:8000/v1/chat/completions "HTTP/1.1 200 OK"
2026-08-17 12:29:18,451 - INFO - HTTP Request: POST http://localhost:8000/v1/chat/completions "HTTP/1.1 200 OK"
2026-08-17 12:29:28,360 - INFO - HTTP Request: POST http://localhost:8000/v1/chat/completions "HTTP/1.1 200 OK"

2026-08-17 12:29:30,759 - INFO - HTTP Request: POST http://localhost:8000/v1/chat/completions "HTTP/1.1 200 OK"

2026-08-17 12:29:33,810 - INFO - HTTP Request: POST http://localhost:8000/v1/chat/completions "HTTP/1.1 200 OK"

2026-08-17 12:29:42,505 - INFO - HTTP Request: POST http://localhost:8000/v1/chat/completions "HTTP/1.1 200 OK"
2026-08-17 12:29:51,096 - INFO - HTTP Request: POST http://localhost:8000/v1/chat/completions "HTTP/1.1 200 OK"
2026-08-17 12:29:54,526 - INFO - HTTP Request: POST http://localhost:8000/v1/chat/completions "HTTP/1.1 200 OK"
2026-08-17 12:29:56,158 - INFO - HTTP Request: POST http://localhost:8000/v1/chat/completions "HTTP/1.1 200 OK"

2026-08-17 12:29:58,560 - INFO - HTTP Request: POST http://localhost:8000/v1/chat/completions "HTTP/1.1 200 OK"
2026-08-17 12:30:05,027 - INFO - HTTP Request: POST http://localhost:8000/v1/chat/completions "HTTP/1.1 200 OK"

2026-08-17 12:30:06,338 - INFO - HTTP Request: POST http://localhost:8000/v1/chat/completions "HTTP/1.1 200 OK"

2026-08-17 12:30:09,387 - INFO - HTTP Request: POST http://localhost:8000/v1/chat/completions "HTTP/1.1 200 OK"

2026-08-17 12:30:16,350 - INFO - HTTP Request: POST http://localhost:8000/v1/chat/completions "HTTP/1.1 200 OK"
2026-08-17 12:30:31,045 - INFO - HTTP Request: POST http://localhost:8000/v1/chat/completions "HTTP/1.1 200 OK"

2026-08-17 12:30:34,525 - INFO - HTTP Request: POST http://localhost:8000/v1/chat/completions "HTTP/1.1 200 OK"
2026-08-17 12:30:36,147 - INFO - HTTP Request: POST http://localhost:8000/v1/chat/completions "HTTP/1.1 200 OK"
2026-08-17 12:30:42,842 - INFO - HTTP Request: POST http://localhost:8000/v1/chat/completions "HTTP/1.1 200 OK"
2026-08-17 12:30:48,651 - INFO - HTTP Request: POST http://localhost:8000/v1/chat/completions "HTTP/1.1 200 OK"

2026-08-17 12:30:48,870 - INFO - HTTP Request: POST http://localhost:8000/v1/chat/completions "HTTP/1.1 200 OK"

2026-08-17 12:30:53,231 - INFO - HTTP Request: POST http://localhost:8000/v1/chat/completions "HTTP/1.1 200 OK"

r0_cfg24:  34%|███▍      | 17/50 [28:45<1:08:52, 125.24s/it]2026-08-17 12:31:01,057 - INFO - HTTP Request: POST http://localhost:8000/v1/chat/completions "HTTP/1.1 200 OK"
2026-08-17 12:31:14,657 - INFO - HTTP Request: POST http://localhost:8000/v1/chat/completions "HTTP/1.1 200 OK"

2026-08-17 12:31:15,535 - INFO - HTTP Request: POST http://localhost:8000/v1/chat/completions "HTTP/1.1 200 OK"
2026-08-17 12:31:21,722 - INFO - HTTP Request: POST http://localhost:8000/v1/chat/completions "HTTP/1.1 200 OK"
2026-08-17 12:31:21,941 - INFO - HTTP Request: POST http://localhost:8000/v1/chat/completions "HTTP/1.1 200 OK"
2026-08-17 12:31:30,273 - INFO - HTTP Request: POST http://localhost:8000/v1/chat/completions "HTTP/1.1 200 OK"

2026-08-17 12:31:34,852 - INFO - HTTP Request: POST http://localhost:8000/v1/chat/completions "HTTP/1.1 200 OK"

r0_cfg24:  36%|███▌      | 18/50 [29:26<53:23, 100.11s/it]  2026-08-17 12:31:37,683 - INFO - HTTP Request: POST http://localhost:8000/v1/chat/completions "HTTP/1.1 200 OK"

r0_cfg24:  38%|███▊      | 19/50 [29:29<36:37, 70.89s/it] 2026-08-17 12:31:48,331 - INFO - HTTP Request: POST http://localhost:8000/v1/chat/completions "HTTP/1.1 200 OK"
2026-08-17 12:31:56,487 - INFO - HTTP Request: POST http://localhost:8000/v1/chat/completions "HTTP/1.1 200 OK"
2026-08-17 12:31:57,226 - INFO - HTTP Request: POST http://localhost:8000/v1/chat/completions "HTTP/1.1 200 OK"
2026-08-17 12:32:00,672 - INFO - HTTP Request: POST http://localhost:8000/v1/chat/completions "HTTP/1.1 200 OK"
2026-08-17 12:32:02,085 - INFO - HTTP Request: POST http://localhost:8000/v1/chat/completions "HTTP/1.1 200 OK"

r0_cfg24:  40%|████      | 20/50 [29:54<28:28, 56.94s/it]2026-08-17 12:32:09,502 - INFO - HTTP Request: POST http://localhost:8000/v1/chat/completions "HTTP/1.1 200 OK"

2026-08-17 12:32:10,813 - INFO - HTTP Request: POST http://localhost:8000/v1/chat/completions "HTTP/1.1 200 OK"

2026-08-17 12:32:15,166 - INFO - HTTP Request: POST http://localhost:8000/v1/chat/completions "HTTP/1.1 200 OK"

2026-08-17 12:32:23,853 - INFO - HTTP Request: POST http://localhost:8000/v1/chat/completions "HTTP/1.1 200 OK"
2026-08-17 12:32:34,332 - INFO - HTTP Request: POST http://localhost:8000/v1/chat/completions "HTTP/1.1 200 OK"

2026-08-17 12:32:35,636 - INFO - HTTP Request: POST http://localhost:8000/v1/chat/completions "HTTP/1.1 200 OK"
2026-08-17 12:32:37,261 - INFO - HTTP Request: POST http://localhost:8000/v1/chat/completions "HTTP/1.1 200 OK"
2026-08-17 12:32:40,255 - INFO - HTTP Request: POST http://localhost:8000/v1/chat/completions "HTTP/1.1 200 OK"
2026-08-17 12:32:46,460 - INFO - HTTP Request: POST http://localhost:8000/v1/chat/completions "HTTP/1.1 200 OK"

2026-08-17 12:32:48,642 - INFO - HTTP Request: POST http://localhost:8000/v1/chat/completions "HTTP/1.1 200 OK"

2026-08-17 12:32:56,691 - INFO - HTTP Request: POST http://localhost:8000/v1/chat/completions "HTTP/1.1 200 OK"

2026-08-17 12:33:01,478 - INFO - HTTP Request: POST http://localhost:8000/v1/chat/completions "HTTP/1.1 200 OK"
2026-08-17 12:33:10,874 - INFO - HTTP Request: POST http://localhost:8000/v1/chat/completions "HTTP/1.1 200 OK"
2026-08-17 12:33:12,283 - INFO - HTTP Request: POST http://localhost:8000/v1/chat/completions "HTTP/1.1 200 OK"

2026-08-17 12:33:13,374 - INFO - HTTP Request: POST http://localhost:8000/v1/chat/completions "HTTP/1.1 200 OK"
2026-08-17 12:33:21,373 - INFO - HTTP Request: POST http://localhost:8000/v1/chat/completions "HTTP/1.1 200 OK"
2026-08-17 12:33:23,216 - INFO - HTTP Request: POST http://localhost:8000/v1/chat/completions "HTTP/1.1 200 OK"

2026-08-17 12:33:26,716 - INFO - HTTP Request: POST http://localhost:8000/v1/chat/completions "HTTP/1.1 200 OK"

2026-08-17 12:33:34,117 - INFO - HTTP Request: POST http://localhost:8000/v1/chat/completions "HTTP/1.1 200 OK"

2026-08-17 12:33:37,384 - INFO - HTTP Request: POST http://localhost:8000/v1/chat/completions "HTTP/1.1 200 OK"
2026-08-17 12:33:46,778 - INFO - HTTP Request: POST http://localhost:8000/v1/chat/completions "HTTP/1.1 200 OK"

2026-08-17 12:33:47,212 - INFO - HTTP Request: POST http://localhost:8000/v1/chat/completions "HTTP/1.1 200 OK"
2026-08-17 12:33:51,234 - INFO - HTTP Request: POST http://localhost:8000/v1/chat/completions "HTTP/1.1 200 OK"
2026-08-17 12:33:54,656 - INFO - HTTP Request: POST http://localhost:8000/v1/chat/completions "HTTP/1.1 200 OK"
2026-08-17 12:34:00,430 - INFO - HTTP Request: POST http://localhost:8000/v1/chat/completions "HTTP/1.1 200 OK"

2026-08-17 12:34:04,361 - INFO - HTTP Request: POST http://localhost:8000/v1/chat/completions "HTTP/1.1 200 OK"

2026-08-17 12:34:06,110 - INFO - HTTP Request: POST http://localhost:8000/v1/chat/completions "HTTP/1.1 200 OK"

2026-08-17 12:34:11,974 - INFO - HTTP Request: POST http://localhost:8000/v1/chat/completions "HTTP/1.1 200 OK"
2026-08-17 12:34:20,283 - INFO - HTTP Request: POST http://localhost:8000/v1/chat/completions "HTTP/1.1 200 OK"
2026-08-17 12:34:21,257 - INFO - HTTP Request: POST http://localhost:8000/v1/chat/completions "HTTP/1.1 200 OK"

2026-08-17 12:34:24,527 - INFO - HTTP Request: POST http://localhost:8000/v1/chat/completions "HTTP/1.1 200 OK"
2026-08-17 12:34:32,309 - INFO - HTTP Request: POST http://localhost:8000/v1/chat/completions "HTTP/1.1 200 OK"

2026-08-17 12:34:35,141 - INFO - HTTP Request: POST http://localhost:8000/v1/chat/completions "HTTP/1.1 200 OK"

2026-08-17 12:34:35,575 - INFO - HTTP Request: POST http://localhost:8000/v1/chat/completions "HTTP/1.1 200 OK"
2026-08-17 12:34:41,764 - INFO - HTTP Request: POST http://localhost:8000/v1/chat/completions "HTTP/1.1 200 OK"
2026-08-17 12:34:51,608 - INFO - HTTP Request: POST http://localhost:8000/v1/chat/completions "HTTP/1.1 200 OK"

2026-08-17 12:34:55,307 - INFO - HTTP Request: POST http://localhost:8000/v1/chat/completions "HTTP/1.1 200 OK"

2026-08-17 12:35:01,390 - INFO - HTTP Request: POST http://localhost:8000/v1/chat/completions "HTTP/1.1 200 OK"
2026-08-17 12:35:04,535 - INFO - HTTP Request: POST http://localhost:8000/v1/chat/completions "HTTP/1.1 200 OK"
2026-08-17 12:35:11,175 - INFO - HTTP Request: POST http://localhost:8000/v1/chat/completions "HTTP/1.1 200 OK"

2026-08-17 12:35:12,266 - INFO - HTTP Request: POST http://localhost:8000/v1/chat/completions "HTTP/1.1 200 OK"
2026-08-17 12:35:18,469 - INFO - HTTP Request: POST http://localhost:8000/v1/chat/completions "HTTP/1.1 200 OK"

2026-08-17 12:35:24,563 - INFO - HTTP Request: POST http://localhost:8000/v1/chat/completions "HTTP/1.1 200 OK"

2026-08-17 12:35:24,997 - INFO - HTTP Request: POST http://localhost:8000/v1/chat/completions "HTTP/1.1 200 OK"
2026-08-17 12:35:31,572 - INFO - HTTP Request: POST http://localhost:8000/v1/chat/completions "HTTP/1.1 200 OK"
2026-08-17 12:35:34,503 - INFO - HTTP Request: POST http://localhost:8000/v1/chat/completions "HTTP/1.1 200 OK"

2026-08-17 12:35:38,859 - INFO - HTTP Request: POST http://localhost:8000/v1/chat/completions "HTTP/1.1 200 OK"
2026-08-17 12:35:45,774 - INFO - HTTP Request: POST http://localhost:8000/v1/chat/completions "HTTP/1.1 200 OK"

2026-08-17 12:35:53,832 - INFO - HTTP Request: POST http://localhost:8000/v1/chat/completions "HTTP/1.1 200 OK"

2026-08-17 12:35:54,486 - INFO - HTTP Request: POST http://localhost:8000/v1/chat/completions "HTTP/1.1 200 OK"
2026-08-17 12:35:55,221 - INFO - HTTP Request: POST http://localhost:8000/v1/chat/completions "HTTP/1.1 200 OK"
2026-08-17 12:36:08,138 - INFO - HTTP Request: POST http://localhost:8000/v1/chat/completions "HTTP/1.1 200 OK"

2026-08-17 12:36:08,356 - INFO - HTTP Request: POST http://localhost:8000/v1/chat/completions "HTTP/1.1 200 OK"

2026-08-17 12:36:15,313 - INFO - HTTP Request: POST http://localhost:8000/v1/chat/completions "HTTP/1.1 200 OK"
2026-08-17 12:36:23,690 - INFO - HTTP Request: POST http://localhost:8000/v1/chat/completions "HTTP/1.1 200 OK"
2026-08-17 12:36:29,737 - INFO - HTTP Request: POST http://localhost:8000/v1/chat/completions "HTTP/1.1 200 OK"

2026-08-17 12:36:37,585 - INFO - HTTP Request: POST http://localhost:8000/v1/chat/completions "HTTP/1.1 200 OK"

2026-08-17 12:36:38,246 - INFO - HTTP Request: POST http://localhost:8000/v1/chat/completions "HTTP/1.1 200 OK"
2026-08-17 12:36:41,342 - INFO - HTTP Request: POST http://localhost:8000/v1/chat/completions "HTTP/1.1 200 OK"
2026-08-17 12:36:49,066 - INFO - HTTP Request: POST http://localhost:8000/v1/chat/completions "HTTP/1.1 200 OK"

2026-08-17 12:36:52,775 - INFO - HTTP Request: POST http://localhost:8000/v1/chat/completions "HTTP/1.1 200 OK"

r0_cfg24:  42%|████▏     | 21/50 [34:44<1:01:25, 127.10s/it]2026-08-17 12:37:02,771 - INFO - HTTP Request: POST http://localhost:8000/v1/chat/completions "HTTP/1.1 200 OK"
2026-08-17 12:37:12,016 - INFO - HTTP Request: POST http://localhost:8000/v1/chat/completions "HTTP/1.1 200 OK"
2026-08-17 12:37:15,444 - INFO - HTTP Request: POST http://localhost:8000/v1/chat/completions "HTTP/1.1 200 OK"
2026-08-17 12:37:17,295 - INFO - HTTP Request: POST http://localhost:8000/v1/chat/completions "HTTP/1.1 200 OK"

r0_cfg24:  44%|████▍     | 22/50 [35:09<44:56, 96.31s/it]   2026-08-17 12:37:22,529 - INFO - HTTP Request: POST http://localhost:8000/v1/chat/completions "HTTP/1.1 200 OK"
2026-08-17 12:37:26,071 - INFO - HTTP Request: POST http://localhost:8000/v1/chat/completions "HTTP/1.1 200 OK"

r0_cfg24:  46%|████▌     | 23/50 [35:18<31:31, 70.05s/it]2026-08-17 12:37:28,252 - INFO - HTTP Request: POST http://localhost:8000/v1/chat/completions "HTTP/1.1 200 OK"

2026-08-17 12:37:34,338 - INFO - HTTP Request: POST http://localhost:8000/v1/chat/completions "HTTP/1.1 200 OK"

r0_cfg24:  48%|████▊     | 24/50 [35:26<22:19, 51.51s/it]2026-08-17 12:37:39,117 - INFO - HTTP Request: POST http://localhost:8000/v1/chat/completions "HTTP/1.1 200 OK"
2026-08-17 12:37:48,412 - INFO - HTTP Request: POST http://localhost:8000/v1/chat/completions "HTTP/1.1 200 OK"
2026-08-17 12:37:50,037 - INFO - HTTP Request: POST http://localhost:8000/v1/chat/completions "HTTP/1.1 200 OK"

2026-08-17 12:37:55,041 - INFO - HTTP Request: POST http://localhost:8000/v1/chat/completions "HTTP/1.1 200 OK"
2026-08-17 12:37:57,375 - INFO - HTTP Request: POST http://localhost:8000/v1/chat/completions "HTTP/1.1 200 OK"
2026-08-17 12:37:59,877 - INFO - HTTP Request: POST http://localhost:8000/v1/chat/completions "HTTP/1.1 200 OK"

2026-08-17 12:38:07,940 - INFO - HTTP Request: POST http://localhost:8000/v1/chat/completions "HTTP/1.1 200 OK"

2026-08-17 12:38:08,375 - INFO - HTTP Request: POST http://localhost:8000/v1/chat/completions "HTTP/1.1 200 OK"

2026-08-17 12:38:16,849 - INFO - HTTP Request: POST http://localhost:8000/v1/chat/completions "HTTP/1.1 200 OK"
2026-08-17 12:38:26,366 - INFO - HTTP Request: POST http://localhost:8000/v1/chat/completions "HTTP/1.1 200 OK"
2026-08-17 12:38:31,698 - INFO - HTTP Request: POST http://localhost:8000/v1/chat/completions "HTTP/1.1 200 OK"

2026-08-17 12:38:33,442 - INFO - HTTP Request: POST http://localhost:8000/v1/chat/completions "HTTP/1.1 200 OK"
2026-08-17 12:38:35,125 - INFO - HTTP Request: POST http://localhost:8000/v1/chat/completions "HTTP/1.1 200 OK"
2026-08-17 12:38:45,696 - INFO - HTTP Request: POST http://localhost:8000/v1/chat/completions "HTTP/1.1 200 OK"

2026-08-17 12:38:47,224 - INFO - HTTP Request: POST http://localhost:8000/v1/chat/completions "HTTP/1.1 200 OK"

2026-08-17 12:38:49,410 - INFO - HTTP Request: POST http://localhost:8000/v1/chat/completions "HTTP/1.1 200 OK"

2026-08-17 12:38:56,795 - INFO - HTTP Request: POST http://localhost:8000/v1/chat/completions "HTTP/1.1 200 OK"
2026-08-17 12:39:10,444 - INFO - HTTP Request: POST http://localhost:8000/v1/chat/completions "HTTP/1.1 200 OK"
2026-08-17 12:39:11,417 - INFO - HTTP Request: POST http://localhost:8000/v1/chat/completions "HTTP/1.1 200 OK"

2026-08-17 12:39:11,851 - INFO - HTTP Request: POST http://localhost:8000/v1/chat/completions "HTTP/1.1 200 OK"
2026-08-17 12:39:14,801 - INFO - HTTP Request: POST http://localhost:8000/v1/chat/completions "HTTP/1.1 200 OK"
2026-08-17 12:39:24,717 - INFO - HTTP Request: POST http://localhost:8000/v1/chat/completions "HTTP/1.1 200 OK"

2026-08-17 12:39:29,737 - INFO - HTTP Request: POST http://localhost:8000/v1/chat/completions "HTTP/1.1 200 OK"

2026-08-17 12:39:32,140 - INFO - HTTP Request: POST http://localhost:8000/v1/chat/completions "HTTP/1.1 200 OK"

2026-08-17 12:39:36,273 - INFO - HTTP Request: POST http://localhost:8000/v1/chat/completions "HTTP/1.1 200 OK"
2026-08-17 12:39:44,916 - INFO - HTTP Request: POST http://localhost:8000/v1/chat/completions "HTTP/1.1 200 OK"
2026-08-17 12:39:49,817 - INFO - HTTP Request: POST http://localhost:8000/v1/chat/completions "HTTP/1.1 200 OK"

2026-08-17 12:39:54,394 - INFO - HTTP Request: POST http://localhost:8000/v1/chat/completions "HTTP/1.1 200 OK"
2026-08-17 12:39:57,323 - INFO - HTTP Request: POST http://localhost:8000/v1/chat/completions "HTTP/1.1 200 OK"
2026-08-17 12:39:58,293 - INFO - HTTP Request: POST http://localhost:8000/v1/chat/completions "HTTP/1.1 200 OK"

2026-08-17 12:40:07,225 - INFO - HTTP Request: POST http://localhost:8000/v1/chat/completions "HTTP/1.1 200 OK"

2026-08-17 12:40:10,281 - INFO - HTTP Request: POST http://localhost:8000/v1/chat/completions "HTTP/1.1 200 OK"
2026-08-17 12:40:10,498 - INFO - HTTP Request: POST http://localhost:8000/v1/chat/completions "HTTP/1.1 200 OK"

2026-08-17 12:40:25,026 - INFO - HTTP Request: POST http://localhost:8000/v1/chat/completions "HTTP/1.1 200 OK"

2026-08-17 12:40:27,418 - INFO - HTTP Request: POST http://localhost:8000/v1/chat/completions "HTTP/1.1 200 OK"
2026-08-17 12:40:27,419 - INFO - HTTP Request: POST http://localhost:8000/v1/chat/completions "HTTP/1.1 200 OK"
2026-08-17 12:40:31,369 - INFO - HTTP Request: POST http://localhost:8000/v1/chat/completions "HTTP/1.1 200 OK"
2026-08-17 12:40:38,010 - INFO - HTTP Request: POST http://localhost:8000/v1/chat/completions "HTTP/1.1 200 OK"

2026-08-17 12:40:41,937 - INFO - HTTP Request: POST http://localhost:8000/v1/chat/completions "HTTP/1.1 200 OK"

2026-08-17 12:40:42,593 - INFO - HTTP Request: POST http://localhost:8000/v1/chat/completions "HTTP/1.1 200 OK"

2026-08-17 12:40:54,758 - INFO - HTTP Request: POST http://localhost:8000/v1/chat/completions "HTTP/1.1 200 OK"
2026-08-17 12:41:02,966 - INFO - HTTP Request: POST http://localhost:8000/v1/chat/completions "HTTP/1.1 200 OK"
2026-08-17 12:41:07,483 - INFO - HTTP Request: POST http://localhost:8000/v1/chat/completions "HTTP/1.1 200 OK"
2026-08-17 12:41:09,544 - INFO - HTTP Request: POST http://localhost:8000/v1/chat/completions "HTTP/1.1 200 OK"

2026-08-17 12:41:11,726 - INFO - HTTP Request: POST http://localhost:8000/v1/chat/completions "HTTP/1.1 200 OK"
2026-08-17 12:41:17,496 - INFO - HTTP Request: POST http://localhost:8000/v1/chat/completions "HTTP/1.1 200 OK"

2026-08-17 12:41:22,292 - INFO - HTTP Request: POST http://localhost:8000/v1/chat/completions "HTTP/1.1 200 OK"

2026-08-17 12:41:24,036 - INFO - HTTP Request: POST http://localhost:8000/v1/chat/completions "HTTP/1.1 200 OK"

2026-08-17 12:41:29,904 - INFO - HTTP Request: POST http://localhost:8000/v1/chat/completions "HTTP/1.1 200 OK"
2026-08-17 12:41:42,689 - INFO - HTTP Request: POST http://localhost:8000/v1/chat/completions "HTTP/1.1 200 OK"
2026-08-17 12:41:42,689 - INFO - HTTP Request: POST http://localhost:8000/v1/chat/completions "HTTP/1.1 200 OK"

2026-08-17 12:41:44,751 - INFO - HTTP Request: POST http://localhost:8000/v1/chat/completions "HTTP/1.1 200 OK"
2026-08-17 12:41:47,684 - INFO - HTTP Request: POST http://localhost:8000/v1/chat/completions "HTTP/1.1 200 OK"
2026-08-17 12:41:55,038 - INFO - HTTP Request: POST http://localhost:8000/v1/chat/completions "HTTP/1.1 200 OK"

2026-08-17 12:41:56,568 - INFO - HTTP Request: POST http://localhost:8000/v1/chat/completions "HTTP/1.1 200 OK"

2026-08-17 12:41:59,618 - INFO - HTTP Request: POST http://localhost:8000/v1/chat/completions "HTTP/1.1 200 OK"

2026-08-17 12:42:12,880 - INFO - HTTP Request: POST http://localhost:8000/v1/chat/completions "HTTP/1.1 200 OK"
2026-08-17 12:42:24,581 - INFO - HTTP Request: POST http://localhost:8000/v1/chat/completions "HTTP/1.1 200 OK"
2026-08-17 12:42:26,425 - INFO - HTTP Request: POST http://localhost:8000/v1/chat/completions "HTTP/1.1 200 OK"
2026-08-17 12:42:28,052 - INFO - HTTP Request: POST http://localhost:8000/v1/chat/completions "HTTP/1.1 200 OK"

2026-08-17 12:42:33,292 - INFO - HTTP Request: POST http://localhost:8000/v1/chat/completions "HTTP/1.1 200 OK"
2026-08-17 12:42:37,764 - INFO - HTTP Request: POST http://localhost:8000/v1/chat/completions "HTTP/1.1 200 OK"

2026-08-17 12:42:39,299 - INFO - HTTP Request: POST http://localhost:8000/v1/chat/completions "HTTP/1.1 200 OK"

2026-08-17 12:42:48,231 - INFO - HTTP Request: POST http://localhost:8000/v1/chat/completions "HTTP/1.1 200 OK"

r0_cfg24:  50%|█████     | 25/50 [40:40<54:15, 130.23s/it]2026-08-17 12:43:01,487 - INFO - HTTP Request: POST http://localhost:8000/v1/chat/completions "HTTP/1.1 200 OK"
2026-08-17 12:43:10,722 - INFO - HTTP Request: POST http://localhost:8000/v1/chat/completions "HTTP/1.1 200 OK"
2026-08-17 12:43:10,942 - INFO - HTTP Request: POST http://localhost:8000/v1/chat/completions "HTTP/1.1 200 OK"
2026-08-17 12:43:12,890 - INFO - HTTP Request: POST http://localhost:8000/v1/chat/completions "HTTP/1.1 200 OK"
2026-08-17 12:43:16,701 - INFO - HTTP Request: POST http://localhost:8000/v1/chat/completions "HTTP/1.1 200 OK"

r0_cfg24:  52%|█████▏    | 26/50 [41:08<39:52, 99.70s/it] 2026-08-17 12:43:20,849 - INFO - HTTP Request: POST http://localhost:8000/v1/chat/completions "HTTP/1.1 200 OK"

2026-08-17 12:43:25,646 - INFO - HTTP Request: POST http://localhost:8000/v1/chat/completions "HTTP/1.1 200 OK"

r0_cfg24:  54%|█████▍    | 27/50 [41:17<27:46, 72.47s/it]2026-08-17 12:43:27,390 - INFO - HTTP Request: POST http://localhost:8000/v1/chat/completions "HTTP/1.1 200 OK"

r0_cfg24:  56%|█████▌    | 28/50 [41:19<18:47, 51.25s/it]2026-08-17 12:43:38,683 - INFO - HTTP Request: POST http://localhost:8000/v1/chat/completions "HTTP/1.1 200 OK"
2026-08-17 12:43:47,051 - INFO - HTTP Request: POST http://localhost:8000/v1/chat/completions "HTTP/1.1 200 OK"
2026-08-17 12:43:47,789 - INFO - HTTP Request: POST http://localhost:8000/v1/chat/completions "HTTP/1.1 200 OK"
2026-08-17 12:43:48,609 - INFO - HTTP Request: POST http://localhost:8000/v1/chat/completions "HTTP/1.1 200 OK"

2026-08-17 12:43:50,135 - INFO - HTTP Request: POST http://localhost:8000/v1/chat/completions "HTTP/1.1 200 OK"
2026-08-17 12:43:58,521 - INFO - HTTP Request: POST http://localhost:8000/v1/chat/completions "HTTP/1.1 200 OK"

2026-08-17 12:43:59,613 - INFO - HTTP Request: POST http://localhost:8000/v1/chat/completions "HTTP/1.1 200 OK"

2026-08-17 12:43:59,831 - INFO - HTTP Request: POST http://localhost:8000/v1/chat/completions "HTTP/1.1 200 OK"

2026-08-17 12:44:15,033 - INFO - HTTP Request: POST http://localhost:8000/v1/chat/completions "HTTP/1.1 200 OK"
2026-08-17 12:44:24,495 - INFO - HTTP Request: POST http://localhost:8000/v1/chat/completions "HTTP/1.1 200 OK"
2026-08-17 12:44:25,230 - INFO - HTTP Request: POST http://localhost:8000/v1/chat/completions "HTTP/1.1 200 OK"
2026-08-17 12:44:26,554 - INFO - HTTP Request: POST http://localhost:8000/v1/chat/completions "HTTP/1.1 200 OK"
2026-08-17 12:44:27,972 - INFO - HTTP Request: POST http://localhost:8000/v1/chat/completions "HTTP/1.1 200 OK"

2026-08-17 12:44:36,912 - INFO - HTTP Request: POST http://localhost:8000/v1/chat/completions "HTTP/1.1 200 OK"

2026-08-17 12:44:37,569 - INFO - HTTP Request: POST http://localhost:8000/v1/chat/completions "HTTP/1.1 200 OK"

2026-08-17 12:44:41,704 - INFO - HTTP Request: POST http://localhost:8000/v1/chat/completions "HTTP/1.1 200 OK"

2026-08-17 12:44:52,355 - INFO - HTTP Request: POST http://localhost:8000/v1/chat/completions "HTTP/1.1 200 OK"
2026-08-17 12:45:01,597 - INFO - HTTP Request: POST http://localhost:8000/v1/chat/completions "HTTP/1.1 200 OK"
2026-08-17 12:45:02,403 - INFO - HTTP Request: POST http://localhost:8000/v1/chat/completions "HTTP/1.1 200 OK"
2026-08-17 12:45:06,427 - INFO - HTTP Request: POST http://localhost:8000/v1/chat/completions "HTTP/1.1 200 OK"
2026-08-17 12:45:07,834 - INFO - HTTP Request: POST http://localhost:8000/v1/chat/completions "HTTP/1.1 200 OK"

2026-08-17 12:45:13,294 - INFO - HTTP Request: POST http://localhost:8000/v1/chat/completions "HTTP/1.1 200 OK"

2026-08-17 12:45:15,482 - INFO - HTTP Request: POST http://localhost:8000/v1/chat/completions "HTTP/1.1 200 OK"

2026-08-17 12:45:18,536 - INFO - HTTP Request: POST http://localhost:8000/v1/chat/completions "HTTP/1.1 200 OK"

2026-08-17 12:45:31,791 - INFO - HTTP Request: POST http://localhost:8000/v1/chat/completions "HTTP/1.1 200 OK"
2026-08-17 12:45:37,545 - INFO - HTTP Request: POST http://localhost:8000/v1/chat/completions "HTTP/1.1 200 OK"
2026-08-17 12:45:38,951 - INFO - HTTP Request: POST http://localhost:8000/v1/chat/completions "HTTP/1.1 200 OK"
2026-08-17 12:45:40,366 - INFO - HTTP Request: POST http://localhost:8000/v1/chat/completions "HTTP/1.1 200 OK"
2026-08-17 12:45:45,097 - INFO - HTTP Request: POST http://localhost:8000/v1/chat/completions "HTTP/1.1 200 OK"

2026-08-17 12:45:50,558 - INFO - HTTP Request: POST http://localhost:8000/v1/chat/completions "HTTP/1.1 200 OK"

2026-08-17 12:45:52,310 - INFO - HTTP Request: POST http://localhost:8000/v1/chat/completions "HTTP/1.1 200 OK"

2026-08-17 12:45:52,745 - INFO - HTTP Request: POST http://localhost:8000/v1/chat/completions "HTTP/1.1 200 OK"

2026-08-17 12:46:04,912 - INFO - HTTP Request: POST http://localhost:8000/v1/chat/completions "HTTP/1.1 200 OK"
2026-08-17 12:46:10,671 - INFO - HTTP Request: POST http://localhost:8000/v1/chat/completions "HTTP/1.1 200 OK"
2026-08-17 12:46:12,732 - INFO - HTTP Request: POST http://localhost:8000/v1/chat/completions "HTTP/1.1 200 OK"
2026-08-17 12:46:16,805 - INFO - HTTP Request: POST http://localhost:8000/v1/chat/completions "HTTP/1.1 200 OK"

2026-08-17 12:46:19,638 - INFO - HTTP Request: POST http://localhost:8000/v1/chat/completions "HTTP/1.1 200 OK"

2026-08-17 12:46:22,250 - INFO - HTTP Request: POST http://localhost:8000/v1/chat/completions "HTTP/1.1 200 OK"
2026-08-17 12:46:24,089 - INFO - HTTP Request: POST http://localhost:8000/v1/chat/completions "HTTP/1.1 200 OK"

2026-08-17 12:46:33,880 - INFO - HTTP Request: POST http://localhost:8000/v1/chat/completions "HTTP/1.1 200 OK"

2026-08-17 12:46:45,829 - INFO - HTTP Request: POST http://localhost:8000/v1/chat/completions "HTTP/1.1 200 OK"
2026-08-17 12:46:48,978 - INFO - HTTP Request: POST http://localhost:8000/v1/chat/completions "HTTP/1.1 200 OK"
2026-08-17 12:46:53,432 - INFO - HTTP Request: POST http://localhost:8000/v1/chat/completions "HTTP/1.1 200 OK"
2026-08-17 12:46:54,671 - INFO - HTTP Request: POST http://localhost:8000/v1/chat/completions "HTTP/1.1 200 OK"
2026-08-17 12:46:56,958 - INFO - HTTP Request: POST http://localhost:8000/v1/chat/completions "HTTP/1.1 200 OK"

2026-08-17 12:47:03,720 - INFO - HTTP Request: POST http://localhost:8000/v1/chat/completions "HTTP/1.1 200 OK"

2026-08-17 12:47:06,555 - INFO - HTTP Request: POST http://localhost:8000/v1/chat/completions "HTTP/1.1 200 OK"

2026-08-17 12:47:10,254 - INFO - HTTP Request: POST http://localhost:8000/v1/chat/completions "HTTP/1.1 200 OK"

2026-08-17 12:47:16,989 - INFO - HTTP Request: POST http://localhost:8000/v1/chat/completions "HTTP/1.1 200 OK"
2026-08-17 12:47:24,055 - INFO - HTTP Request: POST http://localhost:8000/v1/chat/completions "HTTP/1.1 200 OK"
2026-08-17 12:47:27,210 - INFO - HTTP Request: POST http://localhost:8000/v1/chat/completions "HTTP/1.1 200 OK"
2026-08-17 12:47:29,106 - INFO - HTTP Request: POST http://localhost:8000/v1/chat/completions "HTTP/1.1 200 OK"

2026-08-17 12:47:37,600 - INFO - HTTP Request: POST http://localhost:8000/v1/chat/completions "HTTP/1.1 200 OK"

2026-08-17 12:47:40,213 - INFO - HTTP Request: POST http://localhost:8000/v1/chat/completions "HTTP/1.1 200 OK"
2026-08-17 12:47:47,938 - INFO - HTTP Request: POST http://localhost:8000/v1/chat/completions "HTTP/1.1 200 OK"

2026-08-17 12:47:52,948 - INFO - HTTP Request: POST http://localhost:8000/v1/chat/completions "HTTP/1.1 200 OK"

2026-08-17 12:47:58,606 - INFO - HTTP Request: POST http://localhost:8000/v1/chat/completions "HTTP/1.1 200 OK"
2026-08-17 12:48:07,415 - INFO - HTTP Request: POST http://localhost:8000/v1/chat/completions "HTTP/1.1 200 OK"
2026-08-17 12:48:13,621 - INFO - HTTP Request: POST http://localhost:8000/v1/chat/completions "HTTP/1.1 200 OK"

2026-08-17 12:48:17,767 - INFO - HTTP Request: POST http://localhost:8000/v1/chat/completions "HTTP/1.1 200 OK"
2026-08-17 12:48:22,708 - INFO - HTTP Request: POST http://localhost:8000/v1/chat/completions "HTTP/1.1 200 OK"

2026-08-17 12:48:26,416 - INFO - HTTP Request: POST http://localhost:8000/v1/chat/completions "HTTP/1.1 200 OK"
2026-08-17 12:48:32,616 - INFO - HTTP Request: POST http://localhost:8000/v1/chat/completions "HTTP/1.1 200 OK"

2026-08-17 12:48:39,588 - INFO - HTTP Request: POST http://localhost:8000/v1/chat/completions "HTTP/1.1 200 OK"

r0_cfg24:  58%|█████▊    | 29/50 [46:31<45:20, 129.54s/it]2026-08-17 12:48:46,543 - INFO - HTTP Request: POST http://localhost:8000/v1/chat/completions "HTTP/1.1 200 OK"
2026-08-17 12:48:55,787 - INFO - HTTP Request: POST http://localhost:8000/v1/chat/completions "HTTP/1.1 200 OK"
2026-08-17 12:49:00,467 - INFO - HTTP Request: POST http://localhost:8000/v1/chat/completions "HTTP/1.1 200 OK"

r0_cfg24:  60%|██████    | 30/50 [46:52<32:18, 96.94s/it] 2026-08-17 12:49:02,211 - INFO - HTTP Request: POST http://localhost:8000/v1/chat/completions "HTTP/1.1 200 OK"
2026-08-17 12:49:06,016 - INFO - HTTP Request: POST http://localhost:8000/v1/chat/completions "HTTP/1.1 200 OK"
2026-08-17 12:49:09,000 - INFO - HTTP Request: POST http://localhost:8000/v1/chat/completions "HTTP/1.1 200 OK"

r0_cfg24:  62%|██████▏   | 31/50 [47:00<22:17, 70.42s/it]2026-08-17 12:49:15,317 - INFO - HTTP Request: POST http://localhost:8000/v1/chat/completions "HTTP/1.1 200 OK"

2026-08-17 12:49:15,536 - INFO - HTTP Request: POST http://localhost:8000/v1/chat/completions "HTTP/1.1 200 OK"

r0_cfg24:  64%|██████▍   | 32/50 [47:07<15:22, 51.25s/it]2026-08-17 12:49:22,918 - INFO - HTTP Request: POST http://localhost:8000/v1/chat/completions "HTTP/1.1 200 OK"
2026-08-17 12:49:31,068 - INFO - HTTP Request: POST http://localhost:8000/v1/chat/completions "HTTP/1.1 200 OK"
2026-08-17 12:49:34,493 - INFO - HTTP Request: POST http://localhost:8000/v1/chat/completions "HTTP/1.1 200 OK"

2026-08-17 12:49:38,195 - INFO - HTTP Request: POST http://localhost:8000/v1/chat/completions "HTTP/1.1 200 OK"
2026-08-17 12:49:41,622 - INFO - HTTP Request: POST http://localhost:8000/v1/chat/completions "HTTP/1.1 200 OK"

2026-08-17 12:49:42,494 - INFO - HTTP Request: POST http://localhost:8000/v1/chat/completions "HTTP/1.1 200 OK"
2026-08-17 12:49:51,526 - INFO - HTTP Request: POST http://localhost:8000/v1/chat/completions "HTTP/1.1 200 OK"

2026-08-17 12:49:56,532 - INFO - HTTP Request: POST http://localhost:8000/v1/chat/completions "HTTP/1.1 200 OK"

2026-08-17 12:50:01,311 - INFO - HTTP Request: POST http://localhost:8000/v1/chat/completions "HTTP/1.1 200 OK"
2026-08-17 12:50:08,430 - INFO - HTTP Request: POST http://localhost:8000/v1/chat/completions "HTTP/1.1 200 OK"
2026-08-17 12:50:13,167 - INFO - HTTP Request: POST http://localhost:8000/v1/chat/completions "HTTP/1.1 200 OK"

2026-08-17 12:50:18,391 - INFO - HTTP Request: POST http://localhost:8000/v1/chat/completions "HTTP/1.1 200 OK"
2026-08-17 12:50:22,036 - INFO - HTTP Request: POST http://localhost:8000/v1/chat/completions "HTTP/1.1 200 OK"
2026-08-17 12:50:24,319 - INFO - HTTP Request: POST http://localhost:8000/v1/chat/completions "HTTP/1.1 200 OK"

2026-08-17 12:50:33,473 - INFO - HTTP Request: POST http://localhost:8000/v1/chat/completions "HTTP/1.1 200 OK"

2026-08-17 12:50:36,955 - INFO - HTTP Request: POST http://localhost:8000/v1/chat/completions "HTTP/1.1 200 OK"

2026-08-17 12:50:38,266 - INFO - HTTP Request: POST http://localhost:8000/v1/chat/completions "HTTP/1.1 200 OK"
2026-08-17 12:50:49,030 - INFO - HTTP Request: POST http://localhost:8000/v1/chat/completions "HTTP/1.1 200 OK"
2026-08-17 12:50:49,248 - INFO - HTTP Request: POST http://localhost:8000/v1/chat/completions "HTTP/1.1 200 OK"

2026-08-17 12:50:58,549 - INFO - HTTP Request: POST http://localhost:8000/v1/chat/completions "HTTP/1.1 200 OK"
2026-08-17 12:51:01,540 - INFO - HTTP Request: POST http://localhost:8000/v1/chat/completions "HTTP/1.1 200 OK"
2026-08-17 12:51:02,323 - INFO - HTTP Request: POST http://localhost:8000/v1/chat/completions "HTTP/1.1 200 OK"

2026-08-17 12:51:11,789 - INFO - HTTP Request: POST http://localhost:8000/v1/chat/completions "HTTP/1.1 200 OK"

2026-08-17 12:51:12,887 - INFO - HTTP Request: POST http://localhost:8000/v1/chat/completions "HTTP/1.1 200 OK"

2026-08-17 12:51:14,414 - INFO - HTTP Request: POST http://localhost:8000/v1/chat/completions "HTTP/1.1 200 OK"
2026-08-17 12:51:26,262 - INFO - HTTP Request: POST http://localhost:8000/v1/chat/completions "HTTP/1.1 200 OK"
2026-08-17 12:51:26,480 - INFO - HTTP Request: POST http://localhost:8000/v1/chat/completions "HTTP/1.1 200 OK"

2026-08-17 12:51:32,246 - INFO - HTTP Request: POST http://localhost:8000/v1/chat/completions "HTTP/1.1 200 OK"
2026-08-17 12:51:37,791 - INFO - HTTP Request: POST http://localhost:8000/v1/chat/completions "HTTP/1.1 200 OK"
2026-08-17 12:51:39,476 - INFO - HTTP Request: POST http://localhost:8000/v1/chat/completions "HTTP/1.1 200 OK"

2026-08-17 12:51:47,327 - INFO - HTTP Request: POST http://localhost:8000/v1/chat/completions "HTTP/1.1 200 OK"
2026-08-17 12:51:48,305 - INFO - HTTP Request: POST http://localhost:8000/v1/chat/completions "HTTP/1.1 200 OK"

2026-08-17 12:51:50,705 - INFO - HTTP Request: POST http://localhost:8000/v1/chat/completions "HTTP/1.1 200 OK"

2026-08-17 12:51:59,631 - INFO - HTTP Request: POST http://localhost:8000/v1/chat/completions "HTTP/1.1 200 OK"

2026-08-17 12:51:59,632 - INFO - HTTP Request: POST http://localhost:8000/v1/chat/completions "HTTP/1.1 200 OK"
2026-08-17 12:52:10,883 - INFO - HTTP Request: POST http://localhost:8000/v1/chat/completions "HTTP/1.1 200 OK"
2026-08-17 12:52:14,092 - INFO - HTTP Request: POST http://localhost:8000/v1/chat/completions "HTTP/1.1 200 OK"

2026-08-17 12:52:17,793 - INFO - HTTP Request: POST http://localhost:8000/v1/chat/completions "HTTP/1.1 200 OK"
2026-08-17 12:52:24,860 - INFO - HTTP Request: POST http://localhost:8000/v1/chat/completions "HTTP/1.1 200 OK"

2026-08-17 12:52:29,430 - INFO - HTTP Request: POST http://localhost:8000/v1/chat/completions "HTTP/1.1 200 OK"
2026-08-17 12:52:33,450 - INFO - HTTP Request: POST http://localhost:8000/v1/chat/completions "HTTP/1.1 200 OK"

2026-08-17 12:52:41,503 - INFO - HTTP Request: POST http://localhost:8000/v1/chat/completions "HTTP/1.1 200 OK"

2026-08-17 12:52:43,461 - INFO - HTTP Request: POST http://localhost:8000/v1/chat/completions "HTTP/1.1 200 OK"
2026-08-17 12:52:53,792 - INFO - HTTP Request: POST http://localhost:8000/v1/chat/completions "HTTP/1.1 200 OK"
2026-08-17 12:52:54,513 - INFO - HTTP Request: POST http://localhost:8000/v1/chat/completions "HTTP/1.1 200 OK"
2026-08-17 12:52:55,794 - INFO - HTTP Request: POST http://localhost:8000/v1/chat/completions "HTTP/1.1 200 OK"

2026-08-17 12:53:02,552 - INFO - HTTP Request: POST http://localhost:8000/v1/chat/completions "HTTP/1.1 200 OK"
2026-08-17 12:53:09,203 - INFO - HTTP Request: POST http://localhost:8000/v1/chat/completions "HTTP/1.1 200 OK"

2026-08-17 12:53:15,525 - INFO - HTTP Request: POST http://localhost:8000/v1/chat/completions "HTTP/1.1 200 OK"

2026-08-17 12:53:16,182 - INFO - HTTP Request: POST http://localhost:8000/v1/chat/completions "HTTP/1.1 200 OK"
2026-08-17 12:53:18,956 - INFO - HTTP Request: POST http://localhost:8000/v1/chat/completions "HTTP/1.1 200 OK"

2026-08-17 12:53:29,623 - INFO - HTTP Request: POST http://localhost:8000/v1/chat/completions "HTTP/1.1 200 OK"
2026-08-17 12:53:30,873 - INFO - HTTP Request: POST http://localhost:8000/v1/chat/completions "HTTP/1.1 200 OK"

2026-08-17 12:53:42,191 - INFO - HTTP Request: POST http://localhost:8000/v1/chat/completions "HTTP/1.1 200 OK"

2026-08-17 12:53:45,452 - INFO - HTTP Request: POST http://localhost:8000/v1/chat/completions "HTTP/1.1 200 OK"
2026-08-17 12:53:48,819 - INFO - HTTP Request: POST http://localhost:8000/v1/chat/completions "HTTP/1.1 200 OK"
2026-08-17 12:54:00,261 - INFO - HTTP Request: POST http://localhost:8000/v1/chat/completions "HTTP/1.1 200 OK"

2026-08-17 12:54:00,696 - INFO - HTTP Request: POST http://localhost:8000/v1/chat/completions "HTTP/1.1 200 OK"

2026-08-17 12:54:00,697 - INFO - HTTP Request: POST http://localhost:8000/v1/chat/completions "HTTP/1.1 200 OK"
2026-08-17 12:54:12,403 - INFO - HTTP Request: POST http://localhost:8000/v1/chat/completions "HTTP/1.1 200 OK"
2026-08-17 12:54:16,484 - INFO - HTTP Request: POST http://localhost:8000/v1/chat/completions "HTTP/1.1 200 OK"

2026-08-17 12:54:28,025 - INFO - HTTP Request: POST http://localhost:8000/v1/chat/completions "HTTP/1.1 200 OK"

2026-08-17 12:54:33,902 - INFO - HTTP Request: POST http://localhost:8000/v1/chat/completions "HTTP/1.1 200 OK"
2026-08-17 12:54:34,120 - INFO - HTTP Request: POST http://localhost:8000/v1/chat/completions "HTTP/1.1 200 OK"
2026-08-17 12:54:47,620 - INFO - HTTP Request: POST http://localhost:8000/v1/chat/completions "HTTP/1.1 200 OK"

r0_cfg24:  66%|██████▌   | 33/50 [52:39<38:23, 135.50s/it]2026-08-17 12:54:49,145 - INFO - HTTP Request: POST http://localhost:8000/v1/chat/completions "HTTP/1.1 200 OK"

r0_cfg24:  68%|██████▊   | 34/50 [52:41<25:24, 95.31s/it] 2026-08-17 12:54:49,798 - INFO - HTTP Request: POST http://localhost:8000/v1/chat/completions "HTTP/1.1 200 OK"
2026-08-17 12:55:01,708 - INFO - HTTP Request: POST http://localhost:8000/v1/chat/completions "HTTP/1.1 200 OK"

r0_cfg24:  70%|███████   | 35/50 [52:53<17:37, 70.49s/it]2026-08-17 12:55:02,143 - INFO - HTTP Request: POST http://localhost:8000/v1/chat/completions "HTTP/1.1 200 OK"
2026-08-17 12:55:10,353 - INFO - HTTP Request: POST http://localhost:8000/v1/chat/completions "HTTP/1.1 200 OK"
2026-08-17 12:55:12,197 - INFO - HTTP Request: POST http://localhost:8000/v1/chat/completions "HTTP/1.1 200 OK"
2026-08-17 12:55:16,875 - INFO - HTTP Request: POST http://localhost:8000/v1/chat/completions "HTTP/1.1 200 OK"

r0_cfg24:  72%|███████▏  | 36/50 [53:08<12:34, 53.89s/it]2026-08-17 12:55:20,144 - INFO - HTTP Request: POST http://localhost:8000/v1/chat/completions "HTTP/1.1 200 OK"

2026-08-17 12:55:24,060 - INFO - HTTP Request: POST http://localhost:8000/v1/chat/completions "HTTP/1.1 200 OK"

2026-08-17 12:55:24,714 - INFO - HTTP Request: POST http://localhost:8000/v1/chat/completions "HTTP/1.1 200 OK"
2026-08-17 12:55:39,168 - INFO - HTTP Request: POST http://localhost:8000/v1/chat/completions "HTTP/1.1 200 OK"

2026-08-17 12:55:39,169 - INFO - HTTP Request: POST http://localhost:8000/v1/chat/completions "HTTP/1.1 200 OK"
2026-08-17 12:55:46,697 - INFO - HTTP Request: POST http://localhost:8000/v1/chat/completions "HTTP/1.1 200 OK"
2026-08-17 12:55:48,809 - INFO - HTTP Request: POST http://localhost:8000/v1/chat/completions "HTTP/1.1 200 OK"

2026-08-17 12:55:50,986 - INFO - HTTP Request: POST http://localhost:8000/v1/chat/completions "HTTP/1.1 200 OK"
2026-08-17 12:55:59,144 - INFO - HTTP Request: POST http://localhost:8000/v1/chat/completions "HTTP/1.1 200 OK"

2026-08-17 12:56:02,845 - INFO - HTTP Request: POST http://localhost:8000/v1/chat/completions "HTTP/1.1 200 OK"

2026-08-17 12:56:06,105 - INFO - HTTP Request: POST http://localhost:8000/v1/chat/completions "HTTP/1.1 200 OK"
2026-08-17 12:56:15,562 - INFO - HTTP Request: POST http://localhost:8000/v1/chat/completions "HTTP/1.1 200 OK"
2026-08-17 12:56:20,933 - INFO - HTTP Request: POST http://localhost:8000/v1/chat/completions "HTTP/1.1 200 OK"

2026-08-17 12:56:23,979 - INFO - HTTP Request: POST http://localhost:8000/v1/chat/completions "HTTP/1.1 200 OK"
2026-08-17 12:56:28,002 - INFO - HTTP Request: POST http://localhost:8000/v1/chat/completions "HTTP/1.1 200 OK"
2026-08-17 12:56:28,006 - INFO - HTTP Request: POST http://localhost:8000/v1/chat/completions "HTTP/1.1 200 OK"

2026-08-17 12:56:33,983 - INFO - HTTP Request: POST http://localhost:8000/v1/chat/completions "HTTP/1.1 200 OK"

2026-08-17 12:56:39,212 - INFO - HTTP Request: POST http://localhost:8000/v1/chat/completions "HTTP/1.1 200 OK"

2026-08-17 12:56:45,954 - INFO - HTTP Request: POST http://localhost:8000/v1/chat/completions "HTTP/1.1 200 OK"
2026-08-17 12:56:53,016 - INFO - HTTP Request: POST http://localhost:8000/v1/chat/completions "HTTP/1.1 200 OK"
2026-08-17 12:56:57,948 - INFO - HTTP Request: POST http://localhost:8000/v1/chat/completions "HTTP/1.1 200 OK"
2026-08-17 12:56:59,356 - INFO - HTTP Request: POST http://localhost:8000/v1/chat/completions "HTTP/1.1 200 OK"

2026-08-17 12:57:03,503 - INFO - HTTP Request: POST http://localhost:8000/v1/chat/completions "HTTP/1.1 200 OK"

2026-08-17 12:57:04,165 - INFO - HTTP Request: POST http://localhost:8000/v1/chat/completions "HTTP/1.1 200 OK"
2026-08-17 12:57:11,132 - INFO - HTTP Request: POST http://localhost:8000/v1/chat/completions "HTTP/1.1 200 OK"

2026-08-17 12:57:17,013 - INFO - HTTP Request: POST http://localhost:8000/v1/chat/completions "HTTP/1.1 200 OK"

2026-08-17 12:57:23,969 - INFO - HTTP Request: POST http://localhost:8000/v1/chat/completions "HTTP/1.1 200 OK"
2026-08-17 12:57:28,486 - INFO - HTTP Request: POST http://localhost:8000/v1/chat/completions "HTTP/1.1 200 OK"
2026-08-17 12:57:31,464 - INFO - HTTP Request: POST http://localhost:8000/v1/chat/completions "HTTP/1.1 200 OK"
2026-08-17 12:57:37,018 - INFO - HTTP Request: POST http://localhost:8000/v1/chat/completions "HTTP/1.1 200 OK"

2026-08-17 12:57:37,680 - INFO - HTTP Request: POST http://localhost:8000/v1/chat/completions "HTTP/1.1 200 OK"
2026-08-17 12:57:41,706 - INFO - HTTP Request: POST http://localhost:8000/v1/chat/completions "HTTP/1.1 200 OK"

2026-08-17 12:57:43,459 - INFO - HTTP Request: POST http://localhost:8000/v1/chat/completions "HTTP/1.1 200 OK"

2026-08-17 12:57:50,635 - INFO - HTTP Request: POST http://localhost:8000/v1/chat/completions "HTTP/1.1 200 OK"

2026-08-17 12:57:57,152 - INFO - HTTP Request: POST http://localhost:8000/v1/chat/completions "HTTP/1.1 200 OK"
2026-08-17 12:58:01,385 - INFO - HTTP Request: POST http://localhost:8000/v1/chat/completions "HTTP/1.1 200 OK"
2026-08-17 12:58:07,930 - INFO - HTTP Request: POST http://localhost:8000/v1/chat/completions "HTTP/1.1 200 OK"

2026-08-17 12:58:12,714 - INFO - HTTP Request: POST http://localhost:8000/v1/chat/completions "HTTP/1.1 200 OK"
2026-08-17 12:58:16,514 - INFO - HTTP Request: POST http://localhost:8000/v1/chat/completions "HTTP/1.1 200 OK"

2026-08-17 12:58:20,213 - INFO - HTTP Request: POST http://localhost:8000/v1/chat/completions "HTTP/1.1 200 OK"
2026-08-17 12:58:25,536 - INFO - HTTP Request: POST http://localhost:8000/v1/chat/completions "HTTP/1.1 200 OK"

2026-08-17 12:58:34,673 - INFO - HTTP Request: POST http://localhost:8000/v1/chat/completions "HTTP/1.1 200 OK"

2026-08-17 12:58:37,282 - INFO - HTTP Request: POST http://localhost:8000/v1/chat/completions "HTTP/1.1 200 OK"
2026-08-17 12:58:45,866 - INFO - HTTP Request: POST http://localhost:8000/v1/chat/completions "HTTP/1.1 200 OK"
2026-08-17 12:58:45,867 - INFO - HTTP Request: POST http://localhost:8000/v1/chat/completions "HTTP/1.1 200 OK"
2026-08-17 12:58:54,241 - INFO - HTTP Request: POST http://localhost:8000/v1/chat/completions "HTTP/1.1 200 OK"

2026-08-17 12:58:55,116 - INFO - HTTP Request: POST http://localhost:8000/v1/chat/completions "HTTP/1.1 200 OK"

2026-08-17 12:58:55,550 - INFO - HTTP Request: POST http://localhost:8000/v1/chat/completions "HTTP/1.1 200 OK"
2026-08-17 12:58:59,140 - INFO - HTTP Request: POST http://localhost:8000/v1/chat/completions "HTTP/1.1 200 OK"

2026-08-17 12:59:07,843 - INFO - HTTP Request: POST http://localhost:8000/v1/chat/completions "HTTP/1.1 200 OK"

2026-08-17 12:59:14,581 - INFO - HTTP Request: POST http://localhost:8000/v1/chat/completions "HTTP/1.1 200 OK"
2026-08-17 12:59:19,471 - INFO - HTTP Request: POST http://localhost:8000/v1/chat/completions "HTTP/1.1 200 OK"
2026-08-17 12:59:25,059 - INFO - HTTP Request: POST http://localhost:8000/v1/chat/completions "HTTP/1.1 200 OK"
2026-08-17 12:59:27,998 - INFO - HTTP Request: POST http://localhost:8000/v1/chat/completions "HTTP/1.1 200 OK"

2026-08-17 12:59:32,361 - INFO - HTTP Request: POST http://localhost:8000/v1/chat/completions "HTTP/1.1 200 OK"

2026-08-17 12:59:36,497 - INFO - HTTP Request: POST http://localhost:8000/v1/chat/completions "HTTP/1.1 200 OK"

2026-08-17 12:59:37,809 - INFO - HTTP Request: POST http://localhost:8000/v1/chat/completions "HTTP/1.1 200 OK"
2026-08-17 12:59:51,839 - INFO - HTTP Request: POST http://localhost:8000/v1/chat/completions "HTTP/1.1 200 OK"

2026-08-17 12:59:57,499 - INFO - HTTP Request: POST http://localhost:8000/v1/chat/completions "HTTP/1.1 200 OK"
2026-08-17 13:00:02,172 - INFO - HTTP Request: POST http://localhost:8000/v1/chat/completions "HTTP/1.1 200 OK"
2026-08-17 13:00:09,941 - INFO - HTTP Request: POST http://localhost:8000/v1/chat/completions "HTTP/1.1 200 OK"
2026-08-17 13:00:11,791 - INFO - HTTP Request: POST http://localhost:8000/v1/chat/completions "HTTP/1.1 200 OK"

2026-08-17 13:00:12,456 - INFO - HTTP Request: POST http://localhost:8000/v1/chat/completions "HTTP/1.1 200 OK"

2026-08-17 13:00:19,425 - INFO - HTTP Request: POST http://localhost:8000/v1/chat/completions "HTTP/1.1 200 OK"

r0_cfg24:  74%|███████▍  | 37/50 [58:11<27:50, 128.49s/it]2026-08-17 13:00:25,077 - INFO - HTTP Request: POST http://localhost:8000/v1/chat/completions "HTTP/1.1 200 OK"
2026-08-17 13:00:39,104 - INFO - HTTP Request: POST http://localhost:8000/v1/chat/completions "HTTP/1.1 200 OK"

r0_cfg24:  76%|███████▌  | 38/50 [58:31<19:10, 95.85s/it] 2026-08-17 13:00:41,713 - INFO - HTTP Request: POST http://localhost:8000/v1/chat/completions "HTTP/1.1 200 OK"
2026-08-17 13:00:44,842 - INFO - HTTP Request: POST http://localhost:8000/v1/chat/completions "HTTP/1.1 200 OK"
2026-08-17 13:00:47,121 - INFO - HTTP Request: POST http://localhost:8000/v1/chat/completions "HTTP/1.1 200 OK"
2026-08-17 13:00:53,970 - INFO - HTTP Request: POST http://localhost:8000/v1/chat/completions "HTTP/1.1 200 OK"

2026-08-17 13:00:59,199 - INFO - HTTP Request: POST http://localhost:8000/v1/chat/completions "HTTP/1.1 200 OK"

r0_cfg24:  78%|███████▊  | 39/50 [58:51<13:24, 73.12s/it]2026-08-17 13:00:59,507 - INFO - HTTP Request: POST http://localhost:8000/v1/chat/completions "HTTP/1.1 200 OK"

r0_cfg24:  80%|████████  | 40/50 [58:51<08:32, 51.28s/it]2026-08-17 13:01:02,023 - INFO - HTTP Request: POST http://localhost:8000/v1/chat/completions "HTTP/1.1 200 OK"
2026-08-17 13:01:14,215 - INFO - HTTP Request: POST http://localhost:8000/v1/chat/completions "HTTP/1.1 200 OK"

2026-08-17 13:01:20,081 - INFO - HTTP Request: POST http://localhost:8000/v1/chat/completions "HTTP/1.1 200 OK"
2026-08-17 13:01:21,985 - INFO - HTTP Request: POST http://localhost:8000/v1/chat/completions "HTTP/1.1 200 OK"
2026-08-17 13:01:22,203 - INFO - HTTP Request: POST http://localhost:8000/v1/chat/completions "HTTP/1.1 200 OK"
2026-08-17 13:01:32,488 - INFO - HTTP Request: POST http://localhost:8000/v1/chat/completions "HTTP/1.1 200 OK"

2026-08-17 13:01:34,669 - INFO - HTTP Request: POST http://localhost:8000/v1/chat/completions "HTTP/1.1 200 OK"

2026-08-17 13:01:38,805 - INFO - HTTP Request: POST http://localhost:8000/v1/chat/completions "HTTP/1.1 200 OK"

2026-08-17 13:01:41,412 - INFO - HTTP Request: POST http://localhost:8000/v1/chat/completions "HTTP/1.1 200 OK"
2026-08-17 13:01:53,824 - INFO - HTTP Request: POST http://localhost:8000/v1/chat/completions "HTTP/1.1 200 OK"

2026-08-17 13:01:57,084 - INFO - HTTP Request: POST http://localhost:8000/v1/chat/completions "HTTP/1.1 200 OK"
2026-08-17 13:02:01,303 - INFO - HTTP Request: POST http://localhost:8000/v1/chat/completions "HTTP/1.1 200 OK"
2026-08-17 13:02:05,821 - INFO - HTTP Request: POST http://localhost:8000/v1/chat/completions "HTTP/1.1 200 OK"
2026-08-17 13:02:11,814 - INFO - HTTP Request: POST http://localhost:8000/v1/chat/completions "HTTP/1.1 200 OK"

2026-08-17 13:02:14,003 - INFO - HTTP Request: POST http://localhost:8000/v1/chat/completions "HTTP/1.1 200 OK"

2026-08-17 13:02:18,791 - INFO - HTTP Request: POST http://localhost:8000/v1/chat/completions "HTTP/1.1 200 OK"

2026-08-17 13:02:19,225 - INFO - HTTP Request: POST http://localhost:8000/v1/chat/completions "HTTP/1.1 200 OK"
2026-08-17 13:02:35,554 - INFO - HTTP Request: POST http://localhost:8000/v1/chat/completions "HTTP/1.1 200 OK"
2026-08-17 13:02:37,813 - INFO - HTTP Request: POST http://localhost:8000/v1/chat/completions "HTTP/1.1 200 OK"

2026-08-17 13:02:38,909 - INFO - HTTP Request: POST http://localhost:8000/v1/chat/completions "HTTP/1.1 200 OK"
2026-08-17 13:02:44,081 - INFO - HTTP Request: POST http://localhost:8000/v1/chat/completions "HTTP/1.1 200 OK"
2026-08-17 13:02:48,329 - INFO - HTTP Request: POST http://localhost:8000/v1/chat/completions "HTTP/1.1 200 OK"

2026-08-17 13:02:50,734 - INFO - HTTP Request: POST http://localhost:8000/v1/chat/completions "HTTP/1.1 200 OK"

2026-08-17 13:02:57,052 - INFO - HTTP Request: POST http://localhost:8000/v1/chat/completions "HTTP/1.1 200 OK"

2026-08-17 13:03:02,707 - INFO - HTTP Request: POST http://localhost:8000/v1/chat/completions "HTTP/1.1 200 OK"
2026-08-17 13:03:07,936 - INFO - HTTP Request: POST http://localhost:8000/v1/chat/completions "HTTP/1.1 200 OK"
2026-08-17 13:03:15,211 - INFO - HTTP Request: POST http://localhost:8000/v1/chat/completions "HTTP/1.1 200 OK"
2026-08-17 13:03:15,428 - INFO - HTTP Request: POST http://localhost:8000/v1/chat/completions "HTTP/1.1 200 OK"

2026-08-17 13:03:21,261 - INFO - HTTP Request: POST http://localhost:8000/v1/chat/completions "HTTP/1.1 200 OK"

2026-08-17 13:03:21,917 - INFO - HTTP Request: POST http://localhost:8000/v1/chat/completions "HTTP/1.1 200 OK"
2026-08-17 13:03:28,329 - INFO - HTTP Request: POST http://localhost:8000/v1/chat/completions "HTTP/1.1 200 OK"

2026-08-17 13:03:34,428 - INFO - HTTP Request: POST http://localhost:8000/v1/chat/completions "HTTP/1.1 200 OK"

2026-08-17 13:03:35,955 - INFO - HTTP Request: POST http://localhost:8000/v1/chat/completions "HTTP/1.1 200 OK"
2026-08-17 13:03:48,364 - INFO - HTTP Request: POST http://localhost:8000/v1/chat/completions "HTTP/1.1 200 OK"
2026-08-17 13:03:50,921 - INFO - HTTP Request: POST http://localhost:8000/v1/chat/completions "HTTP/1.1 200 OK"
2026-08-17 13:03:53,185 - INFO - HTTP Request: POST http://localhost:8000/v1/chat/completions "HTTP/1.1 200 OK"

2026-08-17 13:03:54,713 - INFO - HTTP Request: POST http://localhost:8000/v1/chat/completions "HTTP/1.1 200 OK"
2026-08-17 13:04:00,923 - INFO - HTTP Request: POST http://localhost:8000/v1/chat/completions "HTTP/1.1 200 OK"

2026-08-17 13:04:05,497 - INFO - HTTP Request: POST http://localhost:8000/v1/chat/completions "HTTP/1.1 200 OK"

2026-08-17 13:04:06,805 - INFO - HTTP Request: POST http://localhost:8000/v1/chat/completions "HTTP/1.1 200 OK"

2026-08-17 13:04:22,228 - INFO - HTTP Request: POST http://localhost:8000/v1/chat/completions "HTTP/1.1 200 OK"
2026-08-17 13:04:27,026 - INFO - HTTP Request: POST http://localhost:8000/v1/chat/completions "HTTP/1.1 200 OK"
2026-08-17 13:04:30,161 - INFO - HTTP Request: POST http://localhost:8000/v1/chat/completions "HTTP/1.1 200 OK"
2026-08-17 13:04:35,119 - INFO - HTTP Request: POST http://localhost:8000/v1/chat/completions "HTTP/1.1 200 OK"
2026-08-17 13:04:37,179 - INFO - HTTP Request: POST http://localhost:8000/v1/chat/completions "HTTP/1.1 200 OK"

2026-08-17 13:04:39,800 - INFO - HTTP Request: POST http://localhost:8000/v1/chat/completions "HTTP/1.1 200 OK"

2026-08-17 13:04:41,328 - INFO - HTTP Request: POST http://localhost:8000/v1/chat/completions "HTTP/1.1 200 OK"

2026-08-17 13:04:46,986 - INFO - HTTP Request: POST http://localhost:8000/v1/chat/completions "HTTP/1.1 200 OK"

2026-08-17 13:04:57,199 - INFO - HTTP Request: POST http://localhost:8000/v1/chat/completions "HTTP/1.1 200 OK"
2026-08-17 13:05:01,566 - INFO - HTTP Request: POST http://localhost:8000/v1/chat/completions "HTTP/1.1 200 OK"
2026-08-17 13:05:07,609 - INFO - HTTP Request: POST http://localhost:8000/v1/chat/completions "HTTP/1.1 200 OK"
2026-08-17 13:05:09,895 - INFO - HTTP Request: POST http://localhost:8000/v1/chat/completions "HTTP/1.1 200 OK"
2026-08-17 13:05:10,598 - INFO - HTTP Request: POST http://localhost:8000/v1/chat/completions "HTTP/1.1 200 OK"

2026-08-17 13:05:13,698 - INFO - HTTP Request: POST http://localhost:8000/v1/chat/completions "HTTP/1.1 200 OK"

2026-08-17 13:05:22,854 - INFO - HTTP Request: POST http://localhost:8000/v1/chat/completions "HTTP/1.1 200 OK"

2026-08-17 13:05:25,474 - INFO - HTTP Request: POST http://localhost:8000/v1/chat/completions "HTTP/1.1 200 OK"

2026-08-17 13:05:39,819 - INFO - HTTP Request: POST http://localhost:8000/v1/chat/completions "HTTP/1.1 200 OK"
2026-08-17 13:05:43,096 - INFO - HTTP Request: POST http://localhost:8000/v1/chat/completions "HTTP/1.1 200 OK"
2026-08-17 13:05:54,594 - INFO - HTTP Request: POST http://localhost:8000/v1/chat/completions "HTTP/1.1 200 OK"
2026-08-17 13:05:55,364 - INFO - HTTP Request: POST http://localhost:8000/v1/chat/completions "HTTP/1.1 200 OK"

2026-08-17 13:05:55,690 - INFO - HTTP Request: POST http://localhost:8000/v1/chat/completions "HTTP/1.1 200 OK"
2026-08-17 13:06:03,215 - INFO - HTTP Request: POST http://localhost:8000/v1/chat/completions "HTTP/1.1 200 OK"

2026-08-17 13:06:04,969 - INFO - HTTP Request: POST http://localhost:8000/v1/chat/completions "HTTP/1.1 200 OK"

r0_cfg24:  82%|████████▏ | 41/50 [1:03:56<19:07, 127.53s/it]2026-08-17 13:06:13,673 - INFO - HTTP Request: POST http://localhost:8000/v1/chat/completions "HTTP/1.1 200 OK"

2026-08-17 13:06:26,935 - INFO - HTTP Request: POST http://localhost:8000/v1/chat/completions "HTTP/1.1 200 OK"
2026-08-17 13:06:28,377 - INFO - HTTP Request: POST http://localhost:8000/v1/chat/completions "HTTP/1.1 200 OK"
2026-08-17 13:06:36,661 - INFO - HTTP Request: POST http://localhost:8000/v1/chat/completions "HTTP/1.1 200 OK"
2026-08-17 13:06:40,531 - INFO - HTTP Request: POST http://localhost:8000/v1/chat/completions "HTTP/1.1 200 OK"

r0_cfg24:  84%|████████▍ | 42/50 [1:04:32<13:19, 99.94s/it] 2026-08-17 13:06:41,624 - INFO - HTTP Request: POST http://localhost:8000/v1/chat/completions "HTTP/1.1 200 OK"

2026-08-17 13:06:47,067 - INFO - HTTP Request: POST http://localhost:8000/v1/chat/completions "HTTP/1.1 200 OK"
2026-08-17 13:06:55,667 - INFO - HTTP Request: POST http://localhost:8000/v1/chat/completions "HTTP/1.1 200 OK"

r0_cfg24:  86%|████████▌ | 43/50 [1:04:47<08:41, 74.50s/it]2026-08-17 13:07:01,327 - INFO - HTTP Request: POST http://localhost:8000/v1/chat/completions "HTTP/1.1 200 OK"

r0_cfg24:  88%|████████▊ | 44/50 [1:04:53<05:23, 53.85s/it]2026-08-17 13:07:02,848 - INFO - HTTP Request: POST http://localhost:8000/v1/chat/completions "HTTP/1.1 200 OK"
2026-08-17 13:07:08,391 - INFO - HTTP Request: POST http://localhost:8000/v1/chat/completions "HTTP/1.1 200 OK"
2026-08-17 13:07:17,469 - INFO - HTTP Request: POST http://localhost:8000/v1/chat/completions "HTTP/1.1 200 OK"

2026-08-17 13:07:17,470 - INFO - HTTP Request: POST http://localhost:8000/v1/chat/completions "HTTP/1.1 200 OK"

2026-08-17 13:07:18,128 - INFO - HTTP Request: POST http://localhost:8000/v1/chat/completions "HTTP/1.1 200 OK"
2026-08-17 13:07:24,098 - INFO - HTTP Request: POST http://localhost:8000/v1/chat/completions "HTTP/1.1 200 OK"
2026-08-17 13:07:30,299 - INFO - HTTP Request: POST http://localhost:8000/v1/chat/completions "HTTP/1.1 200 OK"

2026-08-17 13:07:36,174 - INFO - HTTP Request: POST http://localhost:8000/v1/chat/completions "HTTP/1.1 200 OK"

2026-08-17 13:07:42,473 - INFO - HTTP Request: POST http://localhost:8000/v1/chat/completions "HTTP/1.1 200 OK"
2026-08-17 13:07:44,362 - INFO - HTTP Request: POST http://localhost:8000/v1/chat/completions "HTTP/1.1 200 OK"
2026-08-17 13:07:53,228 - INFO - HTTP Request: POST http://localhost:8000/v1/chat/completions "HTTP/1.1 200 OK"

2026-08-17 13:07:55,630 - INFO - HTTP Request: POST http://localhost:8000/v1/chat/completions "HTTP/1.1 200 OK"

2026-08-17 13:07:56,935 - INFO - HTTP Request: POST http://localhost:8000/v1/chat/completions "HTTP/1.1 200 OK"
2026-08-17 13:08:03,126 - INFO - HTTP Request: POST http://localhost:8000/v1/chat/completions "HTTP/1.1 200 OK"
2026-08-17 13:08:10,422 - INFO - HTTP Request: POST http://localhost:8000/v1/chat/completions "HTTP/1.1 200 OK"

2026-08-17 13:08:16,082 - INFO - HTTP Request: POST http://localhost:8000/v1/chat/completions "HTTP/1.1 200 OK"

2026-08-17 13:08:18,038 - INFO - HTTP Request: POST http://localhost:8000/v1/chat/completions "HTTP/1.1 200 OK"
2026-08-17 13:08:20,725 - INFO - HTTP Request: POST http://localhost:8000/v1/chat/completions "HTTP/1.1 200 OK"
2026-08-17 13:08:30,895 - INFO - HTTP Request: POST http://localhost:8000/v1/chat/completions "HTTP/1.1 200 OK"

2026-08-17 13:08:35,254 - INFO - HTTP Request: POST http://localhost:8000/v1/chat/completions "HTTP/1.1 200 OK"
2026-08-17 13:08:36,879 - INFO - HTTP Request: POST http://localhost:8000/v1/chat/completions "HTTP/1.1 200 OK"

2026-08-17 13:08:41,238 - INFO - HTTP Request: POST http://localhost:8000/v1/chat/completions "HTTP/1.1 200 OK"
2026-08-17 13:08:50,272 - INFO - HTTP Request: POST http://localhost:8000/v1/chat/completions "HTTP/1.1 200 OK"

2026-08-17 13:08:51,370 - INFO - HTTP Request: POST http://localhost:8000/v1/chat/completions "HTTP/1.1 200 OK"
2026-08-17 13:08:54,340 - INFO - HTTP Request: POST http://localhost:8000/v1/chat/completions "HTTP/1.1 200 OK"

2026-08-17 13:08:59,998 - INFO - HTTP Request: POST http://localhost:8000/v1/chat/completions "HTTP/1.1 200 OK"

2026-08-17 13:09:01,302 - INFO - HTTP Request: POST http://localhost:8000/v1/chat/completions "HTTP/1.1 200 OK"
2026-08-17 13:09:13,808 - INFO - HTTP Request: POST http://localhost:8000/v1/chat/completions "HTTP/1.1 200 OK"

2026-08-17 13:09:14,684 - INFO - HTTP Request: POST http://localhost:8000/v1/chat/completions "HTTP/1.1 200 OK"
2026-08-17 13:09:19,134 - INFO - HTTP Request: POST http://localhost:8000/v1/chat/completions "HTTP/1.1 200 OK"
2026-08-17 13:09:27,799 - INFO - HTTP Request: POST http://localhost:8000/v1/chat/completions "HTTP/1.1 200 OK"

2026-08-17 13:09:29,766 - INFO - HTTP Request: POST http://localhost:8000/v1/chat/completions "HTTP/1.1 200 OK"
2026-08-17 13:09:32,022 - INFO - HTTP Request: POST http://localhost:8000/v1/chat/completions "HTTP/1.1 200 OK"

2026-08-17 13:09:34,421 - INFO - HTTP Request: POST http://localhost:8000/v1/chat/completions "HTTP/1.1 200 OK"
2026-08-17 13:09:42,411 - INFO - HTTP Request: POST http://localhost:8000/v1/chat/completions "HTTP/1.1 200 OK"

2026-08-17 13:09:47,198 - INFO - HTTP Request: POST http://localhost:8000/v1/chat/completions "HTTP/1.1 200 OK"

2026-08-17 13:09:48,069 - INFO - HTTP Request: POST http://localhost:8000/v1/chat/completions "HTTP/1.1 200 OK"
2026-08-17 13:09:52,518 - INFO - HTTP Request: POST http://localhost:8000/v1/chat/completions "HTTP/1.1 200 OK"
2026-08-17 13:09:59,596 - INFO - HTTP Request: POST http://localhost:8000/v1/chat/completions "HTTP/1.1 200 OK"

2026-08-17 13:10:01,992 - INFO - HTTP Request: POST http://localhost:8000/v1/chat/completions "HTTP/1.1 200 OK"

2026-08-17 13:10:03,080 - INFO - HTTP Request: POST http://localhost:8000/v1/chat/completions "HTTP/1.1 200 OK"
2026-08-17 13:10:16,496 - INFO - HTTP Request: POST http://localhost:8000/v1/chat/completions "HTTP/1.1 200 OK"

2026-08-17 13:10:16,714 - INFO - HTTP Request: POST http://localhost:8000/v1/chat/completions "HTTP/1.1 200 OK"
2026-08-17 13:10:28,789 - INFO - HTTP Request: POST http://localhost:8000/v1/chat/completions "HTTP/1.1 200 OK"
2026-08-17 13:10:31,502 - INFO - HTTP Request: POST http://localhost:8000/v1/chat/completions "HTTP/1.1 200 OK"
2026-08-17 13:10:32,692 - INFO - HTTP Request: POST http://localhost:8000/v1/chat/completions "HTTP/1.1 200 OK"

2026-08-17 13:10:42,063 - INFO - HTTP Request: POST http://localhost:8000/v1/chat/completions "HTTP/1.1 200 OK"

2026-08-17 13:10:44,025 - INFO - HTTP Request: POST http://localhost:8000/v1/chat/completions "HTTP/1.1 200 OK"

2026-08-17 13:10:46,635 - INFO - HTTP Request: POST http://localhost:8000/v1/chat/completions "HTTP/1.1 200 OK"
2026-08-17 13:10:52,862 - INFO - HTTP Request: POST http://localhost:8000/v1/chat/completions "HTTP/1.1 200 OK"
2026-08-17 13:11:01,731 - INFO - HTTP Request: POST http://localhost:8000/v1/chat/completions "HTTP/1.1 200 OK"

2026-08-17 13:11:02,611 - INFO - HTTP Request: POST http://localhost:8000/v1/chat/completions "HTTP/1.1 200 OK"
2026-08-17 13:11:04,892 - INFO - HTTP Request: POST http://localhost:8000/v1/chat/completions "HTTP/1.1 200 OK"
2026-08-17 13:11:09,414 - INFO - HTTP Request: POST http://localhost:8000/v1/chat/completions "HTTP/1.1 200 OK"

2026-08-17 13:11:15,733 - INFO - HTTP Request: POST http://localhost:8000/v1/chat/completions "HTTP/1.1 200 OK"

2026-08-17 13:11:17,042 - INFO - HTTP Request: POST http://localhost:8000/v1/chat/completions "HTTP/1.1 200 OK"

2026-08-17 13:11:34,863 - INFO - HTTP Request: POST http://localhost:8000/v1/chat/completions "HTTP/1.1 200 OK"
2026-08-17 13:11:38,700 - INFO - HTTP Request: POST http://localhost:8000/v1/chat/completions "HTTP/1.1 200 OK"
2026-08-17 13:11:45,391 - INFO - HTTP Request: POST http://localhost:8000/v1/chat/completions "HTTP/1.1 200 OK"
2026-08-17 13:11:47,018 - INFO - HTTP Request: POST http://localhost:8000/v1/chat/completions "HTTP/1.1 200 OK"
2026-08-17 13:11:48,216 - INFO - HTTP Request: POST http://localhost:8000/v1/chat/completions "HTTP/1.1 200 OK"

r0_cfg24:  90%|█████████ | 45/50 [1:09:40<10:18, 123.76s/it]2026-08-17 13:11:56,941 - INFO - HTTP Request: POST http://localhost:8000/v1/chat/completions "HTTP/1.1 200 OK"

2026-08-17 13:11:58,259 - INFO - HTTP Request: POST http://localhost:8000/v1/chat/completions "HTTP/1.1 200 OK"

2026-08-17 13:12:00,663 - INFO - HTTP Request: POST http://localhost:8000/v1/chat/completions "HTTP/1.1 200 OK"

2026-08-17 13:12:10,229 - INFO - HTTP Request: POST http://localhost:8000/v1/chat/completions "HTTP/1.1 200 OK"
2026-08-17 13:12:23,222 - INFO - HTTP Request: POST http://localhost:8000/v1/chat/completions "HTTP/1.1 200 OK"

2026-08-17 13:12:29,743 - INFO - HTTP Request: POST http://localhost:8000/v1/chat/completions "HTTP/1.1 200 OK"
2026-08-17 13:12:31,858 - INFO - HTTP Request: POST http://localhost:8000/v1/chat/completions "HTTP/1.1 200 OK"
2026-08-17 13:12:34,485 - INFO - HTTP Request: POST http://localhost:8000/v1/chat/completions "HTTP/1.1 200 OK"
2026-08-17 13:12:42,224 - INFO - HTTP Request: POST http://localhost:8000/v1/chat/completions "HTTP/1.1 200 OK"

r0_cfg24:  92%|█████████▏| 46/50 [1:10:34<06:51, 102.83s/it]2026-08-17 13:12:46,149 - INFO - HTTP Request: POST http://localhost:8000/v1/chat/completions "HTTP/1.1 200 OK"

2026-08-17 13:12:46,150 - INFO - HTTP Request: POST http://localhost:8000/v1/chat/completions "HTTP/1.1 200 OK"
r0_cfg24:  94%|█████████▍| 47/50 [1:10:38<03:39, 73.16s/it] 
2026-08-17 13:12:50,484 - INFO - HTTP Request: POST http://localhost:8000/v1/chat/completions "HTTP/1.1 200 OK"
2026-08-17 13:13:01,545 - INFO - HTTP Request: POST http://localhost:8000/v1/chat/completions "HTTP/1.1 200 OK"

2026-08-17 13:13:04,185 - INFO - HTTP Request: POST http://localhost:8000/v1/chat/completions "HTTP/1.1 200 OK"
2026-08-17 13:13:16,487 - INFO - HTTP Request: POST http://localhost:8000/v1/chat/completions "HTTP/1.1 200 OK"

2026-08-17 13:13:25,627 - INFO - HTTP Request: POST http://localhost:8000/v1/chat/completions "HTTP/1.1 200 OK"
2026-08-17 13:13:38,856 - INFO - HTTP Request: POST http://localhost:8000/v1/chat/completions "HTTP/1.1 200 OK"

2026-08-17 13:13:42,362 - INFO - HTTP Request: POST http://localhost:8000/v1/chat/completions "HTTP/1.1 200 OK"
2026-08-17 13:13:55,372 - INFO - HTTP Request: POST http://localhost:8000/v1/chat/completions "HTTP/1.1 200 OK"

2026-08-17 13:14:02,779 - INFO - HTTP Request: POST http://localhost:8000/v1/chat/completions "HTTP/1.1 200 OK"
2026-08-17 13:14:15,303 - INFO - HTTP Request: POST http://localhost:8000/v1/chat/completions "HTTP/1.1 200 OK"

2026-08-17 13:14:19,465 - INFO - HTTP Request: POST http://localhost:8000/v1/chat/completions "HTTP/1.1 200 OK"
2026-08-17 13:14:32,638 - INFO - HTTP Request: POST http://localhost:8000/v1/chat/completions "HTTP/1.1 200 OK"

2026-08-17 13:14:34,843 - INFO - HTTP Request: POST http://localhost:8000/v1/chat/completions "HTTP/1.1 200 OK"
2026-08-17 13:14:45,468 - INFO - HTTP Request: POST http://localhost:8000/v1/chat/completions "HTTP/1.1 200 OK"

2026-08-17 13:14:55,908 - INFO - HTTP Request: POST http://localhost:8000/v1/chat/completions "HTTP/1.1 200 OK"
2026-08-17 13:15:08,211 - INFO - HTTP Request: POST http://localhost:8000/v1/chat/completions "HTTP/1.1 200 OK"

2026-08-17 13:15:13,890 - INFO - HTTP Request: POST http://localhost:8000/v1/chat/completions "HTTP/1.1 200 OK"
2026-08-17 13:15:27,934 - INFO - HTTP Request: POST http://localhost:8000/v1/chat/completions "HTTP/1.1 200 OK"
2026-08-17 13:15:28,731 - INFO - HTTP Request: POST http://localhost:8000/v1/chat/completions "HTTP/1.1 200 OK"

2026-08-17 13:15:38,107 - INFO - HTTP Request: POST http://localhost:8000/v1/chat/completions "HTTP/1.1 200 OK"

2026-08-17 13:15:48,331 - INFO - HTTP Request: POST http://localhost:8000/v1/chat/completions "HTTP/1.1 200 OK"
2026-08-17 13:16:01,127 - INFO - HTTP Request: POST http://localhost:8000/v1/chat/completions "HTTP/1.1 200 OK"

2026-08-17 13:16:06,583 - INFO - HTTP Request: POST http://localhost:8000/v1/chat/completions "HTTP/1.1 200 OK"
2026-08-17 13:16:22,146 - INFO - HTTP Request: POST http://localhost:8000/v1/chat/completions "HTTP/1.1 200 OK"

2026-08-17 13:16:29,988 - INFO - HTTP Request: POST http://localhost:8000/v1/chat/completions "HTTP/1.1 200 OK"
2026-08-17 13:16:42,136 - INFO - HTTP Request: POST http://localhost:8000/v1/chat/completions "HTTP/1.1 200 OK"

2026-08-17 13:16:42,137 - INFO - HTTP Request: POST http://localhost:8000/v1/chat/completions "HTTP/1.1 200 OK"
2026-08-17 13:16:55,112 - INFO - HTTP Request: POST http://localhost:8000/v1/chat/completions "HTTP/1.1 200 OK"

2026-08-17 13:17:15,096 - INFO - HTTP Request: POST http://localhost:8000/v1/chat/completions "HTTP/1.1 200 OK"
2026-08-17 13:17:24,204 - INFO - HTTP Request: POST http://localhost:8000/v1/chat/completions "HTTP/1.1 200 OK"
2026-08-17 13:17:25,217 - INFO - HTTP Request: POST http://localhost:8000/v1/chat/completions "HTTP/1.1 200 OK"

r0_cfg24:  98%|█████████▊| 49/50 [1:15:17<01:43, 103.79s/it]2026-08-17 13:17:27,173 - INFO - HTTP Request: POST http://localhost:8000/v1/chat/completions "HTTP/1.1 200 OK"

2026-08-17 13:17:33,035 - INFO - HTTP Request: POST http://localhost:8000/v1/chat/completions "HTTP/1.1 200 OK"
2026-08-17 13:17:35,816 - INFO - HTTP Request: POST http://localhost:8000/v1/chat/completions "HTTP/1.1 200 OK"

r0_cfg24: 100%|██████████| 50/50 [1:15:27<00:00, 80.69s/it] r0_cfg24: 100%|██████████| 50/50 [1:15:28<00:00, 90.56s/it]
  done in 4528.0s (valid 50/50, invalid {})

Scored 1 model/s.
Report:  /LAB/Swiss-Knife/tribunal/bayes_search_honesty/eval_results/round0/r0_cfg24/report/index.html
Tables:  /LAB/Swiss-Knife/tribunal/bayes_search_honesty/eval_results/round0/r0_cfg24/model_summary.csv, /LAB/Swiss-Knife/tribunal/bayes_search_honesty/eval_results/round0/r0_cfg24/summary.csv
