2026-08-17 14:10:50,273 - INFO - Judge client pointed at http://localhost:8002/v1
2026-08-17 14:10:53,639 - INFO - Loading Detoxify model (CPU)
2026-08-17 14:10:57,434 - INFO - HTTP Request: HEAD https://huggingface.co/bert-base-uncased/resolve/main/config.json "HTTP/1.1 200 OK"
Warning: You are sending unauthenticated requests to the HF Hub. Please set a HF_TOKEN to enable higher rate limits and faster downloads.
2026-08-17 14:10:57,435 - WARNING - Warning: You are sending unauthenticated requests to the HF Hub. Please set a HF_TOKEN to enable higher rate limits and faster downloads.
input:  /LAB/Swiss-Knife/tribunal/bayes_search_honesty/eval_results/round0/r0_cfg34/_tribunal_input_tmp (1 model file/s)
output: /LAB/Swiss-Knife/tribunal/bayes_search_honesty/eval_results/round0/r0_cfg34
judge:  Qwen/Qwen2.5-32B-Instruct @ http://localhost:8002/v1
detoxify cross-check: True
Loading weights:   0%|          | 0/201 [00:00<?, ?it/s]Loading weights: 100%|██████████| 201/201 [00:00<00:00, 32652.51it/s]
2026-08-17 14:10:57,771 - INFO - HTTP Request: HEAD https://huggingface.co/bert-base-uncased/resolve/main/tokenizer_config.json "HTTP/1.1 200 OK"
2026-08-17 14:10:57,984 - INFO - HTTP Request: GET https://huggingface.co/api/models/bert-base-uncased/tree/main/additional_chat_templates?recursive=false&expand=false "HTTP/1.1 307 Temporary Redirect"
2026-08-17 14:10:58,300 - INFO - HTTP Request: GET https://huggingface.co/api/models/google-bert/bert-base-uncased/tree/main/additional_chat_templates?recursive=false&expand=false "HTTP/1.1 404 Not Found"
2026-08-17 14:10:58,521 - INFO - HTTP Request: GET https://huggingface.co/api/models/bert-base-uncased/tree/main?recursive=true&expand=false "HTTP/1.1 307 Temporary Redirect"
2026-08-17 14:10:58,731 - INFO - HTTP Request: GET https://huggingface.co/api/models/google-bert/bert-base-uncased/tree/main?recursive=true&expand=false "HTTP/1.1 200 OK"

[1/1] r0_cfg34
  scoring 50 records (0 skipped or cached) [workers=4]
r0_cfg34:   0%|          | 0/50 [00:00<?, ?it/s]2026-08-17 14:11:20,787 - INFO - HTTP Request: POST http://localhost:8002/v1/chat/completions "HTTP/1.1 200 OK"
2026-08-17 14:11:21,004 - INFO - HTTP Request: POST http://localhost:8002/v1/chat/completions "HTTP/1.1 200 OK"
2026-08-17 14:11:21,006 - INFO - HTTP Request: POST http://localhost:8002/v1/chat/completions "HTTP/1.1 200 OK"
2026-08-17 14:11:21,627 - INFO - HTTP Request: POST http://localhost:8002/v1/chat/completions "HTTP/1.1 200 OK"
2026-08-17 14:11:32,412 - INFO - HTTP Request: POST http://localhost:8002/v1/chat/completions "HTTP/1.1 200 OK"

2026-08-17 14:11:32,413 - INFO - HTTP Request: POST http://localhost:8002/v1/chat/completions "HTTP/1.1 200 OK"

2026-08-17 14:11:33,134 - INFO - HTTP Request: POST http://localhost:8002/v1/chat/completions "HTTP/1.1 200 OK"

2026-08-17 14:11:33,791 - INFO - HTTP Request: POST http://localhost:8002/v1/chat/completions "HTTP/1.1 200 OK"

2026-08-17 14:11:58,504 - INFO - HTTP Request: POST http://localhost:8002/v1/chat/completions "HTTP/1.1 200 OK"
2026-08-17 14:11:58,505 - INFO - HTTP Request: POST http://localhost:8002/v1/chat/completions "HTTP/1.1 200 OK"
2026-08-17 14:12:00,068 - INFO - HTTP Request: POST http://localhost:8002/v1/chat/completions "HTTP/1.1 200 OK"
2026-08-17 14:12:01,090 - INFO - HTTP Request: POST http://localhost:8002/v1/chat/completions "HTTP/1.1 200 OK"
2026-08-17 14:12:10,397 - INFO - HTTP Request: POST http://localhost:8002/v1/chat/completions "HTTP/1.1 200 OK"

2026-08-17 14:12:11,320 - INFO - HTTP Request: POST http://localhost:8002/v1/chat/completions "HTTP/1.1 200 OK"

2026-08-17 14:12:11,977 - INFO - HTTP Request: POST http://localhost:8002/v1/chat/completions "HTTP/1.1 200 OK"

2026-08-17 14:12:14,587 - INFO - HTTP Request: POST http://localhost:8002/v1/chat/completions "HTTP/1.1 200 OK"

2026-08-17 14:12:34,768 - INFO - HTTP Request: POST http://localhost:8002/v1/chat/completions "HTTP/1.1 200 OK"
2026-08-17 14:12:36,081 - INFO - HTTP Request: POST http://localhost:8002/v1/chat/completions "HTTP/1.1 200 OK"
2026-08-17 14:12:37,108 - INFO - HTTP Request: POST http://localhost:8002/v1/chat/completions "HTTP/1.1 200 OK"
2026-08-17 14:12:40,093 - INFO - HTTP Request: POST http://localhost:8002/v1/chat/completions "HTTP/1.1 200 OK"
2026-08-17 14:12:48,971 - INFO - HTTP Request: POST http://localhost:8002/v1/chat/completions "HTTP/1.1 200 OK"

2026-08-17 14:12:50,330 - INFO - HTTP Request: POST http://localhost:8002/v1/chat/completions "HTTP/1.1 200 OK"

2026-08-17 14:12:50,548 - INFO - HTTP Request: POST http://localhost:8002/v1/chat/completions "HTTP/1.1 200 OK"

2026-08-17 14:12:53,604 - INFO - HTTP Request: POST http://localhost:8002/v1/chat/completions "HTTP/1.1 200 OK"

2026-08-17 14:13:13,363 - INFO - HTTP Request: POST http://localhost:8002/v1/chat/completions "HTTP/1.1 200 OK"
2026-08-17 14:13:14,892 - INFO - HTTP Request: POST http://localhost:8002/v1/chat/completions "HTTP/1.1 200 OK"
2026-08-17 14:13:14,893 - INFO - HTTP Request: POST http://localhost:8002/v1/chat/completions "HTTP/1.1 200 OK"
2026-08-17 14:13:19,088 - INFO - HTTP Request: POST http://localhost:8002/v1/chat/completions "HTTP/1.1 200 OK"
2026-08-17 14:13:27,099 - INFO - HTTP Request: POST http://localhost:8002/v1/chat/completions "HTTP/1.1 200 OK"

2026-08-17 14:13:28,463 - INFO - HTTP Request: POST http://localhost:8002/v1/chat/completions "HTTP/1.1 200 OK"

2026-08-17 14:13:28,464 - INFO - HTTP Request: POST http://localhost:8002/v1/chat/completions "HTTP/1.1 200 OK"

2026-08-17 14:13:33,908 - INFO - HTTP Request: POST http://localhost:8002/v1/chat/completions "HTTP/1.1 200 OK"

2026-08-17 14:13:46,945 - INFO - HTTP Request: POST http://localhost:8002/v1/chat/completions "HTTP/1.1 200 OK"
2026-08-17 14:13:48,691 - INFO - HTTP Request: POST http://localhost:8002/v1/chat/completions "HTTP/1.1 200 OK"
2026-08-17 14:13:48,692 - INFO - HTTP Request: POST http://localhost:8002/v1/chat/completions "HTTP/1.1 200 OK"
2026-08-17 14:13:54,903 - INFO - HTTP Request: POST http://localhost:8002/v1/chat/completions "HTTP/1.1 200 OK"
2026-08-17 14:13:59,645 - INFO - HTTP Request: POST http://localhost:8002/v1/chat/completions "HTTP/1.1 200 OK"

2026-08-17 14:14:00,368 - INFO - HTTP Request: POST http://localhost:8002/v1/chat/completions "HTTP/1.1 200 OK"

2026-08-17 14:14:04,727 - INFO - HTTP Request: POST http://localhost:8002/v1/chat/completions "HTTP/1.1 200 OK"

2026-08-17 14:14:06,686 - INFO - HTTP Request: POST http://localhost:8002/v1/chat/completions "HTTP/1.1 200 OK"

2026-08-17 14:14:28,399 - INFO - HTTP Request: POST http://localhost:8002/v1/chat/completions "HTTP/1.1 200 OK"
2026-08-17 14:14:29,499 - INFO - HTTP Request: POST http://localhost:8002/v1/chat/completions "HTTP/1.1 200 OK"
2026-08-17 14:14:34,167 - INFO - HTTP Request: POST http://localhost:8002/v1/chat/completions "HTTP/1.1 200 OK"
2026-08-17 14:14:36,501 - INFO - HTTP Request: POST http://localhost:8002/v1/chat/completions "HTTP/1.1 200 OK"
2026-08-17 14:14:44,076 - INFO - HTTP Request: POST http://localhost:8002/v1/chat/completions "HTTP/1.1 200 OK"

2026-08-17 14:14:45,240 - INFO - HTTP Request: POST http://localhost:8002/v1/chat/completions "HTTP/1.1 200 OK"

2026-08-17 14:14:49,816 - INFO - HTTP Request: POST http://localhost:8002/v1/chat/completions "HTTP/1.1 200 OK"

2026-08-17 14:14:50,473 - INFO - HTTP Request: POST http://localhost:8002/v1/chat/completions "HTTP/1.1 200 OK"

2026-08-17 14:15:04,152 - INFO - HTTP Request: POST http://localhost:8002/v1/chat/completions "HTTP/1.1 200 OK"
2026-08-17 14:15:05,759 - INFO - HTTP Request: POST http://localhost:8002/v1/chat/completions "HTTP/1.1 200 OK"
2026-08-17 14:15:10,706 - INFO - HTTP Request: POST http://localhost:8002/v1/chat/completions "HTTP/1.1 200 OK"
2026-08-17 14:15:11,737 - INFO - HTTP Request: POST http://localhost:8002/v1/chat/completions "HTTP/1.1 200 OK"
2026-08-17 14:15:17,784 - INFO - HTTP Request: POST http://localhost:8002/v1/chat/completions "HTTP/1.1 200 OK"

2026-08-17 14:15:18,581 - INFO - HTTP Request: POST http://localhost:8002/v1/chat/completions "HTTP/1.1 200 OK"

2026-08-17 14:15:24,027 - INFO - HTTP Request: POST http://localhost:8002/v1/chat/completions "HTTP/1.1 200 OK"

2026-08-17 14:15:24,462 - INFO - HTTP Request: POST http://localhost:8002/v1/chat/completions "HTTP/1.1 200 OK"

2026-08-17 14:15:47,055 - INFO - HTTP Request: POST http://localhost:8002/v1/chat/completions "HTTP/1.1 200 OK"
2026-08-17 14:15:48,237 - INFO - HTTP Request: POST http://localhost:8002/v1/chat/completions "HTTP/1.1 200 OK"
2026-08-17 14:15:54,056 - INFO - HTTP Request: POST http://localhost:8002/v1/chat/completions "HTTP/1.1 200 OK"
2026-08-17 14:15:54,793 - INFO - HTTP Request: POST http://localhost:8002/v1/chat/completions "HTTP/1.1 200 OK"
2026-08-17 14:15:59,390 - INFO - HTTP Request: POST http://localhost:8002/v1/chat/completions "HTTP/1.1 200 OK"

2026-08-17 14:16:00,835 - INFO - HTTP Request: POST http://localhost:8002/v1/chat/completions "HTTP/1.1 200 OK"

2026-08-17 14:16:06,073 - INFO - HTTP Request: POST http://localhost:8002/v1/chat/completions "HTTP/1.1 200 OK"

2026-08-17 14:16:07,171 - INFO - HTTP Request: POST http://localhost:8002/v1/chat/completions "HTTP/1.1 200 OK"

2026-08-17 14:16:30,632 - INFO - HTTP Request: POST http://localhost:8002/v1/chat/completions "HTTP/1.1 200 OK"
2026-08-17 14:16:34,419 - INFO - HTTP Request: POST http://localhost:8002/v1/chat/completions "HTTP/1.1 200 OK"
2026-08-17 14:16:39,732 - INFO - HTTP Request: POST http://localhost:8002/v1/chat/completions "HTTP/1.1 200 OK"
2026-08-17 14:16:41,785 - INFO - HTTP Request: POST http://localhost:8002/v1/chat/completions "HTTP/1.1 200 OK"
2026-08-17 14:16:45,434 - INFO - HTTP Request: POST http://localhost:8002/v1/chat/completions "HTTP/1.1 200 OK"

r0_cfg34:   2%|▏         | 1/50 [05:46<4:43:04, 346.63s/it]2026-08-17 14:16:48,493 - INFO - HTTP Request: POST http://localhost:8002/v1/chat/completions "HTTP/1.1 200 OK"

r0_cfg34:   4%|▍         | 2/50 [05:49<1:55:37, 144.53s/it]2026-08-17 14:16:51,328 - INFO - HTTP Request: POST http://localhost:8002/v1/chat/completions "HTTP/1.1 200 OK"

r0_cfg34:   6%|▌         | 3/50 [05:52<1:02:31, 79.83s/it] 2026-08-17 14:16:53,719 - INFO - HTTP Request: POST http://localhost:8002/v1/chat/completions "HTTP/1.1 200 OK"

r0_cfg34:   8%|▊         | 4/50 [05:54<37:45, 49.26s/it]  2026-08-17 14:17:07,393 - INFO - HTTP Request: POST http://localhost:8002/v1/chat/completions "HTTP/1.1 200 OK"
2026-08-17 14:17:10,534 - INFO - HTTP Request: POST http://localhost:8002/v1/chat/completions "HTTP/1.1 200 OK"
2026-08-17 14:17:13,682 - INFO - HTTP Request: POST http://localhost:8002/v1/chat/completions "HTTP/1.1 200 OK"
2026-08-17 14:17:16,666 - INFO - HTTP Request: POST http://localhost:8002/v1/chat/completions "HTTP/1.1 200 OK"
2026-08-17 14:17:22,651 - INFO - HTTP Request: POST http://localhost:8002/v1/chat/completions "HTTP/1.1 200 OK"

2026-08-17 14:17:24,833 - INFO - HTTP Request: POST http://localhost:8002/v1/chat/completions "HTTP/1.1 200 OK"

2026-08-17 14:17:27,666 - INFO - HTTP Request: POST http://localhost:8002/v1/chat/completions "HTTP/1.1 200 OK"

2026-08-17 14:17:29,842 - INFO - HTTP Request: POST http://localhost:8002/v1/chat/completions "HTTP/1.1 200 OK"

2026-08-17 14:17:48,723 - INFO - HTTP Request: POST http://localhost:8002/v1/chat/completions "HTTP/1.1 200 OK"
2026-08-17 14:17:51,214 - INFO - HTTP Request: POST http://localhost:8002/v1/chat/completions "HTTP/1.1 200 OK"
2026-08-17 14:17:54,198 - INFO - HTTP Request: POST http://localhost:8002/v1/chat/completions "HTTP/1.1 200 OK"
2026-08-17 14:17:57,033 - INFO - HTTP Request: POST http://localhost:8002/v1/chat/completions "HTTP/1.1 200 OK"
2026-08-17 14:18:04,987 - INFO - HTTP Request: POST http://localhost:8002/v1/chat/completions "HTTP/1.1 200 OK"

2026-08-17 14:18:06,951 - INFO - HTTP Request: POST http://localhost:8002/v1/chat/completions "HTTP/1.1 200 OK"

2026-08-17 14:18:08,696 - INFO - HTTP Request: POST http://localhost:8002/v1/chat/completions "HTTP/1.1 200 OK"

2026-08-17 14:18:10,437 - INFO - HTTP Request: POST http://localhost:8002/v1/chat/completions "HTTP/1.1 200 OK"

2026-08-17 14:18:29,322 - INFO - HTTP Request: POST http://localhost:8002/v1/chat/completions "HTTP/1.1 200 OK"
2026-08-17 14:18:30,507 - INFO - HTTP Request: POST http://localhost:8002/v1/chat/completions "HTTP/1.1 200 OK"
2026-08-17 14:18:33,775 - INFO - HTTP Request: POST http://localhost:8002/v1/chat/completions "HTTP/1.1 200 OK"
2026-08-17 14:18:35,839 - INFO - HTTP Request: POST http://localhost:8002/v1/chat/completions "HTTP/1.1 200 OK"
2026-08-17 14:18:42,265 - INFO - HTTP Request: POST http://localhost:8002/v1/chat/completions "HTTP/1.1 200 OK"

2026-08-17 14:18:44,454 - INFO - HTTP Request: POST http://localhost:8002/v1/chat/completions "HTTP/1.1 200 OK"

2026-08-17 14:18:47,076 - INFO - HTTP Request: POST http://localhost:8002/v1/chat/completions "HTTP/1.1 200 OK"

2026-08-17 14:18:50,128 - INFO - HTTP Request: POST http://localhost:8002/v1/chat/completions "HTTP/1.1 200 OK"

2026-08-17 14:19:06,196 - INFO - HTTP Request: POST http://localhost:8002/v1/chat/completions "HTTP/1.1 200 OK"
2026-08-17 14:19:08,255 - INFO - HTTP Request: POST http://localhost:8002/v1/chat/completions "HTTP/1.1 200 OK"
2026-08-17 14:19:11,734 - INFO - HTTP Request: POST http://localhost:8002/v1/chat/completions "HTTP/1.1 200 OK"
2026-08-17 14:19:15,323 - INFO - HTTP Request: POST http://localhost:8002/v1/chat/completions "HTTP/1.1 200 OK"
2026-08-17 14:19:19,784 - INFO - HTTP Request: POST http://localhost:8002/v1/chat/completions "HTTP/1.1 200 OK"

2026-08-17 14:19:22,192 - INFO - HTTP Request: POST http://localhost:8002/v1/chat/completions "HTTP/1.1 200 OK"

2026-08-17 14:19:24,814 - INFO - HTTP Request: POST http://localhost:8002/v1/chat/completions "HTTP/1.1 200 OK"

2026-08-17 14:19:28,516 - INFO - HTTP Request: POST http://localhost:8002/v1/chat/completions "HTTP/1.1 200 OK"

2026-08-17 14:19:39,589 - INFO - HTTP Request: POST http://localhost:8002/v1/chat/completions "HTTP/1.1 200 OK"
2026-08-17 14:19:42,350 - INFO - HTTP Request: POST http://localhost:8002/v1/chat/completions "HTTP/1.1 200 OK"
2026-08-17 14:19:45,276 - INFO - HTTP Request: POST http://localhost:8002/v1/chat/completions "HTTP/1.1 200 OK"
2026-08-17 14:19:49,296 - INFO - HTTP Request: POST http://localhost:8002/v1/chat/completions "HTTP/1.1 200 OK"
2026-08-17 14:19:50,269 - INFO - HTTP Request: POST http://localhost:8002/v1/chat/completions "HTTP/1.1 200 OK"

2026-08-17 14:19:55,936 - INFO - HTTP Request: POST http://localhost:8002/v1/chat/completions "HTTP/1.1 200 OK"

2026-08-17 14:19:57,898 - INFO - HTTP Request: POST http://localhost:8002/v1/chat/completions "HTTP/1.1 200 OK"

2026-08-17 14:20:01,378 - INFO - HTTP Request: POST http://localhost:8002/v1/chat/completions "HTTP/1.1 200 OK"

2026-08-17 14:20:18,960 - INFO - HTTP Request: POST http://localhost:8002/v1/chat/completions "HTTP/1.1 200 OK"
2026-08-17 14:20:24,930 - INFO - HTTP Request: POST http://localhost:8002/v1/chat/completions "HTTP/1.1 200 OK"
2026-08-17 14:20:27,203 - INFO - HTTP Request: POST http://localhost:8002/v1/chat/completions "HTTP/1.1 200 OK"
2026-08-17 14:20:31,006 - INFO - HTTP Request: POST http://localhost:8002/v1/chat/completions "HTTP/1.1 200 OK"
2026-08-17 14:20:33,501 - INFO - HTTP Request: POST http://localhost:8002/v1/chat/completions "HTTP/1.1 200 OK"

2026-08-17 14:20:39,169 - INFO - HTTP Request: POST http://localhost:8002/v1/chat/completions "HTTP/1.1 200 OK"

2026-08-17 14:20:43,744 - INFO - HTTP Request: POST http://localhost:8002/v1/chat/completions "HTTP/1.1 200 OK"

2026-08-17 14:20:44,616 - INFO - HTTP Request: POST http://localhost:8002/v1/chat/completions "HTTP/1.1 200 OK"

2026-08-17 14:20:53,516 - INFO - HTTP Request: POST http://localhost:8002/v1/chat/completions "HTTP/1.1 200 OK"
2026-08-17 14:20:59,539 - INFO - HTTP Request: POST http://localhost:8002/v1/chat/completions "HTTP/1.1 200 OK"
2026-08-17 14:21:04,432 - INFO - HTTP Request: POST http://localhost:8002/v1/chat/completions "HTTP/1.1 200 OK"
2026-08-17 14:21:05,619 - INFO - HTTP Request: POST http://localhost:8002/v1/chat/completions "HTTP/1.1 200 OK"
2026-08-17 14:21:08,556 - INFO - HTTP Request: POST http://localhost:8002/v1/chat/completions "HTTP/1.1 200 OK"

2026-08-17 14:21:11,175 - INFO - HTTP Request: POST http://localhost:8002/v1/chat/completions "HTTP/1.1 200 OK"

2026-08-17 14:21:19,232 - INFO - HTTP Request: POST http://localhost:8002/v1/chat/completions "HTTP/1.1 200 OK"

2026-08-17 14:21:19,449 - INFO - HTTP Request: POST http://localhost:8002/v1/chat/completions "HTTP/1.1 200 OK"

2026-08-17 14:21:37,691 - INFO - HTTP Request: POST http://localhost:8002/v1/chat/completions "HTTP/1.1 200 OK"
2026-08-17 14:21:40,673 - INFO - HTTP Request: POST http://localhost:8002/v1/chat/completions "HTTP/1.1 200 OK"
2026-08-17 14:21:49,052 - INFO - HTTP Request: POST http://localhost:8002/v1/chat/completions "HTTP/1.1 200 OK"
2026-08-17 14:21:49,270 - INFO - HTTP Request: POST http://localhost:8002/v1/chat/completions "HTTP/1.1 200 OK"
2026-08-17 14:21:54,922 - INFO - HTTP Request: POST http://localhost:8002/v1/chat/completions "HTTP/1.1 200 OK"

2026-08-17 14:21:54,923 - INFO - HTTP Request: POST http://localhost:8002/v1/chat/completions "HTTP/1.1 200 OK"

2026-08-17 14:21:59,936 - INFO - HTTP Request: POST http://localhost:8002/v1/chat/completions "HTTP/1.1 200 OK"

2026-08-17 14:22:03,428 - INFO - HTTP Request: POST http://localhost:8002/v1/chat/completions "HTTP/1.1 200 OK"

2026-08-17 14:22:27,532 - INFO - HTTP Request: POST http://localhost:8002/v1/chat/completions "HTTP/1.1 200 OK"
2026-08-17 14:22:27,533 - INFO - HTTP Request: POST http://localhost:8002/v1/chat/completions "HTTP/1.1 200 OK"
2026-08-17 14:22:33,218 - INFO - HTTP Request: POST http://localhost:8002/v1/chat/completions "HTTP/1.1 200 OK"
2026-08-17 14:22:37,462 - INFO - HTTP Request: POST http://localhost:8002/v1/chat/completions "HTTP/1.1 200 OK"
2026-08-17 14:22:39,092 - INFO - HTTP Request: POST http://localhost:8002/v1/chat/completions "HTTP/1.1 200 OK"

r0_cfg34:  10%|█         | 5/50 [11:40<1:57:01, 156.04s/it]2026-08-17 14:22:41,493 - INFO - HTTP Request: POST http://localhost:8002/v1/chat/completions "HTTP/1.1 200 OK"

r0_cfg34:  12%|█▏        | 6/50 [11:42<1:16:07, 103.80s/it]2026-08-17 14:22:45,415 - INFO - HTTP Request: POST http://localhost:8002/v1/chat/completions "HTTP/1.1 200 OK"

r0_cfg34:  14%|█▍        | 7/50 [11:46<50:59, 71.15s/it]   2026-08-17 14:22:50,857 - INFO - HTTP Request: POST http://localhost:8002/v1/chat/completions "HTTP/1.1 200 OK"

r0_cfg34:  16%|█▌        | 8/50 [11:52<35:09, 50.23s/it]2026-08-17 14:23:00,850 - INFO - HTTP Request: POST http://localhost:8002/v1/chat/completions "HTTP/1.1 200 OK"
2026-08-17 14:23:03,609 - INFO - HTTP Request: POST http://localhost:8002/v1/chat/completions "HTTP/1.1 200 OK"
2026-08-17 14:23:07,843 - INFO - HTTP Request: POST http://localhost:8002/v1/chat/completions "HTTP/1.1 200 OK"
2026-08-17 14:23:14,099 - INFO - HTTP Request: POST http://localhost:8002/v1/chat/completions "HTTP/1.1 200 OK"
2026-08-17 14:23:15,562 - INFO - HTTP Request: POST http://localhost:8002/v1/chat/completions "HTTP/1.1 200 OK"

2026-08-17 14:23:16,219 - INFO - HTTP Request: POST http://localhost:8002/v1/chat/completions "HTTP/1.1 200 OK"

2026-08-17 14:23:23,187 - INFO - HTTP Request: POST http://localhost:8002/v1/chat/completions "HTTP/1.1 200 OK"

2026-08-17 14:23:29,711 - INFO - HTTP Request: POST http://localhost:8002/v1/chat/completions "HTTP/1.1 200 OK"

2026-08-17 14:23:41,650 - INFO - HTTP Request: POST http://localhost:8002/v1/chat/completions "HTTP/1.1 200 OK"
2026-08-17 14:23:42,620 - INFO - HTTP Request: POST http://localhost:8002/v1/chat/completions "HTTP/1.1 200 OK"
2026-08-17 14:23:49,960 - INFO - HTTP Request: POST http://localhost:8002/v1/chat/completions "HTTP/1.1 200 OK"
2026-08-17 14:23:54,254 - INFO - HTTP Request: POST http://localhost:8002/v1/chat/completions "HTTP/1.1 200 OK"

2026-08-17 14:23:56,217 - INFO - HTTP Request: POST http://localhost:8002/v1/chat/completions "HTTP/1.1 200 OK"

2026-08-17 14:23:56,873 - INFO - HTTP Request: POST http://localhost:8002/v1/chat/completions "HTTP/1.1 200 OK"
2026-08-17 14:24:03,991 - INFO - HTTP Request: POST http://localhost:8002/v1/chat/completions "HTTP/1.1 200 OK"

2026-08-17 14:24:10,733 - INFO - HTTP Request: POST http://localhost:8002/v1/chat/completions "HTTP/1.1 200 OK"

2026-08-17 14:24:18,982 - INFO - HTTP Request: POST http://localhost:8002/v1/chat/completions "HTTP/1.1 200 OK"
2026-08-17 14:24:21,311 - INFO - HTTP Request: POST http://localhost:8002/v1/chat/completions "HTTP/1.1 200 OK"
2026-08-17 14:24:29,027 - INFO - HTTP Request: POST http://localhost:8002/v1/chat/completions "HTTP/1.1 200 OK"
2026-08-17 14:24:32,453 - INFO - HTTP Request: POST http://localhost:8002/v1/chat/completions "HTTP/1.1 200 OK"

2026-08-17 14:24:32,889 - INFO - HTTP Request: POST http://localhost:8002/v1/chat/completions "HTTP/1.1 200 OK"

2026-08-17 14:24:36,169 - INFO - HTTP Request: POST http://localhost:8002/v1/chat/completions "HTTP/1.1 200 OK"
2026-08-17 14:24:42,416 - INFO - HTTP Request: POST http://localhost:8002/v1/chat/completions "HTTP/1.1 200 OK"

2026-08-17 14:24:47,861 - INFO - HTTP Request: POST http://localhost:8002/v1/chat/completions "HTTP/1.1 200 OK"

2026-08-17 14:24:56,985 - INFO - HTTP Request: POST http://localhost:8002/v1/chat/completions "HTTP/1.1 200 OK"
2026-08-17 14:24:57,202 - INFO - HTTP Request: POST http://localhost:8002/v1/chat/completions "HTTP/1.1 200 OK"
2026-08-17 14:25:07,308 - INFO - HTTP Request: POST http://localhost:8002/v1/chat/completions "HTTP/1.1 200 OK"
2026-08-17 14:25:10,077 - INFO - HTTP Request: POST http://localhost:8002/v1/chat/completions "HTTP/1.1 200 OK"

2026-08-17 14:25:10,295 - INFO - HTTP Request: POST http://localhost:8002/v1/chat/completions "HTTP/1.1 200 OK"

2026-08-17 14:25:13,139 - INFO - HTTP Request: POST http://localhost:8002/v1/chat/completions "HTTP/1.1 200 OK"
2026-08-17 14:25:22,430 - INFO - HTTP Request: POST http://localhost:8002/v1/chat/completions "HTTP/1.1 200 OK"

2026-08-17 14:25:25,918 - INFO - HTTP Request: POST http://localhost:8002/v1/chat/completions "HTTP/1.1 200 OK"

2026-08-17 14:25:30,263 - INFO - HTTP Request: POST http://localhost:8002/v1/chat/completions "HTTP/1.1 200 OK"
2026-08-17 14:25:30,480 - INFO - HTTP Request: POST http://localhost:8002/v1/chat/completions "HTTP/1.1 200 OK"
2026-08-17 14:25:42,045 - INFO - HTTP Request: POST http://localhost:8002/v1/chat/completions "HTTP/1.1 200 OK"

2026-08-17 14:25:42,917 - INFO - HTTP Request: POST http://localhost:8002/v1/chat/completions "HTTP/1.1 200 OK"
2026-08-17 14:25:46,120 - INFO - HTTP Request: POST http://localhost:8002/v1/chat/completions "HTTP/1.1 200 OK"

2026-08-17 14:25:46,775 - INFO - HTTP Request: POST http://localhost:8002/v1/chat/completions "HTTP/1.1 200 OK"
2026-08-17 14:25:55,633 - INFO - HTTP Request: POST http://localhost:8002/v1/chat/completions "HTTP/1.1 200 OK"

2026-08-17 14:25:57,593 - INFO - HTTP Request: POST http://localhost:8002/v1/chat/completions "HTTP/1.1 200 OK"

2026-08-17 14:26:11,485 - INFO - HTTP Request: POST http://localhost:8002/v1/chat/completions "HTTP/1.1 200 OK"
2026-08-17 14:26:15,551 - INFO - HTTP Request: POST http://localhost:8002/v1/chat/completions "HTTP/1.1 200 OK"
2026-08-17 14:26:25,005 - INFO - HTTP Request: POST http://localhost:8002/v1/chat/completions "HTTP/1.1 200 OK"
2026-08-17 14:26:27,339 - INFO - HTTP Request: POST http://localhost:8002/v1/chat/completions "HTTP/1.1 200 OK"
2026-08-17 14:26:27,557 - INFO - HTTP Request: POST http://localhost:8002/v1/chat/completions "HTTP/1.1 200 OK"

2026-08-17 14:26:30,548 - INFO - HTTP Request: POST http://localhost:8002/v1/chat/completions "HTTP/1.1 200 OK"

2026-08-17 14:26:38,605 - INFO - HTTP Request: POST http://localhost:8002/v1/chat/completions "HTTP/1.1 200 OK"

2026-08-17 14:26:41,651 - INFO - HTTP Request: POST http://localhost:8002/v1/chat/completions "HTTP/1.1 200 OK"

2026-08-17 14:26:47,947 - INFO - HTTP Request: POST http://localhost:8002/v1/chat/completions "HTTP/1.1 200 OK"
2026-08-17 14:26:50,929 - INFO - HTTP Request: POST http://localhost:8002/v1/chat/completions "HTTP/1.1 200 OK"
2026-08-17 14:26:59,296 - INFO - HTTP Request: POST http://localhost:8002/v1/chat/completions "HTTP/1.1 200 OK"
2026-08-17 14:27:00,543 - INFO - HTTP Request: POST http://localhost:8002/v1/chat/completions "HTTP/1.1 200 OK"

2026-08-17 14:27:02,724 - INFO - HTTP Request: POST http://localhost:8002/v1/chat/completions "HTTP/1.1 200 OK"
2026-08-17 14:27:04,407 - INFO - HTTP Request: POST http://localhost:8002/v1/chat/completions "HTTP/1.1 200 OK"

2026-08-17 14:27:14,426 - INFO - HTTP Request: POST http://localhost:8002/v1/chat/completions "HTTP/1.1 200 OK"

2026-08-17 14:27:15,300 - INFO - HTTP Request: POST http://localhost:8002/v1/chat/completions "HTTP/1.1 200 OK"

2026-08-17 14:27:30,065 - INFO - HTTP Request: POST http://localhost:8002/v1/chat/completions "HTTP/1.1 200 OK"
2026-08-17 14:27:33,920 - INFO - HTTP Request: POST http://localhost:8002/v1/chat/completions "HTTP/1.1 200 OK"
2026-08-17 14:27:41,852 - INFO - HTTP Request: POST http://localhost:8002/v1/chat/completions "HTTP/1.1 200 OK"

2026-08-17 14:27:44,256 - INFO - HTTP Request: POST http://localhost:8002/v1/chat/completions "HTTP/1.1 200 OK"
2026-08-17 14:27:45,500 - INFO - HTTP Request: POST http://localhost:8002/v1/chat/completions "HTTP/1.1 200 OK"
2026-08-17 14:27:47,840 - INFO - HTTP Request: POST http://localhost:8002/v1/chat/completions "HTTP/1.1 200 OK"

2026-08-17 14:27:58,520 - INFO - HTTP Request: POST http://localhost:8002/v1/chat/completions "HTTP/1.1 200 OK"

2026-08-17 14:27:59,835 - INFO - HTTP Request: POST http://localhost:8002/v1/chat/completions "HTTP/1.1 200 OK"

2026-08-17 14:28:15,693 - INFO - HTTP Request: POST http://localhost:8002/v1/chat/completions "HTTP/1.1 200 OK"
2026-08-17 14:28:21,284 - INFO - HTTP Request: POST http://localhost:8002/v1/chat/completions "HTTP/1.1 200 OK"
2026-08-17 14:28:29,003 - INFO - HTTP Request: POST http://localhost:8002/v1/chat/completions "HTTP/1.1 200 OK"

r0_cfg34:  18%|█▊        | 9/50 [17:30<1:35:49, 140.24s/it]2026-08-17 14:28:31,834 - INFO - HTTP Request: POST http://localhost:8002/v1/chat/completions "HTTP/1.1 200 OK"
2026-08-17 14:28:33,951 - INFO - HTTP Request: POST http://localhost:8002/v1/chat/completions "HTTP/1.1 200 OK"
2026-08-17 14:28:38,032 - INFO - HTTP Request: POST http://localhost:8002/v1/chat/completions "HTTP/1.1 200 OK"

r0_cfg34:  20%|██        | 10/50 [17:39<1:06:29, 99.73s/it]2026-08-17 14:28:43,263 - INFO - HTTP Request: POST http://localhost:8002/v1/chat/completions "HTTP/1.1 200 OK"

r0_cfg34:  22%|██▏       | 11/50 [17:44<46:01, 70.81s/it]  2026-08-17 14:28:48,919 - INFO - HTTP Request: POST http://localhost:8002/v1/chat/completions "HTTP/1.1 200 OK"

r0_cfg34:  24%|██▍       | 12/50 [17:50<32:17, 50.99s/it]2026-08-17 14:28:51,742 - INFO - HTTP Request: POST http://localhost:8002/v1/chat/completions "HTTP/1.1 200 OK"
2026-08-17 14:29:00,371 - INFO - HTTP Request: POST http://localhost:8002/v1/chat/completions "HTTP/1.1 200 OK"
2026-08-17 14:29:05,257 - INFO - HTTP Request: POST http://localhost:8002/v1/chat/completions "HTTP/1.1 200 OK"

2026-08-17 14:29:05,692 - INFO - HTTP Request: POST http://localhost:8002/v1/chat/completions "HTTP/1.1 200 OK"
2026-08-17 14:29:11,667 - INFO - HTTP Request: POST http://localhost:8002/v1/chat/completions "HTTP/1.1 200 OK"
2026-08-17 14:29:18,561 - INFO - HTTP Request: POST http://localhost:8002/v1/chat/completions "HTTP/1.1 200 OK"

2026-08-17 14:29:18,779 - INFO - HTTP Request: POST http://localhost:8002/v1/chat/completions "HTTP/1.1 200 OK"

2026-08-17 14:29:21,171 - INFO - HTTP Request: POST http://localhost:8002/v1/chat/completions "HTTP/1.1 200 OK"

2026-08-17 14:29:31,803 - INFO - HTTP Request: POST http://localhost:8002/v1/chat/completions "HTTP/1.1 200 OK"
2026-08-17 14:29:44,783 - INFO - HTTP Request: POST http://localhost:8002/v1/chat/completions "HTTP/1.1 200 OK"

2026-08-17 14:29:45,002 - INFO - HTTP Request: POST http://localhost:8002/v1/chat/completions "HTTP/1.1 200 OK"
2026-08-17 14:29:45,003 - INFO - HTTP Request: POST http://localhost:8002/v1/chat/completions "HTTP/1.1 200 OK"
2026-08-17 14:29:48,287 - INFO - HTTP Request: POST http://localhost:8002/v1/chat/completions "HTTP/1.1 200 OK"
2026-08-17 14:29:57,799 - INFO - HTTP Request: POST http://localhost:8002/v1/chat/completions "HTTP/1.1 200 OK"

2026-08-17 14:29:57,800 - INFO - HTTP Request: POST http://localhost:8002/v1/chat/completions "HTTP/1.1 200 OK"

2026-08-17 14:30:00,415 - INFO - HTTP Request: POST http://localhost:8002/v1/chat/completions "HTTP/1.1 200 OK"

2026-08-17 14:30:09,966 - INFO - HTTP Request: POST http://localhost:8002/v1/chat/completions "HTTP/1.1 200 OK"
2026-08-17 14:30:19,466 - INFO - HTTP Request: POST http://localhost:8002/v1/chat/completions "HTTP/1.1 200 OK"

2026-08-17 14:30:22,514 - INFO - HTTP Request: POST http://localhost:8002/v1/chat/completions "HTTP/1.1 200 OK"
2026-08-17 14:30:22,515 - INFO - HTTP Request: POST http://localhost:8002/v1/chat/completions "HTTP/1.1 200 OK"
2026-08-17 14:30:25,644 - INFO - HTTP Request: POST http://localhost:8002/v1/chat/completions "HTTP/1.1 200 OK"
2026-08-17 14:30:35,543 - INFO - HTTP Request: POST http://localhost:8002/v1/chat/completions "HTTP/1.1 200 OK"

2026-08-17 14:30:37,512 - INFO - HTTP Request: POST http://localhost:8002/v1/chat/completions "HTTP/1.1 200 OK"

2026-08-17 14:30:39,694 - INFO - HTTP Request: POST http://localhost:8002/v1/chat/completions "HTTP/1.1 200 OK"

2026-08-17 14:30:44,258 - INFO - HTTP Request: POST http://localhost:8002/v1/chat/completions "HTTP/1.1 200 OK"
2026-08-17 14:30:57,016 - INFO - HTTP Request: POST http://localhost:8002/v1/chat/completions "HTTP/1.1 200 OK"

2026-08-17 14:30:59,846 - INFO - HTTP Request: POST http://localhost:8002/v1/chat/completions "HTTP/1.1 200 OK"
2026-08-17 14:31:02,158 - INFO - HTTP Request: POST http://localhost:8002/v1/chat/completions "HTTP/1.1 200 OK"
2026-08-17 14:31:04,429 - INFO - HTTP Request: POST http://localhost:8002/v1/chat/completions "HTTP/1.1 200 OK"
2026-08-17 14:31:12,369 - INFO - HTTP Request: POST http://localhost:8002/v1/chat/completions "HTTP/1.1 200 OK"

2026-08-17 14:31:15,645 - INFO - HTTP Request: POST http://localhost:8002/v1/chat/completions "HTTP/1.1 200 OK"

2026-08-17 14:31:16,958 - INFO - HTTP Request: POST http://localhost:8002/v1/chat/completions "HTTP/1.1 200 OK"

2026-08-17 14:31:17,175 - INFO - HTTP Request: POST http://localhost:8002/v1/chat/completions "HTTP/1.1 200 OK"
2026-08-17 14:31:29,572 - INFO - HTTP Request: POST http://localhost:8002/v1/chat/completions "HTTP/1.1 200 OK"

2026-08-17 14:31:32,612 - INFO - HTTP Request: POST http://localhost:8002/v1/chat/completions "HTTP/1.1 200 OK"
2026-08-17 14:31:36,015 - INFO - HTTP Request: POST http://localhost:8002/v1/chat/completions "HTTP/1.1 200 OK"
2026-08-17 14:31:37,199 - INFO - HTTP Request: POST http://localhost:8002/v1/chat/completions "HTTP/1.1 200 OK"
2026-08-17 14:31:46,450 - INFO - HTTP Request: POST http://localhost:8002/v1/chat/completions "HTTP/1.1 200 OK"

2026-08-17 14:31:47,977 - INFO - HTTP Request: POST http://localhost:8002/v1/chat/completions "HTTP/1.1 200 OK"

2026-08-17 14:31:51,022 - INFO - HTTP Request: POST http://localhost:8002/v1/chat/completions "HTTP/1.1 200 OK"

2026-08-17 14:31:59,054 - INFO - HTTP Request: POST http://localhost:8002/v1/chat/completions "HTTP/1.1 200 OK"
2026-08-17 14:32:12,684 - INFO - HTTP Request: POST http://localhost:8002/v1/chat/completions "HTTP/1.1 200 OK"

2026-08-17 14:32:15,516 - INFO - HTTP Request: POST http://localhost:8002/v1/chat/completions "HTTP/1.1 200 OK"
2026-08-17 14:32:17,168 - INFO - HTTP Request: POST http://localhost:8002/v1/chat/completions "HTTP/1.1 200 OK"
2026-08-17 14:32:20,523 - INFO - HTTP Request: POST http://localhost:8002/v1/chat/completions "HTTP/1.1 200 OK"
2026-08-17 14:32:27,807 - INFO - HTTP Request: POST http://localhost:8002/v1/chat/completions "HTTP/1.1 200 OK"

2026-08-17 14:32:29,115 - INFO - HTTP Request: POST http://localhost:8002/v1/chat/completions "HTTP/1.1 200 OK"

2026-08-17 14:32:33,465 - INFO - HTTP Request: POST http://localhost:8002/v1/chat/completions "HTTP/1.1 200 OK"
2026-08-17 14:32:34,926 - INFO - HTTP Request: POST http://localhost:8002/v1/chat/completions "HTTP/1.1 200 OK"

2026-08-17 14:32:48,186 - INFO - HTTP Request: POST http://localhost:8002/v1/chat/completions "HTTP/1.1 200 OK"
2026-08-17 14:32:48,404 - INFO - HTTP Request: POST http://localhost:8002/v1/chat/completions "HTTP/1.1 200 OK"

2026-08-17 14:32:49,809 - INFO - HTTP Request: POST http://localhost:8002/v1/chat/completions "HTTP/1.1 200 OK"
2026-08-17 14:32:55,394 - INFO - HTTP Request: POST http://localhost:8002/v1/chat/completions "HTTP/1.1 200 OK"
2026-08-17 14:33:05,514 - INFO - HTTP Request: POST http://localhost:8002/v1/chat/completions "HTTP/1.1 200 OK"

2026-08-17 14:33:08,999 - INFO - HTTP Request: POST http://localhost:8002/v1/chat/completions "HTTP/1.1 200 OK"

2026-08-17 14:33:11,826 - INFO - HTTP Request: POST http://localhost:8002/v1/chat/completions "HTTP/1.1 200 OK"

2026-08-17 14:33:18,341 - INFO - HTTP Request: POST http://localhost:8002/v1/chat/completions "HTTP/1.1 200 OK"
2026-08-17 14:33:30,678 - INFO - HTTP Request: POST http://localhost:8002/v1/chat/completions "HTTP/1.1 200 OK"

2026-08-17 14:33:35,029 - INFO - HTTP Request: POST http://localhost:8002/v1/chat/completions "HTTP/1.1 200 OK"
2026-08-17 14:33:38,825 - INFO - HTTP Request: POST http://localhost:8002/v1/chat/completions "HTTP/1.1 200 OK"
2026-08-17 14:33:41,971 - INFO - HTTP Request: POST http://localhost:8002/v1/chat/completions "HTTP/1.1 200 OK"
2026-08-17 14:33:48,217 - INFO - HTTP Request: POST http://localhost:8002/v1/chat/completions "HTTP/1.1 200 OK"

2026-08-17 14:33:50,186 - INFO - HTTP Request: POST http://localhost:8002/v1/chat/completions "HTTP/1.1 200 OK"

2026-08-17 14:33:55,847 - INFO - HTTP Request: POST http://localhost:8002/v1/chat/completions "HTTP/1.1 200 OK"

2026-08-17 14:34:04,105 - INFO - HTTP Request: POST http://localhost:8002/v1/chat/completions "HTTP/1.1 200 OK"
2026-08-17 14:34:13,830 - INFO - HTTP Request: POST http://localhost:8002/v1/chat/completions "HTTP/1.1 200 OK"

r0_cfg34:  26%|██▌       | 13/50 [23:15<1:22:36, 133.97s/it]2026-08-17 14:34:20,999 - INFO - HTTP Request: POST http://localhost:8002/v1/chat/completions "HTTP/1.1 200 OK"
2026-08-17 14:34:23,622 - INFO - HTTP Request: POST http://localhost:8002/v1/chat/completions "HTTP/1.1 200 OK"
2026-08-17 14:34:30,034 - INFO - HTTP Request: POST http://localhost:8002/v1/chat/completions "HTTP/1.1 200 OK"
2026-08-17 14:34:36,282 - INFO - HTTP Request: POST http://localhost:8002/v1/chat/completions "HTTP/1.1 200 OK"

r0_cfg34:  28%|██▊       | 14/50 [23:37<1:00:10, 100.29s/it]2026-08-17 14:34:36,718 - INFO - HTTP Request: POST http://localhost:8002/v1/chat/completions "HTTP/1.1 200 OK"
2026-08-17 14:34:38,127 - INFO - HTTP Request: POST http://localhost:8002/v1/chat/completions "HTTP/1.1 200 OK"

r0_cfg34:  30%|███       | 15/50 [23:39<41:11, 70.61s/it]   2026-08-17 14:34:44,655 - INFO - HTTP Request: POST http://localhost:8002/v1/chat/completions "HTTP/1.1 200 OK"

r0_cfg34:  32%|███▏      | 16/50 [23:45<29:04, 51.32s/it]2026-08-17 14:34:47,049 - INFO - HTTP Request: POST http://localhost:8002/v1/chat/completions "HTTP/1.1 200 OK"

2026-08-17 14:34:58,334 - INFO - HTTP Request: POST http://localhost:8002/v1/chat/completions "HTTP/1.1 200 OK"
2026-08-17 14:35:00,382 - INFO - HTTP Request: POST http://localhost:8002/v1/chat/completions "HTTP/1.1 200 OK"
2026-08-17 14:35:07,228 - INFO - HTTP Request: POST http://localhost:8002/v1/chat/completions "HTTP/1.1 200 OK"
2026-08-17 14:35:07,446 - INFO - HTTP Request: POST http://localhost:8002/v1/chat/completions "HTTP/1.1 200 OK"

2026-08-17 14:35:14,076 - INFO - HTTP Request: POST http://localhost:8002/v1/chat/completions "HTTP/1.1 200 OK"
2026-08-17 14:35:16,356 - INFO - HTTP Request: POST http://localhost:8002/v1/chat/completions "HTTP/1.1 200 OK"

2026-08-17 14:35:22,891 - INFO - HTTP Request: POST http://localhost:8002/v1/chat/completions "HTTP/1.1 200 OK"

2026-08-17 14:35:28,110 - INFO - HTTP Request: POST http://localhost:8002/v1/chat/completions "HTTP/1.1 200 OK"

2026-08-17 14:35:34,189 - INFO - HTTP Request: POST http://localhost:8002/v1/chat/completions "HTTP/1.1 200 OK"
2026-08-17 14:35:42,760 - INFO - HTTP Request: POST http://localhost:8002/v1/chat/completions "HTTP/1.1 200 OK"
2026-08-17 14:35:48,521 - INFO - HTTP Request: POST http://localhost:8002/v1/chat/completions "HTTP/1.1 200 OK"

2026-08-17 14:35:49,611 - INFO - HTTP Request: POST http://localhost:8002/v1/chat/completions "HTTP/1.1 200 OK"
2026-08-17 14:35:53,463 - INFO - HTTP Request: POST http://localhost:8002/v1/chat/completions "HTTP/1.1 200 OK"
2026-08-17 14:35:55,087 - INFO - HTTP Request: POST http://localhost:8002/v1/chat/completions "HTTP/1.1 200 OK"

2026-08-17 14:36:01,840 - INFO - HTTP Request: POST http://localhost:8002/v1/chat/completions "HTTP/1.1 200 OK"

2026-08-17 14:36:05,755 - INFO - HTTP Request: POST http://localhost:8002/v1/chat/completions "HTTP/1.1 200 OK"

2026-08-17 14:36:13,577 - INFO - HTTP Request: POST http://localhost:8002/v1/chat/completions "HTTP/1.1 200 OK"
2026-08-17 14:36:19,758 - INFO - HTTP Request: POST http://localhost:8002/v1/chat/completions "HTTP/1.1 200 OK"
2026-08-17 14:36:25,299 - INFO - HTTP Request: POST http://localhost:8002/v1/chat/completions "HTTP/1.1 200 OK"

2026-08-17 14:36:26,831 - INFO - HTTP Request: POST http://localhost:8002/v1/chat/completions "HTTP/1.1 200 OK"
2026-08-17 14:36:30,849 - INFO - HTTP Request: POST http://localhost:8002/v1/chat/completions "HTTP/1.1 200 OK"
2026-08-17 14:36:35,741 - INFO - HTTP Request: POST http://localhost:8002/v1/chat/completions "HTTP/1.1 200 OK"

2026-08-17 14:36:42,935 - INFO - HTTP Request: POST http://localhost:8002/v1/chat/completions "HTTP/1.1 200 OK"

2026-08-17 14:36:43,370 - INFO - HTTP Request: POST http://localhost:8002/v1/chat/completions "HTTP/1.1 200 OK"

2026-08-17 14:36:49,896 - INFO - HTTP Request: POST http://localhost:8002/v1/chat/completions "HTTP/1.1 200 OK"
2026-08-17 14:36:59,550 - INFO - HTTP Request: POST http://localhost:8002/v1/chat/completions "HTTP/1.1 200 OK"
2026-08-17 14:37:02,380 - INFO - HTTP Request: POST http://localhost:8002/v1/chat/completions "HTTP/1.1 200 OK"

2026-08-17 14:37:03,913 - INFO - HTTP Request: POST http://localhost:8002/v1/chat/completions "HTTP/1.1 200 OK"
2026-08-17 14:37:08,153 - INFO - HTTP Request: POST http://localhost:8002/v1/chat/completions "HTTP/1.1 200 OK"
2026-08-17 14:37:14,578 - INFO - HTTP Request: POST http://localhost:8002/v1/chat/completions "HTTP/1.1 200 OK"

2026-08-17 14:37:14,796 - INFO - HTTP Request: POST http://localhost:8002/v1/chat/completions "HTTP/1.1 200 OK"

2026-08-17 14:37:20,893 - INFO - HTTP Request: POST http://localhost:8002/v1/chat/completions "HTTP/1.1 200 OK"

2026-08-17 14:37:22,853 - INFO - HTTP Request: POST http://localhost:8002/v1/chat/completions "HTTP/1.1 200 OK"
2026-08-17 14:37:34,249 - INFO - HTTP Request: POST http://localhost:8002/v1/chat/completions "HTTP/1.1 200 OK"
2026-08-17 14:37:35,220 - INFO - HTTP Request: POST http://localhost:8002/v1/chat/completions "HTTP/1.1 200 OK"

2026-08-17 14:37:41,308 - INFO - HTTP Request: POST http://localhost:8002/v1/chat/completions "HTTP/1.1 200 OK"
2026-08-17 14:37:44,456 - INFO - HTTP Request: POST http://localhost:8002/v1/chat/completions "HTTP/1.1 200 OK"
2026-08-17 14:37:48,041 - INFO - HTTP Request: POST http://localhost:8002/v1/chat/completions "HTTP/1.1 200 OK"

2026-08-17 14:37:55,012 - INFO - HTTP Request: POST http://localhost:8002/v1/chat/completions "HTTP/1.1 200 OK"

2026-08-17 14:37:59,360 - INFO - HTTP Request: POST http://localhost:8002/v1/chat/completions "HTTP/1.1 200 OK"

2026-08-17 14:38:04,571 - INFO - HTTP Request: POST http://localhost:8002/v1/chat/completions "HTTP/1.1 200 OK"
2026-08-17 14:38:17,049 - INFO - HTTP Request: POST http://localhost:8002/v1/chat/completions "HTTP/1.1 200 OK"
2026-08-17 14:38:18,019 - INFO - HTTP Request: POST http://localhost:8002/v1/chat/completions "HTTP/1.1 200 OK"

2026-08-17 14:38:19,977 - INFO - HTTP Request: POST http://localhost:8002/v1/chat/completions "HTTP/1.1 200 OK"
2026-08-17 14:38:24,650 - INFO - HTTP Request: POST http://localhost:8002/v1/chat/completions "HTTP/1.1 200 OK"
2026-08-17 14:38:32,160 - INFO - HTTP Request: POST http://localhost:8002/v1/chat/completions "HTTP/1.1 200 OK"

2026-08-17 14:38:32,596 - INFO - HTTP Request: POST http://localhost:8002/v1/chat/completions "HTTP/1.1 200 OK"

2026-08-17 14:38:37,604 - INFO - HTTP Request: POST http://localhost:8002/v1/chat/completions "HTTP/1.1 200 OK"

2026-08-17 14:38:38,690 - INFO - HTTP Request: POST http://localhost:8002/v1/chat/completions "HTTP/1.1 200 OK"
2026-08-17 14:38:48,352 - INFO - HTTP Request: POST http://localhost:8002/v1/chat/completions "HTTP/1.1 200 OK"

2026-08-17 14:38:52,480 - INFO - HTTP Request: POST http://localhost:8002/v1/chat/completions "HTTP/1.1 200 OK"
2026-08-17 14:38:58,235 - INFO - HTTP Request: POST http://localhost:8002/v1/chat/completions "HTTP/1.1 200 OK"
2026-08-17 14:39:02,693 - INFO - HTTP Request: POST http://localhost:8002/v1/chat/completions "HTTP/1.1 200 OK"
2026-08-17 14:39:04,976 - INFO - HTTP Request: POST http://localhost:8002/v1/chat/completions "HTTP/1.1 200 OK"

2026-08-17 14:39:17,177 - INFO - HTTP Request: POST http://localhost:8002/v1/chat/completions "HTTP/1.1 200 OK"

2026-08-17 14:39:18,492 - INFO - HTTP Request: POST http://localhost:8002/v1/chat/completions "HTTP/1.1 200 OK"
2026-08-17 14:39:19,209 - INFO - HTTP Request: POST http://localhost:8002/v1/chat/completions "HTTP/1.1 200 OK"

2026-08-17 14:39:32,731 - INFO - HTTP Request: POST http://localhost:8002/v1/chat/completions "HTTP/1.1 200 OK"

2026-08-17 14:39:34,478 - INFO - HTTP Request: POST http://localhost:8002/v1/chat/completions "HTTP/1.1 200 OK"
2026-08-17 14:39:48,280 - INFO - HTTP Request: POST http://localhost:8002/v1/chat/completions "HTTP/1.1 200 OK"

2026-08-17 14:39:48,715 - INFO - HTTP Request: POST http://localhost:8002/v1/chat/completions "HTTP/1.1 200 OK"
2026-08-17 14:39:49,459 - INFO - HTTP Request: POST http://localhost:8002/v1/chat/completions "HTTP/1.1 200 OK"
2026-08-17 14:40:06,545 - INFO - HTTP Request: POST http://localhost:8002/v1/chat/completions "HTTP/1.1 200 OK"
2026-08-17 14:40:07,248 - INFO - HTTP Request: POST http://localhost:8002/v1/chat/completions "HTTP/1.1 200 OK"

r0_cfg34:  34%|███▍      | 17/50 [29:08<1:13:05, 132.89s/it]2026-08-17 14:40:12,307 - INFO - HTTP Request: POST http://localhost:8002/v1/chat/completions "HTTP/1.1 200 OK"

2026-08-17 14:40:19,492 - INFO - HTTP Request: POST http://localhost:8002/v1/chat/completions "HTTP/1.1 200 OK"

r0_cfg34:  36%|███▌      | 18/50 [29:20<51:32, 96.64s/it]   2026-08-17 14:40:21,883 - INFO - HTTP Request: POST http://localhost:8002/v1/chat/completions "HTTP/1.1 200 OK"
2026-08-17 14:40:29,592 - INFO - HTTP Request: POST http://localhost:8002/v1/chat/completions "HTTP/1.1 200 OK"
2026-08-17 14:40:34,918 - INFO - HTTP Request: POST http://localhost:8002/v1/chat/completions "HTTP/1.1 200 OK"

r0_cfg34:  38%|███▊      | 19/50 [29:36<37:19, 72.25s/it]2026-08-17 14:40:42,093 - INFO - HTTP Request: POST http://localhost:8002/v1/chat/completions "HTTP/1.1 200 OK"
2026-08-17 14:40:45,584 - INFO - HTTP Request: POST http://localhost:8002/v1/chat/completions "HTTP/1.1 200 OK"
2026-08-17 14:40:47,213 - INFO - HTTP Request: POST http://localhost:8002/v1/chat/completions "HTTP/1.1 200 OK"

2026-08-17 14:40:54,182 - INFO - HTTP Request: POST http://localhost:8002/v1/chat/completions "HTTP/1.1 200 OK"

2026-08-17 14:40:57,445 - INFO - HTTP Request: POST http://localhost:8002/v1/chat/completions "HTTP/1.1 200 OK"
2026-08-17 14:40:59,119 - INFO - HTTP Request: POST http://localhost:8002/v1/chat/completions "HTTP/1.1 200 OK"

r0_cfg34:  40%|████      | 20/50 [30:00<28:54, 57.82s/it]2026-08-17 14:41:09,770 - INFO - HTTP Request: POST http://localhost:8002/v1/chat/completions "HTTP/1.1 200 OK"

2026-08-17 14:41:13,676 - INFO - HTTP Request: POST http://localhost:8002/v1/chat/completions "HTTP/1.1 200 OK"
2026-08-17 14:41:20,951 - INFO - HTTP Request: POST http://localhost:8002/v1/chat/completions "HTTP/1.1 200 OK"
2026-08-17 14:41:21,385 - INFO - HTTP Request: POST http://localhost:8002/v1/chat/completions "HTTP/1.1 200 OK"
2026-08-17 14:41:28,459 - INFO - HTTP Request: POST http://localhost:8002/v1/chat/completions "HTTP/1.1 200 OK"

2026-08-17 14:41:32,380 - INFO - HTTP Request: POST http://localhost:8002/v1/chat/completions "HTTP/1.1 200 OK"

2026-08-17 14:41:36,730 - INFO - HTTP Request: POST http://localhost:8002/v1/chat/completions "HTTP/1.1 200 OK"
2026-08-17 14:41:38,407 - INFO - HTTP Request: POST http://localhost:8002/v1/chat/completions "HTTP/1.1 200 OK"

2026-08-17 14:41:53,196 - INFO - HTTP Request: POST http://localhost:8002/v1/chat/completions "HTTP/1.1 200 OK"
2026-08-17 14:41:55,037 - INFO - HTTP Request: POST http://localhost:8002/v1/chat/completions "HTTP/1.1 200 OK"

2026-08-17 14:41:57,434 - INFO - HTTP Request: POST http://localhost:8002/v1/chat/completions "HTTP/1.1 200 OK"
2026-08-17 14:42:05,062 - INFO - HTTP Request: POST http://localhost:8002/v1/chat/completions "HTTP/1.1 200 OK"
2026-08-17 14:42:07,773 - INFO - HTTP Request: POST http://localhost:8002/v1/chat/completions "HTTP/1.1 200 OK"

2026-08-17 14:42:08,870 - INFO - HTTP Request: POST http://localhost:8002/v1/chat/completions "HTTP/1.1 200 OK"

2026-08-17 14:42:16,270 - INFO - HTTP Request: POST http://localhost:8002/v1/chat/completions "HTTP/1.1 200 OK"

2026-08-17 14:42:19,961 - INFO - HTTP Request: POST http://localhost:8002/v1/chat/completions "HTTP/1.1 200 OK"
2026-08-17 14:42:32,291 - INFO - HTTP Request: POST http://localhost:8002/v1/chat/completions "HTTP/1.1 200 OK"
2026-08-17 14:42:33,476 - INFO - HTTP Request: POST http://localhost:8002/v1/chat/completions "HTTP/1.1 200 OK"
2026-08-17 14:42:38,060 - INFO - HTTP Request: POST http://localhost:8002/v1/chat/completions "HTTP/1.1 200 OK"

2026-08-17 14:42:41,553 - INFO - HTTP Request: POST http://localhost:8002/v1/chat/completions "HTTP/1.1 200 OK"
2026-08-17 14:42:45,569 - INFO - HTTP Request: POST http://localhost:8002/v1/chat/completions "HTTP/1.1 200 OK"

2026-08-17 14:42:46,449 - INFO - HTTP Request: POST http://localhost:8002/v1/chat/completions "HTTP/1.1 200 OK"

2026-08-17 14:42:51,239 - INFO - HTTP Request: POST http://localhost:8002/v1/chat/completions "HTTP/1.1 200 OK"

2026-08-17 14:43:02,532 - INFO - HTTP Request: POST http://localhost:8002/v1/chat/completions "HTTP/1.1 200 OK"
2026-08-17 14:43:05,791 - INFO - HTTP Request: POST http://localhost:8002/v1/chat/completions "HTTP/1.1 200 OK"
2026-08-17 14:43:06,979 - INFO - HTTP Request: POST http://localhost:8002/v1/chat/completions "HTTP/1.1 200 OK"
2026-08-17 14:43:15,709 - INFO - HTTP Request: POST http://localhost:8002/v1/chat/completions "HTTP/1.1 200 OK"

2026-08-17 14:43:16,373 - INFO - HTTP Request: POST http://localhost:8002/v1/chat/completions "HTTP/1.1 200 OK"
2026-08-17 14:43:18,428 - INFO - HTTP Request: POST http://localhost:8002/v1/chat/completions "HTTP/1.1 200 OK"

2026-08-17 14:43:20,608 - INFO - HTTP Request: POST http://localhost:8002/v1/chat/completions "HTTP/1.1 200 OK"

2026-08-17 14:43:29,085 - INFO - HTTP Request: POST http://localhost:8002/v1/chat/completions "HTTP/1.1 200 OK"

2026-08-17 14:43:35,388 - INFO - HTTP Request: POST http://localhost:8002/v1/chat/completions "HTTP/1.1 200 OK"
2026-08-17 14:43:47,509 - INFO - HTTP Request: POST http://localhost:8002/v1/chat/completions "HTTP/1.1 200 OK"
2026-08-17 14:43:49,476 - INFO - HTTP Request: POST http://localhost:8002/v1/chat/completions "HTTP/1.1 200 OK"
2026-08-17 14:43:50,209 - INFO - HTTP Request: POST http://localhost:8002/v1/chat/completions "HTTP/1.1 200 OK"
2026-08-17 14:43:50,210 - INFO - HTTP Request: POST http://localhost:8002/v1/chat/completions "HTTP/1.1 200 OK"

2026-08-17 14:43:59,693 - INFO - HTTP Request: POST http://localhost:8002/v1/chat/completions "HTTP/1.1 200 OK"

2026-08-17 14:44:00,129 - INFO - HTTP Request: POST http://localhost:8002/v1/chat/completions "HTTP/1.1 200 OK"

2026-08-17 14:44:05,137 - INFO - HTTP Request: POST http://localhost:8002/v1/chat/completions "HTTP/1.1 200 OK"

2026-08-17 14:44:19,249 - INFO - HTTP Request: POST http://localhost:8002/v1/chat/completions "HTTP/1.1 200 OK"
2026-08-17 14:44:19,967 - INFO - HTTP Request: POST http://localhost:8002/v1/chat/completions "HTTP/1.1 200 OK"
2026-08-17 14:44:25,668 - INFO - HTTP Request: POST http://localhost:8002/v1/chat/completions "HTTP/1.1 200 OK"
2026-08-17 14:44:29,699 - INFO - HTTP Request: POST http://localhost:8002/v1/chat/completions "HTTP/1.1 200 OK"
2026-08-17 14:44:31,097 - INFO - HTTP Request: POST http://localhost:8002/v1/chat/completions "HTTP/1.1 200 OK"

2026-08-17 14:44:35,460 - INFO - HTTP Request: POST http://localhost:8002/v1/chat/completions "HTTP/1.1 200 OK"

2026-08-17 14:44:45,698 - INFO - HTTP Request: POST http://localhost:8002/v1/chat/completions "HTTP/1.1 200 OK"

2026-08-17 14:44:47,006 - INFO - HTTP Request: POST http://localhost:8002/v1/chat/completions "HTTP/1.1 200 OK"

2026-08-17 14:44:55,478 - INFO - HTTP Request: POST http://localhost:8002/v1/chat/completions "HTTP/1.1 200 OK"
2026-08-17 14:45:00,634 - INFO - HTTP Request: POST http://localhost:8002/v1/chat/completions "HTTP/1.1 200 OK"
2026-08-17 14:45:06,305 - INFO - HTTP Request: POST http://localhost:8002/v1/chat/completions "HTTP/1.1 200 OK"
2026-08-17 14:45:12,943 - INFO - HTTP Request: POST http://localhost:8002/v1/chat/completions "HTTP/1.1 200 OK"

2026-08-17 14:45:14,254 - INFO - HTTP Request: POST http://localhost:8002/v1/chat/completions "HTTP/1.1 200 OK"

2026-08-17 14:45:15,786 - INFO - HTTP Request: POST http://localhost:8002/v1/chat/completions "HTTP/1.1 200 OK"

2026-08-17 14:45:17,090 - INFO - HTTP Request: POST http://localhost:8002/v1/chat/completions "HTTP/1.1 200 OK"
2026-08-17 14:45:30,895 - INFO - HTTP Request: POST http://localhost:8002/v1/chat/completions "HTTP/1.1 200 OK"

2026-08-17 14:45:42,417 - INFO - HTTP Request: POST http://localhost:8002/v1/chat/completions "HTTP/1.1 200 OK"
2026-08-17 14:45:45,616 - INFO - HTTP Request: POST http://localhost:8002/v1/chat/completions "HTTP/1.1 200 OK"
2026-08-17 14:45:48,328 - INFO - HTTP Request: POST http://localhost:8002/v1/chat/completions "HTTP/1.1 200 OK"
2026-08-17 14:45:55,750 - INFO - HTTP Request: POST http://localhost:8002/v1/chat/completions "HTTP/1.1 200 OK"

2026-08-17 14:45:56,185 - INFO - HTTP Request: POST http://localhost:8002/v1/chat/completions "HTTP/1.1 200 OK"

2026-08-17 14:46:01,421 - INFO - HTTP Request: POST http://localhost:8002/v1/chat/completions "HTTP/1.1 200 OK"

r0_cfg34:  42%|████▏     | 21/50 [35:02<1:03:25, 131.21s/it]2026-08-17 14:46:04,895 - INFO - HTTP Request: POST http://localhost:8002/v1/chat/completions "HTTP/1.1 200 OK"
2026-08-17 14:46:18,263 - INFO - HTTP Request: POST http://localhost:8002/v1/chat/completions "HTTP/1.1 200 OK"

r0_cfg34:  44%|████▍     | 22/50 [35:19<45:12, 96.88s/it]   2026-08-17 14:46:23,475 - INFO - HTTP Request: POST http://localhost:8002/v1/chat/completions "HTTP/1.1 200 OK"
2026-08-17 14:46:29,442 - INFO - HTTP Request: POST http://localhost:8002/v1/chat/completions "HTTP/1.1 200 OK"
2026-08-17 14:46:30,189 - INFO - HTTP Request: POST http://localhost:8002/v1/chat/completions "HTTP/1.1 200 OK"
2026-08-17 14:46:39,063 - INFO - HTTP Request: POST http://localhost:8002/v1/chat/completions "HTTP/1.1 200 OK"

2026-08-17 14:46:41,243 - INFO - HTTP Request: POST http://localhost:8002/v1/chat/completions "HTTP/1.1 200 OK"
2026-08-17 14:46:41,461 - INFO - HTTP Request: POST http://localhost:8002/v1/chat/completions "HTTP/1.1 200 OK"

r0_cfg34:  46%|████▌     | 23/50 [35:42<33:38, 74.77s/it]2026-08-17 14:46:43,082 - INFO - HTTP Request: POST http://localhost:8002/v1/chat/completions "HTTP/1.1 200 OK"

r0_cfg34:  48%|████▊     | 24/50 [35:44<22:53, 52.82s/it]2026-08-17 14:46:49,819 - INFO - HTTP Request: POST http://localhost:8002/v1/chat/completions "HTTP/1.1 200 OK"

2026-08-17 14:47:03,277 - INFO - HTTP Request: POST http://localhost:8002/v1/chat/completions "HTTP/1.1 200 OK"
2026-08-17 14:47:05,333 - INFO - HTTP Request: POST http://localhost:8002/v1/chat/completions "HTTP/1.1 200 OK"
2026-08-17 14:47:06,047 - INFO - HTTP Request: POST http://localhost:8002/v1/chat/completions "HTTP/1.1 200 OK"
2026-08-17 14:47:16,413 - INFO - HTTP Request: POST http://localhost:8002/v1/chat/completions "HTTP/1.1 200 OK"

2026-08-17 14:47:16,849 - INFO - HTTP Request: POST http://localhost:8002/v1/chat/completions "HTTP/1.1 200 OK"
2026-08-17 14:47:17,588 - INFO - HTTP Request: POST http://localhost:8002/v1/chat/completions "HTTP/1.1 200 OK"

2026-08-17 14:47:20,438 - INFO - HTTP Request: POST http://localhost:8002/v1/chat/completions "HTTP/1.1 200 OK"

2026-08-17 14:47:33,048 - INFO - HTTP Request: POST http://localhost:8002/v1/chat/completions "HTTP/1.1 200 OK"

2026-08-17 14:47:42,816 - INFO - HTTP Request: POST http://localhost:8002/v1/chat/completions "HTTP/1.1 200 OK"
2026-08-17 14:47:44,054 - INFO - HTTP Request: POST http://localhost:8002/v1/chat/completions "HTTP/1.1 200 OK"
2026-08-17 14:47:45,459 - INFO - HTTP Request: POST http://localhost:8002/v1/chat/completions "HTTP/1.1 200 OK"
2026-08-17 14:47:55,585 - INFO - HTTP Request: POST http://localhost:8002/v1/chat/completions "HTTP/1.1 200 OK"

2026-08-17 14:47:58,419 - INFO - HTTP Request: POST http://localhost:8002/v1/chat/completions "HTTP/1.1 200 OK"
2026-08-17 14:47:58,420 - INFO - HTTP Request: POST http://localhost:8002/v1/chat/completions "HTTP/1.1 200 OK"

2026-08-17 14:48:00,477 - INFO - HTTP Request: POST http://localhost:8002/v1/chat/completions "HTTP/1.1 200 OK"

2026-08-17 14:48:08,746 - INFO - HTTP Request: POST http://localhost:8002/v1/chat/completions "HTTP/1.1 200 OK"

2026-08-17 14:48:20,259 - INFO - HTTP Request: POST http://localhost:8002/v1/chat/completions "HTTP/1.1 200 OK"
2026-08-17 14:48:23,402 - INFO - HTTP Request: POST http://localhost:8002/v1/chat/completions "HTTP/1.1 200 OK"
2026-08-17 14:48:25,239 - INFO - HTTP Request: POST http://localhost:8002/v1/chat/completions "HTTP/1.1 200 OK"
2026-08-17 14:48:33,023 - INFO - HTTP Request: POST http://localhost:8002/v1/chat/completions "HTTP/1.1 200 OK"

2026-08-17 14:48:33,904 - INFO - HTTP Request: POST http://localhost:8002/v1/chat/completions "HTTP/1.1 200 OK"
2026-08-17 14:48:38,138 - INFO - HTTP Request: POST http://localhost:8002/v1/chat/completions "HTTP/1.1 200 OK"

2026-08-17 14:48:39,236 - INFO - HTTP Request: POST http://localhost:8002/v1/chat/completions "HTTP/1.1 200 OK"

2026-08-17 14:48:46,414 - INFO - HTTP Request: POST http://localhost:8002/v1/chat/completions "HTTP/1.1 200 OK"

2026-08-17 14:48:56,840 - INFO - HTTP Request: POST http://localhost:8002/v1/chat/completions "HTTP/1.1 200 OK"
2026-08-17 14:48:58,243 - INFO - HTTP Request: POST http://localhost:8002/v1/chat/completions "HTTP/1.1 200 OK"
2026-08-17 14:49:03,348 - INFO - HTTP Request: POST http://localhost:8002/v1/chat/completions "HTTP/1.1 200 OK"
2026-08-17 14:49:07,145 - INFO - HTTP Request: POST http://localhost:8002/v1/chat/completions "HTTP/1.1 200 OK"
2026-08-17 14:49:10,079 - INFO - HTTP Request: POST http://localhost:8002/v1/chat/completions "HTTP/1.1 200 OK"

2026-08-17 14:49:12,043 - INFO - HTTP Request: POST http://localhost:8002/v1/chat/completions "HTTP/1.1 200 OK"

2026-08-17 14:49:15,100 - INFO - HTTP Request: POST http://localhost:8002/v1/chat/completions "HTTP/1.1 200 OK"

2026-08-17 14:49:16,842 - INFO - HTTP Request: POST http://localhost:8002/v1/chat/completions "HTTP/1.1 200 OK"

2026-08-17 14:49:31,389 - INFO - HTTP Request: POST http://localhost:8002/v1/chat/completions "HTTP/1.1 200 OK"
2026-08-17 14:49:36,975 - INFO - HTTP Request: POST http://localhost:8002/v1/chat/completions "HTTP/1.1 200 OK"
2026-08-17 14:49:39,464 - INFO - HTTP Request: POST http://localhost:8002/v1/chat/completions "HTTP/1.1 200 OK"
2026-08-17 14:49:42,827 - INFO - HTTP Request: POST http://localhost:8002/v1/chat/completions "HTTP/1.1 200 OK"

2026-08-17 14:49:44,789 - INFO - HTTP Request: POST http://localhost:8002/v1/chat/completions "HTTP/1.1 200 OK"
2026-08-17 14:49:48,588 - INFO - HTTP Request: POST http://localhost:8002/v1/chat/completions "HTTP/1.1 200 OK"

2026-08-17 14:49:51,204 - INFO - HTTP Request: POST http://localhost:8002/v1/chat/completions "HTTP/1.1 200 OK"

2026-08-17 14:49:54,032 - INFO - HTTP Request: POST http://localhost:8002/v1/chat/completions "HTTP/1.1 200 OK"

2026-08-17 14:50:11,183 - INFO - HTTP Request: POST http://localhost:8002/v1/chat/completions "HTTP/1.1 200 OK"
2026-08-17 14:50:12,154 - INFO - HTTP Request: POST http://localhost:8002/v1/chat/completions "HTTP/1.1 200 OK"
2026-08-17 14:50:14,641 - INFO - HTTP Request: POST http://localhost:8002/v1/chat/completions "HTTP/1.1 200 OK"
2026-08-17 14:50:18,230 - INFO - HTTP Request: POST http://localhost:8002/v1/chat/completions "HTTP/1.1 200 OK"
2026-08-17 14:50:24,648 - INFO - HTTP Request: POST http://localhost:8002/v1/chat/completions "HTTP/1.1 200 OK"

2026-08-17 14:50:25,306 - INFO - HTTP Request: POST http://localhost:8002/v1/chat/completions "HTTP/1.1 200 OK"

2026-08-17 14:50:26,397 - INFO - HTTP Request: POST http://localhost:8002/v1/chat/completions "HTTP/1.1 200 OK"

2026-08-17 14:50:29,661 - INFO - HTTP Request: POST http://localhost:8002/v1/chat/completions "HTTP/1.1 200 OK"

2026-08-17 14:50:46,382 - INFO - HTTP Request: POST http://localhost:8002/v1/chat/completions "HTTP/1.1 200 OK"
2026-08-17 14:50:49,965 - INFO - HTTP Request: POST http://localhost:8002/v1/chat/completions "HTTP/1.1 200 OK"
2026-08-17 14:50:54,419 - INFO - HTTP Request: POST http://localhost:8002/v1/chat/completions "HTTP/1.1 200 OK"
2026-08-17 14:50:55,392 - INFO - HTTP Request: POST http://localhost:8002/v1/chat/completions "HTTP/1.1 200 OK"
2026-08-17 14:51:03,560 - INFO - HTTP Request: POST http://localhost:8002/v1/chat/completions "HTTP/1.1 200 OK"

2026-08-17 14:51:04,872 - INFO - HTTP Request: POST http://localhost:8002/v1/chat/completions "HTTP/1.1 200 OK"

2026-08-17 14:51:07,270 - INFO - HTTP Request: POST http://localhost:8002/v1/chat/completions "HTTP/1.1 200 OK"

2026-08-17 14:51:09,672 - INFO - HTTP Request: POST http://localhost:8002/v1/chat/completions "HTTP/1.1 200 OK"

2026-08-17 14:51:32,700 - INFO - HTTP Request: POST http://localhost:8002/v1/chat/completions "HTTP/1.1 200 OK"
2026-08-17 14:51:34,319 - INFO - HTTP Request: POST http://localhost:8002/v1/chat/completions "HTTP/1.1 200 OK"
2026-08-17 14:51:40,515 - INFO - HTTP Request: POST http://localhost:8002/v1/chat/completions "HTTP/1.1 200 OK"
2026-08-17 14:51:43,664 - INFO - HTTP Request: POST http://localhost:8002/v1/chat/completions "HTTP/1.1 200 OK"
2026-08-17 14:51:46,166 - INFO - HTTP Request: POST http://localhost:8002/v1/chat/completions "HTTP/1.1 200 OK"

2026-08-17 14:51:50,536 - INFO - HTTP Request: POST http://localhost:8002/v1/chat/completions "HTTP/1.1 200 OK"

2026-08-17 14:51:52,507 - INFO - HTTP Request: POST http://localhost:8002/v1/chat/completions "HTTP/1.1 200 OK"

r0_cfg34:  50%|█████     | 25/50 [40:53<54:05, 129.81s/it]2026-08-17 14:51:53,160 - INFO - HTTP Request: POST http://localhost:8002/v1/chat/completions "HTTP/1.1 200 OK"

r0_cfg34:  52%|█████▏    | 26/50 [40:54<36:25, 91.06s/it] 2026-08-17 14:52:14,433 - INFO - HTTP Request: POST http://localhost:8002/v1/chat/completions "HTTP/1.1 200 OK"
2026-08-17 14:52:15,456 - INFO - HTTP Request: POST http://localhost:8002/v1/chat/completions "HTTP/1.1 200 OK"
2026-08-17 14:52:19,249 - INFO - HTTP Request: POST http://localhost:8002/v1/chat/completions "HTTP/1.1 200 OK"
2026-08-17 14:52:23,924 - INFO - HTTP Request: POST http://localhost:8002/v1/chat/completions "HTTP/1.1 200 OK"
2026-08-17 14:52:24,898 - INFO - HTTP Request: POST http://localhost:8002/v1/chat/completions "HTTP/1.1 200 OK"

2026-08-17 14:52:31,436 - INFO - HTTP Request: POST http://localhost:8002/v1/chat/completions "HTTP/1.1 200 OK"

2026-08-17 14:52:31,871 - INFO - HTTP Request: POST http://localhost:8002/v1/chat/completions "HTTP/1.1 200 OK"

r0_cfg34:  54%|█████▍    | 27/50 [41:33<28:53, 75.36s/it]2026-08-17 14:52:37,529 - INFO - HTTP Request: POST http://localhost:8002/v1/chat/completions "HTTP/1.1 200 OK"

r0_cfg34:  56%|█████▌    | 28/50 [41:38<19:57, 54.45s/it]2026-08-17 14:52:50,989 - INFO - HTTP Request: POST http://localhost:8002/v1/chat/completions "HTTP/1.1 200 OK"
2026-08-17 14:52:53,909 - INFO - HTTP Request: POST http://localhost:8002/v1/chat/completions "HTTP/1.1 200 OK"
2026-08-17 14:52:58,143 - INFO - HTTP Request: POST http://localhost:8002/v1/chat/completions "HTTP/1.1 200 OK"
2026-08-17 14:53:00,479 - INFO - HTTP Request: POST http://localhost:8002/v1/chat/completions "HTTP/1.1 200 OK"
2026-08-17 14:53:05,927 - INFO - HTTP Request: POST http://localhost:8002/v1/chat/completions "HTTP/1.1 200 OK"

2026-08-17 14:53:08,110 - INFO - HTTP Request: POST http://localhost:8002/v1/chat/completions "HTTP/1.1 200 OK"

2026-08-17 14:53:11,595 - INFO - HTTP Request: POST http://localhost:8002/v1/chat/completions "HTTP/1.1 200 OK"

2026-08-17 14:53:12,250 - INFO - HTTP Request: POST http://localhost:8002/v1/chat/completions "HTTP/1.1 200 OK"

2026-08-17 14:53:29,178 - INFO - HTTP Request: POST http://localhost:8002/v1/chat/completions "HTTP/1.1 200 OK"
2026-08-17 14:53:34,558 - INFO - HTTP Request: POST http://localhost:8002/v1/chat/completions "HTTP/1.1 200 OK"
2026-08-17 14:53:36,671 - INFO - HTTP Request: POST http://localhost:8002/v1/chat/completions "HTTP/1.1 200 OK"
2026-08-17 14:53:39,441 - INFO - HTTP Request: POST http://localhost:8002/v1/chat/completions "HTTP/1.1 200 OK"
2026-08-17 14:53:43,369 - INFO - HTTP Request: POST http://localhost:8002/v1/chat/completions "HTTP/1.1 200 OK"

2026-08-17 14:53:47,519 - INFO - HTTP Request: POST http://localhost:8002/v1/chat/completions "HTTP/1.1 200 OK"

2026-08-17 14:53:49,921 - INFO - HTTP Request: POST http://localhost:8002/v1/chat/completions "HTTP/1.1 200 OK"

2026-08-17 14:53:54,919 - INFO - HTTP Request: POST http://localhost:8002/v1/chat/completions "HTTP/1.1 200 OK"

2026-08-17 14:54:07,510 - INFO - HTTP Request: POST http://localhost:8002/v1/chat/completions "HTTP/1.1 200 OK"
2026-08-17 14:54:11,951 - INFO - HTTP Request: POST http://localhost:8002/v1/chat/completions "HTTP/1.1 200 OK"
2026-08-17 14:54:14,934 - INFO - HTTP Request: POST http://localhost:8002/v1/chat/completions "HTTP/1.1 200 OK"
2026-08-17 14:54:20,314 - INFO - HTTP Request: POST http://localhost:8002/v1/chat/completions "HTTP/1.1 200 OK"
2026-08-17 14:54:21,189 - INFO - HTTP Request: POST http://localhost:8002/v1/chat/completions "HTTP/1.1 200 OK"

2026-08-17 14:54:25,336 - INFO - HTTP Request: POST http://localhost:8002/v1/chat/completions "HTTP/1.1 200 OK"

2026-08-17 14:54:28,824 - INFO - HTTP Request: POST http://localhost:8002/v1/chat/completions "HTTP/1.1 200 OK"

2026-08-17 14:54:34,699 - INFO - HTTP Request: POST http://localhost:8002/v1/chat/completions "HTTP/1.1 200 OK"

2026-08-17 14:54:41,001 - INFO - HTTP Request: POST http://localhost:8002/v1/chat/completions "HTTP/1.1 200 OK"
2026-08-17 14:54:45,007 - INFO - HTTP Request: POST http://localhost:8002/v1/chat/completions "HTTP/1.1 200 OK"
2026-08-17 14:54:53,713 - INFO - HTTP Request: POST http://localhost:8002/v1/chat/completions "HTTP/1.1 200 OK"
2026-08-17 14:54:54,688 - INFO - HTTP Request: POST http://localhost:8002/v1/chat/completions "HTTP/1.1 200 OK"

2026-08-17 14:54:56,866 - INFO - HTTP Request: POST http://localhost:8002/v1/chat/completions "HTTP/1.1 200 OK"

2026-08-17 14:54:59,695 - INFO - HTTP Request: POST http://localhost:8002/v1/chat/completions "HTTP/1.1 200 OK"
2026-08-17 14:55:06,652 - INFO - HTTP Request: POST http://localhost:8002/v1/chat/completions "HTTP/1.1 200 OK"

2026-08-17 14:55:12,311 - INFO - HTTP Request: POST http://localhost:8002/v1/chat/completions "HTTP/1.1 200 OK"

2026-08-17 14:55:23,605 - INFO - HTTP Request: POST http://localhost:8002/v1/chat/completions "HTTP/1.1 200 OK"
2026-08-17 14:55:26,087 - INFO - HTTP Request: POST http://localhost:8002/v1/chat/completions "HTTP/1.1 200 OK"
2026-08-17 14:55:26,305 - INFO - HTTP Request: POST http://localhost:8002/v1/chat/completions "HTTP/1.1 200 OK"
2026-08-17 14:55:33,147 - INFO - HTTP Request: POST http://localhost:8002/v1/chat/completions "HTTP/1.1 200 OK"
2026-08-17 14:55:35,110 - INFO - HTTP Request: POST http://localhost:8002/v1/chat/completions "HTTP/1.1 200 OK"

2026-08-17 14:55:40,125 - INFO - HTTP Request: POST http://localhost:8002/v1/chat/completions "HTTP/1.1 200 OK"

2026-08-17 14:55:43,175 - INFO - HTTP Request: POST http://localhost:8002/v1/chat/completions "HTTP/1.1 200 OK"

2026-08-17 14:55:46,002 - INFO - HTTP Request: POST http://localhost:8002/v1/chat/completions "HTTP/1.1 200 OK"

2026-08-17 14:55:55,122 - INFO - HTTP Request: POST http://localhost:8002/v1/chat/completions "HTTP/1.1 200 OK"
2026-08-17 14:56:00,436 - INFO - HTTP Request: POST http://localhost:8002/v1/chat/completions "HTTP/1.1 200 OK"
2026-08-17 14:56:09,736 - INFO - HTTP Request: POST http://localhost:8002/v1/chat/completions "HTTP/1.1 200 OK"

2026-08-17 14:56:12,567 - INFO - HTTP Request: POST http://localhost:8002/v1/chat/completions "HTTP/1.1 200 OK"
2026-08-17 14:56:15,717 - INFO - HTTP Request: POST http://localhost:8002/v1/chat/completions "HTTP/1.1 200 OK"
2026-08-17 14:56:18,112 - INFO - HTTP Request: POST http://localhost:8002/v1/chat/completions "HTTP/1.1 200 OK"

2026-08-17 14:56:24,425 - INFO - HTTP Request: POST http://localhost:8002/v1/chat/completions "HTTP/1.1 200 OK"

2026-08-17 14:56:27,907 - INFO - HTTP Request: POST http://localhost:8002/v1/chat/completions "HTTP/1.1 200 OK"

2026-08-17 14:56:39,419 - INFO - HTTP Request: POST http://localhost:8002/v1/chat/completions "HTTP/1.1 200 OK"
2026-08-17 14:56:44,735 - INFO - HTTP Request: POST http://localhost:8002/v1/chat/completions "HTTP/1.1 200 OK"
2026-08-17 14:56:47,785 - INFO - HTTP Request: POST http://localhost:8002/v1/chat/completions "HTTP/1.1 200 OK"
2026-08-17 14:56:48,816 - INFO - HTTP Request: POST http://localhost:8002/v1/chat/completions "HTTP/1.1 200 OK"
2026-08-17 14:56:51,367 - INFO - HTTP Request: POST http://localhost:8002/v1/chat/completions "HTTP/1.1 200 OK"

2026-08-17 14:56:59,875 - INFO - HTTP Request: POST http://localhost:8002/v1/chat/completions "HTTP/1.1 200 OK"

2026-08-17 14:57:02,276 - INFO - HTTP Request: POST http://localhost:8002/v1/chat/completions "HTTP/1.1 200 OK"

2026-08-17 14:57:02,711 - INFO - HTTP Request: POST http://localhost:8002/v1/chat/completions "HTTP/1.1 200 OK"

2026-08-17 14:57:24,438 - INFO - HTTP Request: POST http://localhost:8002/v1/chat/completions "HTTP/1.1 200 OK"
2026-08-17 14:57:29,323 - INFO - HTTP Request: POST http://localhost:8002/v1/chat/completions "HTTP/1.1 200 OK"
2026-08-17 14:57:32,371 - INFO - HTTP Request: POST http://localhost:8002/v1/chat/completions "HTTP/1.1 200 OK"
2026-08-17 14:57:35,530 - INFO - HTTP Request: POST http://localhost:8002/v1/chat/completions "HTTP/1.1 200 OK"
2026-08-17 14:57:38,087 - INFO - HTTP Request: POST http://localhost:8002/v1/chat/completions "HTTP/1.1 200 OK"

r0_cfg34:  58%|█████▊    | 29/50 [46:39<44:53, 128.28s/it]2026-08-17 14:57:47,677 - INFO - HTTP Request: POST http://localhost:8002/v1/chat/completions "HTTP/1.1 200 OK"

2026-08-17 14:57:48,778 - INFO - HTTP Request: POST http://localhost:8002/v1/chat/completions "HTTP/1.1 200 OK"

r0_cfg34:  60%|██████    | 30/50 [46:49<31:00, 93.00s/it] 2026-08-17 14:57:49,053 - INFO - HTTP Request: POST http://localhost:8002/v1/chat/completions "HTTP/1.1 200 OK"

2026-08-17 14:57:59,852 - INFO - HTTP Request: POST http://localhost:8002/v1/chat/completions "HTTP/1.1 200 OK"
2026-08-17 14:58:11,038 - INFO - HTTP Request: POST http://localhost:8002/v1/chat/completions "HTTP/1.1 200 OK"
2026-08-17 14:58:13,530 - INFO - HTTP Request: POST http://localhost:8002/v1/chat/completions "HTTP/1.1 200 OK"

2026-08-17 14:58:20,055 - INFO - HTTP Request: POST http://localhost:8002/v1/chat/completions "HTTP/1.1 200 OK"

2026-08-17 14:58:20,709 - INFO - HTTP Request: POST http://localhost:8002/v1/chat/completions "HTTP/1.1 200 OK"
2026-08-17 14:58:22,229 - INFO - HTTP Request: POST http://localhost:8002/v1/chat/completions "HTTP/1.1 200 OK"
2026-08-17 14:58:31,902 - INFO - HTTP Request: POST http://localhost:8002/v1/chat/completions "HTTP/1.1 200 OK"

r0_cfg34:  62%|██████▏   | 31/50 [47:33<24:42, 78.04s/it]2026-08-17 14:58:34,514 - INFO - HTTP Request: POST http://localhost:8002/v1/chat/completions "HTTP/1.1 200 OK"

r0_cfg34:  64%|██████▍   | 32/50 [47:35<16:37, 55.41s/it]2026-08-17 14:58:40,156 - INFO - HTTP Request: POST http://localhost:8002/v1/chat/completions "HTTP/1.1 200 OK"
2026-08-17 14:58:46,995 - INFO - HTTP Request: POST http://localhost:8002/v1/chat/completions "HTTP/1.1 200 OK"
2026-08-17 14:58:54,276 - INFO - HTTP Request: POST http://localhost:8002/v1/chat/completions "HTTP/1.1 200 OK"
2026-08-17 14:58:56,121 - INFO - HTTP Request: POST http://localhost:8002/v1/chat/completions "HTTP/1.1 200 OK"

2026-08-17 14:58:57,431 - INFO - HTTP Request: POST http://localhost:8002/v1/chat/completions "HTTP/1.1 200 OK"
2026-08-17 14:58:58,399 - INFO - HTTP Request: POST http://localhost:8002/v1/chat/completions "HTTP/1.1 200 OK"

2026-08-17 14:59:08,629 - INFO - HTTP Request: POST http://localhost:8002/v1/chat/completions "HTTP/1.1 200 OK"

2026-08-17 14:59:11,459 - INFO - HTTP Request: POST http://localhost:8002/v1/chat/completions "HTTP/1.1 200 OK"

2026-08-17 14:59:20,792 - INFO - HTTP Request: POST http://localhost:8002/v1/chat/completions "HTTP/1.1 200 OK"
2026-08-17 14:59:23,063 - INFO - HTTP Request: POST http://localhost:8002/v1/chat/completions "HTTP/1.1 200 OK"
2026-08-17 14:59:34,698 - INFO - HTTP Request: POST http://localhost:8002/v1/chat/completions "HTTP/1.1 200 OK"

2026-08-17 14:59:35,133 - INFO - HTTP Request: POST http://localhost:8002/v1/chat/completions "HTTP/1.1 200 OK"
2026-08-17 14:59:35,924 - INFO - HTTP Request: POST http://localhost:8002/v1/chat/completions "HTTP/1.1 200 OK"

2026-08-17 14:59:38,630 - INFO - HTTP Request: POST http://localhost:8002/v1/chat/completions "HTTP/1.1 200 OK"
2026-08-17 14:59:47,435 - INFO - HTTP Request: POST http://localhost:8002/v1/chat/completions "HTTP/1.1 200 OK"

2026-08-17 14:59:51,567 - INFO - HTTP Request: POST http://localhost:8002/v1/chat/completions "HTTP/1.1 200 OK"

2026-08-17 14:59:59,602 - INFO - HTTP Request: POST http://localhost:8002/v1/chat/completions "HTTP/1.1 200 OK"
2026-08-17 15:00:00,567 - INFO - HTTP Request: POST http://localhost:8002/v1/chat/completions "HTTP/1.1 200 OK"
2026-08-17 15:00:12,412 - INFO - HTTP Request: POST http://localhost:8002/v1/chat/completions "HTTP/1.1 200 OK"
2026-08-17 15:00:12,629 - INFO - HTTP Request: POST http://localhost:8002/v1/chat/completions "HTTP/1.1 200 OK"

2026-08-17 15:00:14,700 - INFO - HTTP Request: POST http://localhost:8002/v1/chat/completions "HTTP/1.1 200 OK"

2026-08-17 15:00:16,884 - INFO - HTTP Request: POST http://localhost:8002/v1/chat/completions "HTTP/1.1 200 OK"
2026-08-17 15:00:28,733 - INFO - HTTP Request: POST http://localhost:8002/v1/chat/completions "HTTP/1.1 200 OK"

2026-08-17 15:00:30,048 - INFO - HTTP Request: POST http://localhost:8002/v1/chat/completions "HTTP/1.1 200 OK"

2026-08-17 15:00:33,091 - INFO - HTTP Request: POST http://localhost:8002/v1/chat/completions "HTTP/1.1 200 OK"
2026-08-17 15:00:34,708 - INFO - HTTP Request: POST http://localhost:8002/v1/chat/completions "HTTP/1.1 200 OK"
2026-08-17 15:00:43,726 - INFO - HTTP Request: POST http://localhost:8002/v1/chat/completions "HTTP/1.1 200 OK"

2026-08-17 15:00:48,077 - INFO - HTTP Request: POST http://localhost:8002/v1/chat/completions "HTTP/1.1 200 OK"

2026-08-17 15:00:53,505 - INFO - HTTP Request: POST http://localhost:8002/v1/chat/completions "HTTP/1.1 200 OK"
2026-08-17 15:00:54,907 - INFO - HTTP Request: POST http://localhost:8002/v1/chat/completions "HTTP/1.1 200 OK"
2026-08-17 15:01:06,101 - INFO - HTTP Request: POST http://localhost:8002/v1/chat/completions "HTTP/1.1 200 OK"

2026-08-17 15:01:07,415 - INFO - HTTP Request: POST http://localhost:8002/v1/chat/completions "HTTP/1.1 200 OK"

2026-08-17 15:01:13,063 - INFO - HTTP Request: POST http://localhost:8002/v1/chat/completions "HTTP/1.1 200 OK"
2026-08-17 15:01:17,724 - INFO - HTTP Request: POST http://localhost:8002/v1/chat/completions "HTTP/1.1 200 OK"
2026-08-17 15:01:26,084 - INFO - HTTP Request: POST http://localhost:8002/v1/chat/completions "HTTP/1.1 200 OK"
2026-08-17 15:01:28,198 - INFO - HTTP Request: POST http://localhost:8002/v1/chat/completions "HTTP/1.1 200 OK"
2026-08-17 15:01:30,258 - INFO - HTTP Request: POST http://localhost:8002/v1/chat/completions "HTTP/1.1 200 OK"

2026-08-17 15:01:34,185 - INFO - HTTP Request: POST http://localhost:8002/v1/chat/completions "HTTP/1.1 200 OK"

2026-08-17 15:01:40,719 - INFO - HTTP Request: POST http://localhost:8002/v1/chat/completions "HTTP/1.1 200 OK"

2026-08-17 15:01:42,462 - INFO - HTTP Request: POST http://localhost:8002/v1/chat/completions "HTTP/1.1 200 OK"

2026-08-17 15:01:50,278 - INFO - HTTP Request: POST http://localhost:8002/v1/chat/completions "HTTP/1.1 200 OK"
2026-08-17 15:01:54,507 - INFO - HTTP Request: POST http://localhost:8002/v1/chat/completions "HTTP/1.1 200 OK"
2026-08-17 15:02:00,917 - INFO - HTTP Request: POST http://localhost:8002/v1/chat/completions "HTTP/1.1 200 OK"

2026-08-17 15:02:05,921 - INFO - HTTP Request: POST http://localhost:8002/v1/chat/completions "HTTP/1.1 200 OK"

2026-08-17 15:02:10,049 - INFO - HTTP Request: POST http://localhost:8002/v1/chat/completions "HTTP/1.1 200 OK"
2026-08-17 15:02:12,101 - INFO - HTTP Request: POST http://localhost:8002/v1/chat/completions "HTTP/1.1 200 OK"
2026-08-17 15:02:21,779 - INFO - HTTP Request: POST http://localhost:8002/v1/chat/completions "HTTP/1.1 200 OK"

2026-08-17 15:02:25,696 - INFO - HTTP Request: POST http://localhost:8002/v1/chat/completions "HTTP/1.1 200 OK"

2026-08-17 15:02:30,693 - INFO - HTTP Request: POST http://localhost:8002/v1/chat/completions "HTTP/1.1 200 OK"
2026-08-17 15:02:36,012 - INFO - HTTP Request: POST http://localhost:8002/v1/chat/completions "HTTP/1.1 200 OK"
2026-08-17 15:02:42,422 - INFO - HTTP Request: POST http://localhost:8002/v1/chat/completions "HTTP/1.1 200 OK"
2026-08-17 15:02:44,708 - INFO - HTTP Request: POST http://localhost:8002/v1/chat/completions "HTTP/1.1 200 OK"

2026-08-17 15:02:46,678 - INFO - HTTP Request: POST http://localhost:8002/v1/chat/completions "HTTP/1.1 200 OK"
2026-08-17 15:02:50,049 - INFO - HTTP Request: POST http://localhost:8002/v1/chat/completions "HTTP/1.1 200 OK"

2026-08-17 15:02:55,067 - INFO - HTTP Request: POST http://localhost:8002/v1/chat/completions "HTTP/1.1 200 OK"

2026-08-17 15:02:58,113 - INFO - HTTP Request: POST http://localhost:8002/v1/chat/completions "HTTP/1.1 200 OK"

2026-08-17 15:03:17,663 - INFO - HTTP Request: POST http://localhost:8002/v1/chat/completions "HTTP/1.1 200 OK"
2026-08-17 15:03:22,765 - INFO - HTTP Request: POST http://localhost:8002/v1/chat/completions "HTTP/1.1 200 OK"
2026-08-17 15:03:24,823 - INFO - HTTP Request: POST http://localhost:8002/v1/chat/completions "HTTP/1.1 200 OK"
2026-08-17 15:03:28,198 - INFO - HTTP Request: POST http://localhost:8002/v1/chat/completions "HTTP/1.1 200 OK"
2026-08-17 15:03:30,482 - INFO - HTTP Request: POST http://localhost:8002/v1/chat/completions "HTTP/1.1 200 OK"

r0_cfg34:  66%|██████▌   | 33/50 [52:31<36:08, 127.58s/it]2026-08-17 15:03:35,718 - INFO - HTTP Request: POST http://localhost:8002/v1/chat/completions "HTTP/1.1 200 OK"

2026-08-17 15:03:37,252 - INFO - HTTP Request: POST http://localhost:8002/v1/chat/completions "HTTP/1.1 200 OK"

r0_cfg34:  68%|██████▊   | 34/50 [52:38<24:21, 91.34s/it] 2026-08-17 15:03:40,516 - INFO - HTTP Request: POST http://localhost:8002/v1/chat/completions "HTTP/1.1 200 OK"

2026-08-17 15:03:52,032 - INFO - HTTP Request: POST http://localhost:8002/v1/chat/completions "HTTP/1.1 200 OK"
2026-08-17 15:03:59,346 - INFO - HTTP Request: POST http://localhost:8002/v1/chat/completions "HTTP/1.1 200 OK"
2026-08-17 15:04:02,715 - INFO - HTTP Request: POST http://localhost:8002/v1/chat/completions "HTTP/1.1 200 OK"

2026-08-17 15:04:09,241 - INFO - HTTP Request: POST http://localhost:8002/v1/chat/completions "HTTP/1.1 200 OK"
2026-08-17 15:04:12,609 - INFO - HTTP Request: POST http://localhost:8002/v1/chat/completions "HTTP/1.1 200 OK"

2026-08-17 15:04:14,352 - INFO - HTTP Request: POST http://localhost:8002/v1/chat/completions "HTTP/1.1 200 OK"
2026-08-17 15:04:24,897 - INFO - HTTP Request: POST http://localhost:8002/v1/chat/completions "HTTP/1.1 200 OK"

r0_cfg34:  70%|███████   | 35/50 [53:26<19:33, 78.23s/it]2026-08-17 15:04:27,944 - INFO - HTTP Request: POST http://localhost:8002/v1/chat/completions "HTTP/1.1 200 OK"

r0_cfg34:  72%|███████▏  | 36/50 [53:29<12:59, 55.67s/it]2026-08-17 15:04:29,464 - INFO - HTTP Request: POST http://localhost:8002/v1/chat/completions "HTTP/1.1 200 OK"
2026-08-17 15:04:39,173 - INFO - HTTP Request: POST http://localhost:8002/v1/chat/completions "HTTP/1.1 200 OK"
2026-08-17 15:04:43,892 - INFO - HTTP Request: POST http://localhost:8002/v1/chat/completions "HTTP/1.1 200 OK"

2026-08-17 15:04:47,374 - INFO - HTTP Request: POST http://localhost:8002/v1/chat/completions "HTTP/1.1 200 OK"
2026-08-17 15:04:50,734 - INFO - HTTP Request: POST http://localhost:8002/v1/chat/completions "HTTP/1.1 200 OK"
2026-08-17 15:04:56,061 - INFO - HTTP Request: POST http://localhost:8002/v1/chat/completions "HTTP/1.1 200 OK"

2026-08-17 15:05:01,069 - INFO - HTTP Request: POST http://localhost:8002/v1/chat/completions "HTTP/1.1 200 OK"

2026-08-17 15:05:05,201 - INFO - HTTP Request: POST http://localhost:8002/v1/chat/completions "HTTP/1.1 200 OK"

2026-08-17 15:05:08,891 - INFO - HTTP Request: POST http://localhost:8002/v1/chat/completions "HTTP/1.1 200 OK"
2026-08-17 15:05:20,554 - INFO - HTTP Request: POST http://localhost:8002/v1/chat/completions "HTTP/1.1 200 OK"
2026-08-17 15:05:22,012 - INFO - HTTP Request: POST http://localhost:8002/v1/chat/completions "HTTP/1.1 200 OK"

2026-08-17 15:05:27,674 - INFO - HTTP Request: POST http://localhost:8002/v1/chat/completions "HTTP/1.1 200 OK"
2026-08-17 15:05:32,125 - INFO - HTTP Request: POST http://localhost:8002/v1/chat/completions "HTTP/1.1 200 OK"
2026-08-17 15:05:33,531 - INFO - HTTP Request: POST http://localhost:8002/v1/chat/completions "HTTP/1.1 200 OK"

2026-08-17 15:05:41,812 - INFO - HTTP Request: POST http://localhost:8002/v1/chat/completions "HTTP/1.1 200 OK"

2026-08-17 15:05:43,119 - INFO - HTTP Request: POST http://localhost:8002/v1/chat/completions "HTTP/1.1 200 OK"

2026-08-17 15:05:46,809 - INFO - HTTP Request: POST http://localhost:8002/v1/chat/completions "HTTP/1.1 200 OK"
2026-08-17 15:05:57,165 - INFO - HTTP Request: POST http://localhost:8002/v1/chat/completions "HTTP/1.1 200 OK"
2026-08-17 15:05:59,777 - INFO - HTTP Request: POST http://localhost:8002/v1/chat/completions "HTTP/1.1 200 OK"

2026-08-17 15:06:06,743 - INFO - HTTP Request: POST http://localhost:8002/v1/chat/completions "HTTP/1.1 200 OK"
2026-08-17 15:06:08,363 - INFO - HTTP Request: POST http://localhost:8002/v1/chat/completions "HTTP/1.1 200 OK"
2026-08-17 15:06:09,985 - INFO - HTTP Request: POST http://localhost:8002/v1/chat/completions "HTTP/1.1 200 OK"

2026-08-17 15:06:20,224 - INFO - HTTP Request: POST http://localhost:8002/v1/chat/completions "HTTP/1.1 200 OK"
2026-08-17 15:06:20,660 - INFO - HTTP Request: POST http://localhost:8002/v1/chat/completions "HTTP/1.1 200 OK"

2026-08-17 15:06:22,337 - INFO - HTTP Request: POST http://localhost:8002/v1/chat/completions "HTTP/1.1 200 OK"

2026-08-17 15:06:29,947 - INFO - HTTP Request: POST http://localhost:8002/v1/chat/completions "HTTP/1.1 200 OK"
2026-08-17 15:06:34,449 - INFO - HTTP Request: POST http://localhost:8002/v1/chat/completions "HTTP/1.1 200 OK"

2026-08-17 15:06:45,324 - INFO - HTTP Request: POST http://localhost:8002/v1/chat/completions "HTTP/1.1 200 OK"
2026-08-17 15:06:46,942 - INFO - HTTP Request: POST http://localhost:8002/v1/chat/completions "HTTP/1.1 200 OK"
2026-08-17 15:06:47,160 - INFO - HTTP Request: POST http://localhost:8002/v1/chat/completions "HTTP/1.1 200 OK"

2026-08-17 15:06:58,355 - INFO - HTTP Request: POST http://localhost:8002/v1/chat/completions "HTTP/1.1 200 OK"

2026-08-17 15:06:59,669 - INFO - HTTP Request: POST http://localhost:8002/v1/chat/completions "HTTP/1.1 200 OK"

2026-08-17 15:07:03,799 - INFO - HTTP Request: POST http://localhost:8002/v1/chat/completions "HTTP/1.1 200 OK"
2026-08-17 15:07:16,328 - INFO - HTTP Request: POST http://localhost:8002/v1/chat/completions "HTTP/1.1 200 OK"
2026-08-17 15:07:16,545 - INFO - HTTP Request: POST http://localhost:8002/v1/chat/completions "HTTP/1.1 200 OK"

2026-08-17 15:07:18,167 - INFO - HTTP Request: POST http://localhost:8002/v1/chat/completions "HTTP/1.1 200 OK"
2026-08-17 15:07:20,221 - INFO - HTTP Request: POST http://localhost:8002/v1/chat/completions "HTTP/1.1 200 OK"
2026-08-17 15:07:30,562 - INFO - HTTP Request: POST http://localhost:8002/v1/chat/completions "HTTP/1.1 200 OK"

2026-08-17 15:07:30,780 - INFO - HTTP Request: POST http://localhost:8002/v1/chat/completions "HTTP/1.1 200 OK"

2026-08-17 15:07:33,176 - INFO - HTTP Request: POST http://localhost:8002/v1/chat/completions "HTTP/1.1 200 OK"

2026-08-17 15:07:37,519 - INFO - HTTP Request: POST http://localhost:8002/v1/chat/completions "HTTP/1.1 200 OK"
2026-08-17 15:07:48,750 - INFO - HTTP Request: POST http://localhost:8002/v1/chat/completions "HTTP/1.1 200 OK"

2026-08-17 15:07:50,706 - INFO - HTTP Request: POST http://localhost:8002/v1/chat/completions "HTTP/1.1 200 OK"
2026-08-17 15:07:59,997 - INFO - HTTP Request: POST http://localhost:8002/v1/chat/completions "HTTP/1.1 200 OK"
2026-08-17 15:08:02,703 - INFO - HTTP Request: POST http://localhost:8002/v1/chat/completions "HTTP/1.1 200 OK"
2026-08-17 15:08:05,628 - INFO - HTTP Request: POST http://localhost:8002/v1/chat/completions "HTTP/1.1 200 OK"

2026-08-17 15:08:13,686 - INFO - HTTP Request: POST http://localhost:8002/v1/chat/completions "HTTP/1.1 200 OK"

2026-08-17 15:08:14,994 - INFO - HTTP Request: POST http://localhost:8002/v1/chat/completions "HTTP/1.1 200 OK"

2026-08-17 15:08:18,905 - INFO - HTTP Request: POST http://localhost:8002/v1/chat/completions "HTTP/1.1 200 OK"
2026-08-17 15:08:31,443 - INFO - HTTP Request: POST http://localhost:8002/v1/chat/completions "HTTP/1.1 200 OK"

2026-08-17 15:08:33,841 - INFO - HTTP Request: POST http://localhost:8002/v1/chat/completions "HTTP/1.1 200 OK"
2026-08-17 15:08:35,242 - INFO - HTTP Request: POST http://localhost:8002/v1/chat/completions "HTTP/1.1 200 OK"
2026-08-17 15:08:35,461 - INFO - HTTP Request: POST http://localhost:8002/v1/chat/completions "HTTP/1.1 200 OK"
2026-08-17 15:08:46,616 - INFO - HTTP Request: POST http://localhost:8002/v1/chat/completions "HTTP/1.1 200 OK"

2026-08-17 15:08:48,361 - INFO - HTTP Request: POST http://localhost:8002/v1/chat/completions "HTTP/1.1 200 OK"

2026-08-17 15:08:50,323 - INFO - HTTP Request: POST http://localhost:8002/v1/chat/completions "HTTP/1.1 200 OK"

2026-08-17 15:09:04,879 - INFO - HTTP Request: POST http://localhost:8002/v1/chat/completions "HTTP/1.1 200 OK"
2026-08-17 15:09:15,899 - INFO - HTTP Request: POST http://localhost:8002/v1/chat/completions "HTTP/1.1 200 OK"
2026-08-17 15:09:16,633 - INFO - HTTP Request: POST http://localhost:8002/v1/chat/completions "HTTP/1.1 200 OK"

r0_cfg34:  74%|███████▍  | 37/50 [58:17<27:12, 125.58s/it]2026-08-17 15:09:17,958 - INFO - HTTP Request: POST http://localhost:8002/v1/chat/completions "HTTP/1.1 200 OK"
2026-08-17 15:09:24,154 - INFO - HTTP Request: POST http://localhost:8002/v1/chat/completions "HTTP/1.1 200 OK"
2026-08-17 15:09:29,106 - INFO - HTTP Request: POST http://localhost:8002/v1/chat/completions "HTTP/1.1 200 OK"

2026-08-17 15:09:32,165 - INFO - HTTP Request: POST http://localhost:8002/v1/chat/completions "HTTP/1.1 200 OK"

2026-08-17 15:09:38,916 - INFO - HTTP Request: POST http://localhost:8002/v1/chat/completions "HTTP/1.1 200 OK"

r0_cfg34:  76%|███████▌  | 38/50 [58:40<18:55, 94.59s/it] 2026-08-17 15:09:39,350 - INFO - HTTP Request: POST http://localhost:8002/v1/chat/completions "HTTP/1.1 200 OK"
2026-08-17 15:09:48,363 - INFO - HTTP Request: POST http://localhost:8002/v1/chat/completions "HTTP/1.1 200 OK"

2026-08-17 15:10:00,962 - INFO - HTTP Request: POST http://localhost:8002/v1/chat/completions "HTTP/1.1 200 OK"
2026-08-17 15:10:01,971 - INFO - HTTP Request: POST http://localhost:8002/v1/chat/completions "HTTP/1.1 200 OK"
2026-08-17 15:10:05,553 - INFO - HTTP Request: POST http://localhost:8002/v1/chat/completions "HTTP/1.1 200 OK"
2026-08-17 15:10:15,020 - INFO - HTTP Request: POST http://localhost:8002/v1/chat/completions "HTTP/1.1 200 OK"

2026-08-17 15:10:15,237 - INFO - HTTP Request: POST http://localhost:8002/v1/chat/completions "HTTP/1.1 200 OK"
2026-08-17 15:10:17,356 - INFO - HTTP Request: POST http://localhost:8002/v1/chat/completions "HTTP/1.1 200 OK"

r0_cfg34:  78%|███████▊  | 39/50 [59:18<14:15, 77.75s/it]2026-08-17 15:10:21,497 - INFO - HTTP Request: POST http://localhost:8002/v1/chat/completions "HTTP/1.1 200 OK"

r0_cfg34:  80%|████████  | 40/50 [59:22<09:16, 55.66s/it]2026-08-17 15:10:25,629 - INFO - HTTP Request: POST http://localhost:8002/v1/chat/completions "HTTP/1.1 200 OK"

2026-08-17 15:10:39,090 - INFO - HTTP Request: POST http://localhost:8002/v1/chat/completions "HTTP/1.1 200 OK"
2026-08-17 15:10:41,619 - INFO - HTTP Request: POST http://localhost:8002/v1/chat/completions "HTTP/1.1 200 OK"
2026-08-17 15:10:43,719 - INFO - HTTP Request: POST http://localhost:8002/v1/chat/completions "HTTP/1.1 200 OK"
2026-08-17 15:10:50,627 - INFO - HTTP Request: POST http://localhost:8002/v1/chat/completions "HTTP/1.1 200 OK"

2026-08-17 15:10:50,628 - INFO - HTTP Request: POST http://localhost:8002/v1/chat/completions "HTTP/1.1 200 OK"
2026-08-17 15:10:52,303 - INFO - HTTP Request: POST http://localhost:8002/v1/chat/completions "HTTP/1.1 200 OK"

2026-08-17 15:10:56,661 - INFO - HTTP Request: POST http://localhost:8002/v1/chat/completions "HTTP/1.1 200 OK"

2026-08-17 15:11:02,968 - INFO - HTTP Request: POST http://localhost:8002/v1/chat/completions "HTTP/1.1 200 OK"

2026-08-17 15:11:16,651 - INFO - HTTP Request: POST http://localhost:8002/v1/chat/completions "HTTP/1.1 200 OK"
2026-08-17 15:11:17,086 - INFO - HTTP Request: POST http://localhost:8002/v1/chat/completions "HTTP/1.1 200 OK"
2026-08-17 15:11:23,020 - INFO - HTTP Request: POST http://localhost:8002/v1/chat/completions "HTTP/1.1 200 OK"
2026-08-17 15:11:27,749 - INFO - HTTP Request: POST http://localhost:8002/v1/chat/completions "HTTP/1.1 200 OK"
2026-08-17 15:11:29,156 - INFO - HTTP Request: POST http://localhost:8002/v1/chat/completions "HTTP/1.1 200 OK"

2026-08-17 15:11:30,249 - INFO - HTTP Request: POST http://localhost:8002/v1/chat/completions "HTTP/1.1 200 OK"

2026-08-17 15:11:38,532 - INFO - HTTP Request: POST http://localhost:8002/v1/chat/completions "HTTP/1.1 200 OK"

2026-08-17 15:11:39,839 - INFO - HTTP Request: POST http://localhost:8002/v1/chat/completions "HTTP/1.1 200 OK"

2026-08-17 15:11:53,523 - INFO - HTTP Request: POST http://localhost:8002/v1/chat/completions "HTTP/1.1 200 OK"
2026-08-17 15:11:54,532 - INFO - HTTP Request: POST http://localhost:8002/v1/chat/completions "HTTP/1.1 200 OK"
2026-08-17 15:11:59,895 - INFO - HTTP Request: POST http://localhost:8002/v1/chat/completions "HTTP/1.1 200 OK"
2026-08-17 15:12:03,531 - INFO - HTTP Request: POST http://localhost:8002/v1/chat/completions "HTTP/1.1 200 OK"
2026-08-17 15:12:05,213 - INFO - HTTP Request: POST http://localhost:8002/v1/chat/completions "HTTP/1.1 200 OK"

2026-08-17 15:12:07,838 - INFO - HTTP Request: POST http://localhost:8002/v1/chat/completions "HTTP/1.1 200 OK"

2026-08-17 15:12:11,331 - INFO - HTTP Request: POST http://localhost:8002/v1/chat/completions "HTTP/1.1 200 OK"

2026-08-17 15:12:16,769 - INFO - HTTP Request: POST http://localhost:8002/v1/chat/completions "HTTP/1.1 200 OK"

2026-08-17 15:12:27,631 - INFO - HTTP Request: POST http://localhost:8002/v1/chat/completions "HTTP/1.1 200 OK"
2026-08-17 15:12:29,510 - INFO - HTTP Request: POST http://localhost:8002/v1/chat/completions "HTTP/1.1 200 OK"
2026-08-17 15:12:39,876 - INFO - HTTP Request: POST http://localhost:8002/v1/chat/completions "HTTP/1.1 200 OK"

2026-08-17 15:12:40,310 - INFO - HTTP Request: POST http://localhost:8002/v1/chat/completions "HTTP/1.1 200 OK"
2026-08-17 15:12:41,498 - INFO - HTTP Request: POST http://localhost:8002/v1/chat/completions "HTTP/1.1 200 OK"
2026-08-17 15:12:42,529 - INFO - HTTP Request: POST http://localhost:8002/v1/chat/completions "HTTP/1.1 200 OK"

2026-08-17 15:12:53,639 - INFO - HTTP Request: POST http://localhost:8002/v1/chat/completions "HTTP/1.1 200 OK"

2026-08-17 15:12:54,074 - INFO - HTTP Request: POST http://localhost:8002/v1/chat/completions "HTTP/1.1 200 OK"

2026-08-17 15:13:02,341 - INFO - HTTP Request: POST http://localhost:8002/v1/chat/completions "HTTP/1.1 200 OK"
2026-08-17 15:13:09,438 - INFO - HTTP Request: POST http://localhost:8002/v1/chat/completions "HTTP/1.1 200 OK"
2026-08-17 15:13:13,062 - INFO - HTTP Request: POST http://localhost:8002/v1/chat/completions "HTTP/1.1 200 OK"

2026-08-17 15:13:13,933 - INFO - HTTP Request: POST http://localhost:8002/v1/chat/completions "HTTP/1.1 200 OK"
2026-08-17 15:13:14,149 - INFO - HTTP Request: POST http://localhost:8002/v1/chat/completions "HTTP/1.1 200 OK"
2026-08-17 15:13:23,390 - INFO - HTTP Request: POST http://localhost:8002/v1/chat/completions "HTTP/1.1 200 OK"

2026-08-17 15:13:25,788 - INFO - HTTP Request: POST http://localhost:8002/v1/chat/completions "HTTP/1.1 200 OK"

2026-08-17 15:13:26,006 - INFO - HTTP Request: POST http://localhost:8002/v1/chat/completions "HTTP/1.1 200 OK"

2026-08-17 15:13:42,515 - INFO - HTTP Request: POST http://localhost:8002/v1/chat/completions "HTTP/1.1 200 OK"
2026-08-17 15:13:43,527 - INFO - HTTP Request: POST http://localhost:8002/v1/chat/completions "HTTP/1.1 200 OK"
2026-08-17 15:13:53,249 - INFO - HTTP Request: POST http://localhost:8002/v1/chat/completions "HTTP/1.1 200 OK"

2026-08-17 15:13:54,992 - INFO - HTTP Request: POST http://localhost:8002/v1/chat/completions "HTTP/1.1 200 OK"
2026-08-17 15:13:55,210 - INFO - HTTP Request: POST http://localhost:8002/v1/chat/completions "HTTP/1.1 200 OK"
2026-08-17 15:13:56,605 - INFO - HTTP Request: POST http://localhost:8002/v1/chat/completions "HTTP/1.1 200 OK"

2026-08-17 15:14:06,189 - INFO - HTTP Request: POST http://localhost:8002/v1/chat/completions "HTTP/1.1 200 OK"

2026-08-17 15:14:12,071 - INFO - HTTP Request: POST http://localhost:8002/v1/chat/completions "HTTP/1.1 200 OK"

2026-08-17 15:14:14,028 - INFO - HTTP Request: POST http://localhost:8002/v1/chat/completions "HTTP/1.1 200 OK"
2026-08-17 15:14:25,913 - INFO - HTTP Request: POST http://localhost:8002/v1/chat/completions "HTTP/1.1 200 OK"
2026-08-17 15:14:26,348 - INFO - HTTP Request: POST http://localhost:8002/v1/chat/completions "HTTP/1.1 200 OK"

2026-08-17 15:14:32,361 - INFO - HTTP Request: POST http://localhost:8002/v1/chat/completions "HTTP/1.1 200 OK"
2026-08-17 15:14:38,613 - INFO - HTTP Request: POST http://localhost:8002/v1/chat/completions "HTTP/1.1 200 OK"

2026-08-17 15:14:39,493 - INFO - HTTP Request: POST http://localhost:8002/v1/chat/completions "HTTP/1.1 200 OK"
2026-08-17 15:14:51,625 - INFO - HTTP Request: POST http://localhost:8002/v1/chat/completions "HTTP/1.1 200 OK"

r0_cfg34:  82%|████████▏ | 41/50 [1:03:52<18:00, 120.00s/it]2026-08-17 15:14:52,495 - INFO - HTTP Request: POST http://localhost:8002/v1/chat/completions "HTTP/1.1 200 OK"

2026-08-17 15:14:56,410 - INFO - HTTP Request: POST http://localhost:8002/v1/chat/completions "HTTP/1.1 200 OK"
2026-08-17 15:15:11,341 - INFO - HTTP Request: POST http://localhost:8002/v1/chat/completions "HTTP/1.1 200 OK"

2026-08-17 15:15:11,776 - INFO - HTTP Request: POST http://localhost:8002/v1/chat/completions "HTTP/1.1 200 OK"
2026-08-17 15:15:13,883 - INFO - HTTP Request: POST http://localhost:8002/v1/chat/completions "HTTP/1.1 200 OK"
2026-08-17 15:15:22,310 - INFO - HTTP Request: POST http://localhost:8002/v1/chat/completions "HTTP/1.1 200 OK"
2026-08-17 15:15:23,341 - INFO - HTTP Request: POST http://localhost:8002/v1/chat/completions "HTTP/1.1 200 OK"

r0_cfg34:  84%|████████▍ | 42/50 [1:04:24<12:28, 93.52s/it] 2026-08-17 15:15:26,827 - INFO - HTTP Request: POST http://localhost:8002/v1/chat/completions "HTTP/1.1 200 OK"

2026-08-17 15:15:36,183 - INFO - HTTP Request: POST http://localhost:8002/v1/chat/completions "HTTP/1.1 200 OK"

2026-08-17 15:15:44,879 - INFO - HTTP Request: POST http://localhost:8002/v1/chat/completions "HTTP/1.1 200 OK"
2026-08-17 15:15:45,313 - INFO - HTTP Request: POST http://localhost:8002/v1/chat/completions "HTTP/1.1 200 OK"
2026-08-17 15:15:53,167 - INFO - HTTP Request: POST http://localhost:8002/v1/chat/completions "HTTP/1.1 200 OK"
2026-08-17 15:15:59,861 - INFO - HTTP Request: POST http://localhost:8002/v1/chat/completions "HTTP/1.1 200 OK"

r0_cfg34:  86%|████████▌ | 43/50 [1:05:01<08:54, 76.42s/it]2026-08-17 15:16:00,139 - INFO - HTTP Request: POST http://localhost:8002/v1/chat/completions "HTTP/1.1 200 OK"

2026-08-17 15:16:06,608 - INFO - HTTP Request: POST http://localhost:8002/v1/chat/completions "HTTP/1.1 200 OK"

2026-08-17 15:16:10,084 - INFO - HTTP Request: POST http://localhost:8002/v1/chat/completions "HTTP/1.1 200 OK"
2026-08-17 15:16:22,201 - INFO - HTTP Request: POST http://localhost:8002/v1/chat/completions "HTTP/1.1 200 OK"
2026-08-17 15:16:24,259 - INFO - HTTP Request: POST http://localhost:8002/v1/chat/completions "HTTP/1.1 200 OK"

r0_cfg34:  88%|████████▊ | 44/50 [1:05:25<06:04, 60.81s/it]2026-08-17 15:16:26,868 - INFO - HTTP Request: POST http://localhost:8002/v1/chat/completions "HTTP/1.1 200 OK"
2026-08-17 15:16:30,940 - INFO - HTTP Request: POST http://localhost:8002/v1/chat/completions "HTTP/1.1 200 OK"
2026-08-17 15:16:39,660 - INFO - HTTP Request: POST http://localhost:8002/v1/chat/completions "HTTP/1.1 200 OK"

2026-08-17 15:16:41,841 - INFO - HTTP Request: POST http://localhost:8002/v1/chat/completions "HTTP/1.1 200 OK"

2026-08-17 15:16:45,758 - INFO - HTTP Request: POST http://localhost:8002/v1/chat/completions "HTTP/1.1 200 OK"

2026-08-17 15:16:47,068 - INFO - HTTP Request: POST http://localhost:8002/v1/chat/completions "HTTP/1.1 200 OK"
2026-08-17 15:16:55,248 - INFO - HTTP Request: POST http://localhost:8002/v1/chat/completions "HTTP/1.1 200 OK"

2026-08-17 15:17:05,888 - INFO - HTTP Request: POST http://localhost:8002/v1/chat/completions "HTTP/1.1 200 OK"
2026-08-17 15:17:06,607 - INFO - HTTP Request: POST http://localhost:8002/v1/chat/completions "HTTP/1.1 200 OK"
2026-08-17 15:17:10,489 - INFO - HTTP Request: POST http://localhost:8002/v1/chat/completions "HTTP/1.1 200 OK"
2026-08-17 15:17:21,709 - INFO - HTTP Request: POST http://localhost:8002/v1/chat/completions "HTTP/1.1 200 OK"

2026-08-17 15:17:22,144 - INFO - HTTP Request: POST http://localhost:8002/v1/chat/completions "HTTP/1.1 200 OK"

2026-08-17 15:17:22,366 - INFO - HTTP Request: POST http://localhost:8002/v1/chat/completions "HTTP/1.1 200 OK"
2026-08-17 15:17:23,160 - INFO - HTTP Request: POST http://localhost:8002/v1/chat/completions "HTTP/1.1 200 OK"

2026-08-17 15:17:34,463 - INFO - HTTP Request: POST http://localhost:8002/v1/chat/completions "HTTP/1.1 200 OK"

2026-08-17 15:17:42,931 - INFO - HTTP Request: POST http://localhost:8002/v1/chat/completions "HTTP/1.1 200 OK"
2026-08-17 15:17:46,563 - INFO - HTTP Request: POST http://localhost:8002/v1/chat/completions "HTTP/1.1 200 OK"
2026-08-17 15:17:46,781 - INFO - HTTP Request: POST http://localhost:8002/v1/chat/completions "HTTP/1.1 200 OK"
2026-08-17 15:17:56,786 - INFO - HTTP Request: POST http://localhost:8002/v1/chat/completions "HTTP/1.1 200 OK"

2026-08-17 15:17:59,839 - INFO - HTTP Request: POST http://localhost:8002/v1/chat/completions "HTTP/1.1 200 OK"
2026-08-17 15:17:59,839 - INFO - HTTP Request: POST http://localhost:8002/v1/chat/completions "HTTP/1.1 200 OK"

2026-08-17 15:18:02,373 - INFO - HTTP Request: POST http://localhost:8002/v1/chat/completions "HTTP/1.1 200 OK"

2026-08-17 15:18:15,848 - INFO - HTTP Request: POST http://localhost:8002/v1/chat/completions "HTTP/1.1 200 OK"

2026-08-17 15:18:19,764 - INFO - HTTP Request: POST http://localhost:8002/v1/chat/completions "HTTP/1.1 200 OK"
2026-08-17 15:18:26,003 - INFO - HTTP Request: POST http://localhost:8002/v1/chat/completions "HTTP/1.1 200 OK"
2026-08-17 15:18:27,189 - INFO - HTTP Request: POST http://localhost:8002/v1/chat/completions "HTTP/1.1 200 OK"
2026-08-17 15:18:31,213 - INFO - HTTP Request: POST http://localhost:8002/v1/chat/completions "HTTP/1.1 200 OK"

2026-08-17 15:18:39,925 - INFO - HTTP Request: POST http://localhost:8002/v1/chat/completions "HTTP/1.1 200 OK"

2026-08-17 15:18:40,805 - INFO - HTTP Request: POST http://localhost:8002/v1/chat/completions "HTTP/1.1 200 OK"

2026-08-17 15:18:40,806 - INFO - HTTP Request: POST http://localhost:8002/v1/chat/completions "HTTP/1.1 200 OK"
2026-08-17 15:18:53,108 - INFO - HTTP Request: POST http://localhost:8002/v1/chat/completions "HTTP/1.1 200 OK"

2026-08-17 15:18:59,845 - INFO - HTTP Request: POST http://localhost:8002/v1/chat/completions "HTTP/1.1 200 OK"
2026-08-17 15:19:00,062 - INFO - HTTP Request: POST http://localhost:8002/v1/chat/completions "HTTP/1.1 200 OK"
2026-08-17 15:19:01,562 - INFO - HTTP Request: POST http://localhost:8002/v1/chat/completions "HTTP/1.1 200 OK"
2026-08-17 15:19:10,219 - INFO - HTTP Request: POST http://localhost:8002/v1/chat/completions "HTTP/1.1 200 OK"

2026-08-17 15:19:13,488 - INFO - HTTP Request: POST http://localhost:8002/v1/chat/completions "HTTP/1.1 200 OK"
2026-08-17 15:19:15,155 - INFO - HTTP Request: POST http://localhost:8002/v1/chat/completions "HTTP/1.1 200 OK"

2026-08-17 15:19:15,812 - INFO - HTTP Request: POST http://localhost:8002/v1/chat/completions "HTTP/1.1 200 OK"

2026-08-17 15:19:23,637 - INFO - HTTP Request: POST http://localhost:8002/v1/chat/completions "HTTP/1.1 200 OK"

2026-08-17 15:19:35,801 - INFO - HTTP Request: POST http://localhost:8002/v1/chat/completions "HTTP/1.1 200 OK"
2026-08-17 15:19:39,434 - INFO - HTTP Request: POST http://localhost:8002/v1/chat/completions "HTTP/1.1 200 OK"
2026-08-17 15:19:44,978 - INFO - HTTP Request: POST http://localhost:8002/v1/chat/completions "HTTP/1.1 200 OK"
2026-08-17 15:19:51,238 - INFO - HTTP Request: POST http://localhost:8002/v1/chat/completions "HTTP/1.1 200 OK"

2026-08-17 15:19:53,420 - INFO - HTTP Request: POST http://localhost:8002/v1/chat/completions "HTTP/1.1 200 OK"
2026-08-17 15:19:54,219 - INFO - HTTP Request: POST http://localhost:8002/v1/chat/completions "HTTP/1.1 200 OK"

2026-08-17 15:19:55,093 - INFO - HTTP Request: POST http://localhost:8002/v1/chat/completions "HTTP/1.1 200 OK"

2026-08-17 15:20:07,273 - INFO - HTTP Request: POST http://localhost:8002/v1/chat/completions "HTTP/1.1 200 OK"

2026-08-17 15:20:14,225 - INFO - HTTP Request: POST http://localhost:8002/v1/chat/completions "HTTP/1.1 200 OK"
2026-08-17 15:20:20,854 - INFO - HTTP Request: POST http://localhost:8002/v1/chat/completions "HTTP/1.1 200 OK"
2026-08-17 15:20:26,669 - INFO - HTTP Request: POST http://localhost:8002/v1/chat/completions "HTTP/1.1 200 OK"

2026-08-17 15:20:27,978 - INFO - HTTP Request: POST http://localhost:8002/v1/chat/completions "HTTP/1.1 200 OK"
2026-08-17 15:20:28,989 - INFO - HTTP Request: POST http://localhost:8002/v1/chat/completions "HTTP/1.1 200 OK"
2026-08-17 15:20:34,815 - INFO - HTTP Request: POST http://localhost:8002/v1/chat/completions "HTTP/1.1 200 OK"

2026-08-17 15:20:40,268 - INFO - HTTP Request: POST http://localhost:8002/v1/chat/completions "HTTP/1.1 200 OK"

2026-08-17 15:20:43,752 - INFO - HTTP Request: POST http://localhost:8002/v1/chat/completions "HTTP/1.1 200 OK"

r0_cfg34:  90%|█████████ | 45/50 [1:09:44<10:02, 120.42s/it]2026-08-17 15:20:56,349 - INFO - HTTP Request: POST http://localhost:8002/v1/chat/completions "HTTP/1.1 200 OK"
2026-08-17 15:21:06,241 - INFO - HTTP Request: POST http://localhost:8002/v1/chat/completions "HTTP/1.1 200 OK"
2026-08-17 15:21:08,517 - INFO - HTTP Request: POST http://localhost:8002/v1/chat/completions "HTTP/1.1 200 OK"
2026-08-17 15:21:10,416 - INFO - HTTP Request: POST http://localhost:8002/v1/chat/completions "HTTP/1.1 200 OK"
2026-08-17 15:21:10,635 - INFO - HTTP Request: POST http://localhost:8002/v1/chat/completions "HTTP/1.1 200 OK"

2026-08-17 15:21:19,065 - INFO - HTTP Request: POST http://localhost:8002/v1/chat/completions "HTTP/1.1 200 OK"

2026-08-17 15:21:21,028 - INFO - HTTP Request: POST http://localhost:8002/v1/chat/completions "HTTP/1.1 200 OK"

r0_cfg34:  92%|█████████▏| 46/50 [1:10:22<06:21, 95.47s/it] 2026-08-17 15:21:23,421 - INFO - HTTP Request: POST http://localhost:8002/v1/chat/completions "HTTP/1.1 200 OK"

2026-08-17 15:21:42,972 - INFO - HTTP Request: POST http://localhost:8002/v1/chat/completions "HTTP/1.1 200 OK"
2026-08-17 15:21:43,702 - INFO - HTTP Request: POST http://localhost:8002/v1/chat/completions "HTTP/1.1 200 OK"
2026-08-17 15:21:45,772 - INFO - HTTP Request: POST http://localhost:8002/v1/chat/completions "HTTP/1.1 200 OK"
2026-08-17 15:21:55,957 - INFO - HTTP Request: POST http://localhost:8002/v1/chat/completions "HTTP/1.1 200 OK"

2026-08-17 15:21:56,615 - INFO - HTTP Request: POST http://localhost:8002/v1/chat/completions "HTTP/1.1 200 OK"

r0_cfg34:  94%|█████████▍| 47/50 [1:10:57<03:52, 77.51s/it]2026-08-17 15:21:57,486 - INFO - HTTP Request: POST http://localhost:8002/v1/chat/completions "HTTP/1.1 200 OK"

2026-08-17 15:21:57,487 - INFO - HTTP Request: POST http://localhost:8002/v1/chat/completions "HTTP/1.1 200 OK"
2026-08-17 15:22:11,345 - INFO - HTTP Request: POST http://localhost:8002/v1/chat/completions "HTTP/1.1 200 OK"

r0_cfg34:  96%|█████████▌| 48/50 [1:11:12<01:57, 58.67s/it]2026-08-17 15:22:21,743 - INFO - HTTP Request: POST http://localhost:8002/v1/chat/completions "HTTP/1.1 200 OK"
2026-08-17 15:22:21,744 - INFO - HTTP Request: POST http://localhost:8002/v1/chat/completions "HTTP/1.1 200 OK"
2026-08-17 15:22:34,016 - INFO - HTTP Request: POST http://localhost:8002/v1/chat/completions "HTTP/1.1 200 OK"

2026-08-17 15:22:34,706 - INFO - HTTP Request: POST http://localhost:8002/v1/chat/completions "HTTP/1.1 200 OK"

2026-08-17 15:22:57,917 - INFO - HTTP Request: POST http://localhost:8002/v1/chat/completions "HTTP/1.1 200 OK"
2026-08-17 15:22:58,703 - INFO - HTTP Request: POST http://localhost:8002/v1/chat/completions "HTTP/1.1 200 OK"
2026-08-17 15:23:10,565 - INFO - HTTP Request: POST http://localhost:8002/v1/chat/completions "HTTP/1.1 200 OK"

2026-08-17 15:23:11,038 - INFO - HTTP Request: POST http://localhost:8002/v1/chat/completions "HTTP/1.1 200 OK"

2026-08-17 15:23:30,572 - INFO - HTTP Request: POST http://localhost:8002/v1/chat/completions "HTTP/1.1 200 OK"
2026-08-17 15:23:34,457 - INFO - HTTP Request: POST http://localhost:8002/v1/chat/completions "HTTP/1.1 200 OK"
2026-08-17 15:23:41,320 - INFO - HTTP Request: POST http://localhost:8002/v1/chat/completions "HTTP/1.1 200 OK"

2026-08-17 15:23:46,569 - INFO - HTTP Request: POST http://localhost:8002/v1/chat/completions "HTTP/1.1 200 OK"

2026-08-17 15:24:06,105 - INFO - HTTP Request: POST http://localhost:8002/v1/chat/completions "HTTP/1.1 200 OK"
2026-08-17 15:24:09,712 - INFO - HTTP Request: POST http://localhost:8002/v1/chat/completions "HTTP/1.1 200 OK"
2026-08-17 15:24:17,234 - INFO - HTTP Request: POST http://localhost:8002/v1/chat/completions "HTTP/1.1 200 OK"

2026-08-17 15:24:19,443 - INFO - HTTP Request: POST http://localhost:8002/v1/chat/completions "HTTP/1.1 200 OK"

2026-08-17 15:24:39,192 - INFO - HTTP Request: POST http://localhost:8002/v1/chat/completions "HTTP/1.1 200 OK"
2026-08-17 15:24:45,680 - INFO - HTTP Request: POST http://localhost:8002/v1/chat/completions "HTTP/1.1 200 OK"
2026-08-17 15:24:51,027 - INFO - HTTP Request: POST http://localhost:8002/v1/chat/completions "HTTP/1.1 200 OK"

2026-08-17 15:24:57,144 - INFO - HTTP Request: POST http://localhost:8002/v1/chat/completions "HTTP/1.1 200 OK"

2026-08-17 15:25:16,895 - INFO - HTTP Request: POST http://localhost:8002/v1/chat/completions "HTTP/1.1 200 OK"
2026-08-17 15:25:19,854 - INFO - HTTP Request: POST http://localhost:8002/v1/chat/completions "HTTP/1.1 200 OK"
2026-08-17 15:25:32,660 - INFO - HTTP Request: POST http://localhost:8002/v1/chat/completions "HTTP/1.1 200 OK"

2026-08-17 15:25:36,606 - INFO - HTTP Request: POST http://localhost:8002/v1/chat/completions "HTTP/1.1 200 OK"

2026-08-17 15:26:04,809 - INFO - HTTP Request: POST http://localhost:8002/v1/chat/completions "HTTP/1.1 200 OK"
2026-08-17 15:26:05,656 - INFO - HTTP Request: POST http://localhost:8002/v1/chat/completions "HTTP/1.1 200 OK"
2026-08-17 15:26:16,872 - INFO - HTTP Request: POST http://localhost:8002/v1/chat/completions "HTTP/1.1 200 OK"

r0_cfg34:  98%|█████████▊| 49/50 [1:15:18<01:54, 114.73s/it]2026-08-17 15:26:18,085 - INFO - HTTP Request: POST http://localhost:8002/v1/chat/completions "HTTP/1.1 200 OK"

2026-08-17 15:26:24,012 - INFO - HTTP Request: POST http://localhost:8002/v1/chat/completions "HTTP/1.1 200 OK"
2026-08-17 15:26:26,191 - INFO - HTTP Request: POST http://localhost:8002/v1/chat/completions "HTTP/1.1 200 OK"

r0_cfg34: 100%|██████████| 50/50 [1:15:27<00:00, 83.11s/it] r0_cfg34: 100%|██████████| 50/50 [1:15:27<00:00, 90.55s/it]
  done in 4527.7s (valid 50/50, invalid {})

Scored 1 model/s.
Report:  /LAB/Swiss-Knife/tribunal/bayes_search_honesty/eval_results/round0/r0_cfg34/report/index.html
Tables:  /LAB/Swiss-Knife/tribunal/bayes_search_honesty/eval_results/round0/r0_cfg34/model_summary.csv, /LAB/Swiss-Knife/tribunal/bayes_search_honesty/eval_results/round0/r0_cfg34/summary.csv
