2026-08-17 21:35:27,183 - INFO - Judge client pointed at http://localhost:8003/v1
2026-08-17 21:35:30,631 - INFO - Loading Detoxify model (CPU)
2026-08-17 21:35:34,562 - INFO - HTTP Request: HEAD https://huggingface.co/bert-base-uncased/resolve/main/config.json "HTTP/1.1 200 OK"
Warning: You are sending unauthenticated requests to the HF Hub. Please set a HF_TOKEN to enable higher rate limits and faster downloads.
2026-08-17 21:35:34,563 - WARNING - Warning: You are sending unauthenticated requests to the HF Hub. Please set a HF_TOKEN to enable higher rate limits and faster downloads.
input:  /LAB/Swiss-Knife/tribunal/bayes_search_honesty/eval_results/round2/r2_cfg3/_tribunal_input_tmp (1 model file/s)
output: /LAB/Swiss-Knife/tribunal/bayes_search_honesty/eval_results/round2/r2_cfg3
judge:  Qwen/Qwen2.5-32B-Instruct @ http://localhost:8003/v1
detoxify cross-check: True
Loading weights:   0%|          | 0/201 [00:00<?, ?it/s]Loading weights: 100%|██████████| 201/201 [00:00<00:00, 17430.74it/s]
2026-08-17 21:35:34,892 - INFO - HTTP Request: HEAD https://huggingface.co/bert-base-uncased/resolve/main/tokenizer_config.json "HTTP/1.1 200 OK"
2026-08-17 21:35:35,105 - INFO - HTTP Request: GET https://huggingface.co/api/models/bert-base-uncased/tree/main/additional_chat_templates?recursive=false&expand=false "HTTP/1.1 307 Temporary Redirect"
2026-08-17 21:35:35,314 - INFO - HTTP Request: GET https://huggingface.co/api/models/google-bert/bert-base-uncased/tree/main/additional_chat_templates?recursive=false&expand=false "HTTP/1.1 404 Not Found"
2026-08-17 21:35:35,522 - INFO - HTTP Request: GET https://huggingface.co/api/models/bert-base-uncased/tree/main?recursive=true&expand=false "HTTP/1.1 307 Temporary Redirect"
2026-08-17 21:35:35,736 - INFO - HTTP Request: GET https://huggingface.co/api/models/google-bert/bert-base-uncased/tree/main?recursive=true&expand=false "HTTP/1.1 200 OK"

[1/1] r2_cfg3
  scoring 50 records (0 skipped or cached) [workers=4]
r2_cfg3:   0%|          | 0/50 [00:00<?, ?it/s]2026-08-17 21:35:57,800 - INFO - HTTP Request: POST http://localhost:8003/v1/chat/completions "HTTP/1.1 200 OK"
2026-08-17 21:35:58,017 - INFO - HTTP Request: POST http://localhost:8003/v1/chat/completions "HTTP/1.1 200 OK"
2026-08-17 21:35:58,018 - INFO - HTTP Request: POST http://localhost:8003/v1/chat/completions "HTTP/1.1 200 OK"
2026-08-17 21:35:58,570 - INFO - HTTP Request: POST http://localhost:8003/v1/chat/completions "HTTP/1.1 200 OK"
2026-08-17 21:36:09,317 - INFO - HTTP Request: POST http://localhost:8003/v1/chat/completions "HTTP/1.1 200 OK"

2026-08-17 21:36:10,687 - INFO - HTTP Request: POST http://localhost:8003/v1/chat/completions "HTTP/1.1 200 OK"

2026-08-17 21:36:11,996 - INFO - HTTP Request: POST http://localhost:8003/v1/chat/completions "HTTP/1.1 200 OK"

2026-08-17 21:36:11,997 - INFO - HTTP Request: POST http://localhost:8003/v1/chat/completions "HTTP/1.1 200 OK"

2026-08-17 21:36:33,673 - INFO - HTTP Request: POST http://localhost:8003/v1/chat/completions "HTTP/1.1 200 OK"
2026-08-17 21:36:35,633 - INFO - HTTP Request: POST http://localhost:8003/v1/chat/completions "HTTP/1.1 200 OK"
2026-08-17 21:36:38,607 - INFO - HTTP Request: POST http://localhost:8003/v1/chat/completions "HTTP/1.1 200 OK"
2026-08-17 21:36:38,608 - INFO - HTTP Request: POST http://localhost:8003/v1/chat/completions "HTTP/1.1 200 OK"
2026-08-17 21:36:44,437 - INFO - HTTP Request: POST http://localhost:8003/v1/chat/completions "HTTP/1.1 200 OK"

2026-08-17 21:36:48,842 - INFO - HTTP Request: POST http://localhost:8003/v1/chat/completions "HTTP/1.1 200 OK"

2026-08-17 21:36:49,932 - INFO - HTTP Request: POST http://localhost:8003/v1/chat/completions "HTTP/1.1 200 OK"

2026-08-17 21:36:51,237 - INFO - HTTP Request: POST http://localhost:8003/v1/chat/completions "HTTP/1.1 200 OK"

2026-08-17 21:37:08,806 - INFO - HTTP Request: POST http://localhost:8003/v1/chat/completions "HTTP/1.1 200 OK"
2026-08-17 21:37:13,374 - INFO - HTTP Request: POST http://localhost:8003/v1/chat/completions "HTTP/1.1 200 OK"
2026-08-17 21:37:13,379 - INFO - HTTP Request: POST http://localhost:8003/v1/chat/completions "HTTP/1.1 200 OK"
2026-08-17 21:37:16,438 - INFO - HTTP Request: POST http://localhost:8003/v1/chat/completions "HTTP/1.1 200 OK"
2026-08-17 21:37:19,928 - INFO - HTTP Request: POST http://localhost:8003/v1/chat/completions "HTTP/1.1 200 OK"

2026-08-17 21:37:26,290 - INFO - HTTP Request: POST http://localhost:8003/v1/chat/completions "HTTP/1.1 200 OK"

2026-08-17 21:37:27,606 - INFO - HTTP Request: POST http://localhost:8003/v1/chat/completions "HTTP/1.1 200 OK"

2026-08-17 21:37:28,918 - INFO - HTTP Request: POST http://localhost:8003/v1/chat/completions "HTTP/1.1 200 OK"

2026-08-17 21:37:43,892 - INFO - HTTP Request: POST http://localhost:8003/v1/chat/completions "HTTP/1.1 200 OK"
2026-08-17 21:37:50,632 - INFO - HTTP Request: POST http://localhost:8003/v1/chat/completions "HTTP/1.1 200 OK"
2026-08-17 21:37:52,248 - INFO - HTTP Request: POST http://localhost:8003/v1/chat/completions "HTTP/1.1 200 OK"
2026-08-17 21:37:53,932 - INFO - HTTP Request: POST http://localhost:8003/v1/chat/completions "HTTP/1.1 200 OK"
2026-08-17 21:37:57,081 - INFO - HTTP Request: POST http://localhost:8003/v1/chat/completions "HTTP/1.1 200 OK"

2026-08-17 21:38:03,886 - INFO - HTTP Request: POST http://localhost:8003/v1/chat/completions "HTTP/1.1 200 OK"

2026-08-17 21:38:05,201 - INFO - HTTP Request: POST http://localhost:8003/v1/chat/completions "HTTP/1.1 200 OK"

2026-08-17 21:38:06,514 - INFO - HTTP Request: POST http://localhost:8003/v1/chat/completions "HTTP/1.1 200 OK"

2026-08-17 21:38:16,933 - INFO - HTTP Request: POST http://localhost:8003/v1/chat/completions "HTTP/1.1 200 OK"
2026-08-17 21:38:23,455 - INFO - HTTP Request: POST http://localhost:8003/v1/chat/completions "HTTP/1.1 200 OK"
2026-08-17 21:38:25,515 - INFO - HTTP Request: POST http://localhost:8003/v1/chat/completions "HTTP/1.1 200 OK"
2026-08-17 21:38:25,733 - INFO - HTTP Request: POST http://localhost:8003/v1/chat/completions "HTTP/1.1 200 OK"

2026-08-17 21:38:27,205 - INFO - HTTP Request: POST http://localhost:8003/v1/chat/completions "HTTP/1.1 200 OK"
2026-08-17 21:38:36,365 - INFO - HTTP Request: POST http://localhost:8003/v1/chat/completions "HTTP/1.1 200 OK"

2026-08-17 21:38:38,325 - INFO - HTTP Request: POST http://localhost:8003/v1/chat/completions "HTTP/1.1 200 OK"

2026-08-17 21:38:38,981 - INFO - HTTP Request: POST http://localhost:8003/v1/chat/completions "HTTP/1.1 200 OK"

2026-08-17 21:38:55,043 - INFO - HTTP Request: POST http://localhost:8003/v1/chat/completions "HTTP/1.1 200 OK"
2026-08-17 21:39:05,265 - INFO - HTTP Request: POST http://localhost:8003/v1/chat/completions "HTTP/1.1 200 OK"
2026-08-17 21:39:06,884 - INFO - HTTP Request: POST http://localhost:8003/v1/chat/completions "HTTP/1.1 200 OK"

2026-08-17 21:39:07,608 - INFO - HTTP Request: POST http://localhost:8003/v1/chat/completions "HTTP/1.1 200 OK"
2026-08-17 21:39:08,480 - INFO - HTTP Request: POST http://localhost:8003/v1/chat/completions "HTTP/1.1 200 OK"
2026-08-17 21:39:21,117 - INFO - HTTP Request: POST http://localhost:8003/v1/chat/completions "HTTP/1.1 200 OK"

2026-08-17 21:39:21,334 - INFO - HTTP Request: POST http://localhost:8003/v1/chat/completions "HTTP/1.1 200 OK"

2026-08-17 21:39:23,078 - INFO - HTTP Request: POST http://localhost:8003/v1/chat/completions "HTTP/1.1 200 OK"

2026-08-17 21:39:27,419 - INFO - HTTP Request: POST http://localhost:8003/v1/chat/completions "HTTP/1.1 200 OK"
2026-08-17 21:39:38,581 - INFO - HTTP Request: POST http://localhost:8003/v1/chat/completions "HTTP/1.1 200 OK"

2026-08-17 21:39:41,542 - INFO - HTTP Request: POST http://localhost:8003/v1/chat/completions "HTTP/1.1 200 OK"
2026-08-17 21:39:41,760 - INFO - HTTP Request: POST http://localhost:8003/v1/chat/completions "HTTP/1.1 200 OK"
2026-08-17 21:39:44,043 - INFO - HTTP Request: POST http://localhost:8003/v1/chat/completions "HTTP/1.1 200 OK"
2026-08-17 21:39:57,126 - INFO - HTTP Request: POST http://localhost:8003/v1/chat/completions "HTTP/1.1 200 OK"

2026-08-17 21:39:59,087 - INFO - HTTP Request: POST http://localhost:8003/v1/chat/completions "HTTP/1.1 200 OK"

2026-08-17 21:39:59,305 - INFO - HTTP Request: POST http://localhost:8003/v1/chat/completions "HTTP/1.1 200 OK"

2026-08-17 21:40:08,644 - INFO - HTTP Request: POST http://localhost:8003/v1/chat/completions "HTTP/1.1 200 OK"
2026-08-17 21:40:20,479 - INFO - HTTP Request: POST http://localhost:8003/v1/chat/completions "HTTP/1.1 200 OK"

2026-08-17 21:40:26,692 - INFO - HTTP Request: POST http://localhost:8003/v1/chat/completions "HTTP/1.1 200 OK"
2026-08-17 21:40:28,878 - INFO - HTTP Request: POST http://localhost:8003/v1/chat/completions "HTTP/1.1 200 OK"
2026-08-17 21:40:29,096 - INFO - HTTP Request: POST http://localhost:8003/v1/chat/completions "HTTP/1.1 200 OK"
2026-08-17 21:40:38,792 - INFO - HTTP Request: POST http://localhost:8003/v1/chat/completions "HTTP/1.1 200 OK"

2026-08-17 21:40:41,196 - INFO - HTTP Request: POST http://localhost:8003/v1/chat/completions "HTTP/1.1 200 OK"

2026-08-17 21:40:43,598 - INFO - HTTP Request: POST http://localhost:8003/v1/chat/completions "HTTP/1.1 200 OK"

2026-08-17 21:40:53,810 - INFO - HTTP Request: POST http://localhost:8003/v1/chat/completions "HTTP/1.1 200 OK"
2026-08-17 21:41:03,686 - INFO - HTTP Request: POST http://localhost:8003/v1/chat/completions "HTTP/1.1 200 OK"

r2_cfg3:   2%|▏         | 1/50 [05:27<4:27:45, 327.88s/it]2026-08-17 21:41:12,157 - INFO - HTTP Request: POST http://localhost:8003/v1/chat/completions "HTTP/1.1 200 OK"
2026-08-17 21:41:14,492 - INFO - HTTP Request: POST http://localhost:8003/v1/chat/completions "HTTP/1.1 200 OK"
2026-08-17 21:41:17,703 - INFO - HTTP Request: POST http://localhost:8003/v1/chat/completions "HTTP/1.1 200 OK"
2026-08-17 21:41:26,522 - INFO - HTTP Request: POST http://localhost:8003/v1/chat/completions "HTTP/1.1 200 OK"
2026-08-17 21:41:26,740 - INFO - HTTP Request: POST http://localhost:8003/v1/chat/completions "HTTP/1.1 200 OK"

r2_cfg3:   4%|▍         | 2/50 [05:50<1:58:51, 148.57s/it]2026-08-17 21:41:29,023 - INFO - HTTP Request: POST http://localhost:8003/v1/chat/completions "HTTP/1.1 200 OK"

r2_cfg3:   6%|▌         | 3/50 [05:53<1:04:03, 81.77s/it] 2026-08-17 21:41:32,728 - INFO - HTTP Request: POST http://localhost:8003/v1/chat/completions "HTTP/1.1 200 OK"

r2_cfg3:   8%|▊         | 4/50 [05:56<39:03, 50.95s/it]  2026-08-17 21:41:39,031 - INFO - HTTP Request: POST http://localhost:8003/v1/chat/completions "HTTP/1.1 200 OK"

2026-08-17 21:41:48,800 - INFO - HTTP Request: POST http://localhost:8003/v1/chat/completions "HTTP/1.1 200 OK"
2026-08-17 21:41:51,291 - INFO - HTTP Request: POST http://localhost:8003/v1/chat/completions "HTTP/1.1 200 OK"
2026-08-17 21:41:55,138 - INFO - HTTP Request: POST http://localhost:8003/v1/chat/completions "HTTP/1.1 200 OK"
2026-08-17 21:42:01,986 - INFO - HTTP Request: POST http://localhost:8003/v1/chat/completions "HTTP/1.1 200 OK"

2026-08-17 21:42:05,033 - INFO - HTTP Request: POST http://localhost:8003/v1/chat/completions "HTTP/1.1 200 OK"

2026-08-17 21:42:05,907 - INFO - HTTP Request: POST http://localhost:8003/v1/chat/completions "HTTP/1.1 200 OK"
2026-08-17 21:42:07,529 - INFO - HTTP Request: POST http://localhost:8003/v1/chat/completions "HTTP/1.1 200 OK"

2026-08-17 21:42:20,570 - INFO - HTTP Request: POST http://localhost:8003/v1/chat/completions "HTTP/1.1 200 OK"

2026-08-17 21:42:28,168 - INFO - HTTP Request: POST http://localhost:8003/v1/chat/completions "HTTP/1.1 200 OK"
2026-08-17 21:42:31,866 - INFO - HTTP Request: POST http://localhost:8003/v1/chat/completions "HTTP/1.1 200 OK"
2026-08-17 21:42:34,260 - INFO - HTTP Request: POST http://localhost:8003/v1/chat/completions "HTTP/1.1 200 OK"
2026-08-17 21:42:40,027 - INFO - HTTP Request: POST http://localhost:8003/v1/chat/completions "HTTP/1.1 200 OK"

2026-08-17 21:42:43,945 - INFO - HTTP Request: POST http://localhost:8003/v1/chat/completions "HTTP/1.1 200 OK"

2026-08-17 21:42:44,817 - INFO - HTTP Request: POST http://localhost:8003/v1/chat/completions "HTTP/1.1 200 OK"

2026-08-17 21:42:44,818 - INFO - HTTP Request: POST http://localhost:8003/v1/chat/completions "HTTP/1.1 200 OK"
2026-08-17 21:43:00,836 - INFO - HTTP Request: POST http://localhost:8003/v1/chat/completions "HTTP/1.1 200 OK"

2026-08-17 21:43:04,751 - INFO - HTTP Request: POST http://localhost:8003/v1/chat/completions "HTTP/1.1 200 OK"
2026-08-17 21:43:09,033 - INFO - HTTP Request: POST http://localhost:8003/v1/chat/completions "HTTP/1.1 200 OK"
2026-08-17 21:43:10,220 - INFO - HTTP Request: POST http://localhost:8003/v1/chat/completions "HTTP/1.1 200 OK"
2026-08-17 21:43:18,715 - INFO - HTTP Request: POST http://localhost:8003/v1/chat/completions "HTTP/1.1 200 OK"

2026-08-17 21:43:23,511 - INFO - HTTP Request: POST http://localhost:8003/v1/chat/completions "HTTP/1.1 200 OK"

2026-08-17 21:43:23,946 - INFO - HTTP Request: POST http://localhost:8003/v1/chat/completions "HTTP/1.1 200 OK"

2026-08-17 21:43:25,915 - INFO - HTTP Request: POST http://localhost:8003/v1/chat/completions "HTTP/1.1 200 OK"
2026-08-17 21:43:38,619 - INFO - HTTP Request: POST http://localhost:8003/v1/chat/completions "HTTP/1.1 200 OK"

2026-08-17 21:43:43,186 - INFO - HTTP Request: POST http://localhost:8003/v1/chat/completions "HTTP/1.1 200 OK"
2026-08-17 21:43:48,285 - INFO - HTTP Request: POST http://localhost:8003/v1/chat/completions "HTTP/1.1 200 OK"
2026-08-17 21:43:48,503 - INFO - HTTP Request: POST http://localhost:8003/v1/chat/completions "HTTP/1.1 200 OK"
2026-08-17 21:43:59,204 - INFO - HTTP Request: POST http://localhost:8003/v1/chat/completions "HTTP/1.1 200 OK"
2026-08-17 21:43:59,205 - INFO - HTTP Request: POST http://localhost:8003/v1/chat/completions "HTTP/1.1 200 OK"

2026-08-17 21:44:01,047 - INFO - HTTP Request: POST http://localhost:8003/v1/chat/completions "HTTP/1.1 200 OK"

2026-08-17 21:44:01,483 - INFO - HTTP Request: POST http://localhost:8003/v1/chat/completions "HTTP/1.1 200 OK"

2026-08-17 21:44:10,624 - INFO - HTTP Request: POST http://localhost:8003/v1/chat/completions "HTTP/1.1 200 OK"

2026-08-17 21:44:19,308 - INFO - HTTP Request: POST http://localhost:8003/v1/chat/completions "HTTP/1.1 200 OK"
2026-08-17 21:44:21,150 - INFO - HTTP Request: POST http://localhost:8003/v1/chat/completions "HTTP/1.1 200 OK"
2026-08-17 21:44:21,883 - INFO - HTTP Request: POST http://localhost:8003/v1/chat/completions "HTTP/1.1 200 OK"
2026-08-17 21:44:31,261 - INFO - HTTP Request: POST http://localhost:8003/v1/chat/completions "HTTP/1.1 200 OK"

2026-08-17 21:44:31,696 - INFO - HTTP Request: POST http://localhost:8003/v1/chat/completions "HTTP/1.1 200 OK"

2026-08-17 21:44:32,355 - INFO - HTTP Request: POST http://localhost:8003/v1/chat/completions "HTTP/1.1 200 OK"

2026-08-17 21:44:40,171 - INFO - HTTP Request: POST http://localhost:8003/v1/chat/completions "HTTP/1.1 200 OK"
2026-08-17 21:44:54,399 - INFO - HTTP Request: POST http://localhost:8003/v1/chat/completions "HTTP/1.1 200 OK"

2026-08-17 21:45:00,261 - INFO - HTTP Request: POST http://localhost:8003/v1/chat/completions "HTTP/1.1 200 OK"
2026-08-17 21:45:00,695 - INFO - HTTP Request: POST http://localhost:8003/v1/chat/completions "HTTP/1.1 200 OK"
2026-08-17 21:45:01,808 - INFO - HTTP Request: POST http://localhost:8003/v1/chat/completions "HTTP/1.1 200 OK"
2026-08-17 21:45:11,701 - INFO - HTTP Request: POST http://localhost:8003/v1/chat/completions "HTTP/1.1 200 OK"

2026-08-17 21:45:14,316 - INFO - HTTP Request: POST http://localhost:8003/v1/chat/completions "HTTP/1.1 200 OK"

2026-08-17 21:45:15,189 - INFO - HTTP Request: POST http://localhost:8003/v1/chat/completions "HTTP/1.1 200 OK"
2026-08-17 21:45:16,163 - INFO - HTTP Request: POST http://localhost:8003/v1/chat/completions "HTTP/1.1 200 OK"

2026-08-17 21:45:27,469 - INFO - HTTP Request: POST http://localhost:8003/v1/chat/completions "HTTP/1.1 200 OK"

2026-08-17 21:45:32,030 - INFO - HTTP Request: POST http://localhost:8003/v1/chat/completions "HTTP/1.1 200 OK"
2026-08-17 21:45:34,852 - INFO - HTTP Request: POST http://localhost:8003/v1/chat/completions "HTTP/1.1 200 OK"
2026-08-17 21:45:36,745 - INFO - HTTP Request: POST http://localhost:8003/v1/chat/completions "HTTP/1.1 200 OK"
2026-08-17 21:45:42,071 - INFO - HTTP Request: POST http://localhost:8003/v1/chat/completions "HTTP/1.1 200 OK"

2026-08-17 21:45:49,259 - INFO - HTTP Request: POST http://localhost:8003/v1/chat/completions "HTTP/1.1 200 OK"

2026-08-17 21:45:49,916 - INFO - HTTP Request: POST http://localhost:8003/v1/chat/completions "HTTP/1.1 200 OK"

2026-08-17 21:45:57,515 - INFO - HTTP Request: POST http://localhost:8003/v1/chat/completions "HTTP/1.1 200 OK"
2026-08-17 21:46:11,538 - INFO - HTTP Request: POST http://localhost:8003/v1/chat/completions "HTTP/1.1 200 OK"
2026-08-17 21:46:14,797 - INFO - HTTP Request: POST http://localhost:8003/v1/chat/completions "HTTP/1.1 200 OK"

2026-08-17 21:46:18,939 - INFO - HTTP Request: POST http://localhost:8003/v1/chat/completions "HTTP/1.1 200 OK"
2026-08-17 21:46:19,963 - INFO - HTTP Request: POST http://localhost:8003/v1/chat/completions "HTTP/1.1 200 OK"
2026-08-17 21:46:27,251 - INFO - HTTP Request: POST http://localhost:8003/v1/chat/completions "HTTP/1.1 200 OK"

2026-08-17 21:46:30,743 - INFO - HTTP Request: POST http://localhost:8003/v1/chat/completions "HTTP/1.1 200 OK"

2026-08-17 21:46:34,449 - INFO - HTTP Request: POST http://localhost:8003/v1/chat/completions "HTTP/1.1 200 OK"

2026-08-17 21:46:48,134 - INFO - HTTP Request: POST http://localhost:8003/v1/chat/completions "HTTP/1.1 200 OK"
2026-08-17 21:47:00,416 - INFO - HTTP Request: POST http://localhost:8003/v1/chat/completions "HTTP/1.1 200 OK"

r2_cfg3:  10%|█         | 5/50 [11:24<1:53:03, 150.74s/it]2026-08-17 21:47:00,741 - INFO - HTTP Request: POST http://localhost:8003/v1/chat/completions "HTTP/1.1 200 OK"
2026-08-17 21:47:03,676 - INFO - HTTP Request: POST http://localhost:8003/v1/chat/completions "HTTP/1.1 200 OK"
2026-08-17 21:47:08,353 - INFO - HTTP Request: POST http://localhost:8003/v1/chat/completions "HTTP/1.1 200 OK"
2026-08-17 21:47:13,246 - INFO - HTTP Request: POST http://localhost:8003/v1/chat/completions "HTTP/1.1 200 OK"

r2_cfg3:  12%|█▏        | 6/50 [11:37<1:16:09, 103.85s/it]2026-08-17 21:47:14,992 - INFO - HTTP Request: POST http://localhost:8003/v1/chat/completions "HTTP/1.1 200 OK"

r2_cfg3:  14%|█▍        | 7/50 [11:39<50:30, 70.47s/it]   2026-08-17 21:47:20,644 - INFO - HTTP Request: POST http://localhost:8003/v1/chat/completions "HTTP/1.1 200 OK"

r2_cfg3:  16%|█▌        | 8/50 [11:44<34:53, 49.84s/it]2026-08-17 21:47:23,249 - INFO - HTTP Request: POST http://localhost:8003/v1/chat/completions "HTTP/1.1 200 OK"
2026-08-17 21:47:34,485 - INFO - HTTP Request: POST http://localhost:8003/v1/chat/completions "HTTP/1.1 200 OK"

2026-08-17 21:47:35,355 - INFO - HTTP Request: POST http://localhost:8003/v1/chat/completions "HTTP/1.1 200 OK"
2026-08-17 21:47:37,628 - INFO - HTTP Request: POST http://localhost:8003/v1/chat/completions "HTTP/1.1 200 OK"
2026-08-17 21:47:43,604 - INFO - HTTP Request: POST http://localhost:8003/v1/chat/completions "HTTP/1.1 200 OK"
2026-08-17 21:47:50,892 - INFO - HTTP Request: POST http://localhost:8003/v1/chat/completions "HTTP/1.1 200 OK"

2026-08-17 21:47:51,549 - INFO - HTTP Request: POST http://localhost:8003/v1/chat/completions "HTTP/1.1 200 OK"

2026-08-17 21:47:55,026 - INFO - HTTP Request: POST http://localhost:8003/v1/chat/completions "HTTP/1.1 200 OK"

2026-08-17 21:48:01,537 - INFO - HTTP Request: POST http://localhost:8003/v1/chat/completions "HTTP/1.1 200 OK"
2026-08-17 21:48:14,951 - INFO - HTTP Request: POST http://localhost:8003/v1/chat/completions "HTTP/1.1 200 OK"

2026-08-17 21:48:17,341 - INFO - HTTP Request: POST http://localhost:8003/v1/chat/completions "HTTP/1.1 200 OK"
2026-08-17 21:48:18,363 - INFO - HTTP Request: POST http://localhost:8003/v1/chat/completions "HTTP/1.1 200 OK"
2026-08-17 21:48:22,160 - INFO - HTTP Request: POST http://localhost:8003/v1/chat/completions "HTTP/1.1 200 OK"
2026-08-17 21:48:31,246 - INFO - HTTP Request: POST http://localhost:8003/v1/chat/completions "HTTP/1.1 200 OK"

2026-08-17 21:48:32,120 - INFO - HTTP Request: POST http://localhost:8003/v1/chat/completions "HTTP/1.1 200 OK"

2026-08-17 21:48:37,338 - INFO - HTTP Request: POST http://localhost:8003/v1/chat/completions "HTTP/1.1 200 OK"

2026-08-17 21:48:40,378 - INFO - HTTP Request: POST http://localhost:8003/v1/chat/completions "HTTP/1.1 200 OK"
2026-08-17 21:48:54,225 - INFO - HTTP Request: POST http://localhost:8003/v1/chat/completions "HTTP/1.1 200 OK"

2026-08-17 21:48:55,753 - INFO - HTTP Request: POST http://localhost:8003/v1/chat/completions "HTTP/1.1 200 OK"
2026-08-17 21:48:55,970 - INFO - HTTP Request: POST http://localhost:8003/v1/chat/completions "HTTP/1.1 200 OK"
2026-08-17 21:49:02,748 - INFO - HTTP Request: POST http://localhost:8003/v1/chat/completions "HTTP/1.1 200 OK"
2026-08-17 21:49:10,698 - INFO - HTTP Request: POST http://localhost:8003/v1/chat/completions "HTTP/1.1 200 OK"

2026-08-17 21:49:12,015 - INFO - HTTP Request: POST http://localhost:8003/v1/chat/completions "HTTP/1.1 200 OK"

2026-08-17 21:49:17,674 - INFO - HTTP Request: POST http://localhost:8003/v1/chat/completions "HTTP/1.1 200 OK"

2026-08-17 21:49:19,418 - INFO - HTTP Request: POST http://localhost:8003/v1/chat/completions "HTTP/1.1 200 OK"
2026-08-17 21:49:31,476 - INFO - HTTP Request: POST http://localhost:8003/v1/chat/completions "HTTP/1.1 200 OK"

2026-08-17 21:49:35,174 - INFO - HTTP Request: POST http://localhost:8003/v1/chat/completions "HTTP/1.1 200 OK"
2026-08-17 21:49:36,573 - INFO - HTTP Request: POST http://localhost:8003/v1/chat/completions "HTTP/1.1 200 OK"
2026-08-17 21:49:42,772 - INFO - HTTP Request: POST http://localhost:8003/v1/chat/completions "HTTP/1.1 200 OK"
2026-08-17 21:49:48,540 - INFO - HTTP Request: POST http://localhost:8003/v1/chat/completions "HTTP/1.1 200 OK"

2026-08-17 21:49:49,422 - INFO - HTTP Request: POST http://localhost:8003/v1/chat/completions "HTTP/1.1 200 OK"

2026-08-17 21:49:52,256 - INFO - HTTP Request: POST http://localhost:8003/v1/chat/completions "HTTP/1.1 200 OK"
2026-08-17 21:49:55,891 - INFO - HTTP Request: POST http://localhost:8003/v1/chat/completions "HTTP/1.1 200 OK"

2026-08-17 21:50:01,985 - INFO - HTTP Request: POST http://localhost:8003/v1/chat/completions "HTTP/1.1 200 OK"

2026-08-17 21:50:08,714 - INFO - HTTP Request: POST http://localhost:8003/v1/chat/completions "HTTP/1.1 200 OK"
2026-08-17 21:50:09,895 - INFO - HTTP Request: POST http://localhost:8003/v1/chat/completions "HTTP/1.1 200 OK"
2026-08-17 21:50:16,311 - INFO - HTTP Request: POST http://localhost:8003/v1/chat/completions "HTTP/1.1 200 OK"
2026-08-17 21:50:24,258 - INFO - HTTP Request: POST http://localhost:8003/v1/chat/completions "HTTP/1.1 200 OK"

2026-08-17 21:50:24,477 - INFO - HTTP Request: POST http://localhost:8003/v1/chat/completions "HTTP/1.1 200 OK"

2026-08-17 21:50:27,091 - INFO - HTTP Request: POST http://localhost:8003/v1/chat/completions "HTTP/1.1 200 OK"

2026-08-17 21:50:31,649 - INFO - HTTP Request: POST http://localhost:8003/v1/chat/completions "HTTP/1.1 200 OK"
2026-08-17 21:50:46,970 - INFO - HTTP Request: POST http://localhost:8003/v1/chat/completions "HTTP/1.1 200 OK"

2026-08-17 21:50:53,267 - INFO - HTTP Request: POST http://localhost:8003/v1/chat/completions "HTTP/1.1 200 OK"
2026-08-17 21:50:53,483 - INFO - HTTP Request: POST http://localhost:8003/v1/chat/completions "HTTP/1.1 200 OK"
2026-08-17 21:50:56,722 - INFO - HTTP Request: POST http://localhost:8003/v1/chat/completions "HTTP/1.1 200 OK"
2026-08-17 21:51:04,445 - INFO - HTTP Request: POST http://localhost:8003/v1/chat/completions "HTTP/1.1 200 OK"

2026-08-17 21:51:07,932 - INFO - HTTP Request: POST http://localhost:8003/v1/chat/completions "HTTP/1.1 200 OK"
2026-08-17 21:51:08,150 - INFO - HTTP Request: POST http://localhost:8003/v1/chat/completions "HTTP/1.1 200 OK"

2026-08-17 21:51:10,701 - INFO - HTTP Request: POST http://localhost:8003/v1/chat/completions "HTTP/1.1 200 OK"

2026-08-17 21:51:24,178 - INFO - HTTP Request: POST http://localhost:8003/v1/chat/completions "HTTP/1.1 200 OK"

2026-08-17 21:51:24,831 - INFO - HTTP Request: POST http://localhost:8003/v1/chat/completions "HTTP/1.1 200 OK"
2026-08-17 21:51:28,842 - INFO - HTTP Request: POST http://localhost:8003/v1/chat/completions "HTTP/1.1 200 OK"
2026-08-17 21:51:31,338 - INFO - HTTP Request: POST http://localhost:8003/v1/chat/completions "HTTP/1.1 200 OK"
2026-08-17 21:51:39,726 - INFO - HTTP Request: POST http://localhost:8003/v1/chat/completions "HTTP/1.1 200 OK"

2026-08-17 21:51:43,431 - INFO - HTTP Request: POST http://localhost:8003/v1/chat/completions "HTTP/1.1 200 OK"

2026-08-17 21:51:47,784 - INFO - HTTP Request: POST http://localhost:8003/v1/chat/completions "HTTP/1.1 200 OK"

2026-08-17 21:51:54,299 - INFO - HTTP Request: POST http://localhost:8003/v1/chat/completions "HTTP/1.1 200 OK"
2026-08-17 21:52:06,415 - INFO - HTTP Request: POST http://localhost:8003/v1/chat/completions "HTTP/1.1 200 OK"

2026-08-17 21:52:09,247 - INFO - HTTP Request: POST http://localhost:8003/v1/chat/completions "HTTP/1.1 200 OK"
2026-08-17 21:52:13,261 - INFO - HTTP Request: POST http://localhost:8003/v1/chat/completions "HTTP/1.1 200 OK"
2026-08-17 21:52:17,935 - INFO - HTTP Request: POST http://localhost:8003/v1/chat/completions "HTTP/1.1 200 OK"
2026-08-17 21:52:24,139 - INFO - HTTP Request: POST http://localhost:8003/v1/chat/completions "HTTP/1.1 200 OK"

2026-08-17 21:52:28,722 - INFO - HTTP Request: POST http://localhost:8003/v1/chat/completions "HTTP/1.1 200 OK"

2026-08-17 21:52:33,080 - INFO - HTTP Request: POST http://localhost:8003/v1/chat/completions "HTTP/1.1 200 OK"

2026-08-17 21:52:40,036 - INFO - HTTP Request: POST http://localhost:8003/v1/chat/completions "HTTP/1.1 200 OK"
2026-08-17 21:52:52,586 - INFO - HTTP Request: POST http://localhost:8003/v1/chat/completions "HTTP/1.1 200 OK"

r2_cfg3:  18%|█▊        | 9/50 [17:16<1:34:19, 138.03s/it]2026-08-17 21:52:57,148 - INFO - HTTP Request: POST http://localhost:8003/v1/chat/completions "HTTP/1.1 200 OK"
2026-08-17 21:53:01,812 - INFO - HTTP Request: POST http://localhost:8003/v1/chat/completions "HTTP/1.1 200 OK"
2026-08-17 21:53:06,711 - INFO - HTTP Request: POST http://localhost:8003/v1/chat/completions "HTTP/1.1 200 OK"
2026-08-17 21:53:07,899 - INFO - HTTP Request: POST http://localhost:8003/v1/chat/completions "HTTP/1.1 200 OK"

r2_cfg3:  20%|██        | 10/50 [17:32<1:06:45, 100.14s/it]2026-08-17 21:53:15,525 - INFO - HTTP Request: POST http://localhost:8003/v1/chat/completions "HTTP/1.1 200 OK"
2026-08-17 21:53:18,952 - INFO - HTTP Request: POST http://localhost:8003/v1/chat/completions "HTTP/1.1 200 OK"

r2_cfg3:  22%|██▏       | 11/50 [17:43<47:22, 72.88s/it]   2026-08-17 21:53:20,479 - INFO - HTTP Request: POST http://localhost:8003/v1/chat/completions "HTTP/1.1 200 OK"

r2_cfg3:  24%|██▍       | 12/50 [17:44<32:24, 51.17s/it]2026-08-17 21:53:29,824 - INFO - HTTP Request: POST http://localhost:8003/v1/chat/completions "HTTP/1.1 200 OK"
2026-08-17 21:53:34,321 - INFO - HTTP Request: POST http://localhost:8003/v1/chat/completions "HTTP/1.1 200 OK"

2026-08-17 21:53:41,056 - INFO - HTTP Request: POST http://localhost:8003/v1/chat/completions "HTTP/1.1 200 OK"
2026-08-17 21:53:43,096 - INFO - HTTP Request: POST http://localhost:8003/v1/chat/completions "HTTP/1.1 200 OK"
2026-08-17 21:53:44,774 - INFO - HTTP Request: POST http://localhost:8003/v1/chat/completions "HTTP/1.1 200 OK"

2026-08-17 21:53:53,046 - INFO - HTTP Request: POST http://localhost:8003/v1/chat/completions "HTTP/1.1 200 OK"

2026-08-17 21:53:54,135 - INFO - HTTP Request: POST http://localhost:8003/v1/chat/completions "HTTP/1.1 200 OK"

2026-08-17 21:54:01,077 - INFO - HTTP Request: POST http://localhost:8003/v1/chat/completions "HTTP/1.1 200 OK"
2026-08-17 21:54:11,230 - INFO - HTTP Request: POST http://localhost:8003/v1/chat/completions "HTTP/1.1 200 OK"
2026-08-17 21:54:12,459 - INFO - HTTP Request: POST http://localhost:8003/v1/chat/completions "HTTP/1.1 200 OK"

2026-08-17 21:54:19,629 - INFO - HTTP Request: POST http://localhost:8003/v1/chat/completions "HTTP/1.1 200 OK"
2026-08-17 21:54:21,089 - INFO - HTTP Request: POST http://localhost:8003/v1/chat/completions "HTTP/1.1 200 OK"
2026-08-17 21:54:24,440 - INFO - HTTP Request: POST http://localhost:8003/v1/chat/completions "HTTP/1.1 200 OK"

2026-08-17 21:54:32,277 - INFO - HTTP Request: POST http://localhost:8003/v1/chat/completions "HTTP/1.1 200 OK"

2026-08-17 21:54:34,671 - INFO - HTTP Request: POST http://localhost:8003/v1/chat/completions "HTTP/1.1 200 OK"

2026-08-17 21:54:37,494 - INFO - HTTP Request: POST http://localhost:8003/v1/chat/completions "HTTP/1.1 200 OK"
2026-08-17 21:54:47,432 - INFO - HTTP Request: POST http://localhost:8003/v1/chat/completions "HTTP/1.1 200 OK"

2026-08-17 21:54:49,176 - INFO - HTTP Request: POST http://localhost:8003/v1/chat/completions "HTTP/1.1 200 OK"
2026-08-17 21:54:57,144 - INFO - HTTP Request: POST http://localhost:8003/v1/chat/completions "HTTP/1.1 200 OK"
2026-08-17 21:54:59,910 - INFO - HTTP Request: POST http://localhost:8003/v1/chat/completions "HTTP/1.1 200 OK"
2026-08-17 21:55:07,397 - INFO - HTTP Request: POST http://localhost:8003/v1/chat/completions "HTTP/1.1 200 OK"

2026-08-17 21:55:09,148 - INFO - HTTP Request: POST http://localhost:8003/v1/chat/completions "HTTP/1.1 200 OK"

2026-08-17 21:55:12,416 - INFO - HTTP Request: POST http://localhost:8003/v1/chat/completions "HTTP/1.1 200 OK"
2026-08-17 21:55:14,311 - INFO - HTTP Request: POST http://localhost:8003/v1/chat/completions "HTTP/1.1 200 OK"

2026-08-17 21:55:25,184 - INFO - HTTP Request: POST http://localhost:8003/v1/chat/completions "HTTP/1.1 200 OK"

2026-08-17 21:55:31,920 - INFO - HTTP Request: POST http://localhost:8003/v1/chat/completions "HTTP/1.1 200 OK"
2026-08-17 21:55:33,145 - INFO - HTTP Request: POST http://localhost:8003/v1/chat/completions "HTTP/1.1 200 OK"
2026-08-17 21:55:39,242 - INFO - HTTP Request: POST http://localhost:8003/v1/chat/completions "HTTP/1.1 200 OK"
2026-08-17 21:55:45,059 - INFO - HTTP Request: POST http://localhost:8003/v1/chat/completions "HTTP/1.1 200 OK"

2026-08-17 21:55:45,939 - INFO - HTTP Request: POST http://localhost:8003/v1/chat/completions "HTTP/1.1 200 OK"
2026-08-17 21:55:46,158 - INFO - HTTP Request: POST http://localhost:8003/v1/chat/completions "HTTP/1.1 200 OK"

2026-08-17 21:55:52,850 - INFO - HTTP Request: POST http://localhost:8003/v1/chat/completions "HTTP/1.1 200 OK"

2026-08-17 21:55:58,291 - INFO - HTTP Request: POST http://localhost:8003/v1/chat/completions "HTTP/1.1 200 OK"

2026-08-17 21:56:05,238 - INFO - HTTP Request: POST http://localhost:8003/v1/chat/completions "HTTP/1.1 200 OK"
2026-08-17 21:56:06,467 - INFO - HTTP Request: POST http://localhost:8003/v1/chat/completions "HTTP/1.1 200 OK"
2026-08-17 21:56:12,715 - INFO - HTTP Request: POST http://localhost:8003/v1/chat/completions "HTTP/1.1 200 OK"
2026-08-17 21:56:15,925 - INFO - HTTP Request: POST http://localhost:8003/v1/chat/completions "HTTP/1.1 200 OK"

2026-08-17 21:56:21,152 - INFO - HTTP Request: POST http://localhost:8003/v1/chat/completions "HTTP/1.1 200 OK"

2026-08-17 21:56:25,718 - INFO - HTTP Request: POST http://localhost:8003/v1/chat/completions "HTTP/1.1 200 OK"

2026-08-17 21:56:27,889 - INFO - HTTP Request: POST http://localhost:8003/v1/chat/completions "HTTP/1.1 200 OK"
2026-08-17 21:56:41,954 - INFO - HTTP Request: POST http://localhost:8003/v1/chat/completions "HTTP/1.1 200 OK"

2026-08-17 21:56:44,995 - INFO - HTTP Request: POST http://localhost:8003/v1/chat/completions "HTTP/1.1 200 OK"
2026-08-17 21:56:50,354 - INFO - HTTP Request: POST http://localhost:8003/v1/chat/completions "HTTP/1.1 200 OK"
2026-08-17 21:56:55,291 - INFO - HTTP Request: POST http://localhost:8003/v1/chat/completions "HTTP/1.1 200 OK"
2026-08-17 21:56:58,420 - INFO - HTTP Request: POST http://localhost:8003/v1/chat/completions "HTTP/1.1 200 OK"

2026-08-17 21:57:02,776 - INFO - HTTP Request: POST http://localhost:8003/v1/chat/completions "HTTP/1.1 200 OK"
2026-08-17 21:57:04,242 - INFO - HTTP Request: POST http://localhost:8003/v1/chat/completions "HTTP/1.1 200 OK"

2026-08-17 21:57:08,381 - INFO - HTTP Request: POST http://localhost:8003/v1/chat/completions "HTTP/1.1 200 OK"

2026-08-17 21:57:14,256 - INFO - HTTP Request: POST http://localhost:8003/v1/chat/completions "HTTP/1.1 200 OK"

2026-08-17 21:57:18,815 - INFO - HTTP Request: POST http://localhost:8003/v1/chat/completions "HTTP/1.1 200 OK"
2026-08-17 21:57:24,393 - INFO - HTTP Request: POST http://localhost:8003/v1/chat/completions "HTTP/1.1 200 OK"
2026-08-17 21:57:28,900 - INFO - HTTP Request: POST http://localhost:8003/v1/chat/completions "HTTP/1.1 200 OK"
2026-08-17 21:57:34,433 - INFO - HTTP Request: POST http://localhost:8003/v1/chat/completions "HTTP/1.1 200 OK"

2026-08-17 21:57:37,485 - INFO - HTTP Request: POST http://localhost:8003/v1/chat/completions "HTTP/1.1 200 OK"

2026-08-17 21:57:44,227 - INFO - HTTP Request: POST http://localhost:8003/v1/chat/completions "HTTP/1.1 200 OK"
2026-08-17 21:57:44,961 - INFO - HTTP Request: POST http://localhost:8003/v1/chat/completions "HTTP/1.1 200 OK"

2026-08-17 21:57:56,133 - INFO - HTTP Request: POST http://localhost:8003/v1/chat/completions "HTTP/1.1 200 OK"

2026-08-17 21:58:03,959 - INFO - HTTP Request: POST http://localhost:8003/v1/chat/completions "HTTP/1.1 200 OK"
2026-08-17 21:58:07,148 - INFO - HTTP Request: POST http://localhost:8003/v1/chat/completions "HTTP/1.1 200 OK"
2026-08-17 21:58:14,707 - INFO - HTTP Request: POST http://localhost:8003/v1/chat/completions "HTTP/1.1 200 OK"
2026-08-17 21:58:19,804 - INFO - HTTP Request: POST http://localhost:8003/v1/chat/completions "HTTP/1.1 200 OK"

2026-08-17 21:58:22,644 - INFO - HTTP Request: POST http://localhost:8003/v1/chat/completions "HTTP/1.1 200 OK"

2026-08-17 21:58:30,044 - INFO - HTTP Request: POST http://localhost:8003/v1/chat/completions "HTTP/1.1 200 OK"
2026-08-17 21:58:31,726 - INFO - HTTP Request: POST http://localhost:8003/v1/chat/completions "HTTP/1.1 200 OK"

2026-08-17 21:58:39,999 - INFO - HTTP Request: POST http://localhost:8003/v1/chat/completions "HTTP/1.1 200 OK"

r2_cfg3:  26%|██▌       | 13/50 [23:04<1:21:41, 132.46s/it]2026-08-17 21:58:51,291 - INFO - HTTP Request: POST http://localhost:8003/v1/chat/completions "HTTP/1.1 200 OK"
2026-08-17 21:58:55,944 - INFO - HTTP Request: POST http://localhost:8003/v1/chat/completions "HTTP/1.1 200 OK"
2026-08-17 21:59:01,972 - INFO - HTTP Request: POST http://localhost:8003/v1/chat/completions "HTTP/1.1 200 OK"

r2_cfg3:  28%|██▊       | 14/50 [23:26<59:27, 99.09s/it]   2026-08-17 21:59:02,626 - INFO - HTTP Request: POST http://localhost:8003/v1/chat/completions "HTTP/1.1 200 OK"
2026-08-17 21:59:05,778 - INFO - HTTP Request: POST http://localhost:8003/v1/chat/completions "HTTP/1.1 200 OK"
2026-08-17 21:59:09,350 - INFO - HTTP Request: POST http://localhost:8003/v1/chat/completions "HTTP/1.1 200 OK"

r2_cfg3:  30%|███       | 15/50 [23:33<41:40, 71.45s/it]2026-08-17 21:59:13,708 - INFO - HTTP Request: POST http://localhost:8003/v1/chat/completions "HTTP/1.1 200 OK"

2026-08-17 21:59:17,405 - INFO - HTTP Request: POST http://localhost:8003/v1/chat/completions "HTTP/1.1 200 OK"

r2_cfg3:  32%|███▏      | 16/50 [23:41<29:40, 52.36s/it]2026-08-17 21:59:24,568 - INFO - HTTP Request: POST http://localhost:8003/v1/chat/completions "HTTP/1.1 200 OK"
2026-08-17 21:59:31,404 - INFO - HTTP Request: POST http://localhost:8003/v1/chat/completions "HTTP/1.1 200 OK"
2026-08-17 21:59:36,510 - INFO - HTTP Request: POST http://localhost:8003/v1/chat/completions "HTTP/1.1 200 OK"

2026-08-17 21:59:39,991 - INFO - HTTP Request: POST http://localhost:8003/v1/chat/completions "HTTP/1.1 200 OK"
2026-08-17 21:59:40,725 - INFO - HTTP Request: POST http://localhost:8003/v1/chat/completions "HTTP/1.1 200 OK"
2026-08-17 21:59:43,889 - INFO - HTTP Request: POST http://localhost:8003/v1/chat/completions "HTTP/1.1 200 OK"

2026-08-17 21:59:50,640 - INFO - HTTP Request: POST http://localhost:8003/v1/chat/completions "HTTP/1.1 200 OK"

2026-08-17 21:59:51,730 - INFO - HTTP Request: POST http://localhost:8003/v1/chat/completions "HTTP/1.1 200 OK"

2026-08-17 22:00:03,235 - INFO - HTTP Request: POST http://localhost:8003/v1/chat/completions "HTTP/1.1 200 OK"
2026-08-17 22:00:10,295 - INFO - HTTP Request: POST http://localhost:8003/v1/chat/completions "HTTP/1.1 200 OK"
2026-08-17 22:00:13,928 - INFO - HTTP Request: POST http://localhost:8003/v1/chat/completions "HTTP/1.1 200 OK"

2026-08-17 22:00:15,672 - INFO - HTTP Request: POST http://localhost:8003/v1/chat/completions "HTTP/1.1 200 OK"
2026-08-17 22:00:18,821 - INFO - HTTP Request: POST http://localhost:8003/v1/chat/completions "HTTP/1.1 200 OK"
2026-08-17 22:00:22,195 - INFO - HTTP Request: POST http://localhost:8003/v1/chat/completions "HTTP/1.1 200 OK"

2026-08-17 22:00:32,867 - INFO - HTTP Request: POST http://localhost:8003/v1/chat/completions "HTTP/1.1 200 OK"

2026-08-17 22:00:33,747 - INFO - HTTP Request: POST http://localhost:8003/v1/chat/completions "HTTP/1.1 200 OK"

2026-08-17 22:00:38,956 - INFO - HTTP Request: POST http://localhost:8003/v1/chat/completions "HTTP/1.1 200 OK"
2026-08-17 22:00:46,886 - INFO - HTTP Request: POST http://localhost:8003/v1/chat/completions "HTTP/1.1 200 OK"
2026-08-17 22:00:52,430 - INFO - HTTP Request: POST http://localhost:8003/v1/chat/completions "HTTP/1.1 200 OK"

2026-08-17 22:00:57,440 - INFO - HTTP Request: POST http://localhost:8003/v1/chat/completions "HTTP/1.1 200 OK"
2026-08-17 22:00:59,061 - INFO - HTTP Request: POST http://localhost:8003/v1/chat/completions "HTTP/1.1 200 OK"
2026-08-17 22:01:00,467 - INFO - HTTP Request: POST http://localhost:8003/v1/chat/completions "HTTP/1.1 200 OK"

2026-08-17 22:01:10,274 - INFO - HTTP Request: POST http://localhost:8003/v1/chat/completions "HTTP/1.1 200 OK"

2026-08-17 22:01:13,544 - INFO - HTTP Request: POST http://localhost:8003/v1/chat/completions "HTTP/1.1 200 OK"

2026-08-17 22:01:17,239 - INFO - HTTP Request: POST http://localhost:8003/v1/chat/completions "HTTP/1.1 200 OK"
2026-08-17 22:01:25,061 - INFO - HTTP Request: POST http://localhost:8003/v1/chat/completions "HTTP/1.1 200 OK"
2026-08-17 22:01:30,383 - INFO - HTTP Request: POST http://localhost:8003/v1/chat/completions "HTTP/1.1 200 OK"

2026-08-17 22:01:30,819 - INFO - HTTP Request: POST http://localhost:8003/v1/chat/completions "HTTP/1.1 200 OK"
2026-08-17 22:01:38,111 - INFO - HTTP Request: POST http://localhost:8003/v1/chat/completions "HTTP/1.1 200 OK"

2026-08-17 22:01:38,774 - INFO - HTTP Request: POST http://localhost:8003/v1/chat/completions "HTTP/1.1 200 OK"
2026-08-17 22:01:41,915 - INFO - HTTP Request: POST http://localhost:8003/v1/chat/completions "HTTP/1.1 200 OK"

2026-08-17 22:01:50,828 - INFO - HTTP Request: POST http://localhost:8003/v1/chat/completions "HTTP/1.1 200 OK"
2026-08-17 22:01:51,563 - INFO - HTTP Request: POST http://localhost:8003/v1/chat/completions "HTTP/1.1 200 OK"

2026-08-17 22:01:58,547 - INFO - HTTP Request: POST http://localhost:8003/v1/chat/completions "HTTP/1.1 200 OK"
2026-08-17 22:02:01,477 - INFO - HTTP Request: POST http://localhost:8003/v1/chat/completions "HTTP/1.1 200 OK"

2026-08-17 22:02:10,396 - INFO - HTTP Request: POST http://localhost:8003/v1/chat/completions "HTTP/1.1 200 OK"

2026-08-17 22:02:11,267 - INFO - HTTP Request: POST http://localhost:8003/v1/chat/completions "HTTP/1.1 200 OK"
2026-08-17 22:02:11,271 - INFO - HTTP Request: POST http://localhost:8003/v1/chat/completions "HTTP/1.1 200 OK"
2026-08-17 22:02:23,260 - INFO - HTTP Request: POST http://localhost:8003/v1/chat/completions "HTTP/1.1 200 OK"

2026-08-17 22:02:26,087 - INFO - HTTP Request: POST http://localhost:8003/v1/chat/completions "HTTP/1.1 200 OK"

2026-08-17 22:02:30,864 - INFO - HTTP Request: POST http://localhost:8003/v1/chat/completions "HTTP/1.1 200 OK"
2026-08-17 22:02:40,098 - INFO - HTTP Request: POST http://localhost:8003/v1/chat/completions "HTTP/1.1 200 OK"
2026-08-17 22:02:45,426 - INFO - HTTP Request: POST http://localhost:8003/v1/chat/completions "HTTP/1.1 200 OK"

2026-08-17 22:02:46,734 - INFO - HTTP Request: POST http://localhost:8003/v1/chat/completions "HTTP/1.1 200 OK"
2026-08-17 22:02:52,933 - INFO - HTTP Request: POST http://localhost:8003/v1/chat/completions "HTTP/1.1 200 OK"
2026-08-17 22:02:55,207 - INFO - HTTP Request: POST http://localhost:8003/v1/chat/completions "HTTP/1.1 200 OK"

2026-08-17 22:02:59,349 - INFO - HTTP Request: POST http://localhost:8003/v1/chat/completions "HTTP/1.1 200 OK"

2026-08-17 22:03:06,091 - INFO - HTTP Request: POST http://localhost:8003/v1/chat/completions "HTTP/1.1 200 OK"
2026-08-17 22:03:07,496 - INFO - HTTP Request: POST http://localhost:8003/v1/chat/completions "HTTP/1.1 200 OK"

2026-08-17 22:03:15,544 - INFO - HTTP Request: POST http://localhost:8003/v1/chat/completions "HTTP/1.1 200 OK"
2026-08-17 22:03:23,487 - INFO - HTTP Request: POST http://localhost:8003/v1/chat/completions "HTTP/1.1 200 OK"

2026-08-17 22:03:27,841 - INFO - HTTP Request: POST http://localhost:8003/v1/chat/completions "HTTP/1.1 200 OK"
2026-08-17 22:03:29,468 - INFO - HTTP Request: POST http://localhost:8003/v1/chat/completions "HTTP/1.1 200 OK"
2026-08-17 22:03:31,965 - INFO - HTTP Request: POST http://localhost:8003/v1/chat/completions "HTTP/1.1 200 OK"

2026-08-17 22:03:41,552 - INFO - HTTP Request: POST http://localhost:8003/v1/chat/completions "HTTP/1.1 200 OK"

2026-08-17 22:03:44,607 - INFO - HTTP Request: POST http://localhost:8003/v1/chat/completions "HTTP/1.1 200 OK"

2026-08-17 22:03:53,296 - INFO - HTTP Request: POST http://localhost:8003/v1/chat/completions "HTTP/1.1 200 OK"
2026-08-17 22:04:01,446 - INFO - HTTP Request: POST http://localhost:8003/v1/chat/completions "HTTP/1.1 200 OK"
2026-08-17 22:04:05,251 - INFO - HTTP Request: POST http://localhost:8003/v1/chat/completions "HTTP/1.1 200 OK"

2026-08-17 22:04:14,400 - INFO - HTTP Request: POST http://localhost:8003/v1/chat/completions "HTTP/1.1 200 OK"
2026-08-17 22:04:15,136 - INFO - HTTP Request: POST http://localhost:8003/v1/chat/completions "HTTP/1.1 200 OK"
2026-08-17 22:04:15,137 - INFO - HTTP Request: POST http://localhost:8003/v1/chat/completions "HTTP/1.1 200 OK"

2026-08-17 22:04:25,491 - INFO - HTTP Request: POST http://localhost:8003/v1/chat/completions "HTTP/1.1 200 OK"

r2_cfg3:  34%|███▍      | 17/50 [28:49<1:11:05, 129.26s/it]2026-08-17 22:04:30,277 - INFO - HTTP Request: POST http://localhost:8003/v1/chat/completions "HTTP/1.1 200 OK"

2026-08-17 22:04:38,537 - INFO - HTTP Request: POST http://localhost:8003/v1/chat/completions "HTTP/1.1 200 OK"
2026-08-17 22:04:46,903 - INFO - HTTP Request: POST http://localhost:8003/v1/chat/completions "HTTP/1.1 200 OK"
2026-08-17 22:04:48,095 - INFO - HTTP Request: POST http://localhost:8003/v1/chat/completions "HTTP/1.1 200 OK"
2026-08-17 22:04:53,211 - INFO - HTTP Request: POST http://localhost:8003/v1/chat/completions "HTTP/1.1 200 OK"

r2_cfg3:  36%|███▌      | 18/50 [29:17<52:39, 98.75s/it]   2026-08-17 22:05:01,489 - INFO - HTTP Request: POST http://localhost:8003/v1/chat/completions "HTTP/1.1 200 OK"

r2_cfg3:  38%|███▊      | 19/50 [29:25<36:58, 71.58s/it]2026-08-17 22:05:01,924 - INFO - HTTP Request: POST http://localhost:8003/v1/chat/completions "HTTP/1.1 200 OK"

2026-08-17 22:05:04,322 - INFO - HTTP Request: POST http://localhost:8003/v1/chat/completions "HTTP/1.1 200 OK"
2026-08-17 22:05:15,509 - INFO - HTTP Request: POST http://localhost:8003/v1/chat/completions "HTTP/1.1 200 OK"
2026-08-17 22:05:17,401 - INFO - HTTP Request: POST http://localhost:8003/v1/chat/completions "HTTP/1.1 200 OK"

r2_cfg3:  40%|████      | 20/50 [29:41<27:25, 54.86s/it]2026-08-17 22:05:24,142 - INFO - HTTP Request: POST http://localhost:8003/v1/chat/completions "HTTP/1.1 200 OK"
2026-08-17 22:05:26,895 - INFO - HTTP Request: POST http://localhost:8003/v1/chat/completions "HTTP/1.1 200 OK"

2026-08-17 22:05:28,853 - INFO - HTTP Request: POST http://localhost:8003/v1/chat/completions "HTTP/1.1 200 OK"
2026-08-17 22:05:37,874 - INFO - HTTP Request: POST http://localhost:8003/v1/chat/completions "HTTP/1.1 200 OK"

2026-08-17 22:05:39,834 - INFO - HTTP Request: POST http://localhost:8003/v1/chat/completions "HTTP/1.1 200 OK"
2026-08-17 22:05:46,679 - INFO - HTTP Request: POST http://localhost:8003/v1/chat/completions "HTTP/1.1 200 OK"

2026-08-17 22:05:51,680 - INFO - HTTP Request: POST http://localhost:8003/v1/chat/completions "HTTP/1.1 200 OK"

2026-08-17 22:05:53,633 - INFO - HTTP Request: POST http://localhost:8003/v1/chat/completions "HTTP/1.1 200 OK"
2026-08-17 22:06:04,659 - INFO - HTTP Request: POST http://localhost:8003/v1/chat/completions "HTTP/1.1 200 OK"
2026-08-17 22:06:08,501 - INFO - HTTP Request: POST http://localhost:8003/v1/chat/completions "HTTP/1.1 200 OK"

2026-08-17 22:06:11,546 - INFO - HTTP Request: POST http://localhost:8003/v1/chat/completions "HTTP/1.1 200 OK"
2026-08-17 22:06:18,608 - INFO - HTTP Request: POST http://localhost:8003/v1/chat/completions "HTTP/1.1 200 OK"
2026-08-17 22:06:18,826 - INFO - HTTP Request: POST http://localhost:8003/v1/chat/completions "HTTP/1.1 200 OK"

2026-08-17 22:06:24,806 - INFO - HTTP Request: POST http://localhost:8003/v1/chat/completions "HTTP/1.1 200 OK"

2026-08-17 22:06:33,514 - INFO - HTTP Request: POST http://localhost:8003/v1/chat/completions "HTTP/1.1 200 OK"
2026-08-17 22:06:35,844 - INFO - HTTP Request: POST http://localhost:8003/v1/chat/completions "HTTP/1.1 200 OK"

2026-08-17 22:06:43,893 - INFO - HTTP Request: POST http://localhost:8003/v1/chat/completions "HTTP/1.1 200 OK"
2026-08-17 22:06:49,042 - INFO - HTTP Request: POST http://localhost:8003/v1/chat/completions "HTTP/1.1 200 OK"

2026-08-17 22:06:49,477 - INFO - HTTP Request: POST http://localhost:8003/v1/chat/completions "HTTP/1.1 200 OK"
2026-08-17 22:06:55,022 - INFO - HTTP Request: POST http://localhost:8003/v1/chat/completions "HTTP/1.1 200 OK"

2026-08-17 22:07:00,684 - INFO - HTTP Request: POST http://localhost:8003/v1/chat/completions "HTTP/1.1 200 OK"
2026-08-17 22:07:02,526 - INFO - HTTP Request: POST http://localhost:8003/v1/chat/completions "HTTP/1.1 200 OK"

2026-08-17 22:07:13,623 - INFO - HTTP Request: POST http://localhost:8003/v1/chat/completions "HTTP/1.1 200 OK"
2026-08-17 22:07:14,598 - INFO - HTTP Request: POST http://localhost:8003/v1/chat/completions "HTTP/1.1 200 OK"

2026-08-17 22:07:19,606 - INFO - HTTP Request: POST http://localhost:8003/v1/chat/completions "HTTP/1.1 200 OK"
2026-08-17 22:07:22,791 - INFO - HTTP Request: POST http://localhost:8003/v1/chat/completions "HTTP/1.1 200 OK"
2026-08-17 22:07:27,251 - INFO - HTTP Request: POST http://localhost:8003/v1/chat/completions "HTTP/1.1 200 OK"

2026-08-17 22:07:31,830 - INFO - HTTP Request: POST http://localhost:8003/v1/chat/completions "HTTP/1.1 200 OK"

2026-08-17 22:07:37,924 - INFO - HTTP Request: POST http://localhost:8003/v1/chat/completions "HTTP/1.1 200 OK"

2026-08-17 22:07:39,228 - INFO - HTTP Request: POST http://localhost:8003/v1/chat/completions "HTTP/1.1 200 OK"
2026-08-17 22:07:47,368 - INFO - HTTP Request: POST http://localhost:8003/v1/chat/completions "HTTP/1.1 200 OK"
2026-08-17 22:07:52,093 - INFO - HTTP Request: POST http://localhost:8003/v1/chat/completions "HTTP/1.1 200 OK"

2026-08-17 22:07:52,311 - INFO - HTTP Request: POST http://localhost:8003/v1/chat/completions "HTTP/1.1 200 OK"
2026-08-17 22:07:58,990 - INFO - HTTP Request: POST http://localhost:8003/v1/chat/completions "HTTP/1.1 200 OK"

2026-08-17 22:08:02,686 - INFO - HTTP Request: POST http://localhost:8003/v1/chat/completions "HTTP/1.1 200 OK"

2026-08-17 22:08:07,463 - INFO - HTTP Request: POST http://localhost:8003/v1/chat/completions "HTTP/1.1 200 OK"
2026-08-17 22:08:11,909 - INFO - HTTP Request: POST http://localhost:8003/v1/chat/completions "HTTP/1.1 200 OK"
2026-08-17 22:08:20,283 - INFO - HTTP Request: POST http://localhost:8003/v1/chat/completions "HTTP/1.1 200 OK"

2026-08-17 22:08:22,243 - INFO - HTTP Request: POST http://localhost:8003/v1/chat/completions "HTTP/1.1 200 OK"

2026-08-17 22:08:28,323 - INFO - HTTP Request: POST http://localhost:8003/v1/chat/completions "HTTP/1.1 200 OK"
2026-08-17 22:08:32,337 - INFO - HTTP Request: POST http://localhost:8003/v1/chat/completions "HTTP/1.1 200 OK"
2026-08-17 22:08:40,748 - INFO - HTTP Request: POST http://localhost:8003/v1/chat/completions "HTTP/1.1 200 OK"
2026-08-17 22:08:41,726 - INFO - HTTP Request: POST http://localhost:8003/v1/chat/completions "HTTP/1.1 200 OK"

2026-08-17 22:08:46,951 - INFO - HTTP Request: POST http://localhost:8003/v1/chat/completions "HTTP/1.1 200 OK"

2026-08-17 22:08:51,738 - INFO - HTTP Request: POST http://localhost:8003/v1/chat/completions "HTTP/1.1 200 OK"
2026-08-17 22:08:52,455 - INFO - HTTP Request: POST http://localhost:8003/v1/chat/completions "HTTP/1.1 200 OK"

2026-08-17 22:09:02,054 - INFO - HTTP Request: POST http://localhost:8003/v1/chat/completions "HTTP/1.1 200 OK"
2026-08-17 22:09:06,784 - INFO - HTTP Request: POST http://localhost:8003/v1/chat/completions "HTTP/1.1 200 OK"

2026-08-17 22:09:07,657 - INFO - HTTP Request: POST http://localhost:8003/v1/chat/completions "HTTP/1.1 200 OK"
2026-08-17 22:09:16,513 - INFO - HTTP Request: POST http://localhost:8003/v1/chat/completions "HTTP/1.1 200 OK"

2026-08-17 22:09:22,168 - INFO - HTTP Request: POST http://localhost:8003/v1/chat/completions "HTTP/1.1 200 OK"
2026-08-17 22:09:27,278 - INFO - HTTP Request: POST http://localhost:8003/v1/chat/completions "HTTP/1.1 200 OK"
2026-08-17 22:09:28,255 - INFO - HTTP Request: POST http://localhost:8003/v1/chat/completions "HTTP/1.1 200 OK"

2026-08-17 22:09:35,008 - INFO - HTTP Request: POST http://localhost:8003/v1/chat/completions "HTTP/1.1 200 OK"

2026-08-17 22:09:46,108 - INFO - HTTP Request: POST http://localhost:8003/v1/chat/completions "HTTP/1.1 200 OK"

2026-08-17 22:09:46,325 - INFO - HTTP Request: POST http://localhost:8003/v1/chat/completions "HTTP/1.1 200 OK"
2026-08-17 22:09:57,795 - INFO - HTTP Request: POST http://localhost:8003/v1/chat/completions "HTTP/1.1 200 OK"

2026-08-17 22:09:57,797 - INFO - HTTP Request: POST http://localhost:8003/v1/chat/completions "HTTP/1.1 200 OK"
2026-08-17 22:10:08,159 - INFO - HTTP Request: POST http://localhost:8003/v1/chat/completions "HTTP/1.1 200 OK"

2026-08-17 22:10:08,593 - INFO - HTTP Request: POST http://localhost:8003/v1/chat/completions "HTTP/1.1 200 OK"
2026-08-17 22:10:16,100 - INFO - HTTP Request: POST http://localhost:8003/v1/chat/completions "HTTP/1.1 200 OK"
2026-08-17 22:10:23,607 - INFO - HTTP Request: POST http://localhost:8003/v1/chat/completions "HTTP/1.1 200 OK"

r2_cfg3:  42%|████▏     | 21/50 [34:47<1:02:58, 130.31s/it]2026-08-17 22:10:31,220 - INFO - HTTP Request: POST http://localhost:8003/v1/chat/completions "HTTP/1.1 200 OK"
2026-08-17 22:10:35,517 - INFO - HTTP Request: POST http://localhost:8003/v1/chat/completions "HTTP/1.1 200 OK"

2026-08-17 22:10:40,312 - INFO - HTTP Request: POST http://localhost:8003/v1/chat/completions "HTTP/1.1 200 OK"
2026-08-17 22:10:43,067 - INFO - HTTP Request: POST http://localhost:8003/v1/chat/completions "HTTP/1.1 200 OK"

r2_cfg3:  44%|████▍     | 22/50 [35:07<45:17, 97.04s/it]   2026-08-17 22:10:46,115 - INFO - HTTP Request: POST http://localhost:8003/v1/chat/completions "HTTP/1.1 200 OK"
2026-08-17 22:10:50,996 - INFO - HTTP Request: POST http://localhost:8003/v1/chat/completions "HTTP/1.1 200 OK"

r2_cfg3:  46%|████▌     | 23/50 [35:15<31:38, 70.30s/it]2026-08-17 22:10:58,388 - INFO - HTTP Request: POST http://localhost:8003/v1/chat/completions "HTTP/1.1 200 OK"

2026-08-17 22:11:05,341 - INFO - HTTP Request: POST http://localhost:8003/v1/chat/completions "HTTP/1.1 200 OK"
2026-08-17 22:11:09,261 - INFO - HTTP Request: POST http://localhost:8003/v1/chat/completions "HTTP/1.1 200 OK"
2026-08-17 22:11:13,496 - INFO - HTTP Request: POST http://localhost:8003/v1/chat/completions "HTTP/1.1 200 OK"
2026-08-17 22:11:19,259 - INFO - HTTP Request: POST http://localhost:8003/v1/chat/completions "HTTP/1.1 200 OK"

2026-08-17 22:11:25,142 - INFO - HTTP Request: POST http://localhost:8003/v1/chat/completions "HTTP/1.1 200 OK"
2026-08-17 22:11:28,192 - INFO - HTTP Request: POST http://localhost:8003/v1/chat/completions "HTTP/1.1 200 OK"

2026-08-17 22:11:31,027 - INFO - HTTP Request: POST http://localhost:8003/v1/chat/completions "HTTP/1.1 200 OK"

r2_cfg3:  48%|████▊     | 24/50 [35:55<26:31, 61.22s/it]2026-08-17 22:11:38,853 - INFO - HTTP Request: POST http://localhost:8003/v1/chat/completions "HTTP/1.1 200 OK"

2026-08-17 22:11:45,801 - INFO - HTTP Request: POST http://localhost:8003/v1/chat/completions "HTTP/1.1 200 OK"
2026-08-17 22:11:53,206 - INFO - HTTP Request: POST http://localhost:8003/v1/chat/completions "HTTP/1.1 200 OK"
2026-08-17 22:11:54,829 - INFO - HTTP Request: POST http://localhost:8003/v1/chat/completions "HTTP/1.1 200 OK"
2026-08-17 22:11:57,981 - INFO - HTTP Request: POST http://localhost:8003/v1/chat/completions "HTTP/1.1 200 OK"

2026-08-17 22:12:04,080 - INFO - HTTP Request: POST http://localhost:8003/v1/chat/completions "HTTP/1.1 200 OK"
2026-08-17 22:12:08,973 - INFO - HTTP Request: POST http://localhost:8003/v1/chat/completions "HTTP/1.1 200 OK"

2026-08-17 22:12:11,154 - INFO - HTTP Request: POST http://localhost:8003/v1/chat/completions "HTTP/1.1 200 OK"

2026-08-17 22:12:15,938 - INFO - HTTP Request: POST http://localhost:8003/v1/chat/completions "HTTP/1.1 200 OK"

2026-08-17 22:12:22,675 - INFO - HTTP Request: POST http://localhost:8003/v1/chat/completions "HTTP/1.1 200 OK"
2026-08-17 22:12:35,298 - INFO - HTTP Request: POST http://localhost:8003/v1/chat/completions "HTTP/1.1 200 OK"
2026-08-17 22:12:35,516 - INFO - HTTP Request: POST http://localhost:8003/v1/chat/completions "HTTP/1.1 200 OK"

2026-08-17 22:12:36,016 - INFO - HTTP Request: POST http://localhost:8003/v1/chat/completions "HTTP/1.1 200 OK"
2026-08-17 22:12:40,934 - INFO - HTTP Request: POST http://localhost:8003/v1/chat/completions "HTTP/1.1 200 OK"
2026-08-17 22:12:49,091 - INFO - HTTP Request: POST http://localhost:8003/v1/chat/completions "HTTP/1.1 200 OK"

2026-08-17 22:12:52,367 - INFO - HTTP Request: POST http://localhost:8003/v1/chat/completions "HTTP/1.1 200 OK"

2026-08-17 22:12:53,022 - INFO - HTTP Request: POST http://localhost:8003/v1/chat/completions "HTTP/1.1 200 OK"

2026-08-17 22:13:00,625 - INFO - HTTP Request: POST http://localhost:8003/v1/chat/completions "HTTP/1.1 200 OK"
2026-08-17 22:13:13,118 - INFO - HTTP Request: POST http://localhost:8003/v1/chat/completions "HTTP/1.1 200 OK"

2026-08-17 22:13:13,119 - INFO - HTTP Request: POST http://localhost:8003/v1/chat/completions "HTTP/1.1 200 OK"
2026-08-17 22:13:13,836 - INFO - HTTP Request: POST http://localhost:8003/v1/chat/completions "HTTP/1.1 200 OK"
2026-08-17 22:13:17,659 - INFO - HTTP Request: POST http://localhost:8003/v1/chat/completions "HTTP/1.1 200 OK"
2026-08-17 22:13:26,911 - INFO - HTTP Request: POST http://localhost:8003/v1/chat/completions "HTTP/1.1 200 OK"

2026-08-17 22:13:27,791 - INFO - HTTP Request: POST http://localhost:8003/v1/chat/completions "HTTP/1.1 200 OK"

2026-08-17 22:13:30,836 - INFO - HTTP Request: POST http://localhost:8003/v1/chat/completions "HTTP/1.1 200 OK"

2026-08-17 22:13:33,882 - INFO - HTTP Request: POST http://localhost:8003/v1/chat/completions "HTTP/1.1 200 OK"
2026-08-17 22:13:45,415 - INFO - HTTP Request: POST http://localhost:8003/v1/chat/completions "HTTP/1.1 200 OK"

2026-08-17 22:13:46,936 - INFO - HTTP Request: POST http://localhost:8003/v1/chat/completions "HTTP/1.1 200 OK"
2026-08-17 22:13:55,294 - INFO - HTTP Request: POST http://localhost:8003/v1/chat/completions "HTTP/1.1 200 OK"
2026-08-17 22:13:57,351 - INFO - HTTP Request: POST http://localhost:8003/v1/chat/completions "HTTP/1.1 200 OK"
2026-08-17 22:13:58,318 - INFO - HTTP Request: POST http://localhost:8003/v1/chat/completions "HTTP/1.1 200 OK"

2026-08-17 22:14:08,117 - INFO - HTTP Request: POST http://localhost:8003/v1/chat/completions "HTTP/1.1 200 OK"

2026-08-17 22:14:09,641 - INFO - HTTP Request: POST http://localhost:8003/v1/chat/completions "HTTP/1.1 200 OK"

2026-08-17 22:14:15,077 - INFO - HTTP Request: POST http://localhost:8003/v1/chat/completions "HTTP/1.1 200 OK"
2026-08-17 22:14:24,218 - INFO - HTTP Request: POST http://localhost:8003/v1/chat/completions "HTTP/1.1 200 OK"

2026-08-17 22:14:27,259 - INFO - HTTP Request: POST http://localhost:8003/v1/chat/completions "HTTP/1.1 200 OK"
2026-08-17 22:14:28,655 - INFO - HTTP Request: POST http://localhost:8003/v1/chat/completions "HTTP/1.1 200 OK"
2026-08-17 22:14:30,283 - INFO - HTTP Request: POST http://localhost:8003/v1/chat/completions "HTTP/1.1 200 OK"
2026-08-17 22:14:41,065 - INFO - HTTP Request: POST http://localhost:8003/v1/chat/completions "HTTP/1.1 200 OK"

2026-08-17 22:14:42,157 - INFO - HTTP Request: POST http://localhost:8003/v1/chat/completions "HTTP/1.1 200 OK"

2026-08-17 22:14:44,769 - INFO - HTTP Request: POST http://localhost:8003/v1/chat/completions "HTTP/1.1 200 OK"

2026-08-17 22:14:45,203 - INFO - HTTP Request: POST http://localhost:8003/v1/chat/completions "HTTP/1.1 200 OK"
2026-08-17 22:14:55,656 - INFO - HTTP Request: POST http://localhost:8003/v1/chat/completions "HTTP/1.1 200 OK"

2026-08-17 22:15:01,305 - INFO - HTTP Request: POST http://localhost:8003/v1/chat/completions "HTTP/1.1 200 OK"
2026-08-17 22:15:11,846 - INFO - HTTP Request: POST http://localhost:8003/v1/chat/completions "HTTP/1.1 200 OK"
2026-08-17 22:15:14,343 - INFO - HTTP Request: POST http://localhost:8003/v1/chat/completions "HTTP/1.1 200 OK"
2026-08-17 22:15:14,560 - INFO - HTTP Request: POST http://localhost:8003/v1/chat/completions "HTTP/1.1 200 OK"

2026-08-17 22:15:25,767 - INFO - HTTP Request: POST http://localhost:8003/v1/chat/completions "HTTP/1.1 200 OK"
2026-08-17 22:15:26,872 - INFO - HTTP Request: POST http://localhost:8003/v1/chat/completions "HTTP/1.1 200 OK"

2026-08-17 22:15:28,842 - INFO - HTTP Request: POST http://localhost:8003/v1/chat/completions "HTTP/1.1 200 OK"

2026-08-17 22:15:39,718 - INFO - HTTP Request: POST http://localhost:8003/v1/chat/completions "HTTP/1.1 200 OK"

2026-08-17 22:15:44,287 - INFO - HTTP Request: POST http://localhost:8003/v1/chat/completions "HTTP/1.1 200 OK"
2026-08-17 22:15:49,172 - INFO - HTTP Request: POST http://localhost:8003/v1/chat/completions "HTTP/1.1 200 OK"
2026-08-17 22:16:00,162 - INFO - HTTP Request: POST http://localhost:8003/v1/chat/completions "HTTP/1.1 200 OK"
2026-08-17 22:16:01,133 - INFO - HTTP Request: POST http://localhost:8003/v1/chat/completions "HTTP/1.1 200 OK"

2026-08-17 22:16:04,404 - INFO - HTTP Request: POST http://localhost:8003/v1/chat/completions "HTTP/1.1 200 OK"

2026-08-17 22:16:12,026 - INFO - HTTP Request: POST http://localhost:8003/v1/chat/completions "HTTP/1.1 200 OK"
2026-08-17 22:16:13,276 - INFO - HTTP Request: POST http://localhost:8003/v1/chat/completions "HTTP/1.1 200 OK"

r2_cfg3:  50%|█████     | 25/50 [40:37<53:08, 127.54s/it]2026-08-17 22:16:27,196 - INFO - HTTP Request: POST http://localhost:8003/v1/chat/completions "HTTP/1.1 200 OK"

r2_cfg3:  52%|█████▏    | 26/50 [40:51<37:22, 93.45s/it] 2026-08-17 22:16:30,673 - INFO - HTTP Request: POST http://localhost:8003/v1/chat/completions "HTTP/1.1 200 OK"
2026-08-17 22:16:35,557 - INFO - HTTP Request: POST http://localhost:8003/v1/chat/completions "HTTP/1.1 200 OK"
2026-08-17 22:16:38,541 - INFO - HTTP Request: POST http://localhost:8003/v1/chat/completions "HTTP/1.1 200 OK"
2026-08-17 22:16:43,653 - INFO - HTTP Request: POST http://localhost:8003/v1/chat/completions "HTTP/1.1 200 OK"

2026-08-17 22:16:48,018 - INFO - HTTP Request: POST http://localhost:8003/v1/chat/completions "HTTP/1.1 200 OK"

2026-08-17 22:16:50,195 - INFO - HTTP Request: POST http://localhost:8003/v1/chat/completions "HTTP/1.1 200 OK"
2026-08-17 22:16:54,210 - INFO - HTTP Request: POST http://localhost:8003/v1/chat/completions "HTTP/1.1 200 OK"

r2_cfg3:  54%|█████▍    | 27/50 [41:18<28:10, 73.52s/it]2026-08-17 22:17:00,300 - INFO - HTTP Request: POST http://localhost:8003/v1/chat/completions "HTTP/1.1 200 OK"

2026-08-17 22:17:14,418 - INFO - HTTP Request: POST http://localhost:8003/v1/chat/completions "HTTP/1.1 200 OK"
2026-08-17 22:17:16,532 - INFO - HTTP Request: POST http://localhost:8003/v1/chat/completions "HTTP/1.1 200 OK"
2026-08-17 22:17:17,266 - INFO - HTTP Request: POST http://localhost:8003/v1/chat/completions "HTTP/1.1 200 OK"
2026-08-17 22:17:26,105 - INFO - HTTP Request: POST http://localhost:8003/v1/chat/completions "HTTP/1.1 200 OK"

2026-08-17 22:17:26,540 - INFO - HTTP Request: POST http://localhost:8003/v1/chat/completions "HTTP/1.1 200 OK"

2026-08-17 22:17:27,416 - INFO - HTTP Request: POST http://localhost:8003/v1/chat/completions "HTTP/1.1 200 OK"
2026-08-17 22:17:29,257 - INFO - HTTP Request: POST http://localhost:8003/v1/chat/completions "HTTP/1.1 200 OK"

r2_cfg3:  56%|█████▌    | 28/50 [41:53<22:43, 61.98s/it]2026-08-17 22:17:42,520 - INFO - HTTP Request: POST http://localhost:8003/v1/chat/completions "HTTP/1.1 200 OK"

2026-08-17 22:17:50,773 - INFO - HTTP Request: POST http://localhost:8003/v1/chat/completions "HTTP/1.1 200 OK"
2026-08-17 22:17:51,520 - INFO - HTTP Request: POST http://localhost:8003/v1/chat/completions "HTTP/1.1 200 OK"
2026-08-17 22:17:53,638 - INFO - HTTP Request: POST http://localhost:8003/v1/chat/completions "HTTP/1.1 200 OK"
2026-08-17 22:18:05,947 - INFO - HTTP Request: POST http://localhost:8003/v1/chat/completions "HTTP/1.1 200 OK"

2026-08-17 22:18:06,166 - INFO - HTTP Request: POST http://localhost:8003/v1/chat/completions "HTTP/1.1 200 OK"

2026-08-17 22:18:07,047 - INFO - HTTP Request: POST http://localhost:8003/v1/chat/completions "HTTP/1.1 200 OK"

2026-08-17 22:18:07,916 - INFO - HTTP Request: POST http://localhost:8003/v1/chat/completions "HTTP/1.1 200 OK"
2026-08-17 22:18:18,883 - INFO - HTTP Request: POST http://localhost:8003/v1/chat/completions "HTTP/1.1 200 OK"

2026-08-17 22:18:29,965 - INFO - HTTP Request: POST http://localhost:8003/v1/chat/completions "HTTP/1.1 200 OK"
2026-08-17 22:18:31,061 - INFO - HTTP Request: POST http://localhost:8003/v1/chat/completions "HTTP/1.1 200 OK"
2026-08-17 22:18:34,208 - INFO - HTTP Request: POST http://localhost:8003/v1/chat/completions "HTTP/1.1 200 OK"
2026-08-17 22:18:43,519 - INFO - HTTP Request: POST http://localhost:8003/v1/chat/completions "HTTP/1.1 200 OK"

2026-08-17 22:18:43,954 - INFO - HTTP Request: POST http://localhost:8003/v1/chat/completions "HTTP/1.1 200 OK"
2026-08-17 22:18:45,369 - INFO - HTTP Request: POST http://localhost:8003/v1/chat/completions "HTTP/1.1 200 OK"

2026-08-17 22:18:47,121 - INFO - HTTP Request: POST http://localhost:8003/v1/chat/completions "HTTP/1.1 200 OK"

2026-08-17 22:18:56,686 - INFO - HTTP Request: POST http://localhost:8003/v1/chat/completions "HTTP/1.1 200 OK"

2026-08-17 22:19:03,641 - INFO - HTTP Request: POST http://localhost:8003/v1/chat/completions "HTTP/1.1 200 OK"
2026-08-17 22:19:09,669 - INFO - HTTP Request: POST http://localhost:8003/v1/chat/completions "HTTP/1.1 200 OK"
2026-08-17 22:19:12,159 - INFO - HTTP Request: POST http://localhost:8003/v1/chat/completions "HTTP/1.1 200 OK"
2026-08-17 22:19:17,060 - INFO - HTTP Request: POST http://localhost:8003/v1/chat/completions "HTTP/1.1 200 OK"
2026-08-17 22:19:17,064 - INFO - HTTP Request: POST http://localhost:8003/v1/chat/completions "HTTP/1.1 200 OK"

2026-08-17 22:19:22,389 - INFO - HTTP Request: POST http://localhost:8003/v1/chat/completions "HTTP/1.1 200 OK"

2026-08-17 22:19:26,972 - INFO - HTTP Request: POST http://localhost:8003/v1/chat/completions "HTTP/1.1 200 OK"

2026-08-17 22:19:29,807 - INFO - HTTP Request: POST http://localhost:8003/v1/chat/completions "HTTP/1.1 200 OK"

2026-08-17 22:19:42,184 - INFO - HTTP Request: POST http://localhost:8003/v1/chat/completions "HTTP/1.1 200 OK"
2026-08-17 22:19:46,414 - INFO - HTTP Request: POST http://localhost:8003/v1/chat/completions "HTTP/1.1 200 OK"
2026-08-17 22:19:51,579 - INFO - HTTP Request: POST http://localhost:8003/v1/chat/completions "HTTP/1.1 200 OK"
2026-08-17 22:19:57,346 - INFO - HTTP Request: POST http://localhost:8003/v1/chat/completions "HTTP/1.1 200 OK"

2026-08-17 22:19:59,527 - INFO - HTTP Request: POST http://localhost:8003/v1/chat/completions "HTTP/1.1 200 OK"
2026-08-17 22:20:00,493 - INFO - HTTP Request: POST http://localhost:8003/v1/chat/completions "HTTP/1.1 200 OK"

2026-08-17 22:20:04,631 - INFO - HTTP Request: POST http://localhost:8003/v1/chat/completions "HTTP/1.1 200 OK"

2026-08-17 22:20:09,424 - INFO - HTTP Request: POST http://localhost:8003/v1/chat/completions "HTTP/1.1 200 OK"

2026-08-17 22:20:20,499 - INFO - HTTP Request: POST http://localhost:8003/v1/chat/completions "HTTP/1.1 200 OK"
2026-08-17 22:20:24,788 - INFO - HTTP Request: POST http://localhost:8003/v1/chat/completions "HTTP/1.1 200 OK"
2026-08-17 22:20:27,070 - INFO - HTTP Request: POST http://localhost:8003/v1/chat/completions "HTTP/1.1 200 OK"
2026-08-17 22:20:30,440 - INFO - HTTP Request: POST http://localhost:8003/v1/chat/completions "HTTP/1.1 200 OK"
2026-08-17 22:20:38,396 - INFO - HTTP Request: POST http://localhost:8003/v1/chat/completions "HTTP/1.1 200 OK"

2026-08-17 22:20:39,271 - INFO - HTTP Request: POST http://localhost:8003/v1/chat/completions "HTTP/1.1 200 OK"

2026-08-17 22:20:42,106 - INFO - HTTP Request: POST http://localhost:8003/v1/chat/completions "HTTP/1.1 200 OK"

2026-08-17 22:20:42,762 - INFO - HTTP Request: POST http://localhost:8003/v1/chat/completions "HTTP/1.1 200 OK"

2026-08-17 22:21:02,096 - INFO - HTTP Request: POST http://localhost:8003/v1/chat/completions "HTTP/1.1 200 OK"
2026-08-17 22:21:07,853 - INFO - HTTP Request: POST http://localhost:8003/v1/chat/completions "HTTP/1.1 200 OK"
2026-08-17 22:21:08,604 - INFO - HTTP Request: POST http://localhost:8003/v1/chat/completions "HTTP/1.1 200 OK"
2026-08-17 22:21:12,905 - INFO - HTTP Request: POST http://localhost:8003/v1/chat/completions "HTTP/1.1 200 OK"
2026-08-17 22:21:18,900 - INFO - HTTP Request: POST http://localhost:8003/v1/chat/completions "HTTP/1.1 200 OK"

2026-08-17 22:21:19,337 - INFO - HTTP Request: POST http://localhost:8003/v1/chat/completions "HTTP/1.1 200 OK"

2026-08-17 22:21:21,747 - INFO - HTTP Request: POST http://localhost:8003/v1/chat/completions "HTTP/1.1 200 OK"

2026-08-17 22:21:26,319 - INFO - HTTP Request: POST http://localhost:8003/v1/chat/completions "HTTP/1.1 200 OK"

2026-08-17 22:21:38,926 - INFO - HTTP Request: POST http://localhost:8003/v1/chat/completions "HTTP/1.1 200 OK"
2026-08-17 22:21:50,998 - INFO - HTTP Request: POST http://localhost:8003/v1/chat/completions "HTTP/1.1 200 OK"
2026-08-17 22:21:51,215 - INFO - HTTP Request: POST http://localhost:8003/v1/chat/completions "HTTP/1.1 200 OK"
2026-08-17 22:21:56,053 - INFO - HTTP Request: POST http://localhost:8003/v1/chat/completions "HTTP/1.1 200 OK"

2026-08-17 22:22:00,414 - INFO - HTTP Request: POST http://localhost:8003/v1/chat/completions "HTTP/1.1 200 OK"
2026-08-17 22:22:05,747 - INFO - HTTP Request: POST http://localhost:8003/v1/chat/completions "HTTP/1.1 200 OK"

r2_cfg3:  58%|█████▊    | 29/50 [46:29<44:12, 126.33s/it]2026-08-17 22:22:07,712 - INFO - HTTP Request: POST http://localhost:8003/v1/chat/completions "HTTP/1.1 200 OK"

2026-08-17 22:22:17,294 - INFO - HTTP Request: POST http://localhost:8003/v1/chat/completions "HTTP/1.1 200 OK"

r2_cfg3:  60%|██████    | 30/50 [46:41<30:37, 91.90s/it] 2026-08-17 22:22:25,550 - INFO - HTTP Request: POST http://localhost:8003/v1/chat/completions "HTTP/1.1 200 OK"
2026-08-17 22:22:28,044 - INFO - HTTP Request: POST http://localhost:8003/v1/chat/completions "HTTP/1.1 200 OK"
2026-08-17 22:22:39,962 - INFO - HTTP Request: POST http://localhost:8003/v1/chat/completions "HTTP/1.1 200 OK"
2026-08-17 22:22:41,806 - INFO - HTTP Request: POST http://localhost:8003/v1/chat/completions "HTTP/1.1 200 OK"
2026-08-17 22:22:43,433 - INFO - HTTP Request: POST http://localhost:8003/v1/chat/completions "HTTP/1.1 200 OK"

2026-08-17 22:22:43,869 - INFO - HTTP Request: POST http://localhost:8003/v1/chat/completions "HTTP/1.1 200 OK"

2026-08-17 22:22:53,464 - INFO - HTTP Request: POST http://localhost:8003/v1/chat/completions "HTTP/1.1 200 OK"

r2_cfg3:  62%|██████▏   | 31/50 [47:17<23:48, 75.18s/it]2026-08-17 22:22:54,771 - INFO - HTTP Request: POST http://localhost:8003/v1/chat/completions "HTTP/1.1 200 OK"

2026-08-17 22:23:09,538 - INFO - HTTP Request: POST http://localhost:8003/v1/chat/completions "HTTP/1.1 200 OK"
2026-08-17 22:23:15,784 - INFO - HTTP Request: POST http://localhost:8003/v1/chat/completions "HTTP/1.1 200 OK"
2026-08-17 22:23:17,189 - INFO - HTTP Request: POST http://localhost:8003/v1/chat/completions "HTTP/1.1 200 OK"
2026-08-17 22:23:21,873 - INFO - HTTP Request: POST http://localhost:8003/v1/chat/completions "HTTP/1.1 200 OK"
2026-08-17 22:23:25,466 - INFO - HTTP Request: POST http://localhost:8003/v1/chat/completions "HTTP/1.1 200 OK"

2026-08-17 22:23:28,521 - INFO - HTTP Request: POST http://localhost:8003/v1/chat/completions "HTTP/1.1 200 OK"

r2_cfg3:  64%|██████▍   | 32/50 [47:52<18:56, 63.14s/it]2026-08-17 22:23:30,050 - INFO - HTTP Request: POST http://localhost:8003/v1/chat/completions "HTTP/1.1 200 OK"

2026-08-17 22:23:37,443 - INFO - HTTP Request: POST http://localhost:8003/v1/chat/completions "HTTP/1.1 200 OK"

2026-08-17 22:23:49,820 - INFO - HTTP Request: POST http://localhost:8003/v1/chat/completions "HTTP/1.1 200 OK"
2026-08-17 22:23:50,846 - INFO - HTTP Request: POST http://localhost:8003/v1/chat/completions "HTTP/1.1 200 OK"
2026-08-17 22:23:56,818 - INFO - HTTP Request: POST http://localhost:8003/v1/chat/completions "HTTP/1.1 200 OK"
2026-08-17 22:24:02,803 - INFO - HTTP Request: POST http://localhost:8003/v1/chat/completions "HTTP/1.1 200 OK"
2026-08-17 22:24:04,430 - INFO - HTTP Request: POST http://localhost:8003/v1/chat/completions "HTTP/1.1 200 OK"

2026-08-17 22:24:09,011 - INFO - HTTP Request: POST http://localhost:8003/v1/chat/completions "HTTP/1.1 200 OK"

2026-08-17 22:24:09,229 - INFO - HTTP Request: POST http://localhost:8003/v1/chat/completions "HTTP/1.1 200 OK"

2026-08-17 22:24:13,588 - INFO - HTTP Request: POST http://localhost:8003/v1/chat/completions "HTTP/1.1 200 OK"

2026-08-17 22:24:30,531 - INFO - HTTP Request: POST http://localhost:8003/v1/chat/completions "HTTP/1.1 200 OK"
2026-08-17 22:24:33,675 - INFO - HTTP Request: POST http://localhost:8003/v1/chat/completions "HTTP/1.1 200 OK"
2026-08-17 22:24:33,676 - INFO - HTTP Request: POST http://localhost:8003/v1/chat/completions "HTTP/1.1 200 OK"
2026-08-17 22:24:38,712 - INFO - HTTP Request: POST http://localhost:8003/v1/chat/completions "HTTP/1.1 200 OK"
2026-08-17 22:24:45,137 - INFO - HTTP Request: POST http://localhost:8003/v1/chat/completions "HTTP/1.1 200 OK"

2026-08-17 22:24:46,884 - INFO - HTTP Request: POST http://localhost:8003/v1/chat/completions "HTTP/1.1 200 OK"

2026-08-17 22:24:47,102 - INFO - HTTP Request: POST http://localhost:8003/v1/chat/completions "HTTP/1.1 200 OK"

2026-08-17 22:24:50,381 - INFO - HTTP Request: POST http://localhost:8003/v1/chat/completions "HTTP/1.1 200 OK"

2026-08-17 22:25:06,667 - INFO - HTTP Request: POST http://localhost:8003/v1/chat/completions "HTTP/1.1 200 OK"
2026-08-17 22:25:09,865 - INFO - HTTP Request: POST http://localhost:8003/v1/chat/completions "HTTP/1.1 200 OK"
2026-08-17 22:25:10,835 - INFO - HTTP Request: POST http://localhost:8003/v1/chat/completions "HTTP/1.1 200 OK"
2026-08-17 22:25:12,243 - INFO - HTTP Request: POST http://localhost:8003/v1/chat/completions "HTTP/1.1 200 OK"
2026-08-17 22:25:21,506 - INFO - HTTP Request: POST http://localhost:8003/v1/chat/completions "HTTP/1.1 200 OK"

2026-08-17 22:25:21,942 - INFO - HTTP Request: POST http://localhost:8003/v1/chat/completions "HTTP/1.1 200 OK"

2026-08-17 22:25:22,602 - INFO - HTTP Request: POST http://localhost:8003/v1/chat/completions "HTTP/1.1 200 OK"

2026-08-17 22:25:24,785 - INFO - HTTP Request: POST http://localhost:8003/v1/chat/completions "HTTP/1.1 200 OK"

2026-08-17 22:25:44,548 - INFO - HTTP Request: POST http://localhost:8003/v1/chat/completions "HTTP/1.1 200 OK"
2026-08-17 22:25:47,037 - INFO - HTTP Request: POST http://localhost:8003/v1/chat/completions "HTTP/1.1 200 OK"
2026-08-17 22:25:50,831 - INFO - HTTP Request: POST http://localhost:8003/v1/chat/completions "HTTP/1.1 200 OK"
2026-08-17 22:25:51,550 - INFO - HTTP Request: POST http://localhost:8003/v1/chat/completions "HTTP/1.1 200 OK"
2026-08-17 22:25:58,446 - INFO - HTTP Request: POST http://localhost:8003/v1/chat/completions "HTTP/1.1 200 OK"

2026-08-17 22:26:00,193 - INFO - HTTP Request: POST http://localhost:8003/v1/chat/completions "HTTP/1.1 200 OK"

2026-08-17 22:26:02,379 - INFO - HTTP Request: POST http://localhost:8003/v1/chat/completions "HTTP/1.1 200 OK"

2026-08-17 22:26:06,514 - INFO - HTTP Request: POST http://localhost:8003/v1/chat/completions "HTTP/1.1 200 OK"

2026-08-17 22:26:19,543 - INFO - HTTP Request: POST http://localhost:8003/v1/chat/completions "HTTP/1.1 200 OK"
2026-08-17 22:26:22,685 - INFO - HTTP Request: POST http://localhost:8003/v1/chat/completions "HTTP/1.1 200 OK"
2026-08-17 22:26:27,143 - INFO - HTTP Request: POST http://localhost:8003/v1/chat/completions "HTTP/1.1 200 OK"
2026-08-17 22:26:28,176 - INFO - HTTP Request: POST http://localhost:8003/v1/chat/completions "HTTP/1.1 200 OK"
2026-08-17 22:26:30,450 - INFO - HTTP Request: POST http://localhost:8003/v1/chat/completions "HTTP/1.1 200 OK"

2026-08-17 22:26:36,556 - INFO - HTTP Request: POST http://localhost:8003/v1/chat/completions "HTTP/1.1 200 OK"

2026-08-17 22:26:38,520 - INFO - HTTP Request: POST http://localhost:8003/v1/chat/completions "HTTP/1.1 200 OK"

2026-08-17 22:26:49,184 - INFO - HTTP Request: POST http://localhost:8003/v1/chat/completions "HTTP/1.1 200 OK"

2026-08-17 22:26:58,527 - INFO - HTTP Request: POST http://localhost:8003/v1/chat/completions "HTTP/1.1 200 OK"
2026-08-17 22:26:59,499 - INFO - HTTP Request: POST http://localhost:8003/v1/chat/completions "HTTP/1.1 200 OK"
2026-08-17 22:27:06,342 - INFO - HTTP Request: POST http://localhost:8003/v1/chat/completions "HTTP/1.1 200 OK"
2026-08-17 22:27:09,932 - INFO - HTTP Request: POST http://localhost:8003/v1/chat/completions "HTTP/1.1 200 OK"

2026-08-17 22:27:10,589 - INFO - HTTP Request: POST http://localhost:8003/v1/chat/completions "HTTP/1.1 200 OK"

2026-08-17 22:27:19,074 - INFO - HTTP Request: POST http://localhost:8003/v1/chat/completions "HTTP/1.1 200 OK"

2026-08-17 22:27:19,290 - INFO - HTTP Request: POST http://localhost:8003/v1/chat/completions "HTTP/1.1 200 OK"
2026-08-17 22:27:30,977 - INFO - HTTP Request: POST http://localhost:8003/v1/chat/completions "HTTP/1.1 200 OK"
2026-08-17 22:27:33,693 - INFO - HTTP Request: POST http://localhost:8003/v1/chat/completions "HTTP/1.1 200 OK"

2026-08-17 22:27:39,792 - INFO - HTTP Request: POST http://localhost:8003/v1/chat/completions "HTTP/1.1 200 OK"
2026-08-17 22:27:49,692 - INFO - HTTP Request: POST http://localhost:8003/v1/chat/completions "HTTP/1.1 200 OK"

2026-08-17 22:27:52,959 - INFO - HTTP Request: POST http://localhost:8003/v1/chat/completions "HTTP/1.1 200 OK"

2026-08-17 22:27:53,176 - INFO - HTTP Request: POST http://localhost:8003/v1/chat/completions "HTTP/1.1 200 OK"
2026-08-17 22:28:05,025 - INFO - HTTP Request: POST http://localhost:8003/v1/chat/completions "HTTP/1.1 200 OK"

r2_cfg3:  66%|██████▌   | 33/50 [52:29<36:01, 127.15s/it]2026-08-17 22:28:07,417 - INFO - HTTP Request: POST http://localhost:8003/v1/chat/completions "HTTP/1.1 200 OK"
2026-08-17 22:28:19,538 - INFO - HTTP Request: POST http://localhost:8003/v1/chat/completions "HTTP/1.1 200 OK"
2026-08-17 22:28:20,511 - INFO - HTTP Request: POST http://localhost:8003/v1/chat/completions "HTTP/1.1 200 OK"

r2_cfg3:  68%|██████▊   | 34/50 [52:44<24:58, 93.65s/it] 2026-08-17 22:28:27,041 - INFO - HTTP Request: POST http://localhost:8003/v1/chat/completions "HTTP/1.1 200 OK"
2026-08-17 22:28:27,756 - INFO - HTTP Request: POST http://localhost:8003/v1/chat/completions "HTTP/1.1 200 OK"
2026-08-17 22:28:33,779 - INFO - HTTP Request: POST http://localhost:8003/v1/chat/completions "HTTP/1.1 200 OK"

2026-08-17 22:28:39,451 - INFO - HTTP Request: POST http://localhost:8003/v1/chat/completions "HTTP/1.1 200 OK"

r2_cfg3:  70%|███████   | 35/50 [53:03<17:48, 71.24s/it]2026-08-17 22:28:41,629 - INFO - HTTP Request: POST http://localhost:8003/v1/chat/completions "HTTP/1.1 200 OK"

2026-08-17 22:28:43,149 - INFO - HTTP Request: POST http://localhost:8003/v1/chat/completions "HTTP/1.1 200 OK"
2026-08-17 22:28:57,434 - INFO - HTTP Request: POST http://localhost:8003/v1/chat/completions "HTTP/1.1 200 OK"

2026-08-17 22:29:01,780 - INFO - HTTP Request: POST http://localhost:8003/v1/chat/completions "HTTP/1.1 200 OK"
2026-08-17 22:29:05,402 - INFO - HTTP Request: POST http://localhost:8003/v1/chat/completions "HTTP/1.1 200 OK"
2026-08-17 22:29:08,666 - INFO - HTTP Request: POST http://localhost:8003/v1/chat/completions "HTTP/1.1 200 OK"
2026-08-17 22:29:16,014 - INFO - HTTP Request: POST http://localhost:8003/v1/chat/completions "HTTP/1.1 200 OK"

2026-08-17 22:29:19,066 - INFO - HTTP Request: POST http://localhost:8003/v1/chat/completions "HTTP/1.1 200 OK"

r2_cfg3:  72%|███████▏  | 36/50 [53:43<14:24, 61.75s/it]2026-08-17 22:29:19,350 - INFO - HTTP Request: POST http://localhost:8003/v1/chat/completions "HTTP/1.1 200 OK"

2026-08-17 22:29:24,499 - INFO - HTTP Request: POST http://localhost:8003/v1/chat/completions "HTTP/1.1 200 OK"
2026-08-17 22:29:36,612 - INFO - HTTP Request: POST http://localhost:8003/v1/chat/completions "HTTP/1.1 200 OK"

2026-08-17 22:29:41,173 - INFO - HTTP Request: POST http://localhost:8003/v1/chat/completions "HTTP/1.1 200 OK"
2026-08-17 22:29:42,527 - INFO - HTTP Request: POST http://localhost:8003/v1/chat/completions "HTTP/1.1 200 OK"
2026-08-17 22:29:44,193 - INFO - HTTP Request: POST http://localhost:8003/v1/chat/completions "HTTP/1.1 200 OK"
2026-08-17 22:29:50,005 - INFO - HTTP Request: POST http://localhost:8003/v1/chat/completions "HTTP/1.1 200 OK"

2026-08-17 22:29:56,756 - INFO - HTTP Request: POST http://localhost:8003/v1/chat/completions "HTTP/1.1 200 OK"

2026-08-17 22:29:59,150 - INFO - HTTP Request: POST http://localhost:8003/v1/chat/completions "HTTP/1.1 200 OK"

2026-08-17 22:30:01,547 - INFO - HTTP Request: POST http://localhost:8003/v1/chat/completions "HTTP/1.1 200 OK"
2026-08-17 22:30:14,529 - INFO - HTTP Request: POST http://localhost:8003/v1/chat/completions "HTTP/1.1 200 OK"

2026-08-17 22:30:16,492 - INFO - HTTP Request: POST http://localhost:8003/v1/chat/completions "HTTP/1.1 200 OK"
2026-08-17 22:30:21,538 - INFO - HTTP Request: POST http://localhost:8003/v1/chat/completions "HTTP/1.1 200 OK"
2026-08-17 22:30:23,204 - INFO - HTTP Request: POST http://localhost:8003/v1/chat/completions "HTTP/1.1 200 OK"
2026-08-17 22:30:26,567 - INFO - HTTP Request: POST http://localhost:8003/v1/chat/completions "HTTP/1.1 200 OK"

2026-08-17 22:30:35,493 - INFO - HTTP Request: POST http://localhost:8003/v1/chat/completions "HTTP/1.1 200 OK"

2026-08-17 22:30:35,928 - INFO - HTTP Request: POST http://localhost:8003/v1/chat/completions "HTTP/1.1 200 OK"

2026-08-17 22:30:38,981 - INFO - HTTP Request: POST http://localhost:8003/v1/chat/completions "HTTP/1.1 200 OK"
2026-08-17 22:30:51,259 - INFO - HTTP Request: POST http://localhost:8003/v1/chat/completions "HTTP/1.1 200 OK"
2026-08-17 22:30:51,476 - INFO - HTTP Request: POST http://localhost:8003/v1/chat/completions "HTTP/1.1 200 OK"

2026-08-17 22:30:56,100 - INFO - HTTP Request: POST http://localhost:8003/v1/chat/completions "HTTP/1.1 200 OK"
2026-08-17 22:30:59,735 - INFO - HTTP Request: POST http://localhost:8003/v1/chat/completions "HTTP/1.1 200 OK"

2026-08-17 22:31:00,398 - INFO - HTTP Request: POST http://localhost:8003/v1/chat/completions "HTTP/1.1 200 OK"
2026-08-17 22:31:05,982 - INFO - HTTP Request: POST http://localhost:8003/v1/chat/completions "HTTP/1.1 200 OK"

2026-08-17 22:31:11,851 - INFO - HTTP Request: POST http://localhost:8003/v1/chat/completions "HTTP/1.1 200 OK"
2026-08-17 22:31:12,597 - INFO - HTTP Request: POST http://localhost:8003/v1/chat/completions "HTTP/1.1 200 OK"

2026-08-17 22:31:24,187 - INFO - HTTP Request: POST http://localhost:8003/v1/chat/completions "HTTP/1.1 200 OK"
2026-08-17 22:31:24,188 - INFO - HTTP Request: POST http://localhost:8003/v1/chat/completions "HTTP/1.1 200 OK"

2026-08-17 22:31:32,495 - INFO - HTTP Request: POST http://localhost:8003/v1/chat/completions "HTTP/1.1 200 OK"
2026-08-17 22:31:35,249 - INFO - HTTP Request: POST http://localhost:8003/v1/chat/completions "HTTP/1.1 200 OK"
2026-08-17 22:31:36,653 - INFO - HTTP Request: POST http://localhost:8003/v1/chat/completions "HTTP/1.1 200 OK"

2026-08-17 22:31:42,973 - INFO - HTTP Request: POST http://localhost:8003/v1/chat/completions "HTTP/1.1 200 OK"

2026-08-17 22:31:49,933 - INFO - HTTP Request: POST http://localhost:8003/v1/chat/completions "HTTP/1.1 200 OK"

2026-08-17 22:31:53,409 - INFO - HTTP Request: POST http://localhost:8003/v1/chat/completions "HTTP/1.1 200 OK"
2026-08-17 22:31:56,771 - INFO - HTTP Request: POST http://localhost:8003/v1/chat/completions "HTTP/1.1 200 OK"
2026-08-17 22:32:05,089 - INFO - HTTP Request: POST http://localhost:8003/v1/chat/completions "HTTP/1.1 200 OK"

2026-08-17 22:32:08,789 - INFO - HTTP Request: POST http://localhost:8003/v1/chat/completions "HTTP/1.1 200 OK"

2026-08-17 22:32:10,310 - INFO - HTTP Request: POST http://localhost:8003/v1/chat/completions "HTTP/1.1 200 OK"
2026-08-17 22:32:12,420 - INFO - HTTP Request: POST http://localhost:8003/v1/chat/completions "HTTP/1.1 200 OK"
2026-08-17 22:32:19,747 - INFO - HTTP Request: POST http://localhost:8003/v1/chat/completions "HTTP/1.1 200 OK"

2026-08-17 22:32:20,403 - INFO - HTTP Request: POST http://localhost:8003/v1/chat/completions "HTTP/1.1 200 OK"

2026-08-17 22:32:29,308 - INFO - HTTP Request: POST http://localhost:8003/v1/chat/completions "HTTP/1.1 200 OK"
2026-08-17 22:32:34,682 - INFO - HTTP Request: POST http://localhost:8003/v1/chat/completions "HTTP/1.1 200 OK"
2026-08-17 22:32:40,175 - INFO - HTTP Request: POST http://localhost:8003/v1/chat/completions "HTTP/1.1 200 OK"
2026-08-17 22:32:42,499 - INFO - HTTP Request: POST http://localhost:8003/v1/chat/completions "HTTP/1.1 200 OK"

2026-08-17 22:32:45,763 - INFO - HTTP Request: POST http://localhost:8003/v1/chat/completions "HTTP/1.1 200 OK"

2026-08-17 22:32:50,114 - INFO - HTTP Request: POST http://localhost:8003/v1/chat/completions "HTTP/1.1 200 OK"
2026-08-17 22:32:55,928 - INFO - HTTP Request: POST http://localhost:8003/v1/chat/completions "HTTP/1.1 200 OK"

2026-08-17 22:33:02,891 - INFO - HTTP Request: POST http://localhost:8003/v1/chat/completions "HTTP/1.1 200 OK"

2026-08-17 22:33:06,157 - INFO - HTTP Request: POST http://localhost:8003/v1/chat/completions "HTTP/1.1 200 OK"
2026-08-17 22:33:12,077 - INFO - HTTP Request: POST http://localhost:8003/v1/chat/completions "HTTP/1.1 200 OK"
2026-08-17 22:33:16,149 - INFO - HTTP Request: POST http://localhost:8003/v1/chat/completions "HTTP/1.1 200 OK"

2026-08-17 22:33:25,509 - INFO - HTTP Request: POST http://localhost:8003/v1/chat/completions "HTTP/1.1 200 OK"
2026-08-17 22:33:27,179 - INFO - HTTP Request: POST http://localhost:8003/v1/chat/completions "HTTP/1.1 200 OK"

2026-08-17 22:33:35,888 - INFO - HTTP Request: POST http://localhost:8003/v1/chat/completions "HTTP/1.1 200 OK"
2026-08-17 22:33:40,765 - INFO - HTTP Request: POST http://localhost:8003/v1/chat/completions "HTTP/1.1 200 OK"

2026-08-17 22:33:45,997 - INFO - HTTP Request: POST http://localhost:8003/v1/chat/completions "HTTP/1.1 200 OK"
2026-08-17 22:33:47,139 - INFO - HTTP Request: POST http://localhost:8003/v1/chat/completions "HTTP/1.1 200 OK"

r2_cfg3:  74%|███████▍  | 37/50 [58:11<26:47, 123.65s/it]2026-08-17 22:33:56,049 - INFO - HTTP Request: POST http://localhost:8003/v1/chat/completions "HTTP/1.1 200 OK"

2026-08-17 22:34:00,835 - INFO - HTTP Request: POST http://localhost:8003/v1/chat/completions "HTTP/1.1 200 OK"
2026-08-17 22:34:09,471 - INFO - HTTP Request: POST http://localhost:8003/v1/chat/completions "HTTP/1.1 200 OK"
2026-08-17 22:34:14,578 - INFO - HTTP Request: POST http://localhost:8003/v1/chat/completions "HTTP/1.1 200 OK"
2026-08-17 22:34:21,263 - INFO - HTTP Request: POST http://localhost:8003/v1/chat/completions "HTTP/1.1 200 OK"

r2_cfg3:  76%|███████▌  | 38/50 [58:45<19:21, 96.79s/it] 2026-08-17 22:34:21,917 - INFO - HTTP Request: POST http://localhost:8003/v1/chat/completions "HTTP/1.1 200 OK"

2026-08-17 22:34:26,920 - INFO - HTTP Request: POST http://localhost:8003/v1/chat/completions "HTTP/1.1 200 OK"

r2_cfg3:  78%|███████▊  | 39/50 [58:51<12:43, 69.45s/it]2026-08-17 22:34:29,961 - INFO - HTTP Request: POST http://localhost:8003/v1/chat/completions "HTTP/1.1 200 OK"
2026-08-17 22:34:40,663 - INFO - HTTP Request: POST http://localhost:8003/v1/chat/completions "HTTP/1.1 200 OK"

r2_cfg3:  80%|████████  | 40/50 [59:04<08:47, 52.74s/it]2026-08-17 22:34:43,269 - INFO - HTTP Request: POST http://localhost:8003/v1/chat/completions "HTTP/1.1 200 OK"
2026-08-17 22:34:48,279 - INFO - HTTP Request: POST http://localhost:8003/v1/chat/completions "HTTP/1.1 200 OK"
2026-08-17 22:34:49,301 - INFO - HTTP Request: POST http://localhost:8003/v1/chat/completions "HTTP/1.1 200 OK"
2026-08-17 22:34:55,324 - INFO - HTTP Request: POST http://localhost:8003/v1/chat/completions "HTTP/1.1 200 OK"

2026-08-17 22:34:59,462 - INFO - HTTP Request: POST http://localhost:8003/v1/chat/completions "HTTP/1.1 200 OK"

2026-08-17 22:35:02,723 - INFO - HTTP Request: POST http://localhost:8003/v1/chat/completions "HTTP/1.1 200 OK"

2026-08-17 22:35:03,377 - INFO - HTTP Request: POST http://localhost:8003/v1/chat/completions "HTTP/1.1 200 OK"
2026-08-17 22:35:13,910 - INFO - HTTP Request: POST http://localhost:8003/v1/chat/completions "HTTP/1.1 200 OK"

2026-08-17 22:35:21,509 - INFO - HTTP Request: POST http://localhost:8003/v1/chat/completions "HTTP/1.1 200 OK"
2026-08-17 22:35:24,489 - INFO - HTTP Request: POST http://localhost:8003/v1/chat/completions "HTTP/1.1 200 OK"
2026-08-17 22:35:29,593 - INFO - HTTP Request: POST http://localhost:8003/v1/chat/completions "HTTP/1.1 200 OK"
2026-08-17 22:35:33,225 - INFO - HTTP Request: POST http://localhost:8003/v1/chat/completions "HTTP/1.1 200 OK"

2026-08-17 22:35:37,582 - INFO - HTTP Request: POST http://localhost:8003/v1/chat/completions "HTTP/1.1 200 OK"

2026-08-17 22:35:40,850 - INFO - HTTP Request: POST http://localhost:8003/v1/chat/completions "HTTP/1.1 200 OK"

2026-08-17 22:35:40,853 - INFO - HTTP Request: POST http://localhost:8003/v1/chat/completions "HTTP/1.1 200 OK"
2026-08-17 22:35:54,265 - INFO - HTTP Request: POST http://localhost:8003/v1/chat/completions "HTTP/1.1 200 OK"

2026-08-17 22:35:57,957 - INFO - HTTP Request: POST http://localhost:8003/v1/chat/completions "HTTP/1.1 200 OK"
2026-08-17 22:36:02,316 - INFO - HTTP Request: POST http://localhost:8003/v1/chat/completions "HTTP/1.1 200 OK"
2026-08-17 22:36:06,113 - INFO - HTTP Request: POST http://localhost:8003/v1/chat/completions "HTTP/1.1 200 OK"
2026-08-17 22:36:12,360 - INFO - HTTP Request: POST http://localhost:8003/v1/chat/completions "HTTP/1.1 200 OK"

2026-08-17 22:36:15,199 - INFO - HTTP Request: POST http://localhost:8003/v1/chat/completions "HTTP/1.1 200 OK"

2026-08-17 22:36:17,597 - INFO - HTTP Request: POST http://localhost:8003/v1/chat/completions "HTTP/1.1 200 OK"

2026-08-17 22:36:19,341 - INFO - HTTP Request: POST http://localhost:8003/v1/chat/completions "HTTP/1.1 200 OK"
2026-08-17 22:36:30,147 - INFO - HTTP Request: POST http://localhost:8003/v1/chat/completions "HTTP/1.1 200 OK"

2026-08-17 22:36:35,364 - INFO - HTTP Request: POST http://localhost:8003/v1/chat/completions "HTTP/1.1 200 OK"
2026-08-17 22:36:37,203 - INFO - HTTP Request: POST http://localhost:8003/v1/chat/completions "HTTP/1.1 200 OK"
2026-08-17 22:36:42,432 - INFO - HTTP Request: POST http://localhost:8003/v1/chat/completions "HTTP/1.1 200 OK"
2026-08-17 22:36:45,846 - INFO - HTTP Request: POST http://localhost:8003/v1/chat/completions "HTTP/1.1 200 OK"

2026-08-17 22:36:49,981 - INFO - HTTP Request: POST http://localhost:8003/v1/chat/completions "HTTP/1.1 200 OK"

2026-08-17 22:36:54,770 - INFO - HTTP Request: POST http://localhost:8003/v1/chat/completions "HTTP/1.1 200 OK"

2026-08-17 22:36:54,988 - INFO - HTTP Request: POST http://localhost:8003/v1/chat/completions "HTTP/1.1 200 OK"
2026-08-17 22:37:07,487 - INFO - HTTP Request: POST http://localhost:8003/v1/chat/completions "HTTP/1.1 200 OK"

2026-08-17 22:37:09,666 - INFO - HTTP Request: POST http://localhost:8003/v1/chat/completions "HTTP/1.1 200 OK"
2026-08-17 22:37:15,113 - INFO - HTTP Request: POST http://localhost:8003/v1/chat/completions "HTTP/1.1 200 OK"
2026-08-17 22:37:15,114 - INFO - HTTP Request: POST http://localhost:8003/v1/chat/completions "HTTP/1.1 200 OK"
2026-08-17 22:37:23,257 - INFO - HTTP Request: POST http://localhost:8003/v1/chat/completions "HTTP/1.1 200 OK"

2026-08-17 22:37:26,091 - INFO - HTTP Request: POST http://localhost:8003/v1/chat/completions "HTTP/1.1 200 OK"

2026-08-17 22:37:27,616 - INFO - HTTP Request: POST http://localhost:8003/v1/chat/completions "HTTP/1.1 200 OK"
2026-08-17 22:37:28,642 - INFO - HTTP Request: POST http://localhost:8003/v1/chat/completions "HTTP/1.1 200 OK"

2026-08-17 22:37:42,770 - INFO - HTTP Request: POST http://localhost:8003/v1/chat/completions "HTTP/1.1 200 OK"

2026-08-17 22:37:48,634 - INFO - HTTP Request: POST http://localhost:8003/v1/chat/completions "HTTP/1.1 200 OK"
2026-08-17 22:37:52,649 - INFO - HTTP Request: POST http://localhost:8003/v1/chat/completions "HTTP/1.1 200 OK"
2026-08-17 22:37:55,703 - INFO - HTTP Request: POST http://localhost:8003/v1/chat/completions "HTTP/1.1 200 OK"
2026-08-17 22:38:00,859 - INFO - HTTP Request: POST http://localhost:8003/v1/chat/completions "HTTP/1.1 200 OK"

2026-08-17 22:38:06,083 - INFO - HTTP Request: POST http://localhost:8003/v1/chat/completions "HTTP/1.1 200 OK"

2026-08-17 22:38:06,518 - INFO - HTTP Request: POST http://localhost:8003/v1/chat/completions "HTTP/1.1 200 OK"

2026-08-17 22:38:12,170 - INFO - HTTP Request: POST http://localhost:8003/v1/chat/completions "HTTP/1.1 200 OK"
2026-08-17 22:38:26,406 - INFO - HTTP Request: POST http://localhost:8003/v1/chat/completions "HTTP/1.1 200 OK"
2026-08-17 22:38:26,841 - INFO - HTTP Request: POST http://localhost:8003/v1/chat/completions "HTTP/1.1 200 OK"
2026-08-17 22:38:27,871 - INFO - HTTP Request: POST http://localhost:8003/v1/chat/completions "HTTP/1.1 200 OK"

2026-08-17 22:38:30,702 - INFO - HTTP Request: POST http://localhost:8003/v1/chat/completions "HTTP/1.1 200 OK"
2026-08-17 22:38:39,953 - INFO - HTTP Request: POST http://localhost:8003/v1/chat/completions "HTTP/1.1 200 OK"

2026-08-17 22:38:40,827 - INFO - HTTP Request: POST http://localhost:8003/v1/chat/completions "HTTP/1.1 200 OK"

2026-08-17 22:38:46,051 - INFO - HTTP Request: POST http://localhost:8003/v1/chat/completions "HTTP/1.1 200 OK"

2026-08-17 22:38:48,231 - INFO - HTTP Request: POST http://localhost:8003/v1/chat/completions "HTTP/1.1 200 OK"
2026-08-17 22:39:00,350 - INFO - HTTP Request: POST http://localhost:8003/v1/chat/completions "HTTP/1.1 200 OK"

2026-08-17 22:39:09,477 - INFO - HTTP Request: POST http://localhost:8003/v1/chat/completions "HTTP/1.1 200 OK"
2026-08-17 22:39:10,493 - INFO - HTTP Request: POST http://localhost:8003/v1/chat/completions "HTTP/1.1 200 OK"
2026-08-17 22:39:19,434 - INFO - HTTP Request: POST http://localhost:8003/v1/chat/completions "HTTP/1.1 200 OK"
2026-08-17 22:39:20,406 - INFO - HTTP Request: POST http://localhost:8003/v1/chat/completions "HTTP/1.1 200 OK"

2026-08-17 22:39:22,158 - INFO - HTTP Request: POST http://localhost:8003/v1/chat/completions "HTTP/1.1 200 OK"

2026-08-17 22:39:30,217 - INFO - HTTP Request: POST http://localhost:8003/v1/chat/completions "HTTP/1.1 200 OK"
2026-08-17 22:39:30,436 - INFO - HTTP Request: POST http://localhost:8003/v1/chat/completions "HTTP/1.1 200 OK"

r2_cfg3:  82%|████████▏ | 41/50 [1:03:54<18:34, 123.85s/it]2026-08-17 22:39:44,729 - INFO - HTTP Request: POST http://localhost:8003/v1/chat/completions "HTTP/1.1 200 OK"

2026-08-17 22:39:52,555 - INFO - HTTP Request: POST http://localhost:8003/v1/chat/completions "HTTP/1.1 200 OK"
2026-08-17 22:39:53,742 - INFO - HTTP Request: POST http://localhost:8003/v1/chat/completions "HTTP/1.1 200 OK"
2026-08-17 22:39:54,176 - INFO - HTTP Request: POST http://localhost:8003/v1/chat/completions "HTTP/1.1 200 OK"
2026-08-17 22:40:03,634 - INFO - HTTP Request: POST http://localhost:8003/v1/chat/completions "HTTP/1.1 200 OK"

2026-08-17 22:40:04,942 - INFO - HTTP Request: POST http://localhost:8003/v1/chat/completions "HTTP/1.1 200 OK"

r2_cfg3:  84%|████████▍ | 42/50 [1:04:29<12:56, 97.05s/it] 2026-08-17 22:40:07,553 - INFO - HTTP Request: POST http://localhost:8003/v1/chat/completions "HTTP/1.1 200 OK"

r2_cfg3:  86%|████████▌ | 43/50 [1:04:31<08:01, 68.72s/it]2026-08-17 22:40:18,628 - INFO - HTTP Request: POST http://localhost:8003/v1/chat/completions "HTTP/1.1 200 OK"
2026-08-17 22:40:27,264 - INFO - HTTP Request: POST http://localhost:8003/v1/chat/completions "HTTP/1.1 200 OK"
2026-08-17 22:40:30,194 - INFO - HTTP Request: POST http://localhost:8003/v1/chat/completions "HTTP/1.1 200 OK"
2026-08-17 22:40:30,412 - INFO - HTTP Request: POST http://localhost:8003/v1/chat/completions "HTTP/1.1 200 OK"
2026-08-17 22:40:31,754 - INFO - HTTP Request: POST http://localhost:8003/v1/chat/completions "HTTP/1.1 200 OK"

r2_cfg3:  88%|████████▊ | 44/50 [1:04:55<05:32, 55.36s/it]2026-08-17 22:40:42,870 - INFO - HTTP Request: POST http://localhost:8003/v1/chat/completions "HTTP/1.1 200 OK"

2026-08-17 22:40:43,088 - INFO - HTTP Request: POST http://localhost:8003/v1/chat/completions "HTTP/1.1 200 OK"

2026-08-17 22:40:43,089 - INFO - HTTP Request: POST http://localhost:8003/v1/chat/completions "HTTP/1.1 200 OK"

2026-08-17 22:40:53,512 - INFO - HTTP Request: POST http://localhost:8003/v1/chat/completions "HTTP/1.1 200 OK"
2026-08-17 22:41:06,035 - INFO - HTTP Request: POST http://localhost:8003/v1/chat/completions "HTTP/1.1 200 OK"

2026-08-17 22:41:07,557 - INFO - HTTP Request: POST http://localhost:8003/v1/chat/completions "HTTP/1.1 200 OK"
2026-08-17 22:41:09,397 - INFO - HTTP Request: POST http://localhost:8003/v1/chat/completions "HTTP/1.1 200 OK"
2026-08-17 22:41:09,614 - INFO - HTTP Request: POST http://localhost:8003/v1/chat/completions "HTTP/1.1 200 OK"
2026-08-17 22:41:20,930 - INFO - HTTP Request: POST http://localhost:8003/v1/chat/completions "HTTP/1.1 200 OK"

2026-08-17 22:41:22,893 - INFO - HTTP Request: POST http://localhost:8003/v1/chat/completions "HTTP/1.1 200 OK"

2026-08-17 22:41:25,947 - INFO - HTTP Request: POST http://localhost:8003/v1/chat/completions "HTTP/1.1 200 OK"

2026-08-17 22:41:33,112 - INFO - HTTP Request: POST http://localhost:8003/v1/chat/completions "HTTP/1.1 200 OK"
2026-08-17 22:41:41,955 - INFO - HTTP Request: POST http://localhost:8003/v1/chat/completions "HTTP/1.1 200 OK"

2026-08-17 22:41:44,344 - INFO - HTTP Request: POST http://localhost:8003/v1/chat/completions "HTTP/1.1 200 OK"
2026-08-17 22:41:47,332 - INFO - HTTP Request: POST http://localhost:8003/v1/chat/completions "HTTP/1.1 200 OK"
2026-08-17 22:41:51,130 - INFO - HTTP Request: POST http://localhost:8003/v1/chat/completions "HTTP/1.1 200 OK"
2026-08-17 22:41:56,024 - INFO - HTTP Request: POST http://localhost:8003/v1/chat/completions "HTTP/1.1 200 OK"

2026-08-17 22:42:00,171 - INFO - HTTP Request: POST http://localhost:8003/v1/chat/completions "HTTP/1.1 200 OK"

2026-08-17 22:42:02,790 - INFO - HTTP Request: POST http://localhost:8003/v1/chat/completions "HTTP/1.1 200 OK"

2026-08-17 22:42:07,353 - INFO - HTTP Request: POST http://localhost:8003/v1/chat/completions "HTTP/1.1 200 OK"
2026-08-17 22:42:18,804 - INFO - HTTP Request: POST http://localhost:8003/v1/chat/completions "HTTP/1.1 200 OK"

2026-08-17 22:42:20,115 - INFO - HTTP Request: POST http://localhost:8003/v1/chat/completions "HTTP/1.1 200 OK"
2026-08-17 22:42:20,332 - INFO - HTTP Request: POST http://localhost:8003/v1/chat/completions "HTTP/1.1 200 OK"
2026-08-17 22:42:27,712 - INFO - HTTP Request: POST http://localhost:8003/v1/chat/completions "HTTP/1.1 200 OK"
2026-08-17 22:42:33,041 - INFO - HTTP Request: POST http://localhost:8003/v1/chat/completions "HTTP/1.1 200 OK"

2026-08-17 22:42:33,260 - INFO - HTTP Request: POST http://localhost:8003/v1/chat/completions "HTTP/1.1 200 OK"

2026-08-17 22:42:40,229 - INFO - HTTP Request: POST http://localhost:8003/v1/chat/completions "HTTP/1.1 200 OK"

2026-08-17 22:42:43,927 - INFO - HTTP Request: POST http://localhost:8003/v1/chat/completions "HTTP/1.1 200 OK"
2026-08-17 22:42:52,975 - INFO - HTTP Request: POST http://localhost:8003/v1/chat/completions "HTTP/1.1 200 OK"
2026-08-17 22:42:56,552 - INFO - HTTP Request: POST http://localhost:8003/v1/chat/completions "HTTP/1.1 200 OK"

2026-08-17 22:43:00,039 - INFO - HTTP Request: POST http://localhost:8003/v1/chat/completions "HTTP/1.1 200 OK"
2026-08-17 22:43:02,650 - INFO - HTTP Request: POST http://localhost:8003/v1/chat/completions "HTTP/1.1 200 OK"

2026-08-17 22:43:02,867 - INFO - HTTP Request: POST http://localhost:8003/v1/chat/completions "HTTP/1.1 200 OK"
2026-08-17 22:43:14,723 - INFO - HTTP Request: POST http://localhost:8003/v1/chat/completions "HTTP/1.1 200 OK"

2026-08-17 22:43:17,118 - INFO - HTTP Request: POST http://localhost:8003/v1/chat/completions "HTTP/1.1 200 OK"
2026-08-17 22:43:17,552 - INFO - HTTP Request: POST http://localhost:8003/v1/chat/completions "HTTP/1.1 200 OK"

2026-08-17 22:43:25,962 - INFO - HTTP Request: POST http://localhost:8003/v1/chat/completions "HTTP/1.1 200 OK"

2026-08-17 22:43:31,826 - INFO - HTTP Request: POST http://localhost:8003/v1/chat/completions "HTTP/1.1 200 OK"
2026-08-17 22:43:38,013 - INFO - HTTP Request: POST http://localhost:8003/v1/chat/completions "HTTP/1.1 200 OK"
2026-08-17 22:43:44,216 - INFO - HTTP Request: POST http://localhost:8003/v1/chat/completions "HTTP/1.1 200 OK"
2026-08-17 22:43:45,189 - INFO - HTTP Request: POST http://localhost:8003/v1/chat/completions "HTTP/1.1 200 OK"

2026-08-17 22:43:52,161 - INFO - HTTP Request: POST http://localhost:8003/v1/chat/completions "HTTP/1.1 200 OK"

2026-08-17 22:43:55,645 - INFO - HTTP Request: POST http://localhost:8003/v1/chat/completions "HTTP/1.1 200 OK"
2026-08-17 22:43:55,863 - INFO - HTTP Request: POST http://localhost:8003/v1/chat/completions "HTTP/1.1 200 OK"

2026-08-17 22:44:05,350 - INFO - HTTP Request: POST http://localhost:8003/v1/chat/completions "HTTP/1.1 200 OK"
2026-08-17 22:44:08,936 - INFO - HTTP Request: POST http://localhost:8003/v1/chat/completions "HTTP/1.1 200 OK"

2026-08-17 22:44:16,337 - INFO - HTTP Request: POST http://localhost:8003/v1/chat/completions "HTTP/1.1 200 OK"
2026-08-17 22:44:16,341 - INFO - HTTP Request: POST http://localhost:8003/v1/chat/completions "HTTP/1.1 200 OK"

2026-08-17 22:44:22,105 - INFO - HTTP Request: POST http://localhost:8003/v1/chat/completions "HTTP/1.1 200 OK"
2026-08-17 22:44:29,621 - INFO - HTTP Request: POST http://localhost:8003/v1/chat/completions "HTTP/1.1 200 OK"
2026-08-17 22:44:33,702 - INFO - HTTP Request: POST http://localhost:8003/v1/chat/completions "HTTP/1.1 200 OK"

2026-08-17 22:44:38,722 - INFO - HTTP Request: POST http://localhost:8003/v1/chat/completions "HTTP/1.1 200 OK"

2026-08-17 22:44:41,556 - INFO - HTTP Request: POST http://localhost:8003/v1/chat/completions "HTTP/1.1 200 OK"

2026-08-17 22:44:46,341 - INFO - HTTP Request: POST http://localhost:8003/v1/chat/completions "HTTP/1.1 200 OK"
2026-08-17 22:44:57,115 - INFO - HTTP Request: POST http://localhost:8003/v1/chat/completions "HTTP/1.1 200 OK"

2026-08-17 22:45:05,387 - INFO - HTTP Request: POST http://localhost:8003/v1/chat/completions "HTTP/1.1 200 OK"
2026-08-17 22:45:08,545 - INFO - HTTP Request: POST http://localhost:8003/v1/chat/completions "HTTP/1.1 200 OK"
2026-08-17 22:45:11,532 - INFO - HTTP Request: POST http://localhost:8003/v1/chat/completions "HTTP/1.1 200 OK"
2026-08-17 22:45:19,278 - INFO - HTTP Request: POST http://localhost:8003/v1/chat/completions "HTTP/1.1 200 OK"

r2_cfg3:  90%|█████████ | 45/50 [1:09:43<10:25, 125.01s/it]2026-08-17 22:45:23,420 - INFO - HTTP Request: POST http://localhost:8003/v1/chat/completions "HTTP/1.1 200 OK"

2026-08-17 22:45:28,874 - INFO - HTTP Request: POST http://localhost:8003/v1/chat/completions "HTTP/1.1 200 OK"

2026-08-17 22:45:31,057 - INFO - HTTP Request: POST http://localhost:8003/v1/chat/completions "HTTP/1.1 200 OK"
2026-08-17 22:45:41,608 - INFO - HTTP Request: POST http://localhost:8003/v1/chat/completions "HTTP/1.1 200 OK"
2026-08-17 22:45:43,673 - INFO - HTTP Request: POST http://localhost:8003/v1/chat/completions "HTTP/1.1 200 OK"

r2_cfg3:  92%|█████████▏| 46/50 [1:10:07<06:19, 94.83s/it] 2026-08-17 22:45:53,686 - INFO - HTTP Request: POST http://localhost:8003/v1/chat/completions "HTTP/1.1 200 OK"

2026-08-17 22:45:55,428 - INFO - HTTP Request: POST http://localhost:8003/v1/chat/completions "HTTP/1.1 200 OK"
2026-08-17 22:46:02,111 - INFO - HTTP Request: POST http://localhost:8003/v1/chat/completions "HTTP/1.1 200 OK"
2026-08-17 22:46:05,921 - INFO - HTTP Request: POST http://localhost:8003/v1/chat/completions "HTTP/1.1 200 OK"
2026-08-17 22:46:10,008 - INFO - HTTP Request: POST http://localhost:8003/v1/chat/completions "HTTP/1.1 200 OK"

r2_cfg3:  94%|█████████▍| 47/50 [1:10:34<03:42, 74.28s/it]2026-08-17 22:46:20,031 - INFO - HTTP Request: POST http://localhost:8003/v1/chat/completions "HTTP/1.1 200 OK"

r2_cfg3:  96%|█████████▌| 48/50 [1:10:44<01:50, 55.00s/it]2026-08-17 22:46:20,684 - INFO - HTTP Request: POST http://localhost:8003/v1/chat/completions "HTTP/1.1 200 OK"
2026-08-17 22:46:23,279 - INFO - HTTP Request: POST http://localhost:8003/v1/chat/completions "HTTP/1.1 200 OK"

2026-08-17 22:46:32,664 - INFO - HTTP Request: POST http://localhost:8003/v1/chat/completions "HTTP/1.1 200 OK"

2026-08-17 22:46:48,963 - INFO - HTTP Request: POST http://localhost:8003/v1/chat/completions "HTTP/1.1 200 OK"
2026-08-17 22:46:56,988 - INFO - HTTP Request: POST http://localhost:8003/v1/chat/completions "HTTP/1.1 200 OK"
2026-08-17 22:47:03,931 - INFO - HTTP Request: POST http://localhost:8003/v1/chat/completions "HTTP/1.1 200 OK"

2026-08-17 22:47:09,404 - INFO - HTTP Request: POST http://localhost:8003/v1/chat/completions "HTTP/1.1 200 OK"

2026-08-17 22:47:27,872 - INFO - HTTP Request: POST http://localhost:8003/v1/chat/completions "HTTP/1.1 200 OK"
2026-08-17 22:47:33,505 - INFO - HTTP Request: POST http://localhost:8003/v1/chat/completions "HTTP/1.1 200 OK"
2026-08-17 22:47:43,216 - INFO - HTTP Request: POST http://localhost:8003/v1/chat/completions "HTTP/1.1 200 OK"

2026-08-17 22:47:45,210 - INFO - HTTP Request: POST http://localhost:8003/v1/chat/completions "HTTP/1.1 200 OK"

2026-08-17 22:48:04,766 - INFO - HTTP Request: POST http://localhost:8003/v1/chat/completions "HTTP/1.1 200 OK"
2026-08-17 22:48:07,137 - INFO - HTTP Request: POST http://localhost:8003/v1/chat/completions "HTTP/1.1 200 OK"
2026-08-17 22:48:19,515 - INFO - HTTP Request: POST http://localhost:8003/v1/chat/completions "HTTP/1.1 200 OK"

2026-08-17 22:48:19,732 - INFO - HTTP Request: POST http://localhost:8003/v1/chat/completions "HTTP/1.1 200 OK"

2026-08-17 22:48:39,065 - INFO - HTTP Request: POST http://localhost:8003/v1/chat/completions "HTTP/1.1 200 OK"
2026-08-17 22:48:48,392 - INFO - HTTP Request: POST http://localhost:8003/v1/chat/completions "HTTP/1.1 200 OK"
2026-08-17 22:48:48,393 - INFO - HTTP Request: POST http://localhost:8003/v1/chat/completions "HTTP/1.1 200 OK"

2026-08-17 22:49:00,880 - INFO - HTTP Request: POST http://localhost:8003/v1/chat/completions "HTTP/1.1 200 OK"

2026-08-17 22:49:16,962 - INFO - HTTP Request: POST http://localhost:8003/v1/chat/completions "HTTP/1.1 200 OK"
2026-08-17 22:49:20,852 - INFO - HTTP Request: POST http://localhost:8003/v1/chat/completions "HTTP/1.1 200 OK"
2026-08-17 22:49:28,881 - INFO - HTTP Request: POST http://localhost:8003/v1/chat/completions "HTTP/1.1 200 OK"

2026-08-17 22:49:30,658 - INFO - HTTP Request: POST http://localhost:8003/v1/chat/completions "HTTP/1.1 200 OK"

2026-08-17 22:49:48,476 - INFO - HTTP Request: POST http://localhost:8003/v1/chat/completions "HTTP/1.1 200 OK"
2026-08-17 22:49:59,760 - INFO - HTTP Request: POST http://localhost:8003/v1/chat/completions "HTTP/1.1 200 OK"
2026-08-17 22:50:07,356 - INFO - HTTP Request: POST http://localhost:8003/v1/chat/completions "HTTP/1.1 200 OK"

2026-08-17 22:50:13,698 - INFO - HTTP Request: POST http://localhost:8003/v1/chat/completions "HTTP/1.1 200 OK"

2026-08-17 22:50:36,071 - INFO - HTTP Request: POST http://localhost:8003/v1/chat/completions "HTTP/1.1 200 OK"
2026-08-17 22:50:46,051 - INFO - HTTP Request: POST http://localhost:8003/v1/chat/completions "HTTP/1.1 200 OK"
2026-08-17 22:50:48,426 - INFO - HTTP Request: POST http://localhost:8003/v1/chat/completions "HTTP/1.1 200 OK"

2026-08-17 22:50:57,372 - INFO - HTTP Request: POST http://localhost:8003/v1/chat/completions "HTTP/1.1 200 OK"

r2_cfg3:  98%|█████████▊| 49/50 [1:15:21<02:01, 121.70s/it]2026-08-17 22:51:01,789 - INFO - HTTP Request: POST http://localhost:8003/v1/chat/completions "HTTP/1.1 200 OK"
2026-08-17 22:51:04,787 - INFO - HTTP Request: POST http://localhost:8003/v1/chat/completions "HTTP/1.1 200 OK"

r2_cfg3: 100%|██████████| 50/50 [1:15:28<00:00, 87.42s/it] r2_cfg3: 100%|██████████| 50/50 [1:15:29<00:00, 90.58s/it]
  done in 4529.2s (valid 50/50, invalid {})

Scored 1 model/s.
Report:  /LAB/Swiss-Knife/tribunal/bayes_search_honesty/eval_results/round2/r2_cfg3/report/index.html
Tables:  /LAB/Swiss-Knife/tribunal/bayes_search_honesty/eval_results/round2/r2_cfg3/model_summary.csv, /LAB/Swiss-Knife/tribunal/bayes_search_honesty/eval_results/round2/r2_cfg3/summary.csv
