2026-08-18 04:30:05,592 - INFO - Judge client pointed at http://localhost:8000/v1
2026-08-18 04:30:08,902 - INFO - Loading Detoxify model (CPU)
2026-08-18 04:30:12,640 - INFO - HTTP Request: HEAD https://huggingface.co/bert-base-uncased/resolve/main/config.json "HTTP/1.1 200 OK"
Warning: You are sending unauthenticated requests to the HF Hub. Please set a HF_TOKEN to enable higher rate limits and faster downloads.
2026-08-18 04:30:12,640 - WARNING - Warning: You are sending unauthenticated requests to the HF Hub. Please set a HF_TOKEN to enable higher rate limits and faster downloads.
input:  /LAB/Swiss-Knife/tribunal/bayes_search_honesty/eval_results/round5/r5_cfg0/_tribunal_input_tmp (1 model file/s)
output: /LAB/Swiss-Knife/tribunal/bayes_search_honesty/eval_results/round5/r5_cfg0
judge:  Qwen/Qwen2.5-32B-Instruct @ http://localhost:8000/v1
detoxify cross-check: True
Loading weights:   0%|          | 0/201 [00:00<?, ?it/s]Loading weights: 100%|██████████| 201/201 [00:00<00:00, 31491.36it/s]
2026-08-18 04:30:12,975 - INFO - HTTP Request: HEAD https://huggingface.co/bert-base-uncased/resolve/main/tokenizer_config.json "HTTP/1.1 200 OK"
2026-08-18 04:30:13,186 - INFO - HTTP Request: GET https://huggingface.co/api/models/bert-base-uncased/tree/main/additional_chat_templates?recursive=false&expand=false "HTTP/1.1 307 Temporary Redirect"
2026-08-18 04:30:13,413 - INFO - HTTP Request: GET https://huggingface.co/api/models/google-bert/bert-base-uncased/tree/main/additional_chat_templates?recursive=false&expand=false "HTTP/1.1 404 Not Found"
2026-08-18 04:30:13,623 - INFO - HTTP Request: GET https://huggingface.co/api/models/bert-base-uncased/tree/main?recursive=true&expand=false "HTTP/1.1 307 Temporary Redirect"
2026-08-18 04:30:13,833 - INFO - HTTP Request: GET https://huggingface.co/api/models/google-bert/bert-base-uncased/tree/main?recursive=true&expand=false "HTTP/1.1 200 OK"

[1/1] r5_cfg0
  scoring 50 records (0 skipped or cached) [workers=4]
r5_cfg0:   0%|          | 0/50 [00:00<?, ?it/s]2026-08-18 04:30:35,854 - INFO - HTTP Request: POST http://localhost:8000/v1/chat/completions "HTTP/1.1 200 OK"
2026-08-18 04:30:36,072 - INFO - HTTP Request: POST http://localhost:8000/v1/chat/completions "HTTP/1.1 200 OK"
2026-08-18 04:30:36,073 - INFO - HTTP Request: POST http://localhost:8000/v1/chat/completions "HTTP/1.1 200 OK"
2026-08-18 04:30:36,630 - INFO - HTTP Request: POST http://localhost:8000/v1/chat/completions "HTTP/1.1 200 OK"
2026-08-18 04:30:45,811 - INFO - HTTP Request: POST http://localhost:8000/v1/chat/completions "HTTP/1.1 200 OK"

2026-08-18 04:30:48,057 - INFO - HTTP Request: POST http://localhost:8000/v1/chat/completions "HTTP/1.1 200 OK"

2026-08-18 04:30:49,147 - INFO - HTTP Request: POST http://localhost:8000/v1/chat/completions "HTTP/1.1 200 OK"

2026-08-18 04:30:49,364 - INFO - HTTP Request: POST http://localhost:8000/v1/chat/completions "HTTP/1.1 200 OK"

2026-08-18 04:31:11,913 - INFO - HTTP Request: POST http://localhost:8000/v1/chat/completions "HTTP/1.1 200 OK"
2026-08-18 04:31:14,311 - INFO - HTTP Request: POST http://localhost:8000/v1/chat/completions "HTTP/1.1 200 OK"
2026-08-18 04:31:16,050 - INFO - HTTP Request: POST http://localhost:8000/v1/chat/completions "HTTP/1.1 200 OK"
2026-08-18 04:31:16,268 - INFO - HTTP Request: POST http://localhost:8000/v1/chat/completions "HTTP/1.1 200 OK"
2026-08-18 04:31:25,836 - INFO - HTTP Request: POST http://localhost:8000/v1/chat/completions "HTTP/1.1 200 OK"

2026-08-18 04:31:27,195 - INFO - HTTP Request: POST http://localhost:8000/v1/chat/completions "HTTP/1.1 200 OK"

2026-08-18 04:31:29,810 - INFO - HTTP Request: POST http://localhost:8000/v1/chat/completions "HTTP/1.1 200 OK"

2026-08-18 04:31:30,900 - INFO - HTTP Request: POST http://localhost:8000/v1/chat/completions "HTTP/1.1 200 OK"

2026-08-18 04:31:50,215 - INFO - HTTP Request: POST http://localhost:8000/v1/chat/completions "HTTP/1.1 200 OK"
2026-08-18 04:31:51,965 - INFO - HTTP Request: POST http://localhost:8000/v1/chat/completions "HTTP/1.1 200 OK"
2026-08-18 04:31:54,893 - INFO - HTTP Request: POST http://localhost:8000/v1/chat/completions "HTTP/1.1 200 OK"
2026-08-18 04:31:56,296 - INFO - HTTP Request: POST http://localhost:8000/v1/chat/completions "HTTP/1.1 200 OK"
2026-08-18 04:32:06,214 - INFO - HTTP Request: POST http://localhost:8000/v1/chat/completions "HTTP/1.1 200 OK"

2026-08-18 04:32:08,663 - INFO - HTTP Request: POST http://localhost:8000/v1/chat/completions "HTTP/1.1 200 OK"

2026-08-18 04:32:09,099 - INFO - HTTP Request: POST http://localhost:8000/v1/chat/completions "HTTP/1.1 200 OK"

2026-08-18 04:32:09,987 - INFO - HTTP Request: POST http://localhost:8000/v1/chat/completions "HTTP/1.1 200 OK"

2026-08-18 04:32:30,396 - INFO - HTTP Request: POST http://localhost:8000/v1/chat/completions "HTTP/1.1 200 OK"
2026-08-18 04:32:33,228 - INFO - HTTP Request: POST http://localhost:8000/v1/chat/completions "HTTP/1.1 200 OK"
2026-08-18 04:32:33,981 - INFO - HTTP Request: POST http://localhost:8000/v1/chat/completions "HTTP/1.1 200 OK"
2026-08-18 04:32:35,297 - INFO - HTTP Request: POST http://localhost:8000/v1/chat/completions "HTTP/1.1 200 OK"
2026-08-18 04:32:44,345 - INFO - HTTP Request: POST http://localhost:8000/v1/chat/completions "HTTP/1.1 200 OK"

2026-08-18 04:32:46,796 - INFO - HTTP Request: POST http://localhost:8000/v1/chat/completions "HTTP/1.1 200 OK"

2026-08-18 04:32:47,014 - INFO - HTTP Request: POST http://localhost:8000/v1/chat/completions "HTTP/1.1 200 OK"

2026-08-18 04:32:48,119 - INFO - HTTP Request: POST http://localhost:8000/v1/chat/completions "HTTP/1.1 200 OK"

2026-08-18 04:33:04,184 - INFO - HTTP Request: POST http://localhost:8000/v1/chat/completions "HTTP/1.1 200 OK"
2026-08-18 04:33:07,018 - INFO - HTTP Request: POST http://localhost:8000/v1/chat/completions "HTTP/1.1 200 OK"
2026-08-18 04:33:07,237 - INFO - HTTP Request: POST http://localhost:8000/v1/chat/completions "HTTP/1.1 200 OK"
2026-08-18 04:33:08,963 - INFO - HTTP Request: POST http://localhost:8000/v1/chat/completions "HTTP/1.1 200 OK"
2026-08-18 04:33:18,013 - INFO - HTTP Request: POST http://localhost:8000/v1/chat/completions "HTTP/1.1 200 OK"

2026-08-18 04:33:18,231 - INFO - HTTP Request: POST http://localhost:8000/v1/chat/completions "HTTP/1.1 200 OK"

2026-08-18 04:33:18,736 - INFO - HTTP Request: POST http://localhost:8000/v1/chat/completions "HTTP/1.1 200 OK"

2026-08-18 04:33:23,957 - INFO - HTTP Request: POST http://localhost:8000/v1/chat/completions "HTTP/1.1 200 OK"

2026-08-18 04:33:46,770 - INFO - HTTP Request: POST http://localhost:8000/v1/chat/completions "HTTP/1.1 200 OK"
2026-08-18 04:33:46,987 - INFO - HTTP Request: POST http://localhost:8000/v1/chat/completions "HTTP/1.1 200 OK"
2026-08-18 04:33:48,153 - INFO - HTTP Request: POST http://localhost:8000/v1/chat/completions "HTTP/1.1 200 OK"
2026-08-18 04:33:53,732 - INFO - HTTP Request: POST http://localhost:8000/v1/chat/completions "HTTP/1.1 200 OK"
2026-08-18 04:34:00,158 - INFO - HTTP Request: POST http://localhost:8000/v1/chat/completions "HTTP/1.1 200 OK"

2026-08-18 04:34:02,194 - INFO - HTTP Request: POST http://localhost:8000/v1/chat/completions "HTTP/1.1 200 OK"

2026-08-18 04:34:03,505 - INFO - HTTP Request: POST http://localhost:8000/v1/chat/completions "HTTP/1.1 200 OK"

2026-08-18 04:34:06,987 - INFO - HTTP Request: POST http://localhost:8000/v1/chat/completions "HTTP/1.1 200 OK"

2026-08-18 04:34:20,236 - INFO - HTTP Request: POST http://localhost:8000/v1/chat/completions "HTTP/1.1 200 OK"
2026-08-18 04:34:22,716 - INFO - HTTP Request: POST http://localhost:8000/v1/chat/completions "HTTP/1.1 200 OK"
2026-08-18 04:34:24,347 - INFO - HTTP Request: POST http://localhost:8000/v1/chat/completions "HTTP/1.1 200 OK"
2026-08-18 04:34:28,157 - INFO - HTTP Request: POST http://localhost:8000/v1/chat/completions "HTTP/1.1 200 OK"
2026-08-18 04:34:35,677 - INFO - HTTP Request: POST http://localhost:8000/v1/chat/completions "HTTP/1.1 200 OK"

2026-08-18 04:34:36,694 - INFO - HTTP Request: POST http://localhost:8000/v1/chat/completions "HTTP/1.1 200 OK"

2026-08-18 04:34:39,092 - INFO - HTTP Request: POST http://localhost:8000/v1/chat/completions "HTTP/1.1 200 OK"

2026-08-18 04:34:41,271 - INFO - HTTP Request: POST http://localhost:8000/v1/chat/completions "HTTP/1.1 200 OK"

2026-08-18 04:35:04,955 - INFO - HTTP Request: POST http://localhost:8000/v1/chat/completions "HTTP/1.1 200 OK"
2026-08-18 04:35:06,358 - INFO - HTTP Request: POST http://localhost:8000/v1/chat/completions "HTTP/1.1 200 OK"
2026-08-18 04:35:09,081 - INFO - HTTP Request: POST http://localhost:8000/v1/chat/completions "HTTP/1.1 200 OK"
2026-08-18 04:35:11,582 - INFO - HTTP Request: POST http://localhost:8000/v1/chat/completions "HTTP/1.1 200 OK"
2026-08-18 04:35:19,324 - INFO - HTTP Request: POST http://localhost:8000/v1/chat/completions "HTTP/1.1 200 OK"

2026-08-18 04:35:19,761 - INFO - HTTP Request: POST http://localhost:8000/v1/chat/completions "HTTP/1.1 200 OK"

2026-08-18 04:35:23,176 - INFO - HTTP Request: POST http://localhost:8000/v1/chat/completions "HTTP/1.1 200 OK"

2026-08-18 04:35:26,233 - INFO - HTTP Request: POST http://localhost:8000/v1/chat/completions "HTTP/1.1 200 OK"

2026-08-18 04:35:50,790 - INFO - HTTP Request: POST http://localhost:8000/v1/chat/completions "HTTP/1.1 200 OK"
2026-08-18 04:35:52,844 - INFO - HTTP Request: POST http://localhost:8000/v1/chat/completions "HTTP/1.1 200 OK"
2026-08-18 04:35:56,564 - INFO - HTTP Request: POST http://localhost:8000/v1/chat/completions "HTTP/1.1 200 OK"
2026-08-18 04:36:00,597 - INFO - HTTP Request: POST http://localhost:8000/v1/chat/completions "HTTP/1.1 200 OK"
2026-08-18 04:36:02,581 - INFO - HTTP Request: POST http://localhost:8000/v1/chat/completions "HTTP/1.1 200 OK"

r5_cfg0:   2%|▏         | 1/50 [05:48<4:44:45, 348.68s/it]2026-08-18 04:36:07,819 - INFO - HTTP Request: POST http://localhost:8000/v1/chat/completions "HTTP/1.1 200 OK"

r5_cfg0:   4%|▍         | 2/50 [05:53<1:57:19, 146.65s/it]2026-08-18 04:36:10,001 - INFO - HTTP Request: POST http://localhost:8000/v1/chat/completions "HTTP/1.1 200 OK"

r5_cfg0:   6%|▌         | 3/50 [05:56<1:03:12, 80.69s/it] 2026-08-18 04:36:16,090 - INFO - HTTP Request: POST http://localhost:8000/v1/chat/completions "HTTP/1.1 200 OK"

r5_cfg0:   8%|▊         | 4/50 [06:02<39:16, 51.23s/it]  2026-08-18 04:36:24,562 - INFO - HTTP Request: POST http://localhost:8000/v1/chat/completions "HTTP/1.1 200 OK"
2026-08-18 04:36:29,786 - INFO - HTTP Request: POST http://localhost:8000/v1/chat/completions "HTTP/1.1 200 OK"
2026-08-18 04:36:32,283 - INFO - HTTP Request: POST http://localhost:8000/v1/chat/completions "HTTP/1.1 200 OK"
2026-08-18 04:36:35,490 - INFO - HTTP Request: POST http://localhost:8000/v1/chat/completions "HTTP/1.1 200 OK"

2026-08-18 04:36:38,977 - INFO - HTTP Request: POST http://localhost:8000/v1/chat/completions "HTTP/1.1 200 OK"
2026-08-18 04:36:42,132 - INFO - HTTP Request: POST http://localhost:8000/v1/chat/completions "HTTP/1.1 200 OK"

2026-08-18 04:36:44,312 - INFO - HTTP Request: POST http://localhost:8000/v1/chat/completions "HTTP/1.1 200 OK"

2026-08-18 04:36:52,140 - INFO - HTTP Request: POST http://localhost:8000/v1/chat/completions "HTTP/1.1 200 OK"

2026-08-18 04:37:01,913 - INFO - HTTP Request: POST http://localhost:8000/v1/chat/completions "HTTP/1.1 200 OK"
2026-08-18 04:37:08,230 - INFO - HTTP Request: POST http://localhost:8000/v1/chat/completions "HTTP/1.1 200 OK"
2026-08-18 04:37:10,946 - INFO - HTTP Request: POST http://localhost:8000/v1/chat/completions "HTTP/1.1 200 OK"
2026-08-18 04:37:18,953 - INFO - HTTP Request: POST http://localhost:8000/v1/chat/completions "HTTP/1.1 200 OK"

2026-08-18 04:37:19,170 - INFO - HTTP Request: POST http://localhost:8000/v1/chat/completions "HTTP/1.1 200 OK"
2026-08-18 04:37:20,422 - INFO - HTTP Request: POST http://localhost:8000/v1/chat/completions "HTTP/1.1 200 OK"

2026-08-18 04:37:22,603 - INFO - HTTP Request: POST http://localhost:8000/v1/chat/completions "HTTP/1.1 200 OK"

2026-08-18 04:37:31,954 - INFO - HTTP Request: POST http://localhost:8000/v1/chat/completions "HTTP/1.1 200 OK"

2026-08-18 04:37:42,599 - INFO - HTTP Request: POST http://localhost:8000/v1/chat/completions "HTTP/1.1 200 OK"
2026-08-18 04:37:45,085 - INFO - HTTP Request: POST http://localhost:8000/v1/chat/completions "HTTP/1.1 200 OK"
2026-08-18 04:37:47,638 - INFO - HTTP Request: POST http://localhost:8000/v1/chat/completions "HTTP/1.1 200 OK"
2026-08-18 04:37:54,720 - INFO - HTTP Request: POST http://localhost:8000/v1/chat/completions "HTTP/1.1 200 OK"

2026-08-18 04:37:57,343 - INFO - HTTP Request: POST http://localhost:8000/v1/chat/completions "HTTP/1.1 200 OK"
2026-08-18 04:38:00,500 - INFO - HTTP Request: POST http://localhost:8000/v1/chat/completions "HTTP/1.1 200 OK"

2026-08-18 04:38:01,164 - INFO - HTTP Request: POST http://localhost:8000/v1/chat/completions "HTTP/1.1 200 OK"

2026-08-18 04:38:08,564 - INFO - HTTP Request: POST http://localhost:8000/v1/chat/completions "HTTP/1.1 200 OK"

2026-08-18 04:38:18,995 - INFO - HTTP Request: POST http://localhost:8000/v1/chat/completions "HTTP/1.1 200 OK"
2026-08-18 04:38:24,431 - INFO - HTTP Request: POST http://localhost:8000/v1/chat/completions "HTTP/1.1 200 OK"
2026-08-18 04:38:25,407 - INFO - HTTP Request: POST http://localhost:8000/v1/chat/completions "HTTP/1.1 200 OK"
2026-08-18 04:38:32,262 - INFO - HTTP Request: POST http://localhost:8000/v1/chat/completions "HTTP/1.1 200 OK"

2026-08-18 04:38:33,141 - INFO - HTTP Request: POST http://localhost:8000/v1/chat/completions "HTTP/1.1 200 OK"
2026-08-18 04:38:37,603 - INFO - HTTP Request: POST http://localhost:8000/v1/chat/completions "HTTP/1.1 200 OK"

2026-08-18 04:38:38,484 - INFO - HTTP Request: POST http://localhost:8000/v1/chat/completions "HTTP/1.1 200 OK"

2026-08-18 04:38:46,318 - INFO - HTTP Request: POST http://localhost:8000/v1/chat/completions "HTTP/1.1 200 OK"

2026-08-18 04:38:52,406 - INFO - HTTP Request: POST http://localhost:8000/v1/chat/completions "HTTP/1.1 200 OK"
2026-08-18 04:38:57,782 - INFO - HTTP Request: POST http://localhost:8000/v1/chat/completions "HTTP/1.1 200 OK"
2026-08-18 04:38:58,879 - INFO - HTTP Request: POST http://localhost:8000/v1/chat/completions "HTTP/1.1 200 OK"
2026-08-18 04:39:02,686 - INFO - HTTP Request: POST http://localhost:8000/v1/chat/completions "HTTP/1.1 200 OK"

2026-08-18 04:39:07,044 - INFO - HTTP Request: POST http://localhost:8000/v1/chat/completions "HTTP/1.1 200 OK"
2026-08-18 04:39:12,379 - INFO - HTTP Request: POST http://localhost:8000/v1/chat/completions "HTTP/1.1 200 OK"

2026-08-18 04:39:13,037 - INFO - HTTP Request: POST http://localhost:8000/v1/chat/completions "HTTP/1.1 200 OK"

2026-08-18 04:39:19,344 - INFO - HTTP Request: POST http://localhost:8000/v1/chat/completions "HTTP/1.1 200 OK"

2026-08-18 04:39:31,723 - INFO - HTTP Request: POST http://localhost:8000/v1/chat/completions "HTTP/1.1 200 OK"
2026-08-18 04:39:41,398 - INFO - HTTP Request: POST http://localhost:8000/v1/chat/completions "HTTP/1.1 200 OK"
2026-08-18 04:39:42,369 - INFO - HTTP Request: POST http://localhost:8000/v1/chat/completions "HTTP/1.1 200 OK"

2026-08-18 04:39:42,372 - INFO - HTTP Request: POST http://localhost:8000/v1/chat/completions "HTTP/1.1 200 OK"
2026-08-18 04:39:48,900 - INFO - HTTP Request: POST http://localhost:8000/v1/chat/completions "HTTP/1.1 200 OK"
2026-08-18 04:39:53,799 - INFO - HTTP Request: POST http://localhost:8000/v1/chat/completions "HTTP/1.1 200 OK"

2026-08-18 04:39:59,026 - INFO - HTTP Request: POST http://localhost:8000/v1/chat/completions "HTTP/1.1 200 OK"

2026-08-18 04:40:02,942 - INFO - HTTP Request: POST http://localhost:8000/v1/chat/completions "HTTP/1.1 200 OK"
2026-08-18 04:40:04,843 - INFO - HTTP Request: POST http://localhost:8000/v1/chat/completions "HTTP/1.1 200 OK"

2026-08-18 04:40:14,196 - INFO - HTTP Request: POST http://localhost:8000/v1/chat/completions "HTTP/1.1 200 OK"
2026-08-18 04:40:15,388 - INFO - HTTP Request: POST http://localhost:8000/v1/chat/completions "HTTP/1.1 200 OK"

2026-08-18 04:40:19,741 - INFO - HTTP Request: POST http://localhost:8000/v1/chat/completions "HTTP/1.1 200 OK"
2026-08-18 04:40:25,413 - INFO - HTTP Request: POST http://localhost:8000/v1/chat/completions "HTTP/1.1 200 OK"
2026-08-18 04:40:26,658 - INFO - HTTP Request: POST http://localhost:8000/v1/chat/completions "HTTP/1.1 200 OK"

2026-08-18 04:40:30,145 - INFO - HTTP Request: POST http://localhost:8000/v1/chat/completions "HTTP/1.1 200 OK"

2026-08-18 04:40:38,850 - INFO - HTTP Request: POST http://localhost:8000/v1/chat/completions "HTTP/1.1 200 OK"

2026-08-18 04:40:45,152 - INFO - HTTP Request: POST http://localhost:8000/v1/chat/completions "HTTP/1.1 200 OK"
2026-08-18 04:40:56,189 - INFO - HTTP Request: POST http://localhost:8000/v1/chat/completions "HTTP/1.1 200 OK"
2026-08-18 04:40:59,124 - INFO - HTTP Request: POST http://localhost:8000/v1/chat/completions "HTTP/1.1 200 OK"

2026-08-18 04:41:00,004 - INFO - HTTP Request: POST http://localhost:8000/v1/chat/completions "HTTP/1.1 200 OK"
2026-08-18 04:41:07,199 - INFO - HTTP Request: POST http://localhost:8000/v1/chat/completions "HTTP/1.1 200 OK"

2026-08-18 04:41:08,951 - INFO - HTTP Request: POST http://localhost:8000/v1/chat/completions "HTTP/1.1 200 OK"
2026-08-18 04:41:18,636 - INFO - HTTP Request: POST http://localhost:8000/v1/chat/completions "HTTP/1.1 200 OK"

2026-08-18 04:41:22,781 - INFO - HTTP Request: POST http://localhost:8000/v1/chat/completions "HTTP/1.1 200 OK"

2026-08-18 04:41:32,347 - INFO - HTTP Request: POST http://localhost:8000/v1/chat/completions "HTTP/1.1 200 OK"
2026-08-18 04:41:40,705 - INFO - HTTP Request: POST http://localhost:8000/v1/chat/completions "HTTP/1.1 200 OK"
2026-08-18 04:41:46,474 - INFO - HTTP Request: POST http://localhost:8000/v1/chat/completions "HTTP/1.1 200 OK"

r5_cfg0:  10%|█         | 5/50 [11:32<1:53:55, 151.90s/it]2026-08-18 04:41:51,917 - INFO - HTTP Request: POST http://localhost:8000/v1/chat/completions "HTTP/1.1 200 OK"
2026-08-18 04:41:52,351 - INFO - HTTP Request: POST http://localhost:8000/v1/chat/completions "HTTP/1.1 200 OK"

r5_cfg0:  12%|█▏        | 6/50 [11:38<1:14:59, 102.25s/it]2026-08-18 04:41:56,929 - INFO - HTTP Request: POST http://localhost:8000/v1/chat/completions "HTTP/1.1 200 OK"
2026-08-18 04:42:08,360 - INFO - HTTP Request: POST http://localhost:8000/v1/chat/completions "HTTP/1.1 200 OK"

r5_cfg0:  14%|█▍        | 7/50 [11:54<53:04, 74.06s/it]   2026-08-18 04:42:08,794 - INFO - HTTP Request: POST http://localhost:8000/v1/chat/completions "HTTP/1.1 200 OK"
2026-08-18 04:42:10,858 - INFO - HTTP Request: POST http://localhost:8000/v1/chat/completions "HTTP/1.1 200 OK"

r5_cfg0:  16%|█▌        | 8/50 [11:56<35:53, 51.28s/it]2026-08-18 04:42:14,772 - INFO - HTTP Request: POST http://localhost:8000/v1/chat/completions "HTTP/1.1 200 OK"
2026-08-18 04:42:21,184 - INFO - HTTP Request: POST http://localhost:8000/v1/chat/completions "HTTP/1.1 200 OK"

2026-08-18 04:42:28,580 - INFO - HTTP Request: POST http://localhost:8000/v1/chat/completions "HTTP/1.1 200 OK"

2026-08-18 04:42:30,753 - INFO - HTTP Request: POST http://localhost:8000/v1/chat/completions "HTTP/1.1 200 OK"
2026-08-18 04:42:33,737 - INFO - HTTP Request: POST http://localhost:8000/v1/chat/completions "HTTP/1.1 200 OK"
2026-08-18 04:42:42,116 - INFO - HTTP Request: POST http://localhost:8000/v1/chat/completions "HTTP/1.1 200 OK"

2026-08-18 04:42:47,990 - INFO - HTTP Request: POST http://localhost:8000/v1/chat/completions "HTTP/1.1 200 OK"
2026-08-18 04:42:49,618 - INFO - HTTP Request: POST http://localhost:8000/v1/chat/completions "HTTP/1.1 200 OK"

2026-08-18 04:42:55,707 - INFO - HTTP Request: POST http://localhost:8000/v1/chat/completions "HTTP/1.1 200 OK"
2026-08-18 04:43:02,780 - INFO - HTTP Request: POST http://localhost:8000/v1/chat/completions "HTTP/1.1 200 OK"

2026-08-18 04:43:08,872 - INFO - HTTP Request: POST http://localhost:8000/v1/chat/completions "HTTP/1.1 200 OK"
2026-08-18 04:43:10,775 - INFO - HTTP Request: POST http://localhost:8000/v1/chat/completions "HTTP/1.1 200 OK"

2026-08-18 04:43:16,433 - INFO - HTTP Request: POST http://localhost:8000/v1/chat/completions "HTTP/1.1 200 OK"
2026-08-18 04:43:19,642 - INFO - HTTP Request: POST http://localhost:8000/v1/chat/completions "HTTP/1.1 200 OK"

2026-08-18 04:43:27,907 - INFO - HTTP Request: POST http://localhost:8000/v1/chat/completions "HTTP/1.1 200 OK"
2026-08-18 04:43:33,452 - INFO - HTTP Request: POST http://localhost:8000/v1/chat/completions "HTTP/1.1 200 OK"

2026-08-18 04:43:35,846 - INFO - HTTP Request: POST http://localhost:8000/v1/chat/completions "HTTP/1.1 200 OK"
2026-08-18 04:43:38,125 - INFO - HTTP Request: POST http://localhost:8000/v1/chat/completions "HTTP/1.1 200 OK"

2026-08-18 04:43:44,658 - INFO - HTTP Request: POST http://localhost:8000/v1/chat/completions "HTTP/1.1 200 OK"
2026-08-18 04:43:50,915 - INFO - HTTP Request: POST http://localhost:8000/v1/chat/completions "HTTP/1.1 200 OK"

2026-08-18 04:43:57,233 - INFO - HTTP Request: POST http://localhost:8000/v1/chat/completions "HTTP/1.1 200 OK"

2026-08-18 04:43:58,545 - INFO - HTTP Request: POST http://localhost:8000/v1/chat/completions "HTTP/1.1 200 OK"
2026-08-18 04:44:03,052 - INFO - HTTP Request: POST http://localhost:8000/v1/chat/completions "HTTP/1.1 200 OK"
2026-08-18 04:44:13,169 - INFO - HTTP Request: POST http://localhost:8000/v1/chat/completions "HTTP/1.1 200 OK"

2026-08-18 04:44:15,136 - INFO - HTTP Request: POST http://localhost:8000/v1/chat/completions "HTTP/1.1 200 OK"
2026-08-18 04:44:15,873 - INFO - HTTP Request: POST http://localhost:8000/v1/chat/completions "HTTP/1.1 200 OK"

2026-08-18 04:44:21,771 - INFO - HTTP Request: POST http://localhost:8000/v1/chat/completions "HTTP/1.1 200 OK"
2026-08-18 04:44:28,244 - INFO - HTTP Request: POST http://localhost:8000/v1/chat/completions "HTTP/1.1 200 OK"

2026-08-18 04:44:36,083 - INFO - HTTP Request: POST http://localhost:8000/v1/chat/completions "HTTP/1.1 200 OK"
2026-08-18 04:44:37,489 - INFO - HTTP Request: POST http://localhost:8000/v1/chat/completions "HTTP/1.1 200 OK"

2026-08-18 04:44:38,370 - INFO - HTTP Request: POST http://localhost:8000/v1/chat/completions "HTTP/1.1 200 OK"
2026-08-18 04:44:46,585 - INFO - HTTP Request: POST http://localhost:8000/v1/chat/completions "HTTP/1.1 200 OK"

2026-08-18 04:44:48,762 - INFO - HTTP Request: POST http://localhost:8000/v1/chat/completions "HTTP/1.1 200 OK"
2026-08-18 04:44:51,479 - INFO - HTTP Request: POST http://localhost:8000/v1/chat/completions "HTTP/1.1 200 OK"

2026-08-18 04:44:57,578 - INFO - HTTP Request: POST http://localhost:8000/v1/chat/completions "HTTP/1.1 200 OK"
2026-08-18 04:45:04,554 - INFO - HTTP Request: POST http://localhost:8000/v1/chat/completions "HTTP/1.1 200 OK"

2026-08-18 04:45:08,255 - INFO - HTTP Request: POST http://localhost:8000/v1/chat/completions "HTTP/1.1 200 OK"

2026-08-18 04:45:11,732 - INFO - HTTP Request: POST http://localhost:8000/v1/chat/completions "HTTP/1.1 200 OK"
2026-08-18 04:45:16,457 - INFO - HTTP Request: POST http://localhost:8000/v1/chat/completions "HTTP/1.1 200 OK"
2026-08-18 04:45:24,608 - INFO - HTTP Request: POST http://localhost:8000/v1/chat/completions "HTTP/1.1 200 OK"

2026-08-18 04:45:31,790 - INFO - HTTP Request: POST http://localhost:8000/v1/chat/completions "HTTP/1.1 200 OK"

2026-08-18 04:45:33,963 - INFO - HTTP Request: POST http://localhost:8000/v1/chat/completions "HTTP/1.1 200 OK"
2026-08-18 04:45:37,979 - INFO - HTTP Request: POST http://localhost:8000/v1/chat/completions "HTTP/1.1 200 OK"
2026-08-18 04:45:44,888 - INFO - HTTP Request: POST http://localhost:8000/v1/chat/completions "HTTP/1.1 200 OK"

2026-08-18 04:45:48,589 - INFO - HTTP Request: POST http://localhost:8000/v1/chat/completions "HTTP/1.1 200 OK"

2026-08-18 04:45:52,500 - INFO - HTTP Request: POST http://localhost:8000/v1/chat/completions "HTTP/1.1 200 OK"
2026-08-18 04:45:54,340 - INFO - HTTP Request: POST http://localhost:8000/v1/chat/completions "HTTP/1.1 200 OK"
2026-08-18 04:46:05,600 - INFO - HTTP Request: POST http://localhost:8000/v1/chat/completions "HTTP/1.1 200 OK"
2026-08-18 04:46:05,601 - INFO - HTTP Request: POST http://localhost:8000/v1/chat/completions "HTTP/1.1 200 OK"

2026-08-18 04:46:08,974 - INFO - HTTP Request: POST http://localhost:8000/v1/chat/completions "HTTP/1.1 200 OK"

2026-08-18 04:46:09,631 - INFO - HTTP Request: POST http://localhost:8000/v1/chat/completions "HTTP/1.1 200 OK"
2026-08-18 04:46:20,245 - INFO - HTTP Request: POST http://localhost:8000/v1/chat/completions "HTTP/1.1 200 OK"

2026-08-18 04:46:22,425 - INFO - HTTP Request: POST http://localhost:8000/v1/chat/completions "HTTP/1.1 200 OK"

2026-08-18 04:46:29,380 - INFO - HTTP Request: POST http://localhost:8000/v1/chat/completions "HTTP/1.1 200 OK"
2026-08-18 04:46:35,851 - INFO - HTTP Request: POST http://localhost:8000/v1/chat/completions "HTTP/1.1 200 OK"
2026-08-18 04:46:43,582 - INFO - HTTP Request: POST http://localhost:8000/v1/chat/completions "HTTP/1.1 200 OK"

2026-08-18 04:46:47,067 - INFO - HTTP Request: POST http://localhost:8000/v1/chat/completions "HTTP/1.1 200 OK"

2026-08-18 04:46:50,117 - INFO - HTTP Request: POST http://localhost:8000/v1/chat/completions "HTTP/1.1 200 OK"
2026-08-18 04:46:52,615 - INFO - HTTP Request: POST http://localhost:8000/v1/chat/completions "HTTP/1.1 200 OK"
2026-08-18 04:47:04,328 - INFO - HTTP Request: POST http://localhost:8000/v1/chat/completions "HTTP/1.1 200 OK"

2026-08-18 04:47:08,039 - INFO - HTTP Request: POST http://localhost:8000/v1/chat/completions "HTTP/1.1 200 OK"

2026-08-18 04:47:13,480 - INFO - HTTP Request: POST http://localhost:8000/v1/chat/completions "HTTP/1.1 200 OK"
2026-08-18 04:47:20,819 - INFO - HTTP Request: POST http://localhost:8000/v1/chat/completions "HTTP/1.1 200 OK"
2026-08-18 04:47:26,803 - INFO - HTTP Request: POST http://localhost:8000/v1/chat/completions "HTTP/1.1 200 OK"

2026-08-18 04:47:33,122 - INFO - HTTP Request: POST http://localhost:8000/v1/chat/completions "HTTP/1.1 200 OK"

r5_cfg0:  18%|█▊        | 9/50 [17:19<1:32:55, 135.99s/it]2026-08-18 04:47:37,690 - INFO - HTTP Request: POST http://localhost:8000/v1/chat/completions "HTTP/1.1 200 OK"
2026-08-18 04:47:42,144 - INFO - HTTP Request: POST http://localhost:8000/v1/chat/completions "HTTP/1.1 200 OK"
2026-08-18 04:47:54,072 - INFO - HTTP Request: POST http://localhost:8000/v1/chat/completions "HTTP/1.1 200 OK"

r5_cfg0:  20%|██        | 10/50 [17:40<1:06:58, 100.47s/it]2026-08-18 04:47:55,816 - INFO - HTTP Request: POST http://localhost:8000/v1/chat/completions "HTTP/1.1 200 OK"
2026-08-18 04:47:58,370 - INFO - HTTP Request: POST http://localhost:8000/v1/chat/completions "HTTP/1.1 200 OK"

r5_cfg0:  22%|██▏       | 11/50 [17:44<46:10, 71.04s/it]   2026-08-18 04:48:00,983 - INFO - HTTP Request: POST http://localhost:8000/v1/chat/completions "HTTP/1.1 200 OK"
2026-08-18 04:48:07,894 - INFO - HTTP Request: POST http://localhost:8000/v1/chat/completions "HTTP/1.1 200 OK"

2026-08-18 04:48:13,987 - INFO - HTTP Request: POST http://localhost:8000/v1/chat/completions "HTTP/1.1 200 OK"

r5_cfg0:  24%|██▍       | 12/50 [18:00<34:18, 54.18s/it]2026-08-18 04:48:16,810 - INFO - HTTP Request: POST http://localhost:8000/v1/chat/completions "HTTP/1.1 200 OK"
2026-08-18 04:48:21,044 - INFO - HTTP Request: POST http://localhost:8000/v1/chat/completions "HTTP/1.1 200 OK"
2026-08-18 04:48:27,678 - INFO - HTTP Request: POST http://localhost:8000/v1/chat/completions "HTTP/1.1 200 OK"

2026-08-18 04:48:29,854 - INFO - HTTP Request: POST http://localhost:8000/v1/chat/completions "HTTP/1.1 200 OK"

2026-08-18 04:48:34,631 - INFO - HTTP Request: POST http://localhost:8000/v1/chat/completions "HTTP/1.1 200 OK"
2026-08-18 04:48:36,964 - INFO - HTTP Request: POST http://localhost:8000/v1/chat/completions "HTTP/1.1 200 OK"
2026-08-18 04:48:45,616 - INFO - HTTP Request: POST http://localhost:8000/v1/chat/completions "HTTP/1.1 200 OK"

2026-08-18 04:48:50,404 - INFO - HTTP Request: POST http://localhost:8000/v1/chat/completions "HTTP/1.1 200 OK"

2026-08-18 04:48:54,531 - INFO - HTTP Request: POST http://localhost:8000/v1/chat/completions "HTTP/1.1 200 OK"
2026-08-18 04:48:57,028 - INFO - HTTP Request: POST http://localhost:8000/v1/chat/completions "HTTP/1.1 200 OK"
2026-08-18 04:49:05,405 - INFO - HTTP Request: POST http://localhost:8000/v1/chat/completions "HTTP/1.1 200 OK"

2026-08-18 04:49:09,976 - INFO - HTTP Request: POST http://localhost:8000/v1/chat/completions "HTTP/1.1 200 OK"

2026-08-18 04:49:10,630 - INFO - HTTP Request: POST http://localhost:8000/v1/chat/completions "HTTP/1.1 200 OK"
2026-08-18 04:49:17,529 - INFO - HTTP Request: POST http://localhost:8000/v1/chat/completions "HTTP/1.1 200 OK"
2026-08-18 04:49:21,389 - INFO - HTTP Request: POST http://localhost:8000/v1/chat/completions "HTTP/1.1 200 OK"

2026-08-18 04:49:30,537 - INFO - HTTP Request: POST http://localhost:8000/v1/chat/completions "HTTP/1.1 200 OK"
2026-08-18 04:49:33,690 - INFO - HTTP Request: POST http://localhost:8000/v1/chat/completions "HTTP/1.1 200 OK"

2026-08-18 04:49:35,433 - INFO - HTTP Request: POST http://localhost:8000/v1/chat/completions "HTTP/1.1 200 OK"
2026-08-18 04:49:45,555 - INFO - HTTP Request: POST http://localhost:8000/v1/chat/completions "HTTP/1.1 200 OK"

2026-08-18 04:49:45,991 - INFO - HTTP Request: POST http://localhost:8000/v1/chat/completions "HTTP/1.1 200 OK"
2026-08-18 04:49:49,641 - INFO - HTTP Request: POST http://localhost:8000/v1/chat/completions "HTTP/1.1 200 OK"

2026-08-18 04:49:58,568 - INFO - HTTP Request: POST http://localhost:8000/v1/chat/completions "HTTP/1.1 200 OK"

2026-08-18 04:49:58,786 - INFO - HTTP Request: POST http://localhost:8000/v1/chat/completions "HTTP/1.1 200 OK"
2026-08-18 04:50:10,483 - INFO - HTTP Request: POST http://localhost:8000/v1/chat/completions "HTTP/1.1 200 OK"
2026-08-18 04:50:13,917 - INFO - HTTP Request: POST http://localhost:8000/v1/chat/completions "HTTP/1.1 200 OK"
2026-08-18 04:50:15,544 - INFO - HTTP Request: POST http://localhost:8000/v1/chat/completions "HTTP/1.1 200 OK"

2026-08-18 04:50:19,474 - INFO - HTTP Request: POST http://localhost:8000/v1/chat/completions "HTTP/1.1 200 OK"
2026-08-18 04:50:24,431 - INFO - HTTP Request: POST http://localhost:8000/v1/chat/completions "HTTP/1.1 200 OK"

2026-08-18 04:50:26,837 - INFO - HTTP Request: POST http://localhost:8000/v1/chat/completions "HTTP/1.1 200 OK"

2026-08-18 04:50:28,803 - INFO - HTTP Request: POST http://localhost:8000/v1/chat/completions "HTTP/1.1 200 OK"

2026-08-18 04:50:40,095 - INFO - HTTP Request: POST http://localhost:8000/v1/chat/completions "HTTP/1.1 200 OK"
2026-08-18 04:50:44,603 - INFO - HTTP Request: POST http://localhost:8000/v1/chat/completions "HTTP/1.1 200 OK"
2026-08-18 04:50:47,321 - INFO - HTTP Request: POST http://localhost:8000/v1/chat/completions "HTTP/1.1 200 OK"
2026-08-18 04:50:52,874 - INFO - HTTP Request: POST http://localhost:8000/v1/chat/completions "HTTP/1.1 200 OK"

2026-08-18 04:50:56,150 - INFO - HTTP Request: POST http://localhost:8000/v1/chat/completions "HTTP/1.1 200 OK"

2026-08-18 04:50:58,545 - INFO - HTTP Request: POST http://localhost:8000/v1/chat/completions "HTTP/1.1 200 OK"
2026-08-18 04:50:59,790 - INFO - HTTP Request: POST http://localhost:8000/v1/chat/completions "HTTP/1.1 200 OK"

2026-08-18 04:51:10,014 - INFO - HTTP Request: POST http://localhost:8000/v1/chat/completions "HTTP/1.1 200 OK"

2026-08-18 04:51:13,056 - INFO - HTTP Request: POST http://localhost:8000/v1/chat/completions "HTTP/1.1 200 OK"
2026-08-18 04:51:24,527 - INFO - HTTP Request: POST http://localhost:8000/v1/chat/completions "HTTP/1.1 200 OK"

2026-08-18 04:51:25,615 - INFO - HTTP Request: POST http://localhost:8000/v1/chat/completions "HTTP/1.1 200 OK"
2026-08-18 04:51:29,196 - INFO - HTTP Request: POST http://localhost:8000/v1/chat/completions "HTTP/1.1 200 OK"
2026-08-18 04:51:31,037 - INFO - HTTP Request: POST http://localhost:8000/v1/chat/completions "HTTP/1.1 200 OK"
2026-08-18 04:51:41,006 - INFO - HTTP Request: POST http://localhost:8000/v1/chat/completions "HTTP/1.1 200 OK"

2026-08-18 04:51:42,534 - INFO - HTTP Request: POST http://localhost:8000/v1/chat/completions "HTTP/1.1 200 OK"

2026-08-18 04:51:48,412 - INFO - HTTP Request: POST http://localhost:8000/v1/chat/completions "HTTP/1.1 200 OK"

2026-08-18 04:51:54,278 - INFO - HTTP Request: POST http://localhost:8000/v1/chat/completions "HTTP/1.1 200 OK"
2026-08-18 04:52:01,397 - INFO - HTTP Request: POST http://localhost:8000/v1/chat/completions "HTTP/1.1 200 OK"
2026-08-18 04:52:03,244 - INFO - HTTP Request: POST http://localhost:8000/v1/chat/completions "HTTP/1.1 200 OK"
2026-08-18 04:52:08,580 - INFO - HTTP Request: POST http://localhost:8000/v1/chat/completions "HTTP/1.1 200 OK"

2026-08-18 04:52:15,989 - INFO - HTTP Request: POST http://localhost:8000/v1/chat/completions "HTTP/1.1 200 OK"

2026-08-18 04:52:16,207 - INFO - HTTP Request: POST http://localhost:8000/v1/chat/completions "HTTP/1.1 200 OK"

2026-08-18 04:52:18,601 - INFO - HTTP Request: POST http://localhost:8000/v1/chat/completions "HTTP/1.1 200 OK"
2026-08-18 04:52:28,989 - INFO - HTTP Request: POST http://localhost:8000/v1/chat/completions "HTTP/1.1 200 OK"
2026-08-18 04:52:30,240 - INFO - HTTP Request: POST http://localhost:8000/v1/chat/completions "HTTP/1.1 200 OK"

2026-08-18 04:52:41,347 - INFO - HTTP Request: POST http://localhost:8000/v1/chat/completions "HTTP/1.1 200 OK"

2026-08-18 04:52:45,912 - INFO - HTTP Request: POST http://localhost:8000/v1/chat/completions "HTTP/1.1 200 OK"
2026-08-18 04:52:46,130 - INFO - HTTP Request: POST http://localhost:8000/v1/chat/completions "HTTP/1.1 200 OK"
2026-08-18 04:52:57,451 - INFO - HTTP Request: POST http://localhost:8000/v1/chat/completions "HTTP/1.1 200 OK"

2026-08-18 04:52:59,638 - INFO - HTTP Request: POST http://localhost:8000/v1/chat/completions "HTTP/1.1 200 OK"

2026-08-18 04:53:03,993 - INFO - HTTP Request: POST http://localhost:8000/v1/chat/completions "HTTP/1.1 200 OK"
2026-08-18 04:53:11,551 - INFO - HTTP Request: POST http://localhost:8000/v1/chat/completions "HTTP/1.1 200 OK"
2026-08-18 04:53:14,763 - INFO - HTTP Request: POST http://localhost:8000/v1/chat/completions "HTTP/1.1 200 OK"

r5_cfg0:  26%|██▌       | 13/50 [23:00<1:19:28, 128.88s/it]2026-08-18 04:53:26,732 - INFO - HTTP Request: POST http://localhost:8000/v1/chat/completions "HTTP/1.1 200 OK"

2026-08-18 04:53:30,869 - INFO - HTTP Request: POST http://localhost:8000/v1/chat/completions "HTTP/1.1 200 OK"
2026-08-18 04:53:33,365 - INFO - HTTP Request: POST http://localhost:8000/v1/chat/completions "HTTP/1.1 200 OK"
2026-08-18 04:53:37,392 - INFO - HTTP Request: POST http://localhost:8000/v1/chat/completions "HTTP/1.1 200 OK"
2026-08-18 04:53:41,635 - INFO - HTTP Request: POST http://localhost:8000/v1/chat/completions "HTTP/1.1 200 OK"

r5_cfg0:  28%|██▊       | 14/50 [23:27<58:50, 98.07s/it]   2026-08-18 04:53:45,124 - INFO - HTTP Request: POST http://localhost:8000/v1/chat/completions "HTTP/1.1 200 OK"

r5_cfg0:  30%|███       | 15/50 [23:31<40:34, 69.56s/it]2026-08-18 04:53:45,993 - INFO - HTTP Request: POST http://localhost:8000/v1/chat/completions "HTTP/1.1 200 OK"

2026-08-18 04:54:00,770 - INFO - HTTP Request: POST http://localhost:8000/v1/chat/completions "HTTP/1.1 200 OK"
2026-08-18 04:54:03,758 - INFO - HTTP Request: POST http://localhost:8000/v1/chat/completions "HTTP/1.1 200 OK"
2026-08-18 04:54:07,781 - INFO - HTTP Request: POST http://localhost:8000/v1/chat/completions "HTTP/1.1 200 OK"
2026-08-18 04:54:13,172 - INFO - HTTP Request: POST http://localhost:8000/v1/chat/completions "HTTP/1.1 200 OK"
2026-08-18 04:54:16,329 - INFO - HTTP Request: POST http://localhost:8000/v1/chat/completions "HTTP/1.1 200 OK"

2026-08-18 04:54:18,733 - INFO - HTTP Request: POST http://localhost:8000/v1/chat/completions "HTTP/1.1 200 OK"

r5_cfg0:  32%|███▏      | 16/50 [24:04<33:17, 58.74s/it]2026-08-18 04:54:19,826 - INFO - HTTP Request: POST http://localhost:8000/v1/chat/completions "HTTP/1.1 200 OK"

2026-08-18 04:54:22,654 - INFO - HTTP Request: POST http://localhost:8000/v1/chat/completions "HTTP/1.1 200 OK"

2026-08-18 04:54:40,682 - INFO - HTTP Request: POST http://localhost:8000/v1/chat/completions "HTTP/1.1 200 OK"
2026-08-18 04:54:42,744 - INFO - HTTP Request: POST http://localhost:8000/v1/chat/completions "HTTP/1.1 200 OK"
2026-08-18 04:54:46,549 - INFO - HTTP Request: POST http://localhost:8000/v1/chat/completions "HTTP/1.1 200 OK"
2026-08-18 04:54:48,016 - INFO - HTTP Request: POST http://localhost:8000/v1/chat/completions "HTTP/1.1 200 OK"
2026-08-18 04:54:55,540 - INFO - HTTP Request: POST http://localhost:8000/v1/chat/completions "HTTP/1.1 200 OK"

2026-08-18 04:54:55,759 - INFO - HTTP Request: POST http://localhost:8000/v1/chat/completions "HTTP/1.1 200 OK"

2026-08-18 04:54:57,725 - INFO - HTTP Request: POST http://localhost:8000/v1/chat/completions "HTTP/1.1 200 OK"

2026-08-18 04:54:58,598 - INFO - HTTP Request: POST http://localhost:8000/v1/chat/completions "HTTP/1.1 200 OK"

2026-08-18 04:55:19,892 - INFO - HTTP Request: POST http://localhost:8000/v1/chat/completions "HTTP/1.1 200 OK"
2026-08-18 04:55:21,956 - INFO - HTTP Request: POST http://localhost:8000/v1/chat/completions "HTTP/1.1 200 OK"
2026-08-18 04:55:22,738 - INFO - HTTP Request: POST http://localhost:8000/v1/chat/completions "HTTP/1.1 200 OK"
2026-08-18 04:55:23,858 - INFO - HTTP Request: POST http://localhost:8000/v1/chat/completions "HTTP/1.1 200 OK"
2026-08-18 04:55:32,530 - INFO - HTTP Request: POST http://localhost:8000/v1/chat/completions "HTTP/1.1 200 OK"

2026-08-18 04:55:36,465 - INFO - HTTP Request: POST http://localhost:8000/v1/chat/completions "HTTP/1.1 200 OK"

2026-08-18 04:55:37,347 - INFO - HTTP Request: POST http://localhost:8000/v1/chat/completions "HTTP/1.1 200 OK"

2026-08-18 04:55:38,873 - INFO - HTTP Request: POST http://localhost:8000/v1/chat/completions "HTTP/1.1 200 OK"

2026-08-18 04:55:56,255 - INFO - HTTP Request: POST http://localhost:8000/v1/chat/completions "HTTP/1.1 200 OK"
2026-08-18 04:55:56,473 - INFO - HTTP Request: POST http://localhost:8000/v1/chat/completions "HTTP/1.1 200 OK"
2026-08-18 04:56:02,335 - INFO - HTTP Request: POST http://localhost:8000/v1/chat/completions "HTTP/1.1 200 OK"
2026-08-18 04:56:03,964 - INFO - HTTP Request: POST http://localhost:8000/v1/chat/completions "HTTP/1.1 200 OK"
2026-08-18 04:56:05,813 - INFO - HTTP Request: POST http://localhost:8000/v1/chat/completions "HTTP/1.1 200 OK"

2026-08-18 04:56:09,525 - INFO - HTTP Request: POST http://localhost:8000/v1/chat/completions "HTTP/1.1 200 OK"

2026-08-18 04:56:17,161 - INFO - HTTP Request: POST http://localhost:8000/v1/chat/completions "HTTP/1.1 200 OK"

2026-08-18 04:56:17,824 - INFO - HTTP Request: POST http://localhost:8000/v1/chat/completions "HTTP/1.1 200 OK"

2026-08-18 04:56:29,341 - INFO - HTTP Request: POST http://localhost:8000/v1/chat/completions "HTTP/1.1 200 OK"
2026-08-18 04:56:34,885 - INFO - HTTP Request: POST http://localhost:8000/v1/chat/completions "HTTP/1.1 200 OK"
2026-08-18 04:56:37,596 - INFO - HTTP Request: POST http://localhost:8000/v1/chat/completions "HTTP/1.1 200 OK"
2026-08-18 04:56:42,984 - INFO - HTTP Request: POST http://localhost:8000/v1/chat/completions "HTTP/1.1 200 OK"
2026-08-18 04:56:42,988 - INFO - HTTP Request: POST http://localhost:8000/v1/chat/completions "HTTP/1.1 200 OK"

2026-08-18 04:56:46,577 - INFO - HTTP Request: POST http://localhost:8000/v1/chat/completions "HTTP/1.1 200 OK"

2026-08-18 04:56:49,412 - INFO - HTTP Request: POST http://localhost:8000/v1/chat/completions "HTTP/1.1 200 OK"

2026-08-18 04:56:55,072 - INFO - HTTP Request: POST http://localhost:8000/v1/chat/completions "HTTP/1.1 200 OK"

2026-08-18 04:57:06,594 - INFO - HTTP Request: POST http://localhost:8000/v1/chat/completions "HTTP/1.1 200 OK"
2026-08-18 04:57:12,351 - INFO - HTTP Request: POST http://localhost:8000/v1/chat/completions "HTTP/1.1 200 OK"
2026-08-18 04:57:15,502 - INFO - HTTP Request: POST http://localhost:8000/v1/chat/completions "HTTP/1.1 200 OK"
2026-08-18 04:57:19,099 - INFO - HTTP Request: POST http://localhost:8000/v1/chat/completions "HTTP/1.1 200 OK"
2026-08-18 04:57:25,972 - INFO - HTTP Request: POST http://localhost:8000/v1/chat/completions "HTTP/1.1 200 OK"

2026-08-18 04:57:26,408 - INFO - HTTP Request: POST http://localhost:8000/v1/chat/completions "HTTP/1.1 200 OK"

2026-08-18 04:57:30,119 - INFO - HTTP Request: POST http://localhost:8000/v1/chat/completions "HTTP/1.1 200 OK"

2026-08-18 04:57:33,168 - INFO - HTTP Request: POST http://localhost:8000/v1/chat/completions "HTTP/1.1 200 OK"

2026-08-18 04:57:46,426 - INFO - HTTP Request: POST http://localhost:8000/v1/chat/completions "HTTP/1.1 200 OK"
2026-08-18 04:57:53,498 - INFO - HTTP Request: POST http://localhost:8000/v1/chat/completions "HTTP/1.1 200 OK"
2026-08-18 04:57:55,837 - INFO - HTTP Request: POST http://localhost:8000/v1/chat/completions "HTTP/1.1 200 OK"
2026-08-18 04:57:57,686 - INFO - HTTP Request: POST http://localhost:8000/v1/chat/completions "HTTP/1.1 200 OK"

2026-08-18 04:57:59,869 - INFO - HTTP Request: POST http://localhost:8000/v1/chat/completions "HTTP/1.1 200 OK"
2026-08-18 04:58:10,006 - INFO - HTTP Request: POST http://localhost:8000/v1/chat/completions "HTTP/1.1 200 OK"

2026-08-18 04:58:11,753 - INFO - HTTP Request: POST http://localhost:8000/v1/chat/completions "HTTP/1.1 200 OK"

2026-08-18 04:58:13,286 - INFO - HTTP Request: POST http://localhost:8000/v1/chat/completions "HTTP/1.1 200 OK"

2026-08-18 04:58:27,196 - INFO - HTTP Request: POST http://localhost:8000/v1/chat/completions "HTTP/1.1 200 OK"
2026-08-18 04:58:33,614 - INFO - HTTP Request: POST http://localhost:8000/v1/chat/completions "HTTP/1.1 200 OK"
2026-08-18 04:58:39,606 - INFO - HTTP Request: POST http://localhost:8000/v1/chat/completions "HTTP/1.1 200 OK"

2026-08-18 04:58:39,825 - INFO - HTTP Request: POST http://localhost:8000/v1/chat/completions "HTTP/1.1 200 OK"
2026-08-18 04:58:45,431 - INFO - HTTP Request: POST http://localhost:8000/v1/chat/completions "HTTP/1.1 200 OK"
2026-08-18 04:58:47,714 - INFO - HTTP Request: POST http://localhost:8000/v1/chat/completions "HTTP/1.1 200 OK"

2026-08-18 04:58:52,295 - INFO - HTTP Request: POST http://localhost:8000/v1/chat/completions "HTTP/1.1 200 OK"

2026-08-18 04:58:59,488 - INFO - HTTP Request: POST http://localhost:8000/v1/chat/completions "HTTP/1.1 200 OK"

r5_cfg0:  34%|███▍      | 17/50 [28:45<1:09:01, 125.50s/it]2026-08-18 04:59:12,747 - INFO - HTTP Request: POST http://localhost:8000/v1/chat/completions "HTTP/1.1 200 OK"
2026-08-18 04:59:17,338 - INFO - HTTP Request: POST http://localhost:8000/v1/chat/completions "HTTP/1.1 200 OK"
2026-08-18 04:59:22,239 - INFO - HTTP Request: POST http://localhost:8000/v1/chat/completions "HTTP/1.1 200 OK"
2026-08-18 04:59:26,488 - INFO - HTTP Request: POST http://localhost:8000/v1/chat/completions "HTTP/1.1 200 OK"

2026-08-18 04:59:26,492 - INFO - HTTP Request: POST http://localhost:8000/v1/chat/completions "HTTP/1.1 200 OK"
r5_cfg0:  36%|███▌      | 18/50 [29:12<51:08, 95.90s/it]   2026-08-18 04:59:33,411 - INFO - HTTP Request: POST http://localhost:8000/v1/chat/completions "HTTP/1.1 200 OK"

2026-08-18 04:59:36,254 - INFO - HTTP Request: POST http://localhost:8000/v1/chat/completions "HTTP/1.1 200 OK"

r5_cfg0:  38%|███▊      | 19/50 [29:22<36:10, 70.03s/it]2026-08-18 04:59:36,690 - INFO - HTTP Request: POST http://localhost:8000/v1/chat/completions "HTTP/1.1 200 OK"

2026-08-18 04:59:48,641 - INFO - HTTP Request: POST http://localhost:8000/v1/chat/completions "HTTP/1.1 200 OK"
2026-08-18 04:59:58,537 - INFO - HTTP Request: POST http://localhost:8000/v1/chat/completions "HTTP/1.1 200 OK"
2026-08-18 04:59:59,508 - INFO - HTTP Request: POST http://localhost:8000/v1/chat/completions "HTTP/1.1 200 OK"

2026-08-18 05:00:03,425 - INFO - HTTP Request: POST http://localhost:8000/v1/chat/completions "HTTP/1.1 200 OK"
2026-08-18 05:00:06,797 - INFO - HTTP Request: POST http://localhost:8000/v1/chat/completions "HTTP/1.1 200 OK"
2026-08-18 05:00:10,614 - INFO - HTTP Request: POST http://localhost:8000/v1/chat/completions "HTTP/1.1 200 OK"

2026-08-18 05:00:19,333 - INFO - HTTP Request: POST http://localhost:8000/v1/chat/completions "HTTP/1.1 200 OK"

r5_cfg0:  40%|████      | 20/50 [30:05<30:58, 61.94s/it]2026-08-18 05:00:19,769 - INFO - HTTP Request: POST http://localhost:8000/v1/chat/completions "HTTP/1.1 200 OK"

2026-08-18 05:00:26,291 - INFO - HTTP Request: POST http://localhost:8000/v1/chat/completions "HTTP/1.1 200 OK"
2026-08-18 05:00:37,110 - INFO - HTTP Request: POST http://localhost:8000/v1/chat/completions "HTTP/1.1 200 OK"
2026-08-18 05:00:42,005 - INFO - HTTP Request: POST http://localhost:8000/v1/chat/completions "HTTP/1.1 200 OK"
2026-08-18 05:00:43,470 - INFO - HTTP Request: POST http://localhost:8000/v1/chat/completions "HTTP/1.1 200 OK"

2026-08-18 05:00:45,216 - INFO - HTTP Request: POST http://localhost:8000/v1/chat/completions "HTTP/1.1 200 OK"
2026-08-18 05:00:50,779 - INFO - HTTP Request: POST http://localhost:8000/v1/chat/completions "HTTP/1.1 200 OK"

2026-08-18 05:00:55,794 - INFO - HTTP Request: POST http://localhost:8000/v1/chat/completions "HTTP/1.1 200 OK"

2026-08-18 05:01:00,799 - INFO - HTTP Request: POST http://localhost:8000/v1/chat/completions "HTTP/1.1 200 OK"

2026-08-18 05:01:08,191 - INFO - HTTP Request: POST http://localhost:8000/v1/chat/completions "HTTP/1.1 200 OK"
2026-08-18 05:01:15,527 - INFO - HTTP Request: POST http://localhost:8000/v1/chat/completions "HTTP/1.1 200 OK"
2026-08-18 05:01:22,163 - INFO - HTTP Request: POST http://localhost:8000/v1/chat/completions "HTTP/1.1 200 OK"

2026-08-18 05:01:22,598 - INFO - HTTP Request: POST http://localhost:8000/v1/chat/completions "HTTP/1.1 200 OK"
2026-08-18 05:01:26,035 - INFO - HTTP Request: POST http://localhost:8000/v1/chat/completions "HTTP/1.1 200 OK"
2026-08-18 05:01:28,757 - INFO - HTTP Request: POST http://localhost:8000/v1/chat/completions "HTTP/1.1 200 OK"

2026-08-18 05:01:33,342 - INFO - HTTP Request: POST http://localhost:8000/v1/chat/completions "HTTP/1.1 200 OK"

2026-08-18 05:01:38,563 - INFO - HTTP Request: POST http://localhost:8000/v1/chat/completions "HTTP/1.1 200 OK"

2026-08-18 05:01:46,826 - INFO - HTTP Request: POST http://localhost:8000/v1/chat/completions "HTTP/1.1 200 OK"
2026-08-18 05:01:53,022 - INFO - HTTP Request: POST http://localhost:8000/v1/chat/completions "HTTP/1.1 200 OK"
2026-08-18 05:01:57,261 - INFO - HTTP Request: POST http://localhost:8000/v1/chat/completions "HTTP/1.1 200 OK"
2026-08-18 05:01:59,448 - INFO - HTTP Request: POST http://localhost:8000/v1/chat/completions "HTTP/1.1 200 OK"
2026-08-18 05:02:00,430 - INFO - HTTP Request: POST http://localhost:8000/v1/chat/completions "HTTP/1.1 200 OK"

2026-08-18 05:02:07,635 - INFO - HTTP Request: POST http://localhost:8000/v1/chat/completions "HTTP/1.1 200 OK"

2026-08-18 05:02:09,170 - INFO - HTTP Request: POST http://localhost:8000/v1/chat/completions "HTTP/1.1 200 OK"

2026-08-18 05:02:14,832 - INFO - HTTP Request: POST http://localhost:8000/v1/chat/completions "HTTP/1.1 200 OK"

2026-08-18 05:02:19,829 - INFO - HTTP Request: POST http://localhost:8000/v1/chat/completions "HTTP/1.1 200 OK"
2026-08-18 05:02:27,446 - INFO - HTTP Request: POST http://localhost:8000/v1/chat/completions "HTTP/1.1 200 OK"
2026-08-18 05:02:32,338 - INFO - HTTP Request: POST http://localhost:8000/v1/chat/completions "HTTP/1.1 200 OK"

2026-08-18 05:02:33,864 - INFO - HTTP Request: POST http://localhost:8000/v1/chat/completions "HTTP/1.1 200 OK"
2026-08-18 05:02:39,248 - INFO - HTTP Request: POST http://localhost:8000/v1/chat/completions "HTTP/1.1 200 OK"

2026-08-18 05:02:44,686 - INFO - HTTP Request: POST http://localhost:8000/v1/chat/completions "HTTP/1.1 200 OK"
2026-08-18 05:02:46,747 - INFO - HTTP Request: POST http://localhost:8000/v1/chat/completions "HTTP/1.1 200 OK"

2026-08-18 05:02:59,586 - INFO - HTTP Request: POST http://localhost:8000/v1/chat/completions "HTTP/1.1 200 OK"

2026-08-18 05:03:01,759 - INFO - HTTP Request: POST http://localhost:8000/v1/chat/completions "HTTP/1.1 200 OK"
2026-08-18 05:03:06,867 - INFO - HTTP Request: POST http://localhost:8000/v1/chat/completions "HTTP/1.1 200 OK"
2026-08-18 05:03:08,987 - INFO - HTTP Request: POST http://localhost:8000/v1/chat/completions "HTTP/1.1 200 OK"
2026-08-18 05:03:16,504 - INFO - HTTP Request: POST http://localhost:8000/v1/chat/completions "HTTP/1.1 200 OK"

2026-08-18 05:03:18,032 - INFO - HTTP Request: POST http://localhost:8000/v1/chat/completions "HTTP/1.1 200 OK"

2026-08-18 05:03:20,644 - INFO - HTTP Request: POST http://localhost:8000/v1/chat/completions "HTTP/1.1 200 OK"
2026-08-18 05:03:24,285 - INFO - HTTP Request: POST http://localhost:8000/v1/chat/completions "HTTP/1.1 200 OK"

2026-08-18 05:03:36,471 - INFO - HTTP Request: POST http://localhost:8000/v1/chat/completions "HTTP/1.1 200 OK"

2026-08-18 05:03:36,906 - INFO - HTTP Request: POST http://localhost:8000/v1/chat/completions "HTTP/1.1 200 OK"
2026-08-18 05:03:44,682 - INFO - HTTP Request: POST http://localhost:8000/v1/chat/completions "HTTP/1.1 200 OK"
2026-08-18 05:03:47,836 - INFO - HTTP Request: POST http://localhost:8000/v1/chat/completions "HTTP/1.1 200 OK"
2026-08-18 05:03:51,047 - INFO - HTTP Request: POST http://localhost:8000/v1/chat/completions "HTTP/1.1 200 OK"

2026-08-18 05:03:58,022 - INFO - HTTP Request: POST http://localhost:8000/v1/chat/completions "HTTP/1.1 200 OK"

2026-08-18 05:04:01,506 - INFO - HTTP Request: POST http://localhost:8000/v1/chat/completions "HTTP/1.1 200 OK"

2026-08-18 05:04:06,723 - INFO - HTTP Request: POST http://localhost:8000/v1/chat/completions "HTTP/1.1 200 OK"
2026-08-18 05:04:17,932 - INFO - HTTP Request: POST http://localhost:8000/v1/chat/completions "HTTP/1.1 200 OK"

2026-08-18 05:04:20,549 - INFO - HTTP Request: POST http://localhost:8000/v1/chat/completions "HTTP/1.1 200 OK"
2026-08-18 05:04:22,228 - INFO - HTTP Request: POST http://localhost:8000/v1/chat/completions "HTTP/1.1 200 OK"
2026-08-18 05:04:28,272 - INFO - HTTP Request: POST http://localhost:8000/v1/chat/completions "HTTP/1.1 200 OK"
2026-08-18 05:04:32,521 - INFO - HTTP Request: POST http://localhost:8000/v1/chat/completions "HTTP/1.1 200 OK"

2026-08-18 05:04:36,018 - INFO - HTTP Request: POST http://localhost:8000/v1/chat/completions "HTTP/1.1 200 OK"

2026-08-18 05:04:40,155 - INFO - HTTP Request: POST http://localhost:8000/v1/chat/completions "HTTP/1.1 200 OK"

2026-08-18 05:04:50,378 - INFO - HTTP Request: POST http://localhost:8000/v1/chat/completions "HTTP/1.1 200 OK"
2026-08-18 05:05:02,874 - INFO - HTTP Request: POST http://localhost:8000/v1/chat/completions "HTTP/1.1 200 OK"

r5_cfg0:  42%|████▏     | 21/50 [34:48<1:02:05, 128.46s/it]2026-08-18 05:05:05,485 - INFO - HTTP Request: POST http://localhost:8000/v1/chat/completions "HTTP/1.1 200 OK"
2026-08-18 05:05:05,702 - INFO - HTTP Request: POST http://localhost:8000/v1/chat/completions "HTTP/1.1 200 OK"
2026-08-18 05:05:14,467 - INFO - HTTP Request: POST http://localhost:8000/v1/chat/completions "HTTP/1.1 200 OK"
2026-08-18 05:05:19,590 - INFO - HTTP Request: POST http://localhost:8000/v1/chat/completions "HTTP/1.1 200 OK"

2026-08-18 05:05:19,591 - INFO - HTTP Request: POST http://localhost:8000/v1/chat/completions "HTTP/1.1 200 OK"

r5_cfg0:  44%|████▍     | 22/50 [35:05<44:17, 94.92s/it]   2026-08-18 05:05:25,904 - INFO - HTTP Request: POST http://localhost:8000/v1/chat/completions "HTTP/1.1 200 OK"
2026-08-18 05:05:28,230 - INFO - HTTP Request: POST http://localhost:8000/v1/chat/completions "HTTP/1.1 200 OK"

r5_cfg0:  46%|████▌     | 23/50 [35:14<31:03, 69.03s/it]2026-08-18 05:05:38,666 - INFO - HTTP Request: POST http://localhost:8000/v1/chat/completions "HTTP/1.1 200 OK"

2026-08-18 05:05:41,710 - INFO - HTTP Request: POST http://localhost:8000/v1/chat/completions "HTTP/1.1 200 OK"
2026-08-18 05:05:50,516 - INFO - HTTP Request: POST http://localhost:8000/v1/chat/completions "HTTP/1.1 200 OK"
2026-08-18 05:05:51,765 - INFO - HTTP Request: POST http://localhost:8000/v1/chat/completions "HTTP/1.1 200 OK"
2026-08-18 05:05:53,967 - INFO - HTTP Request: POST http://localhost:8000/v1/chat/completions "HTTP/1.1 200 OK"

2026-08-18 05:06:03,558 - INFO - HTTP Request: POST http://localhost:8000/v1/chat/completions "HTTP/1.1 200 OK"

2026-08-18 05:06:05,302 - INFO - HTTP Request: POST http://localhost:8000/v1/chat/completions "HTTP/1.1 200 OK"

r5_cfg0:  48%|████▊     | 24/50 [35:51<25:45, 59.44s/it]2026-08-18 05:06:05,952 - INFO - HTTP Request: POST http://localhost:8000/v1/chat/completions "HTTP/1.1 200 OK"
2026-08-18 05:06:19,366 - INFO - HTTP Request: POST http://localhost:8000/v1/chat/completions "HTTP/1.1 200 OK"

2026-08-18 05:06:20,235 - INFO - HTTP Request: POST http://localhost:8000/v1/chat/completions "HTTP/1.1 200 OK"
2026-08-18 05:06:27,519 - INFO - HTTP Request: POST http://localhost:8000/v1/chat/completions "HTTP/1.1 200 OK"
2026-08-18 05:06:30,206 - INFO - HTTP Request: POST http://localhost:8000/v1/chat/completions "HTTP/1.1 200 OK"
2026-08-18 05:06:32,109 - INFO - HTTP Request: POST http://localhost:8000/v1/chat/completions "HTTP/1.1 200 OK"

2026-08-18 05:06:36,900 - INFO - HTTP Request: POST http://localhost:8000/v1/chat/completions "HTTP/1.1 200 OK"

2026-08-18 05:06:43,863 - INFO - HTTP Request: POST http://localhost:8000/v1/chat/completions "HTTP/1.1 200 OK"

2026-08-18 05:06:44,516 - INFO - HTTP Request: POST http://localhost:8000/v1/chat/completions "HTTP/1.1 200 OK"
2026-08-18 05:06:56,619 - INFO - HTTP Request: POST http://localhost:8000/v1/chat/completions "HTTP/1.1 200 OK"
2026-08-18 05:07:01,513 - INFO - HTTP Request: POST http://localhost:8000/v1/chat/completions "HTTP/1.1 200 OK"

2026-08-18 05:07:03,480 - INFO - HTTP Request: POST http://localhost:8000/v1/chat/completions "HTTP/1.1 200 OK"
2026-08-18 05:07:07,042 - INFO - HTTP Request: POST http://localhost:8000/v1/chat/completions "HTTP/1.1 200 OK"

2026-08-18 05:07:08,790 - INFO - HTTP Request: POST http://localhost:8000/v1/chat/completions "HTTP/1.1 200 OK"
2026-08-18 05:07:14,608 - INFO - HTTP Request: POST http://localhost:8000/v1/chat/completions "HTTP/1.1 200 OK"

2026-08-18 05:07:25,920 - INFO - HTTP Request: POST http://localhost:8000/v1/chat/completions "HTTP/1.1 200 OK"
2026-08-18 05:07:29,335 - INFO - HTTP Request: POST http://localhost:8000/v1/chat/completions "HTTP/1.1 200 OK"

2026-08-18 05:07:31,735 - INFO - HTTP Request: POST http://localhost:8000/v1/chat/completions "HTTP/1.1 200 OK"
2026-08-18 05:07:37,778 - INFO - HTTP Request: POST http://localhost:8000/v1/chat/completions "HTTP/1.1 200 OK"

2026-08-18 05:07:39,528 - INFO - HTTP Request: POST http://localhost:8000/v1/chat/completions "HTTP/1.1 200 OK"
2026-08-18 05:07:44,393 - INFO - HTTP Request: POST http://localhost:8000/v1/chat/completions "HTTP/1.1 200 OK"

2026-08-18 05:07:50,268 - INFO - HTTP Request: POST http://localhost:8000/v1/chat/completions "HTTP/1.1 200 OK"

2026-08-18 05:07:53,967 - INFO - HTTP Request: POST http://localhost:8000/v1/chat/completions "HTTP/1.1 200 OK"
2026-08-18 05:07:58,043 - INFO - HTTP Request: POST http://localhost:8000/v1/chat/completions "HTTP/1.1 200 OK"
2026-08-18 05:08:04,719 - INFO - HTTP Request: POST http://localhost:8000/v1/chat/completions "HTTP/1.1 200 OK"
2026-08-18 05:08:07,437 - INFO - HTTP Request: POST http://localhost:8000/v1/chat/completions "HTTP/1.1 200 OK"

2026-08-18 05:08:10,929 - INFO - HTTP Request: POST http://localhost:8000/v1/chat/completions "HTTP/1.1 200 OK"

2026-08-18 05:08:15,064 - INFO - HTTP Request: POST http://localhost:8000/v1/chat/completions "HTTP/1.1 200 OK"
2026-08-18 05:08:16,010 - INFO - HTTP Request: POST http://localhost:8000/v1/chat/completions "HTTP/1.1 200 OK"

2026-08-18 05:08:26,878 - INFO - HTTP Request: POST http://localhost:8000/v1/chat/completions "HTTP/1.1 200 OK"

2026-08-18 05:08:27,312 - INFO - HTTP Request: POST http://localhost:8000/v1/chat/completions "HTTP/1.1 200 OK"
2026-08-18 05:08:40,100 - INFO - HTTP Request: POST http://localhost:8000/v1/chat/completions "HTTP/1.1 200 OK"
2026-08-18 05:08:41,771 - INFO - HTTP Request: POST http://localhost:8000/v1/chat/completions "HTTP/1.1 200 OK"

2026-08-18 05:08:45,253 - INFO - HTTP Request: POST http://localhost:8000/v1/chat/completions "HTTP/1.1 200 OK"
2026-08-18 05:08:47,530 - INFO - HTTP Request: POST http://localhost:8000/v1/chat/completions "HTTP/1.1 200 OK"
2026-08-18 05:08:53,268 - INFO - HTTP Request: POST http://localhost:8000/v1/chat/completions "HTTP/1.1 200 OK"

2026-08-18 05:08:56,536 - INFO - HTTP Request: POST http://localhost:8000/v1/chat/completions "HTTP/1.1 200 OK"

2026-08-18 05:08:58,714 - INFO - HTTP Request: POST http://localhost:8000/v1/chat/completions "HTTP/1.1 200 OK"

2026-08-18 05:09:10,880 - INFO - HTTP Request: POST http://localhost:8000/v1/chat/completions "HTTP/1.1 200 OK"
2026-08-18 05:09:13,651 - INFO - HTTP Request: POST http://localhost:8000/v1/chat/completions "HTTP/1.1 200 OK"
2026-08-18 05:09:19,240 - INFO - HTTP Request: POST http://localhost:8000/v1/chat/completions "HTTP/1.1 200 OK"
2026-08-18 05:09:24,362 - INFO - HTTP Request: POST http://localhost:8000/v1/chat/completions "HTTP/1.1 200 OK"

2026-08-18 05:09:26,107 - INFO - HTTP Request: POST http://localhost:8000/v1/chat/completions "HTTP/1.1 200 OK"
2026-08-18 05:09:27,270 - INFO - HTTP Request: POST http://localhost:8000/v1/chat/completions "HTTP/1.1 200 OK"

2026-08-18 05:09:28,361 - INFO - HTTP Request: POST http://localhost:8000/v1/chat/completions "HTTP/1.1 200 OK"

2026-08-18 05:09:35,972 - INFO - HTTP Request: POST http://localhost:8000/v1/chat/completions "HTTP/1.1 200 OK"

2026-08-18 05:09:44,449 - INFO - HTTP Request: POST http://localhost:8000/v1/chat/completions "HTTP/1.1 200 OK"
2026-08-18 05:09:56,364 - INFO - HTTP Request: POST http://localhost:8000/v1/chat/completions "HTTP/1.1 200 OK"
2026-08-18 05:09:56,800 - INFO - HTTP Request: POST http://localhost:8000/v1/chat/completions "HTTP/1.1 200 OK"
2026-08-18 05:09:58,109 - INFO - HTTP Request: POST http://localhost:8000/v1/chat/completions "HTTP/1.1 200 OK"
2026-08-18 05:09:59,744 - INFO - HTTP Request: POST http://localhost:8000/v1/chat/completions "HTTP/1.1 200 OK"

2026-08-18 05:10:08,680 - INFO - HTTP Request: POST http://localhost:8000/v1/chat/completions "HTTP/1.1 200 OK"

2026-08-18 05:10:11,949 - INFO - HTTP Request: POST http://localhost:8000/v1/chat/completions "HTTP/1.1 200 OK"

2026-08-18 05:10:13,264 - INFO - HTTP Request: POST http://localhost:8000/v1/chat/completions "HTTP/1.1 200 OK"

2026-08-18 05:10:28,921 - INFO - HTTP Request: POST http://localhost:8000/v1/chat/completions "HTTP/1.1 200 OK"
2026-08-18 05:10:38,225 - INFO - HTTP Request: POST http://localhost:8000/v1/chat/completions "HTTP/1.1 200 OK"
2026-08-18 05:10:42,660 - INFO - HTTP Request: POST http://localhost:8000/v1/chat/completions "HTTP/1.1 200 OK"

2026-08-18 05:10:45,062 - INFO - HTTP Request: POST http://localhost:8000/v1/chat/completions "HTTP/1.1 200 OK"
2026-08-18 05:10:47,126 - INFO - HTTP Request: POST http://localhost:8000/v1/chat/completions "HTTP/1.1 200 OK"
2026-08-18 05:10:47,561 - INFO - HTTP Request: POST http://localhost:8000/v1/chat/completions "HTTP/1.1 200 OK"

2026-08-18 05:10:55,774 - INFO - HTTP Request: POST http://localhost:8000/v1/chat/completions "HTTP/1.1 200 OK"

r5_cfg0:  50%|█████     | 25/50 [40:41<53:38, 128.76s/it]2026-08-18 05:11:01,212 - INFO - HTTP Request: POST http://localhost:8000/v1/chat/completions "HTTP/1.1 200 OK"

r5_cfg0:  52%|█████▏    | 26/50 [40:47<36:42, 91.76s/it] 2026-08-18 05:11:15,774 - INFO - HTTP Request: POST http://localhost:8000/v1/chat/completions "HTTP/1.1 200 OK"
2026-08-18 05:11:17,894 - INFO - HTTP Request: POST http://localhost:8000/v1/chat/completions "HTTP/1.1 200 OK"
2026-08-18 05:11:21,539 - INFO - HTTP Request: POST http://localhost:8000/v1/chat/completions "HTTP/1.1 200 OK"
2026-08-18 05:11:24,015 - INFO - HTTP Request: POST http://localhost:8000/v1/chat/completions "HTTP/1.1 200 OK"
2026-08-18 05:11:29,786 - INFO - HTTP Request: POST http://localhost:8000/v1/chat/completions "HTTP/1.1 200 OK"

r5_cfg0:  54%|█████▍    | 27/50 [41:15<27:54, 72.80s/it]2026-08-18 05:11:32,624 - INFO - HTTP Request: POST http://localhost:8000/v1/chat/completions "HTTP/1.1 200 OK"

2026-08-18 05:11:32,626 - INFO - HTTP Request: POST http://localhost:8000/v1/chat/completions "HTTP/1.1 200 OK"

r5_cfg0:  56%|█████▌    | 28/50 [41:18<18:59, 51.81s/it]2026-08-18 05:11:38,062 - INFO - HTTP Request: POST http://localhost:8000/v1/chat/completions "HTTP/1.1 200 OK"

2026-08-18 05:11:51,747 - INFO - HTTP Request: POST http://localhost:8000/v1/chat/completions "HTTP/1.1 200 OK"
2026-08-18 05:11:54,807 - INFO - HTTP Request: POST http://localhost:8000/v1/chat/completions "HTTP/1.1 200 OK"
2026-08-18 05:11:59,488 - INFO - HTTP Request: POST http://localhost:8000/v1/chat/completions "HTTP/1.1 200 OK"
2026-08-18 05:12:04,873 - INFO - HTTP Request: POST http://localhost:8000/v1/chat/completions "HTTP/1.1 200 OK"

2026-08-18 05:12:05,092 - INFO - HTTP Request: POST http://localhost:8000/v1/chat/completions "HTTP/1.1 200 OK"
2026-08-18 05:12:07,160 - INFO - HTTP Request: POST http://localhost:8000/v1/chat/completions "HTTP/1.1 200 OK"

2026-08-18 05:12:12,825 - INFO - HTTP Request: POST http://localhost:8000/v1/chat/completions "HTTP/1.1 200 OK"

2026-08-18 05:12:16,526 - INFO - HTTP Request: POST http://localhost:8000/v1/chat/completions "HTTP/1.1 200 OK"

2026-08-18 05:12:31,297 - INFO - HTTP Request: POST http://localhost:8000/v1/chat/completions "HTTP/1.1 200 OK"
2026-08-18 05:12:33,555 - INFO - HTTP Request: POST http://localhost:8000/v1/chat/completions "HTTP/1.1 200 OK"
2026-08-18 05:12:37,852 - INFO - HTTP Request: POST http://localhost:8000/v1/chat/completions "HTTP/1.1 200 OK"
2026-08-18 05:12:41,937 - INFO - HTTP Request: POST http://localhost:8000/v1/chat/completions "HTTP/1.1 200 OK"
2026-08-18 05:12:44,876 - INFO - HTTP Request: POST http://localhost:8000/v1/chat/completions "HTTP/1.1 200 OK"

2026-08-18 05:12:48,150 - INFO - HTTP Request: POST http://localhost:8000/v1/chat/completions "HTTP/1.1 200 OK"

2026-08-18 05:12:53,162 - INFO - HTTP Request: POST http://localhost:8000/v1/chat/completions "HTTP/1.1 200 OK"

2026-08-18 05:12:55,347 - INFO - HTTP Request: POST http://localhost:8000/v1/chat/completions "HTTP/1.1 200 OK"

2026-08-18 05:13:09,254 - INFO - HTTP Request: POST http://localhost:8000/v1/chat/completions "HTTP/1.1 200 OK"
2026-08-18 05:13:12,749 - INFO - HTTP Request: POST http://localhost:8000/v1/chat/completions "HTTP/1.1 200 OK"
2026-08-18 05:13:17,864 - INFO - HTTP Request: POST http://localhost:8000/v1/chat/completions "HTTP/1.1 200 OK"
2026-08-18 05:13:20,363 - INFO - HTTP Request: POST http://localhost:8000/v1/chat/completions "HTTP/1.1 200 OK"
2026-08-18 05:13:24,614 - INFO - HTTP Request: POST http://localhost:8000/v1/chat/completions "HTTP/1.1 200 OK"

2026-08-18 05:13:29,858 - INFO - HTTP Request: POST http://localhost:8000/v1/chat/completions "HTTP/1.1 200 OK"

2026-08-18 05:13:30,957 - INFO - HTTP Request: POST http://localhost:8000/v1/chat/completions "HTTP/1.1 200 OK"

2026-08-18 05:13:32,489 - INFO - HTTP Request: POST http://localhost:8000/v1/chat/completions "HTTP/1.1 200 OK"

2026-08-18 05:13:48,563 - INFO - HTTP Request: POST http://localhost:8000/v1/chat/completions "HTTP/1.1 200 OK"
2026-08-18 05:13:50,533 - INFO - HTTP Request: POST http://localhost:8000/v1/chat/completions "HTTP/1.1 200 OK"
2026-08-18 05:13:52,815 - INFO - HTTP Request: POST http://localhost:8000/v1/chat/completions "HTTP/1.1 200 OK"
2026-08-18 05:13:54,938 - INFO - HTTP Request: POST http://localhost:8000/v1/chat/completions "HTTP/1.1 200 OK"
2026-08-18 05:14:02,030 - INFO - HTTP Request: POST http://localhost:8000/v1/chat/completions "HTTP/1.1 200 OK"

2026-08-18 05:14:02,031 - INFO - HTTP Request: POST http://localhost:8000/v1/chat/completions "HTTP/1.1 200 OK"

2026-08-18 05:14:08,136 - INFO - HTTP Request: POST http://localhost:8000/v1/chat/completions "HTTP/1.1 200 OK"

2026-08-18 05:14:08,354 - INFO - HTTP Request: POST http://localhost:8000/v1/chat/completions "HTTP/1.1 200 OK"

2026-08-18 05:14:21,828 - INFO - HTTP Request: POST http://localhost:8000/v1/chat/completions "HTTP/1.1 200 OK"
2026-08-18 05:14:27,719 - INFO - HTTP Request: POST http://localhost:8000/v1/chat/completions "HTTP/1.1 200 OK"
2026-08-18 05:14:31,360 - INFO - HTTP Request: POST http://localhost:8000/v1/chat/completions "HTTP/1.1 200 OK"
2026-08-18 05:14:33,637 - INFO - HTTP Request: POST http://localhost:8000/v1/chat/completions "HTTP/1.1 200 OK"

2026-08-18 05:14:37,780 - INFO - HTTP Request: POST http://localhost:8000/v1/chat/completions "HTTP/1.1 200 OK"

2026-08-18 05:14:37,998 - INFO - HTTP Request: POST http://localhost:8000/v1/chat/completions "HTTP/1.1 200 OK"
2026-08-18 05:14:47,248 - INFO - HTTP Request: POST http://localhost:8000/v1/chat/completions "HTTP/1.1 200 OK"

2026-08-18 05:14:52,037 - INFO - HTTP Request: POST http://localhost:8000/v1/chat/completions "HTTP/1.1 200 OK"

2026-08-18 05:15:02,685 - INFO - HTTP Request: POST http://localhost:8000/v1/chat/completions "HTTP/1.1 200 OK"
2026-08-18 05:15:07,048 - INFO - HTTP Request: POST http://localhost:8000/v1/chat/completions "HTTP/1.1 200 OK"
2026-08-18 05:15:07,786 - INFO - HTTP Request: POST http://localhost:8000/v1/chat/completions "HTTP/1.1 200 OK"
2026-08-18 05:15:12,919 - INFO - HTTP Request: POST http://localhost:8000/v1/chat/completions "HTTP/1.1 200 OK"
2026-08-18 05:15:17,227 - INFO - HTTP Request: POST http://localhost:8000/v1/chat/completions "HTTP/1.1 200 OK"

2026-08-18 05:15:21,157 - INFO - HTTP Request: POST http://localhost:8000/v1/chat/completions "HTTP/1.1 200 OK"

2026-08-18 05:15:21,815 - INFO - HTTP Request: POST http://localhost:8000/v1/chat/completions "HTTP/1.1 200 OK"

2026-08-18 05:15:27,041 - INFO - HTTP Request: POST http://localhost:8000/v1/chat/completions "HTTP/1.1 200 OK"

2026-08-18 05:15:37,254 - INFO - HTTP Request: POST http://localhost:8000/v1/chat/completions "HTTP/1.1 200 OK"
2026-08-18 05:15:42,055 - INFO - HTTP Request: POST http://localhost:8000/v1/chat/completions "HTTP/1.1 200 OK"
2026-08-18 05:15:49,616 - INFO - HTTP Request: POST http://localhost:8000/v1/chat/completions "HTTP/1.1 200 OK"

2026-08-18 05:15:50,925 - INFO - HTTP Request: POST http://localhost:8000/v1/chat/completions "HTTP/1.1 200 OK"
2026-08-18 05:15:56,255 - INFO - HTTP Request: POST http://localhost:8000/v1/chat/completions "HTTP/1.1 200 OK"

2026-08-18 05:15:57,129 - INFO - HTTP Request: POST http://localhost:8000/v1/chat/completions "HTTP/1.1 200 OK"
2026-08-18 05:16:01,426 - INFO - HTTP Request: POST http://localhost:8000/v1/chat/completions "HTTP/1.1 200 OK"

2026-08-18 05:16:11,228 - INFO - HTTP Request: POST http://localhost:8000/v1/chat/completions "HTTP/1.1 200 OK"

2026-08-18 05:16:19,496 - INFO - HTTP Request: POST http://localhost:8000/v1/chat/completions "HTTP/1.1 200 OK"
2026-08-18 05:16:26,041 - INFO - HTTP Request: POST http://localhost:8000/v1/chat/completions "HTTP/1.1 200 OK"
2026-08-18 05:16:34,648 - INFO - HTTP Request: POST http://localhost:8000/v1/chat/completions "HTTP/1.1 200 OK"

2026-08-18 05:16:35,084 - INFO - HTTP Request: POST http://localhost:8000/v1/chat/completions "HTTP/1.1 200 OK"
2026-08-18 05:16:39,773 - INFO - HTTP Request: POST http://localhost:8000/v1/chat/completions "HTTP/1.1 200 OK"

2026-08-18 05:16:44,568 - INFO - HTTP Request: POST http://localhost:8000/v1/chat/completions "HTTP/1.1 200 OK"
2026-08-18 05:16:47,776 - INFO - HTTP Request: POST http://localhost:8000/v1/chat/completions "HTTP/1.1 200 OK"

r5_cfg0:  58%|█████▊    | 29/50 [46:33<45:47, 130.82s/it]2026-08-18 05:16:55,393 - INFO - HTTP Request: POST http://localhost:8000/v1/chat/completions "HTTP/1.1 200 OK"

r5_cfg0:  60%|██████    | 30/50 [46:41<31:17, 93.86s/it] 2026-08-18 05:17:07,781 - INFO - HTTP Request: POST http://localhost:8000/v1/chat/completions "HTTP/1.1 200 OK"
2026-08-18 05:17:09,753 - INFO - HTTP Request: POST http://localhost:8000/v1/chat/completions "HTTP/1.1 200 OK"
2026-08-18 05:17:11,816 - INFO - HTTP Request: POST http://localhost:8000/v1/chat/completions "HTTP/1.1 200 OK"
2026-08-18 05:17:18,301 - INFO - HTTP Request: POST http://localhost:8000/v1/chat/completions "HTTP/1.1 200 OK"
2026-08-18 05:17:22,556 - INFO - HTTP Request: POST http://localhost:8000/v1/chat/completions "HTTP/1.1 200 OK"

r5_cfg0:  62%|██████▏   | 31/50 [47:08<23:23, 73.85s/it]2026-08-18 05:17:22,992 - INFO - HTTP Request: POST http://localhost:8000/v1/chat/completions "HTTP/1.1 200 OK"

r5_cfg0:  64%|██████▍   | 32/50 [47:09<15:32, 51.82s/it]2026-08-18 05:17:23,644 - INFO - HTTP Request: POST http://localhost:8000/v1/chat/completions "HTTP/1.1 200 OK"

2026-08-18 05:17:29,957 - INFO - HTTP Request: POST http://localhost:8000/v1/chat/completions "HTTP/1.1 200 OK"

2026-08-18 05:17:44,728 - INFO - HTTP Request: POST http://localhost:8000/v1/chat/completions "HTTP/1.1 200 OK"
2026-08-18 05:17:44,946 - INFO - HTTP Request: POST http://localhost:8000/v1/chat/completions "HTTP/1.1 200 OK"
2026-08-18 05:17:50,370 - INFO - HTTP Request: POST http://localhost:8000/v1/chat/completions "HTTP/1.1 200 OK"
2026-08-18 05:17:56,361 - INFO - HTTP Request: POST http://localhost:8000/v1/chat/completions "HTTP/1.1 200 OK"

2026-08-18 05:17:57,020 - INFO - HTTP Request: POST http://localhost:8000/v1/chat/completions "HTTP/1.1 200 OK"

2026-08-18 05:17:57,021 - INFO - HTTP Request: POST http://localhost:8000/v1/chat/completions "HTTP/1.1 200 OK"
2026-08-18 05:18:05,670 - INFO - HTTP Request: POST http://localhost:8000/v1/chat/completions "HTTP/1.1 200 OK"

2026-08-18 05:18:08,501 - INFO - HTTP Request: POST http://localhost:8000/v1/chat/completions "HTTP/1.1 200 OK"

2026-08-18 05:18:22,838 - INFO - HTTP Request: POST http://localhost:8000/v1/chat/completions "HTTP/1.1 200 OK"
2026-08-18 05:18:23,813 - INFO - HTTP Request: POST http://localhost:8000/v1/chat/completions "HTTP/1.1 200 OK"
2026-08-18 05:18:30,666 - INFO - HTTP Request: POST http://localhost:8000/v1/chat/completions "HTTP/1.1 200 OK"
2026-08-18 05:18:33,823 - INFO - HTTP Request: POST http://localhost:8000/v1/chat/completions "HTTP/1.1 200 OK"
2026-08-18 05:18:36,384 - INFO - HTTP Request: POST http://localhost:8000/v1/chat/completions "HTTP/1.1 200 OK"

2026-08-18 05:18:38,786 - INFO - HTTP Request: POST http://localhost:8000/v1/chat/completions "HTTP/1.1 200 OK"

2026-08-18 05:18:45,105 - INFO - HTTP Request: POST http://localhost:8000/v1/chat/completions "HTTP/1.1 200 OK"

2026-08-18 05:18:46,637 - INFO - HTTP Request: POST http://localhost:8000/v1/chat/completions "HTTP/1.1 200 OK"

2026-08-18 05:19:00,761 - INFO - HTTP Request: POST http://localhost:8000/v1/chat/completions "HTTP/1.1 200 OK"
2026-08-18 05:19:03,476 - INFO - HTTP Request: POST http://localhost:8000/v1/chat/completions "HTTP/1.1 200 OK"
2026-08-18 05:19:09,893 - INFO - HTTP Request: POST http://localhost:8000/v1/chat/completions "HTTP/1.1 200 OK"
2026-08-18 05:19:11,523 - INFO - HTTP Request: POST http://localhost:8000/v1/chat/completions "HTTP/1.1 200 OK"

2026-08-18 05:19:11,742 - INFO - HTTP Request: POST http://localhost:8000/v1/chat/completions "HTTP/1.1 200 OK"
2026-08-18 05:19:19,259 - INFO - HTTP Request: POST http://localhost:8000/v1/chat/completions "HTTP/1.1 200 OK"

2026-08-18 05:19:22,536 - INFO - HTTP Request: POST http://localhost:8000/v1/chat/completions "HTTP/1.1 200 OK"

2026-08-18 05:19:24,285 - INFO - HTTP Request: POST http://localhost:8000/v1/chat/completions "HTTP/1.1 200 OK"

2026-08-18 05:19:36,016 - INFO - HTTP Request: POST http://localhost:8000/v1/chat/completions "HTTP/1.1 200 OK"
2026-08-18 05:19:42,207 - INFO - HTTP Request: POST http://localhost:8000/v1/chat/completions "HTTP/1.1 200 OK"
2026-08-18 05:19:44,108 - INFO - HTTP Request: POST http://localhost:8000/v1/chat/completions "HTTP/1.1 200 OK"
2026-08-18 05:19:45,080 - INFO - HTTP Request: POST http://localhost:8000/v1/chat/completions "HTTP/1.1 200 OK"
2026-08-18 05:19:50,203 - INFO - HTTP Request: POST http://localhost:8000/v1/chat/completions "HTTP/1.1 200 OK"

2026-08-18 05:19:53,702 - INFO - HTTP Request: POST http://localhost:8000/v1/chat/completions "HTTP/1.1 200 OK"

2026-08-18 05:19:56,102 - INFO - HTTP Request: POST http://localhost:8000/v1/chat/completions "HTTP/1.1 200 OK"

2026-08-18 05:19:57,845 - INFO - HTTP Request: POST http://localhost:8000/v1/chat/completions "HTTP/1.1 200 OK"

2026-08-18 05:20:10,016 - INFO - HTTP Request: POST http://localhost:8000/v1/chat/completions "HTTP/1.1 200 OK"
2026-08-18 05:20:17,952 - INFO - HTTP Request: POST http://localhost:8000/v1/chat/completions "HTTP/1.1 200 OK"
2026-08-18 05:20:20,015 - INFO - HTTP Request: POST http://localhost:8000/v1/chat/completions "HTTP/1.1 200 OK"

2026-08-18 05:20:23,063 - INFO - HTTP Request: POST http://localhost:8000/v1/chat/completions "HTTP/1.1 200 OK"
2026-08-18 05:20:25,781 - INFO - HTTP Request: POST http://localhost:8000/v1/chat/completions "HTTP/1.1 200 OK"
2026-08-18 05:20:33,078 - INFO - HTTP Request: POST http://localhost:8000/v1/chat/completions "HTTP/1.1 200 OK"

2026-08-18 05:20:37,002 - INFO - HTTP Request: POST http://localhost:8000/v1/chat/completions "HTTP/1.1 200 OK"

2026-08-18 05:20:40,266 - INFO - HTTP Request: POST http://localhost:8000/v1/chat/completions "HTTP/1.1 200 OK"

2026-08-18 05:20:49,396 - INFO - HTTP Request: POST http://localhost:8000/v1/chat/completions "HTTP/1.1 200 OK"
2026-08-18 05:20:57,324 - INFO - HTTP Request: POST http://localhost:8000/v1/chat/completions "HTTP/1.1 200 OK"
2026-08-18 05:21:00,970 - INFO - HTTP Request: POST http://localhost:8000/v1/chat/completions "HTTP/1.1 200 OK"
2026-08-18 05:21:02,819 - INFO - HTTP Request: POST http://localhost:8000/v1/chat/completions "HTTP/1.1 200 OK"
2026-08-18 05:21:03,038 - INFO - HTTP Request: POST http://localhost:8000/v1/chat/completions "HTTP/1.1 200 OK"

2026-08-18 05:21:10,554 - INFO - HTTP Request: POST http://localhost:8000/v1/chat/completions "HTTP/1.1 200 OK"

2026-08-18 05:21:15,352 - INFO - HTTP Request: POST http://localhost:8000/v1/chat/completions "HTTP/1.1 200 OK"

2026-08-18 05:21:15,570 - INFO - HTTP Request: POST http://localhost:8000/v1/chat/completions "HTTP/1.1 200 OK"

2026-08-18 05:21:23,397 - INFO - HTTP Request: POST http://localhost:8000/v1/chat/completions "HTTP/1.1 200 OK"
2026-08-18 05:21:34,385 - INFO - HTTP Request: POST http://localhost:8000/v1/chat/completions "HTTP/1.1 200 OK"

2026-08-18 05:21:35,908 - INFO - HTTP Request: POST http://localhost:8000/v1/chat/completions "HTTP/1.1 200 OK"
2026-08-18 05:21:40,365 - INFO - HTTP Request: POST http://localhost:8000/v1/chat/completions "HTTP/1.1 200 OK"
2026-08-18 05:21:45,533 - INFO - HTTP Request: POST http://localhost:8000/v1/chat/completions "HTTP/1.1 200 OK"
2026-08-18 05:21:49,348 - INFO - HTTP Request: POST http://localhost:8000/v1/chat/completions "HTTP/1.1 200 OK"

2026-08-18 05:21:54,145 - INFO - HTTP Request: POST http://localhost:8000/v1/chat/completions "HTTP/1.1 200 OK"

2026-08-18 05:22:01,337 - INFO - HTTP Request: POST http://localhost:8000/v1/chat/completions "HTTP/1.1 200 OK"

2026-08-18 05:22:04,606 - INFO - HTTP Request: POST http://localhost:8000/v1/chat/completions "HTTP/1.1 200 OK"
2026-08-18 05:22:18,639 - INFO - HTTP Request: POST http://localhost:8000/v1/chat/completions "HTTP/1.1 200 OK"

2026-08-18 05:22:18,857 - INFO - HTTP Request: POST http://localhost:8000/v1/chat/completions "HTTP/1.1 200 OK"
2026-08-18 05:22:26,145 - INFO - HTTP Request: POST http://localhost:8000/v1/chat/completions "HTTP/1.1 200 OK"
2026-08-18 05:22:34,006 - INFO - HTTP Request: POST http://localhost:8000/v1/chat/completions "HTTP/1.1 200 OK"

2026-08-18 05:22:35,105 - INFO - HTTP Request: POST http://localhost:8000/v1/chat/completions "HTTP/1.1 200 OK"
2026-08-18 05:22:44,794 - INFO - HTTP Request: POST http://localhost:8000/v1/chat/completions "HTTP/1.1 200 OK"

r5_cfg0:  66%|██████▌   | 33/50 [52:30<37:37, 132.82s/it]2026-08-18 05:22:50,237 - INFO - HTTP Request: POST http://localhost:8000/v1/chat/completions "HTTP/1.1 200 OK"

r5_cfg0:  68%|██████▊   | 34/50 [52:36<25:13, 94.61s/it] 2026-08-18 05:22:52,412 - INFO - HTTP Request: POST http://localhost:8000/v1/chat/completions "HTTP/1.1 200 OK"
2026-08-18 05:23:06,877 - INFO - HTTP Request: POST http://localhost:8000/v1/chat/completions "HTTP/1.1 200 OK"
2026-08-18 05:23:07,095 - INFO - HTTP Request: POST http://localhost:8000/v1/chat/completions "HTTP/1.1 200 OK"
2026-08-18 05:23:09,260 - INFO - HTTP Request: POST http://localhost:8000/v1/chat/completions "HTTP/1.1 200 OK"

r5_cfg0:  70%|███████   | 35/50 [52:55<17:58, 71.93s/it]2026-08-18 05:23:13,185 - INFO - HTTP Request: POST http://localhost:8000/v1/chat/completions "HTTP/1.1 200 OK"
2026-08-18 05:23:18,796 - INFO - HTTP Request: POST http://localhost:8000/v1/chat/completions "HTTP/1.1 200 OK"

2026-08-18 05:23:22,940 - INFO - HTTP Request: POST http://localhost:8000/v1/chat/completions "HTTP/1.1 200 OK"

r5_cfg0:  72%|███████▏  | 36/50 [53:09<12:42, 54.46s/it]2026-08-18 05:23:25,553 - INFO - HTTP Request: POST http://localhost:8000/v1/chat/completions "HTTP/1.1 200 OK"

2026-08-18 05:23:31,416 - INFO - HTTP Request: POST http://localhost:8000/v1/chat/completions "HTTP/1.1 200 OK"
2026-08-18 05:23:40,870 - INFO - HTTP Request: POST http://localhost:8000/v1/chat/completions "HTTP/1.1 200 OK"

2026-08-18 05:23:45,219 - INFO - HTTP Request: POST http://localhost:8000/v1/chat/completions "HTTP/1.1 200 OK"
2026-08-18 05:23:45,220 - INFO - HTTP Request: POST http://localhost:8000/v1/chat/completions "HTTP/1.1 200 OK"
2026-08-18 05:23:52,651 - INFO - HTTP Request: POST http://localhost:8000/v1/chat/completions "HTTP/1.1 200 OK"
2026-08-18 05:23:54,776 - INFO - HTTP Request: POST http://localhost:8000/v1/chat/completions "HTTP/1.1 200 OK"

2026-08-18 05:24:01,967 - INFO - HTTP Request: POST http://localhost:8000/v1/chat/completions "HTTP/1.1 200 OK"

2026-08-18 05:24:05,671 - INFO - HTTP Request: POST http://localhost:8000/v1/chat/completions "HTTP/1.1 200 OK"

2026-08-18 05:24:08,061 - INFO - HTTP Request: POST http://localhost:8000/v1/chat/completions "HTTP/1.1 200 OK"
2026-08-18 05:24:21,003 - INFO - HTTP Request: POST http://localhost:8000/v1/chat/completions "HTTP/1.1 200 OK"

2026-08-18 05:24:21,221 - INFO - HTTP Request: POST http://localhost:8000/v1/chat/completions "HTTP/1.1 200 OK"
2026-08-18 05:24:26,980 - INFO - HTTP Request: POST http://localhost:8000/v1/chat/completions "HTTP/1.1 200 OK"
2026-08-18 05:24:31,002 - INFO - HTTP Request: POST http://localhost:8000/v1/chat/completions "HTTP/1.1 200 OK"
2026-08-18 05:24:35,307 - INFO - HTTP Request: POST http://localhost:8000/v1/chat/completions "HTTP/1.1 200 OK"

2026-08-18 05:24:38,796 - INFO - HTTP Request: POST http://localhost:8000/v1/chat/completions "HTTP/1.1 200 OK"

2026-08-18 05:24:45,115 - INFO - HTTP Request: POST http://localhost:8000/v1/chat/completions "HTTP/1.1 200 OK"

2026-08-18 05:24:46,427 - INFO - HTTP Request: POST http://localhost:8000/v1/chat/completions "HTTP/1.1 200 OK"
2026-08-18 05:24:59,145 - INFO - HTTP Request: POST http://localhost:8000/v1/chat/completions "HTTP/1.1 200 OK"

2026-08-18 05:25:00,023 - INFO - HTTP Request: POST http://localhost:8000/v1/chat/completions "HTTP/1.1 200 OK"
2026-08-18 05:25:03,387 - INFO - HTTP Request: POST http://localhost:8000/v1/chat/completions "HTTP/1.1 200 OK"
2026-08-18 05:25:09,583 - INFO - HTTP Request: POST http://localhost:8000/v1/chat/completions "HTTP/1.1 200 OK"
2026-08-18 05:25:12,431 - INFO - HTTP Request: POST http://localhost:8000/v1/chat/completions "HTTP/1.1 200 OK"

2026-08-18 05:25:16,363 - INFO - HTTP Request: POST http://localhost:8000/v1/chat/completions "HTTP/1.1 200 OK"

2026-08-18 05:25:22,245 - INFO - HTTP Request: POST http://localhost:8000/v1/chat/completions "HTTP/1.1 200 OK"

2026-08-18 05:25:24,424 - INFO - HTTP Request: POST http://localhost:8000/v1/chat/completions "HTTP/1.1 200 OK"
2026-08-18 05:25:36,490 - INFO - HTTP Request: POST http://localhost:8000/v1/chat/completions "HTTP/1.1 200 OK"
2026-08-18 05:25:36,491 - INFO - HTTP Request: POST http://localhost:8000/v1/chat/completions "HTTP/1.1 200 OK"

2026-08-18 05:25:37,225 - INFO - HTTP Request: POST http://localhost:8000/v1/chat/completions "HTTP/1.1 200 OK"
2026-08-18 05:25:42,633 - INFO - HTTP Request: POST http://localhost:8000/v1/chat/completions "HTTP/1.1 200 OK"
2026-08-18 05:25:47,810 - INFO - HTTP Request: POST http://localhost:8000/v1/chat/completions "HTTP/1.1 200 OK"

2026-08-18 05:25:50,210 - INFO - HTTP Request: POST http://localhost:8000/v1/chat/completions "HTTP/1.1 200 OK"

2026-08-18 05:25:57,399 - INFO - HTTP Request: POST http://localhost:8000/v1/chat/completions "HTTP/1.1 200 OK"
2026-08-18 05:25:58,135 - INFO - HTTP Request: POST http://localhost:8000/v1/chat/completions "HTTP/1.1 200 OK"

2026-08-18 05:26:07,508 - INFO - HTTP Request: POST http://localhost:8000/v1/chat/completions "HTTP/1.1 200 OK"

2026-08-18 05:26:10,333 - INFO - HTTP Request: POST http://localhost:8000/v1/chat/completions "HTTP/1.1 200 OK"
2026-08-18 05:26:17,178 - INFO - HTTP Request: POST http://localhost:8000/v1/chat/completions "HTTP/1.1 200 OK"
2026-08-18 05:26:19,235 - INFO - HTTP Request: POST http://localhost:8000/v1/chat/completions "HTTP/1.1 200 OK"

2026-08-18 05:26:27,501 - INFO - HTTP Request: POST http://localhost:8000/v1/chat/completions "HTTP/1.1 200 OK"
2026-08-18 05:26:31,797 - INFO - HTTP Request: POST http://localhost:8000/v1/chat/completions "HTTP/1.1 200 OK"

2026-08-18 05:26:37,239 - INFO - HTTP Request: POST http://localhost:8000/v1/chat/completions "HTTP/1.1 200 OK"
2026-08-18 05:26:43,219 - INFO - HTTP Request: POST http://localhost:8000/v1/chat/completions "HTTP/1.1 200 OK"

2026-08-18 05:26:48,661 - INFO - HTTP Request: POST http://localhost:8000/v1/chat/completions "HTTP/1.1 200 OK"
2026-08-18 05:26:51,810 - INFO - HTTP Request: POST http://localhost:8000/v1/chat/completions "HTTP/1.1 200 OK"

2026-08-18 05:26:52,466 - INFO - HTTP Request: POST http://localhost:8000/v1/chat/completions "HTTP/1.1 200 OK"
2026-08-18 05:27:01,278 - INFO - HTTP Request: POST http://localhost:8000/v1/chat/completions "HTTP/1.1 200 OK"

2026-08-18 05:27:02,586 - INFO - HTTP Request: POST http://localhost:8000/v1/chat/completions "HTTP/1.1 200 OK"

2026-08-18 05:27:03,891 - INFO - HTTP Request: POST http://localhost:8000/v1/chat/completions "HTTP/1.1 200 OK"
2026-08-18 05:27:12,536 - INFO - HTTP Request: POST http://localhost:8000/v1/chat/completions "HTTP/1.1 200 OK"
2026-08-18 05:27:18,741 - INFO - HTTP Request: POST http://localhost:8000/v1/chat/completions "HTTP/1.1 200 OK"

2026-08-18 05:27:22,008 - INFO - HTTP Request: POST http://localhost:8000/v1/chat/completions "HTTP/1.1 200 OK"
2026-08-18 05:27:29,085 - INFO - HTTP Request: POST http://localhost:8000/v1/chat/completions "HTTP/1.1 200 OK"

2026-08-18 05:27:31,699 - INFO - HTTP Request: POST http://localhost:8000/v1/chat/completions "HTTP/1.1 200 OK"

2026-08-18 05:27:32,787 - INFO - HTTP Request: POST http://localhost:8000/v1/chat/completions "HTTP/1.1 200 OK"
2026-08-18 05:27:43,119 - INFO - HTTP Request: POST http://localhost:8000/v1/chat/completions "HTTP/1.1 200 OK"

2026-08-18 05:27:48,560 - INFO - HTTP Request: POST http://localhost:8000/v1/chat/completions "HTTP/1.1 200 OK"
2026-08-18 05:27:58,954 - INFO - HTTP Request: POST http://localhost:8000/v1/chat/completions "HTTP/1.1 200 OK"
2026-08-18 05:28:01,891 - INFO - HTTP Request: POST http://localhost:8000/v1/chat/completions "HTTP/1.1 200 OK"
2026-08-18 05:28:05,485 - INFO - HTTP Request: POST http://localhost:8000/v1/chat/completions "HTTP/1.1 200 OK"

2026-08-18 05:28:13,338 - INFO - HTTP Request: POST http://localhost:8000/v1/chat/completions "HTTP/1.1 200 OK"

2026-08-18 05:28:14,437 - INFO - HTTP Request: POST http://localhost:8000/v1/chat/completions "HTTP/1.1 200 OK"

2026-08-18 05:28:16,835 - INFO - HTTP Request: POST http://localhost:8000/v1/chat/completions "HTTP/1.1 200 OK"
2026-08-18 05:28:27,815 - INFO - HTTP Request: POST http://localhost:8000/v1/chat/completions "HTTP/1.1 200 OK"

r5_cfg0:  74%|███████▍  | 37/50 [58:13<28:04, 129.58s/it]2026-08-18 05:28:38,898 - INFO - HTTP Request: POST http://localhost:8000/v1/chat/completions "HTTP/1.1 200 OK"
2026-08-18 05:28:46,460 - INFO - HTTP Request: POST http://localhost:8000/v1/chat/completions "HTTP/1.1 200 OK"
2026-08-18 05:28:46,678 - INFO - HTTP Request: POST http://localhost:8000/v1/chat/completions "HTTP/1.1 200 OK"
2026-08-18 05:28:51,026 - INFO - HTTP Request: POST http://localhost:8000/v1/chat/completions "HTTP/1.1 200 OK"
2026-08-18 05:28:52,006 - INFO - HTTP Request: POST http://localhost:8000/v1/chat/completions "HTTP/1.1 200 OK"

r5_cfg0:  76%|███████▌  | 38/50 [58:38<19:35, 97.96s/it] 2026-08-18 05:28:58,116 - INFO - HTTP Request: POST http://localhost:8000/v1/chat/completions "HTTP/1.1 200 OK"

r5_cfg0:  78%|███████▊  | 39/50 [58:44<12:54, 70.41s/it]2026-08-18 05:28:58,553 - INFO - HTTP Request: POST http://localhost:8000/v1/chat/completions "HTTP/1.1 200 OK"

r5_cfg0:  80%|████████  | 40/50 [58:44<08:14, 49.42s/it]2026-08-18 05:29:02,686 - INFO - HTTP Request: POST http://localhost:8000/v1/chat/completions "HTTP/1.1 200 OK"

2026-08-18 05:29:13,982 - INFO - HTTP Request: POST http://localhost:8000/v1/chat/completions "HTTP/1.1 200 OK"
2026-08-18 05:29:20,176 - INFO - HTTP Request: POST http://localhost:8000/v1/chat/completions "HTTP/1.1 200 OK"
2026-08-18 05:29:21,152 - INFO - HTTP Request: POST http://localhost:8000/v1/chat/completions "HTTP/1.1 200 OK"
2026-08-18 05:29:25,673 - INFO - HTTP Request: POST http://localhost:8000/v1/chat/completions "HTTP/1.1 200 OK"

2026-08-18 05:29:29,815 - INFO - HTTP Request: POST http://localhost:8000/v1/chat/completions "HTTP/1.1 200 OK"
2026-08-18 05:29:34,118 - INFO - HTTP Request: POST http://localhost:8000/v1/chat/completions "HTTP/1.1 200 OK"

2026-08-18 05:29:34,336 - INFO - HTTP Request: POST http://localhost:8000/v1/chat/completions "HTTP/1.1 200 OK"

2026-08-18 05:29:43,691 - INFO - HTTP Request: POST http://localhost:8000/v1/chat/completions "HTTP/1.1 200 OK"

2026-08-18 05:29:52,163 - INFO - HTTP Request: POST http://localhost:8000/v1/chat/completions "HTTP/1.1 200 OK"
2026-08-18 05:30:00,535 - INFO - HTTP Request: POST http://localhost:8000/v1/chat/completions "HTTP/1.1 200 OK"
2026-08-18 05:30:00,753 - INFO - HTTP Request: POST http://localhost:8000/v1/chat/completions "HTTP/1.1 200 OK"
2026-08-18 05:30:07,344 - INFO - HTTP Request: POST http://localhost:8000/v1/chat/completions "HTTP/1.1 200 OK"

2026-08-18 05:30:09,091 - INFO - HTTP Request: POST http://localhost:8000/v1/chat/completions "HTTP/1.1 200 OK"
2026-08-18 05:30:12,303 - INFO - HTTP Request: POST http://localhost:8000/v1/chat/completions "HTTP/1.1 200 OK"

2026-08-18 05:30:18,624 - INFO - HTTP Request: POST http://localhost:8000/v1/chat/completions "HTTP/1.1 200 OK"

2026-08-18 05:30:21,673 - INFO - HTTP Request: POST http://localhost:8000/v1/chat/completions "HTTP/1.1 200 OK"

2026-08-18 05:30:31,021 - INFO - HTTP Request: POST http://localhost:8000/v1/chat/completions "HTTP/1.1 200 OK"
2026-08-18 05:30:37,114 - INFO - HTTP Request: POST http://localhost:8000/v1/chat/completions "HTTP/1.1 200 OK"
2026-08-18 05:30:43,813 - INFO - HTTP Request: POST http://localhost:8000/v1/chat/completions "HTTP/1.1 200 OK"
2026-08-18 05:30:46,752 - INFO - HTTP Request: POST http://localhost:8000/v1/chat/completions "HTTP/1.1 200 OK"
2026-08-18 05:30:46,753 - INFO - HTTP Request: POST http://localhost:8000/v1/chat/completions "HTTP/1.1 200 OK"

2026-08-18 05:30:50,780 - INFO - HTTP Request: POST http://localhost:8000/v1/chat/completions "HTTP/1.1 200 OK"

2026-08-18 05:30:58,850 - INFO - HTTP Request: POST http://localhost:8000/v1/chat/completions "HTTP/1.1 200 OK"

2026-08-18 05:31:01,252 - INFO - HTTP Request: POST http://localhost:8000/v1/chat/completions "HTTP/1.1 200 OK"

2026-08-18 05:31:11,247 - INFO - HTTP Request: POST http://localhost:8000/v1/chat/completions "HTTP/1.1 200 OK"
2026-08-18 05:31:15,265 - INFO - HTTP Request: POST http://localhost:8000/v1/chat/completions "HTTP/1.1 200 OK"
2026-08-18 05:31:18,909 - INFO - HTTP Request: POST http://localhost:8000/v1/chat/completions "HTTP/1.1 200 OK"
2026-08-18 05:31:25,175 - INFO - HTTP Request: POST http://localhost:8000/v1/chat/completions "HTTP/1.1 200 OK"

2026-08-18 05:31:26,493 - INFO - HTTP Request: POST http://localhost:8000/v1/chat/completions "HTTP/1.1 200 OK"
2026-08-18 05:31:28,557 - INFO - HTTP Request: POST http://localhost:8000/v1/chat/completions "HTTP/1.1 200 OK"

2026-08-18 05:31:31,399 - INFO - HTTP Request: POST http://localhost:8000/v1/chat/completions "HTTP/1.1 200 OK"

2026-08-18 05:31:39,011 - INFO - HTTP Request: POST http://localhost:8000/v1/chat/completions "HTTP/1.1 200 OK"

2026-08-18 05:31:45,318 - INFO - HTTP Request: POST http://localhost:8000/v1/chat/completions "HTTP/1.1 200 OK"
2026-08-18 05:31:48,250 - INFO - HTTP Request: POST http://localhost:8000/v1/chat/completions "HTTP/1.1 200 OK"
2026-08-18 05:31:57,779 - INFO - HTTP Request: POST http://localhost:8000/v1/chat/completions "HTTP/1.1 200 OK"

2026-08-18 05:31:59,524 - INFO - HTTP Request: POST http://localhost:8000/v1/chat/completions "HTTP/1.1 200 OK"
2026-08-18 05:32:00,501 - INFO - HTTP Request: POST http://localhost:8000/v1/chat/completions "HTTP/1.1 200 OK"

2026-08-18 05:32:01,156 - INFO - HTTP Request: POST http://localhost:8000/v1/chat/completions "HTTP/1.1 200 OK"
2026-08-18 05:32:14,109 - INFO - HTTP Request: POST http://localhost:8000/v1/chat/completions "HTTP/1.1 200 OK"

2026-08-18 05:32:15,417 - INFO - HTTP Request: POST http://localhost:8000/v1/chat/completions "HTTP/1.1 200 OK"

2026-08-18 05:32:27,155 - INFO - HTTP Request: POST http://localhost:8000/v1/chat/completions "HTTP/1.1 200 OK"
2026-08-18 05:32:29,929 - INFO - HTTP Request: POST http://localhost:8000/v1/chat/completions "HTTP/1.1 200 OK"
2026-08-18 05:32:34,827 - INFO - HTTP Request: POST http://localhost:8000/v1/chat/completions "HTTP/1.1 200 OK"
2026-08-18 05:32:42,626 - INFO - HTTP Request: POST http://localhost:8000/v1/chat/completions "HTTP/1.1 200 OK"

2026-08-18 05:32:43,938 - INFO - HTTP Request: POST http://localhost:8000/v1/chat/completions "HTTP/1.1 200 OK"

2026-08-18 05:32:45,248 - INFO - HTTP Request: POST http://localhost:8000/v1/chat/completions "HTTP/1.1 200 OK"
2026-08-18 05:32:47,532 - INFO - HTTP Request: POST http://localhost:8000/v1/chat/completions "HTTP/1.1 200 OK"

2026-08-18 05:32:59,941 - INFO - HTTP Request: POST http://localhost:8000/v1/chat/completions "HTTP/1.1 200 OK"

2026-08-18 05:33:02,987 - INFO - HTTP Request: POST http://localhost:8000/v1/chat/completions "HTTP/1.1 200 OK"
2026-08-18 05:33:04,680 - INFO - HTTP Request: POST http://localhost:8000/v1/chat/completions "HTTP/1.1 200 OK"
2026-08-18 05:33:17,444 - INFO - HTTP Request: POST http://localhost:8000/v1/chat/completions "HTTP/1.1 200 OK"
2026-08-18 05:33:19,140 - INFO - HTTP Request: POST http://localhost:8000/v1/chat/completions "HTTP/1.1 200 OK"

2026-08-18 05:33:21,109 - INFO - HTTP Request: POST http://localhost:8000/v1/chat/completions "HTTP/1.1 200 OK"
2026-08-18 05:33:21,110 - INFO - HTTP Request: POST http://localhost:8000/v1/chat/completions "HTTP/1.1 200 OK"

2026-08-18 05:33:30,822 - INFO - HTTP Request: POST http://localhost:8000/v1/chat/completions "HTTP/1.1 200 OK"

2026-08-18 05:33:37,586 - INFO - HTTP Request: POST http://localhost:8000/v1/chat/completions "HTTP/1.1 200 OK"

2026-08-18 05:33:48,684 - INFO - HTTP Request: POST http://localhost:8000/v1/chat/completions "HTTP/1.1 200 OK"
2026-08-18 05:33:50,976 - INFO - HTTP Request: POST http://localhost:8000/v1/chat/completions "HTTP/1.1 200 OK"
2026-08-18 05:34:00,534 - INFO - HTTP Request: POST http://localhost:8000/v1/chat/completions "HTTP/1.1 200 OK"

2026-08-18 05:34:04,686 - INFO - HTTP Request: POST http://localhost:8000/v1/chat/completions "HTTP/1.1 200 OK"
2026-08-18 05:34:07,910 - INFO - HTTP Request: POST http://localhost:8000/v1/chat/completions "HTTP/1.1 200 OK"
2026-08-18 05:34:13,268 - INFO - HTTP Request: POST http://localhost:8000/v1/chat/completions "HTTP/1.1 200 OK"

2026-08-18 05:34:19,171 - INFO - HTTP Request: POST http://localhost:8000/v1/chat/completions "HTTP/1.1 200 OK"

r5_cfg0:  82%|████████▏ | 41/50 [1:04:05<19:36, 130.78s/it]2026-08-18 05:34:22,006 - INFO - HTTP Request: POST http://localhost:8000/v1/chat/completions "HTTP/1.1 200 OK"

2026-08-18 05:34:34,417 - INFO - HTTP Request: POST http://localhost:8000/v1/chat/completions "HTTP/1.1 200 OK"
2026-08-18 05:34:41,502 - INFO - HTTP Request: POST http://localhost:8000/v1/chat/completions "HTTP/1.1 200 OK"
2026-08-18 05:34:46,630 - INFO - HTTP Request: POST http://localhost:8000/v1/chat/completions "HTTP/1.1 200 OK"
2026-08-18 05:34:47,893 - INFO - HTTP Request: POST http://localhost:8000/v1/chat/completions "HTTP/1.1 200 OK"

r5_cfg0:  84%|████████▍ | 42/50 [1:04:33<13:21, 100.16s/it]2026-08-18 05:34:56,189 - INFO - HTTP Request: POST http://localhost:8000/v1/chat/completions "HTTP/1.1 200 OK"
2026-08-18 05:34:59,142 - INFO - HTTP Request: POST http://localhost:8000/v1/chat/completions "HTTP/1.1 200 OK"

r5_cfg0:  86%|████████▌ | 43/50 [1:04:45<08:34, 73.49s/it] 2026-08-18 05:35:01,982 - INFO - HTTP Request: POST http://localhost:8000/v1/chat/completions "HTTP/1.1 200 OK"

2026-08-18 05:35:10,262 - INFO - HTTP Request: POST http://localhost:8000/v1/chat/completions "HTTP/1.1 200 OK"
2026-08-18 05:35:12,113 - INFO - HTTP Request: POST http://localhost:8000/v1/chat/completions "HTTP/1.1 200 OK"

r5_cfg0:  88%|████████▊ | 44/50 [1:04:58<05:31, 55.33s/it]2026-08-18 05:35:21,262 - INFO - HTTP Request: POST http://localhost:8000/v1/chat/completions "HTTP/1.1 200 OK"
2026-08-18 05:35:27,913 - INFO - HTTP Request: POST http://localhost:8000/v1/chat/completions "HTTP/1.1 200 OK"

2026-08-18 05:35:28,787 - INFO - HTTP Request: POST http://localhost:8000/v1/chat/completions "HTTP/1.1 200 OK"
2026-08-18 05:35:34,787 - INFO - HTTP Request: POST http://localhost:8000/v1/chat/completions "HTTP/1.1 200 OK"
2026-08-18 05:35:38,389 - INFO - HTTP Request: POST http://localhost:8000/v1/chat/completions "HTTP/1.1 200 OK"

2026-08-18 05:35:43,845 - INFO - HTTP Request: POST http://localhost:8000/v1/chat/completions "HTTP/1.1 200 OK"

2026-08-18 05:35:44,719 - INFO - HTTP Request: POST http://localhost:8000/v1/chat/completions "HTTP/1.1 200 OK"

2026-08-18 05:35:54,723 - INFO - HTTP Request: POST http://localhost:8000/v1/chat/completions "HTTP/1.1 200 OK"
2026-08-18 05:36:04,855 - INFO - HTTP Request: POST http://localhost:8000/v1/chat/completions "HTTP/1.1 200 OK"
2026-08-18 05:36:07,146 - INFO - HTTP Request: POST http://localhost:8000/v1/chat/completions "HTTP/1.1 200 OK"

2026-08-18 05:36:08,891 - INFO - HTTP Request: POST http://localhost:8000/v1/chat/completions "HTTP/1.1 200 OK"
2026-08-18 05:36:11,834 - INFO - HTTP Request: POST http://localhost:8000/v1/chat/completions "HTTP/1.1 200 OK"
2026-08-18 05:36:19,586 - INFO - HTTP Request: POST http://localhost:8000/v1/chat/completions "HTTP/1.1 200 OK"

2026-08-18 05:36:23,952 - INFO - HTTP Request: POST http://localhost:8000/v1/chat/completions "HTTP/1.1 200 OK"

2026-08-18 05:36:25,704 - INFO - HTTP Request: POST http://localhost:8000/v1/chat/completions "HTTP/1.1 200 OK"

2026-08-18 05:36:32,228 - INFO - HTTP Request: POST http://localhost:8000/v1/chat/completions "HTTP/1.1 200 OK"
2026-08-18 05:36:44,316 - INFO - HTTP Request: POST http://localhost:8000/v1/chat/completions "HTTP/1.1 200 OK"
2026-08-18 05:36:46,167 - INFO - HTTP Request: POST http://localhost:8000/v1/chat/completions "HTTP/1.1 200 OK"

2026-08-18 05:36:48,791 - INFO - HTTP Request: POST http://localhost:8000/v1/chat/completions "HTTP/1.1 200 OK"
2026-08-18 05:36:51,079 - INFO - HTTP Request: POST http://localhost:8000/v1/chat/completions "HTTP/1.1 200 OK"
2026-08-18 05:36:59,489 - INFO - HTTP Request: POST http://localhost:8000/v1/chat/completions "HTTP/1.1 200 OK"

2026-08-18 05:37:01,681 - INFO - HTTP Request: POST http://localhost:8000/v1/chat/completions "HTTP/1.1 200 OK"

2026-08-18 05:37:03,431 - INFO - HTTP Request: POST http://localhost:8000/v1/chat/completions "HTTP/1.1 200 OK"

2026-08-18 05:37:11,045 - INFO - HTTP Request: POST http://localhost:8000/v1/chat/completions "HTTP/1.1 200 OK"
2026-08-18 05:37:21,387 - INFO - HTTP Request: POST http://localhost:8000/v1/chat/completions "HTTP/1.1 200 OK"
2026-08-18 05:37:23,676 - INFO - HTTP Request: POST http://localhost:8000/v1/chat/completions "HTTP/1.1 200 OK"

2026-08-18 05:37:24,339 - INFO - HTTP Request: POST http://localhost:8000/v1/chat/completions "HTTP/1.1 200 OK"
2026-08-18 05:37:28,587 - INFO - HTTP Request: POST http://localhost:8000/v1/chat/completions "HTTP/1.1 200 OK"
2026-08-18 05:37:33,936 - INFO - HTTP Request: POST http://localhost:8000/v1/chat/completions "HTTP/1.1 200 OK"

2026-08-18 05:37:37,863 - INFO - HTTP Request: POST http://localhost:8000/v1/chat/completions "HTTP/1.1 200 OK"

2026-08-18 05:37:41,358 - INFO - HTTP Request: POST http://localhost:8000/v1/chat/completions "HTTP/1.1 200 OK"

2026-08-18 05:37:44,190 - INFO - HTTP Request: POST http://localhost:8000/v1/chat/completions "HTTP/1.1 200 OK"
2026-08-18 05:37:55,621 - INFO - HTTP Request: POST http://localhost:8000/v1/chat/completions "HTTP/1.1 200 OK"

2026-08-18 05:37:58,015 - INFO - HTTP Request: POST http://localhost:8000/v1/chat/completions "HTTP/1.1 200 OK"
2026-08-18 05:38:01,386 - INFO - HTTP Request: POST http://localhost:8000/v1/chat/completions "HTTP/1.1 200 OK"
2026-08-18 05:38:03,679 - INFO - HTTP Request: POST http://localhost:8000/v1/chat/completions "HTTP/1.1 200 OK"
2026-08-18 05:38:09,463 - INFO - HTTP Request: POST http://localhost:8000/v1/chat/completions "HTTP/1.1 200 OK"

2026-08-18 05:38:10,775 - INFO - HTTP Request: POST http://localhost:8000/v1/chat/completions "HTTP/1.1 200 OK"

2026-08-18 05:38:18,612 - INFO - HTTP Request: POST http://localhost:8000/v1/chat/completions "HTTP/1.1 200 OK"

2026-08-18 05:38:25,354 - INFO - HTTP Request: POST http://localhost:8000/v1/chat/completions "HTTP/1.1 200 OK"
2026-08-18 05:38:37,871 - INFO - HTTP Request: POST http://localhost:8000/v1/chat/completions "HTTP/1.1 200 OK"

2026-08-18 05:38:38,525 - INFO - HTTP Request: POST http://localhost:8000/v1/chat/completions "HTTP/1.1 200 OK"
2026-08-18 05:38:39,246 - INFO - HTTP Request: POST http://localhost:8000/v1/chat/completions "HTTP/1.1 200 OK"
2026-08-18 05:38:40,479 - INFO - HTTP Request: POST http://localhost:8000/v1/chat/completions "HTTP/1.1 200 OK"
2026-08-18 05:38:49,758 - INFO - HTTP Request: POST http://localhost:8000/v1/chat/completions "HTTP/1.1 200 OK"

2026-08-18 05:38:54,122 - INFO - HTTP Request: POST http://localhost:8000/v1/chat/completions "HTTP/1.1 200 OK"

2026-08-18 05:38:55,214 - INFO - HTTP Request: POST http://localhost:8000/v1/chat/completions "HTTP/1.1 200 OK"

2026-08-18 05:38:58,913 - INFO - HTTP Request: POST http://localhost:8000/v1/chat/completions "HTTP/1.1 200 OK"
2026-08-18 05:39:11,656 - INFO - HTTP Request: POST http://localhost:8000/v1/chat/completions "HTTP/1.1 200 OK"

2026-08-18 05:39:14,486 - INFO - HTTP Request: POST http://localhost:8000/v1/chat/completions "HTTP/1.1 200 OK"
2026-08-18 05:39:15,902 - INFO - HTTP Request: POST http://localhost:8000/v1/chat/completions "HTTP/1.1 200 OK"
2026-08-18 05:39:19,941 - INFO - HTTP Request: POST http://localhost:8000/v1/chat/completions "HTTP/1.1 200 OK"
2026-08-18 05:39:30,967 - INFO - HTTP Request: POST http://localhost:8000/v1/chat/completions "HTTP/1.1 200 OK"

2026-08-18 05:39:31,843 - INFO - HTTP Request: POST http://localhost:8000/v1/chat/completions "HTTP/1.1 200 OK"

2026-08-18 05:39:32,935 - INFO - HTTP Request: POST http://localhost:8000/v1/chat/completions "HTTP/1.1 200 OK"

2026-08-18 05:39:41,862 - INFO - HTTP Request: POST http://localhost:8000/v1/chat/completions "HTTP/1.1 200 OK"
2026-08-18 05:39:55,045 - INFO - HTTP Request: POST http://localhost:8000/v1/chat/completions "HTTP/1.1 200 OK"

2026-08-18 05:40:00,494 - INFO - HTTP Request: POST http://localhost:8000/v1/chat/completions "HTTP/1.1 200 OK"
2026-08-18 05:40:01,693 - INFO - HTTP Request: POST http://localhost:8000/v1/chat/completions "HTTP/1.1 200 OK"
2026-08-18 05:40:07,038 - INFO - HTTP Request: POST http://localhost:8000/v1/chat/completions "HTTP/1.1 200 OK"
2026-08-18 05:40:13,919 - INFO - HTTP Request: POST http://localhost:8000/v1/chat/completions "HTTP/1.1 200 OK"

2026-08-18 05:40:18,511 - INFO - HTTP Request: POST http://localhost:8000/v1/chat/completions "HTTP/1.1 200 OK"

2026-08-18 05:40:21,788 - INFO - HTTP Request: POST http://localhost:8000/v1/chat/completions "HTTP/1.1 200 OK"

r5_cfg0:  90%|█████████ | 45/50 [1:10:07<10:58, 131.63s/it]2026-08-18 05:40:29,182 - INFO - HTTP Request: POST http://localhost:8000/v1/chat/completions "HTTP/1.1 200 OK"
2026-08-18 05:40:41,274 - INFO - HTTP Request: POST http://localhost:8000/v1/chat/completions "HTTP/1.1 200 OK"

r5_cfg0:  92%|█████████▏| 46/50 [1:10:27<06:31, 97.99s/it] 2026-08-18 05:40:44,104 - INFO - HTTP Request: POST http://localhost:8000/v1/chat/completions "HTTP/1.1 200 OK"
2026-08-18 05:40:47,261 - INFO - HTTP Request: POST http://localhost:8000/v1/chat/completions "HTTP/1.1 200 OK"
2026-08-18 05:40:52,169 - INFO - HTTP Request: POST http://localhost:8000/v1/chat/completions "HTTP/1.1 200 OK"
2026-08-18 05:40:57,516 - INFO - HTTP Request: POST http://localhost:8000/v1/chat/completions "HTTP/1.1 200 OK"

2026-08-18 05:41:04,280 - INFO - HTTP Request: POST http://localhost:8000/v1/chat/completions "HTTP/1.1 200 OK"
2026-08-18 05:41:05,263 - INFO - HTTP Request: POST http://localhost:8000/v1/chat/completions "HTTP/1.1 200 OK"

2026-08-18 05:41:05,263 - INFO - HTTP Request: POST http://localhost:8000/v1/chat/completions "HTTP/1.1 200 OK"

r5_cfg0:  94%|█████████▍| 47/50 [1:10:51<03:47, 75.79s/it]2026-08-18 05:41:13,522 - INFO - HTTP Request: POST http://localhost:8000/v1/chat/completions "HTTP/1.1 200 OK"

2026-08-18 05:41:23,540 - INFO - HTTP Request: POST http://localhost:8000/v1/chat/completions "HTTP/1.1 200 OK"
2026-08-18 05:41:36,422 - INFO - HTTP Request: POST http://localhost:8000/v1/chat/completions "HTTP/1.1 200 OK"

2026-08-18 05:41:39,498 - INFO - HTTP Request: POST http://localhost:8000/v1/chat/completions "HTTP/1.1 200 OK"
2026-08-18 05:41:53,563 - INFO - HTTP Request: POST http://localhost:8000/v1/chat/completions "HTTP/1.1 200 OK"

2026-08-18 05:41:59,458 - INFO - HTTP Request: POST http://localhost:8000/v1/chat/completions "HTTP/1.1 200 OK"
2026-08-18 05:42:15,102 - INFO - HTTP Request: POST http://localhost:8000/v1/chat/completions "HTTP/1.1 200 OK"

2026-08-18 05:42:17,743 - INFO - HTTP Request: POST http://localhost:8000/v1/chat/completions "HTTP/1.1 200 OK"
2026-08-18 05:42:29,630 - INFO - HTTP Request: POST http://localhost:8000/v1/chat/completions "HTTP/1.1 200 OK"

2026-08-18 05:42:38,779 - INFO - HTTP Request: POST http://localhost:8000/v1/chat/completions "HTTP/1.1 200 OK"
2026-08-18 05:42:51,100 - INFO - HTTP Request: POST http://localhost:8000/v1/chat/completions "HTTP/1.1 200 OK"

2026-08-18 05:42:53,749 - INFO - HTTP Request: POST http://localhost:8000/v1/chat/completions "HTTP/1.1 200 OK"
2026-08-18 05:43:06,131 - INFO - HTTP Request: POST http://localhost:8000/v1/chat/completions "HTTP/1.1 200 OK"

2026-08-18 05:43:10,731 - INFO - HTTP Request: POST http://localhost:8000/v1/chat/completions "HTTP/1.1 200 OK"
2026-08-18 05:43:21,371 - INFO - HTTP Request: POST http://localhost:8000/v1/chat/completions "HTTP/1.1 200 OK"

2026-08-18 05:43:25,748 - INFO - HTTP Request: POST http://localhost:8000/v1/chat/completions "HTTP/1.1 200 OK"
2026-08-18 05:43:37,200 - INFO - HTTP Request: POST http://localhost:8000/v1/chat/completions "HTTP/1.1 200 OK"

2026-08-18 05:43:49,819 - INFO - HTTP Request: POST http://localhost:8000/v1/chat/completions "HTTP/1.1 200 OK"
2026-08-18 05:43:59,967 - INFO - HTTP Request: POST http://localhost:8000/v1/chat/completions "HTTP/1.1 200 OK"

2026-08-18 05:44:05,647 - INFO - HTTP Request: POST http://localhost:8000/v1/chat/completions "HTTP/1.1 200 OK"
2026-08-18 05:44:16,659 - INFO - HTTP Request: POST http://localhost:8000/v1/chat/completions "HTTP/1.1 200 OK"

2026-08-18 05:44:19,735 - INFO - HTTP Request: POST http://localhost:8000/v1/chat/completions "HTTP/1.1 200 OK"
2026-08-18 05:44:35,159 - INFO - HTTP Request: POST http://localhost:8000/v1/chat/completions "HTTP/1.1 200 OK"

2026-08-18 05:44:36,500 - INFO - HTTP Request: POST http://localhost:8000/v1/chat/completions "HTTP/1.1 200 OK"
2026-08-18 05:44:55,133 - INFO - HTTP Request: POST http://localhost:8000/v1/chat/completions "HTTP/1.1 200 OK"

2026-08-18 05:45:04,066 - INFO - HTTP Request: POST http://localhost:8000/v1/chat/completions "HTTP/1.1 200 OK"
2026-08-18 05:45:19,061 - INFO - HTTP Request: POST http://localhost:8000/v1/chat/completions "HTTP/1.1 200 OK"

2026-08-18 05:45:24,091 - INFO - HTTP Request: POST http://localhost:8000/v1/chat/completions "HTTP/1.1 200 OK"
2026-08-18 05:45:39,024 - INFO - HTTP Request: POST http://localhost:8000/v1/chat/completions "HTTP/1.1 200 OK"

2026-08-18 05:45:49,909 - INFO - HTTP Request: POST http://localhost:8000/v1/chat/completions "HTTP/1.1 200 OK"
2026-08-18 05:46:06,064 - INFO - HTTP Request: POST http://localhost:8000/v1/chat/completions "HTTP/1.1 200 OK"

r5_cfg0:  98%|█████████▊| 49/50 [1:15:52<01:50, 110.23s/it]2026-08-18 05:46:07,253 - INFO - HTTP Request: POST http://localhost:8000/v1/chat/completions "HTTP/1.1 200 OK"
2026-08-18 05:46:09,990 - INFO - HTTP Request: POST http://localhost:8000/v1/chat/completions "HTTP/1.1 200 OK"

r5_cfg0: 100%|██████████| 50/50 [1:15:56<00:00, 83.87s/it] r5_cfg0: 100%|██████████| 50/50 [1:15:56<00:00, 91.13s/it]
  done in 4556.4s (valid 50/50, invalid {})

Scored 1 model/s.
Report:  /LAB/Swiss-Knife/tribunal/bayes_search_honesty/eval_results/round5/r5_cfg0/report/index.html
Tables:  /LAB/Swiss-Knife/tribunal/bayes_search_honesty/eval_results/round5/r5_cfg0/model_summary.csv, /LAB/Swiss-Knife/tribunal/bayes_search_honesty/eval_results/round5/r5_cfg0/summary.csv
