2026-08-17 19:00:05,174 - INFO - Judge client pointed at http://localhost:8006/v1
2026-08-17 19:00:08,365 - INFO - Loading Detoxify model (CPU)
2026-08-17 19:00:11,908 - INFO - HTTP Request: HEAD https://huggingface.co/bert-base-uncased/resolve/main/config.json "HTTP/1.1 200 OK"
input:  /LAB/Swiss-Knife/tribunal/bayes_search_honesty/eval_results/round1/r1_cfg6/_tribunal_input_tmp (1 model file/s)
output: /LAB/Swiss-Knife/tribunal/bayes_search_honesty/eval_results/round1/r1_cfg6
judge:  Qwen/Qwen2.5-32B-Instruct @ http://localhost:8006/v1
detoxify cross-check: True
Loading weights:   0%|          | 0/201 [00:00<?, ?it/s]Loading weights: 100%|██████████| 201/201 [00:00<00:00, 32722.21it/s]
2026-08-17 19:00:12,229 - INFO - HTTP Request: HEAD https://huggingface.co/bert-base-uncased/resolve/main/tokenizer_config.json "HTTP/1.1 200 OK"
Warning: You are sending unauthenticated requests to the HF Hub. Please set a HF_TOKEN to enable higher rate limits and faster downloads.
2026-08-17 19:00:12,229 - WARNING - Warning: You are sending unauthenticated requests to the HF Hub. Please set a HF_TOKEN to enable higher rate limits and faster downloads.
2026-08-17 19:00:12,470 - INFO - HTTP Request: GET https://huggingface.co/api/models/bert-base-uncased/tree/main/additional_chat_templates?recursive=false&expand=false "HTTP/1.1 307 Temporary Redirect"
2026-08-17 19:00:12,737 - INFO - HTTP Request: GET https://huggingface.co/api/models/google-bert/bert-base-uncased/tree/main/additional_chat_templates?recursive=false&expand=false "HTTP/1.1 404 Not Found"
2026-08-17 19:00:12,946 - INFO - HTTP Request: GET https://huggingface.co/api/models/bert-base-uncased/tree/main?recursive=true&expand=false "HTTP/1.1 307 Temporary Redirect"
2026-08-17 19:00:13,158 - INFO - HTTP Request: GET https://huggingface.co/api/models/google-bert/bert-base-uncased/tree/main?recursive=true&expand=false "HTTP/1.1 200 OK"

[1/1] r1_cfg6
  scoring 50 records (0 skipped or cached) [workers=4]
r1_cfg6:   0%|          | 0/50 [00:00<?, ?it/s]2026-08-17 19:00:35,096 - INFO - HTTP Request: POST http://localhost:8006/v1/chat/completions "HTTP/1.1 200 OK"
2026-08-17 19:00:35,314 - INFO - HTTP Request: POST http://localhost:8006/v1/chat/completions "HTTP/1.1 200 OK"
2026-08-17 19:00:35,315 - INFO - HTTP Request: POST http://localhost:8006/v1/chat/completions "HTTP/1.1 200 OK"
2026-08-17 19:00:35,898 - INFO - HTTP Request: POST http://localhost:8006/v1/chat/completions "HTTP/1.1 200 OK"
2026-08-17 19:00:44,370 - INFO - HTTP Request: POST http://localhost:8006/v1/chat/completions "HTTP/1.1 200 OK"

2026-08-17 19:00:46,395 - INFO - HTTP Request: POST http://localhost:8006/v1/chat/completions "HTTP/1.1 200 OK"

2026-08-17 19:00:47,266 - INFO - HTTP Request: POST http://localhost:8006/v1/chat/completions "HTTP/1.1 200 OK"

2026-08-17 19:00:50,953 - INFO - HTTP Request: POST http://localhost:8006/v1/chat/completions "HTTP/1.1 200 OK"

2026-08-17 19:01:10,463 - INFO - HTTP Request: POST http://localhost:8006/v1/chat/completions "HTTP/1.1 200 OK"
2026-08-17 19:01:12,857 - INFO - HTTP Request: POST http://localhost:8006/v1/chat/completions "HTTP/1.1 200 OK"
2026-08-17 19:01:14,045 - INFO - HTTP Request: POST http://localhost:8006/v1/chat/completions "HTTP/1.1 200 OK"
2026-08-17 19:01:17,963 - INFO - HTTP Request: POST http://localhost:8006/v1/chat/completions "HTTP/1.1 200 OK"
2026-08-17 19:01:24,202 - INFO - HTTP Request: POST http://localhost:8006/v1/chat/completions "HTTP/1.1 200 OK"

2026-08-17 19:01:25,125 - INFO - HTTP Request: POST http://localhost:8006/v1/chat/completions "HTTP/1.1 200 OK"

2026-08-17 19:01:26,866 - INFO - HTTP Request: POST http://localhost:8006/v1/chat/completions "HTTP/1.1 200 OK"

2026-08-17 19:01:30,558 - INFO - HTTP Request: POST http://localhost:8006/v1/chat/completions "HTTP/1.1 200 OK"

2026-08-17 19:01:48,563 - INFO - HTTP Request: POST http://localhost:8006/v1/chat/completions "HTTP/1.1 200 OK"
2026-08-17 19:01:49,871 - INFO - HTTP Request: POST http://localhost:8006/v1/chat/completions "HTTP/1.1 200 OK"
2026-08-17 19:01:51,926 - INFO - HTTP Request: POST http://localhost:8006/v1/chat/completions "HTTP/1.1 200 OK"
2026-08-17 19:01:55,846 - INFO - HTTP Request: POST http://localhost:8006/v1/chat/completions "HTTP/1.1 200 OK"
2026-08-17 19:01:58,386 - INFO - HTTP Request: POST http://localhost:8006/v1/chat/completions "HTTP/1.1 200 OK"

2026-08-17 19:02:02,136 - INFO - HTTP Request: POST http://localhost:8006/v1/chat/completions "HTTP/1.1 200 OK"

2026-08-17 19:02:04,536 - INFO - HTTP Request: POST http://localhost:8006/v1/chat/completions "HTTP/1.1 200 OK"

2026-08-17 19:02:10,840 - INFO - HTTP Request: POST http://localhost:8006/v1/chat/completions "HTTP/1.1 200 OK"

2026-08-17 19:02:22,348 - INFO - HTTP Request: POST http://localhost:8006/v1/chat/completions "HTTP/1.1 200 OK"
2026-08-17 19:02:26,482 - INFO - HTTP Request: POST http://localhost:8006/v1/chat/completions "HTTP/1.1 200 OK"
2026-08-17 19:02:29,399 - INFO - HTTP Request: POST http://localhost:8006/v1/chat/completions "HTTP/1.1 200 OK"
2026-08-17 19:02:35,590 - INFO - HTTP Request: POST http://localhost:8006/v1/chat/completions "HTTP/1.1 200 OK"

2026-08-17 19:02:36,025 - INFO - HTTP Request: POST http://localhost:8006/v1/chat/completions "HTTP/1.1 200 OK"
2026-08-17 19:02:39,786 - INFO - HTTP Request: POST http://localhost:8006/v1/chat/completions "HTTP/1.1 200 OK"

2026-08-17 19:02:42,186 - INFO - HTTP Request: POST http://localhost:8006/v1/chat/completions "HTTP/1.1 200 OK"

2026-08-17 19:02:48,488 - INFO - HTTP Request: POST http://localhost:8006/v1/chat/completions "HTTP/1.1 200 OK"

2026-08-17 19:02:55,655 - INFO - HTTP Request: POST http://localhost:8006/v1/chat/completions "HTTP/1.1 200 OK"
2026-08-17 19:02:59,568 - INFO - HTTP Request: POST http://localhost:8006/v1/chat/completions "HTTP/1.1 200 OK"
2026-08-17 19:03:02,825 - INFO - HTTP Request: POST http://localhost:8006/v1/chat/completions "HTTP/1.1 200 OK"
2026-08-17 19:03:07,400 - INFO - HTTP Request: POST http://localhost:8006/v1/chat/completions "HTTP/1.1 200 OK"

2026-08-17 19:03:08,991 - INFO - HTTP Request: POST http://localhost:8006/v1/chat/completions "HTTP/1.1 200 OK"
2026-08-17 19:03:11,966 - INFO - HTTP Request: POST http://localhost:8006/v1/chat/completions "HTTP/1.1 200 OK"

2026-08-17 19:03:14,362 - INFO - HTTP Request: POST http://localhost:8006/v1/chat/completions "HTTP/1.1 200 OK"

2026-08-17 19:03:27,825 - INFO - HTTP Request: POST http://localhost:8006/v1/chat/completions "HTTP/1.1 200 OK"

2026-08-17 19:03:36,294 - INFO - HTTP Request: POST http://localhost:8006/v1/chat/completions "HTTP/1.1 200 OK"
2026-08-17 19:03:41,084 - INFO - HTTP Request: POST http://localhost:8006/v1/chat/completions "HTTP/1.1 200 OK"
2026-08-17 19:03:43,695 - INFO - HTTP Request: POST http://localhost:8006/v1/chat/completions "HTTP/1.1 200 OK"
2026-08-17 19:03:50,107 - INFO - HTTP Request: POST http://localhost:8006/v1/chat/completions "HTTP/1.1 200 OK"

2026-08-17 19:03:53,008 - INFO - HTTP Request: POST http://localhost:8006/v1/chat/completions "HTTP/1.1 200 OK"

2026-08-17 19:03:54,098 - INFO - HTTP Request: POST http://localhost:8006/v1/chat/completions "HTTP/1.1 200 OK"

2026-08-17 19:03:57,571 - INFO - HTTP Request: POST http://localhost:8006/v1/chat/completions "HTTP/1.1 200 OK"
2026-08-17 19:04:06,620 - INFO - HTTP Request: POST http://localhost:8006/v1/chat/completions "HTTP/1.1 200 OK"

2026-08-17 19:04:10,310 - INFO - HTTP Request: POST http://localhost:8006/v1/chat/completions "HTTP/1.1 200 OK"
2026-08-17 19:04:13,585 - INFO - HTTP Request: POST http://localhost:8006/v1/chat/completions "HTTP/1.1 200 OK"
2026-08-17 19:04:14,893 - INFO - HTTP Request: POST http://localhost:8006/v1/chat/completions "HTTP/1.1 200 OK"
2026-08-17 19:04:20,440 - INFO - HTTP Request: POST http://localhost:8006/v1/chat/completions "HTTP/1.1 200 OK"

2026-08-17 19:04:25,585 - INFO - HTTP Request: POST http://localhost:8006/v1/chat/completions "HTTP/1.1 200 OK"

2026-08-17 19:04:25,803 - INFO - HTTP Request: POST http://localhost:8006/v1/chat/completions "HTTP/1.1 200 OK"

2026-08-17 19:04:27,760 - INFO - HTTP Request: POST http://localhost:8006/v1/chat/completions "HTTP/1.1 200 OK"
2026-08-17 19:04:42,469 - INFO - HTTP Request: POST http://localhost:8006/v1/chat/completions "HTTP/1.1 200 OK"

2026-08-17 19:04:49,853 - INFO - HTTP Request: POST http://localhost:8006/v1/chat/completions "HTTP/1.1 200 OK"
2026-08-17 19:04:55,378 - INFO - HTTP Request: POST http://localhost:8006/v1/chat/completions "HTTP/1.1 200 OK"
2026-08-17 19:04:55,596 - INFO - HTTP Request: POST http://localhost:8006/v1/chat/completions "HTTP/1.1 200 OK"
2026-08-17 19:05:01,359 - INFO - HTTP Request: POST http://localhost:8006/v1/chat/completions "HTTP/1.1 200 OK"

2026-08-17 19:05:12,812 - INFO - HTTP Request: POST http://localhost:8006/v1/chat/completions "HTTP/1.1 200 OK"
2026-08-17 19:05:15,571 - INFO - HTTP Request: POST http://localhost:8006/v1/chat/completions "HTTP/1.1 200 OK"

2026-08-17 19:05:16,236 - INFO - HTTP Request: POST http://localhost:8006/v1/chat/completions "HTTP/1.1 200 OK"

2026-08-17 19:05:26,676 - INFO - HTTP Request: POST http://localhost:8006/v1/chat/completions "HTTP/1.1 200 OK"

2026-08-17 19:05:34,065 - INFO - HTTP Request: POST http://localhost:8006/v1/chat/completions "HTTP/1.1 200 OK"
2026-08-17 19:05:45,678 - INFO - HTTP Request: POST http://localhost:8006/v1/chat/completions "HTTP/1.1 200 OK"

r1_cfg6:   2%|▏         | 1/50 [05:32<4:31:29, 332.45s/it]2026-08-17 19:05:48,720 - INFO - HTTP Request: POST http://localhost:8006/v1/chat/completions "HTTP/1.1 200 OK"
2026-08-17 19:05:50,178 - INFO - HTTP Request: POST http://localhost:8006/v1/chat/completions "HTTP/1.1 200 OK"
2026-08-17 19:05:58,462 - INFO - HTTP Request: POST http://localhost:8006/v1/chat/completions "HTTP/1.1 200 OK"

r1_cfg6:   4%|▍         | 2/50 [05:45<1:55:31, 144.41s/it]2026-08-17 19:06:00,423 - INFO - HTTP Request: POST http://localhost:8006/v1/chat/completions "HTTP/1.1 200 OK"
2026-08-17 19:06:02,962 - INFO - HTTP Request: POST http://localhost:8006/v1/chat/completions "HTTP/1.1 200 OK"

r1_cfg6:   6%|▌         | 3/50 [05:49<1:03:04, 80.52s/it] 2026-08-17 19:06:08,393 - INFO - HTTP Request: POST http://localhost:8006/v1/chat/completions "HTTP/1.1 200 OK"
2026-08-17 19:06:17,629 - INFO - HTTP Request: POST http://localhost:8006/v1/chat/completions "HTTP/1.1 200 OK"

r1_cfg6:   8%|▊         | 4/50 [06:04<41:48, 54.53s/it]  2026-08-17 19:06:20,457 - INFO - HTTP Request: POST http://localhost:8006/v1/chat/completions "HTTP/1.1 200 OK"

2026-08-17 19:06:20,674 - INFO - HTTP Request: POST http://localhost:8006/v1/chat/completions "HTTP/1.1 200 OK"
2026-08-17 19:06:25,396 - INFO - HTTP Request: POST http://localhost:8006/v1/chat/completions "HTTP/1.1 200 OK"
2026-08-17 19:06:32,149 - INFO - HTTP Request: POST http://localhost:8006/v1/chat/completions "HTTP/1.1 200 OK"

2026-08-17 19:06:37,798 - INFO - HTTP Request: POST http://localhost:8006/v1/chat/completions "HTTP/1.1 200 OK"

2026-08-17 19:06:40,187 - INFO - HTTP Request: POST http://localhost:8006/v1/chat/completions "HTTP/1.1 200 OK"
2026-08-17 19:06:47,243 - INFO - HTTP Request: POST http://localhost:8006/v1/chat/completions "HTTP/1.1 200 OK"
2026-08-17 19:06:49,204 - INFO - HTTP Request: POST http://localhost:8006/v1/chat/completions "HTTP/1.1 200 OK"

2026-08-17 19:06:58,986 - INFO - HTTP Request: POST http://localhost:8006/v1/chat/completions "HTTP/1.1 200 OK"
2026-08-17 19:07:02,188 - INFO - HTTP Request: POST http://localhost:8006/v1/chat/completions "HTTP/1.1 200 OK"

2026-08-17 19:07:05,015 - INFO - HTTP Request: POST http://localhost:8006/v1/chat/completions "HTTP/1.1 200 OK"
2026-08-17 19:07:11,990 - INFO - HTTP Request: POST http://localhost:8006/v1/chat/completions "HTTP/1.1 200 OK"

2026-08-17 19:07:14,383 - INFO - HTTP Request: POST http://localhost:8006/v1/chat/completions "HTTP/1.1 200 OK"

2026-08-17 19:07:15,904 - INFO - HTTP Request: POST http://localhost:8006/v1/chat/completions "HTTP/1.1 200 OK"
2026-08-17 19:07:26,056 - INFO - HTTP Request: POST http://localhost:8006/v1/chat/completions "HTTP/1.1 200 OK"
2026-08-17 19:07:27,144 - INFO - HTTP Request: POST http://localhost:8006/v1/chat/completions "HTTP/1.1 200 OK"

2026-08-17 19:07:37,145 - INFO - HTTP Request: POST http://localhost:8006/v1/chat/completions "HTTP/1.1 200 OK"
2026-08-17 19:07:39,258 - INFO - HTTP Request: POST http://localhost:8006/v1/chat/completions "HTTP/1.1 200 OK"

2026-08-17 19:07:39,920 - INFO - HTTP Request: POST http://localhost:8006/v1/chat/completions "HTTP/1.1 200 OK"
2026-08-17 19:07:50,809 - INFO - HTTP Request: POST http://localhost:8006/v1/chat/completions "HTTP/1.1 200 OK"

2026-08-17 19:07:51,026 - INFO - HTTP Request: POST http://localhost:8006/v1/chat/completions "HTTP/1.1 200 OK"
2026-08-17 19:07:53,577 - INFO - HTTP Request: POST http://localhost:8006/v1/chat/completions "HTTP/1.1 200 OK"

2026-08-17 19:08:03,799 - INFO - HTTP Request: POST http://localhost:8006/v1/chat/completions "HTTP/1.1 200 OK"
2026-08-17 19:08:04,531 - INFO - HTTP Request: POST http://localhost:8006/v1/chat/completions "HTTP/1.1 200 OK"

2026-08-17 19:08:15,428 - INFO - HTTP Request: POST http://localhost:8006/v1/chat/completions "HTTP/1.1 200 OK"
2026-08-17 19:08:17,322 - INFO - HTTP Request: POST http://localhost:8006/v1/chat/completions "HTTP/1.1 200 OK"

2026-08-17 19:08:18,419 - INFO - HTTP Request: POST http://localhost:8006/v1/chat/completions "HTTP/1.1 200 OK"
2026-08-17 19:08:28,434 - INFO - HTTP Request: POST http://localhost:8006/v1/chat/completions "HTTP/1.1 200 OK"

2026-08-17 19:08:29,097 - INFO - HTTP Request: POST http://localhost:8006/v1/chat/completions "HTTP/1.1 200 OK"
2026-08-17 19:08:33,113 - INFO - HTTP Request: POST http://localhost:8006/v1/chat/completions "HTTP/1.1 200 OK"

2026-08-17 19:08:37,683 - INFO - HTTP Request: POST http://localhost:8006/v1/chat/completions "HTTP/1.1 200 OK"
2026-08-17 19:08:42,137 - INFO - HTTP Request: POST http://localhost:8006/v1/chat/completions "HTTP/1.1 200 OK"

2026-08-17 19:08:48,887 - INFO - HTTP Request: POST http://localhost:8006/v1/chat/completions "HTTP/1.1 200 OK"
2026-08-17 19:08:51,003 - INFO - HTTP Request: POST http://localhost:8006/v1/chat/completions "HTTP/1.1 200 OK"

2026-08-17 19:08:53,617 - INFO - HTTP Request: POST http://localhost:8006/v1/chat/completions "HTTP/1.1 200 OK"
2026-08-17 19:08:59,284 - INFO - HTTP Request: POST http://localhost:8006/v1/chat/completions "HTTP/1.1 200 OK"

2026-08-17 19:09:02,546 - INFO - HTTP Request: POST http://localhost:8006/v1/chat/completions "HTTP/1.1 200 OK"
2026-08-17 19:09:04,607 - INFO - HTTP Request: POST http://localhost:8006/v1/chat/completions "HTTP/1.1 200 OK"

2026-08-17 19:09:15,042 - INFO - HTTP Request: POST http://localhost:8006/v1/chat/completions "HTTP/1.1 200 OK"

2026-08-17 19:09:20,252 - INFO - HTTP Request: POST http://localhost:8006/v1/chat/completions "HTTP/1.1 200 OK"
2026-08-17 19:09:28,610 - INFO - HTTP Request: POST http://localhost:8006/v1/chat/completions "HTTP/1.1 200 OK"
2026-08-17 19:09:33,987 - INFO - HTTP Request: POST http://localhost:8006/v1/chat/completions "HTTP/1.1 200 OK"
2026-08-17 19:09:34,866 - INFO - HTTP Request: POST http://localhost:8006/v1/chat/completions "HTTP/1.1 200 OK"

2026-08-17 19:09:44,441 - INFO - HTTP Request: POST http://localhost:8006/v1/chat/completions "HTTP/1.1 200 OK"

2026-08-17 19:09:44,659 - INFO - HTTP Request: POST http://localhost:8006/v1/chat/completions "HTTP/1.1 200 OK"
2026-08-17 19:09:44,876 - INFO - HTTP Request: POST http://localhost:8006/v1/chat/completions "HTTP/1.1 200 OK"

2026-08-17 19:09:55,195 - INFO - HTTP Request: POST http://localhost:8006/v1/chat/completions "HTTP/1.1 200 OK"
2026-08-17 19:09:57,909 - INFO - HTTP Request: POST http://localhost:8006/v1/chat/completions "HTTP/1.1 200 OK"

2026-08-17 19:10:05,086 - INFO - HTTP Request: POST http://localhost:8006/v1/chat/completions "HTTP/1.1 200 OK"
2026-08-17 19:10:05,520 - INFO - HTTP Request: POST http://localhost:8006/v1/chat/completions "HTTP/1.1 200 OK"
2026-08-17 19:10:11,568 - INFO - HTTP Request: POST http://localhost:8006/v1/chat/completions "HTTP/1.1 200 OK"

2026-08-17 19:10:17,664 - INFO - HTTP Request: POST http://localhost:8006/v1/chat/completions "HTTP/1.1 200 OK"

2026-08-17 19:10:18,537 - INFO - HTTP Request: POST http://localhost:8006/v1/chat/completions "HTTP/1.1 200 OK"
2026-08-17 19:10:21,301 - INFO - HTTP Request: POST http://localhost:8006/v1/chat/completions "HTTP/1.1 200 OK"

2026-08-17 19:10:33,261 - INFO - HTTP Request: POST http://localhost:8006/v1/chat/completions "HTTP/1.1 200 OK"

2026-08-17 19:10:41,079 - INFO - HTTP Request: POST http://localhost:8006/v1/chat/completions "HTTP/1.1 200 OK"
2026-08-17 19:10:47,486 - INFO - HTTP Request: POST http://localhost:8006/v1/chat/completions "HTTP/1.1 200 OK"
2026-08-17 19:10:51,128 - INFO - HTTP Request: POST http://localhost:8006/v1/chat/completions "HTTP/1.1 200 OK"
2026-08-17 19:10:54,190 - INFO - HTTP Request: POST http://localhost:8006/v1/chat/completions "HTTP/1.1 200 OK"

2026-08-17 19:11:03,125 - INFO - HTTP Request: POST http://localhost:8006/v1/chat/completions "HTTP/1.1 200 OK"

2026-08-17 19:11:03,343 - INFO - HTTP Request: POST http://localhost:8006/v1/chat/completions "HTTP/1.1 200 OK"
2026-08-17 19:11:13,240 - INFO - HTTP Request: POST http://localhost:8006/v1/chat/completions "HTTP/1.1 200 OK"

2026-08-17 19:11:17,163 - INFO - HTTP Request: POST http://localhost:8006/v1/chat/completions "HTTP/1.1 200 OK"

2026-08-17 19:11:27,589 - INFO - HTTP Request: POST http://localhost:8006/v1/chat/completions "HTTP/1.1 200 OK"
2026-08-17 19:11:36,387 - INFO - HTTP Request: POST http://localhost:8006/v1/chat/completions "HTTP/1.1 200 OK"
2026-08-17 19:11:41,766 - INFO - HTTP Request: POST http://localhost:8006/v1/chat/completions "HTTP/1.1 200 OK"

r1_cfg6:  10%|█         | 5/50 [11:28<1:53:48, 151.75s/it]2026-08-17 19:11:46,988 - INFO - HTTP Request: POST http://localhost:8006/v1/chat/completions "HTTP/1.1 200 OK"
2026-08-17 19:11:48,307 - INFO - HTTP Request: POST http://localhost:8006/v1/chat/completions "HTTP/1.1 200 OK"

r1_cfg6:  12%|█▏        | 6/50 [11:35<1:15:04, 102.38s/it]2026-08-17 19:11:49,171 - INFO - HTTP Request: POST http://localhost:8006/v1/chat/completions "HTTP/1.1 200 OK"
2026-08-17 19:12:00,569 - INFO - HTTP Request: POST http://localhost:8006/v1/chat/completions "HTTP/1.1 200 OK"

2026-08-17 19:12:00,570 - INFO - HTTP Request: POST http://localhost:8006/v1/chat/completions "HTTP/1.1 200 OK"
r1_cfg6:  14%|█▍        | 7/50 [11:47<52:15, 72.92s/it]   
r1_cfg6:  16%|█▌        | 8/50 [11:47<34:51, 49.79s/it]2026-08-17 19:12:04,471 - INFO - HTTP Request: POST http://localhost:8006/v1/chat/completions "HTTP/1.1 200 OK"
2026-08-17 19:12:11,085 - INFO - HTTP Request: POST http://localhost:8006/v1/chat/completions "HTTP/1.1 200 OK"
2026-08-17 19:12:14,229 - INFO - HTTP Request: POST http://localhost:8006/v1/chat/completions "HTTP/1.1 200 OK"

2026-08-17 19:12:19,662 - INFO - HTTP Request: POST http://localhost:8006/v1/chat/completions "HTTP/1.1 200 OK"

2026-08-17 19:12:23,569 - INFO - HTTP Request: POST http://localhost:8006/v1/chat/completions "HTTP/1.1 200 OK"
2026-08-17 19:12:23,786 - INFO - HTTP Request: POST http://localhost:8006/v1/chat/completions "HTTP/1.1 200 OK"
2026-08-17 19:12:32,577 - INFO - HTTP Request: POST http://localhost:8006/v1/chat/completions "HTTP/1.1 200 OK"

2026-08-17 19:12:39,530 - INFO - HTTP Request: POST http://localhost:8006/v1/chat/completions "HTTP/1.1 200 OK"

2026-08-17 19:12:40,833 - INFO - HTTP Request: POST http://localhost:8006/v1/chat/completions "HTTP/1.1 200 OK"
2026-08-17 19:12:46,580 - INFO - HTTP Request: POST http://localhost:8006/v1/chat/completions "HTTP/1.1 200 OK"
2026-08-17 19:12:55,813 - INFO - HTTP Request: POST http://localhost:8006/v1/chat/completions "HTTP/1.1 200 OK"

2026-08-17 19:12:59,295 - INFO - HTTP Request: POST http://localhost:8006/v1/chat/completions "HTTP/1.1 200 OK"
2026-08-17 19:13:03,207 - INFO - HTTP Request: POST http://localhost:8006/v1/chat/completions "HTTP/1.1 200 OK"

2026-08-17 19:13:06,467 - INFO - HTTP Request: POST http://localhost:8006/v1/chat/completions "HTTP/1.1 200 OK"
2026-08-17 19:13:13,357 - INFO - HTTP Request: POST http://localhost:8006/v1/chat/completions "HTTP/1.1 200 OK"

2026-08-17 19:13:19,011 - INFO - HTTP Request: POST http://localhost:8006/v1/chat/completions "HTTP/1.1 200 OK"

2026-08-17 19:13:20,747 - INFO - HTTP Request: POST http://localhost:8006/v1/chat/completions "HTTP/1.1 200 OK"
2026-08-17 19:13:28,230 - INFO - HTTP Request: POST http://localhost:8006/v1/chat/completions "HTTP/1.1 200 OK"
2026-08-17 19:13:36,164 - INFO - HTTP Request: POST http://localhost:8006/v1/chat/completions "HTTP/1.1 200 OK"

2026-08-17 19:13:38,348 - INFO - HTTP Request: POST http://localhost:8006/v1/chat/completions "HTTP/1.1 200 OK"
2026-08-17 19:13:44,225 - INFO - HTTP Request: POST http://localhost:8006/v1/chat/completions "HTTP/1.1 200 OK"
2026-08-17 19:13:45,198 - INFO - HTTP Request: POST http://localhost:8006/v1/chat/completions "HTTP/1.1 200 OK"

2026-08-17 19:13:52,602 - INFO - HTTP Request: POST http://localhost:8006/v1/chat/completions "HTTP/1.1 200 OK"

2026-08-17 19:13:56,520 - INFO - HTTP Request: POST http://localhost:8006/v1/chat/completions "HTTP/1.1 200 OK"

2026-08-17 19:14:00,216 - INFO - HTTP Request: POST http://localhost:8006/v1/chat/completions "HTTP/1.1 200 OK"
2026-08-17 19:14:09,118 - INFO - HTTP Request: POST http://localhost:8006/v1/chat/completions "HTTP/1.1 200 OK"
2026-08-17 19:14:14,433 - INFO - HTTP Request: POST http://localhost:8006/v1/chat/completions "HTTP/1.1 200 OK"

2026-08-17 19:14:17,483 - INFO - HTTP Request: POST http://localhost:8006/v1/chat/completions "HTTP/1.1 200 OK"
2026-08-17 19:14:21,331 - INFO - HTTP Request: POST http://localhost:8006/v1/chat/completions "HTTP/1.1 200 OK"
2026-08-17 19:14:21,332 - INFO - HTTP Request: POST http://localhost:8006/v1/chat/completions "HTTP/1.1 200 OK"

2026-08-17 19:14:30,347 - INFO - HTTP Request: POST http://localhost:8006/v1/chat/completions "HTTP/1.1 200 OK"

2026-08-17 19:14:33,833 - INFO - HTTP Request: POST http://localhost:8006/v1/chat/completions "HTTP/1.1 200 OK"

2026-08-17 19:14:34,708 - INFO - HTTP Request: POST http://localhost:8006/v1/chat/completions "HTTP/1.1 200 OK"
2026-08-17 19:14:41,758 - INFO - HTTP Request: POST http://localhost:8006/v1/chat/completions "HTTP/1.1 200 OK"
2026-08-17 19:14:45,336 - INFO - HTTP Request: POST http://localhost:8006/v1/chat/completions "HTTP/1.1 200 OK"

2026-08-17 19:14:50,335 - INFO - HTTP Request: POST http://localhost:8006/v1/chat/completions "HTTP/1.1 200 OK"
2026-08-17 19:14:51,637 - INFO - HTTP Request: POST http://localhost:8006/v1/chat/completions "HTTP/1.1 200 OK"

2026-08-17 19:14:54,031 - INFO - HTTP Request: POST http://localhost:8006/v1/chat/completions "HTTP/1.1 200 OK"
2026-08-17 19:15:02,660 - INFO - HTTP Request: POST http://localhost:8006/v1/chat/completions "HTTP/1.1 200 OK"

2026-08-17 19:15:04,184 - INFO - HTTP Request: POST http://localhost:8006/v1/chat/completions "HTTP/1.1 200 OK"

2026-08-17 19:15:14,599 - INFO - HTTP Request: POST http://localhost:8006/v1/chat/completions "HTTP/1.1 200 OK"
2026-08-17 19:15:20,992 - INFO - HTTP Request: POST http://localhost:8006/v1/chat/completions "HTTP/1.1 200 OK"
2026-08-17 19:15:30,007 - INFO - HTTP Request: POST http://localhost:8006/v1/chat/completions "HTTP/1.1 200 OK"

2026-08-17 19:15:31,966 - INFO - HTTP Request: POST http://localhost:8006/v1/chat/completions "HTTP/1.1 200 OK"
2026-08-17 19:15:33,636 - INFO - HTTP Request: POST http://localhost:8006/v1/chat/completions "HTTP/1.1 200 OK"
2026-08-17 19:15:36,128 - INFO - HTTP Request: POST http://localhost:8006/v1/chat/completions "HTTP/1.1 200 OK"

2026-08-17 19:15:43,307 - INFO - HTTP Request: POST http://localhost:8006/v1/chat/completions "HTTP/1.1 200 OK"

2026-08-17 19:15:45,917 - INFO - HTTP Request: POST http://localhost:8006/v1/chat/completions "HTTP/1.1 200 OK"

2026-08-17 19:15:50,475 - INFO - HTTP Request: POST http://localhost:8006/v1/chat/completions "HTTP/1.1 200 OK"
2026-08-17 19:15:56,437 - INFO - HTTP Request: POST http://localhost:8006/v1/chat/completions "HTTP/1.1 200 OK"
2026-08-17 19:16:03,934 - INFO - HTTP Request: POST http://localhost:8006/v1/chat/completions "HTTP/1.1 200 OK"
2026-08-17 19:16:05,676 - INFO - HTTP Request: POST http://localhost:8006/v1/chat/completions "HTTP/1.1 200 OK"

2026-08-17 19:16:06,767 - INFO - HTTP Request: POST http://localhost:8006/v1/chat/completions "HTTP/1.1 200 OK"
2026-08-17 19:16:09,045 - INFO - HTTP Request: POST http://localhost:8006/v1/chat/completions "HTTP/1.1 200 OK"

2026-08-17 19:16:19,055 - INFO - HTTP Request: POST http://localhost:8006/v1/chat/completions "HTTP/1.1 200 OK"

2026-08-17 19:16:27,318 - INFO - HTTP Request: POST http://localhost:8006/v1/chat/completions "HTTP/1.1 200 OK"

2026-08-17 19:16:35,134 - INFO - HTTP Request: POST http://localhost:8006/v1/chat/completions "HTTP/1.1 200 OK"
2026-08-17 19:16:38,493 - INFO - HTTP Request: POST http://localhost:8006/v1/chat/completions "HTTP/1.1 200 OK"
2026-08-17 19:16:48,817 - INFO - HTTP Request: POST http://localhost:8006/v1/chat/completions "HTTP/1.1 200 OK"
2026-08-17 19:16:50,778 - INFO - HTTP Request: POST http://localhost:8006/v1/chat/completions "HTTP/1.1 200 OK"

2026-08-17 19:16:52,312 - INFO - HTTP Request: POST http://localhost:8006/v1/chat/completions "HTTP/1.1 200 OK"

2026-08-17 19:16:57,321 - INFO - HTTP Request: POST http://localhost:8006/v1/chat/completions "HTTP/1.1 200 OK"
2026-08-17 19:16:59,166 - INFO - HTTP Request: POST http://localhost:8006/v1/chat/completions "HTTP/1.1 200 OK"

2026-08-17 19:17:13,519 - INFO - HTTP Request: POST http://localhost:8006/v1/chat/completions "HTTP/1.1 200 OK"

2026-08-17 19:17:23,511 - INFO - HTTP Request: POST http://localhost:8006/v1/chat/completions "HTTP/1.1 200 OK"
2026-08-17 19:17:26,000 - INFO - HTTP Request: POST http://localhost:8006/v1/chat/completions "HTTP/1.1 200 OK"
2026-08-17 19:17:32,850 - INFO - HTTP Request: POST http://localhost:8006/v1/chat/completions "HTTP/1.1 200 OK"
2026-08-17 19:17:39,606 - INFO - HTTP Request: POST http://localhost:8006/v1/chat/completions "HTTP/1.1 200 OK"

r1_cfg6:  18%|█▊        | 9/50 [17:26<1:35:45, 140.13s/it]2026-08-17 19:17:42,655 - INFO - HTTP Request: POST http://localhost:8006/v1/chat/completions "HTTP/1.1 200 OK"

r1_cfg6:  20%|██        | 10/50 [17:29<1:05:12, 97.81s/it]2026-08-17 19:17:45,700 - INFO - HTTP Request: POST http://localhost:8006/v1/chat/completions "HTTP/1.1 200 OK"

r1_cfg6:  22%|██▏       | 11/50 [17:32<44:43, 68.81s/it]  2026-08-17 19:17:47,437 - INFO - HTTP Request: POST http://localhost:8006/v1/chat/completions "HTTP/1.1 200 OK"
2026-08-17 19:18:00,575 - INFO - HTTP Request: POST http://localhost:8006/v1/chat/completions "HTTP/1.1 200 OK"

r1_cfg6:  24%|██▍       | 12/50 [17:47<33:11, 52.40s/it]2026-08-17 19:18:01,448 - INFO - HTTP Request: POST http://localhost:8006/v1/chat/completions "HTTP/1.1 200 OK"
2026-08-17 19:18:04,993 - INFO - HTTP Request: POST http://localhost:8006/v1/chat/completions "HTTP/1.1 200 OK"
2026-08-17 19:18:08,188 - INFO - HTTP Request: POST http://localhost:8006/v1/chat/completions "HTTP/1.1 200 OK"
2026-08-17 19:18:12,695 - INFO - HTTP Request: POST http://localhost:8006/v1/chat/completions "HTTP/1.1 200 OK"

2026-08-17 19:18:18,354 - INFO - HTTP Request: POST http://localhost:8006/v1/chat/completions "HTTP/1.1 200 OK"

2026-08-17 19:18:18,789 - INFO - HTTP Request: POST http://localhost:8006/v1/chat/completions "HTTP/1.1 200 OK"

2026-08-17 19:18:23,345 - INFO - HTTP Request: POST http://localhost:8006/v1/chat/completions "HTTP/1.1 200 OK"
2026-08-17 19:18:33,651 - INFO - HTTP Request: POST http://localhost:8006/v1/chat/completions "HTTP/1.1 200 OK"

2026-08-17 19:18:39,076 - INFO - HTTP Request: POST http://localhost:8006/v1/chat/completions "HTTP/1.1 200 OK"
2026-08-17 19:18:44,858 - INFO - HTTP Request: POST http://localhost:8006/v1/chat/completions "HTTP/1.1 200 OK"
2026-08-17 19:18:45,607 - INFO - HTTP Request: POST http://localhost:8006/v1/chat/completions "HTTP/1.1 200 OK"
2026-08-17 19:18:50,607 - INFO - HTTP Request: POST http://localhost:8006/v1/chat/completions "HTTP/1.1 200 OK"

2026-08-17 19:18:59,532 - INFO - HTTP Request: POST http://localhost:8006/v1/chat/completions "HTTP/1.1 200 OK"

2026-08-17 19:19:00,623 - INFO - HTTP Request: POST http://localhost:8006/v1/chat/completions "HTTP/1.1 200 OK"

2026-08-17 19:19:00,624 - INFO - HTTP Request: POST http://localhost:8006/v1/chat/completions "HTTP/1.1 200 OK"
2026-08-17 19:19:14,192 - INFO - HTTP Request: POST http://localhost:8006/v1/chat/completions "HTTP/1.1 200 OK"

2026-08-17 19:19:15,278 - INFO - HTTP Request: POST http://localhost:8006/v1/chat/completions "HTTP/1.1 200 OK"
2026-08-17 19:19:24,261 - INFO - HTTP Request: POST http://localhost:8006/v1/chat/completions "HTTP/1.1 200 OK"
2026-08-17 19:19:24,262 - INFO - HTTP Request: POST http://localhost:8006/v1/chat/completions "HTTP/1.1 200 OK"
2026-08-17 19:19:26,546 - INFO - HTTP Request: POST http://localhost:8006/v1/chat/completions "HTTP/1.1 200 OK"

2026-08-17 19:19:36,784 - INFO - HTTP Request: POST http://localhost:8006/v1/chat/completions "HTTP/1.1 200 OK"

2026-08-17 19:19:37,663 - INFO - HTTP Request: POST http://localhost:8006/v1/chat/completions "HTTP/1.1 200 OK"

2026-08-17 19:19:39,406 - INFO - HTTP Request: POST http://localhost:8006/v1/chat/completions "HTTP/1.1 200 OK"
2026-08-17 19:19:51,017 - INFO - HTTP Request: POST http://localhost:8006/v1/chat/completions "HTTP/1.1 200 OK"
2026-08-17 19:19:51,452 - INFO - HTTP Request: POST http://localhost:8006/v1/chat/completions "HTTP/1.1 200 OK"

2026-08-17 19:20:01,441 - INFO - HTTP Request: POST http://localhost:8006/v1/chat/completions "HTTP/1.1 200 OK"
2026-08-17 19:20:02,682 - INFO - HTTP Request: POST http://localhost:8006/v1/chat/completions "HTTP/1.1 200 OK"
2026-08-17 19:20:03,708 - INFO - HTTP Request: POST http://localhost:8006/v1/chat/completions "HTTP/1.1 200 OK"

2026-08-17 19:20:15,247 - INFO - HTTP Request: POST http://localhost:8006/v1/chat/completions "HTTP/1.1 200 OK"

2026-08-17 19:20:15,467 - INFO - HTTP Request: POST http://localhost:8006/v1/chat/completions "HTTP/1.1 200 OK"

2026-08-17 19:20:15,909 - INFO - HTTP Request: POST http://localhost:8006/v1/chat/completions "HTTP/1.1 200 OK"
2026-08-17 19:20:23,830 - INFO - HTTP Request: POST http://localhost:8006/v1/chat/completions "HTTP/1.1 200 OK"
2026-08-17 19:20:27,820 - INFO - HTTP Request: POST http://localhost:8006/v1/chat/completions "HTTP/1.1 200 OK"

2026-08-17 19:20:32,604 - INFO - HTTP Request: POST http://localhost:8006/v1/chat/completions "HTTP/1.1 200 OK"

2026-08-17 19:20:35,426 - INFO - HTTP Request: POST http://localhost:8006/v1/chat/completions "HTTP/1.1 200 OK"
2026-08-17 19:20:35,642 - INFO - HTTP Request: POST http://localhost:8006/v1/chat/completions "HTTP/1.1 200 OK"
2026-08-17 19:20:46,397 - INFO - HTTP Request: POST http://localhost:8006/v1/chat/completions "HTTP/1.1 200 OK"

2026-08-17 19:20:47,921 - INFO - HTTP Request: POST http://localhost:8006/v1/chat/completions "HTTP/1.1 200 OK"

2026-08-17 19:20:48,355 - INFO - HTTP Request: POST http://localhost:8006/v1/chat/completions "HTTP/1.1 200 OK"
2026-08-17 19:21:02,368 - INFO - HTTP Request: POST http://localhost:8006/v1/chat/completions "HTTP/1.1 200 OK"

2026-08-17 19:21:02,369 - INFO - HTTP Request: POST http://localhost:8006/v1/chat/completions "HTTP/1.1 200 OK"
2026-08-17 19:21:15,470 - INFO - HTTP Request: POST http://localhost:8006/v1/chat/completions "HTTP/1.1 200 OK"
2026-08-17 19:21:15,472 - INFO - HTTP Request: POST http://localhost:8006/v1/chat/completions "HTTP/1.1 200 OK"

2026-08-17 19:21:17,359 - INFO - HTTP Request: POST http://localhost:8006/v1/chat/completions "HTTP/1.1 200 OK"
2026-08-17 19:21:26,429 - INFO - HTTP Request: POST http://localhost:8006/v1/chat/completions "HTTP/1.1 200 OK"

2026-08-17 19:21:27,737 - INFO - HTTP Request: POST http://localhost:8006/v1/chat/completions "HTTP/1.1 200 OK"

2026-08-17 19:21:31,860 - INFO - HTTP Request: POST http://localhost:8006/v1/chat/completions "HTTP/1.1 200 OK"
2026-08-17 19:21:36,518 - INFO - HTTP Request: POST http://localhost:8006/v1/chat/completions "HTTP/1.1 200 OK"
2026-08-17 19:21:43,612 - INFO - HTTP Request: POST http://localhost:8006/v1/chat/completions "HTTP/1.1 200 OK"

2026-08-17 19:21:46,872 - INFO - HTTP Request: POST http://localhost:8006/v1/chat/completions "HTTP/1.1 200 OK"
2026-08-17 19:21:48,331 - INFO - HTTP Request: POST http://localhost:8006/v1/chat/completions "HTTP/1.1 200 OK"

2026-08-17 19:21:48,549 - INFO - HTTP Request: POST http://localhost:8006/v1/chat/completions "HTTP/1.1 200 OK"
2026-08-17 19:22:02,638 - INFO - HTTP Request: POST http://localhost:8006/v1/chat/completions "HTTP/1.1 200 OK"

2026-08-17 19:22:04,381 - INFO - HTTP Request: POST http://localhost:8006/v1/chat/completions "HTTP/1.1 200 OK"
2026-08-17 19:22:05,785 - INFO - HTTP Request: POST http://localhost:8006/v1/chat/completions "HTTP/1.1 200 OK"

2026-08-17 19:22:15,784 - INFO - HTTP Request: POST http://localhost:8006/v1/chat/completions "HTTP/1.1 200 OK"

2026-08-17 19:22:18,173 - INFO - HTTP Request: POST http://localhost:8006/v1/chat/completions "HTTP/1.1 200 OK"
2026-08-17 19:22:30,635 - INFO - HTTP Request: POST http://localhost:8006/v1/chat/completions "HTTP/1.1 200 OK"

2026-08-17 19:22:32,163 - INFO - HTTP Request: POST http://localhost:8006/v1/chat/completions "HTTP/1.1 200 OK"
2026-08-17 19:22:35,364 - INFO - HTTP Request: POST http://localhost:8006/v1/chat/completions "HTTP/1.1 200 OK"
2026-08-17 19:22:45,755 - INFO - HTTP Request: POST http://localhost:8006/v1/chat/completions "HTTP/1.1 200 OK"
2026-08-17 19:22:45,974 - INFO - HTTP Request: POST http://localhost:8006/v1/chat/completions "HTTP/1.1 200 OK"

2026-08-17 19:22:49,997 - INFO - HTTP Request: POST http://localhost:8006/v1/chat/completions "HTTP/1.1 200 OK"

2026-08-17 19:23:00,654 - INFO - HTTP Request: POST http://localhost:8006/v1/chat/completions "HTTP/1.1 200 OK"

2026-08-17 19:23:04,786 - INFO - HTTP Request: POST http://localhost:8006/v1/chat/completions "HTTP/1.1 200 OK"
2026-08-17 19:23:14,641 - INFO - HTTP Request: POST http://localhost:8006/v1/chat/completions "HTTP/1.1 200 OK"

r1_cfg6:  26%|██▌       | 13/50 [23:01<1:21:11, 131.67s/it]2026-08-17 19:23:18,766 - INFO - HTTP Request: POST http://localhost:8006/v1/chat/completions "HTTP/1.1 200 OK"
2026-08-17 19:23:23,485 - INFO - HTTP Request: POST http://localhost:8006/v1/chat/completions "HTTP/1.1 200 OK"
2026-08-17 19:23:33,442 - INFO - HTTP Request: POST http://localhost:8006/v1/chat/completions "HTTP/1.1 200 OK"

r1_cfg6:  28%|██▊       | 14/50 [23:20<58:32, 97.58s/it]   2026-08-17 19:23:33,876 - INFO - HTTP Request: POST http://localhost:8006/v1/chat/completions "HTTP/1.1 200 OK"
2026-08-17 19:23:36,152 - INFO - HTTP Request: POST http://localhost:8006/v1/chat/completions "HTTP/1.1 200 OK"

r1_cfg6:  30%|███       | 15/50 [23:22<40:14, 68.98s/it]2026-08-17 19:23:37,675 - INFO - HTTP Request: POST http://localhost:8006/v1/chat/completions "HTTP/1.1 200 OK"
2026-08-17 19:23:47,122 - INFO - HTTP Request: POST http://localhost:8006/v1/chat/completions "HTTP/1.1 200 OK"

r1_cfg6:  32%|███▏      | 16/50 [23:33<29:11, 51.52s/it]2026-08-17 19:23:51,250 - INFO - HTTP Request: POST http://localhost:8006/v1/chat/completions "HTTP/1.1 200 OK"

2026-08-17 19:23:55,807 - INFO - HTTP Request: POST http://localhost:8006/v1/chat/completions "HTTP/1.1 200 OK"
2026-08-17 19:23:58,727 - INFO - HTTP Request: POST http://localhost:8006/v1/chat/completions "HTTP/1.1 200 OK"
2026-08-17 19:24:07,528 - INFO - HTTP Request: POST http://localhost:8006/v1/chat/completions "HTTP/1.1 200 OK"

2026-08-17 19:24:09,704 - INFO - HTTP Request: POST http://localhost:8006/v1/chat/completions "HTTP/1.1 200 OK"
2026-08-17 19:24:16,599 - INFO - HTTP Request: POST http://localhost:8006/v1/chat/completions "HTTP/1.1 200 OK"

2026-08-17 19:24:18,339 - INFO - HTTP Request: POST http://localhost:8006/v1/chat/completions "HTTP/1.1 200 OK"
2026-08-17 19:24:21,481 - INFO - HTTP Request: POST http://localhost:8006/v1/chat/completions "HTTP/1.1 200 OK"

2026-08-17 19:24:28,215 - INFO - HTTP Request: POST http://localhost:8006/v1/chat/completions "HTTP/1.1 200 OK"

2026-08-17 19:24:34,291 - INFO - HTTP Request: POST http://localhost:8006/v1/chat/completions "HTTP/1.1 200 OK"
2026-08-17 19:24:43,296 - INFO - HTTP Request: POST http://localhost:8006/v1/chat/completions "HTTP/1.1 200 OK"
2026-08-17 19:24:46,495 - INFO - HTTP Request: POST http://localhost:8006/v1/chat/completions "HTTP/1.1 200 OK"

2026-08-17 19:24:48,237 - INFO - HTTP Request: POST http://localhost:8006/v1/chat/completions "HTTP/1.1 200 OK"
2026-08-17 19:24:53,613 - INFO - HTTP Request: POST http://localhost:8006/v1/chat/completions "HTTP/1.1 200 OK"
2026-08-17 19:25:00,680 - INFO - HTTP Request: POST http://localhost:8006/v1/chat/completions "HTTP/1.1 200 OK"

2026-08-17 19:25:02,206 - INFO - HTTP Request: POST http://localhost:8006/v1/chat/completions "HTTP/1.1 200 OK"

2026-08-17 19:25:07,423 - INFO - HTTP Request: POST http://localhost:8006/v1/chat/completions "HTTP/1.1 200 OK"

2026-08-17 19:25:10,468 - INFO - HTTP Request: POST http://localhost:8006/v1/chat/completions "HTTP/1.1 200 OK"
2026-08-17 19:25:25,128 - INFO - HTTP Request: POST http://localhost:8006/v1/chat/completions "HTTP/1.1 200 OK"

2026-08-17 19:25:25,346 - INFO - HTTP Request: POST http://localhost:8006/v1/chat/completions "HTTP/1.1 200 OK"
2026-08-17 19:25:27,236 - INFO - HTTP Request: POST http://localhost:8006/v1/chat/completions "HTTP/1.1 200 OK"
2026-08-17 19:25:31,957 - INFO - HTTP Request: POST http://localhost:8006/v1/chat/completions "HTTP/1.1 200 OK"
2026-08-17 19:25:42,505 - INFO - HTTP Request: POST http://localhost:8006/v1/chat/completions "HTTP/1.1 200 OK"

2026-08-17 19:25:43,605 - INFO - HTTP Request: POST http://localhost:8006/v1/chat/completions "HTTP/1.1 200 OK"

2026-08-17 19:25:44,700 - INFO - HTTP Request: POST http://localhost:8006/v1/chat/completions "HTTP/1.1 200 OK"

2026-08-17 19:25:50,345 - INFO - HTTP Request: POST http://localhost:8006/v1/chat/completions "HTTP/1.1 200 OK"
2026-08-17 19:26:02,826 - INFO - HTTP Request: POST http://localhost:8006/v1/chat/completions "HTTP/1.1 200 OK"

2026-08-17 19:26:04,788 - INFO - HTTP Request: POST http://localhost:8006/v1/chat/completions "HTTP/1.1 200 OK"
2026-08-17 19:26:07,057 - INFO - HTTP Request: POST http://localhost:8006/v1/chat/completions "HTTP/1.1 200 OK"
2026-08-17 19:26:08,083 - INFO - HTTP Request: POST http://localhost:8006/v1/chat/completions "HTTP/1.1 200 OK"
2026-08-17 19:26:15,587 - INFO - HTTP Request: POST http://localhost:8006/v1/chat/completions "HTTP/1.1 200 OK"

2026-08-17 19:26:19,943 - INFO - HTTP Request: POST http://localhost:8006/v1/chat/completions "HTTP/1.1 200 OK"

2026-08-17 19:26:20,822 - INFO - HTTP Request: POST http://localhost:8006/v1/chat/completions "HTTP/1.1 200 OK"

2026-08-17 19:26:23,647 - INFO - HTTP Request: POST http://localhost:8006/v1/chat/completions "HTTP/1.1 200 OK"
2026-08-17 19:26:37,217 - INFO - HTTP Request: POST http://localhost:8006/v1/chat/completions "HTTP/1.1 200 OK"

2026-08-17 19:26:40,040 - INFO - HTTP Request: POST http://localhost:8006/v1/chat/completions "HTTP/1.1 200 OK"
2026-08-17 19:26:40,786 - INFO - HTTP Request: POST http://localhost:8006/v1/chat/completions "HTTP/1.1 200 OK"
2026-08-17 19:26:45,344 - INFO - HTTP Request: POST http://localhost:8006/v1/chat/completions "HTTP/1.1 200 OK"
2026-08-17 19:26:53,498 - INFO - HTTP Request: POST http://localhost:8006/v1/chat/completions "HTTP/1.1 200 OK"

2026-08-17 19:26:55,461 - INFO - HTTP Request: POST http://localhost:8006/v1/chat/completions "HTTP/1.1 200 OK"

2026-08-17 19:26:56,550 - INFO - HTTP Request: POST http://localhost:8006/v1/chat/completions "HTTP/1.1 200 OK"

2026-08-17 19:27:06,963 - INFO - HTTP Request: POST http://localhost:8006/v1/chat/completions "HTTP/1.1 200 OK"
2026-08-17 19:27:16,839 - INFO - HTTP Request: POST http://localhost:8006/v1/chat/completions "HTTP/1.1 200 OK"
2026-08-17 19:27:20,853 - INFO - HTTP Request: POST http://localhost:8006/v1/chat/completions "HTTP/1.1 200 OK"

2026-08-17 19:27:22,812 - INFO - HTTP Request: POST http://localhost:8006/v1/chat/completions "HTTP/1.1 200 OK"
2026-08-17 19:27:25,092 - INFO - HTTP Request: POST http://localhost:8006/v1/chat/completions "HTTP/1.1 200 OK"
2026-08-17 19:27:27,638 - INFO - HTTP Request: POST http://localhost:8006/v1/chat/completions "HTTP/1.1 200 OK"

2026-08-17 19:27:37,650 - INFO - HTTP Request: POST http://localhost:8006/v1/chat/completions "HTTP/1.1 200 OK"

2026-08-17 19:27:38,084 - INFO - HTTP Request: POST http://localhost:8006/v1/chat/completions "HTTP/1.1 200 OK"

2026-08-17 19:27:41,563 - INFO - HTTP Request: POST http://localhost:8006/v1/chat/completions "HTTP/1.1 200 OK"
2026-08-17 19:27:52,966 - INFO - HTTP Request: POST http://localhost:8006/v1/chat/completions "HTTP/1.1 200 OK"

2026-08-17 19:27:57,093 - INFO - HTTP Request: POST http://localhost:8006/v1/chat/completions "HTTP/1.1 200 OK"
2026-08-17 19:27:58,277 - INFO - HTTP Request: POST http://localhost:8006/v1/chat/completions "HTTP/1.1 200 OK"
2026-08-17 19:27:59,007 - INFO - HTTP Request: POST http://localhost:8006/v1/chat/completions "HTTP/1.1 200 OK"
2026-08-17 19:28:09,262 - INFO - HTTP Request: POST http://localhost:8006/v1/chat/completions "HTTP/1.1 200 OK"

2026-08-17 19:28:13,842 - INFO - HTTP Request: POST http://localhost:8006/v1/chat/completions "HTTP/1.1 200 OK"

2026-08-17 19:28:15,367 - INFO - HTTP Request: POST http://localhost:8006/v1/chat/completions "HTTP/1.1 200 OK"

2026-08-17 19:28:23,182 - INFO - HTTP Request: POST http://localhost:8006/v1/chat/completions "HTTP/1.1 200 OK"
2026-08-17 19:28:34,587 - INFO - HTTP Request: POST http://localhost:8006/v1/chat/completions "HTTP/1.1 200 OK"

2026-08-17 19:28:42,196 - INFO - HTTP Request: POST http://localhost:8006/v1/chat/completions "HTTP/1.1 200 OK"
2026-08-17 19:28:43,723 - INFO - HTTP Request: POST http://localhost:8006/v1/chat/completions "HTTP/1.1 200 OK"
2026-08-17 19:28:45,620 - INFO - HTTP Request: POST http://localhost:8006/v1/chat/completions "HTTP/1.1 200 OK"
2026-08-17 19:28:52,261 - INFO - HTTP Request: POST http://localhost:8006/v1/chat/completions "HTTP/1.1 200 OK"

r1_cfg6:  34%|███▍      | 17/50 [28:39<1:10:16, 127.78s/it]2026-08-17 19:28:56,834 - INFO - HTTP Request: POST http://localhost:8006/v1/chat/completions "HTTP/1.1 200 OK"

2026-08-17 19:29:00,105 - INFO - HTTP Request: POST http://localhost:8006/v1/chat/completions "HTTP/1.1 200 OK"

2026-08-17 19:29:08,364 - INFO - HTTP Request: POST http://localhost:8006/v1/chat/completions "HTTP/1.1 200 OK"
2026-08-17 19:29:14,546 - INFO - HTTP Request: POST http://localhost:8006/v1/chat/completions "HTTP/1.1 200 OK"
2026-08-17 19:29:19,213 - INFO - HTTP Request: POST http://localhost:8006/v1/chat/completions "HTTP/1.1 200 OK"

r1_cfg6:  36%|███▌      | 18/50 [29:05<51:59, 97.49s/it]   2026-08-17 19:29:26,603 - INFO - HTTP Request: POST http://localhost:8006/v1/chat/completions "HTTP/1.1 200 OK"

2026-08-17 19:29:29,860 - INFO - HTTP Request: POST http://localhost:8006/v1/chat/completions "HTTP/1.1 200 OK"
2026-08-17 19:29:34,145 - INFO - HTTP Request: POST http://localhost:8006/v1/chat/completions "HTTP/1.1 200 OK"
2026-08-17 19:29:41,869 - INFO - HTTP Request: POST http://localhost:8006/v1/chat/completions "HTTP/1.1 200 OK"
2026-08-17 19:29:44,419 - INFO - HTTP Request: POST http://localhost:8006/v1/chat/completions "HTTP/1.1 200 OK"

r1_cfg6:  38%|███▊      | 19/50 [29:31<39:09, 75.77s/it]2026-08-17 19:29:52,042 - INFO - HTTP Request: POST http://localhost:8006/v1/chat/completions "HTTP/1.1 200 OK"

r1_cfg6:  40%|████      | 20/50 [29:38<27:39, 55.31s/it]2026-08-17 19:29:53,782 - INFO - HTTP Request: POST http://localhost:8006/v1/chat/completions "HTTP/1.1 200 OK"
2026-08-17 19:29:56,053 - INFO - HTTP Request: POST http://localhost:8006/v1/chat/completions "HTTP/1.1 200 OK"

2026-08-17 19:30:05,616 - INFO - HTTP Request: POST http://localhost:8006/v1/chat/completions "HTTP/1.1 200 OK"

2026-08-17 19:30:06,485 - INFO - HTTP Request: POST http://localhost:8006/v1/chat/completions "HTTP/1.1 200 OK"
2026-08-17 19:30:14,620 - INFO - HTTP Request: POST http://localhost:8006/v1/chat/completions "HTTP/1.1 200 OK"
2026-08-17 19:30:16,734 - INFO - HTTP Request: POST http://localhost:8006/v1/chat/completions "HTTP/1.1 200 OK"

2026-08-17 19:30:22,818 - INFO - HTTP Request: POST http://localhost:8006/v1/chat/completions "HTTP/1.1 200 OK"
2026-08-17 19:30:24,714 - INFO - HTTP Request: POST http://localhost:8006/v1/chat/completions "HTTP/1.1 200 OK"

2026-08-17 19:30:29,932 - INFO - HTTP Request: POST http://localhost:8006/v1/chat/completions "HTTP/1.1 200 OK"
2026-08-17 19:30:33,510 - INFO - HTTP Request: POST http://localhost:8006/v1/chat/completions "HTTP/1.1 200 OK"

2026-08-17 19:30:43,072 - INFO - HTTP Request: POST http://localhost:8006/v1/chat/completions "HTTP/1.1 200 OK"

2026-08-17 19:30:43,504 - INFO - HTTP Request: POST http://localhost:8006/v1/chat/completions "HTTP/1.1 200 OK"
2026-08-17 19:30:51,436 - INFO - HTTP Request: POST http://localhost:8006/v1/chat/completions "HTTP/1.1 200 OK"
2026-08-17 19:30:53,765 - INFO - HTTP Request: POST http://localhost:8006/v1/chat/completions "HTTP/1.1 200 OK"

2026-08-17 19:30:57,462 - INFO - HTTP Request: POST http://localhost:8006/v1/chat/completions "HTTP/1.1 200 OK"
2026-08-17 19:31:07,412 - INFO - HTTP Request: POST http://localhost:8006/v1/chat/completions "HTTP/1.1 200 OK"

2026-08-17 19:31:07,630 - INFO - HTTP Request: POST http://localhost:8006/v1/chat/completions "HTTP/1.1 200 OK"
2026-08-17 19:31:15,121 - INFO - HTTP Request: POST http://localhost:8006/v1/chat/completions "HTTP/1.1 200 OK"

2026-08-17 19:31:18,824 - INFO - HTTP Request: POST http://localhost:8006/v1/chat/completions "HTTP/1.1 200 OK"
2026-08-17 19:31:20,446 - INFO - HTTP Request: POST http://localhost:8006/v1/chat/completions "HTTP/1.1 200 OK"

2026-08-17 19:31:31,103 - INFO - HTTP Request: POST http://localhost:8006/v1/chat/completions "HTTP/1.1 200 OK"

2026-08-17 19:31:32,413 - INFO - HTTP Request: POST http://localhost:8006/v1/chat/completions "HTTP/1.1 200 OK"
2026-08-17 19:31:39,304 - INFO - HTTP Request: POST http://localhost:8006/v1/chat/completions "HTTP/1.1 200 OK"
2026-08-17 19:31:40,928 - INFO - HTTP Request: POST http://localhost:8006/v1/chat/completions "HTTP/1.1 200 OK"
2026-08-17 19:31:42,331 - INFO - HTTP Request: POST http://localhost:8006/v1/chat/completions "HTTP/1.1 200 OK"

2026-08-17 19:31:51,915 - INFO - HTTP Request: POST http://localhost:8006/v1/chat/completions "HTTP/1.1 200 OK"

2026-08-17 19:31:54,098 - INFO - HTTP Request: POST http://localhost:8006/v1/chat/completions "HTTP/1.1 200 OK"

2026-08-17 19:31:56,269 - INFO - HTTP Request: POST http://localhost:8006/v1/chat/completions "HTTP/1.1 200 OK"
2026-08-17 19:32:06,862 - INFO - HTTP Request: POST http://localhost:8006/v1/chat/completions "HTTP/1.1 200 OK"
2026-08-17 19:32:08,705 - INFO - HTTP Request: POST http://localhost:8006/v1/chat/completions "HTTP/1.1 200 OK"

2026-08-17 19:32:11,975 - INFO - HTTP Request: POST http://localhost:8006/v1/chat/completions "HTTP/1.1 200 OK"
2026-08-17 19:32:18,877 - INFO - HTTP Request: POST http://localhost:8006/v1/chat/completions "HTTP/1.1 200 OK"

2026-08-17 19:32:23,450 - INFO - HTTP Request: POST http://localhost:8006/v1/chat/completions "HTTP/1.1 200 OK"

2026-08-17 19:32:23,884 - INFO - HTTP Request: POST http://localhost:8006/v1/chat/completions "HTTP/1.1 200 OK"
2026-08-17 19:32:29,194 - INFO - HTTP Request: POST http://localhost:8006/v1/chat/completions "HTTP/1.1 200 OK"
2026-08-17 19:32:36,473 - INFO - HTTP Request: POST http://localhost:8006/v1/chat/completions "HTTP/1.1 200 OK"

2026-08-17 19:32:39,302 - INFO - HTTP Request: POST http://localhost:8006/v1/chat/completions "HTTP/1.1 200 OK"
2026-08-17 19:32:39,303 - INFO - HTTP Request: POST http://localhost:8006/v1/chat/completions "HTTP/1.1 200 OK"

2026-08-17 19:32:49,017 - INFO - HTTP Request: POST http://localhost:8006/v1/chat/completions "HTTP/1.1 200 OK"

2026-08-17 19:32:53,142 - INFO - HTTP Request: POST http://localhost:8006/v1/chat/completions "HTTP/1.1 200 OK"
2026-08-17 19:32:57,156 - INFO - HTTP Request: POST http://localhost:8006/v1/chat/completions "HTTP/1.1 200 OK"
2026-08-17 19:33:08,570 - INFO - HTTP Request: POST http://localhost:8006/v1/chat/completions "HTTP/1.1 200 OK"

2026-08-17 19:33:09,004 - INFO - HTTP Request: POST http://localhost:8006/v1/chat/completions "HTTP/1.1 200 OK"
2026-08-17 19:33:10,405 - INFO - HTTP Request: POST http://localhost:8006/v1/chat/completions "HTTP/1.1 200 OK"

2026-08-17 19:33:18,669 - INFO - HTTP Request: POST http://localhost:8006/v1/chat/completions "HTTP/1.1 200 OK"
2026-08-17 19:33:22,905 - INFO - HTTP Request: POST http://localhost:8006/v1/chat/completions "HTTP/1.1 200 OK"

2026-08-17 19:33:28,993 - INFO - HTTP Request: POST http://localhost:8006/v1/chat/completions "HTTP/1.1 200 OK"

2026-08-17 19:33:29,211 - INFO - HTTP Request: POST http://localhost:8006/v1/chat/completions "HTTP/1.1 200 OK"
2026-08-17 19:33:40,237 - INFO - HTTP Request: POST http://localhost:8006/v1/chat/completions "HTTP/1.1 200 OK"
2026-08-17 19:33:42,730 - INFO - HTTP Request: POST http://localhost:8006/v1/chat/completions "HTTP/1.1 200 OK"

2026-08-17 19:33:43,603 - INFO - HTTP Request: POST http://localhost:8006/v1/chat/completions "HTTP/1.1 200 OK"
2026-08-17 19:33:50,018 - INFO - HTTP Request: POST http://localhost:8006/v1/chat/completions "HTTP/1.1 200 OK"
2026-08-17 19:33:52,570 - INFO - HTTP Request: POST http://localhost:8006/v1/chat/completions "HTTP/1.1 200 OK"

2026-08-17 19:34:00,198 - INFO - HTTP Request: POST http://localhost:8006/v1/chat/completions "HTTP/1.1 200 OK"

2026-08-17 19:34:01,723 - INFO - HTTP Request: POST http://localhost:8006/v1/chat/completions "HTTP/1.1 200 OK"

2026-08-17 19:34:12,578 - INFO - HTTP Request: POST http://localhost:8006/v1/chat/completions "HTTP/1.1 200 OK"
2026-08-17 19:34:25,130 - INFO - HTTP Request: POST http://localhost:8006/v1/chat/completions "HTTP/1.1 200 OK"

2026-08-17 19:34:26,007 - INFO - HTTP Request: POST http://localhost:8006/v1/chat/completions "HTTP/1.1 200 OK"
2026-08-17 19:34:30,021 - INFO - HTTP Request: POST http://localhost:8006/v1/chat/completions "HTTP/1.1 200 OK"
2026-08-17 19:34:31,860 - INFO - HTTP Request: POST http://localhost:8006/v1/chat/completions "HTTP/1.1 200 OK"
2026-08-17 19:34:36,155 - INFO - HTTP Request: POST http://localhost:8006/v1/chat/completions "HTTP/1.1 200 OK"

r1_cfg6:  42%|████▏     | 21/50 [34:22<59:55, 123.99s/it]2026-08-17 19:34:45,516 - INFO - HTTP Request: POST http://localhost:8006/v1/chat/completions "HTTP/1.1 200 OK"

2026-08-17 19:34:45,738 - INFO - HTTP Request: POST http://localhost:8006/v1/chat/completions "HTTP/1.1 200 OK"

2026-08-17 19:34:58,114 - INFO - HTTP Request: POST http://localhost:8006/v1/chat/completions "HTTP/1.1 200 OK"
2026-08-17 19:34:59,081 - INFO - HTTP Request: POST http://localhost:8006/v1/chat/completions "HTTP/1.1 200 OK"
2026-08-17 19:35:09,461 - INFO - HTTP Request: POST http://localhost:8006/v1/chat/completions "HTTP/1.1 200 OK"

2026-08-17 19:35:18,595 - INFO - HTTP Request: POST http://localhost:8006/v1/chat/completions "HTTP/1.1 200 OK"
2026-08-17 19:35:19,783 - INFO - HTTP Request: POST http://localhost:8006/v1/chat/completions "HTTP/1.1 200 OK"
2026-08-17 19:35:20,531 - INFO - HTTP Request: POST http://localhost:8006/v1/chat/completions "HTTP/1.1 200 OK"

r1_cfg6:  44%|████▍     | 22/50 [35:07<46:42, 100.10s/it]2026-08-17 19:35:28,212 - INFO - HTTP Request: POST http://localhost:8006/v1/chat/completions "HTTP/1.1 200 OK"

r1_cfg6:  46%|████▌     | 23/50 [35:14<32:33, 72.36s/it] 2026-08-17 19:35:29,954 - INFO - HTTP Request: POST http://localhost:8006/v1/chat/completions "HTTP/1.1 200 OK"

r1_cfg6:  48%|████▊     | 24/50 [35:16<22:10, 51.17s/it]2026-08-17 19:35:36,027 - INFO - HTTP Request: POST http://localhost:8006/v1/chat/completions "HTTP/1.1 200 OK"
2026-08-17 19:35:42,761 - INFO - HTTP Request: POST http://localhost:8006/v1/chat/completions "HTTP/1.1 200 OK"
2026-08-17 19:35:50,738 - INFO - HTTP Request: POST http://localhost:8006/v1/chat/completions "HTTP/1.1 200 OK"
2026-08-17 19:35:50,956 - INFO - HTTP Request: POST http://localhost:8006/v1/chat/completions "HTTP/1.1 200 OK"

2026-08-17 19:35:52,692 - INFO - HTTP Request: POST http://localhost:8006/v1/chat/completions "HTTP/1.1 200 OK"
2026-08-17 19:35:55,083 - INFO - HTTP Request: POST http://localhost:8006/v1/chat/completions "HTTP/1.1 200 OK"

2026-08-17 19:36:03,561 - INFO - HTTP Request: POST http://localhost:8006/v1/chat/completions "HTTP/1.1 200 OK"

2026-08-17 19:36:03,779 - INFO - HTTP Request: POST http://localhost:8006/v1/chat/completions "HTTP/1.1 200 OK"

2026-08-17 19:36:15,710 - INFO - HTTP Request: POST http://localhost:8006/v1/chat/completions "HTTP/1.1 200 OK"
2026-08-17 19:36:21,461 - INFO - HTTP Request: POST http://localhost:8006/v1/chat/completions "HTTP/1.1 200 OK"
2026-08-17 19:36:29,432 - INFO - HTTP Request: POST http://localhost:8006/v1/chat/completions "HTTP/1.1 200 OK"

2026-08-17 19:36:30,094 - INFO - HTTP Request: POST http://localhost:8006/v1/chat/completions "HTTP/1.1 200 OK"
2026-08-17 19:36:30,311 - INFO - HTTP Request: POST http://localhost:8006/v1/chat/completions "HTTP/1.1 200 OK"
2026-08-17 19:36:31,833 - INFO - HTTP Request: POST http://localhost:8006/v1/chat/completions "HTTP/1.1 200 OK"

2026-08-17 19:36:43,135 - INFO - HTTP Request: POST http://localhost:8006/v1/chat/completions "HTTP/1.1 200 OK"

2026-08-17 19:36:47,265 - INFO - HTTP Request: POST http://localhost:8006/v1/chat/completions "HTTP/1.1 200 OK"

2026-08-17 19:36:53,775 - INFO - HTTP Request: POST http://localhost:8006/v1/chat/completions "HTTP/1.1 200 OK"
2026-08-17 19:36:56,478 - INFO - HTTP Request: POST http://localhost:8006/v1/chat/completions "HTTP/1.1 200 OK"
2026-08-17 19:37:05,318 - INFO - HTTP Request: POST http://localhost:8006/v1/chat/completions "HTTP/1.1 200 OK"

2026-08-17 19:37:05,535 - INFO - HTTP Request: POST http://localhost:8006/v1/chat/completions "HTTP/1.1 200 OK"

2026-08-17 19:37:07,930 - INFO - HTTP Request: POST http://localhost:8006/v1/chat/completions "HTTP/1.1 200 OK"
2026-08-17 19:37:12,275 - INFO - HTTP Request: POST http://localhost:8006/v1/chat/completions "HTTP/1.1 200 OK"
2026-08-17 19:37:25,754 - INFO - HTTP Request: POST http://localhost:8006/v1/chat/completions "HTTP/1.1 200 OK"
2026-08-17 19:37:27,377 - INFO - HTTP Request: POST http://localhost:8006/v1/chat/completions "HTTP/1.1 200 OK"

2026-08-17 19:37:28,040 - INFO - HTTP Request: POST http://localhost:8006/v1/chat/completions "HTTP/1.1 200 OK"

2026-08-17 19:37:29,569 - INFO - HTTP Request: POST http://localhost:8006/v1/chat/completions "HTTP/1.1 200 OK"
2026-08-17 19:37:39,502 - INFO - HTTP Request: POST http://localhost:8006/v1/chat/completions "HTTP/1.1 200 OK"

2026-08-17 19:37:41,892 - INFO - HTTP Request: POST http://localhost:8006/v1/chat/completions "HTTP/1.1 200 OK"

2026-08-17 19:37:51,666 - INFO - HTTP Request: POST http://localhost:8006/v1/chat/completions "HTTP/1.1 200 OK"
2026-08-17 19:37:51,667 - INFO - HTTP Request: POST http://localhost:8006/v1/chat/completions "HTTP/1.1 200 OK"
2026-08-17 19:38:02,096 - INFO - HTTP Request: POST http://localhost:8006/v1/chat/completions "HTTP/1.1 200 OK"
2026-08-17 19:38:05,065 - INFO - HTTP Request: POST http://localhost:8006/v1/chat/completions "HTTP/1.1 200 OK"

2026-08-17 19:38:06,379 - INFO - HTTP Request: POST http://localhost:8006/v1/chat/completions "HTTP/1.1 200 OK"

2026-08-17 19:38:08,776 - INFO - HTTP Request: POST http://localhost:8006/v1/chat/completions "HTTP/1.1 200 OK"
2026-08-17 19:38:13,435 - INFO - HTTP Request: POST http://localhost:8006/v1/chat/completions "HTTP/1.1 200 OK"

2026-08-17 19:38:17,346 - INFO - HTTP Request: POST http://localhost:8006/v1/chat/completions "HTTP/1.1 200 OK"

2026-08-17 19:38:24,725 - INFO - HTTP Request: POST http://localhost:8006/v1/chat/completions "HTTP/1.1 200 OK"
2026-08-17 19:38:26,246 - INFO - HTTP Request: POST http://localhost:8006/v1/chat/completions "HTTP/1.1 200 OK"
2026-08-17 19:38:35,164 - INFO - HTTP Request: POST http://localhost:8006/v1/chat/completions "HTTP/1.1 200 OK"

2026-08-17 19:38:37,340 - INFO - HTTP Request: POST http://localhost:8006/v1/chat/completions "HTTP/1.1 200 OK"

2026-08-17 19:38:37,774 - INFO - HTTP Request: POST http://localhost:8006/v1/chat/completions "HTTP/1.1 200 OK"
2026-08-17 19:38:42,871 - INFO - HTTP Request: POST http://localhost:8006/v1/chat/completions "HTTP/1.1 200 OK"
2026-08-17 19:38:51,720 - INFO - HTTP Request: POST http://localhost:8006/v1/chat/completions "HTTP/1.1 200 OK"

2026-08-17 19:38:54,331 - INFO - HTTP Request: POST http://localhost:8006/v1/chat/completions "HTTP/1.1 200 OK"

2026-08-17 19:39:04,318 - INFO - HTTP Request: POST http://localhost:8006/v1/chat/completions "HTTP/1.1 200 OK"
2026-08-17 19:39:06,637 - INFO - HTTP Request: POST http://localhost:8006/v1/chat/completions "HTTP/1.1 200 OK"
2026-08-17 19:39:12,074 - INFO - HTTP Request: POST http://localhost:8006/v1/chat/completions "HTTP/1.1 200 OK"
2026-08-17 19:39:17,441 - INFO - HTTP Request: POST http://localhost:8006/v1/chat/completions "HTTP/1.1 200 OK"

2026-08-17 19:39:21,141 - INFO - HTTP Request: POST http://localhost:8006/v1/chat/completions "HTTP/1.1 200 OK"

2026-08-17 19:39:22,231 - INFO - HTTP Request: POST http://localhost:8006/v1/chat/completions "HTTP/1.1 200 OK"

2026-08-17 19:39:23,969 - INFO - HTTP Request: POST http://localhost:8006/v1/chat/completions "HTTP/1.1 200 OK"
2026-08-17 19:39:37,764 - INFO - HTTP Request: POST http://localhost:8006/v1/chat/completions "HTTP/1.1 200 OK"

2026-08-17 19:39:37,765 - INFO - HTTP Request: POST http://localhost:8006/v1/chat/completions "HTTP/1.1 200 OK"
2026-08-17 19:39:41,676 - INFO - HTTP Request: POST http://localhost:8006/v1/chat/completions "HTTP/1.1 200 OK"
2026-08-17 19:39:52,118 - INFO - HTTP Request: POST http://localhost:8006/v1/chat/completions "HTTP/1.1 200 OK"
2026-08-17 19:39:53,132 - INFO - HTTP Request: POST http://localhost:8006/v1/chat/completions "HTTP/1.1 200 OK"

2026-08-17 19:39:55,091 - INFO - HTTP Request: POST http://localhost:8006/v1/chat/completions "HTTP/1.1 200 OK"

2026-08-17 19:40:04,005 - INFO - HTTP Request: POST http://localhost:8006/v1/chat/completions "HTTP/1.1 200 OK"

2026-08-17 19:40:10,741 - INFO - HTTP Request: POST http://localhost:8006/v1/chat/completions "HTTP/1.1 200 OK"
2026-08-17 19:40:22,582 - INFO - HTTP Request: POST http://localhost:8006/v1/chat/completions "HTTP/1.1 200 OK"
2026-08-17 19:40:24,760 - INFO - HTTP Request: POST http://localhost:8006/v1/chat/completions "HTTP/1.1 200 OK"
2026-08-17 19:40:27,376 - INFO - HTTP Request: POST http://localhost:8006/v1/chat/completions "HTTP/1.1 200 OK"

r1_cfg6:  50%|█████     | 25/50 [40:14<52:06, 125.06s/it]2026-08-17 19:40:34,991 - INFO - HTTP Request: POST http://localhost:8006/v1/chat/completions "HTTP/1.1 200 OK"

2026-08-17 19:40:37,827 - INFO - HTTP Request: POST http://localhost:8006/v1/chat/completions "HTTP/1.1 200 OK"
2026-08-17 19:40:38,839 - INFO - HTTP Request: POST http://localhost:8006/v1/chat/completions "HTTP/1.1 200 OK"

2026-08-17 19:40:49,489 - INFO - HTTP Request: POST http://localhost:8006/v1/chat/completions "HTTP/1.1 200 OK"
2026-08-17 19:40:49,707 - INFO - HTTP Request: POST http://localhost:8006/v1/chat/completions "HTTP/1.1 200 OK"

r1_cfg6:  52%|█████▏    | 26/50 [40:36<37:41, 94.24s/it] 2026-08-17 19:40:58,937 - INFO - HTTP Request: POST http://localhost:8006/v1/chat/completions "HTTP/1.1 200 OK"

2026-08-17 19:41:07,839 - INFO - HTTP Request: POST http://localhost:8006/v1/chat/completions "HTTP/1.1 200 OK"
2026-08-17 19:41:11,753 - INFO - HTTP Request: POST http://localhost:8006/v1/chat/completions "HTTP/1.1 200 OK"
2026-08-17 19:41:12,622 - INFO - HTTP Request: POST http://localhost:8006/v1/chat/completions "HTTP/1.1 200 OK"
2026-08-17 19:41:19,370 - INFO - HTTP Request: POST http://localhost:8006/v1/chat/completions "HTTP/1.1 200 OK"

r1_cfg6:  54%|█████▍    | 27/50 [41:06<28:41, 74.86s/it]2026-08-17 19:41:25,680 - INFO - HTTP Request: POST http://localhost:8006/v1/chat/completions "HTTP/1.1 200 OK"
2026-08-17 19:41:26,428 - INFO - HTTP Request: POST http://localhost:8006/v1/chat/completions "HTTP/1.1 200 OK"

2026-08-17 19:41:26,922 - INFO - HTTP Request: POST http://localhost:8006/v1/chat/completions "HTTP/1.1 200 OK"

r1_cfg6:  56%|█████▌    | 28/50 [41:13<20:02, 54.67s/it]2026-08-17 19:41:34,964 - INFO - HTTP Request: POST http://localhost:8006/v1/chat/completions "HTTP/1.1 200 OK"

2026-08-17 19:41:41,475 - INFO - HTTP Request: POST http://localhost:8006/v1/chat/completions "HTTP/1.1 200 OK"
2026-08-17 19:41:49,180 - INFO - HTTP Request: POST http://localhost:8006/v1/chat/completions "HTTP/1.1 200 OK"
2026-08-17 19:41:53,191 - INFO - HTTP Request: POST http://localhost:8006/v1/chat/completions "HTTP/1.1 200 OK"
2026-08-17 19:41:56,239 - INFO - HTTP Request: POST http://localhost:8006/v1/chat/completions "HTTP/1.1 200 OK"

2026-08-17 19:41:59,070 - INFO - HTTP Request: POST http://localhost:8006/v1/chat/completions "HTTP/1.1 200 OK"
2026-08-17 19:42:05,539 - INFO - HTTP Request: POST http://localhost:8006/v1/chat/completions "HTTP/1.1 200 OK"

2026-08-17 19:42:05,974 - INFO - HTTP Request: POST http://localhost:8006/v1/chat/completions "HTTP/1.1 200 OK"

2026-08-17 19:42:08,152 - INFO - HTTP Request: POST http://localhost:8006/v1/chat/completions "HTTP/1.1 200 OK"

2026-08-17 19:42:22,695 - INFO - HTTP Request: POST http://localhost:8006/v1/chat/completions "HTTP/1.1 200 OK"
2026-08-17 19:42:30,185 - INFO - HTTP Request: POST http://localhost:8006/v1/chat/completions "HTTP/1.1 200 OK"
2026-08-17 19:42:32,580 - INFO - HTTP Request: POST http://localhost:8006/v1/chat/completions "HTTP/1.1 200 OK"
2026-08-17 19:42:32,797 - INFO - HTTP Request: POST http://localhost:8006/v1/chat/completions "HTTP/1.1 200 OK"
2026-08-17 19:42:34,739 - INFO - HTTP Request: POST http://localhost:8006/v1/chat/completions "HTTP/1.1 200 OK"

2026-08-17 19:42:44,979 - INFO - HTTP Request: POST http://localhost:8006/v1/chat/completions "HTTP/1.1 200 OK"

2026-08-17 19:42:46,077 - INFO - HTTP Request: POST http://localhost:8006/v1/chat/completions "HTTP/1.1 200 OK"

2026-08-17 19:42:48,477 - INFO - HTTP Request: POST http://localhost:8006/v1/chat/completions "HTTP/1.1 200 OK"

2026-08-17 19:42:59,109 - INFO - HTTP Request: POST http://localhost:8006/v1/chat/completions "HTTP/1.1 200 OK"
2026-08-17 19:43:06,162 - INFO - HTTP Request: POST http://localhost:8006/v1/chat/completions "HTTP/1.1 200 OK"
2026-08-17 19:43:09,746 - INFO - HTTP Request: POST http://localhost:8006/v1/chat/completions "HTTP/1.1 200 OK"
2026-08-17 19:43:13,666 - INFO - HTTP Request: POST http://localhost:8006/v1/chat/completions "HTTP/1.1 200 OK"
2026-08-17 19:43:16,381 - INFO - HTTP Request: POST http://localhost:8006/v1/chat/completions "HTTP/1.1 200 OK"

2026-08-17 19:43:18,570 - INFO - HTTP Request: POST http://localhost:8006/v1/chat/completions "HTTP/1.1 200 OK"

2026-08-17 19:43:22,488 - INFO - HTTP Request: POST http://localhost:8006/v1/chat/completions "HTTP/1.1 200 OK"

2026-08-17 19:43:25,757 - INFO - HTTP Request: POST http://localhost:8006/v1/chat/completions "HTTP/1.1 200 OK"

2026-08-17 19:43:40,518 - INFO - HTTP Request: POST http://localhost:8006/v1/chat/completions "HTTP/1.1 200 OK"
2026-08-17 19:43:42,570 - INFO - HTTP Request: POST http://localhost:8006/v1/chat/completions "HTTP/1.1 200 OK"
2026-08-17 19:43:47,791 - INFO - HTTP Request: POST http://localhost:8006/v1/chat/completions "HTTP/1.1 200 OK"
2026-08-17 19:43:50,726 - INFO - HTTP Request: POST http://localhost:8006/v1/chat/completions "HTTP/1.1 200 OK"
2026-08-17 19:43:53,872 - INFO - HTTP Request: POST http://localhost:8006/v1/chat/completions "HTTP/1.1 200 OK"

2026-08-17 19:43:56,496 - INFO - HTTP Request: POST http://localhost:8006/v1/chat/completions "HTTP/1.1 200 OK"

2026-08-17 19:44:00,417 - INFO - HTTP Request: POST http://localhost:8006/v1/chat/completions "HTTP/1.1 200 OK"

2026-08-17 19:44:03,462 - INFO - HTTP Request: POST http://localhost:8006/v1/chat/completions "HTTP/1.1 200 OK"

2026-08-17 19:44:13,234 - INFO - HTTP Request: POST http://localhost:8006/v1/chat/completions "HTTP/1.1 200 OK"
2026-08-17 19:44:20,724 - INFO - HTTP Request: POST http://localhost:8006/v1/chat/completions "HTTP/1.1 200 OK"
2026-08-17 19:44:23,923 - INFO - HTTP Request: POST http://localhost:8006/v1/chat/completions "HTTP/1.1 200 OK"
2026-08-17 19:44:26,201 - INFO - HTTP Request: POST http://localhost:8006/v1/chat/completions "HTTP/1.1 200 OK"
2026-08-17 19:44:30,999 - INFO - HTTP Request: POST http://localhost:8006/v1/chat/completions "HTTP/1.1 200 OK"

2026-08-17 19:44:35,577 - INFO - HTTP Request: POST http://localhost:8006/v1/chat/completions "HTTP/1.1 200 OK"

2026-08-17 19:44:36,234 - INFO - HTTP Request: POST http://localhost:8006/v1/chat/completions "HTTP/1.1 200 OK"

2026-08-17 19:44:38,842 - INFO - HTTP Request: POST http://localhost:8006/v1/chat/completions "HTTP/1.1 200 OK"

2026-08-17 19:44:58,812 - INFO - HTTP Request: POST http://localhost:8006/v1/chat/completions "HTTP/1.1 200 OK"
2026-08-17 19:44:59,900 - INFO - HTTP Request: POST http://localhost:8006/v1/chat/completions "HTTP/1.1 200 OK"
2026-08-17 19:45:05,221 - INFO - HTTP Request: POST http://localhost:8006/v1/chat/completions "HTTP/1.1 200 OK"
2026-08-17 19:45:05,438 - INFO - HTTP Request: POST http://localhost:8006/v1/chat/completions "HTTP/1.1 200 OK"
2026-08-17 19:45:13,920 - INFO - HTTP Request: POST http://localhost:8006/v1/chat/completions "HTTP/1.1 200 OK"

2026-08-17 19:45:14,354 - INFO - HTTP Request: POST http://localhost:8006/v1/chat/completions "HTTP/1.1 200 OK"

2026-08-17 19:45:15,016 - INFO - HTTP Request: POST http://localhost:8006/v1/chat/completions "HTTP/1.1 200 OK"

2026-08-17 19:45:17,627 - INFO - HTTP Request: POST http://localhost:8006/v1/chat/completions "HTTP/1.1 200 OK"

2026-08-17 19:45:34,349 - INFO - HTTP Request: POST http://localhost:8006/v1/chat/completions "HTTP/1.1 200 OK"
2026-08-17 19:45:35,320 - INFO - HTTP Request: POST http://localhost:8006/v1/chat/completions "HTTP/1.1 200 OK"
2026-08-17 19:45:43,693 - INFO - HTTP Request: POST http://localhost:8006/v1/chat/completions "HTTP/1.1 200 OK"
2026-08-17 19:45:49,794 - INFO - HTTP Request: POST http://localhost:8006/v1/chat/completions "HTTP/1.1 200 OK"

2026-08-17 19:45:50,887 - INFO - HTTP Request: POST http://localhost:8006/v1/chat/completions "HTTP/1.1 200 OK"

2026-08-17 19:45:51,542 - INFO - HTTP Request: POST http://localhost:8006/v1/chat/completions "HTTP/1.1 200 OK"
2026-08-17 19:45:59,308 - INFO - HTTP Request: POST http://localhost:8006/v1/chat/completions "HTTP/1.1 200 OK"

2026-08-17 19:46:02,796 - INFO - HTTP Request: POST http://localhost:8006/v1/chat/completions "HTTP/1.1 200 OK"

r1_cfg6:  58%|█████▊    | 29/50 [45:49<42:21, 121.03s/it]2026-08-17 19:46:19,298 - INFO - HTTP Request: POST http://localhost:8006/v1/chat/completions "HTTP/1.1 200 OK"
2026-08-17 19:46:20,705 - INFO - HTTP Request: POST http://localhost:8006/v1/chat/completions "HTTP/1.1 200 OK"
2026-08-17 19:46:25,375 - INFO - HTTP Request: POST http://localhost:8006/v1/chat/completions "HTTP/1.1 200 OK"
2026-08-17 19:46:29,962 - INFO - HTTP Request: POST http://localhost:8006/v1/chat/completions "HTTP/1.1 200 OK"

2026-08-17 19:46:33,237 - INFO - HTTP Request: POST http://localhost:8006/v1/chat/completions "HTTP/1.1 200 OK"
2026-08-17 19:46:34,327 - INFO - HTTP Request: POST http://localhost:8006/v1/chat/completions "HTTP/1.1 200 OK"

2026-08-17 19:46:37,600 - INFO - HTTP Request: POST http://localhost:8006/v1/chat/completions "HTTP/1.1 200 OK"

2026-08-17 19:46:45,422 - INFO - HTTP Request: POST http://localhost:8006/v1/chat/completions "HTTP/1.1 200 OK"

r1_cfg6:  60%|██████    | 30/50 [46:32<32:30, 97.51s/it] 2026-08-17 19:47:03,222 - INFO - HTTP Request: POST http://localhost:8006/v1/chat/completions "HTTP/1.1 200 OK"
2026-08-17 19:47:03,938 - INFO - HTTP Request: POST http://localhost:8006/v1/chat/completions "HTTP/1.1 200 OK"
2026-08-17 19:47:07,244 - INFO - HTTP Request: POST http://localhost:8006/v1/chat/completions "HTTP/1.1 200 OK"
2026-08-17 19:47:08,216 - INFO - HTTP Request: POST http://localhost:8006/v1/chat/completions "HTTP/1.1 200 OK"
2026-08-17 19:47:17,807 - INFO - HTTP Request: POST http://localhost:8006/v1/chat/completions "HTTP/1.1 200 OK"

r1_cfg6:  62%|██████▏   | 31/50 [47:04<24:41, 77.97s/it]2026-08-17 19:47:18,242 - INFO - HTTP Request: POST http://localhost:8006/v1/chat/completions "HTTP/1.1 200 OK"

2026-08-17 19:47:19,336 - INFO - HTTP Request: POST http://localhost:8006/v1/chat/completions "HTTP/1.1 200 OK"

2026-08-17 19:47:20,861 - INFO - HTTP Request: POST http://localhost:8006/v1/chat/completions "HTTP/1.1 200 OK"

r1_cfg6:  64%|██████▍   | 32/50 [47:07<16:38, 55.50s/it]2026-08-17 19:47:39,518 - INFO - HTTP Request: POST http://localhost:8006/v1/chat/completions "HTTP/1.1 200 OK"
2026-08-17 19:47:42,879 - INFO - HTTP Request: POST http://localhost:8006/v1/chat/completions "HTTP/1.1 200 OK"
2026-08-17 19:47:43,096 - INFO - HTTP Request: POST http://localhost:8006/v1/chat/completions "HTTP/1.1 200 OK"
2026-08-17 19:47:46,254 - INFO - HTTP Request: POST http://localhost:8006/v1/chat/completions "HTTP/1.1 200 OK"
2026-08-17 19:47:54,322 - INFO - HTTP Request: POST http://localhost:8006/v1/chat/completions "HTTP/1.1 200 OK"

2026-08-17 19:47:55,850 - INFO - HTTP Request: POST http://localhost:8006/v1/chat/completions "HTTP/1.1 200 OK"

2026-08-17 19:47:56,941 - INFO - HTTP Request: POST http://localhost:8006/v1/chat/completions "HTTP/1.1 200 OK"

2026-08-17 19:48:01,291 - INFO - HTTP Request: POST http://localhost:8006/v1/chat/completions "HTTP/1.1 200 OK"

2026-08-17 19:48:20,387 - INFO - HTTP Request: POST http://localhost:8006/v1/chat/completions "HTTP/1.1 200 OK"
2026-08-17 19:48:21,410 - INFO - HTTP Request: POST http://localhost:8006/v1/chat/completions "HTTP/1.1 200 OK"
2026-08-17 19:48:22,504 - INFO - HTTP Request: POST http://localhost:8006/v1/chat/completions "HTTP/1.1 200 OK"
2026-08-17 19:48:26,528 - INFO - HTTP Request: POST http://localhost:8006/v1/chat/completions "HTTP/1.1 200 OK"
2026-08-17 19:48:34,593 - INFO - HTTP Request: POST http://localhost:8006/v1/chat/completions "HTTP/1.1 200 OK"

2026-08-17 19:48:34,594 - INFO - HTTP Request: POST http://localhost:8006/v1/chat/completions "HTTP/1.1 200 OK"

2026-08-17 19:48:38,950 - INFO - HTTP Request: POST http://localhost:8006/v1/chat/completions "HTTP/1.1 200 OK"

2026-08-17 19:48:39,385 - INFO - HTTP Request: POST http://localhost:8006/v1/chat/completions "HTTP/1.1 200 OK"

2026-08-17 19:48:54,364 - INFO - HTTP Request: POST http://localhost:8006/v1/chat/completions "HTTP/1.1 200 OK"
2026-08-17 19:48:59,156 - INFO - HTTP Request: POST http://localhost:8006/v1/chat/completions "HTTP/1.1 200 OK"
2026-08-17 19:49:03,824 - INFO - HTTP Request: POST http://localhost:8006/v1/chat/completions "HTTP/1.1 200 OK"
2026-08-17 19:49:04,042 - INFO - HTTP Request: POST http://localhost:8006/v1/chat/completions "HTTP/1.1 200 OK"
2026-08-17 19:49:07,849 - INFO - HTTP Request: POST http://localhost:8006/v1/chat/completions "HTTP/1.1 200 OK"

2026-08-17 19:49:13,515 - INFO - HTTP Request: POST http://localhost:8006/v1/chat/completions "HTTP/1.1 200 OK"

2026-08-17 19:49:17,006 - INFO - HTTP Request: POST http://localhost:8006/v1/chat/completions "HTTP/1.1 200 OK"

2026-08-17 19:49:17,885 - INFO - HTTP Request: POST http://localhost:8006/v1/chat/completions "HTTP/1.1 200 OK"

2026-08-17 19:49:36,552 - INFO - HTTP Request: POST http://localhost:8006/v1/chat/completions "HTTP/1.1 200 OK"
2026-08-17 19:49:36,769 - INFO - HTTP Request: POST http://localhost:8006/v1/chat/completions "HTTP/1.1 200 OK"
2026-08-17 19:49:37,868 - INFO - HTTP Request: POST http://localhost:8006/v1/chat/completions "HTTP/1.1 200 OK"
2026-08-17 19:49:42,752 - INFO - HTTP Request: POST http://localhost:8006/v1/chat/completions "HTTP/1.1 200 OK"
2026-08-17 19:49:48,301 - INFO - HTTP Request: POST http://localhost:8006/v1/chat/completions "HTTP/1.1 200 OK"

2026-08-17 19:49:50,265 - INFO - HTTP Request: POST http://localhost:8006/v1/chat/completions "HTTP/1.1 200 OK"

2026-08-17 19:49:53,104 - INFO - HTTP Request: POST http://localhost:8006/v1/chat/completions "HTTP/1.1 200 OK"

2026-08-17 19:49:55,061 - INFO - HTTP Request: POST http://localhost:8006/v1/chat/completions "HTTP/1.1 200 OK"

2026-08-17 19:50:10,042 - INFO - HTTP Request: POST http://localhost:8006/v1/chat/completions "HTTP/1.1 200 OK"
2026-08-17 19:50:13,402 - INFO - HTTP Request: POST http://localhost:8006/v1/chat/completions "HTTP/1.1 200 OK"
2026-08-17 19:50:15,375 - INFO - HTTP Request: POST http://localhost:8006/v1/chat/completions "HTTP/1.1 200 OK"
2026-08-17 19:50:17,873 - INFO - HTTP Request: POST http://localhost:8006/v1/chat/completions "HTTP/1.1 200 OK"
2026-08-17 19:50:26,811 - INFO - HTTP Request: POST http://localhost:8006/v1/chat/completions "HTTP/1.1 200 OK"

2026-08-17 19:50:28,557 - INFO - HTTP Request: POST http://localhost:8006/v1/chat/completions "HTTP/1.1 200 OK"

2026-08-17 19:50:29,430 - INFO - HTTP Request: POST http://localhost:8006/v1/chat/completions "HTTP/1.1 200 OK"

2026-08-17 19:50:31,606 - INFO - HTTP Request: POST http://localhost:8006/v1/chat/completions "HTTP/1.1 200 OK"

2026-08-17 19:50:51,577 - INFO - HTTP Request: POST http://localhost:8006/v1/chat/completions "HTTP/1.1 200 OK"
2026-08-17 19:50:55,711 - INFO - HTTP Request: POST http://localhost:8006/v1/chat/completions "HTTP/1.1 200 OK"
2026-08-17 19:50:58,202 - INFO - HTTP Request: POST http://localhost:8006/v1/chat/completions "HTTP/1.1 200 OK"
2026-08-17 19:50:58,636 - INFO - HTTP Request: POST http://localhost:8006/v1/chat/completions "HTTP/1.1 200 OK"
2026-08-17 19:51:03,326 - INFO - HTTP Request: POST http://localhost:8006/v1/chat/completions "HTTP/1.1 200 OK"

2026-08-17 19:51:09,211 - INFO - HTTP Request: POST http://localhost:8006/v1/chat/completions "HTTP/1.1 200 OK"

2026-08-17 19:51:09,868 - INFO - HTTP Request: POST http://localhost:8006/v1/chat/completions "HTTP/1.1 200 OK"

2026-08-17 19:51:11,399 - INFO - HTTP Request: POST http://localhost:8006/v1/chat/completions "HTTP/1.1 200 OK"

2026-08-17 19:51:29,203 - INFO - HTTP Request: POST http://localhost:8006/v1/chat/completions "HTTP/1.1 200 OK"
2026-08-17 19:51:31,697 - INFO - HTTP Request: POST http://localhost:8006/v1/chat/completions "HTTP/1.1 200 OK"
2026-08-17 19:51:33,155 - INFO - HTTP Request: POST http://localhost:8006/v1/chat/completions "HTTP/1.1 200 OK"
2026-08-17 19:51:41,874 - INFO - HTTP Request: POST http://localhost:8006/v1/chat/completions "HTTP/1.1 200 OK"

2026-08-17 19:51:43,837 - INFO - HTTP Request: POST http://localhost:8006/v1/chat/completions "HTTP/1.1 200 OK"
2026-08-17 19:51:45,373 - INFO - HTTP Request: POST http://localhost:8006/v1/chat/completions "HTTP/1.1 200 OK"

2026-08-17 19:51:48,432 - INFO - HTTP Request: POST http://localhost:8006/v1/chat/completions "HTTP/1.1 200 OK"

2026-08-17 19:51:57,997 - INFO - HTTP Request: POST http://localhost:8006/v1/chat/completions "HTTP/1.1 200 OK"

r1_cfg6:  66%|██████▌   | 33/50 [51:44<34:33, 121.99s/it]2026-08-17 19:52:11,243 - INFO - HTTP Request: POST http://localhost:8006/v1/chat/completions "HTTP/1.1 200 OK"
2026-08-17 19:52:17,871 - INFO - HTTP Request: POST http://localhost:8006/v1/chat/completions "HTTP/1.1 200 OK"
2026-08-17 19:52:18,608 - INFO - HTTP Request: POST http://localhost:8006/v1/chat/completions "HTTP/1.1 200 OK"
2026-08-17 19:52:20,805 - INFO - HTTP Request: POST http://localhost:8006/v1/chat/completions "HTTP/1.1 200 OK"
2026-08-17 19:52:25,974 - INFO - HTTP Request: POST http://localhost:8006/v1/chat/completions "HTTP/1.1 200 OK"

2026-08-17 19:52:29,253 - INFO - HTTP Request: POST http://localhost:8006/v1/chat/completions "HTTP/1.1 200 OK"

2026-08-17 19:52:30,569 - INFO - HTTP Request: POST http://localhost:8006/v1/chat/completions "HTTP/1.1 200 OK"

2026-08-17 19:52:34,264 - INFO - HTTP Request: POST http://localhost:8006/v1/chat/completions "HTTP/1.1 200 OK"

r1_cfg6:  68%|██████▊   | 34/50 [52:21<25:40, 96.27s/it] 2026-08-17 19:52:56,185 - INFO - HTTP Request: POST http://localhost:8006/v1/chat/completions "HTTP/1.1 200 OK"
2026-08-17 19:52:56,919 - INFO - HTTP Request: POST http://localhost:8006/v1/chat/completions "HTTP/1.1 200 OK"
2026-08-17 19:52:59,263 - INFO - HTTP Request: POST http://localhost:8006/v1/chat/completions "HTTP/1.1 200 OK"
2026-08-17 19:53:02,636 - INFO - HTTP Request: POST http://localhost:8006/v1/chat/completions "HTTP/1.1 200 OK"
2026-08-17 19:53:10,378 - INFO - HTTP Request: POST http://localhost:8006/v1/chat/completions "HTTP/1.1 200 OK"

2026-08-17 19:53:12,125 - INFO - HTTP Request: POST http://localhost:8006/v1/chat/completions "HTTP/1.1 200 OK"

2026-08-17 19:53:14,741 - INFO - HTTP Request: POST http://localhost:8006/v1/chat/completions "HTTP/1.1 200 OK"

r1_cfg6:  70%|███████   | 35/50 [53:01<19:52, 79.53s/it]2026-08-17 19:53:18,874 - INFO - HTTP Request: POST http://localhost:8006/v1/chat/completions "HTTP/1.1 200 OK"

r1_cfg6:  72%|███████▏  | 36/50 [53:05<13:16, 56.91s/it]2026-08-17 19:53:36,456 - INFO - HTTP Request: POST http://localhost:8006/v1/chat/completions "HTTP/1.1 200 OK"
2026-08-17 19:53:36,457 - INFO - HTTP Request: POST http://localhost:8006/v1/chat/completions "HTTP/1.1 200 OK"
2026-08-17 19:53:36,458 - INFO - HTTP Request: POST http://localhost:8006/v1/chat/completions "HTTP/1.1 200 OK"
2026-08-17 19:53:41,696 - INFO - HTTP Request: POST http://localhost:8006/v1/chat/completions "HTTP/1.1 200 OK"
2026-08-17 19:53:51,386 - INFO - HTTP Request: POST http://localhost:8006/v1/chat/completions "HTTP/1.1 200 OK"

2026-08-17 19:53:52,052 - INFO - HTTP Request: POST http://localhost:8006/v1/chat/completions "HTTP/1.1 200 OK"

2026-08-17 19:53:52,487 - INFO - HTTP Request: POST http://localhost:8006/v1/chat/completions "HTTP/1.1 200 OK"

2026-08-17 19:53:53,579 - INFO - HTTP Request: POST http://localhost:8006/v1/chat/completions "HTTP/1.1 200 OK"

2026-08-17 19:54:15,277 - INFO - HTTP Request: POST http://localhost:8006/v1/chat/completions "HTTP/1.1 200 OK"
2026-08-17 19:54:17,118 - INFO - HTTP Request: POST http://localhost:8006/v1/chat/completions "HTTP/1.1 200 OK"
2026-08-17 19:54:18,738 - INFO - HTTP Request: POST http://localhost:8006/v1/chat/completions "HTTP/1.1 200 OK"
2026-08-17 19:54:20,634 - INFO - HTTP Request: POST http://localhost:8006/v1/chat/completions "HTTP/1.1 200 OK"
2026-08-17 19:54:29,456 - INFO - HTTP Request: POST http://localhost:8006/v1/chat/completions "HTTP/1.1 200 OK"

2026-08-17 19:54:31,645 - INFO - HTTP Request: POST http://localhost:8006/v1/chat/completions "HTTP/1.1 200 OK"

2026-08-17 19:54:34,049 - INFO - HTTP Request: POST http://localhost:8006/v1/chat/completions "HTTP/1.1 200 OK"

2026-08-17 19:54:34,921 - INFO - HTTP Request: POST http://localhost:8006/v1/chat/completions "HTTP/1.1 200 OK"

2026-08-17 19:54:48,809 - INFO - HTTP Request: POST http://localhost:8006/v1/chat/completions "HTTP/1.1 200 OK"
2026-08-17 19:54:56,136 - INFO - HTTP Request: POST http://localhost:8006/v1/chat/completions "HTTP/1.1 200 OK"
2026-08-17 19:54:59,061 - INFO - HTTP Request: POST http://localhost:8006/v1/chat/completions "HTTP/1.1 200 OK"
2026-08-17 19:55:00,246 - INFO - HTTP Request: POST http://localhost:8006/v1/chat/completions "HTTP/1.1 200 OK"
2026-08-17 19:55:02,094 - INFO - HTTP Request: POST http://localhost:8006/v1/chat/completions "HTTP/1.1 200 OK"

2026-08-17 19:55:09,505 - INFO - HTTP Request: POST http://localhost:8006/v1/chat/completions "HTTP/1.1 200 OK"

2026-08-17 19:55:11,255 - INFO - HTTP Request: POST http://localhost:8006/v1/chat/completions "HTTP/1.1 200 OK"

2026-08-17 19:55:14,742 - INFO - HTTP Request: POST http://localhost:8006/v1/chat/completions "HTTP/1.1 200 OK"

2026-08-17 19:55:28,852 - INFO - HTTP Request: POST http://localhost:8006/v1/chat/completions "HTTP/1.1 200 OK"
2026-08-17 19:55:31,128 - INFO - HTTP Request: POST http://localhost:8006/v1/chat/completions "HTTP/1.1 200 OK"
2026-08-17 19:55:36,018 - INFO - HTTP Request: POST http://localhost:8006/v1/chat/completions "HTTP/1.1 200 OK"
2026-08-17 19:55:39,882 - INFO - HTTP Request: POST http://localhost:8006/v1/chat/completions "HTTP/1.1 200 OK"
2026-08-17 19:55:44,996 - INFO - HTTP Request: POST http://localhost:8006/v1/chat/completions "HTTP/1.1 200 OK"

2026-08-17 19:55:45,432 - INFO - HTTP Request: POST http://localhost:8006/v1/chat/completions "HTTP/1.1 200 OK"

2026-08-17 19:55:48,920 - INFO - HTTP Request: POST http://localhost:8006/v1/chat/completions "HTTP/1.1 200 OK"

2026-08-17 19:55:52,624 - INFO - HTTP Request: POST http://localhost:8006/v1/chat/completions "HTTP/1.1 200 OK"

2026-08-17 19:56:05,432 - INFO - HTTP Request: POST http://localhost:8006/v1/chat/completions "HTTP/1.1 200 OK"
2026-08-17 19:56:09,064 - INFO - HTTP Request: POST http://localhost:8006/v1/chat/completions "HTTP/1.1 200 OK"
2026-08-17 19:56:13,078 - INFO - HTTP Request: POST http://localhost:8006/v1/chat/completions "HTTP/1.1 200 OK"
2026-08-17 19:56:14,705 - INFO - HTTP Request: POST http://localhost:8006/v1/chat/completions "HTTP/1.1 200 OK"
2026-08-17 19:56:17,857 - INFO - HTTP Request: POST http://localhost:8006/v1/chat/completions "HTTP/1.1 200 OK"

2026-08-17 19:56:19,603 - INFO - HTTP Request: POST http://localhost:8006/v1/chat/completions "HTTP/1.1 200 OK"

2026-08-17 19:56:27,657 - INFO - HTTP Request: POST http://localhost:8006/v1/chat/completions "HTTP/1.1 200 OK"

2026-08-17 19:56:29,399 - INFO - HTTP Request: POST http://localhost:8006/v1/chat/completions "HTTP/1.1 200 OK"

2026-08-17 19:56:46,984 - INFO - HTTP Request: POST http://localhost:8006/v1/chat/completions "HTTP/1.1 200 OK"
2026-08-17 19:56:48,662 - INFO - HTTP Request: POST http://localhost:8006/v1/chat/completions "HTTP/1.1 200 OK"
2026-08-17 19:56:50,060 - INFO - HTTP Request: POST http://localhost:8006/v1/chat/completions "HTTP/1.1 200 OK"
2026-08-17 19:56:57,356 - INFO - HTTP Request: POST http://localhost:8006/v1/chat/completions "HTTP/1.1 200 OK"
2026-08-17 19:57:02,038 - INFO - HTTP Request: POST http://localhost:8006/v1/chat/completions "HTTP/1.1 200 OK"

2026-08-17 19:57:05,964 - INFO - HTTP Request: POST http://localhost:8006/v1/chat/completions "HTTP/1.1 200 OK"

2026-08-17 19:57:06,839 - INFO - HTTP Request: POST http://localhost:8006/v1/chat/completions "HTTP/1.1 200 OK"

2026-08-17 19:57:08,152 - INFO - HTTP Request: POST http://localhost:8006/v1/chat/completions "HTTP/1.1 200 OK"

2026-08-17 19:57:22,047 - INFO - HTTP Request: POST http://localhost:8006/v1/chat/completions "HTTP/1.1 200 OK"
2026-08-17 19:57:28,450 - INFO - HTTP Request: POST http://localhost:8006/v1/chat/completions "HTTP/1.1 200 OK"
2026-08-17 19:57:35,520 - INFO - HTTP Request: POST http://localhost:8006/v1/chat/completions "HTTP/1.1 200 OK"

2026-08-17 19:57:35,738 - INFO - HTTP Request: POST http://localhost:8006/v1/chat/completions "HTTP/1.1 200 OK"
2026-08-17 19:57:40,414 - INFO - HTTP Request: POST http://localhost:8006/v1/chat/completions "HTTP/1.1 200 OK"
2026-08-17 19:57:43,622 - INFO - HTTP Request: POST http://localhost:8006/v1/chat/completions "HTTP/1.1 200 OK"

2026-08-17 19:57:51,900 - INFO - HTTP Request: POST http://localhost:8006/v1/chat/completions "HTTP/1.1 200 OK"

2026-08-17 19:57:56,910 - INFO - HTTP Request: POST http://localhost:8006/v1/chat/completions "HTTP/1.1 200 OK"

r1_cfg6:  74%|███████▍  | 37/50 [57:43<26:42, 123.25s/it]2026-08-17 19:58:05,380 - INFO - HTTP Request: POST http://localhost:8006/v1/chat/completions "HTTP/1.1 200 OK"
2026-08-17 19:58:13,089 - INFO - HTTP Request: POST http://localhost:8006/v1/chat/completions "HTTP/1.1 200 OK"
2026-08-17 19:58:18,634 - INFO - HTTP Request: POST http://localhost:8006/v1/chat/completions "HTTP/1.1 200 OK"

2026-08-17 19:58:19,514 - INFO - HTTP Request: POST http://localhost:8006/v1/chat/completions "HTTP/1.1 200 OK"
2026-08-17 19:58:25,979 - INFO - HTTP Request: POST http://localhost:8006/v1/chat/completions "HTTP/1.1 200 OK"
2026-08-17 19:58:27,389 - INFO - HTTP Request: POST http://localhost:8006/v1/chat/completions "HTTP/1.1 200 OK"

2026-08-17 19:58:31,099 - INFO - HTTP Request: POST http://localhost:8006/v1/chat/completions "HTTP/1.1 200 OK"

2026-08-17 19:58:39,359 - INFO - HTTP Request: POST http://localhost:8006/v1/chat/completions "HTTP/1.1 200 OK"

r1_cfg6:  76%|███████▌  | 38/50 [58:26<19:48, 99.01s/it] 2026-08-17 19:58:50,648 - INFO - HTTP Request: POST http://localhost:8006/v1/chat/completions "HTTP/1.1 200 OK"
2026-08-17 19:58:57,610 - INFO - HTTP Request: POST http://localhost:8006/v1/chat/completions "HTTP/1.1 200 OK"
2026-08-17 19:59:00,814 - INFO - HTTP Request: POST http://localhost:8006/v1/chat/completions "HTTP/1.1 200 OK"
2026-08-17 19:59:02,441 - INFO - HTTP Request: POST http://localhost:8006/v1/chat/completions "HTTP/1.1 200 OK"
2026-08-17 19:59:04,772 - INFO - HTTP Request: POST http://localhost:8006/v1/chat/completions "HTTP/1.1 200 OK"

r1_cfg6:  78%|███████▊  | 39/50 [58:51<14:06, 76.93s/it]2026-08-17 19:59:11,530 - INFO - HTTP Request: POST http://localhost:8006/v1/chat/completions "HTTP/1.1 200 OK"

2026-08-17 19:59:13,492 - INFO - HTTP Request: POST http://localhost:8006/v1/chat/completions "HTTP/1.1 200 OK"

2026-08-17 19:59:15,668 - INFO - HTTP Request: POST http://localhost:8006/v1/chat/completions "HTTP/1.1 200 OK"

r1_cfg6:  80%|████████  | 40/50 [59:02<09:31, 57.12s/it]2026-08-17 19:59:26,517 - INFO - HTTP Request: POST http://localhost:8006/v1/chat/completions "HTTP/1.1 200 OK"
2026-08-17 19:59:36,174 - INFO - HTTP Request: POST http://localhost:8006/v1/chat/completions "HTTP/1.1 200 OK"
2026-08-17 19:59:38,287 - INFO - HTTP Request: POST http://localhost:8006/v1/chat/completions "HTTP/1.1 200 OK"
2026-08-17 19:59:40,474 - INFO - HTTP Request: POST http://localhost:8006/v1/chat/completions "HTTP/1.1 200 OK"
2026-08-17 19:59:40,476 - INFO - HTTP Request: POST http://localhost:8006/v1/chat/completions "HTTP/1.1 200 OK"

2026-08-17 19:59:47,599 - INFO - HTTP Request: POST http://localhost:8006/v1/chat/completions "HTTP/1.1 200 OK"

2026-08-17 19:59:51,524 - INFO - HTTP Request: POST http://localhost:8006/v1/chat/completions "HTTP/1.1 200 OK"

2026-08-17 19:59:55,002 - INFO - HTTP Request: POST http://localhost:8006/v1/chat/completions "HTTP/1.1 200 OK"

2026-08-17 20:00:06,939 - INFO - HTTP Request: POST http://localhost:8006/v1/chat/completions "HTTP/1.1 200 OK"
2026-08-17 20:00:11,383 - INFO - HTTP Request: POST http://localhost:8006/v1/chat/completions "HTTP/1.1 200 OK"
2026-08-17 20:00:15,521 - INFO - HTTP Request: POST http://localhost:8006/v1/chat/completions "HTTP/1.1 200 OK"
2026-08-17 20:00:21,621 - INFO - HTTP Request: POST http://localhost:8006/v1/chat/completions "HTTP/1.1 200 OK"

2026-08-17 20:00:22,279 - INFO - HTTP Request: POST http://localhost:8006/v1/chat/completions "HTTP/1.1 200 OK"
2026-08-17 20:00:24,252 - INFO - HTTP Request: POST http://localhost:8006/v1/chat/completions "HTTP/1.1 200 OK"

2026-08-17 20:00:28,832 - INFO - HTTP Request: POST http://localhost:8006/v1/chat/completions "HTTP/1.1 200 OK"

2026-08-17 20:00:32,967 - INFO - HTTP Request: POST http://localhost:8006/v1/chat/completions "HTTP/1.1 200 OK"

2026-08-17 20:00:44,033 - INFO - HTTP Request: POST http://localhost:8006/v1/chat/completions "HTTP/1.1 200 OK"
2026-08-17 20:00:46,579 - INFO - HTTP Request: POST http://localhost:8006/v1/chat/completions "HTTP/1.1 200 OK"
2026-08-17 20:00:53,423 - INFO - HTTP Request: POST http://localhost:8006/v1/chat/completions "HTTP/1.1 200 OK"
2026-08-17 20:00:58,319 - INFO - HTTP Request: POST http://localhost:8006/v1/chat/completions "HTTP/1.1 200 OK"
2026-08-17 20:00:58,536 - INFO - HTTP Request: POST http://localhost:8006/v1/chat/completions "HTTP/1.1 200 OK"

2026-08-17 20:01:01,382 - INFO - HTTP Request: POST http://localhost:8006/v1/chat/completions "HTTP/1.1 200 OK"

2026-08-17 20:01:06,396 - INFO - HTTP Request: POST http://localhost:8006/v1/chat/completions "HTTP/1.1 200 OK"

2026-08-17 20:01:11,401 - INFO - HTTP Request: POST http://localhost:8006/v1/chat/completions "HTTP/1.1 200 OK"

2026-08-17 20:01:25,296 - INFO - HTTP Request: POST http://localhost:8006/v1/chat/completions "HTTP/1.1 200 OK"
2026-08-17 20:01:26,474 - INFO - HTTP Request: POST http://localhost:8006/v1/chat/completions "HTTP/1.1 200 OK"
2026-08-17 20:01:28,151 - INFO - HTTP Request: POST http://localhost:8006/v1/chat/completions "HTTP/1.1 200 OK"
2026-08-17 20:01:36,531 - INFO - HTTP Request: POST http://localhost:8006/v1/chat/completions "HTTP/1.1 200 OK"
2026-08-17 20:01:38,938 - INFO - HTTP Request: POST http://localhost:8006/v1/chat/completions "HTTP/1.1 200 OK"

2026-08-17 20:01:40,908 - INFO - HTTP Request: POST http://localhost:8006/v1/chat/completions "HTTP/1.1 200 OK"

2026-08-17 20:01:41,344 - INFO - HTTP Request: POST http://localhost:8006/v1/chat/completions "HTTP/1.1 200 OK"

2026-08-17 20:01:48,951 - INFO - HTTP Request: POST http://localhost:8006/v1/chat/completions "HTTP/1.1 200 OK"

2026-08-17 20:01:58,724 - INFO - HTTP Request: POST http://localhost:8006/v1/chat/completions "HTTP/1.1 200 OK"
2026-08-17 20:02:01,647 - INFO - HTTP Request: POST http://localhost:8006/v1/chat/completions "HTTP/1.1 200 OK"
2026-08-17 20:02:09,419 - INFO - HTTP Request: POST http://localhost:8006/v1/chat/completions "HTTP/1.1 200 OK"
2026-08-17 20:02:10,520 - INFO - HTTP Request: POST http://localhost:8006/v1/chat/completions "HTTP/1.1 200 OK"
2026-08-17 20:02:15,855 - INFO - HTTP Request: POST http://localhost:8006/v1/chat/completions "HTTP/1.1 200 OK"

2026-08-17 20:02:16,291 - INFO - HTTP Request: POST http://localhost:8006/v1/chat/completions "HTTP/1.1 200 OK"

2026-08-17 20:02:21,520 - INFO - HTTP Request: POST http://localhost:8006/v1/chat/completions "HTTP/1.1 200 OK"

2026-08-17 20:02:24,566 - INFO - HTTP Request: POST http://localhost:8006/v1/chat/completions "HTTP/1.1 200 OK"

2026-08-17 20:02:44,538 - INFO - HTTP Request: POST http://localhost:8006/v1/chat/completions "HTTP/1.1 200 OK"
2026-08-17 20:02:44,539 - INFO - HTTP Request: POST http://localhost:8006/v1/chat/completions "HTTP/1.1 200 OK"
2026-08-17 20:02:46,082 - INFO - HTTP Request: POST http://localhost:8006/v1/chat/completions "HTTP/1.1 200 OK"
2026-08-17 20:02:51,250 - INFO - HTTP Request: POST http://localhost:8006/v1/chat/completions "HTTP/1.1 200 OK"
2026-08-17 20:02:58,235 - INFO - HTTP Request: POST http://localhost:8006/v1/chat/completions "HTTP/1.1 200 OK"

2026-08-17 20:02:58,453 - INFO - HTTP Request: POST http://localhost:8006/v1/chat/completions "HTTP/1.1 200 OK"

2026-08-17 20:03:01,508 - INFO - HTTP Request: POST http://localhost:8006/v1/chat/completions "HTTP/1.1 200 OK"

2026-08-17 20:03:03,250 - INFO - HTTP Request: POST http://localhost:8006/v1/chat/completions "HTTP/1.1 200 OK"

2026-08-17 20:03:18,448 - INFO - HTTP Request: POST http://localhost:8006/v1/chat/completions "HTTP/1.1 200 OK"
2026-08-17 20:03:23,548 - INFO - HTTP Request: POST http://localhost:8006/v1/chat/completions "HTTP/1.1 200 OK"
2026-08-17 20:03:28,568 - INFO - HTTP Request: POST http://localhost:8006/v1/chat/completions "HTTP/1.1 200 OK"

2026-08-17 20:03:29,876 - INFO - HTTP Request: POST http://localhost:8006/v1/chat/completions "HTTP/1.1 200 OK"
2026-08-17 20:03:31,697 - INFO - HTTP Request: POST http://localhost:8006/v1/chat/completions "HTTP/1.1 200 OK"
2026-08-17 20:03:41,007 - INFO - HTTP Request: POST http://localhost:8006/v1/chat/completions "HTTP/1.1 200 OK"

2026-08-17 20:03:45,148 - INFO - HTTP Request: POST http://localhost:8006/v1/chat/completions "HTTP/1.1 200 OK"

2026-08-17 20:03:50,158 - INFO - HTTP Request: POST http://localhost:8006/v1/chat/completions "HTTP/1.1 200 OK"

r1_cfg6:  82%|████████▏ | 41/50 [1:03:36<18:20, 122.33s/it]2026-08-17 20:03:58,626 - INFO - HTTP Request: POST http://localhost:8006/v1/chat/completions "HTTP/1.1 200 OK"
2026-08-17 20:04:08,512 - INFO - HTTP Request: POST http://localhost:8006/v1/chat/completions "HTTP/1.1 200 OK"

2026-08-17 20:04:10,474 - INFO - HTTP Request: POST http://localhost:8006/v1/chat/completions "HTTP/1.1 200 OK"
2026-08-17 20:04:12,660 - INFO - HTTP Request: POST http://localhost:8006/v1/chat/completions "HTTP/1.1 200 OK"
2026-08-17 20:04:18,974 - INFO - HTTP Request: POST http://localhost:8006/v1/chat/completions "HTTP/1.1 200 OK"
2026-08-17 20:04:23,486 - INFO - HTTP Request: POST http://localhost:8006/v1/chat/completions "HTTP/1.1 200 OK"

2026-08-17 20:04:25,236 - INFO - HTTP Request: POST http://localhost:8006/v1/chat/completions "HTTP/1.1 200 OK"

2026-08-17 20:04:33,501 - INFO - HTTP Request: POST http://localhost:8006/v1/chat/completions "HTTP/1.1 200 OK"

r1_cfg6:  84%|████████▍ | 42/50 [1:04:20<13:09, 98.63s/it] 2026-08-17 20:04:41,966 - INFO - HTTP Request: POST http://localhost:8006/v1/chat/completions "HTTP/1.1 200 OK"
2026-08-17 20:04:51,629 - INFO - HTTP Request: POST http://localhost:8006/v1/chat/completions "HTTP/1.1 200 OK"
2026-08-17 20:04:55,991 - INFO - HTTP Request: POST http://localhost:8006/v1/chat/completions "HTTP/1.1 200 OK"
2026-08-17 20:04:57,015 - INFO - HTTP Request: POST http://localhost:8006/v1/chat/completions "HTTP/1.1 200 OK"
2026-08-17 20:04:57,232 - INFO - HTTP Request: POST http://localhost:8006/v1/chat/completions "HTTP/1.1 200 OK"

r1_cfg6:  86%|████████▌ | 43/50 [1:04:44<08:53, 76.16s/it]2026-08-17 20:05:02,252 - INFO - HTTP Request: POST http://localhost:8006/v1/chat/completions "HTTP/1.1 200 OK"

2026-08-17 20:05:07,260 - INFO - HTTP Request: POST http://localhost:8006/v1/chat/completions "HTTP/1.1 200 OK"

r1_cfg6:  88%|████████▊ | 44/50 [1:04:54<05:37, 56.32s/it]2026-08-17 20:05:11,824 - INFO - HTTP Request: POST http://localhost:8006/v1/chat/completions "HTTP/1.1 200 OK"

2026-08-17 20:05:19,419 - INFO - HTTP Request: POST http://localhost:8006/v1/chat/completions "HTTP/1.1 200 OK"
2026-08-17 20:05:26,900 - INFO - HTTP Request: POST http://localhost:8006/v1/chat/completions "HTTP/1.1 200 OK"
2026-08-17 20:05:28,428 - INFO - HTTP Request: POST http://localhost:8006/v1/chat/completions "HTTP/1.1 200 OK"

2026-08-17 20:05:29,735 - INFO - HTTP Request: POST http://localhost:8006/v1/chat/completions "HTTP/1.1 200 OK"
2026-08-17 20:05:38,741 - INFO - HTTP Request: POST http://localhost:8006/v1/chat/completions "HTTP/1.1 200 OK"
2026-08-17 20:05:41,727 - INFO - HTTP Request: POST http://localhost:8006/v1/chat/completions "HTTP/1.1 200 OK"

2026-08-17 20:05:43,478 - INFO - HTTP Request: POST http://localhost:8006/v1/chat/completions "HTTP/1.1 200 OK"

2026-08-17 20:05:52,173 - INFO - HTTP Request: POST http://localhost:8006/v1/chat/completions "HTTP/1.1 200 OK"

2026-08-17 20:05:55,212 - INFO - HTTP Request: POST http://localhost:8006/v1/chat/completions "HTTP/1.1 200 OK"
2026-08-17 20:06:06,179 - INFO - HTTP Request: POST http://localhost:8006/v1/chat/completions "HTTP/1.1 200 OK"
2026-08-17 20:06:07,269 - INFO - HTTP Request: POST http://localhost:8006/v1/chat/completions "HTTP/1.1 200 OK"

2026-08-17 20:06:10,096 - INFO - HTTP Request: POST http://localhost:8006/v1/chat/completions "HTTP/1.1 200 OK"
2026-08-17 20:06:17,367 - INFO - HTTP Request: POST http://localhost:8006/v1/chat/completions "HTTP/1.1 200 OK"
2026-08-17 20:06:19,481 - INFO - HTTP Request: POST http://localhost:8006/v1/chat/completions "HTTP/1.1 200 OK"

2026-08-17 20:06:20,362 - INFO - HTTP Request: POST http://localhost:8006/v1/chat/completions "HTTP/1.1 200 OK"

2026-08-17 20:06:32,313 - INFO - HTTP Request: POST http://localhost:8006/v1/chat/completions "HTTP/1.1 200 OK"
2026-08-17 20:06:32,531 - INFO - HTTP Request: POST http://localhost:8006/v1/chat/completions "HTTP/1.1 200 OK"

2026-08-17 20:06:39,589 - INFO - HTTP Request: POST http://localhost:8006/v1/chat/completions "HTTP/1.1 200 OK"
2026-08-17 20:06:45,253 - INFO - HTTP Request: POST http://localhost:8006/v1/chat/completions "HTTP/1.1 200 OK"
2026-08-17 20:06:47,093 - INFO - HTTP Request: POST http://localhost:8006/v1/chat/completions "HTTP/1.1 200 OK"

2026-08-17 20:06:52,758 - INFO - HTTP Request: POST http://localhost:8006/v1/chat/completions "HTTP/1.1 200 OK"

2026-08-17 20:06:56,237 - INFO - HTTP Request: POST http://localhost:8006/v1/chat/completions "HTTP/1.1 200 OK"

2026-08-17 20:06:57,546 - INFO - HTTP Request: POST http://localhost:8006/v1/chat/completions "HTTP/1.1 200 OK"
2026-08-17 20:07:11,338 - INFO - HTTP Request: POST http://localhost:8006/v1/chat/completions "HTTP/1.1 200 OK"
2026-08-17 20:07:12,738 - INFO - HTTP Request: POST http://localhost:8006/v1/chat/completions "HTTP/1.1 200 OK"

2026-08-17 20:07:20,351 - INFO - HTTP Request: POST http://localhost:8006/v1/chat/completions "HTTP/1.1 200 OK"
2026-08-17 20:07:22,403 - INFO - HTTP Request: POST http://localhost:8006/v1/chat/completions "HTTP/1.1 200 OK"
2026-08-17 20:07:23,928 - INFO - HTTP Request: POST http://localhost:8006/v1/chat/completions "HTTP/1.1 200 OK"

2026-08-17 20:07:32,638 - INFO - HTTP Request: POST http://localhost:8006/v1/chat/completions "HTTP/1.1 200 OK"
2026-08-17 20:07:33,387 - INFO - HTTP Request: POST http://localhost:8006/v1/chat/completions "HTTP/1.1 200 OK"

2026-08-17 20:07:37,153 - INFO - HTTP Request: POST http://localhost:8006/v1/chat/completions "HTTP/1.1 200 OK"

2026-08-17 20:07:44,108 - INFO - HTTP Request: POST http://localhost:8006/v1/chat/completions "HTTP/1.1 200 OK"
2026-08-17 20:07:44,325 - INFO - HTTP Request: POST http://localhost:8006/v1/chat/completions "HTTP/1.1 200 OK"

2026-08-17 20:07:53,549 - INFO - HTTP Request: POST http://localhost:8006/v1/chat/completions "HTTP/1.1 200 OK"
2026-08-17 20:07:56,475 - INFO - HTTP Request: POST http://localhost:8006/v1/chat/completions "HTTP/1.1 200 OK"

2026-08-17 20:07:57,782 - INFO - HTTP Request: POST http://localhost:8006/v1/chat/completions "HTTP/1.1 200 OK"
2026-08-17 20:08:03,445 - INFO - HTTP Request: POST http://localhost:8006/v1/chat/completions "HTTP/1.1 200 OK"

2026-08-17 20:08:09,093 - INFO - HTTP Request: POST http://localhost:8006/v1/chat/completions "HTTP/1.1 200 OK"

2026-08-17 20:08:13,869 - INFO - HTTP Request: POST http://localhost:8006/v1/chat/completions "HTTP/1.1 200 OK"
2026-08-17 20:08:22,882 - INFO - HTTP Request: POST http://localhost:8006/v1/chat/completions "HTTP/1.1 200 OK"

2026-08-17 20:08:25,706 - INFO - HTTP Request: POST http://localhost:8006/v1/chat/completions "HTTP/1.1 200 OK"
2026-08-17 20:08:32,754 - INFO - HTTP Request: POST http://localhost:8006/v1/chat/completions "HTTP/1.1 200 OK"
2026-08-17 20:08:39,161 - INFO - HTTP Request: POST http://localhost:8006/v1/chat/completions "HTTP/1.1 200 OK"
2026-08-17 20:08:41,346 - INFO - HTTP Request: POST http://localhost:8006/v1/chat/completions "HTTP/1.1 200 OK"

2026-08-17 20:08:43,743 - INFO - HTTP Request: POST http://localhost:8006/v1/chat/completions "HTTP/1.1 200 OK"
2026-08-17 20:08:46,294 - INFO - HTTP Request: POST http://localhost:8006/v1/chat/completions "HTTP/1.1 200 OK"

2026-08-17 20:08:51,955 - INFO - HTTP Request: POST http://localhost:8006/v1/chat/completions "HTTP/1.1 200 OK"

2026-08-17 20:09:01,747 - INFO - HTTP Request: POST http://localhost:8006/v1/chat/completions "HTTP/1.1 200 OK"
2026-08-17 20:09:06,632 - INFO - HTTP Request: POST http://localhost:8006/v1/chat/completions "HTTP/1.1 200 OK"
2026-08-17 20:09:10,434 - INFO - HTTP Request: POST http://localhost:8006/v1/chat/completions "HTTP/1.1 200 OK"

2026-08-17 20:09:16,312 - INFO - HTTP Request: POST http://localhost:8006/v1/chat/completions "HTTP/1.1 200 OK"

2026-08-17 20:09:17,185 - INFO - HTTP Request: POST http://localhost:8006/v1/chat/completions "HTTP/1.1 200 OK"

2026-08-17 20:09:25,654 - INFO - HTTP Request: POST http://localhost:8006/v1/chat/completions "HTTP/1.1 200 OK"
2026-08-17 20:09:37,615 - INFO - HTTP Request: POST http://localhost:8006/v1/chat/completions "HTTP/1.1 200 OK"

r1_cfg6:  90%|█████████ | 45/50 [1:09:24<10:02, 120.53s/it]2026-08-17 20:09:39,787 - INFO - HTTP Request: POST http://localhost:8006/v1/chat/completions "HTTP/1.1 200 OK"
2026-08-17 20:09:46,029 - INFO - HTTP Request: POST http://localhost:8006/v1/chat/completions "HTTP/1.1 200 OK"
2026-08-17 20:09:47,215 - INFO - HTTP Request: POST http://localhost:8006/v1/chat/completions "HTTP/1.1 200 OK"
2026-08-17 20:09:52,977 - INFO - HTTP Request: POST http://localhost:8006/v1/chat/completions "HTTP/1.1 200 OK"

2026-08-17 20:09:57,122 - INFO - HTTP Request: POST http://localhost:8006/v1/chat/completions "HTTP/1.1 200 OK"

2026-08-17 20:10:00,610 - INFO - HTTP Request: POST http://localhost:8006/v1/chat/completions "HTTP/1.1 200 OK"
2026-08-17 20:10:04,246 - INFO - HTTP Request: POST http://localhost:8006/v1/chat/completions "HTTP/1.1 200 OK"

2026-08-17 20:10:11,642 - INFO - HTTP Request: POST http://localhost:8006/v1/chat/completions "HTTP/1.1 200 OK"

2026-08-17 20:10:25,750 - INFO - HTTP Request: POST http://localhost:8006/v1/chat/completions "HTTP/1.1 200 OK"
2026-08-17 20:10:30,399 - INFO - HTTP Request: POST http://localhost:8006/v1/chat/completions "HTTP/1.1 200 OK"
2026-08-17 20:10:38,116 - INFO - HTTP Request: POST http://localhost:8006/v1/chat/completions "HTTP/1.1 200 OK"
2026-08-17 20:10:38,834 - INFO - HTTP Request: POST http://localhost:8006/v1/chat/completions "HTTP/1.1 200 OK"
2026-08-17 20:10:42,515 - INFO - HTTP Request: POST http://localhost:8006/v1/chat/completions "HTTP/1.1 200 OK"

r1_cfg6:  92%|█████████▏| 46/50 [1:10:29<06:55, 103.84s/it]2026-08-17 20:10:46,005 - INFO - HTTP Request: POST http://localhost:8006/v1/chat/completions "HTTP/1.1 200 OK"

r1_cfg6:  94%|█████████▍| 47/50 [1:10:32<03:41, 73.74s/it] 2026-08-17 20:10:52,969 - INFO - HTTP Request: POST http://localhost:8006/v1/chat/completions "HTTP/1.1 200 OK"

2026-08-17 20:10:53,404 - INFO - HTTP Request: POST http://localhost:8006/v1/chat/completions "HTTP/1.1 200 OK"

r1_cfg6:  96%|█████████▌| 48/50 [1:10:40<01:47, 53.84s/it]2026-08-17 20:11:04,446 - INFO - HTTP Request: POST http://localhost:8006/v1/chat/completions "HTTP/1.1 200 OK"
2026-08-17 20:11:17,380 - INFO - HTTP Request: POST http://localhost:8006/v1/chat/completions "HTTP/1.1 200 OK"
2026-08-17 20:11:18,446 - INFO - HTTP Request: POST http://localhost:8006/v1/chat/completions "HTTP/1.1 200 OK"

2026-08-17 20:11:31,498 - INFO - HTTP Request: POST http://localhost:8006/v1/chat/completions "HTTP/1.1 200 OK"

2026-08-17 20:11:44,092 - INFO - HTTP Request: POST http://localhost:8006/v1/chat/completions "HTTP/1.1 200 OK"
2026-08-17 20:11:55,294 - INFO - HTTP Request: POST http://localhost:8006/v1/chat/completions "HTTP/1.1 200 OK"
2026-08-17 20:11:56,572 - INFO - HTTP Request: POST http://localhost:8006/v1/chat/completions "HTTP/1.1 200 OK"

2026-08-17 20:12:07,459 - INFO - HTTP Request: POST http://localhost:8006/v1/chat/completions "HTTP/1.1 200 OK"

2026-08-17 20:12:20,491 - INFO - HTTP Request: POST http://localhost:8006/v1/chat/completions "HTTP/1.1 200 OK"
2026-08-17 20:12:27,135 - INFO - HTTP Request: POST http://localhost:8006/v1/chat/completions "HTTP/1.1 200 OK"
2026-08-17 20:12:33,848 - INFO - HTTP Request: POST http://localhost:8006/v1/chat/completions "HTTP/1.1 200 OK"

2026-08-17 20:12:37,792 - INFO - HTTP Request: POST http://localhost:8006/v1/chat/completions "HTTP/1.1 200 OK"

2026-08-17 20:12:56,880 - INFO - HTTP Request: POST http://localhost:8006/v1/chat/completions "HTTP/1.1 200 OK"
2026-08-17 20:13:06,342 - INFO - HTTP Request: POST http://localhost:8006/v1/chat/completions "HTTP/1.1 200 OK"
2026-08-17 20:13:10,008 - INFO - HTTP Request: POST http://localhost:8006/v1/chat/completions "HTTP/1.1 200 OK"

2026-08-17 20:13:20,034 - INFO - HTTP Request: POST http://localhost:8006/v1/chat/completions "HTTP/1.1 200 OK"

2026-08-17 20:13:29,380 - INFO - HTTP Request: POST http://localhost:8006/v1/chat/completions "HTTP/1.1 200 OK"
2026-08-17 20:13:39,933 - INFO - HTTP Request: POST http://localhost:8006/v1/chat/completions "HTTP/1.1 200 OK"
2026-08-17 20:13:42,089 - INFO - HTTP Request: POST http://localhost:8006/v1/chat/completions "HTTP/1.1 200 OK"

2026-08-17 20:13:52,325 - INFO - HTTP Request: POST http://localhost:8006/v1/chat/completions "HTTP/1.1 200 OK"

2026-08-17 20:14:10,338 - INFO - HTTP Request: POST http://localhost:8006/v1/chat/completions "HTTP/1.1 200 OK"
2026-08-17 20:14:20,888 - INFO - HTTP Request: POST http://localhost:8006/v1/chat/completions "HTTP/1.1 200 OK"

2026-08-17 20:14:21,142 - INFO - HTTP Request: POST http://localhost:8006/v1/chat/completions "HTTP/1.1 200 OK"
2026-08-17 20:14:36,313 - INFO - HTTP Request: POST http://localhost:8006/v1/chat/completions "HTTP/1.1 200 OK"

2026-08-17 20:14:40,680 - INFO - HTTP Request: POST http://localhost:8006/v1/chat/completions "HTTP/1.1 200 OK"
2026-08-17 20:14:54,274 - INFO - HTTP Request: POST http://localhost:8006/v1/chat/completions "HTTP/1.1 200 OK"

2026-08-17 20:15:09,042 - INFO - HTTP Request: POST http://localhost:8006/v1/chat/completions "HTTP/1.1 200 OK"
2026-08-17 20:15:23,351 - INFO - HTTP Request: POST http://localhost:8006/v1/chat/completions "HTTP/1.1 200 OK"
2026-08-17 20:15:23,891 - INFO - HTTP Request: POST http://localhost:8006/v1/chat/completions "HTTP/1.1 200 OK"

r1_cfg6:  98%|█████████▊| 49/50 [1:15:10<01:58, 118.83s/it]2026-08-17 20:15:26,599 - INFO - HTTP Request: POST http://localhost:8006/v1/chat/completions "HTTP/1.1 200 OK"

2026-08-17 20:15:32,542 - INFO - HTTP Request: POST http://localhost:8006/v1/chat/completions "HTTP/1.1 200 OK"
2026-08-17 20:15:34,996 - INFO - HTTP Request: POST http://localhost:8006/v1/chat/completions "HTTP/1.1 200 OK"

r1_cfg6: 100%|██████████| 50/50 [1:15:21<00:00, 86.51s/it] r1_cfg6: 100%|██████████| 50/50 [1:15:22<00:00, 90.44s/it]
  done in 4522.1s (valid 50/50, invalid {})

Scored 1 model/s.
Report:  /LAB/Swiss-Knife/tribunal/bayes_search_honesty/eval_results/round1/r1_cfg6/report/index.html
Tables:  /LAB/Swiss-Knife/tribunal/bayes_search_honesty/eval_results/round1/r1_cfg6/model_summary.csv, /LAB/Swiss-Knife/tribunal/bayes_search_honesty/eval_results/round1/r1_cfg6/summary.csv
