2026-08-17 19:22:15,225 - INFO - Judge client pointed at http://localhost:8004/v1
2026-08-17 19:22:18,550 - INFO - Loading Detoxify model (CPU)
2026-08-17 19:22:22,414 - INFO - HTTP Request: HEAD https://huggingface.co/bert-base-uncased/resolve/main/config.json "HTTP/1.1 200 OK"
Warning: You are sending unauthenticated requests to the HF Hub. Please set a HF_TOKEN to enable higher rate limits and faster downloads.
2026-08-17 19:22:22,415 - WARNING - Warning: You are sending unauthenticated requests to the HF Hub. Please set a HF_TOKEN to enable higher rate limits and faster downloads.
input:  /LAB/Swiss-Knife/tribunal/bayes_search_honesty/eval_results/round1/r1_cfg4/_tribunal_input_tmp (1 model file/s)
output: /LAB/Swiss-Knife/tribunal/bayes_search_honesty/eval_results/round1/r1_cfg4
judge:  Qwen/Qwen2.5-32B-Instruct @ http://localhost:8004/v1
detoxify cross-check: True
Loading weights:   0%|          | 0/201 [00:00<?, ?it/s]Loading weights: 100%|██████████| 201/201 [00:00<00:00, 31649.78it/s]
2026-08-17 19:22:22,743 - INFO - HTTP Request: HEAD https://huggingface.co/bert-base-uncased/resolve/main/tokenizer_config.json "HTTP/1.1 200 OK"
2026-08-17 19:22:22,952 - INFO - HTTP Request: GET https://huggingface.co/api/models/bert-base-uncased/tree/main/additional_chat_templates?recursive=false&expand=false "HTTP/1.1 307 Temporary Redirect"
2026-08-17 19:22:23,164 - INFO - HTTP Request: GET https://huggingface.co/api/models/google-bert/bert-base-uncased/tree/main/additional_chat_templates?recursive=false&expand=false "HTTP/1.1 404 Not Found"
2026-08-17 19:22:23,376 - INFO - HTTP Request: GET https://huggingface.co/api/models/bert-base-uncased/tree/main?recursive=true&expand=false "HTTP/1.1 307 Temporary Redirect"
2026-08-17 19:22:23,592 - INFO - HTTP Request: GET https://huggingface.co/api/models/google-bert/bert-base-uncased/tree/main?recursive=true&expand=false "HTTP/1.1 200 OK"

[1/1] r1_cfg4
  scoring 50 records (0 skipped or cached) [workers=4]
r1_cfg4:   0%|          | 0/50 [00:00<?, ?it/s]2026-08-17 19:22:45,575 - INFO - HTTP Request: POST http://localhost:8004/v1/chat/completions "HTTP/1.1 200 OK"
2026-08-17 19:22:45,791 - INFO - HTTP Request: POST http://localhost:8004/v1/chat/completions "HTTP/1.1 200 OK"
2026-08-17 19:22:45,792 - INFO - HTTP Request: POST http://localhost:8004/v1/chat/completions "HTTP/1.1 200 OK"
2026-08-17 19:22:46,386 - INFO - HTTP Request: POST http://localhost:8004/v1/chat/completions "HTTP/1.1 200 OK"
2026-08-17 19:22:58,529 - INFO - HTTP Request: POST http://localhost:8004/v1/chat/completions "HTTP/1.1 200 OK"

2026-08-17 19:22:59,681 - INFO - HTTP Request: POST http://localhost:8004/v1/chat/completions "HTTP/1.1 200 OK"

2026-08-17 19:23:01,421 - INFO - HTTP Request: POST http://localhost:8004/v1/chat/completions "HTTP/1.1 200 OK"

2026-08-17 19:23:02,722 - INFO - HTTP Request: POST http://localhost:8004/v1/chat/completions "HTTP/1.1 200 OK"

2026-08-17 19:23:24,580 - INFO - HTTP Request: POST http://localhost:8004/v1/chat/completions "HTTP/1.1 200 OK"
2026-08-17 19:23:26,161 - INFO - HTTP Request: POST http://localhost:8004/v1/chat/completions "HTTP/1.1 200 OK"
2026-08-17 19:23:28,260 - INFO - HTTP Request: POST http://localhost:8004/v1/chat/completions "HTTP/1.1 200 OK"
2026-08-17 19:23:29,923 - INFO - HTTP Request: POST http://localhost:8004/v1/chat/completions "HTTP/1.1 200 OK"
2026-08-17 19:23:36,324 - INFO - HTTP Request: POST http://localhost:8004/v1/chat/completions "HTTP/1.1 200 OK"

2026-08-17 19:23:40,286 - INFO - HTTP Request: POST http://localhost:8004/v1/chat/completions "HTTP/1.1 200 OK"

2026-08-17 19:23:40,940 - INFO - HTTP Request: POST http://localhost:8004/v1/chat/completions "HTTP/1.1 200 OK"

2026-08-17 19:23:42,681 - INFO - HTTP Request: POST http://localhost:8004/v1/chat/completions "HTTP/1.1 200 OK"

2026-08-17 19:24:00,655 - INFO - HTTP Request: POST http://localhost:8004/v1/chat/completions "HTTP/1.1 200 OK"
2026-08-17 19:24:04,993 - INFO - HTTP Request: POST http://localhost:8004/v1/chat/completions "HTTP/1.1 200 OK"
2026-08-17 19:24:06,011 - INFO - HTTP Request: POST http://localhost:8004/v1/chat/completions "HTTP/1.1 200 OK"
2026-08-17 19:24:08,055 - INFO - HTTP Request: POST http://localhost:8004/v1/chat/completions "HTTP/1.1 200 OK"
2026-08-17 19:24:15,548 - INFO - HTTP Request: POST http://localhost:8004/v1/chat/completions "HTTP/1.1 200 OK"

2026-08-17 19:24:19,946 - INFO - HTTP Request: POST http://localhost:8004/v1/chat/completions "HTTP/1.1 200 OK"

2026-08-17 19:24:21,694 - INFO - HTTP Request: POST http://localhost:8004/v1/chat/completions "HTTP/1.1 200 OK"

2026-08-17 19:24:24,523 - INFO - HTTP Request: POST http://localhost:8004/v1/chat/completions "HTTP/1.1 200 OK"

2026-08-17 19:24:39,477 - INFO - HTTP Request: POST http://localhost:8004/v1/chat/completions "HTTP/1.1 200 OK"
2026-08-17 19:24:44,463 - INFO - HTTP Request: POST http://localhost:8004/v1/chat/completions "HTTP/1.1 200 OK"
2026-08-17 19:24:46,407 - INFO - HTTP Request: POST http://localhost:8004/v1/chat/completions "HTTP/1.1 200 OK"
2026-08-17 19:24:49,757 - INFO - HTTP Request: POST http://localhost:8004/v1/chat/completions "HTTP/1.1 200 OK"
2026-08-17 19:24:53,229 - INFO - HTTP Request: POST http://localhost:8004/v1/chat/completions "HTTP/1.1 200 OK"

2026-08-17 19:24:57,849 - INFO - HTTP Request: POST http://localhost:8004/v1/chat/completions "HTTP/1.1 200 OK"

2026-08-17 19:24:59,597 - INFO - HTTP Request: POST http://localhost:8004/v1/chat/completions "HTTP/1.1 200 OK"

2026-08-17 19:25:03,075 - INFO - HTTP Request: POST http://localhost:8004/v1/chat/completions "HTTP/1.1 200 OK"

2026-08-17 19:25:13,045 - INFO - HTTP Request: POST http://localhost:8004/v1/chat/completions "HTTP/1.1 200 OK"
2026-08-17 19:25:17,598 - INFO - HTTP Request: POST http://localhost:8004/v1/chat/completions "HTTP/1.1 200 OK"
2026-08-17 19:25:19,768 - INFO - HTTP Request: POST http://localhost:8004/v1/chat/completions "HTTP/1.1 200 OK"
2026-08-17 19:25:23,995 - INFO - HTTP Request: POST http://localhost:8004/v1/chat/completions "HTTP/1.1 200 OK"
2026-08-17 19:25:28,447 - INFO - HTTP Request: POST http://localhost:8004/v1/chat/completions "HTTP/1.1 200 OK"

2026-08-17 19:25:33,299 - INFO - HTTP Request: POST http://localhost:8004/v1/chat/completions "HTTP/1.1 200 OK"

2026-08-17 19:25:34,824 - INFO - HTTP Request: POST http://localhost:8004/v1/chat/completions "HTTP/1.1 200 OK"

2026-08-17 19:25:36,779 - INFO - HTTP Request: POST http://localhost:8004/v1/chat/completions "HTTP/1.1 200 OK"

2026-08-17 19:25:57,152 - INFO - HTTP Request: POST http://localhost:8004/v1/chat/completions "HTTP/1.1 200 OK"
2026-08-17 19:26:02,361 - INFO - HTTP Request: POST http://localhost:8004/v1/chat/completions "HTTP/1.1 200 OK"
2026-08-17 19:26:04,247 - INFO - HTTP Request: POST http://localhost:8004/v1/chat/completions "HTTP/1.1 200 OK"
2026-08-17 19:26:06,510 - INFO - HTTP Request: POST http://localhost:8004/v1/chat/completions "HTTP/1.1 200 OK"
2026-08-17 19:26:12,699 - INFO - HTTP Request: POST http://localhost:8004/v1/chat/completions "HTTP/1.1 200 OK"

2026-08-17 19:26:14,726 - INFO - HTTP Request: POST http://localhost:8004/v1/chat/completions "HTTP/1.1 200 OK"

2026-08-17 19:26:15,816 - INFO - HTTP Request: POST http://localhost:8004/v1/chat/completions "HTTP/1.1 200 OK"

2026-08-17 19:26:21,026 - INFO - HTTP Request: POST http://localhost:8004/v1/chat/completions "HTTP/1.1 200 OK"

2026-08-17 19:26:32,730 - INFO - HTTP Request: POST http://localhost:8004/v1/chat/completions "HTTP/1.1 200 OK"
2026-08-17 19:26:35,192 - INFO - HTTP Request: POST http://localhost:8004/v1/chat/completions "HTTP/1.1 200 OK"
2026-08-17 19:26:36,647 - INFO - HTTP Request: POST http://localhost:8004/v1/chat/completions "HTTP/1.1 200 OK"
2026-08-17 19:26:42,186 - INFO - HTTP Request: POST http://localhost:8004/v1/chat/completions "HTTP/1.1 200 OK"
2026-08-17 19:26:45,984 - INFO - HTTP Request: POST http://localhost:8004/v1/chat/completions "HTTP/1.1 200 OK"

2026-08-17 19:26:49,821 - INFO - HTTP Request: POST http://localhost:8004/v1/chat/completions "HTTP/1.1 200 OK"

2026-08-17 19:26:52,867 - INFO - HTTP Request: POST http://localhost:8004/v1/chat/completions "HTTP/1.1 200 OK"

2026-08-17 19:26:54,173 - INFO - HTTP Request: POST http://localhost:8004/v1/chat/completions "HTTP/1.1 200 OK"

2026-08-17 19:27:15,203 - INFO - HTTP Request: POST http://localhost:8004/v1/chat/completions "HTTP/1.1 200 OK"
2026-08-17 19:27:19,413 - INFO - HTTP Request: POST http://localhost:8004/v1/chat/completions "HTTP/1.1 200 OK"
2026-08-17 19:27:22,822 - INFO - HTTP Request: POST http://localhost:8004/v1/chat/completions "HTTP/1.1 200 OK"
2026-08-17 19:27:24,443 - INFO - HTTP Request: POST http://localhost:8004/v1/chat/completions "HTTP/1.1 200 OK"
2026-08-17 19:27:29,980 - INFO - HTTP Request: POST http://localhost:8004/v1/chat/completions "HTTP/1.1 200 OK"

2026-08-17 19:27:35,335 - INFO - HTTP Request: POST http://localhost:8004/v1/chat/completions "HTTP/1.1 200 OK"

2026-08-17 19:27:36,433 - INFO - HTTP Request: POST http://localhost:8004/v1/chat/completions "HTTP/1.1 200 OK"

2026-08-17 19:27:41,869 - INFO - HTTP Request: POST http://localhost:8004/v1/chat/completions "HTTP/1.1 200 OK"

2026-08-17 19:28:02,689 - INFO - HTTP Request: POST http://localhost:8004/v1/chat/completions "HTTP/1.1 200 OK"
2026-08-17 19:28:08,418 - INFO - HTTP Request: POST http://localhost:8004/v1/chat/completions "HTTP/1.1 200 OK"
2026-08-17 19:28:10,307 - INFO - HTTP Request: POST http://localhost:8004/v1/chat/completions "HTTP/1.1 200 OK"
2026-08-17 19:28:16,186 - INFO - HTTP Request: POST http://localhost:8004/v1/chat/completions "HTTP/1.1 200 OK"
2026-08-17 19:28:16,404 - INFO - HTTP Request: POST http://localhost:8004/v1/chat/completions "HTTP/1.1 200 OK"

r1_cfg4:   2%|▏         | 1/50 [05:52<4:48:04, 352.74s/it]2026-08-17 19:28:23,904 - INFO - HTTP Request: POST http://localhost:8004/v1/chat/completions "HTTP/1.1 200 OK"

r1_cfg4:   4%|▍         | 2/50 [06:00<1:59:43, 149.65s/it]2026-08-17 19:28:24,994 - INFO - HTTP Request: POST http://localhost:8004/v1/chat/completions "HTTP/1.1 200 OK"

r1_cfg4:   6%|▌         | 3/50 [06:01<1:04:05, 81.82s/it] 2026-08-17 19:28:28,685 - INFO - HTTP Request: POST http://localhost:8004/v1/chat/completions "HTTP/1.1 200 OK"

r1_cfg4:   8%|▊         | 4/50 [06:05<39:04, 50.97s/it]  2026-08-17 19:28:38,220 - INFO - HTTP Request: POST http://localhost:8004/v1/chat/completions "HTTP/1.1 200 OK"
2026-08-17 19:28:45,907 - INFO - HTTP Request: POST http://localhost:8004/v1/chat/completions "HTTP/1.1 200 OK"
2026-08-17 19:28:47,517 - INFO - HTTP Request: POST http://localhost:8004/v1/chat/completions "HTTP/1.1 200 OK"
2026-08-17 19:28:51,526 - INFO - HTTP Request: POST http://localhost:8004/v1/chat/completions "HTTP/1.1 200 OK"

2026-08-17 19:28:51,529 - INFO - HTTP Request: POST http://localhost:8004/v1/chat/completions "HTTP/1.1 200 OK"
2026-08-17 19:28:58,989 - INFO - HTTP Request: POST http://localhost:8004/v1/chat/completions "HTTP/1.1 200 OK"

2026-08-17 19:29:04,637 - INFO - HTTP Request: POST http://localhost:8004/v1/chat/completions "HTTP/1.1 200 OK"

2026-08-17 19:29:05,071 - INFO - HTTP Request: POST http://localhost:8004/v1/chat/completions "HTTP/1.1 200 OK"

2026-08-17 19:29:17,638 - INFO - HTTP Request: POST http://localhost:8004/v1/chat/completions "HTTP/1.1 200 OK"
2026-08-17 19:29:25,332 - INFO - HTTP Request: POST http://localhost:8004/v1/chat/completions "HTTP/1.1 200 OK"
2026-08-17 19:29:29,773 - INFO - HTTP Request: POST http://localhost:8004/v1/chat/completions "HTTP/1.1 200 OK"

2026-08-17 19:29:31,295 - INFO - HTTP Request: POST http://localhost:8004/v1/chat/completions "HTTP/1.1 200 OK"
2026-08-17 19:29:32,021 - INFO - HTTP Request: POST http://localhost:8004/v1/chat/completions "HTTP/1.1 200 OK"
2026-08-17 19:29:40,487 - INFO - HTTP Request: POST http://localhost:8004/v1/chat/completions "HTTP/1.1 200 OK"

2026-08-17 19:29:40,921 - INFO - HTTP Request: POST http://localhost:8004/v1/chat/completions "HTTP/1.1 200 OK"

2026-08-17 19:29:43,965 - INFO - HTTP Request: POST http://localhost:8004/v1/chat/completions "HTTP/1.1 200 OK"

2026-08-17 19:29:54,586 - INFO - HTTP Request: POST http://localhost:8004/v1/chat/completions "HTTP/1.1 200 OK"
2026-08-17 19:30:05,101 - INFO - HTTP Request: POST http://localhost:8004/v1/chat/completions "HTTP/1.1 200 OK"
2026-08-17 19:30:05,831 - INFO - HTTP Request: POST http://localhost:8004/v1/chat/completions "HTTP/1.1 200 OK"
2026-08-17 19:30:08,963 - INFO - HTTP Request: POST http://localhost:8004/v1/chat/completions "HTTP/1.1 200 OK"
2026-08-17 19:30:11,020 - INFO - HTTP Request: POST http://localhost:8004/v1/chat/completions "HTTP/1.1 200 OK"

2026-08-17 19:30:18,423 - INFO - HTTP Request: POST http://localhost:8004/v1/chat/completions "HTTP/1.1 200 OK"

2026-08-17 19:30:19,954 - INFO - HTTP Request: POST http://localhost:8004/v1/chat/completions "HTTP/1.1 200 OK"

2026-08-17 19:30:23,651 - INFO - HTTP Request: POST http://localhost:8004/v1/chat/completions "HTTP/1.1 200 OK"

2026-08-17 19:30:34,928 - INFO - HTTP Request: POST http://localhost:8004/v1/chat/completions "HTTP/1.1 200 OK"
2026-08-17 19:30:42,617 - INFO - HTTP Request: POST http://localhost:8004/v1/chat/completions "HTTP/1.1 200 OK"
2026-08-17 19:30:43,774 - INFO - HTTP Request: POST http://localhost:8004/v1/chat/completions "HTTP/1.1 200 OK"
2026-08-17 19:30:47,896 - INFO - HTTP Request: POST http://localhost:8004/v1/chat/completions "HTTP/1.1 200 OK"

2026-08-17 19:30:48,330 - INFO - HTTP Request: POST http://localhost:8004/v1/chat/completions "HTTP/1.1 200 OK"
2026-08-17 19:30:52,348 - INFO - HTTP Request: POST http://localhost:8004/v1/chat/completions "HTTP/1.1 200 OK"

2026-08-17 19:30:56,704 - INFO - HTTP Request: POST http://localhost:8004/v1/chat/completions "HTTP/1.1 200 OK"

2026-08-17 19:31:00,836 - INFO - HTTP Request: POST http://localhost:8004/v1/chat/completions "HTTP/1.1 200 OK"

2026-08-17 19:31:07,992 - INFO - HTTP Request: POST http://localhost:8004/v1/chat/completions "HTTP/1.1 200 OK"
2026-08-17 19:31:12,426 - INFO - HTTP Request: POST http://localhost:8004/v1/chat/completions "HTTP/1.1 200 OK"
2026-08-17 19:31:16,845 - INFO - HTTP Request: POST http://localhost:8004/v1/chat/completions "HTTP/1.1 200 OK"
2026-08-17 19:31:20,848 - INFO - HTTP Request: POST http://localhost:8004/v1/chat/completions "HTTP/1.1 200 OK"

2026-08-17 19:31:21,282 - INFO - HTTP Request: POST http://localhost:8004/v1/chat/completions "HTTP/1.1 200 OK"
2026-08-17 19:31:23,121 - INFO - HTTP Request: POST http://localhost:8004/v1/chat/completions "HTTP/1.1 200 OK"

2026-08-17 19:31:28,774 - INFO - HTTP Request: POST http://localhost:8004/v1/chat/completions "HTTP/1.1 200 OK"

2026-08-17 19:31:33,116 - INFO - HTTP Request: POST http://localhost:8004/v1/chat/completions "HTTP/1.1 200 OK"

2026-08-17 19:31:49,805 - INFO - HTTP Request: POST http://localhost:8004/v1/chat/completions "HTTP/1.1 200 OK"
2026-08-17 19:31:52,067 - INFO - HTTP Request: POST http://localhost:8004/v1/chat/completions "HTTP/1.1 200 OK"
2026-08-17 19:31:57,787 - INFO - HTTP Request: POST http://localhost:8004/v1/chat/completions "HTTP/1.1 200 OK"
2026-08-17 19:32:02,442 - INFO - HTTP Request: POST http://localhost:8004/v1/chat/completions "HTTP/1.1 200 OK"
2026-08-17 19:32:03,173 - INFO - HTTP Request: POST http://localhost:8004/v1/chat/completions "HTTP/1.1 200 OK"

2026-08-17 19:32:05,802 - INFO - HTTP Request: POST http://localhost:8004/v1/chat/completions "HTTP/1.1 200 OK"

2026-08-17 19:32:10,150 - INFO - HTTP Request: POST http://localhost:8004/v1/chat/completions "HTTP/1.1 200 OK"

2026-08-17 19:32:17,314 - INFO - HTTP Request: POST http://localhost:8004/v1/chat/completions "HTTP/1.1 200 OK"

2026-08-17 19:32:23,167 - INFO - HTTP Request: POST http://localhost:8004/v1/chat/completions "HTTP/1.1 200 OK"
2026-08-17 19:32:25,843 - INFO - HTTP Request: POST http://localhost:8004/v1/chat/completions "HTTP/1.1 200 OK"
2026-08-17 19:32:30,497 - INFO - HTTP Request: POST http://localhost:8004/v1/chat/completions "HTTP/1.1 200 OK"
2026-08-17 19:32:35,157 - INFO - HTTP Request: POST http://localhost:8004/v1/chat/completions "HTTP/1.1 200 OK"

2026-08-17 19:32:37,986 - INFO - HTTP Request: POST http://localhost:8004/v1/chat/completions "HTTP/1.1 200 OK"
2026-08-17 19:32:44,396 - INFO - HTTP Request: POST http://localhost:8004/v1/chat/completions "HTTP/1.1 200 OK"

2026-08-17 19:32:44,614 - INFO - HTTP Request: POST http://localhost:8004/v1/chat/completions "HTTP/1.1 200 OK"

2026-08-17 19:32:56,562 - INFO - HTTP Request: POST http://localhost:8004/v1/chat/completions "HTTP/1.1 200 OK"

2026-08-17 19:33:04,584 - INFO - HTTP Request: POST http://localhost:8004/v1/chat/completions "HTTP/1.1 200 OK"
2026-08-17 19:33:13,560 - INFO - HTTP Request: POST http://localhost:8004/v1/chat/completions "HTTP/1.1 200 OK"
2026-08-17 19:33:13,778 - INFO - HTTP Request: POST http://localhost:8004/v1/chat/completions "HTTP/1.1 200 OK"
2026-08-17 19:33:21,578 - INFO - HTTP Request: POST http://localhost:8004/v1/chat/completions "HTTP/1.1 200 OK"

2026-08-17 19:33:26,374 - INFO - HTTP Request: POST http://localhost:8004/v1/chat/completions "HTTP/1.1 200 OK"
2026-08-17 19:33:26,375 - INFO - HTTP Request: POST http://localhost:8004/v1/chat/completions "HTTP/1.1 200 OK"

2026-08-17 19:33:28,474 - INFO - HTTP Request: POST http://localhost:8004/v1/chat/completions "HTTP/1.1 200 OK"

2026-08-17 19:33:38,037 - INFO - HTTP Request: POST http://localhost:8004/v1/chat/completions "HTTP/1.1 200 OK"

2026-08-17 19:33:54,521 - INFO - HTTP Request: POST http://localhost:8004/v1/chat/completions "HTTP/1.1 200 OK"
2026-08-17 19:33:59,369 - INFO - HTTP Request: POST http://localhost:8004/v1/chat/completions "HTTP/1.1 200 OK"
2026-08-17 19:34:01,854 - INFO - HTTP Request: POST http://localhost:8004/v1/chat/completions "HTTP/1.1 200 OK"
2026-08-17 19:34:06,517 - INFO - HTTP Request: POST http://localhost:8004/v1/chat/completions "HTTP/1.1 200 OK"

r1_cfg4:  10%|█         | 5/50 [11:42<1:55:48, 154.42s/it]2026-08-17 19:34:11,739 - INFO - HTTP Request: POST http://localhost:8004/v1/chat/completions "HTTP/1.1 200 OK"
2026-08-17 19:34:13,142 - INFO - HTTP Request: POST http://localhost:8004/v1/chat/completions "HTTP/1.1 200 OK"

r1_cfg4:  12%|█▏        | 6/50 [11:49<1:16:23, 104.17s/it]2026-08-17 19:34:15,319 - INFO - HTTP Request: POST http://localhost:8004/v1/chat/completions "HTTP/1.1 200 OK"

r1_cfg4:  14%|█▍        | 7/50 [11:51<50:45, 70.82s/it]   2026-08-17 19:34:23,567 - INFO - HTTP Request: POST http://localhost:8004/v1/chat/completions "HTTP/1.1 200 OK"

r1_cfg4:  16%|█▌        | 8/50 [11:59<35:37, 50.90s/it]2026-08-17 19:34:28,553 - INFO - HTTP Request: POST http://localhost:8004/v1/chat/completions "HTTP/1.1 200 OK"
2026-08-17 19:34:35,156 - INFO - HTTP Request: POST http://localhost:8004/v1/chat/completions "HTTP/1.1 200 OK"
2026-08-17 19:34:38,127 - INFO - HTTP Request: POST http://localhost:8004/v1/chat/completions "HTTP/1.1 200 OK"
2026-08-17 19:34:38,838 - INFO - HTTP Request: POST http://localhost:8004/v1/chat/completions "HTTP/1.1 200 OK"

2026-08-17 19:34:46,475 - INFO - HTTP Request: POST http://localhost:8004/v1/chat/completions "HTTP/1.1 200 OK"
2026-08-17 19:34:47,438 - INFO - HTTP Request: POST http://localhost:8004/v1/chat/completions "HTTP/1.1 200 OK"

2026-08-17 19:34:53,304 - INFO - HTTP Request: POST http://localhost:8004/v1/chat/completions "HTTP/1.1 200 OK"

2026-08-17 19:34:55,477 - INFO - HTTP Request: POST http://localhost:8004/v1/chat/completions "HTTP/1.1 200 OK"

2026-08-17 19:35:05,228 - INFO - HTTP Request: POST http://localhost:8004/v1/chat/completions "HTTP/1.1 200 OK"
2026-08-17 19:35:13,836 - INFO - HTTP Request: POST http://localhost:8004/v1/chat/completions "HTTP/1.1 200 OK"
2026-08-17 19:35:20,071 - INFO - HTTP Request: POST http://localhost:8004/v1/chat/completions "HTTP/1.1 200 OK"
2026-08-17 19:35:20,783 - INFO - HTTP Request: POST http://localhost:8004/v1/chat/completions "HTTP/1.1 200 OK"

2026-08-17 19:35:22,556 - INFO - HTTP Request: POST http://localhost:8004/v1/chat/completions "HTTP/1.1 200 OK"
2026-08-17 19:35:28,960 - INFO - HTTP Request: POST http://localhost:8004/v1/chat/completions "HTTP/1.1 200 OK"

2026-08-17 19:35:31,353 - INFO - HTTP Request: POST http://localhost:8004/v1/chat/completions "HTTP/1.1 200 OK"

2026-08-17 19:35:35,479 - INFO - HTTP Request: POST http://localhost:8004/v1/chat/completions "HTTP/1.1 200 OK"

2026-08-17 19:35:45,449 - INFO - HTTP Request: POST http://localhost:8004/v1/chat/completions "HTTP/1.1 200 OK"
2026-08-17 19:35:53,574 - INFO - HTTP Request: POST http://localhost:8004/v1/chat/completions "HTTP/1.1 200 OK"
2026-08-17 19:35:56,329 - INFO - HTTP Request: POST http://localhost:8004/v1/chat/completions "HTTP/1.1 200 OK"
2026-08-17 19:35:58,157 - INFO - HTTP Request: POST http://localhost:8004/v1/chat/completions "HTTP/1.1 200 OK"

2026-08-17 19:35:59,689 - INFO - HTTP Request: POST http://localhost:8004/v1/chat/completions "HTTP/1.1 200 OK"
2026-08-17 19:36:07,293 - INFO - HTTP Request: POST http://localhost:8004/v1/chat/completions "HTTP/1.1 200 OK"

2026-08-17 19:36:10,781 - INFO - HTTP Request: POST http://localhost:8004/v1/chat/completions "HTTP/1.1 200 OK"

2026-08-17 19:36:14,045 - INFO - HTTP Request: POST http://localhost:8004/v1/chat/completions "HTTP/1.1 200 OK"

2026-08-17 19:36:22,720 - INFO - HTTP Request: POST http://localhost:8004/v1/chat/completions "HTTP/1.1 200 OK"
2026-08-17 19:36:31,497 - INFO - HTTP Request: POST http://localhost:8004/v1/chat/completions "HTTP/1.1 200 OK"
2026-08-17 19:36:35,337 - INFO - HTTP Request: POST http://localhost:8004/v1/chat/completions "HTTP/1.1 200 OK"
2026-08-17 19:36:35,554 - INFO - HTTP Request: POST http://localhost:8004/v1/chat/completions "HTTP/1.1 200 OK"

2026-08-17 19:36:39,128 - INFO - HTTP Request: POST http://localhost:8004/v1/chat/completions "HTTP/1.1 200 OK"
2026-08-17 19:36:44,222 - INFO - HTTP Request: POST http://localhost:8004/v1/chat/completions "HTTP/1.1 200 OK"

2026-08-17 19:36:48,144 - INFO - HTTP Request: POST http://localhost:8004/v1/chat/completions "HTTP/1.1 200 OK"

2026-08-17 19:36:51,840 - INFO - HTTP Request: POST http://localhost:8004/v1/chat/completions "HTTP/1.1 200 OK"

2026-08-17 19:36:55,962 - INFO - HTTP Request: POST http://localhost:8004/v1/chat/completions "HTTP/1.1 200 OK"
2026-08-17 19:37:03,870 - INFO - HTTP Request: POST http://localhost:8004/v1/chat/completions "HTTP/1.1 200 OK"
2026-08-17 19:37:07,277 - INFO - HTTP Request: POST http://localhost:8004/v1/chat/completions "HTTP/1.1 200 OK"

2026-08-17 19:37:08,582 - INFO - HTTP Request: POST http://localhost:8004/v1/chat/completions "HTTP/1.1 200 OK"
2026-08-17 19:37:12,147 - INFO - HTTP Request: POST http://localhost:8004/v1/chat/completions "HTTP/1.1 200 OK"
2026-08-17 19:37:17,247 - INFO - HTTP Request: POST http://localhost:8004/v1/chat/completions "HTTP/1.1 200 OK"

2026-08-17 19:37:18,337 - INFO - HTTP Request: POST http://localhost:8004/v1/chat/completions "HTTP/1.1 200 OK"

2026-08-17 19:37:22,898 - INFO - HTTP Request: POST http://localhost:8004/v1/chat/completions "HTTP/1.1 200 OK"

2026-08-17 19:37:36,553 - INFO - HTTP Request: POST http://localhost:8004/v1/chat/completions "HTTP/1.1 200 OK"
2026-08-17 19:37:46,198 - INFO - HTTP Request: POST http://localhost:8004/v1/chat/completions "HTTP/1.1 200 OK"
2026-08-17 19:37:47,649 - INFO - HTTP Request: POST http://localhost:8004/v1/chat/completions "HTTP/1.1 200 OK"
2026-08-17 19:37:52,090 - INFO - HTTP Request: POST http://localhost:8004/v1/chat/completions "HTTP/1.1 200 OK"

2026-08-17 19:37:52,524 - INFO - HTTP Request: POST http://localhost:8004/v1/chat/completions "HTTP/1.1 200 OK"
2026-08-17 19:37:57,403 - INFO - HTTP Request: POST http://localhost:8004/v1/chat/completions "HTTP/1.1 200 OK"

2026-08-17 19:38:00,233 - INFO - HTTP Request: POST http://localhost:8004/v1/chat/completions "HTTP/1.1 200 OK"

2026-08-17 19:38:05,226 - INFO - HTTP Request: POST http://localhost:8004/v1/chat/completions "HTTP/1.1 200 OK"

2026-08-17 19:38:12,379 - INFO - HTTP Request: POST http://localhost:8004/v1/chat/completions "HTTP/1.1 200 OK"
2026-08-17 19:38:17,683 - INFO - HTTP Request: POST http://localhost:8004/v1/chat/completions "HTTP/1.1 200 OK"
2026-08-17 19:38:20,817 - INFO - HTTP Request: POST http://localhost:8004/v1/chat/completions "HTTP/1.1 200 OK"
2026-08-17 19:38:26,189 - INFO - HTTP Request: POST http://localhost:8004/v1/chat/completions "HTTP/1.1 200 OK"
2026-08-17 19:38:27,375 - INFO - HTTP Request: POST http://localhost:8004/v1/chat/completions "HTTP/1.1 200 OK"

2026-08-17 19:38:31,512 - INFO - HTTP Request: POST http://localhost:8004/v1/chat/completions "HTTP/1.1 200 OK"

2026-08-17 19:38:36,951 - INFO - HTTP Request: POST http://localhost:8004/v1/chat/completions "HTTP/1.1 200 OK"

2026-08-17 19:38:37,606 - INFO - HTTP Request: POST http://localhost:8004/v1/chat/completions "HTTP/1.1 200 OK"

2026-08-17 19:38:56,469 - INFO - HTTP Request: POST http://localhost:8004/v1/chat/completions "HTTP/1.1 200 OK"
2026-08-17 19:39:00,909 - INFO - HTTP Request: POST http://localhost:8004/v1/chat/completions "HTTP/1.1 200 OK"
2026-08-17 19:39:06,657 - INFO - HTTP Request: POST http://localhost:8004/v1/chat/completions "HTTP/1.1 200 OK"
2026-08-17 19:39:07,678 - INFO - HTTP Request: POST http://localhost:8004/v1/chat/completions "HTTP/1.1 200 OK"
2026-08-17 19:39:08,393 - INFO - HTTP Request: POST http://localhost:8004/v1/chat/completions "HTTP/1.1 200 OK"

2026-08-17 19:39:16,051 - INFO - HTTP Request: POST http://localhost:8004/v1/chat/completions "HTTP/1.1 200 OK"

2026-08-17 19:39:20,844 - INFO - HTTP Request: POST http://localhost:8004/v1/chat/completions "HTTP/1.1 200 OK"

2026-08-17 19:39:21,062 - INFO - HTTP Request: POST http://localhost:8004/v1/chat/completions "HTTP/1.1 200 OK"

2026-08-17 19:39:41,448 - INFO - HTTP Request: POST http://localhost:8004/v1/chat/completions "HTTP/1.1 200 OK"
2026-08-17 19:39:49,361 - INFO - HTTP Request: POST http://localhost:8004/v1/chat/completions "HTTP/1.1 200 OK"
2026-08-17 19:39:52,497 - INFO - HTTP Request: POST http://localhost:8004/v1/chat/completions "HTTP/1.1 200 OK"
2026-08-17 19:39:52,715 - INFO - HTTP Request: POST http://localhost:8004/v1/chat/completions "HTTP/1.1 200 OK"

r1_cfg4:  18%|█▊        | 9/50 [17:29<1:34:13, 137.89s/it]2026-08-17 19:39:55,187 - INFO - HTTP Request: POST http://localhost:8004/v1/chat/completions "HTTP/1.1 200 OK"
2026-08-17 19:40:03,774 - INFO - HTTP Request: POST http://localhost:8004/v1/chat/completions "HTTP/1.1 200 OK"

r1_cfg4:  20%|██        | 10/50 [17:40<1:05:49, 98.73s/it]2026-08-17 19:40:04,647 - INFO - HTTP Request: POST http://localhost:8004/v1/chat/completions "HTTP/1.1 200 OK"

r1_cfg4:  22%|██▏       | 11/50 [17:40<44:42, 68.78s/it]  2026-08-17 19:40:07,471 - INFO - HTTP Request: POST http://localhost:8004/v1/chat/completions "HTTP/1.1 200 OK"

r1_cfg4:  24%|██▍       | 12/50 [17:43<30:51, 48.72s/it]2026-08-17 19:40:15,053 - INFO - HTTP Request: POST http://localhost:8004/v1/chat/completions "HTTP/1.1 200 OK"
2026-08-17 19:40:25,832 - INFO - HTTP Request: POST http://localhost:8004/v1/chat/completions "HTTP/1.1 200 OK"
2026-08-17 19:40:27,227 - INFO - HTTP Request: POST http://localhost:8004/v1/chat/completions "HTTP/1.1 200 OK"
2026-08-17 19:40:29,932 - INFO - HTTP Request: POST http://localhost:8004/v1/chat/completions "HTTP/1.1 200 OK"

2026-08-17 19:40:30,366 - INFO - HTTP Request: POST http://localhost:8004/v1/chat/completions "HTTP/1.1 200 OK"
2026-08-17 19:40:35,468 - INFO - HTTP Request: POST http://localhost:8004/v1/chat/completions "HTTP/1.1 200 OK"

2026-08-17 19:40:38,731 - INFO - HTTP Request: POST http://localhost:8004/v1/chat/completions "HTTP/1.1 200 OK"

2026-08-17 19:40:41,120 - INFO - HTTP Request: POST http://localhost:8004/v1/chat/completions "HTTP/1.1 200 OK"

2026-08-17 19:40:56,289 - INFO - HTTP Request: POST http://localhost:8004/v1/chat/completions "HTTP/1.1 200 OK"
2026-08-17 19:41:01,862 - INFO - HTTP Request: POST http://localhost:8004/v1/chat/completions "HTTP/1.1 200 OK"
2026-08-17 19:41:05,434 - INFO - HTTP Request: POST http://localhost:8004/v1/chat/completions "HTTP/1.1 200 OK"
2026-08-17 19:41:08,139 - INFO - HTTP Request: POST http://localhost:8004/v1/chat/completions "HTTP/1.1 200 OK"
2026-08-17 19:41:09,157 - INFO - HTTP Request: POST http://localhost:8004/v1/chat/completions "HTTP/1.1 200 OK"

2026-08-17 19:41:15,685 - INFO - HTTP Request: POST http://localhost:8004/v1/chat/completions "HTTP/1.1 200 OK"

2026-08-17 19:41:17,862 - INFO - HTTP Request: POST http://localhost:8004/v1/chat/completions "HTTP/1.1 200 OK"

2026-08-17 19:41:18,517 - INFO - HTTP Request: POST http://localhost:8004/v1/chat/completions "HTTP/1.1 200 OK"

2026-08-17 19:41:33,470 - INFO - HTTP Request: POST http://localhost:8004/v1/chat/completions "HTTP/1.1 200 OK"
2026-08-17 19:41:40,347 - INFO - HTTP Request: POST http://localhost:8004/v1/chat/completions "HTTP/1.1 200 OK"
2026-08-17 19:41:42,829 - INFO - HTTP Request: POST http://localhost:8004/v1/chat/completions "HTTP/1.1 200 OK"
2026-08-17 19:41:43,798 - INFO - HTTP Request: POST http://localhost:8004/v1/chat/completions "HTTP/1.1 200 OK"
2026-08-17 19:41:44,763 - INFO - HTTP Request: POST http://localhost:8004/v1/chat/completions "HTTP/1.1 200 OK"

2026-08-17 19:41:51,948 - INFO - HTTP Request: POST http://localhost:8004/v1/chat/completions "HTTP/1.1 200 OK"

2026-08-17 19:41:56,089 - INFO - HTTP Request: POST http://localhost:8004/v1/chat/completions "HTTP/1.1 200 OK"

2026-08-17 19:41:56,307 - INFO - HTTP Request: POST http://localhost:8004/v1/chat/completions "HTTP/1.1 200 OK"

2026-08-17 19:42:08,231 - INFO - HTTP Request: POST http://localhost:8004/v1/chat/completions "HTTP/1.1 200 OK"
2026-08-17 19:42:16,406 - INFO - HTTP Request: POST http://localhost:8004/v1/chat/completions "HTTP/1.1 200 OK"
2026-08-17 19:42:20,191 - INFO - HTTP Request: POST http://localhost:8004/v1/chat/completions "HTTP/1.1 200 OK"
2026-08-17 19:42:21,369 - INFO - HTTP Request: POST http://localhost:8004/v1/chat/completions "HTTP/1.1 200 OK"
2026-08-17 19:42:21,587 - INFO - HTTP Request: POST http://localhost:8004/v1/chat/completions "HTTP/1.1 200 OK"

2026-08-17 19:42:29,636 - INFO - HTTP Request: POST http://localhost:8004/v1/chat/completions "HTTP/1.1 200 OK"

2026-08-17 19:42:32,693 - INFO - HTTP Request: POST http://localhost:8004/v1/chat/completions "HTTP/1.1 200 OK"

2026-08-17 19:42:34,220 - INFO - HTTP Request: POST http://localhost:8004/v1/chat/completions "HTTP/1.1 200 OK"

2026-08-17 19:42:41,805 - INFO - HTTP Request: POST http://localhost:8004/v1/chat/completions "HTTP/1.1 200 OK"
2026-08-17 19:42:49,765 - INFO - HTTP Request: POST http://localhost:8004/v1/chat/completions "HTTP/1.1 200 OK"
2026-08-17 19:42:51,376 - INFO - HTTP Request: POST http://localhost:8004/v1/chat/completions "HTTP/1.1 200 OK"

2026-08-17 19:42:52,680 - INFO - HTTP Request: POST http://localhost:8004/v1/chat/completions "HTTP/1.1 200 OK"
2026-08-17 19:42:54,997 - INFO - HTTP Request: POST http://localhost:8004/v1/chat/completions "HTTP/1.1 200 OK"
2026-08-17 19:43:01,405 - INFO - HTTP Request: POST http://localhost:8004/v1/chat/completions "HTTP/1.1 200 OK"

2026-08-17 19:43:03,365 - INFO - HTTP Request: POST http://localhost:8004/v1/chat/completions "HTTP/1.1 200 OK"

2026-08-17 19:43:07,490 - INFO - HTTP Request: POST http://localhost:8004/v1/chat/completions "HTTP/1.1 200 OK"

2026-08-17 19:43:20,711 - INFO - HTTP Request: POST http://localhost:8004/v1/chat/completions "HTTP/1.1 200 OK"
2026-08-17 19:43:30,409 - INFO - HTTP Request: POST http://localhost:8004/v1/chat/completions "HTTP/1.1 200 OK"
2026-08-17 19:43:32,670 - INFO - HTTP Request: POST http://localhost:8004/v1/chat/completions "HTTP/1.1 200 OK"
2026-08-17 19:43:34,291 - INFO - HTTP Request: POST http://localhost:8004/v1/chat/completions "HTTP/1.1 200 OK"

2026-08-17 19:43:37,120 - INFO - HTTP Request: POST http://localhost:8004/v1/chat/completions "HTTP/1.1 200 OK"
2026-08-17 19:43:46,785 - INFO - HTTP Request: POST http://localhost:8004/v1/chat/completions "HTTP/1.1 200 OK"

2026-08-17 19:43:47,219 - INFO - HTTP Request: POST http://localhost:8004/v1/chat/completions "HTTP/1.1 200 OK"

2026-08-17 19:43:48,745 - INFO - HTTP Request: POST http://localhost:8004/v1/chat/completions "HTTP/1.1 200 OK"

2026-08-17 19:43:54,598 - INFO - HTTP Request: POST http://localhost:8004/v1/chat/completions "HTTP/1.1 200 OK"
2026-08-17 19:44:07,118 - INFO - HTTP Request: POST http://localhost:8004/v1/chat/completions "HTTP/1.1 200 OK"
2026-08-17 19:44:07,835 - INFO - HTTP Request: POST http://localhost:8004/v1/chat/completions "HTTP/1.1 200 OK"
2026-08-17 19:44:09,700 - INFO - HTTP Request: POST http://localhost:8004/v1/chat/completions "HTTP/1.1 200 OK"
2026-08-17 19:44:12,190 - INFO - HTTP Request: POST http://localhost:8004/v1/chat/completions "HTTP/1.1 200 OK"

2026-08-17 19:44:21,549 - INFO - HTTP Request: POST http://localhost:8004/v1/chat/completions "HTTP/1.1 200 OK"

2026-08-17 19:44:21,766 - INFO - HTTP Request: POST http://localhost:8004/v1/chat/completions "HTTP/1.1 200 OK"

2026-08-17 19:44:23,292 - INFO - HTTP Request: POST http://localhost:8004/v1/chat/completions "HTTP/1.1 200 OK"

2026-08-17 19:44:41,287 - INFO - HTTP Request: POST http://localhost:8004/v1/chat/completions "HTTP/1.1 200 OK"
2026-08-17 19:44:50,993 - INFO - HTTP Request: POST http://localhost:8004/v1/chat/completions "HTTP/1.1 200 OK"
2026-08-17 19:44:51,211 - INFO - HTTP Request: POST http://localhost:8004/v1/chat/completions "HTTP/1.1 200 OK"
2026-08-17 19:44:53,360 - INFO - HTTP Request: POST http://localhost:8004/v1/chat/completions "HTTP/1.1 200 OK"
2026-08-17 19:44:54,074 - INFO - HTTP Request: POST http://localhost:8004/v1/chat/completions "HTTP/1.1 200 OK"

2026-08-17 19:45:04,776 - INFO - HTTP Request: POST http://localhost:8004/v1/chat/completions "HTTP/1.1 200 OK"

2026-08-17 19:45:06,526 - INFO - HTTP Request: POST http://localhost:8004/v1/chat/completions "HTTP/1.1 200 OK"

2026-08-17 19:45:10,444 - INFO - HTTP Request: POST http://localhost:8004/v1/chat/completions "HTTP/1.1 200 OK"

2026-08-17 19:45:27,145 - INFO - HTTP Request: POST http://localhost:8004/v1/chat/completions "HTTP/1.1 200 OK"
2026-08-17 19:45:37,720 - INFO - HTTP Request: POST http://localhost:8004/v1/chat/completions "HTTP/1.1 200 OK"
2026-08-17 19:45:39,775 - INFO - HTTP Request: POST http://localhost:8004/v1/chat/completions "HTTP/1.1 200 OK"
2026-08-17 19:45:44,441 - INFO - HTTP Request: POST http://localhost:8004/v1/chat/completions "HTTP/1.1 200 OK"
2026-08-17 19:45:48,459 - INFO - HTTP Request: POST http://localhost:8004/v1/chat/completions "HTTP/1.1 200 OK"

r1_cfg4:  26%|██▌       | 13/50 [23:24<1:24:38, 137.26s/it]2026-08-17 19:45:49,556 - INFO - HTTP Request: POST http://localhost:8004/v1/chat/completions "HTTP/1.1 200 OK"

r1_cfg4:  28%|██▊       | 14/50 [23:25<57:40, 96.13s/it]   2026-08-17 19:45:52,384 - INFO - HTTP Request: POST http://localhost:8004/v1/chat/completions "HTTP/1.1 200 OK"

r1_cfg4:  30%|███       | 15/50 [23:28<39:40, 68.01s/it]2026-08-17 19:45:59,327 - INFO - HTTP Request: POST http://localhost:8004/v1/chat/completions "HTTP/1.1 200 OK"

r1_cfg4:  32%|███▏      | 16/50 [23:35<28:07, 49.63s/it]2026-08-17 19:46:10,379 - INFO - HTTP Request: POST http://localhost:8004/v1/chat/completions "HTTP/1.1 200 OK"
2026-08-17 19:46:11,560 - INFO - HTTP Request: POST http://localhost:8004/v1/chat/completions "HTTP/1.1 200 OK"
2026-08-17 19:46:14,914 - INFO - HTTP Request: POST http://localhost:8004/v1/chat/completions "HTTP/1.1 200 OK"
2026-08-17 19:46:22,244 - INFO - HTTP Request: POST http://localhost:8004/v1/chat/completions "HTTP/1.1 200 OK"
2026-08-17 19:46:23,855 - INFO - HTTP Request: POST http://localhost:8004/v1/chat/completions "HTTP/1.1 200 OK"

2026-08-17 19:46:24,073 - INFO - HTTP Request: POST http://localhost:8004/v1/chat/completions "HTTP/1.1 200 OK"

2026-08-17 19:46:27,990 - INFO - HTTP Request: POST http://localhost:8004/v1/chat/completions "HTTP/1.1 200 OK"

2026-08-17 19:46:31,679 - INFO - HTTP Request: POST http://localhost:8004/v1/chat/completions "HTTP/1.1 200 OK"

2026-08-17 19:46:49,883 - INFO - HTTP Request: POST http://localhost:8004/v1/chat/completions "HTTP/1.1 200 OK"
2026-08-17 19:46:50,099 - INFO - HTTP Request: POST http://localhost:8004/v1/chat/completions "HTTP/1.1 200 OK"
2026-08-17 19:46:54,635 - INFO - HTTP Request: POST http://localhost:8004/v1/chat/completions "HTTP/1.1 200 OK"
2026-08-17 19:46:58,701 - INFO - HTTP Request: POST http://localhost:8004/v1/chat/completions "HTTP/1.1 200 OK"
2026-08-17 19:47:02,060 - INFO - HTTP Request: POST http://localhost:8004/v1/chat/completions "HTTP/1.1 200 OK"

2026-08-17 19:47:03,151 - INFO - HTTP Request: POST http://localhost:8004/v1/chat/completions "HTTP/1.1 200 OK"

2026-08-17 19:47:07,936 - INFO - HTTP Request: POST http://localhost:8004/v1/chat/completions "HTTP/1.1 200 OK"

2026-08-17 19:47:11,845 - INFO - HTTP Request: POST http://localhost:8004/v1/chat/completions "HTTP/1.1 200 OK"

2026-08-17 19:47:25,283 - INFO - HTTP Request: POST http://localhost:8004/v1/chat/completions "HTTP/1.1 200 OK"
2026-08-17 19:47:27,816 - INFO - HTTP Request: POST http://localhost:8004/v1/chat/completions "HTTP/1.1 200 OK"
2026-08-17 19:47:32,911 - INFO - HTTP Request: POST http://localhost:8004/v1/chat/completions "HTTP/1.1 200 OK"
2026-08-17 19:47:37,192 - INFO - HTTP Request: POST http://localhost:8004/v1/chat/completions "HTTP/1.1 200 OK"
2026-08-17 19:47:39,245 - INFO - HTTP Request: POST http://localhost:8004/v1/chat/completions "HTTP/1.1 200 OK"

2026-08-17 19:47:43,389 - INFO - HTTP Request: POST http://localhost:8004/v1/chat/completions "HTTP/1.1 200 OK"

2026-08-17 19:47:46,875 - INFO - HTTP Request: POST http://localhost:8004/v1/chat/completions "HTTP/1.1 200 OK"

2026-08-17 19:47:51,441 - INFO - HTTP Request: POST http://localhost:8004/v1/chat/completions "HTTP/1.1 200 OK"

2026-08-17 19:48:03,368 - INFO - HTTP Request: POST http://localhost:8004/v1/chat/completions "HTTP/1.1 200 OK"
2026-08-17 19:48:07,585 - INFO - HTTP Request: POST http://localhost:8004/v1/chat/completions "HTTP/1.1 200 OK"
2026-08-17 19:48:11,371 - INFO - HTTP Request: POST http://localhost:8004/v1/chat/completions "HTTP/1.1 200 OK"
2026-08-17 19:48:16,083 - INFO - HTTP Request: POST http://localhost:8004/v1/chat/completions "HTTP/1.1 200 OK"

2026-08-17 19:48:16,518 - INFO - HTTP Request: POST http://localhost:8004/v1/chat/completions "HTTP/1.1 200 OK"
2026-08-17 19:48:20,749 - INFO - HTTP Request: POST http://localhost:8004/v1/chat/completions "HTTP/1.1 200 OK"

2026-08-17 19:48:25,540 - INFO - HTTP Request: POST http://localhost:8004/v1/chat/completions "HTTP/1.1 200 OK"

2026-08-17 19:48:29,021 - INFO - HTTP Request: POST http://localhost:8004/v1/chat/completions "HTTP/1.1 200 OK"

2026-08-17 19:48:36,176 - INFO - HTTP Request: POST http://localhost:8004/v1/chat/completions "HTTP/1.1 200 OK"
2026-08-17 19:48:40,394 - INFO - HTTP Request: POST http://localhost:8004/v1/chat/completions "HTTP/1.1 200 OK"
2026-08-17 19:48:45,488 - INFO - HTTP Request: POST http://localhost:8004/v1/chat/completions "HTTP/1.1 200 OK"
2026-08-17 19:48:47,375 - INFO - HTTP Request: POST http://localhost:8004/v1/chat/completions "HTTP/1.1 200 OK"

2026-08-17 19:48:49,769 - INFO - HTTP Request: POST http://localhost:8004/v1/chat/completions "HTTP/1.1 200 OK"
2026-08-17 19:48:50,483 - INFO - HTTP Request: POST http://localhost:8004/v1/chat/completions "HTTP/1.1 200 OK"

2026-08-17 19:48:53,995 - INFO - HTTP Request: POST http://localhost:8004/v1/chat/completions "HTTP/1.1 200 OK"

2026-08-17 19:49:03,543 - INFO - HTTP Request: POST http://localhost:8004/v1/chat/completions "HTTP/1.1 200 OK"

2026-08-17 19:49:16,332 - INFO - HTTP Request: POST http://localhost:8004/v1/chat/completions "HTTP/1.1 200 OK"
2026-08-17 19:49:19,463 - INFO - HTTP Request: POST http://localhost:8004/v1/chat/completions "HTTP/1.1 200 OK"
2026-08-17 19:49:23,250 - INFO - HTTP Request: POST http://localhost:8004/v1/chat/completions "HTTP/1.1 200 OK"
2026-08-17 19:49:31,398 - INFO - HTTP Request: POST http://localhost:8004/v1/chat/completions "HTTP/1.1 200 OK"

2026-08-17 19:49:33,140 - INFO - HTTP Request: POST http://localhost:8004/v1/chat/completions "HTTP/1.1 200 OK"
2026-08-17 19:49:34,533 - INFO - HTTP Request: POST http://localhost:8004/v1/chat/completions "HTTP/1.1 200 OK"

2026-08-17 19:49:40,620 - INFO - HTTP Request: POST http://localhost:8004/v1/chat/completions "HTTP/1.1 200 OK"

2026-08-17 19:49:46,047 - INFO - HTTP Request: POST http://localhost:8004/v1/chat/completions "HTTP/1.1 200 OK"

2026-08-17 19:49:51,683 - INFO - HTTP Request: POST http://localhost:8004/v1/chat/completions "HTTP/1.1 200 OK"
2026-08-17 19:49:54,866 - INFO - HTTP Request: POST http://localhost:8004/v1/chat/completions "HTTP/1.1 200 OK"
2026-08-17 19:50:01,266 - INFO - HTTP Request: POST http://localhost:8004/v1/chat/completions "HTTP/1.1 200 OK"
2026-08-17 19:50:04,243 - INFO - HTTP Request: POST http://localhost:8004/v1/chat/completions "HTTP/1.1 200 OK"

2026-08-17 19:50:07,071 - INFO - HTTP Request: POST http://localhost:8004/v1/chat/completions "HTTP/1.1 200 OK"
2026-08-17 19:50:09,121 - INFO - HTTP Request: POST http://localhost:8004/v1/chat/completions "HTTP/1.1 200 OK"

2026-08-17 19:50:11,733 - INFO - HTTP Request: POST http://localhost:8004/v1/chat/completions "HTTP/1.1 200 OK"

2026-08-17 19:50:21,720 - INFO - HTTP Request: POST http://localhost:8004/v1/chat/completions "HTTP/1.1 200 OK"

2026-08-17 19:50:33,646 - INFO - HTTP Request: POST http://localhost:8004/v1/chat/completions "HTTP/1.1 200 OK"
2026-08-17 19:50:38,521 - INFO - HTTP Request: POST http://localhost:8004/v1/chat/completions "HTTP/1.1 200 OK"
2026-08-17 19:50:41,445 - INFO - HTTP Request: POST http://localhost:8004/v1/chat/completions "HTTP/1.1 200 OK"
2026-08-17 19:50:47,469 - INFO - HTTP Request: POST http://localhost:8004/v1/chat/completions "HTTP/1.1 200 OK"

2026-08-17 19:50:51,829 - INFO - HTTP Request: POST http://localhost:8004/v1/chat/completions "HTTP/1.1 200 OK"
2026-08-17 19:50:51,830 - INFO - HTTP Request: POST http://localhost:8004/v1/chat/completions "HTTP/1.1 200 OK"

2026-08-17 19:50:56,704 - INFO - HTTP Request: POST http://localhost:8004/v1/chat/completions "HTTP/1.1 200 OK"

2026-08-17 19:51:05,832 - INFO - HTTP Request: POST http://localhost:8004/v1/chat/completions "HTTP/1.1 200 OK"

2026-08-17 19:51:20,364 - INFO - HTTP Request: POST http://localhost:8004/v1/chat/completions "HTTP/1.1 200 OK"
2026-08-17 19:51:25,020 - INFO - HTTP Request: POST http://localhost:8004/v1/chat/completions "HTTP/1.1 200 OK"
2026-08-17 19:51:29,464 - INFO - HTTP Request: POST http://localhost:8004/v1/chat/completions "HTTP/1.1 200 OK"

r1_cfg4:  34%|███▍      | 17/50 [29:05<1:13:41, 133.97s/it]2026-08-17 19:51:30,338 - INFO - HTTP Request: POST http://localhost:8004/v1/chat/completions "HTTP/1.1 200 OK"
2026-08-17 19:51:39,625 - INFO - HTTP Request: POST http://localhost:8004/v1/chat/completions "HTTP/1.1 200 OK"

r1_cfg4:  36%|███▌      | 18/50 [29:15<51:36, 96.77s/it]   2026-08-17 19:51:39,910 - INFO - HTTP Request: POST http://localhost:8004/v1/chat/completions "HTTP/1.1 200 OK"
2026-08-17 19:51:40,567 - INFO - HTTP Request: POST http://localhost:8004/v1/chat/completions "HTTP/1.1 200 OK"

r1_cfg4:  38%|███▊      | 19/50 [29:16<35:07, 67.99s/it]2026-08-17 19:51:52,087 - INFO - HTTP Request: POST http://localhost:8004/v1/chat/completions "HTTP/1.1 200 OK"
2026-08-17 19:51:53,482 - INFO - HTTP Request: POST http://localhost:8004/v1/chat/completions "HTTP/1.1 200 OK"

r1_cfg4:  40%|████      | 20/50 [29:29<25:43, 51.45s/it]2026-08-17 19:52:02,160 - INFO - HTTP Request: POST http://localhost:8004/v1/chat/completions "HTTP/1.1 200 OK"
2026-08-17 19:52:03,121 - INFO - HTTP Request: POST http://localhost:8004/v1/chat/completions "HTTP/1.1 200 OK"
2026-08-17 19:52:03,830 - INFO - HTTP Request: POST http://localhost:8004/v1/chat/completions "HTTP/1.1 200 OK"

2026-08-17 19:52:14,944 - INFO - HTTP Request: POST http://localhost:8004/v1/chat/completions "HTTP/1.1 200 OK"

2026-08-17 19:52:16,033 - INFO - HTTP Request: POST http://localhost:8004/v1/chat/completions "HTTP/1.1 200 OK"
2026-08-17 19:52:16,035 - INFO - HTTP Request: POST http://localhost:8004/v1/chat/completions "HTTP/1.1 200 OK"

2026-08-17 19:52:30,226 - INFO - HTTP Request: POST http://localhost:8004/v1/chat/completions "HTTP/1.1 200 OK"
2026-08-17 19:52:34,013 - INFO - HTTP Request: POST http://localhost:8004/v1/chat/completions "HTTP/1.1 200 OK"

2026-08-17 19:52:41,614 - INFO - HTTP Request: POST http://localhost:8004/v1/chat/completions "HTTP/1.1 200 OK"
2026-08-17 19:52:43,013 - INFO - HTTP Request: POST http://localhost:8004/v1/chat/completions "HTTP/1.1 200 OK"
2026-08-17 19:52:47,681 - INFO - HTTP Request: POST http://localhost:8004/v1/chat/completions "HTTP/1.1 200 OK"

2026-08-17 19:52:52,247 - INFO - HTTP Request: POST http://localhost:8004/v1/chat/completions "HTTP/1.1 200 OK"

2026-08-17 19:52:55,941 - INFO - HTTP Request: POST http://localhost:8004/v1/chat/completions "HTTP/1.1 200 OK"

2026-08-17 19:53:00,711 - INFO - HTTP Request: POST http://localhost:8004/v1/chat/completions "HTTP/1.1 200 OK"
2026-08-17 19:53:11,222 - INFO - HTTP Request: POST http://localhost:8004/v1/chat/completions "HTTP/1.1 200 OK"
2026-08-17 19:53:12,404 - INFO - HTTP Request: POST http://localhost:8004/v1/chat/completions "HTTP/1.1 200 OK"

2026-08-17 19:53:17,182 - INFO - HTTP Request: POST http://localhost:8004/v1/chat/completions "HTTP/1.1 200 OK"
2026-08-17 19:53:21,187 - INFO - HTTP Request: POST http://localhost:8004/v1/chat/completions "HTTP/1.1 200 OK"
2026-08-17 19:53:22,803 - INFO - HTTP Request: POST http://localhost:8004/v1/chat/completions "HTTP/1.1 200 OK"

2026-08-17 19:53:29,116 - INFO - HTTP Request: POST http://localhost:8004/v1/chat/completions "HTTP/1.1 200 OK"

2026-08-17 19:53:33,901 - INFO - HTTP Request: POST http://localhost:8004/v1/chat/completions "HTTP/1.1 200 OK"

2026-08-17 19:53:37,376 - INFO - HTTP Request: POST http://localhost:8004/v1/chat/completions "HTTP/1.1 200 OK"
2026-08-17 19:53:47,236 - INFO - HTTP Request: POST http://localhost:8004/v1/chat/completions "HTTP/1.1 200 OK"
2026-08-17 19:53:51,889 - INFO - HTTP Request: POST http://localhost:8004/v1/chat/completions "HTTP/1.1 200 OK"

2026-08-17 19:53:53,201 - INFO - HTTP Request: POST http://localhost:8004/v1/chat/completions "HTTP/1.1 200 OK"
2026-08-17 19:53:58,941 - INFO - HTTP Request: POST http://localhost:8004/v1/chat/completions "HTTP/1.1 200 OK"
2026-08-17 19:54:01,208 - INFO - HTTP Request: POST http://localhost:8004/v1/chat/completions "HTTP/1.1 200 OK"

2026-08-17 19:54:06,000 - INFO - HTTP Request: POST http://localhost:8004/v1/chat/completions "HTTP/1.1 200 OK"

2026-08-17 19:54:11,433 - INFO - HTTP Request: POST http://localhost:8004/v1/chat/completions "HTTP/1.1 200 OK"

2026-08-17 19:54:16,641 - INFO - HTTP Request: POST http://localhost:8004/v1/chat/completions "HTTP/1.1 200 OK"
2026-08-17 19:54:21,288 - INFO - HTTP Request: POST http://localhost:8004/v1/chat/completions "HTTP/1.1 200 OK"
2026-08-17 19:54:26,381 - INFO - HTTP Request: POST http://localhost:8004/v1/chat/completions "HTTP/1.1 200 OK"
2026-08-17 19:54:30,608 - INFO - HTTP Request: POST http://localhost:8004/v1/chat/completions "HTTP/1.1 200 OK"

2026-08-17 19:54:31,705 - INFO - HTTP Request: POST http://localhost:8004/v1/chat/completions "HTTP/1.1 200 OK"
2026-08-17 19:54:36,480 - INFO - HTTP Request: POST http://localhost:8004/v1/chat/completions "HTTP/1.1 200 OK"

2026-08-17 19:54:37,571 - INFO - HTTP Request: POST http://localhost:8004/v1/chat/completions "HTTP/1.1 200 OK"

2026-08-17 19:54:48,641 - INFO - HTTP Request: POST http://localhost:8004/v1/chat/completions "HTTP/1.1 200 OK"

2026-08-17 19:54:50,376 - INFO - HTTP Request: POST http://localhost:8004/v1/chat/completions "HTTP/1.1 200 OK"
2026-08-17 19:55:01,973 - INFO - HTTP Request: POST http://localhost:8004/v1/chat/completions "HTTP/1.1 200 OK"

2026-08-17 19:55:05,442 - INFO - HTTP Request: POST http://localhost:8004/v1/chat/completions "HTTP/1.1 200 OK"
2026-08-17 19:55:06,835 - INFO - HTTP Request: POST http://localhost:8004/v1/chat/completions "HTTP/1.1 200 OK"
2026-08-17 19:55:18,227 - INFO - HTTP Request: POST http://localhost:8004/v1/chat/completions "HTTP/1.1 200 OK"
2026-08-17 19:55:19,403 - INFO - HTTP Request: POST http://localhost:8004/v1/chat/completions "HTTP/1.1 200 OK"

2026-08-17 19:55:22,014 - INFO - HTTP Request: POST http://localhost:8004/v1/chat/completions "HTTP/1.1 200 OK"

2026-08-17 19:55:30,048 - INFO - HTTP Request: POST http://localhost:8004/v1/chat/completions "HTTP/1.1 200 OK"

2026-08-17 19:55:31,571 - INFO - HTTP Request: POST http://localhost:8004/v1/chat/completions "HTTP/1.1 200 OK"
2026-08-17 19:55:39,687 - INFO - HTTP Request: POST http://localhost:8004/v1/chat/completions "HTTP/1.1 200 OK"
2026-08-17 19:55:42,606 - INFO - HTTP Request: POST http://localhost:8004/v1/chat/completions "HTTP/1.1 200 OK"
2026-08-17 19:55:45,747 - INFO - HTTP Request: POST http://localhost:8004/v1/chat/completions "HTTP/1.1 200 OK"

2026-08-17 19:55:50,969 - INFO - HTTP Request: POST http://localhost:8004/v1/chat/completions "HTTP/1.1 200 OK"
2026-08-17 19:55:55,414 - INFO - HTTP Request: POST http://localhost:8004/v1/chat/completions "HTTP/1.1 200 OK"

2026-08-17 19:55:56,940 - INFO - HTTP Request: POST http://localhost:8004/v1/chat/completions "HTTP/1.1 200 OK"

2026-08-17 19:56:04,760 - INFO - HTTP Request: POST http://localhost:8004/v1/chat/completions "HTTP/1.1 200 OK"

2026-08-17 19:56:06,062 - INFO - HTTP Request: POST http://localhost:8004/v1/chat/completions "HTTP/1.1 200 OK"
2026-08-17 19:56:20,706 - INFO - HTTP Request: POST http://localhost:8004/v1/chat/completions "HTTP/1.1 200 OK"

2026-08-17 19:56:24,828 - INFO - HTTP Request: POST http://localhost:8004/v1/chat/completions "HTTP/1.1 200 OK"
2026-08-17 19:56:26,659 - INFO - HTTP Request: POST http://localhost:8004/v1/chat/completions "HTTP/1.1 200 OK"
2026-08-17 19:56:34,792 - INFO - HTTP Request: POST http://localhost:8004/v1/chat/completions "HTTP/1.1 200 OK"
2026-08-17 19:56:37,497 - INFO - HTTP Request: POST http://localhost:8004/v1/chat/completions "HTTP/1.1 200 OK"

2026-08-17 19:56:40,770 - INFO - HTTP Request: POST http://localhost:8004/v1/chat/completions "HTTP/1.1 200 OK"

2026-08-17 19:56:45,341 - INFO - HTTP Request: POST http://localhost:8004/v1/chat/completions "HTTP/1.1 200 OK"

2026-08-17 19:56:50,770 - INFO - HTTP Request: POST http://localhost:8004/v1/chat/completions "HTTP/1.1 200 OK"
2026-08-17 19:57:03,674 - INFO - HTTP Request: POST http://localhost:8004/v1/chat/completions "HTTP/1.1 200 OK"

2026-08-17 19:57:10,404 - INFO - HTTP Request: POST http://localhost:8004/v1/chat/completions "HTTP/1.1 200 OK"
2026-08-17 19:57:12,453 - INFO - HTTP Request: POST http://localhost:8004/v1/chat/completions "HTTP/1.1 200 OK"
2026-08-17 19:57:17,456 - INFO - HTTP Request: POST http://localhost:8004/v1/chat/completions "HTTP/1.1 200 OK"
2026-08-17 19:57:21,251 - INFO - HTTP Request: POST http://localhost:8004/v1/chat/completions "HTTP/1.1 200 OK"

r1_cfg4:  42%|████▏     | 21/50 [34:57<1:04:57, 134.39s/it]2026-08-17 19:57:24,298 - INFO - HTTP Request: POST http://localhost:8004/v1/chat/completions "HTTP/1.1 200 OK"

r1_cfg4:  44%|████▍     | 22/50 [35:00<44:19, 94.97s/it]   2026-08-17 19:57:30,381 - INFO - HTTP Request: POST http://localhost:8004/v1/chat/completions "HTTP/1.1 200 OK"

r1_cfg4:  46%|████▌     | 23/50 [35:06<30:44, 68.30s/it]2026-08-17 19:57:37,752 - INFO - HTTP Request: POST http://localhost:8004/v1/chat/completions "HTTP/1.1 200 OK"
2026-08-17 19:57:43,273 - INFO - HTTP Request: POST http://localhost:8004/v1/chat/completions "HTTP/1.1 200 OK"
2026-08-17 19:57:46,894 - INFO - HTTP Request: POST http://localhost:8004/v1/chat/completions "HTTP/1.1 200 OK"
2026-08-17 19:57:51,772 - INFO - HTTP Request: POST http://localhost:8004/v1/chat/completions "HTTP/1.1 200 OK"

r1_cfg4:  48%|████▊     | 24/50 [35:28<23:29, 54.23s/it]2026-08-17 19:57:53,297 - INFO - HTTP Request: POST http://localhost:8004/v1/chat/completions "HTTP/1.1 200 OK"
2026-08-17 19:57:55,565 - INFO - HTTP Request: POST http://localhost:8004/v1/chat/completions "HTTP/1.1 200 OK"

2026-08-17 19:57:59,262 - INFO - HTTP Request: POST http://localhost:8004/v1/chat/completions "HTTP/1.1 200 OK"

2026-08-17 19:58:05,991 - INFO - HTTP Request: POST http://localhost:8004/v1/chat/completions "HTTP/1.1 200 OK"

2026-08-17 19:58:14,013 - INFO - HTTP Request: POST http://localhost:8004/v1/chat/completions "HTTP/1.1 200 OK"
2026-08-17 19:58:21,916 - INFO - HTTP Request: POST http://localhost:8004/v1/chat/completions "HTTP/1.1 200 OK"
2026-08-17 19:58:25,972 - INFO - HTTP Request: POST http://localhost:8004/v1/chat/completions "HTTP/1.1 200 OK"
2026-08-17 19:58:25,977 - INFO - HTTP Request: POST http://localhost:8004/v1/chat/completions "HTTP/1.1 200 OK"

2026-08-17 19:58:32,803 - INFO - HTTP Request: POST http://localhost:8004/v1/chat/completions "HTTP/1.1 200 OK"
2026-08-17 19:58:36,492 - INFO - HTTP Request: POST http://localhost:8004/v1/chat/completions "HTTP/1.1 200 OK"

2026-08-17 19:58:38,451 - INFO - HTTP Request: POST http://localhost:8004/v1/chat/completions "HTTP/1.1 200 OK"

2026-08-17 19:58:45,615 - INFO - HTTP Request: POST http://localhost:8004/v1/chat/completions "HTTP/1.1 200 OK"

2026-08-17 19:58:52,769 - INFO - HTTP Request: POST http://localhost:8004/v1/chat/completions "HTTP/1.1 200 OK"
2026-08-17 19:59:01,109 - INFO - HTTP Request: POST http://localhost:8004/v1/chat/completions "HTTP/1.1 200 OK"
2026-08-17 19:59:03,429 - INFO - HTTP Request: POST http://localhost:8004/v1/chat/completions "HTTP/1.1 200 OK"
2026-08-17 19:59:05,048 - INFO - HTTP Request: POST http://localhost:8004/v1/chat/completions "HTTP/1.1 200 OK"

2026-08-17 19:59:10,920 - INFO - HTTP Request: POST http://localhost:8004/v1/chat/completions "HTTP/1.1 200 OK"
2026-08-17 19:59:14,063 - INFO - HTTP Request: POST http://localhost:8004/v1/chat/completions "HTTP/1.1 200 OK"

2026-08-17 19:59:17,550 - INFO - HTTP Request: POST http://localhost:8004/v1/chat/completions "HTTP/1.1 200 OK"

2026-08-17 19:59:29,716 - INFO - HTTP Request: POST http://localhost:8004/v1/chat/completions "HTTP/1.1 200 OK"
2026-08-17 19:59:32,849 - INFO - HTTP Request: POST http://localhost:8004/v1/chat/completions "HTTP/1.1 200 OK"

2026-08-17 19:59:38,286 - INFO - HTTP Request: POST http://localhost:8004/v1/chat/completions "HTTP/1.1 200 OK"
2026-08-17 19:59:42,286 - INFO - HTTP Request: POST http://localhost:8004/v1/chat/completions "HTTP/1.1 200 OK"
2026-08-17 19:59:42,502 - INFO - HTTP Request: POST http://localhost:8004/v1/chat/completions "HTTP/1.1 200 OK"

2026-08-17 19:59:51,082 - INFO - HTTP Request: POST http://localhost:8004/v1/chat/completions "HTTP/1.1 200 OK"

2026-08-17 19:59:54,782 - INFO - HTTP Request: POST http://localhost:8004/v1/chat/completions "HTTP/1.1 200 OK"

2026-08-17 19:59:57,606 - INFO - HTTP Request: POST http://localhost:8004/v1/chat/completions "HTTP/1.1 200 OK"
2026-08-17 20:00:07,032 - INFO - HTTP Request: POST http://localhost:8004/v1/chat/completions "HTTP/1.1 200 OK"
2026-08-17 20:00:10,163 - INFO - HTTP Request: POST http://localhost:8004/v1/chat/completions "HTTP/1.1 200 OK"

2026-08-17 20:00:11,474 - INFO - HTTP Request: POST http://localhost:8004/v1/chat/completions "HTTP/1.1 200 OK"
2026-08-17 20:00:15,043 - INFO - HTTP Request: POST http://localhost:8004/v1/chat/completions "HTTP/1.1 200 OK"
2026-08-17 20:00:20,848 - INFO - HTTP Request: POST http://localhost:8004/v1/chat/completions "HTTP/1.1 200 OK"

2026-08-17 20:00:22,814 - INFO - HTTP Request: POST http://localhost:8004/v1/chat/completions "HTTP/1.1 200 OK"

2026-08-17 20:00:28,676 - INFO - HTTP Request: POST http://localhost:8004/v1/chat/completions "HTTP/1.1 200 OK"

2026-08-17 20:00:30,629 - INFO - HTTP Request: POST http://localhost:8004/v1/chat/completions "HTTP/1.1 200 OK"
2026-08-17 20:00:40,924 - INFO - HTTP Request: POST http://localhost:8004/v1/chat/completions "HTTP/1.1 200 OK"
2026-08-17 20:00:42,752 - INFO - HTTP Request: POST http://localhost:8004/v1/chat/completions "HTTP/1.1 200 OK"

2026-08-17 20:00:50,348 - INFO - HTTP Request: POST http://localhost:8004/v1/chat/completions "HTTP/1.1 200 OK"

2026-08-17 20:00:52,084 - INFO - HTTP Request: POST http://localhost:8004/v1/chat/completions "HTTP/1.1 200 OK"
2026-08-17 20:00:58,247 - INFO - HTTP Request: POST http://localhost:8004/v1/chat/completions "HTTP/1.1 200 OK"
2026-08-17 20:01:02,685 - INFO - HTTP Request: POST http://localhost:8004/v1/chat/completions "HTTP/1.1 200 OK"

2026-08-17 20:01:12,024 - INFO - HTTP Request: POST http://localhost:8004/v1/chat/completions "HTTP/1.1 200 OK"
2026-08-17 20:01:13,202 - INFO - HTTP Request: POST http://localhost:8004/v1/chat/completions "HTTP/1.1 200 OK"

2026-08-17 20:01:19,936 - INFO - HTTP Request: POST http://localhost:8004/v1/chat/completions "HTTP/1.1 200 OK"
2026-08-17 20:01:23,283 - INFO - HTTP Request: POST http://localhost:8004/v1/chat/completions "HTTP/1.1 200 OK"
2026-08-17 20:01:25,337 - INFO - HTTP Request: POST http://localhost:8004/v1/chat/completions "HTTP/1.1 200 OK"

2026-08-17 20:01:33,384 - INFO - HTTP Request: POST http://localhost:8004/v1/chat/completions "HTTP/1.1 200 OK"

2026-08-17 20:01:33,819 - INFO - HTTP Request: POST http://localhost:8004/v1/chat/completions "HTTP/1.1 200 OK"
2026-08-17 20:01:36,141 - INFO - HTTP Request: POST http://localhost:8004/v1/chat/completions "HTTP/1.1 200 OK"

2026-08-17 20:01:45,699 - INFO - HTTP Request: POST http://localhost:8004/v1/chat/completions "HTTP/1.1 200 OK"
2026-08-17 20:01:49,490 - INFO - HTTP Request: POST http://localhost:8004/v1/chat/completions "HTTP/1.1 200 OK"

2026-08-17 20:01:54,054 - INFO - HTTP Request: POST http://localhost:8004/v1/chat/completions "HTTP/1.1 200 OK"
2026-08-17 20:02:05,448 - INFO - HTTP Request: POST http://localhost:8004/v1/chat/completions "HTTP/1.1 200 OK"

2026-08-17 20:02:05,883 - INFO - HTTP Request: POST http://localhost:8004/v1/chat/completions "HTTP/1.1 200 OK"
2026-08-17 20:02:06,850 - INFO - HTTP Request: POST http://localhost:8004/v1/chat/completions "HTTP/1.1 200 OK"

2026-08-17 20:02:19,227 - INFO - HTTP Request: POST http://localhost:8004/v1/chat/completions "HTTP/1.1 200 OK"
2026-08-17 20:02:20,896 - INFO - HTTP Request: POST http://localhost:8004/v1/chat/completions "HTTP/1.1 200 OK"

2026-08-17 20:02:35,240 - INFO - HTTP Request: POST http://localhost:8004/v1/chat/completions "HTTP/1.1 200 OK"
2026-08-17 20:02:35,972 - INFO - HTTP Request: POST http://localhost:8004/v1/chat/completions "HTTP/1.1 200 OK"

2026-08-17 20:02:36,651 - INFO - HTTP Request: POST http://localhost:8004/v1/chat/completions "HTTP/1.1 200 OK"
2026-08-17 20:02:48,045 - INFO - HTTP Request: POST http://localhost:8004/v1/chat/completions "HTTP/1.1 200 OK"

2026-08-17 20:02:51,964 - INFO - HTTP Request: POST http://localhost:8004/v1/chat/completions "HTTP/1.1 200 OK"

2026-08-17 20:02:54,574 - INFO - HTTP Request: POST http://localhost:8004/v1/chat/completions "HTTP/1.1 200 OK"
2026-08-17 20:03:07,912 - INFO - HTTP Request: POST http://localhost:8004/v1/chat/completions "HTTP/1.1 200 OK"
2026-08-17 20:03:07,913 - INFO - HTTP Request: POST http://localhost:8004/v1/chat/completions "HTTP/1.1 200 OK"

r1_cfg4:  50%|█████     | 25/50 [40:44<55:20, 132.81s/it]2026-08-17 20:03:21,385 - INFO - HTTP Request: POST http://localhost:8004/v1/chat/completions "HTTP/1.1 200 OK"
2026-08-17 20:03:22,347 - INFO - HTTP Request: POST http://localhost:8004/v1/chat/completions "HTTP/1.1 200 OK"

r1_cfg4:  52%|█████▏    | 26/50 [40:58<38:55, 97.29s/it] 2026-08-17 20:03:25,608 - INFO - HTTP Request: POST http://localhost:8004/v1/chat/completions "HTTP/1.1 200 OK"
2026-08-17 20:03:30,701 - INFO - HTTP Request: POST http://localhost:8004/v1/chat/completions "HTTP/1.1 200 OK"
2026-08-17 20:03:34,275 - INFO - HTTP Request: POST http://localhost:8004/v1/chat/completions "HTTP/1.1 200 OK"

r1_cfg4:  54%|█████▍    | 27/50 [41:10<27:28, 71.68s/it]2026-08-17 20:03:37,540 - INFO - HTTP Request: POST http://localhost:8004/v1/chat/completions "HTTP/1.1 200 OK"

r1_cfg4:  56%|█████▌    | 28/50 [41:13<18:45, 51.16s/it]2026-08-17 20:03:44,919 - INFO - HTTP Request: POST http://localhost:8004/v1/chat/completions "HTTP/1.1 200 OK"
2026-08-17 20:03:46,803 - INFO - HTTP Request: POST http://localhost:8004/v1/chat/completions "HTTP/1.1 200 OK"

2026-08-17 20:03:56,357 - INFO - HTTP Request: POST http://localhost:8004/v1/chat/completions "HTTP/1.1 200 OK"
2026-08-17 20:03:57,319 - INFO - HTTP Request: POST http://localhost:8004/v1/chat/completions "HTTP/1.1 200 OK"

2026-08-17 20:04:00,140 - INFO - HTTP Request: POST http://localhost:8004/v1/chat/completions "HTTP/1.1 200 OK"
2026-08-17 20:04:09,135 - INFO - HTTP Request: POST http://localhost:8004/v1/chat/completions "HTTP/1.1 200 OK"

2026-08-17 20:04:11,091 - INFO - HTTP Request: POST http://localhost:8004/v1/chat/completions "HTTP/1.1 200 OK"

2026-08-17 20:04:13,474 - INFO - HTTP Request: POST http://localhost:8004/v1/chat/completions "HTTP/1.1 200 OK"
2026-08-17 20:04:23,988 - INFO - HTTP Request: POST http://localhost:8004/v1/chat/completions "HTTP/1.1 200 OK"
2026-08-17 20:04:25,438 - INFO - HTTP Request: POST http://localhost:8004/v1/chat/completions "HTTP/1.1 200 OK"

2026-08-17 20:04:35,210 - INFO - HTTP Request: POST http://localhost:8004/v1/chat/completions "HTTP/1.1 200 OK"

2026-08-17 20:04:35,861 - INFO - HTTP Request: POST http://localhost:8004/v1/chat/completions "HTTP/1.1 200 OK"
2026-08-17 20:04:38,122 - INFO - HTTP Request: POST http://localhost:8004/v1/chat/completions "HTTP/1.1 200 OK"
2026-08-17 20:04:50,390 - INFO - HTTP Request: POST http://localhost:8004/v1/chat/completions "HTTP/1.1 200 OK"
2026-08-17 20:04:51,105 - INFO - HTTP Request: POST http://localhost:8004/v1/chat/completions "HTTP/1.1 200 OK"

2026-08-17 20:04:52,661 - INFO - HTTP Request: POST http://localhost:8004/v1/chat/completions "HTTP/1.1 200 OK"

2026-08-17 20:05:00,473 - INFO - HTTP Request: POST http://localhost:8004/v1/chat/completions "HTTP/1.1 200 OK"
2026-08-17 20:05:02,794 - INFO - HTTP Request: POST http://localhost:8004/v1/chat/completions "HTTP/1.1 200 OK"

2026-08-17 20:05:14,739 - INFO - HTTP Request: POST http://localhost:8004/v1/chat/completions "HTTP/1.1 200 OK"
2026-08-17 20:05:15,471 - INFO - HTTP Request: POST http://localhost:8004/v1/chat/completions "HTTP/1.1 200 OK"

2026-08-17 20:05:17,667 - INFO - HTTP Request: POST http://localhost:8004/v1/chat/completions "HTTP/1.1 200 OK"
2026-08-17 20:05:27,099 - INFO - HTTP Request: POST http://localhost:8004/v1/chat/completions "HTTP/1.1 200 OK"

2026-08-17 20:05:27,533 - INFO - HTTP Request: POST http://localhost:8004/v1/chat/completions "HTTP/1.1 200 OK"
2026-08-17 20:05:31,108 - INFO - HTTP Request: POST http://localhost:8004/v1/chat/completions "HTTP/1.1 200 OK"

2026-08-17 20:05:40,011 - INFO - HTTP Request: POST http://localhost:8004/v1/chat/completions "HTTP/1.1 200 OK"
2026-08-17 20:05:40,229 - INFO - HTTP Request: POST http://localhost:8004/v1/chat/completions "HTTP/1.1 200 OK"

2026-08-17 20:05:51,670 - INFO - HTTP Request: POST http://localhost:8004/v1/chat/completions "HTTP/1.1 200 OK"
2026-08-17 20:05:53,062 - INFO - HTTP Request: POST http://localhost:8004/v1/chat/completions "HTTP/1.1 200 OK"

2026-08-17 20:05:55,242 - INFO - HTTP Request: POST http://localhost:8004/v1/chat/completions "HTTP/1.1 200 OK"
2026-08-17 20:06:00,977 - INFO - HTTP Request: POST http://localhost:8004/v1/chat/completions "HTTP/1.1 200 OK"
2026-08-17 20:06:04,989 - INFO - HTTP Request: POST http://localhost:8004/v1/chat/completions "HTTP/1.1 200 OK"

2026-08-17 20:06:08,042 - INFO - HTTP Request: POST http://localhost:8004/v1/chat/completions "HTTP/1.1 200 OK"

2026-08-17 20:06:09,571 - INFO - HTTP Request: POST http://localhost:8004/v1/chat/completions "HTTP/1.1 200 OK"

2026-08-17 20:06:13,470 - INFO - HTTP Request: POST http://localhost:8004/v1/chat/completions "HTTP/1.1 200 OK"
2026-08-17 20:06:24,033 - INFO - HTTP Request: POST http://localhost:8004/v1/chat/completions "HTTP/1.1 200 OK"

2026-08-17 20:06:25,118 - INFO - HTTP Request: POST http://localhost:8004/v1/chat/completions "HTTP/1.1 200 OK"
2026-08-17 20:06:28,467 - INFO - HTTP Request: POST http://localhost:8004/v1/chat/completions "HTTP/1.1 200 OK"
2026-08-17 20:06:38,989 - INFO - HTTP Request: POST http://localhost:8004/v1/chat/completions "HTTP/1.1 200 OK"

2026-08-17 20:06:39,207 - INFO - HTTP Request: POST http://localhost:8004/v1/chat/completions "HTTP/1.1 200 OK"
2026-08-17 20:06:39,921 - INFO - HTTP Request: POST http://localhost:8004/v1/chat/completions "HTTP/1.1 200 OK"

2026-08-17 20:06:52,535 - INFO - HTTP Request: POST http://localhost:8004/v1/chat/completions "HTTP/1.1 200 OK"

2026-08-17 20:06:53,620 - INFO - HTTP Request: POST http://localhost:8004/v1/chat/completions "HTTP/1.1 200 OK"
2026-08-17 20:07:02,884 - INFO - HTTP Request: POST http://localhost:8004/v1/chat/completions "HTTP/1.1 200 OK"

2026-08-17 20:07:08,305 - INFO - HTTP Request: POST http://localhost:8004/v1/chat/completions "HTTP/1.1 200 OK"
2026-08-17 20:07:09,263 - INFO - HTTP Request: POST http://localhost:8004/v1/chat/completions "HTTP/1.1 200 OK"
2026-08-17 20:07:13,475 - INFO - HTTP Request: POST http://localhost:8004/v1/chat/completions "HTTP/1.1 200 OK"
2026-08-17 20:07:20,098 - INFO - HTTP Request: POST http://localhost:8004/v1/chat/completions "HTTP/1.1 200 OK"

2026-08-17 20:07:22,491 - INFO - HTTP Request: POST http://localhost:8004/v1/chat/completions "HTTP/1.1 200 OK"

2026-08-17 20:07:23,798 - INFO - HTTP Request: POST http://localhost:8004/v1/chat/completions "HTTP/1.1 200 OK"
2026-08-17 20:07:33,724 - INFO - HTTP Request: POST http://localhost:8004/v1/chat/completions "HTTP/1.1 200 OK"

2026-08-17 20:07:35,466 - INFO - HTTP Request: POST http://localhost:8004/v1/chat/completions "HTTP/1.1 200 OK"

2026-08-17 20:07:40,453 - INFO - HTTP Request: POST http://localhost:8004/v1/chat/completions "HTTP/1.1 200 OK"
2026-08-17 20:07:43,154 - INFO - HTTP Request: POST http://localhost:8004/v1/chat/completions "HTTP/1.1 200 OK"
2026-08-17 20:07:51,718 - INFO - HTTP Request: POST http://localhost:8004/v1/chat/completions "HTTP/1.1 200 OK"

2026-08-17 20:07:53,024 - INFO - HTTP Request: POST http://localhost:8004/v1/chat/completions "HTTP/1.1 200 OK"

2026-08-17 20:08:03,433 - INFO - HTTP Request: POST http://localhost:8004/v1/chat/completions "HTTP/1.1 200 OK"
2026-08-17 20:08:05,481 - INFO - HTTP Request: POST http://localhost:8004/v1/chat/completions "HTTP/1.1 200 OK"
2026-08-17 20:08:16,722 - INFO - HTTP Request: POST http://localhost:8004/v1/chat/completions "HTTP/1.1 200 OK"

2026-08-17 20:08:20,642 - INFO - HTTP Request: POST http://localhost:8004/v1/chat/completions "HTTP/1.1 200 OK"

2026-08-17 20:08:21,519 - INFO - HTTP Request: POST http://localhost:8004/v1/chat/completions "HTTP/1.1 200 OK"
2026-08-17 20:08:23,133 - INFO - HTTP Request: POST http://localhost:8004/v1/chat/completions "HTTP/1.1 200 OK"
2026-08-17 20:08:34,527 - INFO - HTTP Request: POST http://localhost:8004/v1/chat/completions "HTTP/1.1 200 OK"

2026-08-17 20:08:39,748 - INFO - HTTP Request: POST http://localhost:8004/v1/chat/completions "HTTP/1.1 200 OK"

2026-08-17 20:08:49,945 - INFO - HTTP Request: POST http://localhost:8004/v1/chat/completions "HTTP/1.1 200 OK"
2026-08-17 20:08:53,952 - INFO - HTTP Request: POST http://localhost:8004/v1/chat/completions "HTTP/1.1 200 OK"
2026-08-17 20:09:04,246 - INFO - HTTP Request: POST http://localhost:8004/v1/chat/completions "HTTP/1.1 200 OK"

r1_cfg4:  58%|█████▊    | 29/50 [46:40<46:50, 133.82s/it]2026-08-17 20:09:07,506 - INFO - HTTP Request: POST http://localhost:8004/v1/chat/completions "HTTP/1.1 200 OK"

r1_cfg4:  60%|██████    | 30/50 [46:43<31:33, 94.65s/it] 2026-08-17 20:09:08,373 - INFO - HTTP Request: POST http://localhost:8004/v1/chat/completions "HTTP/1.1 200 OK"
2026-08-17 20:09:13,898 - INFO - HTTP Request: POST http://localhost:8004/v1/chat/completions "HTTP/1.1 200 OK"
2026-08-17 20:09:20,944 - INFO - HTTP Request: POST http://localhost:8004/v1/chat/completions "HTTP/1.1 200 OK"

r1_cfg4:  62%|██████▏   | 31/50 [46:57<22:15, 70.29s/it]2026-08-17 20:09:26,806 - INFO - HTTP Request: POST http://localhost:8004/v1/chat/completions "HTTP/1.1 200 OK"
2026-08-17 20:09:27,023 - INFO - HTTP Request: POST http://localhost:8004/v1/chat/completions "HTTP/1.1 200 OK"

r1_cfg4:  64%|██████▍   | 32/50 [47:03<15:18, 51.03s/it]2026-08-17 20:09:30,368 - INFO - HTTP Request: POST http://localhost:8004/v1/chat/completions "HTTP/1.1 200 OK"
2026-08-17 20:09:39,371 - INFO - HTTP Request: POST http://localhost:8004/v1/chat/completions "HTTP/1.1 200 OK"

2026-08-17 20:09:39,589 - INFO - HTTP Request: POST http://localhost:8004/v1/chat/completions "HTTP/1.1 200 OK"

2026-08-17 20:09:43,273 - INFO - HTTP Request: POST http://localhost:8004/v1/chat/completions "HTTP/1.1 200 OK"
2026-08-17 20:09:49,715 - INFO - HTTP Request: POST http://localhost:8004/v1/chat/completions "HTTP/1.1 200 OK"
2026-08-17 20:09:57,853 - INFO - HTTP Request: POST http://localhost:8004/v1/chat/completions "HTTP/1.1 200 OK"

2026-08-17 20:10:03,931 - INFO - HTTP Request: POST http://localhost:8004/v1/chat/completions "HTTP/1.1 200 OK"

2026-08-17 20:10:06,099 - INFO - HTTP Request: POST http://localhost:8004/v1/chat/completions "HTTP/1.1 200 OK"
2026-08-17 20:10:06,316 - INFO - HTTP Request: POST http://localhost:8004/v1/chat/completions "HTTP/1.1 200 OK"
2026-08-17 20:10:17,634 - INFO - HTTP Request: POST http://localhost:8004/v1/chat/completions "HTTP/1.1 200 OK"

2026-08-17 20:10:21,112 - INFO - HTTP Request: POST http://localhost:8004/v1/chat/completions "HTTP/1.1 200 OK"

2026-08-17 20:10:24,581 - INFO - HTTP Request: POST http://localhost:8004/v1/chat/completions "HTTP/1.1 200 OK"
2026-08-17 20:10:31,025 - INFO - HTTP Request: POST http://localhost:8004/v1/chat/completions "HTTP/1.1 200 OK"
2026-08-17 20:10:34,433 - INFO - HTTP Request: POST http://localhost:8004/v1/chat/completions "HTTP/1.1 200 OK"

2026-08-17 20:10:42,681 - INFO - HTTP Request: POST http://localhost:8004/v1/chat/completions "HTTP/1.1 200 OK"
2026-08-17 20:10:44,348 - INFO - HTTP Request: POST http://localhost:8004/v1/chat/completions "HTTP/1.1 200 OK"

2026-08-17 20:10:46,521 - INFO - HTTP Request: POST http://localhost:8004/v1/chat/completions "HTTP/1.1 200 OK"
2026-08-17 20:10:53,781 - INFO - HTTP Request: POST http://localhost:8004/v1/chat/completions "HTTP/1.1 200 OK"

2026-08-17 20:10:57,047 - INFO - HTTP Request: POST http://localhost:8004/v1/chat/completions "HTTP/1.1 200 OK"

2026-08-17 20:10:59,438 - INFO - HTTP Request: POST http://localhost:8004/v1/chat/completions "HTTP/1.1 200 OK"
2026-08-17 20:11:09,354 - INFO - HTTP Request: POST http://localhost:8004/v1/chat/completions "HTTP/1.1 200 OK"
2026-08-17 20:11:10,370 - INFO - HTTP Request: POST http://localhost:8004/v1/chat/completions "HTTP/1.1 200 OK"

2026-08-17 20:11:17,971 - INFO - HTTP Request: POST http://localhost:8004/v1/chat/completions "HTTP/1.1 200 OK"
2026-08-17 20:11:21,109 - INFO - HTTP Request: POST http://localhost:8004/v1/chat/completions "HTTP/1.1 200 OK"

2026-08-17 20:11:21,986 - INFO - HTTP Request: POST http://localhost:8004/v1/chat/completions "HTTP/1.1 200 OK"
2026-08-17 20:11:31,417 - INFO - HTTP Request: POST http://localhost:8004/v1/chat/completions "HTTP/1.1 200 OK"

2026-08-17 20:11:34,899 - INFO - HTTP Request: POST http://localhost:8004/v1/chat/completions "HTTP/1.1 200 OK"
2026-08-17 20:11:37,001 - INFO - HTTP Request: POST http://localhost:8004/v1/chat/completions "HTTP/1.1 200 OK"

2026-08-17 20:11:45,909 - INFO - HTTP Request: POST http://localhost:8004/v1/chat/completions "HTTP/1.1 200 OK"
2026-08-17 20:11:47,307 - INFO - HTTP Request: POST http://localhost:8004/v1/chat/completions "HTTP/1.1 200 OK"

2026-08-17 20:11:51,438 - INFO - HTTP Request: POST http://localhost:8004/v1/chat/completions "HTTP/1.1 200 OK"
2026-08-17 20:11:57,451 - INFO - HTTP Request: POST http://localhost:8004/v1/chat/completions "HTTP/1.1 200 OK"
2026-08-17 20:11:59,499 - INFO - HTTP Request: POST http://localhost:8004/v1/chat/completions "HTTP/1.1 200 OK"

2026-08-17 20:12:07,334 - INFO - HTTP Request: POST http://localhost:8004/v1/chat/completions "HTTP/1.1 200 OK"

2026-08-17 20:12:07,551 - INFO - HTTP Request: POST http://localhost:8004/v1/chat/completions "HTTP/1.1 200 OK"

2026-08-17 20:12:07,768 - INFO - HTTP Request: POST http://localhost:8004/v1/chat/completions "HTTP/1.1 200 OK"
2026-08-17 20:12:18,556 - INFO - HTTP Request: POST http://localhost:8004/v1/chat/completions "HTTP/1.1 200 OK"

2026-08-17 20:12:19,641 - INFO - HTTP Request: POST http://localhost:8004/v1/chat/completions "HTTP/1.1 200 OK"
2026-08-17 20:12:31,073 - INFO - HTTP Request: POST http://localhost:8004/v1/chat/completions "HTTP/1.1 200 OK"

2026-08-17 20:12:36,710 - INFO - HTTP Request: POST http://localhost:8004/v1/chat/completions "HTTP/1.1 200 OK"
2026-08-17 20:12:36,927 - INFO - HTTP Request: POST http://localhost:8004/v1/chat/completions "HTTP/1.1 200 OK"
2026-08-17 20:12:48,187 - INFO - HTTP Request: POST http://localhost:8004/v1/chat/completions "HTTP/1.1 200 OK"
2026-08-17 20:12:52,251 - INFO - HTTP Request: POST http://localhost:8004/v1/chat/completions "HTTP/1.1 200 OK"

2026-08-17 20:12:52,469 - INFO - HTTP Request: POST http://localhost:8004/v1/chat/completions "HTTP/1.1 200 OK"

2026-08-17 20:12:56,599 - INFO - HTTP Request: POST http://localhost:8004/v1/chat/completions "HTTP/1.1 200 OK"

2026-08-17 20:13:00,719 - INFO - HTTP Request: POST http://localhost:8004/v1/chat/completions "HTTP/1.1 200 OK"
2026-08-17 20:13:11,232 - INFO - HTTP Request: POST http://localhost:8004/v1/chat/completions "HTTP/1.1 200 OK"

2026-08-17 20:13:12,535 - INFO - HTTP Request: POST http://localhost:8004/v1/chat/completions "HTTP/1.1 200 OK"
2026-08-17 20:13:12,752 - INFO - HTTP Request: POST http://localhost:8004/v1/chat/completions "HTTP/1.1 200 OK"
2026-08-17 20:13:17,551 - INFO - HTTP Request: POST http://localhost:8004/v1/chat/completions "HTTP/1.1 200 OK"
2026-08-17 20:13:27,276 - INFO - HTTP Request: POST http://localhost:8004/v1/chat/completions "HTTP/1.1 200 OK"

2026-08-17 20:13:28,367 - INFO - HTTP Request: POST http://localhost:8004/v1/chat/completions "HTTP/1.1 200 OK"

2026-08-17 20:13:32,279 - INFO - HTTP Request: POST http://localhost:8004/v1/chat/completions "HTTP/1.1 200 OK"
2026-08-17 20:13:32,283 - INFO - HTTP Request: POST http://localhost:8004/v1/chat/completions "HTTP/1.1 200 OK"

2026-08-17 20:13:43,716 - INFO - HTTP Request: POST http://localhost:8004/v1/chat/completions "HTTP/1.1 200 OK"

2026-08-17 20:13:56,728 - INFO - HTTP Request: POST http://localhost:8004/v1/chat/completions "HTTP/1.1 200 OK"
2026-08-17 20:13:58,124 - INFO - HTTP Request: POST http://localhost:8004/v1/chat/completions "HTTP/1.1 200 OK"
2026-08-17 20:14:02,403 - INFO - HTTP Request: POST http://localhost:8004/v1/chat/completions "HTTP/1.1 200 OK"
2026-08-17 20:14:09,956 - INFO - HTTP Request: POST http://localhost:8004/v1/chat/completions "HTTP/1.1 200 OK"

2026-08-17 20:14:13,881 - INFO - HTTP Request: POST http://localhost:8004/v1/chat/completions "HTTP/1.1 200 OK"
2026-08-17 20:14:17,077 - INFO - HTTP Request: POST http://localhost:8004/v1/chat/completions "HTTP/1.1 200 OK"

2026-08-17 20:14:17,957 - INFO - HTTP Request: POST http://localhost:8004/v1/chat/completions "HTTP/1.1 200 OK"

2026-08-17 20:14:28,171 - INFO - HTTP Request: POST http://localhost:8004/v1/chat/completions "HTTP/1.1 200 OK"

2026-08-17 20:14:41,623 - INFO - HTTP Request: POST http://localhost:8004/v1/chat/completions "HTTP/1.1 200 OK"
2026-08-17 20:14:49,372 - INFO - HTTP Request: POST http://localhost:8004/v1/chat/completions "HTTP/1.1 200 OK"
2026-08-17 20:14:50,458 - INFO - HTTP Request: POST http://localhost:8004/v1/chat/completions "HTTP/1.1 200 OK"
2026-08-17 20:14:58,010 - INFO - HTTP Request: POST http://localhost:8004/v1/chat/completions "HTTP/1.1 200 OK"

r1_cfg4:  66%|██████▌   | 33/50 [52:34<38:15, 135.02s/it]2026-08-17 20:15:01,277 - INFO - HTTP Request: POST http://localhost:8004/v1/chat/completions "HTTP/1.1 200 OK"

r1_cfg4:  68%|██████▊   | 34/50 [52:37<25:27, 95.49s/it] 2026-08-17 20:15:01,562 - INFO - HTTP Request: POST http://localhost:8004/v1/chat/completions "HTTP/1.1 200 OK"

r1_cfg4:  70%|███████   | 35/50 [52:37<16:43, 66.93s/it]2026-08-17 20:15:02,359 - INFO - HTTP Request: POST http://localhost:8004/v1/chat/completions "HTTP/1.1 200 OK"
2026-08-17 20:15:17,704 - INFO - HTTP Request: POST http://localhost:8004/v1/chat/completions "HTTP/1.1 200 OK"

r1_cfg4:  72%|███████▏  | 36/50 [52:54<12:03, 51.69s/it]2026-08-17 20:15:20,088 - INFO - HTTP Request: POST http://localhost:8004/v1/chat/completions "HTTP/1.1 200 OK"
2026-08-17 20:15:24,088 - INFO - HTTP Request: POST http://localhost:8004/v1/chat/completions "HTTP/1.1 200 OK"
2026-08-17 20:15:24,305 - INFO - HTTP Request: POST http://localhost:8004/v1/chat/completions "HTTP/1.1 200 OK"
2026-08-17 20:15:32,439 - INFO - HTTP Request: POST http://localhost:8004/v1/chat/completions "HTTP/1.1 200 OK"

2026-08-17 20:15:34,832 - INFO - HTTP Request: POST http://localhost:8004/v1/chat/completions "HTTP/1.1 200 OK"

2026-08-17 20:15:37,004 - INFO - HTTP Request: POST http://localhost:8004/v1/chat/completions "HTTP/1.1 200 OK"

2026-08-17 20:15:40,469 - INFO - HTTP Request: POST http://localhost:8004/v1/chat/completions "HTTP/1.1 200 OK"
2026-08-17 20:15:50,110 - INFO - HTTP Request: POST http://localhost:8004/v1/chat/completions "HTTP/1.1 200 OK"

2026-08-17 20:15:58,781 - INFO - HTTP Request: POST http://localhost:8004/v1/chat/completions "HTTP/1.1 200 OK"
2026-08-17 20:16:01,530 - INFO - HTTP Request: POST http://localhost:8004/v1/chat/completions "HTTP/1.1 200 OK"
2026-08-17 20:16:03,848 - INFO - HTTP Request: POST http://localhost:8004/v1/chat/completions "HTTP/1.1 200 OK"
2026-08-17 20:16:11,336 - INFO - HTTP Request: POST http://localhost:8004/v1/chat/completions "HTTP/1.1 200 OK"

2026-08-17 20:16:13,511 - INFO - HTTP Request: POST http://localhost:8004/v1/chat/completions "HTTP/1.1 200 OK"

2026-08-17 20:16:13,946 - INFO - HTTP Request: POST http://localhost:8004/v1/chat/completions "HTTP/1.1 200 OK"

2026-08-17 20:16:17,201 - INFO - HTTP Request: POST http://localhost:8004/v1/chat/completions "HTTP/1.1 200 OK"
2026-08-17 20:16:28,152 - INFO - HTTP Request: POST http://localhost:8004/v1/chat/completions "HTTP/1.1 200 OK"

2026-08-17 20:16:34,874 - INFO - HTTP Request: POST http://localhost:8004/v1/chat/completions "HTTP/1.1 200 OK"
2026-08-17 20:16:38,493 - INFO - HTTP Request: POST http://localhost:8004/v1/chat/completions "HTTP/1.1 200 OK"
2026-08-17 20:16:38,926 - INFO - HTTP Request: POST http://localhost:8004/v1/chat/completions "HTTP/1.1 200 OK"
2026-08-17 20:16:48,592 - INFO - HTTP Request: POST http://localhost:8004/v1/chat/completions "HTTP/1.1 200 OK"

2026-08-17 20:16:50,341 - INFO - HTTP Request: POST http://localhost:8004/v1/chat/completions "HTTP/1.1 200 OK"

2026-08-17 20:16:53,390 - INFO - HTTP Request: POST http://localhost:8004/v1/chat/completions "HTTP/1.1 200 OK"
2026-08-17 20:16:55,006 - INFO - HTTP Request: POST http://localhost:8004/v1/chat/completions "HTTP/1.1 200 OK"

2026-08-17 20:17:06,083 - INFO - HTTP Request: POST http://localhost:8004/v1/chat/completions "HTTP/1.1 200 OK"

2026-08-17 20:17:13,030 - INFO - HTTP Request: POST http://localhost:8004/v1/chat/completions "HTTP/1.1 200 OK"
2026-08-17 20:17:15,077 - INFO - HTTP Request: POST http://localhost:8004/v1/chat/completions "HTTP/1.1 200 OK"
2026-08-17 20:17:19,717 - INFO - HTTP Request: POST http://localhost:8004/v1/chat/completions "HTTP/1.1 200 OK"
2026-08-17 20:17:26,185 - INFO - HTTP Request: POST http://localhost:8004/v1/chat/completions "HTTP/1.1 200 OK"

2026-08-17 20:17:27,934 - INFO - HTTP Request: POST http://localhost:8004/v1/chat/completions "HTTP/1.1 200 OK"

2026-08-17 20:17:30,549 - INFO - HTTP Request: POST http://localhost:8004/v1/chat/completions "HTTP/1.1 200 OK"
2026-08-17 20:17:33,466 - INFO - HTTP Request: POST http://localhost:8004/v1/chat/completions "HTTP/1.1 200 OK"

2026-08-17 20:17:43,240 - INFO - HTTP Request: POST http://localhost:8004/v1/chat/completions "HTTP/1.1 200 OK"

2026-08-17 20:17:46,283 - INFO - HTTP Request: POST http://localhost:8004/v1/chat/completions "HTTP/1.1 200 OK"
2026-08-17 20:17:48,335 - INFO - HTTP Request: POST http://localhost:8004/v1/chat/completions "HTTP/1.1 200 OK"
2026-08-17 20:17:53,764 - INFO - HTTP Request: POST http://localhost:8004/v1/chat/completions "HTTP/1.1 200 OK"
2026-08-17 20:17:57,996 - INFO - HTTP Request: POST http://localhost:8004/v1/chat/completions "HTTP/1.1 200 OK"

2026-08-17 20:18:00,826 - INFO - HTTP Request: POST http://localhost:8004/v1/chat/completions "HTTP/1.1 200 OK"

2026-08-17 20:18:03,869 - INFO - HTTP Request: POST http://localhost:8004/v1/chat/completions "HTTP/1.1 200 OK"
2026-08-17 20:18:08,311 - INFO - HTTP Request: POST http://localhost:8004/v1/chat/completions "HTTP/1.1 200 OK"

2026-08-17 20:18:15,045 - INFO - HTTP Request: POST http://localhost:8004/v1/chat/completions "HTTP/1.1 200 OK"

2026-08-17 20:18:26,970 - INFO - HTTP Request: POST http://localhost:8004/v1/chat/completions "HTTP/1.1 200 OK"
2026-08-17 20:18:30,005 - INFO - HTTP Request: POST http://localhost:8004/v1/chat/completions "HTTP/1.1 200 OK"
2026-08-17 20:18:37,491 - INFO - HTTP Request: POST http://localhost:8004/v1/chat/completions "HTTP/1.1 200 OK"
2026-08-17 20:18:38,208 - INFO - HTTP Request: POST http://localhost:8004/v1/chat/completions "HTTP/1.1 200 OK"

2026-08-17 20:18:44,547 - INFO - HTTP Request: POST http://localhost:8004/v1/chat/completions "HTTP/1.1 200 OK"
2026-08-17 20:18:46,164 - INFO - HTTP Request: POST http://localhost:8004/v1/chat/completions "HTTP/1.1 200 OK"

2026-08-17 20:18:52,472 - INFO - HTTP Request: POST http://localhost:8004/v1/chat/completions "HTTP/1.1 200 OK"

2026-08-17 20:18:56,600 - INFO - HTTP Request: POST http://localhost:8004/v1/chat/completions "HTTP/1.1 200 OK"

2026-08-17 20:18:58,553 - INFO - HTTP Request: POST http://localhost:8004/v1/chat/completions "HTTP/1.1 200 OK"
2026-08-17 20:19:06,365 - INFO - HTTP Request: POST http://localhost:8004/v1/chat/completions "HTTP/1.1 200 OK"
2026-08-17 20:19:12,983 - INFO - HTTP Request: POST http://localhost:8004/v1/chat/completions "HTTP/1.1 200 OK"
2026-08-17 20:19:17,436 - INFO - HTTP Request: POST http://localhost:8004/v1/chat/completions "HTTP/1.1 200 OK"
2026-08-17 20:19:17,437 - INFO - HTTP Request: POST http://localhost:8004/v1/chat/completions "HTTP/1.1 200 OK"

2026-08-17 20:19:19,276 - INFO - HTTP Request: POST http://localhost:8004/v1/chat/completions "HTTP/1.1 200 OK"

2026-08-17 20:19:28,414 - INFO - HTTP Request: POST http://localhost:8004/v1/chat/completions "HTTP/1.1 200 OK"

2026-08-17 20:19:30,589 - INFO - HTTP Request: POST http://localhost:8004/v1/chat/completions "HTTP/1.1 200 OK"

2026-08-17 20:19:46,860 - INFO - HTTP Request: POST http://localhost:8004/v1/chat/completions "HTTP/1.1 200 OK"
2026-08-17 20:19:48,595 - INFO - HTTP Request: POST http://localhost:8004/v1/chat/completions "HTTP/1.1 200 OK"
2026-08-17 20:19:58,040 - INFO - HTTP Request: POST http://localhost:8004/v1/chat/completions "HTTP/1.1 200 OK"
2026-08-17 20:20:00,535 - INFO - HTTP Request: POST http://localhost:8004/v1/chat/completions "HTTP/1.1 200 OK"
2026-08-17 20:20:01,723 - INFO - HTTP Request: POST http://localhost:8004/v1/chat/completions "HTTP/1.1 200 OK"

2026-08-17 20:20:05,652 - INFO - HTTP Request: POST http://localhost:8004/v1/chat/completions "HTTP/1.1 200 OK"

2026-08-17 20:20:10,230 - INFO - HTTP Request: POST http://localhost:8004/v1/chat/completions "HTTP/1.1 200 OK"

2026-08-17 20:20:13,062 - INFO - HTTP Request: POST http://localhost:8004/v1/chat/completions "HTTP/1.1 200 OK"

2026-08-17 20:20:34,325 - INFO - HTTP Request: POST http://localhost:8004/v1/chat/completions "HTTP/1.1 200 OK"
2026-08-17 20:20:38,882 - INFO - HTTP Request: POST http://localhost:8004/v1/chat/completions "HTTP/1.1 200 OK"
2026-08-17 20:20:42,025 - INFO - HTTP Request: POST http://localhost:8004/v1/chat/completions "HTTP/1.1 200 OK"
2026-08-17 20:20:46,916 - INFO - HTTP Request: POST http://localhost:8004/v1/chat/completions "HTTP/1.1 200 OK"
2026-08-17 20:20:48,542 - INFO - HTTP Request: POST http://localhost:8004/v1/chat/completions "HTTP/1.1 200 OK"

r1_cfg4:  74%|███████▍  | 37/50 [58:24<29:20, 135.44s/it]2026-08-17 20:20:52,029 - INFO - HTTP Request: POST http://localhost:8004/v1/chat/completions "HTTP/1.1 200 OK"

r1_cfg4:  76%|███████▌  | 38/50 [58:28<19:10, 95.85s/it] 2026-08-17 20:20:54,208 - INFO - HTTP Request: POST http://localhost:8004/v1/chat/completions "HTTP/1.1 200 OK"

r1_cfg4:  78%|███████▊  | 39/50 [58:30<12:25, 67.75s/it]2026-08-17 20:21:00,505 - INFO - HTTP Request: POST http://localhost:8004/v1/chat/completions "HTTP/1.1 200 OK"

r1_cfg4:  80%|████████  | 40/50 [58:36<08:13, 49.31s/it]2026-08-17 20:21:10,263 - INFO - HTTP Request: POST http://localhost:8004/v1/chat/completions "HTTP/1.1 200 OK"
2026-08-17 20:21:14,048 - INFO - HTTP Request: POST http://localhost:8004/v1/chat/completions "HTTP/1.1 200 OK"
2026-08-17 20:21:16,534 - INFO - HTTP Request: POST http://localhost:8004/v1/chat/completions "HTTP/1.1 200 OK"
2026-08-17 20:21:23,380 - INFO - HTTP Request: POST http://localhost:8004/v1/chat/completions "HTTP/1.1 200 OK"
2026-08-17 20:21:26,301 - INFO - HTTP Request: POST http://localhost:8004/v1/chat/completions "HTTP/1.1 200 OK"

2026-08-17 20:21:26,302 - INFO - HTTP Request: POST http://localhost:8004/v1/chat/completions "HTTP/1.1 200 OK"

2026-08-17 20:21:26,735 - INFO - HTTP Request: POST http://localhost:8004/v1/chat/completions "HTTP/1.1 200 OK"

2026-08-17 20:21:34,991 - INFO - HTTP Request: POST http://localhost:8004/v1/chat/completions "HTTP/1.1 200 OK"

2026-08-17 20:21:52,345 - INFO - HTTP Request: POST http://localhost:8004/v1/chat/completions "HTTP/1.1 200 OK"
2026-08-17 20:21:52,345 - INFO - HTTP Request: POST http://localhost:8004/v1/chat/completions "HTTP/1.1 200 OK"
2026-08-17 20:21:53,261 - INFO - HTTP Request: POST http://localhost:8004/v1/chat/completions "HTTP/1.1 200 OK"
2026-08-17 20:22:01,944 - INFO - HTTP Request: POST http://localhost:8004/v1/chat/completions "HTTP/1.1 200 OK"
2026-08-17 20:22:03,568 - INFO - HTTP Request: POST http://localhost:8004/v1/chat/completions "HTTP/1.1 200 OK"

2026-08-17 20:22:03,786 - INFO - HTTP Request: POST http://localhost:8004/v1/chat/completions "HTTP/1.1 200 OK"

2026-08-17 20:22:04,446 - INFO - HTTP Request: POST http://localhost:8004/v1/chat/completions "HTTP/1.1 200 OK"

2026-08-17 20:22:14,656 - INFO - HTTP Request: POST http://localhost:8004/v1/chat/completions "HTTP/1.1 200 OK"

2026-08-17 20:22:27,889 - INFO - HTTP Request: POST http://localhost:8004/v1/chat/completions "HTTP/1.1 200 OK"
2026-08-17 20:22:28,107 - INFO - HTTP Request: POST http://localhost:8004/v1/chat/completions "HTTP/1.1 200 OK"
2026-08-17 20:22:29,394 - INFO - HTTP Request: POST http://localhost:8004/v1/chat/completions "HTTP/1.1 200 OK"
2026-08-17 20:22:38,858 - INFO - HTTP Request: POST http://localhost:8004/v1/chat/completions "HTTP/1.1 200 OK"

2026-08-17 20:22:38,859 - INFO - HTTP Request: POST http://localhost:8004/v1/chat/completions "HTTP/1.1 200 OK"
2026-08-17 20:22:40,966 - INFO - HTTP Request: POST http://localhost:8004/v1/chat/completions "HTTP/1.1 200 OK"

2026-08-17 20:22:44,893 - INFO - HTTP Request: POST http://localhost:8004/v1/chat/completions "HTTP/1.1 200 OK"

2026-08-17 20:22:53,593 - INFO - HTTP Request: POST http://localhost:8004/v1/chat/completions "HTTP/1.1 200 OK"

2026-08-17 20:23:03,146 - INFO - HTTP Request: POST http://localhost:8004/v1/chat/completions "HTTP/1.1 200 OK"
2026-08-17 20:23:05,415 - INFO - HTTP Request: POST http://localhost:8004/v1/chat/completions "HTTP/1.1 200 OK"
2026-08-17 20:23:09,431 - INFO - HTTP Request: POST http://localhost:8004/v1/chat/completions "HTTP/1.1 200 OK"
2026-08-17 20:23:16,281 - INFO - HTTP Request: POST http://localhost:8004/v1/chat/completions "HTTP/1.1 200 OK"

2026-08-17 20:23:18,468 - INFO - HTTP Request: POST http://localhost:8004/v1/chat/completions "HTTP/1.1 200 OK"

2026-08-17 20:23:18,685 - INFO - HTTP Request: POST http://localhost:8004/v1/chat/completions "HTTP/1.1 200 OK"
2026-08-17 20:23:22,486 - INFO - HTTP Request: POST http://localhost:8004/v1/chat/completions "HTTP/1.1 200 OK"

2026-08-17 20:23:31,397 - INFO - HTTP Request: POST http://localhost:8004/v1/chat/completions "HTTP/1.1 200 OK"

2026-08-17 20:23:36,395 - INFO - HTTP Request: POST http://localhost:8004/v1/chat/completions "HTTP/1.1 200 OK"
2026-08-17 20:23:38,449 - INFO - HTTP Request: POST http://localhost:8004/v1/chat/completions "HTTP/1.1 200 OK"
2026-08-17 20:23:42,953 - INFO - HTTP Request: POST http://localhost:8004/v1/chat/completions "HTTP/1.1 200 OK"
2026-08-17 20:23:48,504 - INFO - HTTP Request: POST http://localhost:8004/v1/chat/completions "HTTP/1.1 200 OK"

2026-08-17 20:23:49,161 - INFO - HTTP Request: POST http://localhost:8004/v1/chat/completions "HTTP/1.1 200 OK"

2026-08-17 20:23:52,205 - INFO - HTTP Request: POST http://localhost:8004/v1/chat/completions "HTTP/1.1 200 OK"
2026-08-17 20:23:56,654 - INFO - HTTP Request: POST http://localhost:8004/v1/chat/completions "HTTP/1.1 200 OK"

2026-08-17 20:24:01,653 - INFO - HTTP Request: POST http://localhost:8004/v1/chat/completions "HTTP/1.1 200 OK"

2026-08-17 20:24:17,494 - INFO - HTTP Request: POST http://localhost:8004/v1/chat/completions "HTTP/1.1 200 OK"
2026-08-17 20:24:18,464 - INFO - HTTP Request: POST http://localhost:8004/v1/chat/completions "HTTP/1.1 200 OK"
2026-08-17 20:24:25,952 - INFO - HTTP Request: POST http://localhost:8004/v1/chat/completions "HTTP/1.1 200 OK"
2026-08-17 20:24:31,281 - INFO - HTTP Request: POST http://localhost:8004/v1/chat/completions "HTTP/1.1 200 OK"
2026-08-17 20:24:31,999 - INFO - HTTP Request: POST http://localhost:8004/v1/chat/completions "HTTP/1.1 200 OK"

2026-08-17 20:24:32,466 - INFO - HTTP Request: POST http://localhost:8004/v1/chat/completions "HTTP/1.1 200 OK"

2026-08-17 20:24:37,040 - INFO - HTTP Request: POST http://localhost:8004/v1/chat/completions "HTTP/1.1 200 OK"

2026-08-17 20:24:47,903 - INFO - HTTP Request: POST http://localhost:8004/v1/chat/completions "HTTP/1.1 200 OK"

2026-08-17 20:24:52,027 - INFO - HTTP Request: POST http://localhost:8004/v1/chat/completions "HTTP/1.1 200 OK"
2026-08-17 20:24:52,745 - INFO - HTTP Request: POST http://localhost:8004/v1/chat/completions "HTTP/1.1 200 OK"
2026-08-17 20:24:57,714 - INFO - HTTP Request: POST http://localhost:8004/v1/chat/completions "HTTP/1.1 200 OK"
2026-08-17 20:25:03,748 - INFO - HTTP Request: POST http://localhost:8004/v1/chat/completions "HTTP/1.1 200 OK"

2026-08-17 20:25:04,839 - INFO - HTTP Request: POST http://localhost:8004/v1/chat/completions "HTTP/1.1 200 OK"

2026-08-17 20:25:08,973 - INFO - HTTP Request: POST http://localhost:8004/v1/chat/completions "HTTP/1.1 200 OK"
2026-08-17 20:25:12,555 - INFO - HTTP Request: POST http://localhost:8004/v1/chat/completions "HTTP/1.1 200 OK"

2026-08-17 20:25:25,598 - INFO - HTTP Request: POST http://localhost:8004/v1/chat/completions "HTTP/1.1 200 OK"

2026-08-17 20:25:33,198 - INFO - HTTP Request: POST http://localhost:8004/v1/chat/completions "HTTP/1.1 200 OK"
2026-08-17 20:25:34,606 - INFO - HTTP Request: POST http://localhost:8004/v1/chat/completions "HTTP/1.1 200 OK"
2026-08-17 20:25:42,328 - INFO - HTTP Request: POST http://localhost:8004/v1/chat/completions "HTTP/1.1 200 OK"
2026-08-17 20:25:46,792 - INFO - HTTP Request: POST http://localhost:8004/v1/chat/completions "HTTP/1.1 200 OK"

2026-08-17 20:25:47,674 - INFO - HTTP Request: POST http://localhost:8004/v1/chat/completions "HTTP/1.1 200 OK"

2026-08-17 20:25:55,728 - INFO - HTTP Request: POST http://localhost:8004/v1/chat/completions "HTTP/1.1 200 OK"
2026-08-17 20:25:57,133 - INFO - HTTP Request: POST http://localhost:8004/v1/chat/completions "HTTP/1.1 200 OK"

2026-08-17 20:26:08,879 - INFO - HTTP Request: POST http://localhost:8004/v1/chat/completions "HTTP/1.1 200 OK"

2026-08-17 20:26:18,219 - INFO - HTTP Request: POST http://localhost:8004/v1/chat/completions "HTTP/1.1 200 OK"
2026-08-17 20:26:20,932 - INFO - HTTP Request: POST http://localhost:8004/v1/chat/completions "HTTP/1.1 200 OK"
2026-08-17 20:26:30,181 - INFO - HTTP Request: POST http://localhost:8004/v1/chat/completions "HTTP/1.1 200 OK"

r1_cfg4:  82%|████████▏ | 41/50 [1:04:06<20:00, 133.42s/it]2026-08-17 20:26:30,833 - INFO - HTTP Request: POST http://localhost:8004/v1/chat/completions "HTTP/1.1 200 OK"
2026-08-17 20:26:32,904 - INFO - HTTP Request: POST http://localhost:8004/v1/chat/completions "HTTP/1.1 200 OK"

r1_cfg4:  84%|████████▍ | 42/50 [1:04:09<12:33, 94.21s/it] 2026-08-17 20:26:41,162 - INFO - HTTP Request: POST http://localhost:8004/v1/chat/completions "HTTP/1.1 200 OK"
2026-08-17 20:26:45,181 - INFO - HTTP Request: POST http://localhost:8004/v1/chat/completions "HTTP/1.1 200 OK"

r1_cfg4:  86%|████████▌ | 43/50 [1:04:21<08:07, 69.63s/it]2026-08-17 20:26:52,787 - INFO - HTTP Request: POST http://localhost:8004/v1/chat/completions "HTTP/1.1 200 OK"
2026-08-17 20:26:54,188 - INFO - HTTP Request: POST http://localhost:8004/v1/chat/completions "HTTP/1.1 200 OK"

r1_cfg4:  88%|████████▊ | 44/50 [1:04:30<05:08, 51.44s/it]2026-08-17 20:26:55,495 - INFO - HTTP Request: POST http://localhost:8004/v1/chat/completions "HTTP/1.1 200 OK"
2026-08-17 20:27:04,783 - INFO - HTTP Request: POST http://localhost:8004/v1/chat/completions "HTTP/1.1 200 OK"

2026-08-17 20:27:07,828 - INFO - HTTP Request: POST http://localhost:8004/v1/chat/completions "HTTP/1.1 200 OK"
2026-08-17 20:27:09,447 - INFO - HTTP Request: POST http://localhost:8004/v1/chat/completions "HTTP/1.1 200 OK"

2026-08-17 20:27:16,836 - INFO - HTTP Request: POST http://localhost:8004/v1/chat/completions "HTTP/1.1 200 OK"
2026-08-17 20:27:21,284 - INFO - HTTP Request: POST http://localhost:8004/v1/chat/completions "HTTP/1.1 200 OK"

2026-08-17 20:27:26,065 - INFO - HTTP Request: POST http://localhost:8004/v1/chat/completions "HTTP/1.1 200 OK"

2026-08-17 20:27:31,273 - INFO - HTTP Request: POST http://localhost:8004/v1/chat/completions "HTTP/1.1 200 OK"
2026-08-17 20:27:36,269 - INFO - HTTP Request: POST http://localhost:8004/v1/chat/completions "HTTP/1.1 200 OK"
2026-08-17 20:27:43,168 - INFO - HTTP Request: POST http://localhost:8004/v1/chat/completions "HTTP/1.1 200 OK"

2026-08-17 20:27:48,170 - INFO - HTTP Request: POST http://localhost:8004/v1/chat/completions "HTTP/1.1 200 OK"
2026-08-17 20:27:49,142 - INFO - HTTP Request: POST http://localhost:8004/v1/chat/completions "HTTP/1.1 200 OK"

2026-08-17 20:27:53,272 - INFO - HTTP Request: POST http://localhost:8004/v1/chat/completions "HTTP/1.1 200 OK"
2026-08-17 20:28:00,333 - INFO - HTTP Request: POST http://localhost:8004/v1/chat/completions "HTTP/1.1 200 OK"

2026-08-17 20:28:07,290 - INFO - HTTP Request: POST http://localhost:8004/v1/chat/completions "HTTP/1.1 200 OK"

2026-08-17 20:28:08,160 - INFO - HTTP Request: POST http://localhost:8004/v1/chat/completions "HTTP/1.1 200 OK"
2026-08-17 20:28:14,123 - INFO - HTTP Request: POST http://localhost:8004/v1/chat/completions "HTTP/1.1 200 OK"
2026-08-17 20:28:22,327 - INFO - HTTP Request: POST http://localhost:8004/v1/chat/completions "HTTP/1.1 200 OK"

2026-08-17 20:28:25,379 - INFO - HTTP Request: POST http://localhost:8004/v1/chat/completions "HTTP/1.1 200 OK"
2026-08-17 20:28:25,596 - INFO - HTTP Request: POST http://localhost:8004/v1/chat/completions "HTTP/1.1 200 OK"

2026-08-17 20:28:32,655 - INFO - HTTP Request: POST http://localhost:8004/v1/chat/completions "HTTP/1.1 200 OK"
2026-08-17 20:28:40,588 - INFO - HTTP Request: POST http://localhost:8004/v1/chat/completions "HTTP/1.1 200 OK"

2026-08-17 20:28:45,592 - INFO - HTTP Request: POST http://localhost:8004/v1/chat/completions "HTTP/1.1 200 OK"

2026-08-17 20:28:46,902 - INFO - HTTP Request: POST http://localhost:8004/v1/chat/completions "HTTP/1.1 200 OK"
2026-08-17 20:28:50,688 - INFO - HTTP Request: POST http://localhost:8004/v1/chat/completions "HTTP/1.1 200 OK"
2026-08-17 20:28:59,758 - INFO - HTTP Request: POST http://localhost:8004/v1/chat/completions "HTTP/1.1 200 OK"

2026-08-17 20:29:03,896 - INFO - HTTP Request: POST http://localhost:8004/v1/chat/completions "HTTP/1.1 200 OK"

2026-08-17 20:29:05,206 - INFO - HTTP Request: POST http://localhost:8004/v1/chat/completions "HTTP/1.1 200 OK"
2026-08-17 20:29:10,735 - INFO - HTTP Request: POST http://localhost:8004/v1/chat/completions "HTTP/1.1 200 OK"
2026-08-17 20:29:18,229 - INFO - HTTP Request: POST http://localhost:8004/v1/chat/completions "HTTP/1.1 200 OK"

2026-08-17 20:29:20,195 - INFO - HTTP Request: POST http://localhost:8004/v1/chat/completions "HTTP/1.1 200 OK"
2026-08-17 20:29:23,119 - INFO - HTTP Request: POST http://localhost:8004/v1/chat/completions "HTTP/1.1 200 OK"

2026-08-17 20:29:24,649 - INFO - HTTP Request: POST http://localhost:8004/v1/chat/completions "HTTP/1.1 200 OK"
2026-08-17 20:29:33,722 - INFO - HTTP Request: POST http://localhost:8004/v1/chat/completions "HTTP/1.1 200 OK"

2026-08-17 20:29:36,550 - INFO - HTTP Request: POST http://localhost:8004/v1/chat/completions "HTTP/1.1 200 OK"

2026-08-17 20:29:38,722 - INFO - HTTP Request: POST http://localhost:8004/v1/chat/completions "HTTP/1.1 200 OK"
2026-08-17 20:29:43,598 - INFO - HTTP Request: POST http://localhost:8004/v1/chat/completions "HTTP/1.1 200 OK"
2026-08-17 20:29:50,221 - INFO - HTTP Request: POST http://localhost:8004/v1/chat/completions "HTTP/1.1 200 OK"

2026-08-17 20:29:54,137 - INFO - HTTP Request: POST http://localhost:8004/v1/chat/completions "HTTP/1.1 200 OK"

2026-08-17 20:30:03,031 - INFO - HTTP Request: POST http://localhost:8004/v1/chat/completions "HTTP/1.1 200 OK"
2026-08-17 20:30:06,166 - INFO - HTTP Request: POST http://localhost:8004/v1/chat/completions "HTTP/1.1 200 OK"
2026-08-17 20:30:16,544 - INFO - HTTP Request: POST http://localhost:8004/v1/chat/completions "HTTP/1.1 200 OK"

2026-08-17 20:30:16,762 - INFO - HTTP Request: POST http://localhost:8004/v1/chat/completions "HTTP/1.1 200 OK"

2026-08-17 20:30:19,586 - INFO - HTTP Request: POST http://localhost:8004/v1/chat/completions "HTTP/1.1 200 OK"
2026-08-17 20:30:23,810 - INFO - HTTP Request: POST http://localhost:8004/v1/chat/completions "HTTP/1.1 200 OK"
2026-08-17 20:30:33,478 - INFO - HTTP Request: POST http://localhost:8004/v1/chat/completions "HTTP/1.1 200 OK"

2026-08-17 20:30:37,176 - INFO - HTTP Request: POST http://localhost:8004/v1/chat/completions "HTTP/1.1 200 OK"
2026-08-17 20:30:37,393 - INFO - HTTP Request: POST http://localhost:8004/v1/chat/completions "HTTP/1.1 200 OK"
2026-08-17 20:30:41,133 - INFO - HTTP Request: POST http://localhost:8004/v1/chat/completions "HTTP/1.1 200 OK"

2026-08-17 20:30:49,622 - INFO - HTTP Request: POST http://localhost:8004/v1/chat/completions "HTTP/1.1 200 OK"

2026-08-17 20:30:50,495 - INFO - HTTP Request: POST http://localhost:8004/v1/chat/completions "HTTP/1.1 200 OK"

2026-08-17 20:30:54,186 - INFO - HTTP Request: POST http://localhost:8004/v1/chat/completions "HTTP/1.1 200 OK"
2026-08-17 20:31:01,461 - INFO - HTTP Request: POST http://localhost:8004/v1/chat/completions "HTTP/1.1 200 OK"
2026-08-17 20:31:07,438 - INFO - HTTP Request: POST http://localhost:8004/v1/chat/completions "HTTP/1.1 200 OK"

2026-08-17 20:31:11,136 - INFO - HTTP Request: POST http://localhost:8004/v1/chat/completions "HTTP/1.1 200 OK"

2026-08-17 20:31:19,385 - INFO - HTTP Request: POST http://localhost:8004/v1/chat/completions "HTTP/1.1 200 OK"
2026-08-17 20:31:20,571 - INFO - HTTP Request: POST http://localhost:8004/v1/chat/completions "HTTP/1.1 200 OK"
2026-08-17 20:31:30,745 - INFO - HTTP Request: POST http://localhost:8004/v1/chat/completions "HTTP/1.1 200 OK"

2026-08-17 20:31:33,364 - INFO - HTTP Request: POST http://localhost:8004/v1/chat/completions "HTTP/1.1 200 OK"

2026-08-17 20:31:37,281 - INFO - HTTP Request: POST http://localhost:8004/v1/chat/completions "HTTP/1.1 200 OK"
2026-08-17 20:31:41,293 - INFO - HTTP Request: POST http://localhost:8004/v1/chat/completions "HTTP/1.1 200 OK"
2026-08-17 20:31:49,879 - INFO - HTTP Request: POST http://localhost:8004/v1/chat/completions "HTTP/1.1 200 OK"

2026-08-17 20:31:58,803 - INFO - HTTP Request: POST http://localhost:8004/v1/chat/completions "HTTP/1.1 200 OK"

2026-08-17 20:32:04,021 - INFO - HTTP Request: POST http://localhost:8004/v1/chat/completions "HTTP/1.1 200 OK"
2026-08-17 20:32:07,005 - INFO - HTTP Request: POST http://localhost:8004/v1/chat/completions "HTTP/1.1 200 OK"
2026-08-17 20:32:15,813 - INFO - HTTP Request: POST http://localhost:8004/v1/chat/completions "HTTP/1.1 200 OK"

r1_cfg4:  90%|█████████ | 45/50 [1:09:52<11:02, 132.50s/it]2026-08-17 20:32:18,642 - INFO - HTTP Request: POST http://localhost:8004/v1/chat/completions "HTTP/1.1 200 OK"

r1_cfg4:  92%|█████████▏| 46/50 [1:09:54<06:14, 93.60s/it] 2026-08-17 20:32:23,640 - INFO - HTTP Request: POST http://localhost:8004/v1/chat/completions "HTTP/1.1 200 OK"
2026-08-17 20:32:32,434 - INFO - HTTP Request: POST http://localhost:8004/v1/chat/completions "HTTP/1.1 200 OK"
2026-08-17 20:32:36,889 - INFO - HTTP Request: POST http://localhost:8004/v1/chat/completions "HTTP/1.1 200 OK"

r1_cfg4:  94%|█████████▍| 47/50 [1:10:13<03:32, 70.99s/it]2026-08-17 20:32:38,193 - INFO - HTTP Request: POST http://localhost:8004/v1/chat/completions "HTTP/1.1 200 OK"
2026-08-17 20:32:41,562 - INFO - HTTP Request: POST http://localhost:8004/v1/chat/completions "HTTP/1.1 200 OK"
2026-08-17 20:32:47,116 - INFO - HTTP Request: POST http://localhost:8004/v1/chat/completions "HTTP/1.1 200 OK"

2026-08-17 20:32:50,382 - INFO - HTTP Request: POST http://localhost:8004/v1/chat/completions "HTTP/1.1 200 OK"

r1_cfg4:  96%|█████████▌| 48/50 [1:10:26<01:47, 53.74s/it]2026-08-17 20:32:54,722 - INFO - HTTP Request: POST http://localhost:8004/v1/chat/completions "HTTP/1.1 200 OK"

2026-08-17 20:33:12,950 - INFO - HTTP Request: POST http://localhost:8004/v1/chat/completions "HTTP/1.1 200 OK"
2026-08-17 20:33:20,744 - INFO - HTTP Request: POST http://localhost:8004/v1/chat/completions "HTTP/1.1 200 OK"
2026-08-17 20:33:26,154 - INFO - HTTP Request: POST http://localhost:8004/v1/chat/completions "HTTP/1.1 200 OK"

2026-08-17 20:33:34,659 - INFO - HTTP Request: POST http://localhost:8004/v1/chat/completions "HTTP/1.1 200 OK"

2026-08-17 20:33:50,069 - INFO - HTTP Request: POST http://localhost:8004/v1/chat/completions "HTTP/1.1 200 OK"
2026-08-17 20:33:58,951 - INFO - HTTP Request: POST http://localhost:8004/v1/chat/completions "HTTP/1.1 200 OK"
2026-08-17 20:34:04,359 - INFO - HTTP Request: POST http://localhost:8004/v1/chat/completions "HTTP/1.1 200 OK"

2026-08-17 20:34:11,344 - INFO - HTTP Request: POST http://localhost:8004/v1/chat/completions "HTTP/1.1 200 OK"

2026-08-17 20:34:27,407 - INFO - HTTP Request: POST http://localhost:8004/v1/chat/completions "HTTP/1.1 200 OK"
2026-08-17 20:34:35,263 - INFO - HTTP Request: POST http://localhost:8004/v1/chat/completions "HTTP/1.1 200 OK"
2026-08-17 20:34:39,966 - INFO - HTTP Request: POST http://localhost:8004/v1/chat/completions "HTTP/1.1 200 OK"

2026-08-17 20:34:47,392 - INFO - HTTP Request: POST http://localhost:8004/v1/chat/completions "HTTP/1.1 200 OK"

2026-08-17 20:34:59,346 - INFO - HTTP Request: POST http://localhost:8004/v1/chat/completions "HTTP/1.1 200 OK"
2026-08-17 20:35:07,141 - INFO - HTTP Request: POST http://localhost:8004/v1/chat/completions "HTTP/1.1 200 OK"
2026-08-17 20:35:08,637 - INFO - HTTP Request: POST http://localhost:8004/v1/chat/completions "HTTP/1.1 200 OK"

2026-08-17 20:35:18,879 - INFO - HTTP Request: POST http://localhost:8004/v1/chat/completions "HTTP/1.1 200 OK"

2026-08-17 20:35:36,891 - INFO - HTTP Request: POST http://localhost:8004/v1/chat/completions "HTTP/1.1 200 OK"
2026-08-17 20:35:47,451 - INFO - HTTP Request: POST http://localhost:8004/v1/chat/completions "HTTP/1.1 200 OK"
2026-08-17 20:35:52,153 - INFO - HTTP Request: POST http://localhost:8004/v1/chat/completions "HTTP/1.1 200 OK"

2026-08-17 20:35:57,836 - INFO - HTTP Request: POST http://localhost:8004/v1/chat/completions "HTTP/1.1 200 OK"

2026-08-17 20:36:11,732 - INFO - HTTP Request: POST http://localhost:8004/v1/chat/completions "HTTP/1.1 200 OK"
2026-08-17 20:36:17,788 - INFO - HTTP Request: POST http://localhost:8004/v1/chat/completions "HTTP/1.1 200 OK"
2026-08-17 20:36:20,805 - INFO - HTTP Request: POST http://localhost:8004/v1/chat/completions "HTTP/1.1 200 OK"

2026-08-17 20:36:33,000 - INFO - HTTP Request: POST http://localhost:8004/v1/chat/completions "HTTP/1.1 200 OK"

2026-08-17 20:36:49,497 - INFO - HTTP Request: POST http://localhost:8004/v1/chat/completions "HTTP/1.1 200 OK"
2026-08-17 20:37:00,982 - INFO - HTTP Request: POST http://localhost:8004/v1/chat/completions "HTTP/1.1 200 OK"

2026-08-17 20:37:01,887 - INFO - HTTP Request: POST http://localhost:8004/v1/chat/completions "HTTP/1.1 200 OK"
2026-08-17 20:37:18,795 - INFO - HTTP Request: POST http://localhost:8004/v1/chat/completions "HTTP/1.1 200 OK"

2026-08-17 20:37:33,126 - INFO - HTTP Request: POST http://localhost:8004/v1/chat/completions "HTTP/1.1 200 OK"
2026-08-17 20:37:44,107 - INFO - HTTP Request: POST http://localhost:8004/v1/chat/completions "HTTP/1.1 200 OK"

r1_cfg4:  98%|█████████▊| 49/50 [1:15:20<02:05, 125.74s/it]2026-08-17 20:37:45,586 - INFO - HTTP Request: POST http://localhost:8004/v1/chat/completions "HTTP/1.1 200 OK"
2026-08-17 20:37:48,525 - INFO - HTTP Request: POST http://localhost:8004/v1/chat/completions "HTTP/1.1 200 OK"

r1_cfg4: 100%|██████████| 50/50 [1:15:24<00:00, 89.34s/it] r1_cfg4: 100%|██████████| 50/50 [1:15:25<00:00, 90.50s/it]
  done in 4525.1s (valid 50/50, invalid {})

Scored 1 model/s.
Report:  /LAB/Swiss-Knife/tribunal/bayes_search_honesty/eval_results/round1/r1_cfg4/report/index.html
Tables:  /LAB/Swiss-Knife/tribunal/bayes_search_honesty/eval_results/round1/r1_cfg4/model_summary.csv, /LAB/Swiss-Knife/tribunal/bayes_search_honesty/eval_results/round1/r1_cfg4/summary.csv
