2026-08-17 10:04:11,015 - INFO - Judge client pointed at http://localhost:8007/v1
2026-08-17 10:04:14,341 - INFO - Loading Detoxify model (CPU)
2026-08-17 10:04:18,100 - INFO - HTTP Request: HEAD https://huggingface.co/bert-base-uncased/resolve/main/config.json "HTTP/1.1 200 OK"
input:  /LAB/Swiss-Knife/tribunal/bayes_search_honesty/eval_results/round0/r0_cfg20/_tribunal_input_tmp (1 model file/s)
output: /LAB/Swiss-Knife/tribunal/bayes_search_honesty/eval_results/round0/r0_cfg20
judge:  Qwen/Qwen2.5-32B-Instruct @ http://localhost:8007/v1
detoxify cross-check: True
Loading weights:   0%|          | 0/201 [00:00<?, ?it/s]Loading weights: 100%|██████████| 201/201 [00:00<00:00, 33018.25it/s]
2026-08-17 10:04:18,428 - INFO - HTTP Request: HEAD https://huggingface.co/bert-base-uncased/resolve/main/tokenizer_config.json "HTTP/1.1 200 OK"
Warning: You are sending unauthenticated requests to the HF Hub. Please set a HF_TOKEN to enable higher rate limits and faster downloads.
2026-08-17 10:04:18,429 - WARNING - Warning: You are sending unauthenticated requests to the HF Hub. Please set a HF_TOKEN to enable higher rate limits and faster downloads.
2026-08-17 10:04:18,658 - INFO - HTTP Request: GET https://huggingface.co/api/models/bert-base-uncased/tree/main/additional_chat_templates?recursive=false&expand=false "HTTP/1.1 307 Temporary Redirect"
2026-08-17 10:04:18,881 - INFO - HTTP Request: GET https://huggingface.co/api/models/google-bert/bert-base-uncased/tree/main/additional_chat_templates?recursive=false&expand=false "HTTP/1.1 404 Not Found"
2026-08-17 10:04:19,106 - INFO - HTTP Request: GET https://huggingface.co/api/models/bert-base-uncased/tree/main?recursive=true&expand=false "HTTP/1.1 307 Temporary Redirect"
2026-08-17 10:04:19,318 - INFO - HTTP Request: GET https://huggingface.co/api/models/google-bert/bert-base-uncased/tree/main?recursive=true&expand=false "HTTP/1.1 200 OK"

[1/1] r0_cfg20
  scoring 50 records (0 skipped or cached) [workers=4]
r0_cfg20:   0%|          | 0/50 [00:00<?, ?it/s]2026-08-17 10:04:41,301 - INFO - HTTP Request: POST http://localhost:8007/v1/chat/completions "HTTP/1.1 200 OK"
2026-08-17 10:04:41,518 - INFO - HTTP Request: POST http://localhost:8007/v1/chat/completions "HTTP/1.1 200 OK"
2026-08-17 10:04:41,519 - INFO - HTTP Request: POST http://localhost:8007/v1/chat/completions "HTTP/1.1 200 OK"
2026-08-17 10:04:42,102 - INFO - HTTP Request: POST http://localhost:8007/v1/chat/completions "HTTP/1.1 200 OK"
2026-08-17 10:04:51,742 - INFO - HTTP Request: POST http://localhost:8007/v1/chat/completions "HTTP/1.1 200 OK"

2026-08-17 10:04:51,958 - INFO - HTTP Request: POST http://localhost:8007/v1/chat/completions "HTTP/1.1 200 OK"

2026-08-17 10:04:54,634 - INFO - HTTP Request: POST http://localhost:8007/v1/chat/completions "HTTP/1.1 200 OK"

2026-08-17 10:04:57,020 - INFO - HTTP Request: POST http://localhost:8007/v1/chat/completions "HTTP/1.1 200 OK"

2026-08-17 10:05:17,828 - INFO - HTTP Request: POST http://localhost:8007/v1/chat/completions "HTTP/1.1 200 OK"
2026-08-17 10:05:18,042 - INFO - HTTP Request: POST http://localhost:8007/v1/chat/completions "HTTP/1.1 200 OK"
2026-08-17 10:05:21,475 - INFO - HTTP Request: POST http://localhost:8007/v1/chat/completions "HTTP/1.1 200 OK"
2026-08-17 10:05:24,240 - INFO - HTTP Request: POST http://localhost:8007/v1/chat/completions "HTTP/1.1 200 OK"
2026-08-17 10:05:32,659 - INFO - HTTP Request: POST http://localhost:8007/v1/chat/completions "HTTP/1.1 200 OK"

2026-08-17 10:05:34,887 - INFO - HTTP Request: POST http://localhost:8007/v1/chat/completions "HTTP/1.1 200 OK"

2026-08-17 10:05:35,104 - INFO - HTTP Request: POST http://localhost:8007/v1/chat/completions "HTTP/1.1 200 OK"

2026-08-17 10:05:35,540 - INFO - HTTP Request: POST http://localhost:8007/v1/chat/completions "HTTP/1.1 200 OK"

2026-08-17 10:05:57,013 - INFO - HTTP Request: POST http://localhost:8007/v1/chat/completions "HTTP/1.1 200 OK"
2026-08-17 10:05:59,631 - INFO - HTTP Request: POST http://localhost:8007/v1/chat/completions "HTTP/1.1 200 OK"
2026-08-17 10:05:59,848 - INFO - HTTP Request: POST http://localhost:8007/v1/chat/completions "HTTP/1.1 200 OK"
2026-08-17 10:06:00,913 - INFO - HTTP Request: POST http://localhost:8007/v1/chat/completions "HTTP/1.1 200 OK"
2026-08-17 10:06:11,570 - INFO - HTTP Request: POST http://localhost:8007/v1/chat/completions "HTTP/1.1 200 OK"

2026-08-17 10:06:12,267 - INFO - HTTP Request: POST http://localhost:8007/v1/chat/completions "HTTP/1.1 200 OK"

2026-08-17 10:06:13,364 - INFO - HTTP Request: POST http://localhost:8007/v1/chat/completions "HTTP/1.1 200 OK"

2026-08-17 10:06:14,026 - INFO - HTTP Request: POST http://localhost:8007/v1/chat/completions "HTTP/1.1 200 OK"

2026-08-17 10:06:35,069 - INFO - HTTP Request: POST http://localhost:8007/v1/chat/completions "HTTP/1.1 200 OK"
2026-08-17 10:06:36,160 - INFO - HTTP Request: POST http://localhost:8007/v1/chat/completions "HTTP/1.1 200 OK"
2026-08-17 10:06:37,557 - INFO - HTTP Request: POST http://localhost:8007/v1/chat/completions "HTTP/1.1 200 OK"
2026-08-17 10:06:39,008 - INFO - HTTP Request: POST http://localhost:8007/v1/chat/completions "HTTP/1.1 200 OK"
2026-08-17 10:06:48,815 - INFO - HTTP Request: POST http://localhost:8007/v1/chat/completions "HTTP/1.1 200 OK"

2026-08-17 10:06:49,251 - INFO - HTTP Request: POST http://localhost:8007/v1/chat/completions "HTTP/1.1 200 OK"

2026-08-17 10:06:49,967 - INFO - HTTP Request: POST http://localhost:8007/v1/chat/completions "HTTP/1.1 200 OK"

2026-08-17 10:06:51,713 - INFO - HTTP Request: POST http://localhost:8007/v1/chat/completions "HTTP/1.1 200 OK"

2026-08-17 10:07:08,635 - INFO - HTTP Request: POST http://localhost:8007/v1/chat/completions "HTTP/1.1 200 OK"
2026-08-17 10:07:09,400 - INFO - HTTP Request: POST http://localhost:8007/v1/chat/completions "HTTP/1.1 200 OK"
2026-08-17 10:07:09,728 - INFO - HTTP Request: POST http://localhost:8007/v1/chat/completions "HTTP/1.1 200 OK"
2026-08-17 10:07:12,447 - INFO - HTTP Request: POST http://localhost:8007/v1/chat/completions "HTTP/1.1 200 OK"
2026-08-17 10:07:21,978 - INFO - HTTP Request: POST http://localhost:8007/v1/chat/completions "HTTP/1.1 200 OK"

2026-08-17 10:07:23,136 - INFO - HTTP Request: POST http://localhost:8007/v1/chat/completions "HTTP/1.1 200 OK"

2026-08-17 10:07:23,354 - INFO - HTTP Request: POST http://localhost:8007/v1/chat/completions "HTTP/1.1 200 OK"

2026-08-17 10:07:26,838 - INFO - HTTP Request: POST http://localhost:8007/v1/chat/completions "HTTP/1.1 200 OK"

2026-08-17 10:07:50,714 - INFO - HTTP Request: POST http://localhost:8007/v1/chat/completions "HTTP/1.1 200 OK"
2026-08-17 10:07:52,099 - INFO - HTTP Request: POST http://localhost:8007/v1/chat/completions "HTTP/1.1 200 OK"
2026-08-17 10:07:52,316 - INFO - HTTP Request: POST http://localhost:8007/v1/chat/completions "HTTP/1.1 200 OK"
2026-08-17 10:07:56,438 - INFO - HTTP Request: POST http://localhost:8007/v1/chat/completions "HTTP/1.1 200 OK"
2026-08-17 10:08:03,727 - INFO - HTTP Request: POST http://localhost:8007/v1/chat/completions "HTTP/1.1 200 OK"

2026-08-17 10:08:04,890 - INFO - HTTP Request: POST http://localhost:8007/v1/chat/completions "HTTP/1.1 200 OK"

2026-08-17 10:08:06,634 - INFO - HTTP Request: POST http://localhost:8007/v1/chat/completions "HTTP/1.1 200 OK"

2026-08-17 10:08:09,463 - INFO - HTTP Request: POST http://localhost:8007/v1/chat/completions "HTTP/1.1 200 OK"

2026-08-17 10:08:23,788 - INFO - HTTP Request: POST http://localhost:8007/v1/chat/completions "HTTP/1.1 200 OK"
2026-08-17 10:08:25,188 - INFO - HTTP Request: POST http://localhost:8007/v1/chat/completions "HTTP/1.1 200 OK"
2026-08-17 10:08:27,302 - INFO - HTTP Request: POST http://localhost:8007/v1/chat/completions "HTTP/1.1 200 OK"
2026-08-17 10:08:30,506 - INFO - HTTP Request: POST http://localhost:8007/v1/chat/completions "HTTP/1.1 200 OK"
2026-08-17 10:08:34,968 - INFO - HTTP Request: POST http://localhost:8007/v1/chat/completions "HTTP/1.1 200 OK"

2026-08-17 10:08:37,506 - INFO - HTTP Request: POST http://localhost:8007/v1/chat/completions "HTTP/1.1 200 OK"

2026-08-17 10:08:45,128 - INFO - HTTP Request: POST http://localhost:8007/v1/chat/completions "HTTP/1.1 200 OK"

2026-08-17 10:08:45,563 - INFO - HTTP Request: POST http://localhost:8007/v1/chat/completions "HTTP/1.1 200 OK"

2026-08-17 10:09:04,247 - INFO - HTTP Request: POST http://localhost:8007/v1/chat/completions "HTTP/1.1 200 OK"
2026-08-17 10:09:07,170 - INFO - HTTP Request: POST http://localhost:8007/v1/chat/completions "HTTP/1.1 200 OK"
2026-08-17 10:09:14,939 - INFO - HTTP Request: POST http://localhost:8007/v1/chat/completions "HTTP/1.1 200 OK"
2026-08-17 10:09:15,689 - INFO - HTTP Request: POST http://localhost:8007/v1/chat/completions "HTTP/1.1 200 OK"
2026-08-17 10:09:18,028 - INFO - HTTP Request: POST http://localhost:8007/v1/chat/completions "HTTP/1.1 200 OK"

2026-08-17 10:09:19,472 - INFO - HTTP Request: POST http://localhost:8007/v1/chat/completions "HTTP/1.1 200 OK"

2026-08-17 10:09:27,316 - INFO - HTTP Request: POST http://localhost:8007/v1/chat/completions "HTTP/1.1 200 OK"

2026-08-17 10:09:29,717 - INFO - HTTP Request: POST http://localhost:8007/v1/chat/completions "HTTP/1.1 200 OK"

2026-08-17 10:09:49,477 - INFO - HTTP Request: POST http://localhost:8007/v1/chat/completions "HTTP/1.1 200 OK"
2026-08-17 10:09:53,052 - INFO - HTTP Request: POST http://localhost:8007/v1/chat/completions "HTTP/1.1 200 OK"
2026-08-17 10:10:00,771 - INFO - HTTP Request: POST http://localhost:8007/v1/chat/completions "HTTP/1.1 200 OK"
2026-08-17 10:10:02,821 - INFO - HTTP Request: POST http://localhost:8007/v1/chat/completions "HTTP/1.1 200 OK"

2026-08-17 10:10:02,822 - INFO - HTTP Request: POST http://localhost:8007/v1/chat/completions "HTTP/1.1 200 OK"

r0_cfg20:   2%|▏         | 1/50 [05:43<4:40:28, 343.43s/it]2026-08-17 10:10:04,130 - INFO - HTTP Request: POST http://localhost:8007/v1/chat/completions "HTTP/1.1 200 OK"
2026-08-17 10:10:20,117 - INFO - HTTP Request: POST http://localhost:8007/v1/chat/completions "HTTP/1.1 200 OK"

r0_cfg20:   6%|▌         | 3/50 [06:00<1:14:45, 95.44s/it] 2026-08-17 10:10:22,727 - INFO - HTTP Request: POST http://localhost:8007/v1/chat/completions "HTTP/1.1 200 OK"

r0_cfg20:   8%|▊         | 4/50 [06:03<48:32, 63.32s/it]  2026-08-17 10:10:24,897 - INFO - HTTP Request: POST http://localhost:8007/v1/chat/completions "HTTP/1.1 200 OK"
2026-08-17 10:10:25,114 - INFO - HTTP Request: POST http://localhost:8007/v1/chat/completions "HTTP/1.1 200 OK"
2026-08-17 10:10:36,892 - INFO - HTTP Request: POST http://localhost:8007/v1/chat/completions "HTTP/1.1 200 OK"

2026-08-17 10:10:39,285 - INFO - HTTP Request: POST http://localhost:8007/v1/chat/completions "HTTP/1.1 200 OK"

2026-08-17 10:10:42,756 - INFO - HTTP Request: POST http://localhost:8007/v1/chat/completions "HTTP/1.1 200 OK"
2026-08-17 10:10:45,682 - INFO - HTTP Request: POST http://localhost:8007/v1/chat/completions "HTTP/1.1 200 OK"
2026-08-17 10:10:53,231 - INFO - HTTP Request: POST http://localhost:8007/v1/chat/completions "HTTP/1.1 200 OK"

2026-08-17 10:10:54,972 - INFO - HTTP Request: POST http://localhost:8007/v1/chat/completions "HTTP/1.1 200 OK"

2026-08-17 10:11:03,650 - INFO - HTTP Request: POST http://localhost:8007/v1/chat/completions "HTTP/1.1 200 OK"
2026-08-17 10:11:06,358 - INFO - HTTP Request: POST http://localhost:8007/v1/chat/completions "HTTP/1.1 200 OK"
2026-08-17 10:11:15,437 - INFO - HTTP Request: POST http://localhost:8007/v1/chat/completions "HTTP/1.1 200 OK"

2026-08-17 10:11:17,613 - INFO - HTTP Request: POST http://localhost:8007/v1/chat/completions "HTTP/1.1 200 OK"

2026-08-17 10:11:20,001 - INFO - HTTP Request: POST http://localhost:8007/v1/chat/completions "HTTP/1.1 200 OK"
2026-08-17 10:11:21,894 - INFO - HTTP Request: POST http://localhost:8007/v1/chat/completions "HTTP/1.1 200 OK"
2026-08-17 10:11:34,518 - INFO - HTTP Request: POST http://localhost:8007/v1/chat/completions "HTTP/1.1 200 OK"

2026-08-17 10:11:34,735 - INFO - HTTP Request: POST http://localhost:8007/v1/chat/completions "HTTP/1.1 200 OK"

2026-08-17 10:11:40,595 - INFO - HTTP Request: POST http://localhost:8007/v1/chat/completions "HTTP/1.1 200 OK"
2026-08-17 10:11:43,084 - INFO - HTTP Request: POST http://localhost:8007/v1/chat/completions "HTTP/1.1 200 OK"
2026-08-17 10:11:53,249 - INFO - HTTP Request: POST http://localhost:8007/v1/chat/completions "HTTP/1.1 200 OK"

2026-08-17 10:11:54,346 - INFO - HTTP Request: POST http://localhost:8007/v1/chat/completions "HTTP/1.1 200 OK"

2026-08-17 10:11:59,559 - INFO - HTTP Request: POST http://localhost:8007/v1/chat/completions "HTTP/1.1 200 OK"
2026-08-17 10:11:59,776 - INFO - HTTP Request: POST http://localhost:8007/v1/chat/completions "HTTP/1.1 200 OK"
2026-08-17 10:12:10,955 - INFO - HTTP Request: POST http://localhost:8007/v1/chat/completions "HTTP/1.1 200 OK"

2026-08-17 10:12:16,396 - INFO - HTTP Request: POST http://localhost:8007/v1/chat/completions "HTTP/1.1 200 OK"

2026-08-17 10:12:17,923 - INFO - HTTP Request: POST http://localhost:8007/v1/chat/completions "HTTP/1.1 200 OK"
2026-08-17 10:12:19,655 - INFO - HTTP Request: POST http://localhost:8007/v1/chat/completions "HTTP/1.1 200 OK"
2026-08-17 10:12:30,906 - INFO - HTTP Request: POST http://localhost:8007/v1/chat/completions "HTTP/1.1 200 OK"

2026-08-17 10:12:32,220 - INFO - HTTP Request: POST http://localhost:8007/v1/chat/completions "HTTP/1.1 200 OK"

2026-08-17 10:12:35,263 - INFO - HTTP Request: POST http://localhost:8007/v1/chat/completions "HTTP/1.1 200 OK"
2026-08-17 10:12:41,667 - INFO - HTTP Request: POST http://localhost:8007/v1/chat/completions "HTTP/1.1 200 OK"
2026-08-17 10:12:48,187 - INFO - HTTP Request: POST http://localhost:8007/v1/chat/completions "HTTP/1.1 200 OK"

2026-08-17 10:12:51,456 - INFO - HTTP Request: POST http://localhost:8007/v1/chat/completions "HTTP/1.1 200 OK"
2026-08-17 10:12:52,641 - INFO - HTTP Request: POST http://localhost:8007/v1/chat/completions "HTTP/1.1 200 OK"
2026-08-17 10:12:55,412 - INFO - HTTP Request: POST http://localhost:8007/v1/chat/completions "HTTP/1.1 200 OK"

2026-08-17 10:13:04,778 - INFO - HTTP Request: POST http://localhost:8007/v1/chat/completions "HTTP/1.1 200 OK"

2026-08-17 10:13:06,519 - INFO - HTTP Request: POST http://localhost:8007/v1/chat/completions "HTTP/1.1 200 OK"

2026-08-17 10:13:08,256 - INFO - HTTP Request: POST http://localhost:8007/v1/chat/completions "HTTP/1.1 200 OK"
2026-08-17 10:13:15,580 - INFO - HTTP Request: POST http://localhost:8007/v1/chat/completions "HTTP/1.1 200 OK"
2026-08-17 10:13:21,341 - INFO - HTTP Request: POST http://localhost:8007/v1/chat/completions "HTTP/1.1 200 OK"

2026-08-17 10:13:25,688 - INFO - HTTP Request: POST http://localhost:8007/v1/chat/completions "HTTP/1.1 200 OK"

2026-08-17 10:13:34,152 - INFO - HTTP Request: POST http://localhost:8007/v1/chat/completions "HTTP/1.1 200 OK"
2026-08-17 10:13:36,201 - INFO - HTTP Request: POST http://localhost:8007/v1/chat/completions "HTTP/1.1 200 OK"
2026-08-17 10:13:49,406 - INFO - HTTP Request: POST http://localhost:8007/v1/chat/completions "HTTP/1.1 200 OK"

2026-08-17 10:13:50,714 - INFO - HTTP Request: POST http://localhost:8007/v1/chat/completions "HTTP/1.1 200 OK"

2026-08-17 10:13:50,715 - INFO - HTTP Request: POST http://localhost:8007/v1/chat/completions "HTTP/1.1 200 OK"
2026-08-17 10:13:55,431 - INFO - HTTP Request: POST http://localhost:8007/v1/chat/completions "HTTP/1.1 200 OK"
2026-08-17 10:14:04,013 - INFO - HTTP Request: POST http://localhost:8007/v1/chat/completions "HTTP/1.1 200 OK"

2026-08-17 10:14:05,321 - INFO - HTTP Request: POST http://localhost:8007/v1/chat/completions "HTTP/1.1 200 OK"

2026-08-17 10:14:10,097 - INFO - HTTP Request: POST http://localhost:8007/v1/chat/completions "HTTP/1.1 200 OK"
2026-08-17 10:14:11,774 - INFO - HTTP Request: POST http://localhost:8007/v1/chat/completions "HTTP/1.1 200 OK"
2026-08-17 10:14:23,195 - INFO - HTTP Request: POST http://localhost:8007/v1/chat/completions "HTTP/1.1 200 OK"

2026-08-17 10:14:24,286 - INFO - HTTP Request: POST http://localhost:8007/v1/chat/completions "HTTP/1.1 200 OK"

2026-08-17 10:14:24,720 - INFO - HTTP Request: POST http://localhost:8007/v1/chat/completions "HTTP/1.1 200 OK"
2026-08-17 10:14:26,399 - INFO - HTTP Request: POST http://localhost:8007/v1/chat/completions "HTTP/1.1 200 OK"
2026-08-17 10:14:35,485 - INFO - HTTP Request: POST http://localhost:8007/v1/chat/completions "HTTP/1.1 200 OK"

2026-08-17 10:14:38,099 - INFO - HTTP Request: POST http://localhost:8007/v1/chat/completions "HTTP/1.1 200 OK"

2026-08-17 10:14:53,077 - INFO - HTTP Request: POST http://localhost:8007/v1/chat/completions "HTTP/1.1 200 OK"
2026-08-17 10:14:54,483 - INFO - HTTP Request: POST http://localhost:8007/v1/chat/completions "HTTP/1.1 200 OK"
2026-08-17 10:15:05,302 - INFO - HTTP Request: POST http://localhost:8007/v1/chat/completions "HTTP/1.1 200 OK"
2026-08-17 10:15:07,635 - INFO - HTTP Request: POST http://localhost:8007/v1/chat/completions "HTTP/1.1 200 OK"

2026-08-17 10:15:08,299 - INFO - HTTP Request: POST http://localhost:8007/v1/chat/completions "HTTP/1.1 200 OK"
2026-08-17 10:15:12,376 - INFO - HTTP Request: POST http://localhost:8007/v1/chat/completions "HTTP/1.1 200 OK"

2026-08-17 10:15:17,829 - INFO - HTTP Request: POST http://localhost:8007/v1/chat/completions "HTTP/1.1 200 OK"

2026-08-17 10:15:20,230 - INFO - HTTP Request: POST http://localhost:8007/v1/chat/completions "HTTP/1.1 200 OK"

2026-08-17 10:15:40,422 - INFO - HTTP Request: POST http://localhost:8007/v1/chat/completions "HTTP/1.1 200 OK"
2026-08-17 10:15:45,872 - INFO - HTTP Request: POST http://localhost:8007/v1/chat/completions "HTTP/1.1 200 OK"
2026-08-17 10:15:51,034 - INFO - HTTP Request: POST http://localhost:8007/v1/chat/completions "HTTP/1.1 200 OK"

r0_cfg20:  10%|█         | 5/50 [11:31<1:53:13, 150.98s/it]2026-08-17 10:15:51,251 - INFO - HTTP Request: POST http://localhost:8007/v1/chat/completions "HTTP/1.1 200 OK"
2026-08-17 10:15:54,453 - INFO - HTTP Request: POST http://localhost:8007/v1/chat/completions "HTTP/1.1 200 OK"
2026-08-17 10:16:00,276 - INFO - HTTP Request: POST http://localhost:8007/v1/chat/completions "HTTP/1.1 200 OK"

r0_cfg20:  12%|█▏        | 6/50 [11:40<1:17:21, 105.49s/it]2026-08-17 10:16:06,594 - INFO - HTTP Request: POST http://localhost:8007/v1/chat/completions "HTTP/1.1 200 OK"

r0_cfg20:  14%|█▍        | 7/50 [11:47<53:15, 74.32s/it]   2026-08-17 10:16:12,466 - INFO - HTTP Request: POST http://localhost:8007/v1/chat/completions "HTTP/1.1 200 OK"

r0_cfg20:  16%|█▌        | 8/50 [11:53<37:10, 53.11s/it]2026-08-17 10:16:13,552 - INFO - HTTP Request: POST http://localhost:8007/v1/chat/completions "HTTP/1.1 200 OK"
2026-08-17 10:16:22,537 - INFO - HTTP Request: POST http://localhost:8007/v1/chat/completions "HTTP/1.1 200 OK"
2026-08-17 10:16:27,465 - INFO - HTTP Request: POST http://localhost:8007/v1/chat/completions "HTTP/1.1 200 OK"

2026-08-17 10:16:28,770 - INFO - HTTP Request: POST http://localhost:8007/v1/chat/completions "HTTP/1.1 200 OK"
2026-08-17 10:16:32,563 - INFO - HTTP Request: POST http://localhost:8007/v1/chat/completions "HTTP/1.1 200 OK"

2026-08-17 10:16:35,172 - INFO - HTTP Request: POST http://localhost:8007/v1/chat/completions "HTTP/1.1 200 OK"
2026-08-17 10:16:43,583 - INFO - HTTP Request: POST http://localhost:8007/v1/chat/completions "HTTP/1.1 200 OK"

2026-08-17 10:16:49,231 - INFO - HTTP Request: POST http://localhost:8007/v1/chat/completions "HTTP/1.1 200 OK"

2026-08-17 10:16:54,006 - INFO - HTTP Request: POST http://localhost:8007/v1/chat/completions "HTTP/1.1 200 OK"
2026-08-17 10:16:59,083 - INFO - HTTP Request: POST http://localhost:8007/v1/chat/completions "HTTP/1.1 200 OK"
2026-08-17 10:17:03,362 - INFO - HTTP Request: POST http://localhost:8007/v1/chat/completions "HTTP/1.1 200 OK"

2026-08-17 10:17:10,098 - INFO - HTTP Request: POST http://localhost:8007/v1/chat/completions "HTTP/1.1 200 OK"
2026-08-17 10:17:11,283 - INFO - HTTP Request: POST http://localhost:8007/v1/chat/completions "HTTP/1.1 200 OK"

2026-08-17 10:17:16,067 - INFO - HTTP Request: POST http://localhost:8007/v1/chat/completions "HTTP/1.1 200 OK"
2026-08-17 10:17:22,809 - INFO - HTTP Request: POST http://localhost:8007/v1/chat/completions "HTTP/1.1 200 OK"

2026-08-17 10:17:27,155 - INFO - HTTP Request: POST http://localhost:8007/v1/chat/completions "HTTP/1.1 200 OK"
2026-08-17 10:17:27,889 - INFO - HTTP Request: POST http://localhost:8007/v1/chat/completions "HTTP/1.1 200 OK"

2026-08-17 10:17:36,220 - INFO - HTTP Request: POST http://localhost:8007/v1/chat/completions "HTTP/1.1 200 OK"
2026-08-17 10:17:39,627 - INFO - HTTP Request: POST http://localhost:8007/v1/chat/completions "HTTP/1.1 200 OK"

2026-08-17 10:17:46,152 - INFO - HTTP Request: POST http://localhost:8007/v1/chat/completions "HTTP/1.1 200 OK"

2026-08-17 10:17:47,679 - INFO - HTTP Request: POST http://localhost:8007/v1/chat/completions "HTTP/1.1 200 OK"
2026-08-17 10:17:52,775 - INFO - HTTP Request: POST http://localhost:8007/v1/chat/completions "HTTP/1.1 200 OK"
2026-08-17 10:18:00,602 - INFO - HTTP Request: POST http://localhost:8007/v1/chat/completions "HTTP/1.1 200 OK"

2026-08-17 10:18:04,303 - INFO - HTTP Request: POST http://localhost:8007/v1/chat/completions "HTTP/1.1 200 OK"
2026-08-17 10:18:09,099 - INFO - HTTP Request: POST http://localhost:8007/v1/chat/completions "HTTP/1.1 200 OK"

2026-08-17 10:18:10,845 - INFO - HTTP Request: POST http://localhost:8007/v1/chat/completions "HTTP/1.1 200 OK"
2026-08-17 10:18:16,423 - INFO - HTTP Request: POST http://localhost:8007/v1/chat/completions "HTTP/1.1 200 OK"

2026-08-17 10:18:23,815 - INFO - HTTP Request: POST http://localhost:8007/v1/chat/completions "HTTP/1.1 200 OK"

2026-08-17 10:18:24,907 - INFO - HTTP Request: POST http://localhost:8007/v1/chat/completions "HTTP/1.1 200 OK"
2026-08-17 10:18:33,041 - INFO - HTTP Request: POST http://localhost:8007/v1/chat/completions "HTTP/1.1 200 OK"
2026-08-17 10:18:36,667 - INFO - HTTP Request: POST http://localhost:8007/v1/chat/completions "HTTP/1.1 200 OK"
2026-08-17 10:18:37,836 - INFO - HTTP Request: POST http://localhost:8007/v1/chat/completions "HTTP/1.1 200 OK"

2026-08-17 10:18:43,935 - INFO - HTTP Request: POST http://localhost:8007/v1/chat/completions "HTTP/1.1 200 OK"
2026-08-17 10:18:45,823 - INFO - HTTP Request: POST http://localhost:8007/v1/chat/completions "HTTP/1.1 200 OK"

2026-08-17 10:18:49,310 - INFO - HTTP Request: POST http://localhost:8007/v1/chat/completions "HTTP/1.1 200 OK"

2026-08-17 10:18:54,306 - INFO - HTTP Request: POST http://localhost:8007/v1/chat/completions "HTTP/1.1 200 OK"

2026-08-17 10:18:57,779 - INFO - HTTP Request: POST http://localhost:8007/v1/chat/completions "HTTP/1.1 200 OK"
2026-08-17 10:19:05,481 - INFO - HTTP Request: POST http://localhost:8007/v1/chat/completions "HTTP/1.1 200 OK"
2026-08-17 10:19:07,874 - INFO - HTTP Request: POST http://localhost:8007/v1/chat/completions "HTTP/1.1 200 OK"

2026-08-17 10:19:18,516 - INFO - HTTP Request: POST http://localhost:8007/v1/chat/completions "HTTP/1.1 200 OK"
2026-08-17 10:19:20,051 - INFO - HTTP Request: POST http://localhost:8007/v1/chat/completions "HTTP/1.1 200 OK"

2026-08-17 10:19:23,746 - INFO - HTTP Request: POST http://localhost:8007/v1/chat/completions "HTTP/1.1 200 OK"
2026-08-17 10:19:32,368 - INFO - HTTP Request: POST http://localhost:8007/v1/chat/completions "HTTP/1.1 200 OK"

2026-08-17 10:19:34,977 - INFO - HTTP Request: POST http://localhost:8007/v1/chat/completions "HTTP/1.1 200 OK"

2026-08-17 10:19:36,932 - INFO - HTTP Request: POST http://localhost:8007/v1/chat/completions "HTTP/1.1 200 OK"
2026-08-17 10:19:48,981 - INFO - HTTP Request: POST http://localhost:8007/v1/chat/completions "HTTP/1.1 200 OK"

2026-08-17 10:19:49,198 - INFO - HTTP Request: POST http://localhost:8007/v1/chat/completions "HTTP/1.1 200 OK"
2026-08-17 10:19:52,821 - INFO - HTTP Request: POST http://localhost:8007/v1/chat/completions "HTTP/1.1 200 OK"
2026-08-17 10:19:55,730 - INFO - HTTP Request: POST http://localhost:8007/v1/chat/completions "HTTP/1.1 200 OK"
2026-08-17 10:20:02,191 - INFO - HTTP Request: POST http://localhost:8007/v1/chat/completions "HTTP/1.1 200 OK"

2026-08-17 10:20:03,499 - INFO - HTTP Request: POST http://localhost:8007/v1/chat/completions "HTTP/1.1 200 OK"

2026-08-17 10:20:07,847 - INFO - HTTP Request: POST http://localhost:8007/v1/chat/completions "HTTP/1.1 200 OK"

2026-08-17 10:20:09,584 - INFO - HTTP Request: POST http://localhost:8007/v1/chat/completions "HTTP/1.1 200 OK"
2026-08-17 10:20:22,508 - INFO - HTTP Request: POST http://localhost:8007/v1/chat/completions "HTTP/1.1 200 OK"
2026-08-17 10:20:29,250 - INFO - HTTP Request: POST http://localhost:8007/v1/chat/completions "HTTP/1.1 200 OK"

2026-08-17 10:20:33,165 - INFO - HTTP Request: POST http://localhost:8007/v1/chat/completions "HTTP/1.1 200 OK"
2026-08-17 10:20:35,640 - INFO - HTTP Request: POST http://localhost:8007/v1/chat/completions "HTTP/1.1 200 OK"

2026-08-17 10:20:37,818 - INFO - HTTP Request: POST http://localhost:8007/v1/chat/completions "HTTP/1.1 200 OK"
2026-08-17 10:20:44,704 - INFO - HTTP Request: POST http://localhost:8007/v1/chat/completions "HTTP/1.1 200 OK"

2026-08-17 10:20:50,582 - INFO - HTTP Request: POST http://localhost:8007/v1/chat/completions "HTTP/1.1 200 OK"

2026-08-17 10:20:58,840 - INFO - HTTP Request: POST http://localhost:8007/v1/chat/completions "HTTP/1.1 200 OK"
2026-08-17 10:21:05,246 - INFO - HTTP Request: POST http://localhost:8007/v1/chat/completions "HTTP/1.1 200 OK"
2026-08-17 10:21:15,477 - INFO - HTTP Request: POST http://localhost:8007/v1/chat/completions "HTTP/1.1 200 OK"

2026-08-17 10:21:17,876 - INFO - HTTP Request: POST http://localhost:8007/v1/chat/completions "HTTP/1.1 200 OK"
2026-08-17 10:21:18,573 - INFO - HTTP Request: POST http://localhost:8007/v1/chat/completions "HTTP/1.1 200 OK"

2026-08-17 10:21:24,487 - INFO - HTTP Request: POST http://localhost:8007/v1/chat/completions "HTTP/1.1 200 OK"
2026-08-17 10:21:28,549 - INFO - HTTP Request: POST http://localhost:8007/v1/chat/completions "HTTP/1.1 200 OK"

r0_cfg20:  18%|█▊        | 9/50 [17:09<1:31:25, 133.80s/it]2026-08-17 10:21:35,504 - INFO - HTTP Request: POST http://localhost:8007/v1/chat/completions "HTTP/1.1 200 OK"

r0_cfg20:  20%|██        | 10/50 [17:16<1:03:25, 95.14s/it]2026-08-17 10:21:48,314 - INFO - HTTP Request: POST http://localhost:8007/v1/chat/completions "HTTP/1.1 200 OK"
2026-08-17 10:21:50,803 - INFO - HTTP Request: POST http://localhost:8007/v1/chat/completions "HTTP/1.1 200 OK"
2026-08-17 10:21:51,747 - INFO - HTTP Request: POST http://localhost:8007/v1/chat/completions "HTTP/1.1 200 OK"
2026-08-17 10:21:58,057 - INFO - HTTP Request: POST http://localhost:8007/v1/chat/completions "HTTP/1.1 200 OK"
2026-08-17 10:22:00,772 - INFO - HTTP Request: POST http://localhost:8007/v1/chat/completions "HTTP/1.1 200 OK"

r0_cfg20:  22%|██▏       | 11/50 [17:41<48:04, 73.95s/it]  2026-08-17 10:22:03,605 - INFO - HTTP Request: POST http://localhost:8007/v1/chat/completions "HTTP/1.1 200 OK"

2026-08-17 10:22:05,348 - INFO - HTTP Request: POST http://localhost:8007/v1/chat/completions "HTTP/1.1 200 OK"

r0_cfg20:  24%|██▍       | 12/50 [17:45<33:33, 52.98s/it]2026-08-17 10:22:11,215 - INFO - HTTP Request: POST http://localhost:8007/v1/chat/completions "HTTP/1.1 200 OK"

2026-08-17 10:22:22,717 - INFO - HTTP Request: POST http://localhost:8007/v1/chat/completions "HTTP/1.1 200 OK"
2026-08-17 10:22:27,595 - INFO - HTTP Request: POST http://localhost:8007/v1/chat/completions "HTTP/1.1 200 OK"
2026-08-17 10:22:30,359 - INFO - HTTP Request: POST http://localhost:8007/v1/chat/completions "HTTP/1.1 200 OK"
2026-08-17 10:22:36,314 - INFO - HTTP Request: POST http://localhost:8007/v1/chat/completions "HTTP/1.1 200 OK"

2026-08-17 10:22:37,842 - INFO - HTTP Request: POST http://localhost:8007/v1/chat/completions "HTTP/1.1 200 OK"

2026-08-17 10:22:37,842 - INFO - HTTP Request: POST http://localhost:8007/v1/chat/completions "HTTP/1.1 200 OK"
2026-08-17 10:22:41,258 - INFO - HTTP Request: POST http://localhost:8007/v1/chat/completions "HTTP/1.1 200 OK"

2026-08-17 10:22:52,130 - INFO - HTTP Request: POST http://localhost:8007/v1/chat/completions "HTTP/1.1 200 OK"

2026-08-17 10:23:02,551 - INFO - HTTP Request: POST http://localhost:8007/v1/chat/completions "HTTP/1.1 200 OK"
2026-08-17 10:23:04,603 - INFO - HTTP Request: POST http://localhost:8007/v1/chat/completions "HTTP/1.1 200 OK"
2026-08-17 10:23:04,820 - INFO - HTTP Request: POST http://localhost:8007/v1/chat/completions "HTTP/1.1 200 OK"
2026-08-17 10:23:14,416 - INFO - HTTP Request: POST http://localhost:8007/v1/chat/completions "HTTP/1.1 200 OK"

2026-08-17 10:23:15,080 - INFO - HTTP Request: POST http://localhost:8007/v1/chat/completions "HTTP/1.1 200 OK"

2026-08-17 10:23:16,169 - INFO - HTTP Request: POST http://localhost:8007/v1/chat/completions "HTTP/1.1 200 OK"
2026-08-17 10:23:16,890 - INFO - HTTP Request: POST http://localhost:8007/v1/chat/completions "HTTP/1.1 200 OK"

2026-08-17 10:23:29,097 - INFO - HTTP Request: POST http://localhost:8007/v1/chat/completions "HTTP/1.1 200 OK"

2026-08-17 10:23:38,872 - INFO - HTTP Request: POST http://localhost:8007/v1/chat/completions "HTTP/1.1 200 OK"
2026-08-17 10:23:39,884 - INFO - HTTP Request: POST http://localhost:8007/v1/chat/completions "HTTP/1.1 200 OK"
2026-08-17 10:23:41,779 - INFO - HTTP Request: POST http://localhost:8007/v1/chat/completions "HTTP/1.1 200 OK"
2026-08-17 10:23:51,463 - INFO - HTTP Request: POST http://localhost:8007/v1/chat/completions "HTTP/1.1 200 OK"

2026-08-17 10:23:51,678 - INFO - HTTP Request: POST http://localhost:8007/v1/chat/completions "HTTP/1.1 200 OK"

2026-08-17 10:23:53,870 - INFO - HTTP Request: POST http://localhost:8007/v1/chat/completions "HTTP/1.1 200 OK"
2026-08-17 10:23:57,016 - INFO - HTTP Request: POST http://localhost:8007/v1/chat/completions "HTTP/1.1 200 OK"

2026-08-17 10:24:06,366 - INFO - HTTP Request: POST http://localhost:8007/v1/chat/completions "HTTP/1.1 200 OK"

2026-08-17 10:24:11,581 - INFO - HTTP Request: POST http://localhost:8007/v1/chat/completions "HTTP/1.1 200 OK"
2026-08-17 10:24:15,996 - INFO - HTTP Request: POST http://localhost:8007/v1/chat/completions "HTTP/1.1 200 OK"
2026-08-17 10:24:20,282 - INFO - HTTP Request: POST http://localhost:8007/v1/chat/completions "HTTP/1.1 200 OK"

2026-08-17 10:24:21,590 - INFO - HTTP Request: POST http://localhost:8007/v1/chat/completions "HTTP/1.1 200 OK"
2026-08-17 10:24:26,906 - INFO - HTTP Request: POST http://localhost:8007/v1/chat/completions "HTTP/1.1 200 OK"
2026-08-17 10:24:29,185 - INFO - HTTP Request: POST http://localhost:8007/v1/chat/completions "HTTP/1.1 200 OK"

2026-08-17 10:24:33,983 - INFO - HTTP Request: POST http://localhost:8007/v1/chat/completions "HTTP/1.1 200 OK"

2026-08-17 10:24:37,469 - INFO - HTTP Request: POST http://localhost:8007/v1/chat/completions "HTTP/1.1 200 OK"

2026-08-17 10:24:48,537 - INFO - HTTP Request: POST http://localhost:8007/v1/chat/completions "HTTP/1.1 200 OK"
2026-08-17 10:24:49,997 - INFO - HTTP Request: POST http://localhost:8007/v1/chat/completions "HTTP/1.1 200 OK"
2026-08-17 10:24:54,199 - INFO - HTTP Request: POST http://localhost:8007/v1/chat/completions "HTTP/1.1 200 OK"
2026-08-17 10:24:59,524 - INFO - HTTP Request: POST http://localhost:8007/v1/chat/completions "HTTP/1.1 200 OK"

2026-08-17 10:25:01,701 - INFO - HTTP Request: POST http://localhost:8007/v1/chat/completions "HTTP/1.1 200 OK"

2026-08-17 10:25:06,484 - INFO - HTTP Request: POST http://localhost:8007/v1/chat/completions "HTTP/1.1 200 OK"

2026-08-17 10:25:06,918 - INFO - HTTP Request: POST http://localhost:8007/v1/chat/completions "HTTP/1.1 200 OK"
2026-08-17 10:25:18,102 - INFO - HTTP Request: POST http://localhost:8007/v1/chat/completions "HTTP/1.1 200 OK"

2026-08-17 10:25:22,009 - INFO - HTTP Request: POST http://localhost:8007/v1/chat/completions "HTTP/1.1 200 OK"
2026-08-17 10:25:28,602 - INFO - HTTP Request: POST http://localhost:8007/v1/chat/completions "HTTP/1.1 200 OK"
2026-08-17 10:25:35,935 - INFO - HTTP Request: POST http://localhost:8007/v1/chat/completions "HTTP/1.1 200 OK"
2026-08-17 10:25:36,636 - INFO - HTTP Request: POST http://localhost:8007/v1/chat/completions "HTTP/1.1 200 OK"

2026-08-17 10:25:38,860 - INFO - HTTP Request: POST http://localhost:8007/v1/chat/completions "HTTP/1.1 200 OK"
2026-08-17 10:25:40,923 - INFO - HTTP Request: POST http://localhost:8007/v1/chat/completions "HTTP/1.1 200 OK"

2026-08-17 10:25:50,286 - INFO - HTTP Request: POST http://localhost:8007/v1/chat/completions "HTTP/1.1 200 OK"

2026-08-17 10:25:53,549 - INFO - HTTP Request: POST http://localhost:8007/v1/chat/completions "HTTP/1.1 200 OK"

2026-08-17 10:26:00,933 - INFO - HTTP Request: POST http://localhost:8007/v1/chat/completions "HTTP/1.1 200 OK"
2026-08-17 10:26:06,527 - INFO - HTTP Request: POST http://localhost:8007/v1/chat/completions "HTTP/1.1 200 OK"
2026-08-17 10:26:10,736 - INFO - HTTP Request: POST http://localhost:8007/v1/chat/completions "HTTP/1.1 200 OK"
2026-08-17 10:26:14,759 - INFO - HTTP Request: POST http://localhost:8007/v1/chat/completions "HTTP/1.1 200 OK"

2026-08-17 10:26:19,985 - INFO - HTTP Request: POST http://localhost:8007/v1/chat/completions "HTTP/1.1 200 OK"

2026-08-17 10:26:23,472 - INFO - HTTP Request: POST http://localhost:8007/v1/chat/completions "HTTP/1.1 200 OK"
2026-08-17 10:26:25,751 - INFO - HTTP Request: POST http://localhost:8007/v1/chat/completions "HTTP/1.1 200 OK"

2026-08-17 10:26:34,889 - INFO - HTTP Request: POST http://localhost:8007/v1/chat/completions "HTTP/1.1 200 OK"

2026-08-17 10:26:44,234 - INFO - HTTP Request: POST http://localhost:8007/v1/chat/completions "HTTP/1.1 200 OK"
2026-08-17 10:26:53,308 - INFO - HTTP Request: POST http://localhost:8007/v1/chat/completions "HTTP/1.1 200 OK"
2026-08-17 10:26:55,340 - INFO - HTTP Request: POST http://localhost:8007/v1/chat/completions "HTTP/1.1 200 OK"
2026-08-17 10:26:56,748 - INFO - HTTP Request: POST http://localhost:8007/v1/chat/completions "HTTP/1.1 200 OK"

2026-08-17 10:27:07,204 - INFO - HTTP Request: POST http://localhost:8007/v1/chat/completions "HTTP/1.1 200 OK"

r0_cfg20:  26%|██▌       | 13/50 [22:47<1:18:57, 128.04s/it]2026-08-17 10:27:08,729 - INFO - HTTP Request: POST http://localhost:8007/v1/chat/completions "HTTP/1.1 200 OK"
2026-08-17 10:27:11,226 - INFO - HTTP Request: POST http://localhost:8007/v1/chat/completions "HTTP/1.1 200 OK"

2026-08-17 10:27:23,847 - INFO - HTTP Request: POST http://localhost:8007/v1/chat/completions "HTTP/1.1 200 OK"

r0_cfg20:  28%|██▊       | 14/50 [23:04<56:41, 94.50s/it]   2026-08-17 10:27:29,493 - INFO - HTTP Request: POST http://localhost:8007/v1/chat/completions "HTTP/1.1 200 OK"
2026-08-17 10:27:30,363 - INFO - HTTP Request: POST http://localhost:8007/v1/chat/completions "HTTP/1.1 200 OK"
2026-08-17 10:27:41,613 - INFO - HTTP Request: POST http://localhost:8007/v1/chat/completions "HTTP/1.1 200 OK"

r0_cfg20:  30%|███       | 15/50 [23:22<41:39, 71.42s/it]2026-08-17 10:27:42,048 - INFO - HTTP Request: POST http://localhost:8007/v1/chat/completions "HTTP/1.1 200 OK"

2026-08-17 10:27:44,873 - INFO - HTTP Request: POST http://localhost:8007/v1/chat/completions "HTTP/1.1 200 OK"
2026-08-17 10:27:46,494 - INFO - HTTP Request: POST http://localhost:8007/v1/chat/completions "HTTP/1.1 200 OK"
2026-08-17 10:27:58,383 - INFO - HTTP Request: POST http://localhost:8007/v1/chat/completions "HTTP/1.1 200 OK"

2026-08-17 10:27:59,258 - INFO - HTTP Request: POST http://localhost:8007/v1/chat/completions "HTTP/1.1 200 OK"

r0_cfg20:  32%|███▏      | 16/50 [23:39<31:18, 55.26s/it]2026-08-17 10:28:03,812 - INFO - HTTP Request: POST http://localhost:8007/v1/chat/completions "HTTP/1.1 200 OK"
2026-08-17 10:28:08,904 - INFO - HTTP Request: POST http://localhost:8007/v1/chat/completions "HTTP/1.1 200 OK"
2026-08-17 10:28:18,479 - INFO - HTTP Request: POST http://localhost:8007/v1/chat/completions "HTTP/1.1 200 OK"

2026-08-17 10:28:21,740 - INFO - HTTP Request: POST http://localhost:8007/v1/chat/completions "HTTP/1.1 200 OK"
2026-08-17 10:28:25,321 - INFO - HTTP Request: POST http://localhost:8007/v1/chat/completions "HTTP/1.1 200 OK"

2026-08-17 10:28:25,322 - INFO - HTTP Request: POST http://localhost:8007/v1/chat/completions "HTTP/1.1 200 OK"
2026-08-17 10:28:34,162 - INFO - HTTP Request: POST http://localhost:8007/v1/chat/completions "HTTP/1.1 200 OK"

2026-08-17 10:28:37,422 - INFO - HTTP Request: POST http://localhost:8007/v1/chat/completions "HTTP/1.1 200 OK"

2026-08-17 10:28:45,017 - INFO - HTTP Request: POST http://localhost:8007/v1/chat/completions "HTTP/1.1 200 OK"
2026-08-17 10:28:50,116 - INFO - HTTP Request: POST http://localhost:8007/v1/chat/completions "HTTP/1.1 200 OK"
2026-08-17 10:28:54,688 - INFO - HTTP Request: POST http://localhost:8007/v1/chat/completions "HTTP/1.1 200 OK"

2026-08-17 10:29:00,122 - INFO - HTTP Request: POST http://localhost:8007/v1/chat/completions "HTTP/1.1 200 OK"

2026-08-17 10:29:00,781 - INFO - HTTP Request: POST http://localhost:8007/v1/chat/completions "HTTP/1.1 200 OK"
2026-08-17 10:29:02,671 - INFO - HTTP Request: POST http://localhost:8007/v1/chat/completions "HTTP/1.1 200 OK"
2026-08-17 10:29:12,168 - INFO - HTTP Request: POST http://localhost:8007/v1/chat/completions "HTTP/1.1 200 OK"

2026-08-17 10:29:13,265 - INFO - HTTP Request: POST http://localhost:8007/v1/chat/completions "HTTP/1.1 200 OK"

2026-08-17 10:29:19,558 - INFO - HTTP Request: POST http://localhost:8007/v1/chat/completions "HTTP/1.1 200 OK"
2026-08-17 10:29:24,435 - INFO - HTTP Request: POST http://localhost:8007/v1/chat/completions "HTTP/1.1 200 OK"
2026-08-17 10:29:30,528 - INFO - HTTP Request: POST http://localhost:8007/v1/chat/completions "HTTP/1.1 200 OK"

2026-08-17 10:29:36,619 - INFO - HTTP Request: POST http://localhost:8007/v1/chat/completions "HTTP/1.1 200 OK"
2026-08-17 10:29:37,053 - INFO - HTTP Request: POST http://localhost:8007/v1/chat/completions "HTTP/1.1 200 OK"

2026-08-17 10:29:38,292 - INFO - HTTP Request: POST http://localhost:8007/v1/chat/completions "HTTP/1.1 200 OK"
2026-08-17 10:29:49,922 - INFO - HTTP Request: POST http://localhost:8007/v1/chat/completions "HTTP/1.1 200 OK"

2026-08-17 10:29:52,540 - INFO - HTTP Request: POST http://localhost:8007/v1/chat/completions "HTTP/1.1 200 OK"

2026-08-17 10:29:55,150 - INFO - HTTP Request: POST http://localhost:8007/v1/chat/completions "HTTP/1.1 200 OK"
2026-08-17 10:29:57,636 - INFO - HTTP Request: POST http://localhost:8007/v1/chat/completions "HTTP/1.1 200 OK"
2026-08-17 10:30:08,953 - INFO - HTTP Request: POST http://localhost:8007/v1/chat/completions "HTTP/1.1 200 OK"

2026-08-17 10:30:09,170 - INFO - HTTP Request: POST http://localhost:8007/v1/chat/completions "HTTP/1.1 200 OK"

2026-08-17 10:30:10,264 - INFO - HTTP Request: POST http://localhost:8007/v1/chat/completions "HTTP/1.1 200 OK"
2026-08-17 10:30:17,143 - INFO - HTTP Request: POST http://localhost:8007/v1/chat/completions "HTTP/1.1 200 OK"
2026-08-17 10:30:23,549 - INFO - HTTP Request: POST http://localhost:8007/v1/chat/completions "HTTP/1.1 200 OK"

2026-08-17 10:30:28,768 - INFO - HTTP Request: POST http://localhost:8007/v1/chat/completions "HTTP/1.1 200 OK"
2026-08-17 10:30:30,174 - INFO - HTTP Request: POST http://localhost:8007/v1/chat/completions "HTTP/1.1 200 OK"

2026-08-17 10:30:38,655 - INFO - HTTP Request: POST http://localhost:8007/v1/chat/completions "HTTP/1.1 200 OK"
2026-08-17 10:30:41,701 - INFO - HTTP Request: POST http://localhost:8007/v1/chat/completions "HTTP/1.1 200 OK"

2026-08-17 10:30:49,742 - INFO - HTTP Request: POST http://localhost:8007/v1/chat/completions "HTTP/1.1 200 OK"
2026-08-17 10:30:50,983 - INFO - HTTP Request: POST http://localhost:8007/v1/chat/completions "HTTP/1.1 200 OK"

2026-08-17 10:30:53,161 - INFO - HTTP Request: POST http://localhost:8007/v1/chat/completions "HTTP/1.1 200 OK"
2026-08-17 10:31:02,439 - INFO - HTTP Request: POST http://localhost:8007/v1/chat/completions "HTTP/1.1 200 OK"

2026-08-17 10:31:04,398 - INFO - HTTP Request: POST http://localhost:8007/v1/chat/completions "HTTP/1.1 200 OK"

2026-08-17 10:31:10,910 - INFO - HTTP Request: POST http://localhost:8007/v1/chat/completions "HTTP/1.1 200 OK"
2026-08-17 10:31:11,128 - INFO - HTTP Request: POST http://localhost:8007/v1/chat/completions "HTTP/1.1 200 OK"
2026-08-17 10:31:24,933 - INFO - HTTP Request: POST http://localhost:8007/v1/chat/completions "HTTP/1.1 200 OK"

2026-08-17 10:31:24,934 - INFO - HTTP Request: POST http://localhost:8007/v1/chat/completions "HTTP/1.1 200 OK"
2026-08-17 10:31:27,035 - INFO - HTTP Request: POST http://localhost:8007/v1/chat/completions "HTTP/1.1 200 OK"

2026-08-17 10:31:31,818 - INFO - HTTP Request: POST http://localhost:8007/v1/chat/completions "HTTP/1.1 200 OK"
2026-08-17 10:31:36,703 - INFO - HTTP Request: POST http://localhost:8007/v1/chat/completions "HTTP/1.1 200 OK"

2026-08-17 10:31:44,752 - INFO - HTTP Request: POST http://localhost:8007/v1/chat/completions "HTTP/1.1 200 OK"

2026-08-17 10:31:47,359 - INFO - HTTP Request: POST http://localhost:8007/v1/chat/completions "HTTP/1.1 200 OK"
2026-08-17 10:31:54,851 - INFO - HTTP Request: POST http://localhost:8007/v1/chat/completions "HTTP/1.1 200 OK"
2026-08-17 10:32:04,432 - INFO - HTTP Request: POST http://localhost:8007/v1/chat/completions "HTTP/1.1 200 OK"

2026-08-17 10:32:05,306 - INFO - HTTP Request: POST http://localhost:8007/v1/chat/completions "HTTP/1.1 200 OK"

2026-08-17 10:32:05,306 - INFO - HTTP Request: POST http://localhost:8007/v1/chat/completions "HTTP/1.1 200 OK"
2026-08-17 10:32:06,763 - INFO - HTTP Request: POST http://localhost:8007/v1/chat/completions "HTTP/1.1 200 OK"
2026-08-17 10:32:19,093 - INFO - HTTP Request: POST http://localhost:8007/v1/chat/completions "HTTP/1.1 200 OK"

2026-08-17 10:32:20,191 - INFO - HTTP Request: POST http://localhost:8007/v1/chat/completions "HTTP/1.1 200 OK"

2026-08-17 10:32:34,090 - INFO - HTTP Request: POST http://localhost:8007/v1/chat/completions "HTTP/1.1 200 OK"
2026-08-17 10:32:38,536 - INFO - HTTP Request: POST http://localhost:8007/v1/chat/completions "HTTP/1.1 200 OK"
2026-08-17 10:32:48,340 - INFO - HTTP Request: POST http://localhost:8007/v1/chat/completions "HTTP/1.1 200 OK"

2026-08-17 10:32:49,002 - INFO - HTTP Request: POST http://localhost:8007/v1/chat/completions "HTTP/1.1 200 OK"

r0_cfg20:  34%|███▍      | 17/50 [28:29<1:09:07, 125.69s/it]2026-08-17 10:32:49,872 - INFO - HTTP Request: POST http://localhost:8007/v1/chat/completions "HTTP/1.1 200 OK"
2026-08-17 10:32:52,368 - INFO - HTTP Request: POST http://localhost:8007/v1/chat/completions "HTTP/1.1 200 OK"
2026-08-17 10:33:03,175 - INFO - HTTP Request: POST http://localhost:8007/v1/chat/completions "HTTP/1.1 200 OK"

r0_cfg20:  36%|███▌      | 18/50 [28:43<49:10, 92.21s/it]   2026-08-17 10:33:04,045 - INFO - HTTP Request: POST http://localhost:8007/v1/chat/completions "HTTP/1.1 200 OK"

2026-08-17 10:33:11,435 - INFO - HTTP Request: POST http://localhost:8007/v1/chat/completions "HTTP/1.1 200 OK"
2026-08-17 10:33:21,810 - INFO - HTTP Request: POST http://localhost:8007/v1/chat/completions "HTTP/1.1 200 OK"
2026-08-17 10:33:25,825 - INFO - HTTP Request: POST http://localhost:8007/v1/chat/completions "HTTP/1.1 200 OK"
2026-08-17 10:33:27,883 - INFO - HTTP Request: POST http://localhost:8007/v1/chat/completions "HTTP/1.1 200 OK"

2026-08-17 10:33:36,376 - INFO - HTTP Request: POST http://localhost:8007/v1/chat/completions "HTTP/1.1 200 OK"
2026-08-17 10:33:37,766 - INFO - HTTP Request: POST http://localhost:8007/v1/chat/completions "HTTP/1.1 200 OK"

2026-08-17 10:33:37,767 - INFO - HTTP Request: POST http://localhost:8007/v1/chat/completions "HTTP/1.1 200 OK"

r0_cfg20:  38%|███▊      | 19/50 [29:18<38:42, 74.91s/it]2026-08-17 10:33:49,504 - INFO - HTTP Request: POST http://localhost:8007/v1/chat/completions "HTTP/1.1 200 OK"

r0_cfg20:  40%|████      | 20/50 [29:30<27:58, 55.95s/it]2026-08-17 10:33:54,496 - INFO - HTTP Request: POST http://localhost:8007/v1/chat/completions "HTTP/1.1 200 OK"
2026-08-17 10:34:00,086 - INFO - HTTP Request: POST http://localhost:8007/v1/chat/completions "HTTP/1.1 200 OK"
2026-08-17 10:34:04,809 - INFO - HTTP Request: POST http://localhost:8007/v1/chat/completions "HTTP/1.1 200 OK"
2026-08-17 10:34:11,009 - INFO - HTTP Request: POST http://localhost:8007/v1/chat/completions "HTTP/1.1 200 OK"

2026-08-17 10:34:12,536 - INFO - HTTP Request: POST http://localhost:8007/v1/chat/completions "HTTP/1.1 200 OK"
2026-08-17 10:34:13,570 - INFO - HTTP Request: POST http://localhost:8007/v1/chat/completions "HTTP/1.1 200 OK"

2026-08-17 10:34:19,012 - INFO - HTTP Request: POST http://localhost:8007/v1/chat/completions "HTTP/1.1 200 OK"

2026-08-17 10:34:24,447 - INFO - HTTP Request: POST http://localhost:8007/v1/chat/completions "HTTP/1.1 200 OK"

2026-08-17 10:34:35,734 - INFO - HTTP Request: POST http://localhost:8007/v1/chat/completions "HTTP/1.1 200 OK"
2026-08-17 10:34:40,019 - INFO - HTTP Request: POST http://localhost:8007/v1/chat/completions "HTTP/1.1 200 OK"
2026-08-17 10:34:44,093 - INFO - HTTP Request: POST http://localhost:8007/v1/chat/completions "HTTP/1.1 200 OK"
2026-08-17 10:34:51,601 - INFO - HTTP Request: POST http://localhost:8007/v1/chat/completions "HTTP/1.1 200 OK"
2026-08-17 10:34:51,820 - INFO - HTTP Request: POST http://localhost:8007/v1/chat/completions "HTTP/1.1 200 OK"

2026-08-17 10:34:51,821 - INFO - HTTP Request: POST http://localhost:8007/v1/chat/completions "HTTP/1.1 200 OK"

2026-08-17 10:35:00,037 - INFO - HTTP Request: POST http://localhost:8007/v1/chat/completions "HTTP/1.1 200 OK"

2026-08-17 10:35:02,003 - INFO - HTTP Request: POST http://localhost:8007/v1/chat/completions "HTTP/1.1 200 OK"

2026-08-17 10:35:15,458 - INFO - HTTP Request: POST http://localhost:8007/v1/chat/completions "HTTP/1.1 200 OK"
2026-08-17 10:35:16,700 - INFO - HTTP Request: POST http://localhost:8007/v1/chat/completions "HTTP/1.1 200 OK"
2026-08-17 10:35:24,905 - INFO - HTTP Request: POST http://localhost:8007/v1/chat/completions "HTTP/1.1 200 OK"
2026-08-17 10:35:26,524 - INFO - HTTP Request: POST http://localhost:8007/v1/chat/completions "HTTP/1.1 200 OK"

2026-08-17 10:35:27,406 - INFO - HTTP Request: POST http://localhost:8007/v1/chat/completions "HTTP/1.1 200 OK"
2026-08-17 10:35:30,180 - INFO - HTTP Request: POST http://localhost:8007/v1/chat/completions "HTTP/1.1 200 OK"

2026-08-17 10:35:37,806 - INFO - HTTP Request: POST http://localhost:8007/v1/chat/completions "HTTP/1.1 200 OK"

2026-08-17 10:35:38,687 - INFO - HTTP Request: POST http://localhost:8007/v1/chat/completions "HTTP/1.1 200 OK"

2026-08-17 10:35:49,974 - INFO - HTTP Request: POST http://localhost:8007/v1/chat/completions "HTTP/1.1 200 OK"
2026-08-17 10:35:51,434 - INFO - HTTP Request: POST http://localhost:8007/v1/chat/completions "HTTP/1.1 200 OK"
2026-08-17 10:35:58,286 - INFO - HTTP Request: POST http://localhost:8007/v1/chat/completions "HTTP/1.1 200 OK"
2026-08-17 10:36:03,393 - INFO - HTTP Request: POST http://localhost:8007/v1/chat/completions "HTTP/1.1 200 OK"

2026-08-17 10:36:03,828 - INFO - HTTP Request: POST http://localhost:8007/v1/chat/completions "HTTP/1.1 200 OK"
2026-08-17 10:36:05,302 - INFO - HTTP Request: POST http://localhost:8007/v1/chat/completions "HTTP/1.1 200 OK"

2026-08-17 10:36:12,705 - INFO - HTTP Request: POST http://localhost:8007/v1/chat/completions "HTTP/1.1 200 OK"

2026-08-17 10:36:17,054 - INFO - HTTP Request: POST http://localhost:8007/v1/chat/completions "HTTP/1.1 200 OK"

2026-08-17 10:36:23,140 - INFO - HTTP Request: POST http://localhost:8007/v1/chat/completions "HTTP/1.1 200 OK"
2026-08-17 10:36:34,380 - INFO - HTTP Request: POST http://localhost:8007/v1/chat/completions "HTTP/1.1 200 OK"
2026-08-17 10:36:35,357 - INFO - HTTP Request: POST http://localhost:8007/v1/chat/completions "HTTP/1.1 200 OK"

2026-08-17 10:36:37,531 - INFO - HTTP Request: POST http://localhost:8007/v1/chat/completions "HTTP/1.1 200 OK"
2026-08-17 10:36:42,476 - INFO - HTTP Request: POST http://localhost:8007/v1/chat/completions "HTTP/1.1 200 OK"
2026-08-17 10:36:48,018 - INFO - HTTP Request: POST http://localhost:8007/v1/chat/completions "HTTP/1.1 200 OK"

2026-08-17 10:36:51,069 - INFO - HTTP Request: POST http://localhost:8007/v1/chat/completions "HTTP/1.1 200 OK"

2026-08-17 10:36:56,719 - INFO - HTTP Request: POST http://localhost:8007/v1/chat/completions "HTTP/1.1 200 OK"

2026-08-17 10:37:04,752 - INFO - HTTP Request: POST http://localhost:8007/v1/chat/completions "HTTP/1.1 200 OK"
2026-08-17 10:37:11,376 - INFO - HTTP Request: POST http://localhost:8007/v1/chat/completions "HTTP/1.1 200 OK"
2026-08-17 10:37:17,415 - INFO - HTTP Request: POST http://localhost:8007/v1/chat/completions "HTTP/1.1 200 OK"
2026-08-17 10:37:17,419 - INFO - HTTP Request: POST http://localhost:8007/v1/chat/completions "HTTP/1.1 200 OK"
2026-08-17 10:37:20,712 - INFO - HTTP Request: POST http://localhost:8007/v1/chat/completions "HTTP/1.1 200 OK"

2026-08-17 10:37:25,507 - INFO - HTTP Request: POST http://localhost:8007/v1/chat/completions "HTTP/1.1 200 OK"

2026-08-17 10:37:31,823 - INFO - HTTP Request: POST http://localhost:8007/v1/chat/completions "HTTP/1.1 200 OK"

2026-08-17 10:37:35,957 - INFO - HTTP Request: POST http://localhost:8007/v1/chat/completions "HTTP/1.1 200 OK"

2026-08-17 10:37:40,734 - INFO - HTTP Request: POST http://localhost:8007/v1/chat/completions "HTTP/1.1 200 OK"
2026-08-17 10:37:52,197 - INFO - HTTP Request: POST http://localhost:8007/v1/chat/completions "HTTP/1.1 200 OK"
2026-08-17 10:37:53,660 - INFO - HTTP Request: POST http://localhost:8007/v1/chat/completions "HTTP/1.1 200 OK"

2026-08-17 10:37:55,403 - INFO - HTTP Request: POST http://localhost:8007/v1/chat/completions "HTTP/1.1 200 OK"
2026-08-17 10:38:05,143 - INFO - HTTP Request: POST http://localhost:8007/v1/chat/completions "HTTP/1.1 200 OK"

2026-08-17 10:38:06,234 - INFO - HTTP Request: POST http://localhost:8007/v1/chat/completions "HTTP/1.1 200 OK"
2026-08-17 10:38:09,817 - INFO - HTTP Request: POST http://localhost:8007/v1/chat/completions "HTTP/1.1 200 OK"

2026-08-17 10:38:23,524 - INFO - HTTP Request: POST http://localhost:8007/v1/chat/completions "HTTP/1.1 200 OK"
2026-08-17 10:38:34,570 - INFO - HTTP Request: POST http://localhost:8007/v1/chat/completions "HTTP/1.1 200 OK"

2026-08-17 10:38:35,007 - INFO - HTTP Request: POST http://localhost:8007/v1/chat/completions "HTTP/1.1 200 OK"
2026-08-17 10:38:43,668 - INFO - HTTP Request: POST http://localhost:8007/v1/chat/completions "HTTP/1.1 200 OK"
2026-08-17 10:38:44,419 - INFO - HTTP Request: POST http://localhost:8007/v1/chat/completions "HTTP/1.1 200 OK"

2026-08-17 10:38:53,419 - INFO - HTTP Request: POST http://localhost:8007/v1/chat/completions "HTTP/1.1 200 OK"

2026-08-17 10:38:55,385 - INFO - HTTP Request: POST http://localhost:8007/v1/chat/completions "HTTP/1.1 200 OK"

r0_cfg20:  42%|████▏     | 21/50 [34:35<1:03:17, 130.95s/it]2026-08-17 10:39:07,758 - INFO - HTTP Request: POST http://localhost:8007/v1/chat/completions "HTTP/1.1 200 OK"
2026-08-17 10:39:17,641 - INFO - HTTP Request: POST http://localhost:8007/v1/chat/completions "HTTP/1.1 200 OK"
2026-08-17 10:39:17,861 - INFO - HTTP Request: POST http://localhost:8007/v1/chat/completions "HTTP/1.1 200 OK"
2026-08-17 10:39:23,777 - INFO - HTTP Request: POST http://localhost:8007/v1/chat/completions "HTTP/1.1 200 OK"

r0_cfg20:  44%|████▍     | 22/50 [35:04<46:44, 100.18s/it]  2026-08-17 10:39:27,046 - INFO - HTTP Request: POST http://localhost:8007/v1/chat/completions "HTTP/1.1 200 OK"
2026-08-17 10:39:29,603 - INFO - HTTP Request: POST http://localhost:8007/v1/chat/completions "HTTP/1.1 200 OK"

2026-08-17 10:39:36,794 - INFO - HTTP Request: POST http://localhost:8007/v1/chat/completions "HTTP/1.1 200 OK"

r0_cfg20:  46%|████▌     | 23/50 [35:17<33:18, 74.03s/it] 2026-08-17 10:39:39,404 - INFO - HTTP Request: POST http://localhost:8007/v1/chat/completions "HTTP/1.1 200 OK"

r0_cfg20:  48%|████▊     | 24/50 [35:20<22:47, 52.60s/it]2026-08-17 10:39:46,130 - INFO - HTTP Request: POST http://localhost:8007/v1/chat/completions "HTTP/1.1 200 OK"
2026-08-17 10:39:56,005 - INFO - HTTP Request: POST http://localhost:8007/v1/chat/completions "HTTP/1.1 200 OK"
2026-08-17 10:39:58,058 - INFO - HTTP Request: POST http://localhost:8007/v1/chat/completions "HTTP/1.1 200 OK"

2026-08-17 10:39:59,150 - INFO - HTTP Request: POST http://localhost:8007/v1/chat/completions "HTTP/1.1 200 OK"
2026-08-17 10:40:02,348 - INFO - HTTP Request: POST http://localhost:8007/v1/chat/completions "HTTP/1.1 200 OK"
2026-08-17 10:40:11,204 - INFO - HTTP Request: POST http://localhost:8007/v1/chat/completions "HTTP/1.1 200 OK"

2026-08-17 10:40:13,381 - INFO - HTTP Request: POST http://localhost:8007/v1/chat/completions "HTTP/1.1 200 OK"

2026-08-17 10:40:15,554 - INFO - HTTP Request: POST http://localhost:8007/v1/chat/completions "HTTP/1.1 200 OK"

2026-08-17 10:40:24,450 - INFO - HTTP Request: POST http://localhost:8007/v1/chat/completions "HTTP/1.1 200 OK"
2026-08-17 10:40:35,966 - INFO - HTTP Request: POST http://localhost:8007/v1/chat/completions "HTTP/1.1 200 OK"
2026-08-17 10:40:36,183 - INFO - HTTP Request: POST http://localhost:8007/v1/chat/completions "HTTP/1.1 200 OK"

2026-08-17 10:40:40,198 - INFO - HTTP Request: POST http://localhost:8007/v1/chat/completions "HTTP/1.1 200 OK"
2026-08-17 10:40:42,746 - INFO - HTTP Request: POST http://localhost:8007/v1/chat/completions "HTTP/1.1 200 OK"
2026-08-17 10:40:48,991 - INFO - HTTP Request: POST http://localhost:8007/v1/chat/completions "HTTP/1.1 200 OK"

2026-08-17 10:40:53,351 - INFO - HTTP Request: POST http://localhost:8007/v1/chat/completions "HTTP/1.1 200 OK"

2026-08-17 10:40:53,785 - INFO - HTTP Request: POST http://localhost:8007/v1/chat/completions "HTTP/1.1 200 OK"

2026-08-17 10:41:01,383 - INFO - HTTP Request: POST http://localhost:8007/v1/chat/completions "HTTP/1.1 200 OK"
2026-08-17 10:41:13,436 - INFO - HTTP Request: POST http://localhost:8007/v1/chat/completions "HTTP/1.1 200 OK"
2026-08-17 10:41:13,653 - INFO - HTTP Request: POST http://localhost:8007/v1/chat/completions "HTTP/1.1 200 OK"

2026-08-17 10:41:18,319 - INFO - HTTP Request: POST http://localhost:8007/v1/chat/completions "HTTP/1.1 200 OK"
2026-08-17 10:41:19,067 - INFO - HTTP Request: POST http://localhost:8007/v1/chat/completions "HTTP/1.1 200 OK"
2026-08-17 10:41:26,239 - INFO - HTTP Request: POST http://localhost:8007/v1/chat/completions "HTTP/1.1 200 OK"

2026-08-17 10:41:29,295 - INFO - HTTP Request: POST http://localhost:8007/v1/chat/completions "HTTP/1.1 200 OK"

2026-08-17 10:41:35,388 - INFO - HTTP Request: POST http://localhost:8007/v1/chat/completions "HTTP/1.1 200 OK"

2026-08-17 10:41:38,652 - INFO - HTTP Request: POST http://localhost:8007/v1/chat/completions "HTTP/1.1 200 OK"
2026-08-17 10:41:46,419 - INFO - HTTP Request: POST http://localhost:8007/v1/chat/completions "HTTP/1.1 200 OK"
2026-08-17 10:41:53,044 - INFO - HTTP Request: POST http://localhost:8007/v1/chat/completions "HTTP/1.1 200 OK"

2026-08-17 10:41:53,923 - INFO - HTTP Request: POST http://localhost:8007/v1/chat/completions "HTTP/1.1 200 OK"
2026-08-17 10:41:57,545 - INFO - HTTP Request: POST http://localhost:8007/v1/chat/completions "HTTP/1.1 200 OK"

2026-08-17 10:42:00,371 - INFO - HTTP Request: POST http://localhost:8007/v1/chat/completions "HTTP/1.1 200 OK"
2026-08-17 10:42:07,652 - INFO - HTTP Request: POST http://localhost:8007/v1/chat/completions "HTTP/1.1 200 OK"

2026-08-17 10:42:13,313 - INFO - HTTP Request: POST http://localhost:8007/v1/chat/completions "HTTP/1.1 200 OK"
2026-08-17 10:42:14,046 - INFO - HTTP Request: POST http://localhost:8007/v1/chat/completions "HTTP/1.1 200 OK"

2026-08-17 10:42:23,415 - INFO - HTTP Request: POST http://localhost:8007/v1/chat/completions "HTTP/1.1 200 OK"

2026-08-17 10:42:26,889 - INFO - HTTP Request: POST http://localhost:8007/v1/chat/completions "HTTP/1.1 200 OK"
2026-08-17 10:42:28,069 - INFO - HTTP Request: POST http://localhost:8007/v1/chat/completions "HTTP/1.1 200 OK"
2026-08-17 10:42:34,301 - INFO - HTTP Request: POST http://localhost:8007/v1/chat/completions "HTTP/1.1 200 OK"
2026-08-17 10:42:37,505 - INFO - HTTP Request: POST http://localhost:8007/v1/chat/completions "HTTP/1.1 200 OK"

2026-08-17 10:42:38,379 - INFO - HTTP Request: POST http://localhost:8007/v1/chat/completions "HTTP/1.1 200 OK"

2026-08-17 10:42:45,119 - INFO - HTTP Request: POST http://localhost:8007/v1/chat/completions "HTTP/1.1 200 OK"

2026-08-17 10:42:52,936 - INFO - HTTP Request: POST http://localhost:8007/v1/chat/completions "HTTP/1.1 200 OK"
2026-08-17 10:42:58,679 - INFO - HTTP Request: POST http://localhost:8007/v1/chat/completions "HTTP/1.1 200 OK"
2026-08-17 10:43:03,566 - INFO - HTTP Request: POST http://localhost:8007/v1/chat/completions "HTTP/1.1 200 OK"

2026-08-17 10:43:06,829 - INFO - HTTP Request: POST http://localhost:8007/v1/chat/completions "HTTP/1.1 200 OK"
2026-08-17 10:43:13,719 - INFO - HTTP Request: POST http://localhost:8007/v1/chat/completions "HTTP/1.1 200 OK"

2026-08-17 10:43:14,590 - INFO - HTTP Request: POST http://localhost:8007/v1/chat/completions "HTTP/1.1 200 OK"
2026-08-17 10:43:15,996 - INFO - HTTP Request: POST http://localhost:8007/v1/chat/completions "HTTP/1.1 200 OK"

2026-08-17 10:43:24,041 - INFO - HTTP Request: POST http://localhost:8007/v1/chat/completions "HTTP/1.1 200 OK"
2026-08-17 10:43:25,663 - INFO - HTTP Request: POST http://localhost:8007/v1/chat/completions "HTTP/1.1 200 OK"

2026-08-17 10:43:35,664 - INFO - HTTP Request: POST http://localhost:8007/v1/chat/completions "HTTP/1.1 200 OK"

2026-08-17 10:43:36,318 - INFO - HTTP Request: POST http://localhost:8007/v1/chat/completions "HTTP/1.1 200 OK"
2026-08-17 10:43:43,635 - INFO - HTTP Request: POST http://localhost:8007/v1/chat/completions "HTTP/1.1 200 OK"
2026-08-17 10:43:45,909 - INFO - HTTP Request: POST http://localhost:8007/v1/chat/completions "HTTP/1.1 200 OK"

2026-08-17 10:43:46,126 - INFO - HTTP Request: POST http://localhost:8007/v1/chat/completions "HTTP/1.1 200 OK"
2026-08-17 10:43:59,568 - INFO - HTTP Request: POST http://localhost:8007/v1/chat/completions "HTTP/1.1 200 OK"

2026-08-17 10:44:01,312 - INFO - HTTP Request: POST http://localhost:8007/v1/chat/completions "HTTP/1.1 200 OK"

2026-08-17 10:44:05,663 - INFO - HTTP Request: POST http://localhost:8007/v1/chat/completions "HTTP/1.1 200 OK"
2026-08-17 10:44:15,764 - INFO - HTTP Request: POST http://localhost:8007/v1/chat/completions "HTTP/1.1 200 OK"
2026-08-17 10:44:20,048 - INFO - HTTP Request: POST http://localhost:8007/v1/chat/completions "HTTP/1.1 200 OK"

2026-08-17 10:44:27,012 - INFO - HTTP Request: POST http://localhost:8007/v1/chat/completions "HTTP/1.1 200 OK"

2026-08-17 10:44:29,192 - INFO - HTTP Request: POST http://localhost:8007/v1/chat/completions "HTTP/1.1 200 OK"
2026-08-17 10:44:35,219 - INFO - HTTP Request: POST http://localhost:8007/v1/chat/completions "HTTP/1.1 200 OK"
2026-08-17 10:44:41,194 - INFO - HTTP Request: POST http://localhost:8007/v1/chat/completions "HTTP/1.1 200 OK"

2026-08-17 10:44:45,985 - INFO - HTTP Request: POST http://localhost:8007/v1/chat/completions "HTTP/1.1 200 OK"

r0_cfg20:  50%|█████     | 25/50 [40:26<53:39, 128.80s/it]2026-08-17 10:44:53,802 - INFO - HTTP Request: POST http://localhost:8007/v1/chat/completions "HTTP/1.1 200 OK"
2026-08-17 10:44:59,121 - INFO - HTTP Request: POST http://localhost:8007/v1/chat/completions "HTTP/1.1 200 OK"
2026-08-17 10:45:05,950 - INFO - HTTP Request: POST http://localhost:8007/v1/chat/completions "HTTP/1.1 200 OK"

r0_cfg20:  52%|█████▏    | 26/50 [40:46<38:27, 96.15s/it] 2026-08-17 10:45:08,561 - INFO - HTTP Request: POST http://localhost:8007/v1/chat/completions "HTTP/1.1 200 OK"
2026-08-17 10:45:10,403 - INFO - HTTP Request: POST http://localhost:8007/v1/chat/completions "HTTP/1.1 200 OK"

r0_cfg20:  54%|█████▍    | 27/50 [40:51<26:18, 68.64s/it]2026-08-17 10:45:15,187 - INFO - HTTP Request: POST http://localhost:8007/v1/chat/completions "HTTP/1.1 200 OK"
2026-08-17 10:45:21,435 - INFO - HTTP Request: POST http://localhost:8007/v1/chat/completions "HTTP/1.1 200 OK"

2026-08-17 10:45:27,090 - INFO - HTTP Request: POST http://localhost:8007/v1/chat/completions "HTTP/1.1 200 OK"

r0_cfg20:  56%|█████▌    | 28/50 [41:07<19:27, 53.05s/it]2026-08-17 10:45:28,608 - INFO - HTTP Request: POST http://localhost:8007/v1/chat/completions "HTTP/1.1 200 OK"
2026-08-17 10:45:32,890 - INFO - HTTP Request: POST http://localhost:8007/v1/chat/completions "HTTP/1.1 200 OK"
2026-08-17 10:45:42,348 - INFO - HTTP Request: POST http://localhost:8007/v1/chat/completions "HTTP/1.1 200 OK"

2026-08-17 10:45:46,263 - INFO - HTTP Request: POST http://localhost:8007/v1/chat/completions "HTTP/1.1 200 OK"

2026-08-17 10:45:48,217 - INFO - HTTP Request: POST http://localhost:8007/v1/chat/completions "HTTP/1.1 200 OK"
2026-08-17 10:45:49,893 - INFO - HTTP Request: POST http://localhost:8007/v1/chat/completions "HTTP/1.1 200 OK"
2026-08-17 10:46:00,695 - INFO - HTTP Request: POST http://localhost:8007/v1/chat/completions "HTTP/1.1 200 OK"

2026-08-17 10:46:04,608 - INFO - HTTP Request: POST http://localhost:8007/v1/chat/completions "HTTP/1.1 200 OK"

2026-08-17 10:46:08,732 - INFO - HTTP Request: POST http://localhost:8007/v1/chat/completions "HTTP/1.1 200 OK"
2026-08-17 10:46:13,233 - INFO - HTTP Request: POST http://localhost:8007/v1/chat/completions "HTTP/1.1 200 OK"
2026-08-17 10:46:19,918 - INFO - HTTP Request: POST http://localhost:8007/v1/chat/completions "HTTP/1.1 200 OK"

2026-08-17 10:46:23,833 - INFO - HTTP Request: POST http://localhost:8007/v1/chat/completions "HTTP/1.1 200 OK"

2026-08-17 10:46:27,523 - INFO - HTTP Request: POST http://localhost:8007/v1/chat/completions "HTTP/1.1 200 OK"
2026-08-17 10:46:29,835 - INFO - HTTP Request: POST http://localhost:8007/v1/chat/completions "HTTP/1.1 200 OK"
2026-08-17 10:46:39,291 - INFO - HTTP Request: POST http://localhost:8007/v1/chat/completions "HTTP/1.1 200 OK"

2026-08-17 10:46:44,728 - INFO - HTTP Request: POST http://localhost:8007/v1/chat/completions "HTTP/1.1 200 OK"
2026-08-17 10:46:46,405 - INFO - HTTP Request: POST http://localhost:8007/v1/chat/completions "HTTP/1.1 200 OK"

2026-08-17 10:46:49,023 - INFO - HTTP Request: POST http://localhost:8007/v1/chat/completions "HTTP/1.1 200 OK"
2026-08-17 10:46:58,099 - INFO - HTTP Request: POST http://localhost:8007/v1/chat/completions "HTTP/1.1 200 OK"

2026-08-17 10:47:01,587 - INFO - HTTP Request: POST http://localhost:8007/v1/chat/completions "HTTP/1.1 200 OK"

2026-08-17 10:47:04,416 - INFO - HTTP Request: POST http://localhost:8007/v1/chat/completions "HTTP/1.1 200 OK"
2026-08-17 10:47:11,077 - INFO - HTTP Request: POST http://localhost:8007/v1/chat/completions "HTTP/1.1 200 OK"
2026-08-17 10:47:22,487 - INFO - HTTP Request: POST http://localhost:8007/v1/chat/completions "HTTP/1.1 200 OK"
2026-08-17 10:47:23,224 - INFO - HTTP Request: POST http://localhost:8007/v1/chat/completions "HTTP/1.1 200 OK"

2026-08-17 10:47:23,463 - INFO - HTTP Request: POST http://localhost:8007/v1/chat/completions "HTTP/1.1 200 OK"

2026-08-17 10:47:26,297 - INFO - HTTP Request: POST http://localhost:8007/v1/chat/completions "HTTP/1.1 200 OK"
2026-08-17 10:47:35,324 - INFO - HTTP Request: POST http://localhost:8007/v1/chat/completions "HTTP/1.1 200 OK"

2026-08-17 10:47:38,376 - INFO - HTTP Request: POST http://localhost:8007/v1/chat/completions "HTTP/1.1 200 OK"

2026-08-17 10:47:43,154 - INFO - HTTP Request: POST http://localhost:8007/v1/chat/completions "HTTP/1.1 200 OK"
2026-08-17 10:47:48,089 - INFO - HTTP Request: POST http://localhost:8007/v1/chat/completions "HTTP/1.1 200 OK"
2026-08-17 10:47:55,408 - INFO - HTTP Request: POST http://localhost:8007/v1/chat/completions "HTTP/1.1 200 OK"

2026-08-17 10:47:55,625 - INFO - HTTP Request: POST http://localhost:8007/v1/chat/completions "HTTP/1.1 200 OK"
2026-08-17 10:47:58,608 - INFO - HTTP Request: POST http://localhost:8007/v1/chat/completions "HTTP/1.1 200 OK"
2026-08-17 10:48:00,723 - INFO - HTTP Request: POST http://localhost:8007/v1/chat/completions "HTTP/1.1 200 OK"

2026-08-17 10:48:11,180 - INFO - HTTP Request: POST http://localhost:8007/v1/chat/completions "HTTP/1.1 200 OK"

2026-08-17 10:48:11,614 - INFO - HTTP Request: POST http://localhost:8007/v1/chat/completions "HTTP/1.1 200 OK"

2026-08-17 10:48:20,517 - INFO - HTTP Request: POST http://localhost:8007/v1/chat/completions "HTTP/1.1 200 OK"
2026-08-17 10:48:25,005 - INFO - HTTP Request: POST http://localhost:8007/v1/chat/completions "HTTP/1.1 200 OK"
2026-08-17 10:48:35,763 - INFO - HTTP Request: POST http://localhost:8007/v1/chat/completions "HTTP/1.1 200 OK"

2026-08-17 10:48:36,419 - INFO - HTTP Request: POST http://localhost:8007/v1/chat/completions "HTTP/1.1 200 OK"

2026-08-17 10:48:40,326 - INFO - HTTP Request: POST http://localhost:8007/v1/chat/completions "HTTP/1.1 200 OK"
2026-08-17 10:48:41,045 - INFO - HTTP Request: POST http://localhost:8007/v1/chat/completions "HTTP/1.1 200 OK"
2026-08-17 10:48:54,890 - INFO - HTTP Request: POST http://localhost:8007/v1/chat/completions "HTTP/1.1 200 OK"

2026-08-17 10:48:56,416 - INFO - HTTP Request: POST http://localhost:8007/v1/chat/completions "HTTP/1.1 200 OK"

2026-08-17 10:48:57,069 - INFO - HTTP Request: POST http://localhost:8007/v1/chat/completions "HTTP/1.1 200 OK"
2026-08-17 10:49:05,480 - INFO - HTTP Request: POST http://localhost:8007/v1/chat/completions "HTTP/1.1 200 OK"
2026-08-17 10:49:13,463 - INFO - HTTP Request: POST http://localhost:8007/v1/chat/completions "HTTP/1.1 200 OK"

2026-08-17 10:49:15,420 - INFO - HTTP Request: POST http://localhost:8007/v1/chat/completions "HTTP/1.1 200 OK"
2026-08-17 10:49:17,316 - INFO - HTTP Request: POST http://localhost:8007/v1/chat/completions "HTTP/1.1 200 OK"
2026-08-17 10:49:18,049 - INFO - HTTP Request: POST http://localhost:8007/v1/chat/completions "HTTP/1.1 200 OK"

2026-08-17 10:49:31,184 - INFO - HTTP Request: POST http://localhost:8007/v1/chat/completions "HTTP/1.1 200 OK"

2026-08-17 10:49:31,185 - INFO - HTTP Request: POST http://localhost:8007/v1/chat/completions "HTTP/1.1 200 OK"

2026-08-17 10:49:38,137 - INFO - HTTP Request: POST http://localhost:8007/v1/chat/completions "HTTP/1.1 200 OK"
2026-08-17 10:49:43,498 - INFO - HTTP Request: POST http://localhost:8007/v1/chat/completions "HTTP/1.1 200 OK"
2026-08-17 10:49:53,398 - INFO - HTTP Request: POST http://localhost:8007/v1/chat/completions "HTTP/1.1 200 OK"

2026-08-17 10:49:54,054 - INFO - HTTP Request: POST http://localhost:8007/v1/chat/completions "HTTP/1.1 200 OK"

2026-08-17 10:50:00,791 - INFO - HTTP Request: POST http://localhost:8007/v1/chat/completions "HTTP/1.1 200 OK"
2026-08-17 10:50:00,792 - INFO - HTTP Request: POST http://localhost:8007/v1/chat/completions "HTTP/1.1 200 OK"
2026-08-17 10:50:14,396 - INFO - HTTP Request: POST http://localhost:8007/v1/chat/completions "HTTP/1.1 200 OK"

2026-08-17 10:50:15,493 - INFO - HTTP Request: POST http://localhost:8007/v1/chat/completions "HTTP/1.1 200 OK"

2026-08-17 10:50:23,319 - INFO - HTTP Request: POST http://localhost:8007/v1/chat/completions "HTTP/1.1 200 OK"
2026-08-17 10:50:28,027 - INFO - HTTP Request: POST http://localhost:8007/v1/chat/completions "HTTP/1.1 200 OK"
2026-08-17 10:50:40,753 - INFO - HTTP Request: POST http://localhost:8007/v1/chat/completions "HTTP/1.1 200 OK"

2026-08-17 10:50:43,154 - INFO - HTTP Request: POST http://localhost:8007/v1/chat/completions "HTTP/1.1 200 OK"

r0_cfg20:  58%|█████▊    | 29/50 [46:23<46:11, 131.96s/it]2026-08-17 10:50:47,499 - INFO - HTTP Request: POST http://localhost:8007/v1/chat/completions "HTTP/1.1 200 OK"
2026-08-17 10:50:49,394 - INFO - HTTP Request: POST http://localhost:8007/v1/chat/completions "HTTP/1.1 200 OK"
2026-08-17 10:51:01,084 - INFO - HTTP Request: POST http://localhost:8007/v1/chat/completions "HTTP/1.1 200 OK"

r0_cfg20:  60%|██████    | 30/50 [46:41<32:34, 97.75s/it] 2026-08-17 10:51:02,611 - INFO - HTTP Request: POST http://localhost:8007/v1/chat/completions "HTTP/1.1 200 OK"

r0_cfg20:  62%|██████▏   | 31/50 [46:43<21:48, 68.88s/it]2026-08-17 10:51:05,866 - INFO - HTTP Request: POST http://localhost:8007/v1/chat/completions "HTTP/1.1 200 OK"
2026-08-17 10:51:12,965 - INFO - HTTP Request: POST http://localhost:8007/v1/chat/completions "HTTP/1.1 200 OK"
2026-08-17 10:51:17,830 - INFO - HTTP Request: POST http://localhost:8007/v1/chat/completions "HTTP/1.1 200 OK"

2026-08-17 10:51:23,479 - INFO - HTTP Request: POST http://localhost:8007/v1/chat/completions "HTTP/1.1 200 OK"
2026-08-17 10:51:25,104 - INFO - HTTP Request: POST http://localhost:8007/v1/chat/completions "HTTP/1.1 200 OK"
2026-08-17 10:51:32,005 - INFO - HTTP Request: POST http://localhost:8007/v1/chat/completions "HTTP/1.1 200 OK"

r0_cfg20:  64%|██████▍   | 32/50 [47:12<17:06, 57.04s/it]2026-08-17 10:51:34,833 - INFO - HTTP Request: POST http://localhost:8007/v1/chat/completions "HTTP/1.1 200 OK"

2026-08-17 10:51:36,356 - INFO - HTTP Request: POST http://localhost:8007/v1/chat/completions "HTTP/1.1 200 OK"

2026-08-17 10:51:44,381 - INFO - HTTP Request: POST http://localhost:8007/v1/chat/completions "HTTP/1.1 200 OK"
2026-08-17 10:51:54,087 - INFO - HTTP Request: POST http://localhost:8007/v1/chat/completions "HTTP/1.1 200 OK"
2026-08-17 10:52:00,060 - INFO - HTTP Request: POST http://localhost:8007/v1/chat/completions "HTTP/1.1 200 OK"

2026-08-17 10:52:01,365 - INFO - HTTP Request: POST http://localhost:8007/v1/chat/completions "HTTP/1.1 200 OK"
2026-08-17 10:52:03,261 - INFO - HTTP Request: POST http://localhost:8007/v1/chat/completions "HTTP/1.1 200 OK"
2026-08-17 10:52:12,119 - INFO - HTTP Request: POST http://localhost:8007/v1/chat/completions "HTTP/1.1 200 OK"

2026-08-17 10:52:12,775 - INFO - HTTP Request: POST http://localhost:8007/v1/chat/completions "HTTP/1.1 200 OK"

2026-08-17 10:52:13,647 - INFO - HTTP Request: POST http://localhost:8007/v1/chat/completions "HTTP/1.1 200 OK"

2026-08-17 10:52:24,933 - INFO - HTTP Request: POST http://localhost:8007/v1/chat/completions "HTTP/1.1 200 OK"
2026-08-17 10:52:36,600 - INFO - HTTP Request: POST http://localhost:8007/v1/chat/completions "HTTP/1.1 200 OK"
2026-08-17 10:52:37,572 - INFO - HTTP Request: POST http://localhost:8007/v1/chat/completions "HTTP/1.1 200 OK"
2026-08-17 10:52:40,322 - INFO - HTTP Request: POST http://localhost:8007/v1/chat/completions "HTTP/1.1 200 OK"
2026-08-17 10:52:44,130 - INFO - HTTP Request: POST http://localhost:8007/v1/chat/completions "HTTP/1.1 200 OK"

2026-08-17 10:52:48,495 - INFO - HTTP Request: POST http://localhost:8007/v1/chat/completions "HTTP/1.1 200 OK"

2026-08-17 10:52:48,713 - INFO - HTTP Request: POST http://localhost:8007/v1/chat/completions "HTTP/1.1 200 OK"

2026-08-17 10:52:52,201 - INFO - HTTP Request: POST http://localhost:8007/v1/chat/completions "HTTP/1.1 200 OK"

2026-08-17 10:53:07,608 - INFO - HTTP Request: POST http://localhost:8007/v1/chat/completions "HTTP/1.1 200 OK"
2026-08-17 10:53:12,904 - INFO - HTTP Request: POST http://localhost:8007/v1/chat/completions "HTTP/1.1 200 OK"
2026-08-17 10:53:13,121 - INFO - HTTP Request: POST http://localhost:8007/v1/chat/completions "HTTP/1.1 200 OK"
2026-08-17 10:53:16,200 - INFO - HTTP Request: POST http://localhost:8007/v1/chat/completions "HTTP/1.1 200 OK"
2026-08-17 10:53:21,861 - INFO - HTTP Request: POST http://localhost:8007/v1/chat/completions "HTTP/1.1 200 OK"

2026-08-17 10:53:26,009 - INFO - HTTP Request: POST http://localhost:8007/v1/chat/completions "HTTP/1.1 200 OK"

2026-08-17 10:53:26,673 - INFO - HTTP Request: POST http://localhost:8007/v1/chat/completions "HTTP/1.1 200 OK"

2026-08-17 10:53:33,631 - INFO - HTTP Request: POST http://localhost:8007/v1/chat/completions "HTTP/1.1 200 OK"

2026-08-17 10:53:41,667 - INFO - HTTP Request: POST http://localhost:8007/v1/chat/completions "HTTP/1.1 200 OK"
2026-08-17 10:53:45,940 - INFO - HTTP Request: POST http://localhost:8007/v1/chat/completions "HTTP/1.1 200 OK"
2026-08-17 10:53:46,158 - INFO - HTTP Request: POST http://localhost:8007/v1/chat/completions "HTTP/1.1 200 OK"
2026-08-17 10:53:54,289 - INFO - HTTP Request: POST http://localhost:8007/v1/chat/completions "HTTP/1.1 200 OK"

2026-08-17 10:53:55,597 - INFO - HTTP Request: POST http://localhost:8007/v1/chat/completions "HTTP/1.1 200 OK"

2026-08-17 10:53:57,771 - INFO - HTTP Request: POST http://localhost:8007/v1/chat/completions "HTTP/1.1 200 OK"

2026-08-17 10:53:57,772 - INFO - HTTP Request: POST http://localhost:8007/v1/chat/completions "HTTP/1.1 200 OK"
2026-08-17 10:54:10,254 - INFO - HTTP Request: POST http://localhost:8007/v1/chat/completions "HTTP/1.1 200 OK"

2026-08-17 10:54:23,283 - INFO - HTTP Request: POST http://localhost:8007/v1/chat/completions "HTTP/1.1 200 OK"
2026-08-17 10:54:24,729 - INFO - HTTP Request: POST http://localhost:8007/v1/chat/completions "HTTP/1.1 200 OK"
2026-08-17 10:54:27,223 - INFO - HTTP Request: POST http://localhost:8007/v1/chat/completions "HTTP/1.1 200 OK"
2026-08-17 10:54:30,639 - INFO - HTTP Request: POST http://localhost:8007/v1/chat/completions "HTTP/1.1 200 OK"
2026-08-17 10:54:35,747 - INFO - HTTP Request: POST http://localhost:8007/v1/chat/completions "HTTP/1.1 200 OK"

2026-08-17 10:54:37,057 - INFO - HTTP Request: POST http://localhost:8007/v1/chat/completions "HTTP/1.1 200 OK"

2026-08-17 10:54:40,542 - INFO - HTTP Request: POST http://localhost:8007/v1/chat/completions "HTTP/1.1 200 OK"

2026-08-17 10:54:44,890 - INFO - HTTP Request: POST http://localhost:8007/v1/chat/completions "HTTP/1.1 200 OK"

2026-08-17 10:54:55,741 - INFO - HTTP Request: POST http://localhost:8007/v1/chat/completions "HTTP/1.1 200 OK"
2026-08-17 10:54:57,186 - INFO - HTTP Request: POST http://localhost:8007/v1/chat/completions "HTTP/1.1 200 OK"
2026-08-17 10:55:00,812 - INFO - HTTP Request: POST http://localhost:8007/v1/chat/completions "HTTP/1.1 200 OK"
2026-08-17 10:55:07,061 - INFO - HTTP Request: POST http://localhost:8007/v1/chat/completions "HTTP/1.1 200 OK"

2026-08-17 10:55:13,156 - INFO - HTTP Request: POST http://localhost:8007/v1/chat/completions "HTTP/1.1 200 OK"

2026-08-17 10:55:13,373 - INFO - HTTP Request: POST http://localhost:8007/v1/chat/completions "HTTP/1.1 200 OK"

2026-08-17 10:55:14,245 - INFO - HTTP Request: POST http://localhost:8007/v1/chat/completions "HTTP/1.1 200 OK"
2026-08-17 10:55:29,125 - INFO - HTTP Request: POST http://localhost:8007/v1/chat/completions "HTTP/1.1 200 OK"

2026-08-17 10:55:36,508 - INFO - HTTP Request: POST http://localhost:8007/v1/chat/completions "HTTP/1.1 200 OK"
2026-08-17 10:55:42,737 - INFO - HTTP Request: POST http://localhost:8007/v1/chat/completions "HTTP/1.1 200 OK"
2026-08-17 10:55:42,955 - INFO - HTTP Request: POST http://localhost:8007/v1/chat/completions "HTTP/1.1 200 OK"
2026-08-17 10:55:48,212 - INFO - HTTP Request: POST http://localhost:8007/v1/chat/completions "HTTP/1.1 200 OK"

2026-08-17 10:55:49,746 - INFO - HTTP Request: POST http://localhost:8007/v1/chat/completions "HTTP/1.1 200 OK"
2026-08-17 10:55:54,203 - INFO - HTTP Request: POST http://localhost:8007/v1/chat/completions "HTTP/1.1 200 OK"

2026-08-17 10:56:01,614 - INFO - HTTP Request: POST http://localhost:8007/v1/chat/completions "HTTP/1.1 200 OK"

2026-08-17 10:56:06,188 - INFO - HTTP Request: POST http://localhost:8007/v1/chat/completions "HTTP/1.1 200 OK"

2026-08-17 10:56:21,170 - INFO - HTTP Request: POST http://localhost:8007/v1/chat/completions "HTTP/1.1 200 OK"
2026-08-17 10:56:27,401 - INFO - HTTP Request: POST http://localhost:8007/v1/chat/completions "HTTP/1.1 200 OK"
2026-08-17 10:56:34,691 - INFO - HTTP Request: POST http://localhost:8007/v1/chat/completions "HTTP/1.1 200 OK"
2026-08-17 10:56:35,708 - INFO - HTTP Request: POST http://localhost:8007/v1/chat/completions "HTTP/1.1 200 OK"

r0_cfg20:  66%|██████▌   | 33/50 [52:16<37:07, 131.04s/it]2026-08-17 10:56:35,927 - INFO - HTTP Request: POST http://localhost:8007/v1/chat/completions "HTTP/1.1 200 OK"
2026-08-17 10:56:44,748 - INFO - HTTP Request: POST http://localhost:8007/v1/chat/completions "HTTP/1.1 200 OK"

r0_cfg20:  68%|██████▊   | 34/50 [52:25<25:10, 94.44s/it] 2026-08-17 10:56:50,192 - INFO - HTTP Request: POST http://localhost:8007/v1/chat/completions "HTTP/1.1 200 OK"

2026-08-17 10:56:53,678 - INFO - HTTP Request: POST http://localhost:8007/v1/chat/completions "HTTP/1.1 200 OK"

r0_cfg20:  70%|███████   | 35/50 [52:34<17:11, 68.79s/it]2026-08-17 10:56:58,019 - INFO - HTTP Request: POST http://localhost:8007/v1/chat/completions "HTTP/1.1 200 OK"
2026-08-17 10:57:06,867 - INFO - HTTP Request: POST http://localhost:8007/v1/chat/completions "HTTP/1.1 200 OK"
2026-08-17 10:57:11,953 - INFO - HTTP Request: POST http://localhost:8007/v1/chat/completions "HTTP/1.1 200 OK"

2026-08-17 10:57:16,304 - INFO - HTTP Request: POST http://localhost:8007/v1/chat/completions "HTTP/1.1 200 OK"
2026-08-17 10:57:20,157 - INFO - HTTP Request: POST http://localhost:8007/v1/chat/completions "HTTP/1.1 200 OK"

2026-08-17 10:57:23,638 - INFO - HTTP Request: POST http://localhost:8007/v1/chat/completions "HTTP/1.1 200 OK"
2026-08-17 10:57:30,614 - INFO - HTTP Request: POST http://localhost:8007/v1/chat/completions "HTTP/1.1 200 OK"

2026-08-17 10:57:38,878 - INFO - HTTP Request: POST http://localhost:8007/v1/chat/completions "HTTP/1.1 200 OK"
2026-08-17 10:57:39,909 - INFO - HTTP Request: POST http://localhost:8007/v1/chat/completions "HTTP/1.1 200 OK"

r0_cfg20:  72%|███████▏  | 36/50 [53:20<14:28, 62.02s/it]2026-08-17 10:57:46,865 - INFO - HTTP Request: POST http://localhost:8007/v1/chat/completions "HTTP/1.1 200 OK"
2026-08-17 10:57:53,699 - INFO - HTTP Request: POST http://localhost:8007/v1/chat/completions "HTTP/1.1 200 OK"

2026-08-17 10:57:57,392 - INFO - HTTP Request: POST http://localhost:8007/v1/chat/completions "HTTP/1.1 200 OK"
2026-08-17 10:57:58,420 - INFO - HTTP Request: POST http://localhost:8007/v1/chat/completions "HTTP/1.1 200 OK"

2026-08-17 10:58:02,552 - INFO - HTTP Request: POST http://localhost:8007/v1/chat/completions "HTTP/1.1 200 OK"
2026-08-17 10:58:09,827 - INFO - HTTP Request: POST http://localhost:8007/v1/chat/completions "HTTP/1.1 200 OK"

2026-08-17 10:58:14,176 - INFO - HTTP Request: POST http://localhost:8007/v1/chat/completions "HTTP/1.1 200 OK"

2026-08-17 10:58:18,735 - INFO - HTTP Request: POST http://localhost:8007/v1/chat/completions "HTTP/1.1 200 OK"
2026-08-17 10:58:23,454 - INFO - HTTP Request: POST http://localhost:8007/v1/chat/completions "HTTP/1.1 200 OK"
2026-08-17 10:58:33,983 - INFO - HTTP Request: POST http://localhost:8007/v1/chat/completions "HTTP/1.1 200 OK"

2026-08-17 10:58:34,862 - INFO - HTTP Request: POST http://localhost:8007/v1/chat/completions "HTTP/1.1 200 OK"
2026-08-17 10:58:38,499 - INFO - HTTP Request: POST http://localhost:8007/v1/chat/completions "HTTP/1.1 200 OK"

2026-08-17 10:58:41,335 - INFO - HTTP Request: POST http://localhost:8007/v1/chat/completions "HTTP/1.1 200 OK"
2026-08-17 10:58:50,357 - INFO - HTTP Request: POST http://localhost:8007/v1/chat/completions "HTTP/1.1 200 OK"

2026-08-17 10:58:54,060 - INFO - HTTP Request: POST http://localhost:8007/v1/chat/completions "HTTP/1.1 200 OK"

2026-08-17 10:58:58,835 - INFO - HTTP Request: POST http://localhost:8007/v1/chat/completions "HTTP/1.1 200 OK"
2026-08-17 10:59:02,634 - INFO - HTTP Request: POST http://localhost:8007/v1/chat/completions "HTTP/1.1 200 OK"
2026-08-17 10:59:11,637 - INFO - HTTP Request: POST http://localhost:8007/v1/chat/completions "HTTP/1.1 200 OK"

2026-08-17 10:59:15,123 - INFO - HTTP Request: POST http://localhost:8007/v1/chat/completions "HTTP/1.1 200 OK"
2026-08-17 10:59:16,096 - INFO - HTTP Request: POST http://localhost:8007/v1/chat/completions "HTTP/1.1 200 OK"

2026-08-17 10:59:19,365 - INFO - HTTP Request: POST http://localhost:8007/v1/chat/completions "HTTP/1.1 200 OK"
2026-08-17 10:59:27,517 - INFO - HTTP Request: POST http://localhost:8007/v1/chat/completions "HTTP/1.1 200 OK"

2026-08-17 10:59:31,654 - INFO - HTTP Request: POST http://localhost:8007/v1/chat/completions "HTTP/1.1 200 OK"
2026-08-17 10:59:32,403 - INFO - HTTP Request: POST http://localhost:8007/v1/chat/completions "HTTP/1.1 200 OK"

2026-08-17 10:59:36,600 - INFO - HTTP Request: POST http://localhost:8007/v1/chat/completions "HTTP/1.1 200 OK"
2026-08-17 10:59:43,209 - INFO - HTTP Request: POST http://localhost:8007/v1/chat/completions "HTTP/1.1 200 OK"

2026-08-17 10:59:47,124 - INFO - HTTP Request: POST http://localhost:8007/v1/chat/completions "HTTP/1.1 200 OK"

2026-08-17 10:59:47,558 - INFO - HTTP Request: POST http://localhost:8007/v1/chat/completions "HTTP/1.1 200 OK"
2026-08-17 10:59:56,689 - INFO - HTTP Request: POST http://localhost:8007/v1/chat/completions "HTTP/1.1 200 OK"
2026-08-17 11:00:02,008 - INFO - HTTP Request: POST http://localhost:8007/v1/chat/completions "HTTP/1.1 200 OK"

2026-08-17 11:00:09,401 - INFO - HTTP Request: POST http://localhost:8007/v1/chat/completions "HTTP/1.1 200 OK"

2026-08-17 11:00:12,664 - INFO - HTTP Request: POST http://localhost:8007/v1/chat/completions "HTTP/1.1 200 OK"
2026-08-17 11:00:16,894 - INFO - HTTP Request: POST http://localhost:8007/v1/chat/completions "HTTP/1.1 200 OK"
2026-08-17 11:00:28,293 - INFO - HTTP Request: POST http://localhost:8007/v1/chat/completions "HTTP/1.1 200 OK"

2026-08-17 11:00:29,818 - INFO - HTTP Request: POST http://localhost:8007/v1/chat/completions "HTTP/1.1 200 OK"
2026-08-17 11:00:31,440 - INFO - HTTP Request: POST http://localhost:8007/v1/chat/completions "HTTP/1.1 200 OK"

2026-08-17 11:00:31,657 - INFO - HTTP Request: POST http://localhost:8007/v1/chat/completions "HTTP/1.1 200 OK"
2026-08-17 11:00:38,725 - INFO - HTTP Request: POST http://localhost:8007/v1/chat/completions "HTTP/1.1 200 OK"

2026-08-17 11:00:45,682 - INFO - HTTP Request: POST http://localhost:8007/v1/chat/completions "HTTP/1.1 200 OK"

2026-08-17 11:00:48,939 - INFO - HTTP Request: POST http://localhost:8007/v1/chat/completions "HTTP/1.1 200 OK"
2026-08-17 11:00:52,139 - INFO - HTTP Request: POST http://localhost:8007/v1/chat/completions "HTTP/1.1 200 OK"
2026-08-17 11:01:01,800 - INFO - HTTP Request: POST http://localhost:8007/v1/chat/completions "HTTP/1.1 200 OK"

2026-08-17 11:01:05,717 - INFO - HTTP Request: POST http://localhost:8007/v1/chat/completions "HTTP/1.1 200 OK"

2026-08-17 11:01:06,371 - INFO - HTTP Request: POST http://localhost:8007/v1/chat/completions "HTTP/1.1 200 OK"
2026-08-17 11:01:08,483 - INFO - HTTP Request: POST http://localhost:8007/v1/chat/completions "HTTP/1.1 200 OK"
2026-08-17 11:01:19,682 - INFO - HTTP Request: POST http://localhost:8007/v1/chat/completions "HTTP/1.1 200 OK"

2026-08-17 11:01:20,555 - INFO - HTTP Request: POST http://localhost:8007/v1/chat/completions "HTTP/1.1 200 OK"

2026-08-17 11:01:31,631 - INFO - HTTP Request: POST http://localhost:8007/v1/chat/completions "HTTP/1.1 200 OK"
2026-08-17 11:01:35,921 - INFO - HTTP Request: POST http://localhost:8007/v1/chat/completions "HTTP/1.1 200 OK"
2026-08-17 11:01:40,360 - INFO - HTTP Request: POST http://localhost:8007/v1/chat/completions "HTTP/1.1 200 OK"
2026-08-17 11:01:45,476 - INFO - HTTP Request: POST http://localhost:8007/v1/chat/completions "HTTP/1.1 200 OK"

2026-08-17 11:01:48,970 - INFO - HTTP Request: POST http://localhost:8007/v1/chat/completions "HTTP/1.1 200 OK"

2026-08-17 11:01:50,720 - INFO - HTTP Request: POST http://localhost:8007/v1/chat/completions "HTTP/1.1 200 OK"
2026-08-17 11:01:53,705 - INFO - HTTP Request: POST http://localhost:8007/v1/chat/completions "HTTP/1.1 200 OK"

2026-08-17 11:02:07,623 - INFO - HTTP Request: POST http://localhost:8007/v1/chat/completions "HTTP/1.1 200 OK"

2026-08-17 11:02:18,274 - INFO - HTTP Request: POST http://localhost:8007/v1/chat/completions "HTTP/1.1 200 OK"
2026-08-17 11:02:22,128 - INFO - HTTP Request: POST http://localhost:8007/v1/chat/completions "HTTP/1.1 200 OK"
2026-08-17 11:02:23,518 - INFO - HTTP Request: POST http://localhost:8007/v1/chat/completions "HTTP/1.1 200 OK"
2026-08-17 11:02:31,029 - INFO - HTTP Request: POST http://localhost:8007/v1/chat/completions "HTTP/1.1 200 OK"

r0_cfg20:  74%|███████▍  | 37/50 [58:11<28:19, 130.75s/it]2026-08-17 11:02:38,000 - INFO - HTTP Request: POST http://localhost:8007/v1/chat/completions "HTTP/1.1 200 OK"

r0_cfg20:  76%|███████▌  | 38/50 [58:18<18:43, 93.62s/it] 2026-08-17 11:02:39,960 - INFO - HTTP Request: POST http://localhost:8007/v1/chat/completions "HTTP/1.1 200 OK"

2026-08-17 11:02:41,705 - INFO - HTTP Request: POST http://localhost:8007/v1/chat/completions "HTTP/1.1 200 OK"
2026-08-17 11:02:53,385 - INFO - HTTP Request: POST http://localhost:8007/v1/chat/completions "HTTP/1.1 200 OK"
2026-08-17 11:02:56,587 - INFO - HTTP Request: POST http://localhost:8007/v1/chat/completions "HTTP/1.1 200 OK"

r0_cfg20:  78%|███████▊  | 39/50 [58:37<13:02, 71.11s/it]2026-08-17 11:03:00,719 - INFO - HTTP Request: POST http://localhost:8007/v1/chat/completions "HTTP/1.1 200 OK"
2026-08-17 11:03:02,562 - INFO - HTTP Request: POST http://localhost:8007/v1/chat/completions "HTTP/1.1 200 OK"

2026-08-17 11:03:13,432 - INFO - HTTP Request: POST http://localhost:8007/v1/chat/completions "HTTP/1.1 200 OK"
2026-08-17 11:03:17,670 - INFO - HTTP Request: POST http://localhost:8007/v1/chat/completions "HTTP/1.1 200 OK"

2026-08-17 11:03:18,977 - INFO - HTTP Request: POST http://localhost:8007/v1/chat/completions "HTTP/1.1 200 OK"
2026-08-17 11:03:24,994 - INFO - HTTP Request: POST http://localhost:8007/v1/chat/completions "HTTP/1.1 200 OK"

r0_cfg20:  80%|████████  | 40/50 [59:05<09:42, 58.30s/it]2026-08-17 11:03:29,122 - INFO - HTTP Request: POST http://localhost:8007/v1/chat/completions "HTTP/1.1 200 OK"
2026-08-17 11:03:33,629 - INFO - HTTP Request: POST http://localhost:8007/v1/chat/completions "HTTP/1.1 200 OK"

2026-08-17 11:03:42,325 - INFO - HTTP Request: POST http://localhost:8007/v1/chat/completions "HTTP/1.1 200 OK"

2026-08-17 11:03:44,279 - INFO - HTTP Request: POST http://localhost:8007/v1/chat/completions "HTTP/1.1 200 OK"
2026-08-17 11:03:47,694 - INFO - HTTP Request: POST http://localhost:8007/v1/chat/completions "HTTP/1.1 200 OK"
2026-08-17 11:03:54,977 - INFO - HTTP Request: POST http://localhost:8007/v1/chat/completions "HTTP/1.1 200 OK"

2026-08-17 11:04:00,413 - INFO - HTTP Request: POST http://localhost:8007/v1/chat/completions "HTTP/1.1 200 OK"
2026-08-17 11:04:00,414 - INFO - HTTP Request: POST http://localhost:8007/v1/chat/completions "HTTP/1.1 200 OK"

2026-08-17 11:04:07,498 - INFO - HTTP Request: POST http://localhost:8007/v1/chat/completions "HTTP/1.1 200 OK"
2026-08-17 11:04:13,745 - INFO - HTTP Request: POST http://localhost:8007/v1/chat/completions "HTTP/1.1 200 OK"

2026-08-17 11:04:19,836 - INFO - HTTP Request: POST http://localhost:8007/v1/chat/completions "HTTP/1.1 200 OK"
2026-08-17 11:04:22,987 - INFO - HTTP Request: POST http://localhost:8007/v1/chat/completions "HTTP/1.1 200 OK"

2026-08-17 11:04:27,344 - INFO - HTTP Request: POST http://localhost:8007/v1/chat/completions "HTTP/1.1 200 OK"
2026-08-17 11:04:32,724 - INFO - HTTP Request: POST http://localhost:8007/v1/chat/completions "HTTP/1.1 200 OK"

2026-08-17 11:04:38,820 - INFO - HTTP Request: POST http://localhost:8007/v1/chat/completions "HTTP/1.1 200 OK"
2026-08-17 11:04:40,267 - INFO - HTTP Request: POST http://localhost:8007/v1/chat/completions "HTTP/1.1 200 OK"

2026-08-17 11:04:47,650 - INFO - HTTP Request: POST http://localhost:8007/v1/chat/completions "HTTP/1.1 200 OK"
2026-08-17 11:04:51,670 - INFO - HTTP Request: POST http://localhost:8007/v1/chat/completions "HTTP/1.1 200 OK"

2026-08-17 11:04:57,116 - INFO - HTTP Request: POST http://localhost:8007/v1/chat/completions "HTTP/1.1 200 OK"
2026-08-17 11:05:00,159 - INFO - HTTP Request: POST http://localhost:8007/v1/chat/completions "HTTP/1.1 200 OK"

2026-08-17 11:05:05,385 - INFO - HTTP Request: POST http://localhost:8007/v1/chat/completions "HTTP/1.1 200 OK"
2026-08-17 11:05:10,326 - INFO - HTTP Request: POST http://localhost:8007/v1/chat/completions "HTTP/1.1 200 OK"

2026-08-17 11:05:16,422 - INFO - HTTP Request: POST http://localhost:8007/v1/chat/completions "HTTP/1.1 200 OK"
2026-08-17 11:05:20,486 - INFO - HTTP Request: POST http://localhost:8007/v1/chat/completions "HTTP/1.1 200 OK"
2026-08-17 11:05:21,236 - INFO - HTTP Request: POST http://localhost:8007/v1/chat/completions "HTTP/1.1 200 OK"

2026-08-17 11:05:30,223 - INFO - HTTP Request: POST http://localhost:8007/v1/chat/completions "HTTP/1.1 200 OK"

2026-08-17 11:05:30,657 - INFO - HTTP Request: POST http://localhost:8007/v1/chat/completions "HTTP/1.1 200 OK"
2026-08-17 11:05:35,774 - INFO - HTTP Request: POST http://localhost:8007/v1/chat/completions "HTTP/1.1 200 OK"

2026-08-17 11:05:42,732 - INFO - HTTP Request: POST http://localhost:8007/v1/chat/completions "HTTP/1.1 200 OK"

2026-08-17 11:05:45,556 - INFO - HTTP Request: POST http://localhost:8007/v1/chat/completions "HTTP/1.1 200 OK"
2026-08-17 11:05:50,654 - INFO - HTTP Request: POST http://localhost:8007/v1/chat/completions "HTTP/1.1 200 OK"
2026-08-17 11:05:58,191 - INFO - HTTP Request: POST http://localhost:8007/v1/chat/completions "HTTP/1.1 200 OK"

2026-08-17 11:06:03,194 - INFO - HTTP Request: POST http://localhost:8007/v1/chat/completions "HTTP/1.1 200 OK"

2026-08-17 11:06:04,932 - INFO - HTTP Request: POST http://localhost:8007/v1/chat/completions "HTTP/1.1 200 OK"
2026-08-17 11:06:12,206 - INFO - HTTP Request: POST http://localhost:8007/v1/chat/completions "HTTP/1.1 200 OK"
2026-08-17 11:06:18,187 - INFO - HTTP Request: POST http://localhost:8007/v1/chat/completions "HTTP/1.1 200 OK"

2026-08-17 11:06:18,187 - INFO - HTTP Request: POST http://localhost:8007/v1/chat/completions "HTTP/1.1 200 OK"
2026-08-17 11:06:27,700 - INFO - HTTP Request: POST http://localhost:8007/v1/chat/completions "HTTP/1.1 200 OK"

2026-08-17 11:06:32,922 - INFO - HTTP Request: POST http://localhost:8007/v1/chat/completions "HTTP/1.1 200 OK"
2026-08-17 11:06:32,923 - INFO - HTTP Request: POST http://localhost:8007/v1/chat/completions "HTTP/1.1 200 OK"

2026-08-17 11:06:38,706 - INFO - HTTP Request: POST http://localhost:8007/v1/chat/completions "HTTP/1.1 200 OK"
2026-08-17 11:06:46,261 - INFO - HTTP Request: POST http://localhost:8007/v1/chat/completions "HTTP/1.1 200 OK"

2026-08-17 11:06:48,222 - INFO - HTTP Request: POST http://localhost:8007/v1/chat/completions "HTTP/1.1 200 OK"
2026-08-17 11:06:52,292 - INFO - HTTP Request: POST http://localhost:8007/v1/chat/completions "HTTP/1.1 200 OK"

2026-08-17 11:07:02,517 - INFO - HTTP Request: POST http://localhost:8007/v1/chat/completions "HTTP/1.1 200 OK"
2026-08-17 11:07:06,969 - INFO - HTTP Request: POST http://localhost:8007/v1/chat/completions "HTTP/1.1 200 OK"
2026-08-17 11:07:07,985 - INFO - HTTP Request: POST http://localhost:8007/v1/chat/completions "HTTP/1.1 200 OK"

2026-08-17 11:07:15,822 - INFO - HTTP Request: POST http://localhost:8007/v1/chat/completions "HTTP/1.1 200 OK"

2026-08-17 11:07:19,737 - INFO - HTTP Request: POST http://localhost:8007/v1/chat/completions "HTTP/1.1 200 OK"

2026-08-17 11:07:21,909 - INFO - HTTP Request: POST http://localhost:8007/v1/chat/completions "HTTP/1.1 200 OK"
2026-08-17 11:07:34,243 - INFO - HTTP Request: POST http://localhost:8007/v1/chat/completions "HTTP/1.1 200 OK"

2026-08-17 11:07:36,207 - INFO - HTTP Request: POST http://localhost:8007/v1/chat/completions "HTTP/1.1 200 OK"
2026-08-17 11:07:37,884 - INFO - HTTP Request: POST http://localhost:8007/v1/chat/completions "HTTP/1.1 200 OK"
2026-08-17 11:07:49,966 - INFO - HTTP Request: POST http://localhost:8007/v1/chat/completions "HTTP/1.1 200 OK"
2026-08-17 11:07:50,184 - INFO - HTTP Request: POST http://localhost:8007/v1/chat/completions "HTTP/1.1 200 OK"

2026-08-17 11:07:53,165 - INFO - HTTP Request: POST http://localhost:8007/v1/chat/completions "HTTP/1.1 200 OK"

2026-08-17 11:08:00,556 - INFO - HTTP Request: POST http://localhost:8007/v1/chat/completions "HTTP/1.1 200 OK"

2026-08-17 11:08:07,729 - INFO - HTTP Request: POST http://localhost:8007/v1/chat/completions "HTTP/1.1 200 OK"
2026-08-17 11:08:21,154 - INFO - HTTP Request: POST http://localhost:8007/v1/chat/completions "HTTP/1.1 200 OK"

r0_cfg20:  82%|████████▏ | 41/50 [1:04:01<19:26, 129.66s/it]2026-08-17 11:08:22,676 - INFO - HTTP Request: POST http://localhost:8007/v1/chat/completions "HTTP/1.1 200 OK"
2026-08-17 11:08:23,423 - INFO - HTTP Request: POST http://localhost:8007/v1/chat/completions "HTTP/1.1 200 OK"
2026-08-17 11:08:33,597 - INFO - HTTP Request: POST http://localhost:8007/v1/chat/completions "HTTP/1.1 200 OK"

2026-08-17 11:08:34,033 - INFO - HTTP Request: POST http://localhost:8007/v1/chat/completions "HTTP/1.1 200 OK"
2026-08-17 11:08:36,580 - INFO - HTTP Request: POST http://localhost:8007/v1/chat/completions "HTTP/1.1 200 OK"

r0_cfg20:  84%|████████▍ | 42/50 [1:04:17<12:43, 95.39s/it] 2026-08-17 11:08:43,968 - INFO - HTTP Request: POST http://localhost:8007/v1/chat/completions "HTTP/1.1 200 OK"
2026-08-17 11:08:46,679 - INFO - HTTP Request: POST http://localhost:8007/v1/chat/completions "HTTP/1.1 200 OK"

r0_cfg20:  86%|████████▌ | 43/50 [1:04:27<08:08, 69.80s/it]2026-08-17 11:08:58,852 - INFO - HTTP Request: POST http://localhost:8007/v1/chat/completions "HTTP/1.1 200 OK"
2026-08-17 11:09:02,481 - INFO - HTTP Request: POST http://localhost:8007/v1/chat/completions "HTTP/1.1 200 OK"

2026-08-17 11:09:06,614 - INFO - HTTP Request: POST http://localhost:8007/v1/chat/completions "HTTP/1.1 200 OK"
2026-08-17 11:09:09,112 - INFO - HTTP Request: POST http://localhost:8007/v1/chat/completions "HTTP/1.1 200 OK"
2026-08-17 11:09:13,844 - INFO - HTTP Request: POST http://localhost:8007/v1/chat/completions "HTTP/1.1 200 OK"

2026-08-17 11:09:20,596 - INFO - HTTP Request: POST http://localhost:8007/v1/chat/completions "HTTP/1.1 200 OK"

2026-08-17 11:09:25,597 - INFO - HTTP Request: POST http://localhost:8007/v1/chat/completions "HTTP/1.1 200 OK"

r0_cfg20:  88%|████████▊ | 44/50 [1:05:06<06:03, 60.54s/it]2026-08-17 11:09:29,287 - INFO - HTTP Request: POST http://localhost:8007/v1/chat/completions "HTTP/1.1 200 OK"
2026-08-17 11:09:40,309 - INFO - HTTP Request: POST http://localhost:8007/v1/chat/completions "HTTP/1.1 200 OK"
2026-08-17 11:09:41,833 - INFO - HTTP Request: POST http://localhost:8007/v1/chat/completions "HTTP/1.1 200 OK"

2026-08-17 11:09:47,266 - INFO - HTTP Request: POST http://localhost:8007/v1/chat/completions "HTTP/1.1 200 OK"
2026-08-17 11:09:48,295 - INFO - HTTP Request: POST http://localhost:8007/v1/chat/completions "HTTP/1.1 200 OK"
2026-08-17 11:09:55,833 - INFO - HTTP Request: POST http://localhost:8007/v1/chat/completions "HTTP/1.1 200 OK"

2026-08-17 11:09:58,665 - INFO - HTTP Request: POST http://localhost:8007/v1/chat/completions "HTTP/1.1 200 OK"

2026-08-17 11:10:02,140 - INFO - HTTP Request: POST http://localhost:8007/v1/chat/completions "HTTP/1.1 200 OK"

2026-08-17 11:10:06,697 - INFO - HTTP Request: POST http://localhost:8007/v1/chat/completions "HTTP/1.1 200 OK"
2026-08-17 11:10:19,407 - INFO - HTTP Request: POST http://localhost:8007/v1/chat/completions "HTTP/1.1 200 OK"
2026-08-17 11:10:21,582 - INFO - HTTP Request: POST http://localhost:8007/v1/chat/completions "HTTP/1.1 200 OK"

2026-08-17 11:10:23,546 - INFO - HTTP Request: POST http://localhost:8007/v1/chat/completions "HTTP/1.1 200 OK"
2026-08-17 11:10:29,142 - INFO - HTTP Request: POST http://localhost:8007/v1/chat/completions "HTTP/1.1 200 OK"
2026-08-17 11:10:33,426 - INFO - HTTP Request: POST http://localhost:8007/v1/chat/completions "HTTP/1.1 200 OK"

2026-08-17 11:10:35,829 - INFO - HTTP Request: POST http://localhost:8007/v1/chat/completions "HTTP/1.1 200 OK"

2026-08-17 11:10:39,964 - INFO - HTTP Request: POST http://localhost:8007/v1/chat/completions "HTTP/1.1 200 OK"

2026-08-17 11:10:46,041 - INFO - HTTP Request: POST http://localhost:8007/v1/chat/completions "HTTP/1.1 200 OK"
2026-08-17 11:10:57,663 - INFO - HTTP Request: POST http://localhost:8007/v1/chat/completions "HTTP/1.1 200 OK"
2026-08-17 11:10:58,679 - INFO - HTTP Request: POST http://localhost:8007/v1/chat/completions "HTTP/1.1 200 OK"

2026-08-17 11:10:59,775 - INFO - HTTP Request: POST http://localhost:8007/v1/chat/completions "HTTP/1.1 200 OK"
2026-08-17 11:11:05,151 - INFO - HTTP Request: POST http://localhost:8007/v1/chat/completions "HTTP/1.1 200 OK"
2026-08-17 11:11:10,955 - INFO - HTTP Request: POST http://localhost:8007/v1/chat/completions "HTTP/1.1 200 OK"

2026-08-17 11:11:12,488 - INFO - HTTP Request: POST http://localhost:8007/v1/chat/completions "HTTP/1.1 200 OK"

2026-08-17 11:11:17,271 - INFO - HTTP Request: POST http://localhost:8007/v1/chat/completions "HTTP/1.1 200 OK"

2026-08-17 11:11:19,013 - INFO - HTTP Request: POST http://localhost:8007/v1/chat/completions "HTTP/1.1 200 OK"
2026-08-17 11:11:28,459 - INFO - HTTP Request: POST http://localhost:8007/v1/chat/completions "HTTP/1.1 200 OK"

2026-08-17 11:11:30,631 - INFO - HTTP Request: POST http://localhost:8007/v1/chat/completions "HTTP/1.1 200 OK"
2026-08-17 11:11:32,802 - INFO - HTTP Request: POST http://localhost:8007/v1/chat/completions "HTTP/1.1 200 OK"
2026-08-17 11:11:42,314 - INFO - HTTP Request: POST http://localhost:8007/v1/chat/completions "HTTP/1.1 200 OK"
2026-08-17 11:11:45,071 - INFO - HTTP Request: POST http://localhost:8007/v1/chat/completions "HTTP/1.1 200 OK"

2026-08-17 11:11:45,289 - INFO - HTTP Request: POST http://localhost:8007/v1/chat/completions "HTTP/1.1 200 OK"

2026-08-17 11:11:54,192 - INFO - HTTP Request: POST http://localhost:8007/v1/chat/completions "HTTP/1.1 200 OK"

2026-08-17 11:11:57,890 - INFO - HTTP Request: POST http://localhost:8007/v1/chat/completions "HTTP/1.1 200 OK"
2026-08-17 11:12:12,335 - INFO - HTTP Request: POST http://localhost:8007/v1/chat/completions "HTTP/1.1 200 OK"

2026-08-17 11:12:14,073 - INFO - HTTP Request: POST http://localhost:8007/v1/chat/completions "HTTP/1.1 200 OK"
2026-08-17 11:12:14,291 - INFO - HTTP Request: POST http://localhost:8007/v1/chat/completions "HTTP/1.1 200 OK"
2026-08-17 11:12:14,295 - INFO - HTTP Request: POST http://localhost:8007/v1/chat/completions "HTTP/1.1 200 OK"
2026-08-17 11:12:24,388 - INFO - HTTP Request: POST http://localhost:8007/v1/chat/completions "HTTP/1.1 200 OK"

2026-08-17 11:12:27,654 - INFO - HTTP Request: POST http://localhost:8007/v1/chat/completions "HTTP/1.1 200 OK"

2026-08-17 11:12:29,832 - INFO - HTTP Request: POST http://localhost:8007/v1/chat/completions "HTTP/1.1 200 OK"

2026-08-17 11:12:33,088 - INFO - HTTP Request: POST http://localhost:8007/v1/chat/completions "HTTP/1.1 200 OK"
2026-08-17 11:12:44,759 - INFO - HTTP Request: POST http://localhost:8007/v1/chat/completions "HTTP/1.1 200 OK"

2026-08-17 11:12:48,016 - INFO - HTTP Request: POST http://localhost:8007/v1/chat/completions "HTTP/1.1 200 OK"
2026-08-17 11:12:50,407 - INFO - HTTP Request: POST http://localhost:8007/v1/chat/completions "HTTP/1.1 200 OK"
2026-08-17 11:12:54,048 - INFO - HTTP Request: POST http://localhost:8007/v1/chat/completions "HTTP/1.1 200 OK"
2026-08-17 11:13:01,817 - INFO - HTTP Request: POST http://localhost:8007/v1/chat/completions "HTTP/1.1 200 OK"

2026-08-17 11:13:06,387 - INFO - HTTP Request: POST http://localhost:8007/v1/chat/completions "HTTP/1.1 200 OK"

2026-08-17 11:13:07,260 - INFO - HTTP Request: POST http://localhost:8007/v1/chat/completions "HTTP/1.1 200 OK"

2026-08-17 11:13:14,642 - INFO - HTTP Request: POST http://localhost:8007/v1/chat/completions "HTTP/1.1 200 OK"
2026-08-17 11:13:27,576 - INFO - HTTP Request: POST http://localhost:8007/v1/chat/completions "HTTP/1.1 200 OK"
2026-08-17 11:13:30,331 - INFO - HTTP Request: POST http://localhost:8007/v1/chat/completions "HTTP/1.1 200 OK"

2026-08-17 11:13:31,427 - INFO - HTTP Request: POST http://localhost:8007/v1/chat/completions "HTTP/1.1 200 OK"
2026-08-17 11:13:36,372 - INFO - HTTP Request: POST http://localhost:8007/v1/chat/completions "HTTP/1.1 200 OK"
2026-08-17 11:13:40,946 - INFO - HTTP Request: POST http://localhost:8007/v1/chat/completions "HTTP/1.1 200 OK"

2026-08-17 11:13:50,089 - INFO - HTTP Request: POST http://localhost:8007/v1/chat/completions "HTTP/1.1 200 OK"

2026-08-17 11:13:50,752 - INFO - HTTP Request: POST http://localhost:8007/v1/chat/completions "HTTP/1.1 200 OK"

2026-08-17 11:14:03,572 - INFO - HTTP Request: POST http://localhost:8007/v1/chat/completions "HTTP/1.1 200 OK"
2026-08-17 11:14:10,418 - INFO - HTTP Request: POST http://localhost:8007/v1/chat/completions "HTTP/1.1 200 OK"
2026-08-17 11:14:21,668 - INFO - HTTP Request: POST http://localhost:8007/v1/chat/completions "HTTP/1.1 200 OK"

r0_cfg20:  90%|█████████ | 45/50 [1:10:02<10:55, 131.20s/it]2026-08-17 11:14:22,975 - INFO - HTTP Request: POST http://localhost:8007/v1/chat/completions "HTTP/1.1 200 OK"
2026-08-17 11:14:24,497 - INFO - HTTP Request: POST http://localhost:8007/v1/chat/completions "HTTP/1.1 200 OK"
2026-08-17 11:14:24,502 - INFO - HTTP Request: POST http://localhost:8007/v1/chat/completions "HTTP/1.1 200 OK"

2026-08-17 11:14:38,799 - INFO - HTTP Request: POST http://localhost:8007/v1/chat/completions "HTTP/1.1 200 OK"

r0_cfg20:  92%|█████████▏| 46/50 [1:10:19<06:27, 96.98s/it] 2026-08-17 11:14:40,977 - INFO - HTTP Request: POST http://localhost:8007/v1/chat/completions "HTTP/1.1 200 OK"

r0_cfg20:  94%|█████████▍| 47/50 [1:10:21<03:25, 68.54s/it]2026-08-17 11:14:44,228 - INFO - HTTP Request: POST http://localhost:8007/v1/chat/completions "HTTP/1.1 200 OK"
2026-08-17 11:14:56,281 - INFO - HTTP Request: POST http://localhost:8007/v1/chat/completions "HTTP/1.1 200 OK"

2026-08-17 11:14:57,584 - INFO - HTTP Request: POST http://localhost:8007/v1/chat/completions "HTTP/1.1 200 OK"
2026-08-17 11:15:01,202 - INFO - HTTP Request: POST http://localhost:8007/v1/chat/completions "HTTP/1.1 200 OK"
2026-08-17 11:15:10,649 - INFO - HTTP Request: POST http://localhost:8007/v1/chat/completions "HTTP/1.1 200 OK"

r0_cfg20:  96%|█████████▌| 48/50 [1:10:51<01:53, 56.88s/it]2026-08-17 11:15:12,386 - INFO - HTTP Request: POST http://localhost:8007/v1/chat/completions "HTTP/1.1 200 OK"

2026-08-17 11:15:22,602 - INFO - HTTP Request: POST http://localhost:8007/v1/chat/completions "HTTP/1.1 200 OK"
2026-08-17 11:15:32,131 - INFO - HTTP Request: POST http://localhost:8007/v1/chat/completions "HTTP/1.1 200 OK"

2026-08-17 11:15:38,232 - INFO - HTTP Request: POST http://localhost:8007/v1/chat/completions "HTTP/1.1 200 OK"
2026-08-17 11:15:53,182 - INFO - HTTP Request: POST http://localhost:8007/v1/chat/completions "HTTP/1.1 200 OK"

2026-08-17 11:15:56,250 - INFO - HTTP Request: POST http://localhost:8007/v1/chat/completions "HTTP/1.1 200 OK"
2026-08-17 11:16:11,854 - INFO - HTTP Request: POST http://localhost:8007/v1/chat/completions "HTTP/1.1 200 OK"

2026-08-17 11:16:17,306 - INFO - HTTP Request: POST http://localhost:8007/v1/chat/completions "HTTP/1.1 200 OK"
2026-08-17 11:16:31,768 - INFO - HTTP Request: POST http://localhost:8007/v1/chat/completions "HTTP/1.1 200 OK"

2026-08-17 11:16:35,703 - INFO - HTTP Request: POST http://localhost:8007/v1/chat/completions "HTTP/1.1 200 OK"
2026-08-17 11:16:47,996 - INFO - HTTP Request: POST http://localhost:8007/v1/chat/completions "HTTP/1.1 200 OK"

2026-08-17 11:16:54,969 - INFO - HTTP Request: POST http://localhost:8007/v1/chat/completions "HTTP/1.1 200 OK"
2026-08-17 11:17:07,254 - INFO - HTTP Request: POST http://localhost:8007/v1/chat/completions "HTTP/1.1 200 OK"

2026-08-17 11:17:07,507 - INFO - HTTP Request: POST http://localhost:8007/v1/chat/completions "HTTP/1.1 200 OK"
2026-08-17 11:17:24,413 - INFO - HTTP Request: POST http://localhost:8007/v1/chat/completions "HTTP/1.1 200 OK"

2026-08-17 11:17:26,833 - INFO - HTTP Request: POST http://localhost:8007/v1/chat/completions "HTTP/1.1 200 OK"
2026-08-17 11:17:38,258 - INFO - HTTP Request: POST http://localhost:8007/v1/chat/completions "HTTP/1.1 200 OK"

2026-08-17 11:17:52,807 - INFO - HTTP Request: POST http://localhost:8007/v1/chat/completions "HTTP/1.1 200 OK"
2026-08-17 11:18:06,834 - INFO - HTTP Request: POST http://localhost:8007/v1/chat/completions "HTTP/1.1 200 OK"
2026-08-17 11:18:07,372 - INFO - HTTP Request: POST http://localhost:8007/v1/chat/completions "HTTP/1.1 200 OK"

2026-08-17 11:18:21,337 - INFO - HTTP Request: POST http://localhost:8007/v1/chat/completions "HTTP/1.1 200 OK"

2026-08-17 11:18:27,005 - INFO - HTTP Request: POST http://localhost:8007/v1/chat/completions "HTTP/1.1 200 OK"
2026-08-17 11:18:37,619 - INFO - HTTP Request: POST http://localhost:8007/v1/chat/completions "HTTP/1.1 200 OK"

2026-08-17 11:18:41,123 - INFO - HTTP Request: POST http://localhost:8007/v1/chat/completions "HTTP/1.1 200 OK"
2026-08-17 11:18:53,207 - INFO - HTTP Request: POST http://localhost:8007/v1/chat/completions "HTTP/1.1 200 OK"

2026-08-17 11:19:06,456 - INFO - HTTP Request: POST http://localhost:8007/v1/chat/completions "HTTP/1.1 200 OK"
2026-08-17 11:19:17,075 - INFO - HTTP Request: POST http://localhost:8007/v1/chat/completions "HTTP/1.1 200 OK"

2026-08-17 11:19:22,097 - INFO - HTTP Request: POST http://localhost:8007/v1/chat/completions "HTTP/1.1 200 OK"
2026-08-17 11:19:32,440 - INFO - HTTP Request: POST http://localhost:8007/v1/chat/completions "HTTP/1.1 200 OK"

2026-08-17 11:19:49,160 - INFO - HTTP Request: POST http://localhost:8007/v1/chat/completions "HTTP/1.1 200 OK"
2026-08-17 11:20:00,426 - INFO - HTTP Request: POST http://localhost:8007/v1/chat/completions "HTTP/1.1 200 OK"

r0_cfg20:  98%|█████████▊| 49/50 [1:15:41<02:06, 126.75s/it]2026-08-17 11:20:01,414 - INFO - HTTP Request: POST http://localhost:8007/v1/chat/completions "HTTP/1.1 200 OK"
2026-08-17 11:20:04,319 - INFO - HTTP Request: POST http://localhost:8007/v1/chat/completions "HTTP/1.1 200 OK"

r0_cfg20: 100%|██████████| 50/50 [1:15:44<00:00, 89.89s/it] r0_cfg20: 100%|██████████| 50/50 [1:15:45<00:00, 90.90s/it]
  done in 4545.2s (valid 50/50, invalid {})

Scored 1 model/s.
Report:  /LAB/Swiss-Knife/tribunal/bayes_search_honesty/eval_results/round0/r0_cfg20/report/index.html
Tables:  /LAB/Swiss-Knife/tribunal/bayes_search_honesty/eval_results/round0/r0_cfg20/model_summary.csv, /LAB/Swiss-Knife/tribunal/bayes_search_honesty/eval_results/round0/r0_cfg20/summary.csv
