2026-08-18 04:15:31,475 - INFO - Judge client pointed at http://localhost:8007/v1
2026-08-18 04:15:34,769 - INFO - Loading Detoxify model (CPU)
2026-08-18 04:15:38,735 - INFO - HTTP Request: HEAD https://huggingface.co/bert-base-uncased/resolve/main/config.json "HTTP/1.1 200 OK"
input:  /LAB/Swiss-Knife/tribunal/bayes_search_honesty/eval_results/round5/r5_cfg7/_tribunal_input_tmp (1 model file/s)
output: /LAB/Swiss-Knife/tribunal/bayes_search_honesty/eval_results/round5/r5_cfg7
judge:  Qwen/Qwen2.5-32B-Instruct @ http://localhost:8007/v1
detoxify cross-check: True
Loading weights:   0%|          | 0/201 [00:00<?, ?it/s]Loading weights: 100%|██████████| 201/201 [00:00<00:00, 32110.27it/s]
2026-08-18 04:15:39,056 - INFO - HTTP Request: HEAD https://huggingface.co/bert-base-uncased/resolve/main/tokenizer_config.json "HTTP/1.1 200 OK"
Warning: You are sending unauthenticated requests to the HF Hub. Please set a HF_TOKEN to enable higher rate limits and faster downloads.
2026-08-18 04:15:39,057 - WARNING - Warning: You are sending unauthenticated requests to the HF Hub. Please set a HF_TOKEN to enable higher rate limits and faster downloads.
2026-08-18 04:15:39,269 - INFO - HTTP Request: GET https://huggingface.co/api/models/bert-base-uncased/tree/main/additional_chat_templates?recursive=false&expand=false "HTTP/1.1 307 Temporary Redirect"
2026-08-18 04:15:39,479 - INFO - HTTP Request: GET https://huggingface.co/api/models/google-bert/bert-base-uncased/tree/main/additional_chat_templates?recursive=false&expand=false "HTTP/1.1 404 Not Found"
2026-08-18 04:15:39,694 - INFO - HTTP Request: GET https://huggingface.co/api/models/bert-base-uncased/tree/main?recursive=true&expand=false "HTTP/1.1 307 Temporary Redirect"
2026-08-18 04:15:39,906 - INFO - HTTP Request: GET https://huggingface.co/api/models/google-bert/bert-base-uncased/tree/main?recursive=true&expand=false "HTTP/1.1 200 OK"

[1/1] r5_cfg7
  scoring 50 records (0 skipped or cached) [workers=4]
r5_cfg7:   0%|          | 0/50 [00:00<?, ?it/s]2026-08-18 04:16:01,975 - INFO - HTTP Request: POST http://localhost:8007/v1/chat/completions "HTTP/1.1 200 OK"
2026-08-18 04:16:02,190 - INFO - HTTP Request: POST http://localhost:8007/v1/chat/completions "HTTP/1.1 200 OK"
2026-08-18 04:16:02,191 - INFO - HTTP Request: POST http://localhost:8007/v1/chat/completions "HTTP/1.1 200 OK"
2026-08-18 04:16:02,795 - INFO - HTTP Request: POST http://localhost:8007/v1/chat/completions "HTTP/1.1 200 OK"
2026-08-18 04:16:14,169 - INFO - HTTP Request: POST http://localhost:8007/v1/chat/completions "HTTP/1.1 200 OK"

2026-08-18 04:16:16,629 - INFO - HTTP Request: POST http://localhost:8007/v1/chat/completions "HTTP/1.1 200 OK"

2026-08-18 04:16:17,718 - INFO - HTTP Request: POST http://localhost:8007/v1/chat/completions "HTTP/1.1 200 OK"

2026-08-18 04:16:17,935 - INFO - HTTP Request: POST http://localhost:8007/v1/chat/completions "HTTP/1.1 200 OK"

2026-08-18 04:16:40,265 - INFO - HTTP Request: POST http://localhost:8007/v1/chat/completions "HTTP/1.1 200 OK"
2026-08-18 04:16:42,882 - INFO - HTTP Request: POST http://localhost:8007/v1/chat/completions "HTTP/1.1 200 OK"
2026-08-18 04:16:44,618 - INFO - HTTP Request: POST http://localhost:8007/v1/chat/completions "HTTP/1.1 200 OK"
2026-08-18 04:16:44,835 - INFO - HTTP Request: POST http://localhost:8007/v1/chat/completions "HTTP/1.1 200 OK"
2026-08-18 04:16:54,060 - INFO - HTTP Request: POST http://localhost:8007/v1/chat/completions "HTTP/1.1 200 OK"

2026-08-18 04:16:56,941 - INFO - HTTP Request: POST http://localhost:8007/v1/chat/completions "HTTP/1.1 200 OK"

2026-08-18 04:17:00,204 - INFO - HTTP Request: POST http://localhost:8007/v1/chat/completions "HTTP/1.1 200 OK"

2026-08-18 04:17:01,944 - INFO - HTTP Request: POST http://localhost:8007/v1/chat/completions "HTTP/1.1 200 OK"

2026-08-18 04:17:18,428 - INFO - HTTP Request: POST http://localhost:8007/v1/chat/completions "HTTP/1.1 200 OK"
2026-08-18 04:17:21,691 - INFO - HTTP Request: POST http://localhost:8007/v1/chat/completions "HTTP/1.1 200 OK"
2026-08-18 04:17:25,322 - INFO - HTTP Request: POST http://localhost:8007/v1/chat/completions "HTTP/1.1 200 OK"
2026-08-18 04:17:27,278 - INFO - HTTP Request: POST http://localhost:8007/v1/chat/completions "HTTP/1.1 200 OK"
2026-08-18 04:17:34,981 - INFO - HTTP Request: POST http://localhost:8007/v1/chat/completions "HTTP/1.1 200 OK"

2026-08-18 04:17:38,951 - INFO - HTTP Request: POST http://localhost:8007/v1/chat/completions "HTTP/1.1 200 OK"

2026-08-18 04:17:39,614 - INFO - HTTP Request: POST http://localhost:8007/v1/chat/completions "HTTP/1.1 200 OK"

2026-08-18 04:17:40,276 - INFO - HTTP Request: POST http://localhost:8007/v1/chat/completions "HTTP/1.1 200 OK"

2026-08-18 04:17:59,154 - INFO - HTTP Request: POST http://localhost:8007/v1/chat/completions "HTTP/1.1 200 OK"
2026-08-18 04:18:03,499 - INFO - HTTP Request: POST http://localhost:8007/v1/chat/completions "HTTP/1.1 200 OK"
2026-08-18 04:18:03,500 - INFO - HTTP Request: POST http://localhost:8007/v1/chat/completions "HTTP/1.1 200 OK"
2026-08-18 04:18:05,416 - INFO - HTTP Request: POST http://localhost:8007/v1/chat/completions "HTTP/1.1 200 OK"
2026-08-18 04:18:13,475 - INFO - HTTP Request: POST http://localhost:8007/v1/chat/completions "HTTP/1.1 200 OK"

2026-08-18 04:18:16,360 - INFO - HTTP Request: POST http://localhost:8007/v1/chat/completions "HTTP/1.1 200 OK"

2026-08-18 04:18:16,578 - INFO - HTTP Request: POST http://localhost:8007/v1/chat/completions "HTTP/1.1 200 OK"

2026-08-18 04:18:18,117 - INFO - HTTP Request: POST http://localhost:8007/v1/chat/completions "HTTP/1.1 200 OK"

2026-08-18 04:18:33,304 - INFO - HTTP Request: POST http://localhost:8007/v1/chat/completions "HTTP/1.1 200 OK"
2026-08-18 04:18:36,346 - INFO - HTTP Request: POST http://localhost:8007/v1/chat/completions "HTTP/1.1 200 OK"
2026-08-18 04:18:36,564 - INFO - HTTP Request: POST http://localhost:8007/v1/chat/completions "HTTP/1.1 200 OK"
2026-08-18 04:18:38,903 - INFO - HTTP Request: POST http://localhost:8007/v1/chat/completions "HTTP/1.1 200 OK"
2026-08-18 04:18:46,028 - INFO - HTTP Request: POST http://localhost:8007/v1/chat/completions "HTTP/1.1 200 OK"

2026-08-18 04:18:46,464 - INFO - HTTP Request: POST http://localhost:8007/v1/chat/completions "HTTP/1.1 200 OK"

2026-08-18 04:18:49,145 - INFO - HTTP Request: POST http://localhost:8007/v1/chat/completions "HTTP/1.1 200 OK"

2026-08-18 04:18:55,664 - INFO - HTTP Request: POST http://localhost:8007/v1/chat/completions "HTTP/1.1 200 OK"

2026-08-18 04:19:14,760 - INFO - HTTP Request: POST http://localhost:8007/v1/chat/completions "HTTP/1.1 200 OK"
2026-08-18 04:19:15,524 - INFO - HTTP Request: POST http://localhost:8007/v1/chat/completions "HTTP/1.1 200 OK"
2026-08-18 04:19:18,383 - INFO - HTTP Request: POST http://localhost:8007/v1/chat/completions "HTTP/1.1 200 OK"
2026-08-18 04:19:25,210 - INFO - HTTP Request: POST http://localhost:8007/v1/chat/completions "HTTP/1.1 200 OK"
2026-08-18 04:19:25,428 - INFO - HTTP Request: POST http://localhost:8007/v1/chat/completions "HTTP/1.1 200 OK"

2026-08-18 04:19:27,778 - INFO - HTTP Request: POST http://localhost:8007/v1/chat/completions "HTTP/1.1 200 OK"

2026-08-18 04:19:32,132 - INFO - HTTP Request: POST http://localhost:8007/v1/chat/completions "HTTP/1.1 200 OK"

2026-08-18 04:19:40,610 - INFO - HTTP Request: POST http://localhost:8007/v1/chat/completions "HTTP/1.1 200 OK"

2026-08-18 04:19:45,819 - INFO - HTTP Request: POST http://localhost:8007/v1/chat/completions "HTTP/1.1 200 OK"
2026-08-18 04:19:48,220 - INFO - HTTP Request: POST http://localhost:8007/v1/chat/completions "HTTP/1.1 200 OK"
2026-08-18 04:19:52,785 - INFO - HTTP Request: POST http://localhost:8007/v1/chat/completions "HTTP/1.1 200 OK"
2026-08-18 04:19:59,184 - INFO - HTTP Request: POST http://localhost:8007/v1/chat/completions "HTTP/1.1 200 OK"

2026-08-18 04:20:01,717 - INFO - HTTP Request: POST http://localhost:8007/v1/chat/completions "HTTP/1.1 200 OK"
2026-08-18 04:20:02,450 - INFO - HTTP Request: POST http://localhost:8007/v1/chat/completions "HTTP/1.1 200 OK"

2026-08-18 04:20:08,402 - INFO - HTTP Request: POST http://localhost:8007/v1/chat/completions "HTTP/1.1 200 OK"

2026-08-18 04:20:16,228 - INFO - HTTP Request: POST http://localhost:8007/v1/chat/completions "HTTP/1.1 200 OK"

2026-08-18 04:20:28,818 - INFO - HTTP Request: POST http://localhost:8007/v1/chat/completions "HTTP/1.1 200 OK"
2026-08-18 04:20:32,166 - INFO - HTTP Request: POST http://localhost:8007/v1/chat/completions "HTTP/1.1 200 OK"
2026-08-18 04:20:38,258 - INFO - HTTP Request: POST http://localhost:8007/v1/chat/completions "HTTP/1.1 200 OK"
2026-08-18 04:20:43,568 - INFO - HTTP Request: POST http://localhost:8007/v1/chat/completions "HTTP/1.1 200 OK"

2026-08-18 04:20:44,356 - INFO - HTTP Request: POST http://localhost:8007/v1/chat/completions "HTTP/1.1 200 OK"

2026-08-18 04:20:46,539 - INFO - HTTP Request: POST http://localhost:8007/v1/chat/completions "HTTP/1.1 200 OK"
2026-08-18 04:20:52,564 - INFO - HTTP Request: POST http://localhost:8007/v1/chat/completions "HTTP/1.1 200 OK"

2026-08-18 04:20:56,920 - INFO - HTTP Request: POST http://localhost:8007/v1/chat/completions "HTTP/1.1 200 OK"

2026-08-18 04:21:16,673 - INFO - HTTP Request: POST http://localhost:8007/v1/chat/completions "HTTP/1.1 200 OK"
2026-08-18 04:21:17,457 - INFO - HTTP Request: POST http://localhost:8007/v1/chat/completions "HTTP/1.1 200 OK"
2026-08-18 04:21:26,435 - INFO - HTTP Request: POST http://localhost:8007/v1/chat/completions "HTTP/1.1 200 OK"
2026-08-18 04:21:27,200 - INFO - HTTP Request: POST http://localhost:8007/v1/chat/completions "HTTP/1.1 200 OK"

r5_cfg7:   2%|▏         | 1/50 [05:47<4:43:30, 347.15s/it]2026-08-18 04:21:29,050 - INFO - HTTP Request: POST http://localhost:8007/v1/chat/completions "HTTP/1.1 200 OK"

r5_cfg7:   4%|▍         | 2/50 [05:49<1:55:13, 144.03s/it]2026-08-18 04:21:31,226 - INFO - HTTP Request: POST http://localhost:8007/v1/chat/completions "HTTP/1.1 200 OK"
2026-08-18 04:21:42,470 - INFO - HTTP Request: POST http://localhost:8007/v1/chat/completions "HTTP/1.1 200 OK"

r5_cfg7:   6%|▌         | 3/50 [06:02<1:06:06, 84.39s/it] 2026-08-18 04:21:43,560 - INFO - HTTP Request: POST http://localhost:8007/v1/chat/completions "HTTP/1.1 200 OK"

r5_cfg7:   8%|▊         | 4/50 [06:03<39:29, 51.50s/it]  2026-08-18 04:21:49,196 - INFO - HTTP Request: POST http://localhost:8007/v1/chat/completions "HTTP/1.1 200 OK"
2026-08-18 04:21:51,285 - INFO - HTTP Request: POST http://localhost:8007/v1/chat/completions "HTTP/1.1 200 OK"
2026-08-18 04:22:03,537 - INFO - HTTP Request: POST http://localhost:8007/v1/chat/completions "HTTP/1.1 200 OK"

2026-08-18 04:22:04,409 - INFO - HTTP Request: POST http://localhost:8007/v1/chat/completions "HTTP/1.1 200 OK"

2026-08-18 04:22:04,625 - INFO - HTTP Request: POST http://localhost:8007/v1/chat/completions "HTTP/1.1 200 OK"
2026-08-18 04:22:06,244 - INFO - HTTP Request: POST http://localhost:8007/v1/chat/completions "HTTP/1.1 200 OK"
2026-08-18 04:22:16,132 - INFO - HTTP Request: POST http://localhost:8007/v1/chat/completions "HTTP/1.1 200 OK"

2026-08-18 04:22:17,655 - INFO - HTTP Request: POST http://localhost:8007/v1/chat/completions "HTTP/1.1 200 OK"

2026-08-18 04:22:30,235 - INFO - HTTP Request: POST http://localhost:8007/v1/chat/completions "HTTP/1.1 200 OK"
2026-08-18 04:22:31,416 - INFO - HTTP Request: POST http://localhost:8007/v1/chat/completions "HTTP/1.1 200 OK"
2026-08-18 04:22:41,565 - INFO - HTTP Request: POST http://localhost:8007/v1/chat/completions "HTTP/1.1 200 OK"

2026-08-18 04:22:42,437 - INFO - HTTP Request: POST http://localhost:8007/v1/chat/completions "HTTP/1.1 200 OK"
2026-08-18 04:22:43,842 - INFO - HTTP Request: POST http://localhost:8007/v1/chat/completions "HTTP/1.1 200 OK"

2026-08-18 04:22:44,498 - INFO - HTTP Request: POST http://localhost:8007/v1/chat/completions "HTTP/1.1 200 OK"
2026-08-18 04:22:53,348 - INFO - HTTP Request: POST http://localhost:8007/v1/chat/completions "HTTP/1.1 200 OK"

2026-08-18 04:22:58,564 - INFO - HTTP Request: POST http://localhost:8007/v1/chat/completions "HTTP/1.1 200 OK"

2026-08-18 04:23:06,591 - INFO - HTTP Request: POST http://localhost:8007/v1/chat/completions "HTTP/1.1 200 OK"
2026-08-18 04:23:08,680 - INFO - HTTP Request: POST http://localhost:8007/v1/chat/completions "HTTP/1.1 200 OK"
2026-08-18 04:23:18,119 - INFO - HTTP Request: POST http://localhost:8007/v1/chat/completions "HTTP/1.1 200 OK"
2026-08-18 04:23:18,120 - INFO - HTTP Request: POST http://localhost:8007/v1/chat/completions "HTTP/1.1 200 OK"

2026-08-18 04:23:22,352 - INFO - HTTP Request: POST http://localhost:8007/v1/chat/completions "HTTP/1.1 200 OK"

2026-08-18 04:23:23,665 - INFO - HTTP Request: POST http://localhost:8007/v1/chat/completions "HTTP/1.1 200 OK"
2026-08-18 04:23:32,079 - INFO - HTTP Request: POST http://localhost:8007/v1/chat/completions "HTTP/1.1 200 OK"

2026-08-18 04:23:36,216 - INFO - HTTP Request: POST http://localhost:8007/v1/chat/completions "HTTP/1.1 200 OK"

2026-08-18 04:23:42,732 - INFO - HTTP Request: POST http://localhost:8007/v1/chat/completions "HTTP/1.1 200 OK"
2026-08-18 04:23:46,857 - INFO - HTTP Request: POST http://localhost:8007/v1/chat/completions "HTTP/1.1 200 OK"
2026-08-18 04:23:55,417 - INFO - HTTP Request: POST http://localhost:8007/v1/chat/completions "HTTP/1.1 200 OK"

2026-08-18 04:23:56,513 - INFO - HTTP Request: POST http://localhost:8007/v1/chat/completions "HTTP/1.1 200 OK"
2026-08-18 04:23:59,218 - INFO - HTTP Request: POST http://localhost:8007/v1/chat/completions "HTTP/1.1 200 OK"

2026-08-18 04:24:00,965 - INFO - HTTP Request: POST http://localhost:8007/v1/chat/completions "HTTP/1.1 200 OK"
2026-08-18 04:24:09,984 - INFO - HTTP Request: POST http://localhost:8007/v1/chat/completions "HTTP/1.1 200 OK"

2026-08-18 04:24:13,468 - INFO - HTTP Request: POST http://localhost:8007/v1/chat/completions "HTTP/1.1 200 OK"

2026-08-18 04:24:15,860 - INFO - HTTP Request: POST http://localhost:8007/v1/chat/completions "HTTP/1.1 200 OK"
2026-08-18 04:24:19,467 - INFO - HTTP Request: POST http://localhost:8007/v1/chat/completions "HTTP/1.1 200 OK"
2026-08-18 04:24:28,468 - INFO - HTTP Request: POST http://localhost:8007/v1/chat/completions "HTTP/1.1 200 OK"

2026-08-18 04:24:30,208 - INFO - HTTP Request: POST http://localhost:8007/v1/chat/completions "HTTP/1.1 200 OK"
2026-08-18 04:24:32,267 - INFO - HTTP Request: POST http://localhost:8007/v1/chat/completions "HTTP/1.1 200 OK"

2026-08-18 04:24:34,007 - INFO - HTTP Request: POST http://localhost:8007/v1/chat/completions "HTTP/1.1 200 OK"
2026-08-18 04:24:42,638 - INFO - HTTP Request: POST http://localhost:8007/v1/chat/completions "HTTP/1.1 200 OK"

2026-08-18 04:24:45,031 - INFO - HTTP Request: POST http://localhost:8007/v1/chat/completions "HTTP/1.1 200 OK"

2026-08-18 04:24:57,830 - INFO - HTTP Request: POST http://localhost:8007/v1/chat/completions "HTTP/1.1 200 OK"
2026-08-18 04:25:01,382 - INFO - HTTP Request: POST http://localhost:8007/v1/chat/completions "HTTP/1.1 200 OK"
2026-08-18 04:25:11,462 - INFO - HTTP Request: POST http://localhost:8007/v1/chat/completions "HTTP/1.1 200 OK"

2026-08-18 04:25:11,679 - INFO - HTTP Request: POST http://localhost:8007/v1/chat/completions "HTTP/1.1 200 OK"
2026-08-18 04:25:14,386 - INFO - HTTP Request: POST http://localhost:8007/v1/chat/completions "HTTP/1.1 200 OK"
2026-08-18 04:25:16,665 - INFO - HTTP Request: POST http://localhost:8007/v1/chat/completions "HTTP/1.1 200 OK"

2026-08-18 04:25:22,106 - INFO - HTTP Request: POST http://localhost:8007/v1/chat/completions "HTTP/1.1 200 OK"

2026-08-18 04:25:29,279 - INFO - HTTP Request: POST http://localhost:8007/v1/chat/completions "HTTP/1.1 200 OK"

2026-08-18 04:25:32,100 - INFO - HTTP Request: POST http://localhost:8007/v1/chat/completions "HTTP/1.1 200 OK"
2026-08-18 04:25:36,810 - INFO - HTTP Request: POST http://localhost:8007/v1/chat/completions "HTTP/1.1 200 OK"
2026-08-18 04:25:42,559 - INFO - HTTP Request: POST http://localhost:8007/v1/chat/completions "HTTP/1.1 200 OK"
2026-08-18 04:25:44,836 - INFO - HTTP Request: POST http://localhost:8007/v1/chat/completions "HTTP/1.1 200 OK"

2026-08-18 04:25:48,320 - INFO - HTTP Request: POST http://localhost:8007/v1/chat/completions "HTTP/1.1 200 OK"

2026-08-18 04:25:50,062 - INFO - HTTP Request: POST http://localhost:8007/v1/chat/completions "HTTP/1.1 200 OK"
2026-08-18 04:25:55,220 - INFO - HTTP Request: POST http://localhost:8007/v1/chat/completions "HTTP/1.1 200 OK"

2026-08-18 04:26:05,437 - INFO - HTTP Request: POST http://localhost:8007/v1/chat/completions "HTTP/1.1 200 OK"

2026-08-18 04:26:14,336 - INFO - HTTP Request: POST http://localhost:8007/v1/chat/completions "HTTP/1.1 200 OK"
2026-08-18 04:26:17,948 - INFO - HTTP Request: POST http://localhost:8007/v1/chat/completions "HTTP/1.1 200 OK"
2026-08-18 04:26:24,784 - INFO - HTTP Request: POST http://localhost:8007/v1/chat/completions "HTTP/1.1 200 OK"
2026-08-18 04:26:28,149 - INFO - HTTP Request: POST http://localhost:8007/v1/chat/completions "HTTP/1.1 200 OK"

2026-08-18 04:26:30,987 - INFO - HTTP Request: POST http://localhost:8007/v1/chat/completions "HTTP/1.1 200 OK"

2026-08-18 04:26:35,345 - INFO - HTTP Request: POST http://localhost:8007/v1/chat/completions "HTTP/1.1 200 OK"
2026-08-18 04:26:37,238 - INFO - HTTP Request: POST http://localhost:8007/v1/chat/completions "HTTP/1.1 200 OK"

2026-08-18 04:26:47,241 - INFO - HTTP Request: POST http://localhost:8007/v1/chat/completions "HTTP/1.1 200 OK"

2026-08-18 04:27:00,920 - INFO - HTTP Request: POST http://localhost:8007/v1/chat/completions "HTTP/1.1 200 OK"
2026-08-18 04:27:04,098 - INFO - HTTP Request: POST http://localhost:8007/v1/chat/completions "HTTP/1.1 200 OK"
2026-08-18 04:27:10,717 - INFO - HTTP Request: POST http://localhost:8007/v1/chat/completions "HTTP/1.1 200 OK"
2026-08-18 04:27:15,391 - INFO - HTTP Request: POST http://localhost:8007/v1/chat/completions "HTTP/1.1 200 OK"

r5_cfg7:  10%|█         | 5/50 [11:35<1:54:26, 152.59s/it]2026-08-18 04:27:16,922 - INFO - HTTP Request: POST http://localhost:8007/v1/chat/completions "HTTP/1.1 200 OK"

r5_cfg7:  12%|█▏        | 6/50 [11:36<1:14:14, 101.23s/it]2026-08-18 04:27:21,051 - INFO - HTTP Request: POST http://localhost:8007/v1/chat/completions "HTTP/1.1 200 OK"
2026-08-18 04:27:25,554 - INFO - HTTP Request: POST http://localhost:8007/v1/chat/completions "HTTP/1.1 200 OK"

r5_cfg7:  14%|█▍        | 7/50 [11:45<50:51, 70.96s/it]   2026-08-18 04:27:35,116 - INFO - HTTP Request: POST http://localhost:8007/v1/chat/completions "HTTP/1.1 200 OK"

r5_cfg7:  16%|█▌        | 8/50 [11:55<35:59, 51.41s/it]2026-08-18 04:27:37,720 - INFO - HTTP Request: POST http://localhost:8007/v1/chat/completions "HTTP/1.1 200 OK"
2026-08-18 04:27:39,554 - INFO - HTTP Request: POST http://localhost:8007/v1/chat/completions "HTTP/1.1 200 OK"
2026-08-18 04:27:47,912 - INFO - HTTP Request: POST http://localhost:8007/v1/chat/completions "HTTP/1.1 200 OK"
2026-08-18 04:27:51,101 - INFO - HTTP Request: POST http://localhost:8007/v1/chat/completions "HTTP/1.1 200 OK"

2026-08-18 04:27:54,364 - INFO - HTTP Request: POST http://localhost:8007/v1/chat/completions "HTTP/1.1 200 OK"

2026-08-18 04:27:57,839 - INFO - HTTP Request: POST http://localhost:8007/v1/chat/completions "HTTP/1.1 200 OK"
2026-08-18 04:28:00,546 - INFO - HTTP Request: POST http://localhost:8007/v1/chat/completions "HTTP/1.1 200 OK"

2026-08-18 04:28:07,713 - INFO - HTTP Request: POST http://localhost:8007/v1/chat/completions "HTTP/1.1 200 OK"

2026-08-18 04:28:17,476 - INFO - HTTP Request: POST http://localhost:8007/v1/chat/completions "HTTP/1.1 200 OK"
2026-08-18 04:28:21,050 - INFO - HTTP Request: POST http://localhost:8007/v1/chat/completions "HTTP/1.1 200 OK"
2026-08-18 04:28:27,239 - INFO - HTTP Request: POST http://localhost:8007/v1/chat/completions "HTTP/1.1 200 OK"
2026-08-18 04:28:29,780 - INFO - HTTP Request: POST http://localhost:8007/v1/chat/completions "HTTP/1.1 200 OK"

2026-08-18 04:28:34,565 - INFO - HTTP Request: POST http://localhost:8007/v1/chat/completions "HTTP/1.1 200 OK"
2026-08-18 04:28:35,972 - INFO - HTTP Request: POST http://localhost:8007/v1/chat/completions "HTTP/1.1 200 OK"

2026-08-18 04:28:36,628 - INFO - HTTP Request: POST http://localhost:8007/v1/chat/completions "HTTP/1.1 200 OK"

2026-08-18 04:28:45,972 - INFO - HTTP Request: POST http://localhost:8007/v1/chat/completions "HTTP/1.1 200 OK"

2026-08-18 04:28:54,440 - INFO - HTTP Request: POST http://localhost:8007/v1/chat/completions "HTTP/1.1 200 OK"
2026-08-18 04:29:00,621 - INFO - HTTP Request: POST http://localhost:8007/v1/chat/completions "HTTP/1.1 200 OK"
2026-08-18 04:29:01,590 - INFO - HTTP Request: POST http://localhost:8007/v1/chat/completions "HTTP/1.1 200 OK"
2026-08-18 04:29:06,084 - INFO - HTTP Request: POST http://localhost:8007/v1/chat/completions "HTTP/1.1 200 OK"

2026-08-18 04:29:11,094 - INFO - HTTP Request: POST http://localhost:8007/v1/chat/completions "HTTP/1.1 200 OK"

2026-08-18 04:29:11,095 - INFO - HTTP Request: POST http://localhost:8007/v1/chat/completions "HTTP/1.1 200 OK"
2026-08-18 04:29:15,157 - INFO - HTTP Request: POST http://localhost:8007/v1/chat/completions "HTTP/1.1 200 OK"

2026-08-18 04:29:23,203 - INFO - HTTP Request: POST http://localhost:8007/v1/chat/completions "HTTP/1.1 200 OK"

2026-08-18 04:29:29,936 - INFO - HTTP Request: POST http://localhost:8007/v1/chat/completions "HTTP/1.1 200 OK"
2026-08-18 04:29:35,895 - INFO - HTTP Request: POST http://localhost:8007/v1/chat/completions "HTTP/1.1 200 OK"
2026-08-18 04:29:39,906 - INFO - HTTP Request: POST http://localhost:8007/v1/chat/completions "HTTP/1.1 200 OK"
2026-08-18 04:29:44,920 - INFO - HTTP Request: POST http://localhost:8007/v1/chat/completions "HTTP/1.1 200 OK"

2026-08-18 04:29:47,538 - INFO - HTTP Request: POST http://localhost:8007/v1/chat/completions "HTTP/1.1 200 OK"
2026-08-18 04:29:48,945 - INFO - HTTP Request: POST http://localhost:8007/v1/chat/completions "HTTP/1.1 200 OK"

2026-08-18 04:29:52,649 - INFO - HTTP Request: POST http://localhost:8007/v1/chat/completions "HTTP/1.1 200 OK"

2026-08-18 04:30:00,258 - INFO - HTTP Request: POST http://localhost:8007/v1/chat/completions "HTTP/1.1 200 OK"

2026-08-18 04:30:04,605 - INFO - HTTP Request: POST http://localhost:8007/v1/chat/completions "HTTP/1.1 200 OK"
2026-08-18 04:30:09,047 - INFO - HTTP Request: POST http://localhost:8007/v1/chat/completions "HTTP/1.1 200 OK"
2026-08-18 04:30:13,059 - INFO - HTTP Request: POST http://localhost:8007/v1/chat/completions "HTTP/1.1 200 OK"
2026-08-18 04:30:14,725 - INFO - HTTP Request: POST http://localhost:8007/v1/chat/completions "HTTP/1.1 200 OK"

2026-08-18 04:30:20,162 - INFO - HTTP Request: POST http://localhost:8007/v1/chat/completions "HTTP/1.1 200 OK"

2026-08-18 04:30:20,816 - INFO - HTTP Request: POST http://localhost:8007/v1/chat/completions "HTTP/1.1 200 OK"
2026-08-18 04:30:22,873 - INFO - HTTP Request: POST http://localhost:8007/v1/chat/completions "HTTP/1.1 200 OK"

2026-08-18 04:30:31,995 - INFO - HTTP Request: POST http://localhost:8007/v1/chat/completions "HTTP/1.1 200 OK"

2026-08-18 04:30:43,711 - INFO - HTTP Request: POST http://localhost:8007/v1/chat/completions "HTTP/1.1 200 OK"
2026-08-18 04:30:49,453 - INFO - HTTP Request: POST http://localhost:8007/v1/chat/completions "HTTP/1.1 200 OK"
2026-08-18 04:30:52,158 - INFO - HTTP Request: POST http://localhost:8007/v1/chat/completions "HTTP/1.1 200 OK"
2026-08-18 04:30:57,969 - INFO - HTTP Request: POST http://localhost:8007/v1/chat/completions "HTTP/1.1 200 OK"

2026-08-18 04:31:01,455 - INFO - HTTP Request: POST http://localhost:8007/v1/chat/completions "HTTP/1.1 200 OK"
2026-08-18 04:31:02,184 - INFO - HTTP Request: POST http://localhost:8007/v1/chat/completions "HTTP/1.1 200 OK"

2026-08-18 04:31:02,857 - INFO - HTTP Request: POST http://localhost:8007/v1/chat/completions "HTTP/1.1 200 OK"

2026-08-18 04:31:16,541 - INFO - HTTP Request: POST http://localhost:8007/v1/chat/completions "HTTP/1.1 200 OK"

2026-08-18 04:31:18,277 - INFO - HTTP Request: POST http://localhost:8007/v1/chat/completions "HTTP/1.1 200 OK"
2026-08-18 04:31:22,504 - INFO - HTTP Request: POST http://localhost:8007/v1/chat/completions "HTTP/1.1 200 OK"
2026-08-18 04:31:23,475 - INFO - HTTP Request: POST http://localhost:8007/v1/chat/completions "HTTP/1.1 200 OK"
2026-08-18 04:31:30,799 - INFO - HTTP Request: POST http://localhost:8007/v1/chat/completions "HTTP/1.1 200 OK"

2026-08-18 04:31:35,585 - INFO - HTTP Request: POST http://localhost:8007/v1/chat/completions "HTTP/1.1 200 OK"

2026-08-18 04:31:36,674 - INFO - HTTP Request: POST http://localhost:8007/v1/chat/completions "HTTP/1.1 200 OK"

2026-08-18 04:31:37,328 - INFO - HTTP Request: POST http://localhost:8007/v1/chat/completions "HTTP/1.1 200 OK"
2026-08-18 04:31:48,996 - INFO - HTTP Request: POST http://localhost:8007/v1/chat/completions "HTTP/1.1 200 OK"

2026-08-18 04:32:00,283 - INFO - HTTP Request: POST http://localhost:8007/v1/chat/completions "HTTP/1.1 200 OK"
2026-08-18 04:32:05,380 - INFO - HTTP Request: POST http://localhost:8007/v1/chat/completions "HTTP/1.1 200 OK"
2026-08-18 04:32:06,787 - INFO - HTTP Request: POST http://localhost:8007/v1/chat/completions "HTTP/1.1 200 OK"
2026-08-18 04:32:12,812 - INFO - HTTP Request: POST http://localhost:8007/v1/chat/completions "HTTP/1.1 200 OK"

2026-08-18 04:32:18,043 - INFO - HTTP Request: POST http://localhost:8007/v1/chat/completions "HTTP/1.1 200 OK"

2026-08-18 04:32:18,044 - INFO - HTTP Request: POST http://localhost:8007/v1/chat/completions "HTTP/1.1 200 OK"

2026-08-18 04:32:18,916 - INFO - HTTP Request: POST http://localhost:8007/v1/chat/completions "HTTP/1.1 200 OK"
2026-08-18 04:32:30,751 - INFO - HTTP Request: POST http://localhost:8007/v1/chat/completions "HTTP/1.1 200 OK"

2026-08-18 04:32:45,732 - INFO - HTTP Request: POST http://localhost:8007/v1/chat/completions "HTTP/1.1 200 OK"
2026-08-18 04:32:51,266 - INFO - HTTP Request: POST http://localhost:8007/v1/chat/completions "HTTP/1.1 200 OK"
2026-08-18 04:32:51,267 - INFO - HTTP Request: POST http://localhost:8007/v1/chat/completions "HTTP/1.1 200 OK"
2026-08-18 04:32:57,446 - INFO - HTTP Request: POST http://localhost:8007/v1/chat/completions "HTTP/1.1 200 OK"

r5_cfg7:  18%|█▊        | 9/50 [17:17<1:33:00, 136.10s/it]2026-08-18 04:33:04,626 - INFO - HTTP Request: POST http://localhost:8007/v1/chat/completions "HTTP/1.1 200 OK"
2026-08-18 04:33:06,039 - INFO - HTTP Request: POST http://localhost:8007/v1/chat/completions "HTTP/1.1 200 OK"

r5_cfg7:  20%|██        | 10/50 [17:25<1:04:29, 96.74s/it]2026-08-18 04:33:06,039 - INFO - HTTP Request: POST http://localhost:8007/v1/chat/completions "HTTP/1.1 200 OK"

r5_cfg7:  22%|██▏       | 11/50 [17:26<43:41, 67.22s/it]  2026-08-18 04:33:16,684 - INFO - HTTP Request: POST http://localhost:8007/v1/chat/completions "HTTP/1.1 200 OK"

r5_cfg7:  24%|██▍       | 12/50 [17:36<31:37, 49.92s/it]2026-08-18 04:33:19,721 - INFO - HTTP Request: POST http://localhost:8007/v1/chat/completions "HTTP/1.1 200 OK"
2026-08-18 04:33:28,562 - INFO - HTTP Request: POST http://localhost:8007/v1/chat/completions "HTTP/1.1 200 OK"
2026-08-18 04:33:28,779 - INFO - HTTP Request: POST http://localhost:8007/v1/chat/completions "HTTP/1.1 200 OK"
2026-08-18 04:33:29,310 - INFO - HTTP Request: POST http://localhost:8007/v1/chat/completions "HTTP/1.1 200 OK"

2026-08-18 04:33:38,666 - INFO - HTTP Request: POST http://localhost:8007/v1/chat/completions "HTTP/1.1 200 OK"

2026-08-18 04:33:39,756 - INFO - HTTP Request: POST http://localhost:8007/v1/chat/completions "HTTP/1.1 200 OK"
2026-08-18 04:33:41,593 - INFO - HTTP Request: POST http://localhost:8007/v1/chat/completions "HTTP/1.1 200 OK"

2026-08-18 04:33:52,022 - INFO - HTTP Request: POST http://localhost:8007/v1/chat/completions "HTTP/1.1 200 OK"

2026-08-18 04:33:56,145 - INFO - HTTP Request: POST http://localhost:8007/v1/chat/completions "HTTP/1.1 200 OK"
2026-08-18 04:34:05,423 - INFO - HTTP Request: POST http://localhost:8007/v1/chat/completions "HTTP/1.1 200 OK"
2026-08-18 04:34:08,407 - INFO - HTTP Request: POST http://localhost:8007/v1/chat/completions "HTTP/1.1 200 OK"
2026-08-18 04:34:10,522 - INFO - HTTP Request: POST http://localhost:8007/v1/chat/completions "HTTP/1.1 200 OK"

2026-08-18 04:34:17,923 - INFO - HTTP Request: POST http://localhost:8007/v1/chat/completions "HTTP/1.1 200 OK"

2026-08-18 04:34:18,358 - INFO - HTTP Request: POST http://localhost:8007/v1/chat/completions "HTTP/1.1 200 OK"

2026-08-18 04:34:19,230 - INFO - HTTP Request: POST http://localhost:8007/v1/chat/completions "HTTP/1.1 200 OK"
2026-08-18 04:34:29,757 - INFO - HTTP Request: POST http://localhost:8007/v1/chat/completions "HTTP/1.1 200 OK"

2026-08-18 04:34:35,183 - INFO - HTTP Request: POST http://localhost:8007/v1/chat/completions "HTTP/1.1 200 OK"
2026-08-18 04:34:42,940 - INFO - HTTP Request: POST http://localhost:8007/v1/chat/completions "HTTP/1.1 200 OK"
2026-08-18 04:34:43,689 - INFO - HTTP Request: POST http://localhost:8007/v1/chat/completions "HTTP/1.1 200 OK"
2026-08-18 04:34:49,130 - INFO - HTTP Request: POST http://localhost:8007/v1/chat/completions "HTTP/1.1 200 OK"

2026-08-18 04:34:55,234 - INFO - HTTP Request: POST http://localhost:8007/v1/chat/completions "HTTP/1.1 200 OK"
2026-08-18 04:34:57,509 - INFO - HTTP Request: POST http://localhost:8007/v1/chat/completions "HTTP/1.1 200 OK"

2026-08-18 04:34:58,172 - INFO - HTTP Request: POST http://localhost:8007/v1/chat/completions "HTTP/1.1 200 OK"

2026-08-18 04:35:06,216 - INFO - HTTP Request: POST http://localhost:8007/v1/chat/completions "HTTP/1.1 200 OK"

2026-08-18 04:35:13,601 - INFO - HTTP Request: POST http://localhost:8007/v1/chat/completions "HTTP/1.1 200 OK"
2026-08-18 04:35:22,010 - INFO - HTTP Request: POST http://localhost:8007/v1/chat/completions "HTTP/1.1 200 OK"
2026-08-18 04:35:23,097 - INFO - HTTP Request: POST http://localhost:8007/v1/chat/completions "HTTP/1.1 200 OK"
2026-08-18 04:35:27,168 - INFO - HTTP Request: POST http://localhost:8007/v1/chat/completions "HTTP/1.1 200 OK"

2026-08-18 04:35:31,531 - INFO - HTTP Request: POST http://localhost:8007/v1/chat/completions "HTTP/1.1 200 OK"
2026-08-18 04:35:35,614 - INFO - HTTP Request: POST http://localhost:8007/v1/chat/completions "HTTP/1.1 200 OK"

2026-08-18 04:35:36,277 - INFO - HTTP Request: POST http://localhost:8007/v1/chat/completions "HTTP/1.1 200 OK"

2026-08-18 04:35:44,102 - INFO - HTTP Request: POST http://localhost:8007/v1/chat/completions "HTTP/1.1 200 OK"

2026-08-18 04:35:47,363 - INFO - HTTP Request: POST http://localhost:8007/v1/chat/completions "HTTP/1.1 200 OK"
2026-08-18 04:35:55,772 - INFO - HTTP Request: POST http://localhost:8007/v1/chat/completions "HTTP/1.1 200 OK"
2026-08-18 04:35:56,799 - INFO - HTTP Request: POST http://localhost:8007/v1/chat/completions "HTTP/1.1 200 OK"
2026-08-18 04:35:57,529 - INFO - HTTP Request: POST http://localhost:8007/v1/chat/completions "HTTP/1.1 200 OK"

2026-08-18 04:36:04,352 - INFO - HTTP Request: POST http://localhost:8007/v1/chat/completions "HTTP/1.1 200 OK"

2026-08-18 04:36:05,007 - INFO - HTTP Request: POST http://localhost:8007/v1/chat/completions "HTTP/1.1 200 OK"
2026-08-18 04:36:08,148 - INFO - HTTP Request: POST http://localhost:8007/v1/chat/completions "HTTP/1.1 200 OK"

2026-08-18 04:36:15,750 - INFO - HTTP Request: POST http://localhost:8007/v1/chat/completions "HTTP/1.1 200 OK"

2026-08-18 04:36:26,597 - INFO - HTTP Request: POST http://localhost:8007/v1/chat/completions "HTTP/1.1 200 OK"
2026-08-18 04:36:33,703 - INFO - HTTP Request: POST http://localhost:8007/v1/chat/completions "HTTP/1.1 200 OK"
2026-08-18 04:36:37,555 - INFO - HTTP Request: POST http://localhost:8007/v1/chat/completions "HTTP/1.1 200 OK"
2026-08-18 04:36:39,015 - INFO - HTTP Request: POST http://localhost:8007/v1/chat/completions "HTTP/1.1 200 OK"

2026-08-18 04:36:45,546 - INFO - HTTP Request: POST http://localhost:8007/v1/chat/completions "HTTP/1.1 200 OK"
2026-08-18 04:36:47,381 - INFO - HTTP Request: POST http://localhost:8007/v1/chat/completions "HTTP/1.1 200 OK"

2026-08-18 04:36:51,517 - INFO - HTTP Request: POST http://localhost:8007/v1/chat/completions "HTTP/1.1 200 OK"

2026-08-18 04:36:56,950 - INFO - HTTP Request: POST http://localhost:8007/v1/chat/completions "HTTP/1.1 200 OK"

2026-08-18 04:36:59,337 - INFO - HTTP Request: POST http://localhost:8007/v1/chat/completions "HTTP/1.1 200 OK"
2026-08-18 04:37:07,747 - INFO - HTTP Request: POST http://localhost:8007/v1/chat/completions "HTTP/1.1 200 OK"
2026-08-18 04:37:10,079 - INFO - HTTP Request: POST http://localhost:8007/v1/chat/completions "HTTP/1.1 200 OK"

2026-08-18 04:37:12,255 - INFO - HTTP Request: POST http://localhost:8007/v1/chat/completions "HTTP/1.1 200 OK"
2026-08-18 04:37:18,071 - INFO - HTTP Request: POST http://localhost:8007/v1/chat/completions "HTTP/1.1 200 OK"
2026-08-18 04:37:21,874 - INFO - HTTP Request: POST http://localhost:8007/v1/chat/completions "HTTP/1.1 200 OK"

2026-08-18 04:37:24,054 - INFO - HTTP Request: POST http://localhost:8007/v1/chat/completions "HTTP/1.1 200 OK"

2026-08-18 04:37:39,919 - INFO - HTTP Request: POST http://localhost:8007/v1/chat/completions "HTTP/1.1 200 OK"
2026-08-18 04:37:42,470 - INFO - HTTP Request: POST http://localhost:8007/v1/chat/completions "HTTP/1.1 200 OK"

2026-08-18 04:37:50,950 - INFO - HTTP Request: POST http://localhost:8007/v1/chat/completions "HTTP/1.1 200 OK"

2026-08-18 04:37:51,385 - INFO - HTTP Request: POST http://localhost:8007/v1/chat/completions "HTTP/1.1 200 OK"
2026-08-18 04:37:53,941 - INFO - HTTP Request: POST http://localhost:8007/v1/chat/completions "HTTP/1.1 200 OK"
2026-08-18 04:38:02,587 - INFO - HTTP Request: POST http://localhost:8007/v1/chat/completions "HTTP/1.1 200 OK"

2026-08-18 04:38:05,206 - INFO - HTTP Request: POST http://localhost:8007/v1/chat/completions "HTTP/1.1 200 OK"

2026-08-18 04:38:12,377 - INFO - HTTP Request: POST http://localhost:8007/v1/chat/completions "HTTP/1.1 200 OK"
2026-08-18 04:38:25,078 - INFO - HTTP Request: POST http://localhost:8007/v1/chat/completions "HTTP/1.1 200 OK"
2026-08-18 04:38:25,296 - INFO - HTTP Request: POST http://localhost:8007/v1/chat/completions "HTTP/1.1 200 OK"

2026-08-18 04:38:35,675 - INFO - HTTP Request: POST http://localhost:8007/v1/chat/completions "HTTP/1.1 200 OK"
2026-08-18 04:38:38,879 - INFO - HTTP Request: POST http://localhost:8007/v1/chat/completions "HTTP/1.1 200 OK"
2026-08-18 04:38:39,613 - INFO - HTTP Request: POST http://localhost:8007/v1/chat/completions "HTTP/1.1 200 OK"

r5_cfg7:  26%|██▌       | 13/50 [22:59<1:21:47, 132.63s/it]2026-08-18 04:38:49,269 - INFO - HTTP Request: POST http://localhost:8007/v1/chat/completions "HTTP/1.1 200 OK"

r5_cfg7:  28%|██▊       | 14/50 [23:09<57:17, 95.48s/it]   2026-08-18 04:38:52,533 - INFO - HTTP Request: POST http://localhost:8007/v1/chat/completions "HTTP/1.1 200 OK"

r5_cfg7:  30%|███       | 15/50 [23:12<39:29, 67.69s/it]2026-08-18 04:38:59,478 - INFO - HTTP Request: POST http://localhost:8007/v1/chat/completions "HTTP/1.1 200 OK"
2026-08-18 04:39:01,965 - INFO - HTTP Request: POST http://localhost:8007/v1/chat/completions "HTTP/1.1 200 OK"
2026-08-18 04:39:11,634 - INFO - HTTP Request: POST http://localhost:8007/v1/chat/completions "HTTP/1.1 200 OK"
2026-08-18 04:39:13,735 - INFO - HTTP Request: POST http://localhost:8007/v1/chat/completions "HTTP/1.1 200 OK"

2026-08-18 04:39:14,826 - INFO - HTTP Request: POST http://localhost:8007/v1/chat/completions "HTTP/1.1 200 OK"

r5_cfg7:  32%|███▏      | 16/50 [23:34<30:36, 54.02s/it]2026-08-18 04:39:15,261 - INFO - HTTP Request: POST http://localhost:8007/v1/chat/completions "HTTP/1.1 200 OK"
2026-08-18 04:39:25,792 - INFO - HTTP Request: POST http://localhost:8007/v1/chat/completions "HTTP/1.1 200 OK"

2026-08-18 04:39:26,882 - INFO - HTTP Request: POST http://localhost:8007/v1/chat/completions "HTTP/1.1 200 OK"

2026-08-18 04:39:37,074 - INFO - HTTP Request: POST http://localhost:8007/v1/chat/completions "HTTP/1.1 200 OK"
2026-08-18 04:39:40,428 - INFO - HTTP Request: POST http://localhost:8007/v1/chat/completions "HTTP/1.1 200 OK"
2026-08-18 04:39:49,010 - INFO - HTTP Request: POST http://localhost:8007/v1/chat/completions "HTTP/1.1 200 OK"

2026-08-18 04:39:52,271 - INFO - HTTP Request: POST http://localhost:8007/v1/chat/completions "HTTP/1.1 200 OK"
2026-08-18 04:39:53,369 - INFO - HTTP Request: POST http://localhost:8007/v1/chat/completions "HTTP/1.1 200 OK"

2026-08-18 04:39:53,803 - INFO - HTTP Request: POST http://localhost:8007/v1/chat/completions "HTTP/1.1 200 OK"
2026-08-18 04:40:05,263 - INFO - HTTP Request: POST http://localhost:8007/v1/chat/completions "HTTP/1.1 200 OK"

2026-08-18 04:40:07,003 - INFO - HTTP Request: POST http://localhost:8007/v1/chat/completions "HTTP/1.1 200 OK"

2026-08-18 04:40:15,681 - INFO - HTTP Request: POST http://localhost:8007/v1/chat/completions "HTTP/1.1 200 OK"
2026-08-18 04:40:18,387 - INFO - HTTP Request: POST http://localhost:8007/v1/chat/completions "HTTP/1.1 200 OK"
2026-08-18 04:40:30,234 - INFO - HTTP Request: POST http://localhost:8007/v1/chat/completions "HTTP/1.1 200 OK"
2026-08-18 04:40:32,296 - INFO - HTTP Request: POST http://localhost:8007/v1/chat/completions "HTTP/1.1 200 OK"
2026-08-18 04:40:32,732 - INFO - HTTP Request: POST http://localhost:8007/v1/chat/completions "HTTP/1.1 200 OK"

2026-08-18 04:40:33,756 - INFO - HTTP Request: POST http://localhost:8007/v1/chat/completions "HTTP/1.1 200 OK"

2026-08-18 04:40:41,582 - INFO - HTTP Request: POST http://localhost:8007/v1/chat/completions "HTTP/1.1 200 OK"

2026-08-18 04:40:42,676 - INFO - HTTP Request: POST http://localhost:8007/v1/chat/completions "HTTP/1.1 200 OK"

2026-08-18 04:40:56,781 - INFO - HTTP Request: POST http://localhost:8007/v1/chat/completions "HTTP/1.1 200 OK"
2026-08-18 04:40:58,464 - INFO - HTTP Request: POST http://localhost:8007/v1/chat/completions "HTTP/1.1 200 OK"
2026-08-18 04:41:06,390 - INFO - HTTP Request: POST http://localhost:8007/v1/chat/completions "HTTP/1.1 200 OK"
2026-08-18 04:41:07,797 - INFO - HTTP Request: POST http://localhost:8007/v1/chat/completions "HTTP/1.1 200 OK"
2026-08-18 04:41:10,337 - INFO - HTTP Request: POST http://localhost:8007/v1/chat/completions "HTTP/1.1 200 OK"

2026-08-18 04:41:17,096 - INFO - HTTP Request: POST http://localhost:8007/v1/chat/completions "HTTP/1.1 200 OK"

2026-08-18 04:41:19,062 - INFO - HTTP Request: POST http://localhost:8007/v1/chat/completions "HTTP/1.1 200 OK"

2026-08-18 04:41:20,159 - INFO - HTTP Request: POST http://localhost:8007/v1/chat/completions "HTTP/1.1 200 OK"

2026-08-18 04:41:30,138 - INFO - HTTP Request: POST http://localhost:8007/v1/chat/completions "HTTP/1.1 200 OK"
2026-08-18 04:41:39,145 - INFO - HTTP Request: POST http://localhost:8007/v1/chat/completions "HTTP/1.1 200 OK"
2026-08-18 04:41:40,551 - INFO - HTTP Request: POST http://localhost:8007/v1/chat/completions "HTTP/1.1 200 OK"
2026-08-18 04:41:41,999 - INFO - HTTP Request: POST http://localhost:8007/v1/chat/completions "HTTP/1.1 200 OK"
2026-08-18 04:41:42,701 - INFO - HTTP Request: POST http://localhost:8007/v1/chat/completions "HTTP/1.1 200 OK"

2026-08-18 04:41:49,063 - INFO - HTTP Request: POST http://localhost:8007/v1/chat/completions "HTTP/1.1 200 OK"

2026-08-18 04:41:53,197 - INFO - HTTP Request: POST http://localhost:8007/v1/chat/completions "HTTP/1.1 200 OK"

2026-08-18 04:41:54,504 - INFO - HTTP Request: POST http://localhost:8007/v1/chat/completions "HTTP/1.1 200 OK"

2026-08-18 04:42:11,432 - INFO - HTTP Request: POST http://localhost:8007/v1/chat/completions "HTTP/1.1 200 OK"
2026-08-18 04:42:14,570 - INFO - HTTP Request: POST http://localhost:8007/v1/chat/completions "HTTP/1.1 200 OK"
2026-08-18 04:42:18,365 - INFO - HTTP Request: POST http://localhost:8007/v1/chat/completions "HTTP/1.1 200 OK"
2026-08-18 04:42:22,819 - INFO - HTTP Request: POST http://localhost:8007/v1/chat/completions "HTTP/1.1 200 OK"
2026-08-18 04:42:26,234 - INFO - HTTP Request: POST http://localhost:8007/v1/chat/completions "HTTP/1.1 200 OK"

2026-08-18 04:42:26,891 - INFO - HTTP Request: POST http://localhost:8007/v1/chat/completions "HTTP/1.1 200 OK"

2026-08-18 04:42:34,500 - INFO - HTTP Request: POST http://localhost:8007/v1/chat/completions "HTTP/1.1 200 OK"

2026-08-18 04:42:34,718 - INFO - HTTP Request: POST http://localhost:8007/v1/chat/completions "HTTP/1.1 200 OK"

2026-08-18 04:42:46,870 - INFO - HTTP Request: POST http://localhost:8007/v1/chat/completions "HTTP/1.1 200 OK"
2026-08-18 04:42:54,795 - INFO - HTTP Request: POST http://localhost:8007/v1/chat/completions "HTTP/1.1 200 OK"
2026-08-18 04:42:55,013 - INFO - HTTP Request: POST http://localhost:8007/v1/chat/completions "HTTP/1.1 200 OK"
2026-08-18 04:42:55,235 - INFO - HTTP Request: POST http://localhost:8007/v1/chat/completions "HTTP/1.1 200 OK"
2026-08-18 04:43:01,227 - INFO - HTTP Request: POST http://localhost:8007/v1/chat/completions "HTTP/1.1 200 OK"

2026-08-18 04:43:07,543 - INFO - HTTP Request: POST http://localhost:8007/v1/chat/completions "HTTP/1.1 200 OK"

2026-08-18 04:43:07,976 - INFO - HTTP Request: POST http://localhost:8007/v1/chat/completions "HTTP/1.1 200 OK"

2026-08-18 04:43:09,071 - INFO - HTTP Request: POST http://localhost:8007/v1/chat/completions "HTTP/1.1 200 OK"

2026-08-18 04:43:29,034 - INFO - HTTP Request: POST http://localhost:8007/v1/chat/completions "HTTP/1.1 200 OK"
2026-08-18 04:43:30,653 - INFO - HTTP Request: POST http://localhost:8007/v1/chat/completions "HTTP/1.1 200 OK"
2026-08-18 04:43:37,286 - INFO - HTTP Request: POST http://localhost:8007/v1/chat/completions "HTTP/1.1 200 OK"
2026-08-18 04:43:38,006 - INFO - HTTP Request: POST http://localhost:8007/v1/chat/completions "HTTP/1.1 200 OK"
2026-08-18 04:43:44,283 - INFO - HTTP Request: POST http://localhost:8007/v1/chat/completions "HTTP/1.1 200 OK"

2026-08-18 04:43:46,689 - INFO - HTTP Request: POST http://localhost:8007/v1/chat/completions "HTTP/1.1 200 OK"

2026-08-18 04:43:47,997 - INFO - HTTP Request: POST http://localhost:8007/v1/chat/completions "HTTP/1.1 200 OK"

2026-08-18 04:43:55,832 - INFO - HTTP Request: POST http://localhost:8007/v1/chat/completions "HTTP/1.1 200 OK"

2026-08-18 04:44:15,810 - INFO - HTTP Request: POST http://localhost:8007/v1/chat/completions "HTTP/1.1 200 OK"
2026-08-18 04:44:16,994 - INFO - HTTP Request: POST http://localhost:8007/v1/chat/completions "HTTP/1.1 200 OK"
2026-08-18 04:44:21,666 - INFO - HTTP Request: POST http://localhost:8007/v1/chat/completions "HTTP/1.1 200 OK"
2026-08-18 04:44:29,654 - INFO - HTTP Request: POST http://localhost:8007/v1/chat/completions "HTTP/1.1 200 OK"

2026-08-18 04:44:29,655 - INFO - HTTP Request: POST http://localhost:8007/v1/chat/completions "HTTP/1.1 200 OK"
r5_cfg7:  34%|███▍      | 17/50 [28:49<1:12:50, 132.45s/it]2026-08-18 04:44:31,281 - INFO - HTTP Request: POST http://localhost:8007/v1/chat/completions "HTTP/1.1 200 OK"

2026-08-18 04:44:34,553 - INFO - HTTP Request: POST http://localhost:8007/v1/chat/completions "HTTP/1.1 200 OK"

r5_cfg7:  36%|███▌      | 18/50 [28:54<50:11, 94.12s/it]   2026-08-18 04:44:40,856 - INFO - HTTP Request: POST http://localhost:8007/v1/chat/completions "HTTP/1.1 200 OK"

r5_cfg7:  38%|███▊      | 19/50 [29:00<35:00, 67.74s/it]2026-08-18 04:44:51,705 - INFO - HTTP Request: POST http://localhost:8007/v1/chat/completions "HTTP/1.1 200 OK"
2026-08-18 04:44:56,799 - INFO - HTTP Request: POST http://localhost:8007/v1/chat/completions "HTTP/1.1 200 OK"
2026-08-18 04:45:03,398 - INFO - HTTP Request: POST http://localhost:8007/v1/chat/completions "HTTP/1.1 200 OK"
2026-08-18 04:45:04,859 - INFO - HTTP Request: POST http://localhost:8007/v1/chat/completions "HTTP/1.1 200 OK"
2026-08-18 04:45:05,078 - INFO - HTTP Request: POST http://localhost:8007/v1/chat/completions "HTTP/1.1 200 OK"

2026-08-18 04:45:12,144 - INFO - HTTP Request: POST http://localhost:8007/v1/chat/completions "HTTP/1.1 200 OK"

2026-08-18 04:45:14,976 - INFO - HTTP Request: POST http://localhost:8007/v1/chat/completions "HTTP/1.1 200 OK"

2026-08-18 04:45:19,974 - INFO - HTTP Request: POST http://localhost:8007/v1/chat/completions "HTTP/1.1 200 OK"

r5_cfg7:  40%|████      | 20/50 [29:39<29:34, 59.15s/it]2026-08-18 04:45:31,470 - INFO - HTTP Request: POST http://localhost:8007/v1/chat/completions "HTTP/1.1 200 OK"
2026-08-18 04:45:38,524 - INFO - HTTP Request: POST http://localhost:8007/v1/chat/completions "HTTP/1.1 200 OK"
2026-08-18 04:45:41,650 - INFO - HTTP Request: POST http://localhost:8007/v1/chat/completions "HTTP/1.1 200 OK"
2026-08-18 04:45:42,895 - INFO - HTTP Request: POST http://localhost:8007/v1/chat/completions "HTTP/1.1 200 OK"
2026-08-18 04:45:48,497 - INFO - HTTP Request: POST http://localhost:8007/v1/chat/completions "HTTP/1.1 200 OK"

2026-08-18 04:45:50,895 - INFO - HTTP Request: POST http://localhost:8007/v1/chat/completions "HTTP/1.1 200 OK"

2026-08-18 04:45:52,856 - INFO - HTTP Request: POST http://localhost:8007/v1/chat/completions "HTTP/1.1 200 OK"

2026-08-18 04:45:54,380 - INFO - HTTP Request: POST http://localhost:8007/v1/chat/completions "HTTP/1.1 200 OK"

2026-08-18 04:46:12,817 - INFO - HTTP Request: POST http://localhost:8007/v1/chat/completions "HTTP/1.1 200 OK"
2026-08-18 04:46:17,263 - INFO - HTTP Request: POST http://localhost:8007/v1/chat/completions "HTTP/1.1 200 OK"
2026-08-18 04:46:17,480 - INFO - HTTP Request: POST http://localhost:8007/v1/chat/completions "HTTP/1.1 200 OK"
2026-08-18 04:46:19,669 - INFO - HTTP Request: POST http://localhost:8007/v1/chat/completions "HTTP/1.1 200 OK"
2026-08-18 04:46:29,200 - INFO - HTTP Request: POST http://localhost:8007/v1/chat/completions "HTTP/1.1 200 OK"

2026-08-18 04:46:29,864 - INFO - HTTP Request: POST http://localhost:8007/v1/chat/completions "HTTP/1.1 200 OK"

2026-08-18 04:46:30,744 - INFO - HTTP Request: POST http://localhost:8007/v1/chat/completions "HTTP/1.1 200 OK"

2026-08-18 04:46:32,485 - INFO - HTTP Request: POST http://localhost:8007/v1/chat/completions "HTTP/1.1 200 OK"

2026-08-18 04:46:53,315 - INFO - HTTP Request: POST http://localhost:8007/v1/chat/completions "HTTP/1.1 200 OK"
2026-08-18 04:46:53,749 - INFO - HTTP Request: POST http://localhost:8007/v1/chat/completions "HTTP/1.1 200 OK"
2026-08-18 04:46:55,593 - INFO - HTTP Request: POST http://localhost:8007/v1/chat/completions "HTTP/1.1 200 OK"
2026-08-18 04:46:57,489 - INFO - HTTP Request: POST http://localhost:8007/v1/chat/completions "HTTP/1.1 200 OK"
2026-08-18 04:47:06,797 - INFO - HTTP Request: POST http://localhost:8007/v1/chat/completions "HTTP/1.1 200 OK"

2026-08-18 04:47:06,798 - INFO - HTTP Request: POST http://localhost:8007/v1/chat/completions "HTTP/1.1 200 OK"

2026-08-18 04:47:07,014 - INFO - HTTP Request: POST http://localhost:8007/v1/chat/completions "HTTP/1.1 200 OK"

2026-08-18 04:47:10,076 - INFO - HTTP Request: POST http://localhost:8007/v1/chat/completions "HTTP/1.1 200 OK"

2026-08-18 04:47:26,564 - INFO - HTTP Request: POST http://localhost:8007/v1/chat/completions "HTTP/1.1 200 OK"
2026-08-18 04:47:26,565 - INFO - HTTP Request: POST http://localhost:8007/v1/chat/completions "HTTP/1.1 200 OK"
2026-08-18 04:47:30,441 - INFO - HTTP Request: POST http://localhost:8007/v1/chat/completions "HTTP/1.1 200 OK"
2026-08-18 04:47:31,901 - INFO - HTTP Request: POST http://localhost:8007/v1/chat/completions "HTTP/1.1 200 OK"
2026-08-18 04:47:41,425 - INFO - HTTP Request: POST http://localhost:8007/v1/chat/completions "HTTP/1.1 200 OK"

2026-08-18 04:47:43,824 - INFO - HTTP Request: POST http://localhost:8007/v1/chat/completions "HTTP/1.1 200 OK"

2026-08-18 04:47:44,480 - INFO - HTTP Request: POST http://localhost:8007/v1/chat/completions "HTTP/1.1 200 OK"

2026-08-18 04:47:44,698 - INFO - HTTP Request: POST http://localhost:8007/v1/chat/completions "HTTP/1.1 200 OK"

2026-08-18 04:48:04,445 - INFO - HTTP Request: POST http://localhost:8007/v1/chat/completions "HTTP/1.1 200 OK"
2026-08-18 04:48:10,467 - INFO - HTTP Request: POST http://localhost:8007/v1/chat/completions "HTTP/1.1 200 OK"
2026-08-18 04:48:13,230 - INFO - HTTP Request: POST http://localhost:8007/v1/chat/completions "HTTP/1.1 200 OK"
2026-08-18 04:48:14,114 - INFO - HTTP Request: POST http://localhost:8007/v1/chat/completions "HTTP/1.1 200 OK"
2026-08-18 04:48:16,820 - INFO - HTTP Request: POST http://localhost:8007/v1/chat/completions "HTTP/1.1 200 OK"

2026-08-18 04:48:25,965 - INFO - HTTP Request: POST http://localhost:8007/v1/chat/completions "HTTP/1.1 200 OK"

2026-08-18 04:48:27,056 - INFO - HTTP Request: POST http://localhost:8007/v1/chat/completions "HTTP/1.1 200 OK"

2026-08-18 04:48:29,231 - INFO - HTTP Request: POST http://localhost:8007/v1/chat/completions "HTTP/1.1 200 OK"

2026-08-18 04:48:45,503 - INFO - HTTP Request: POST http://localhost:8007/v1/chat/completions "HTTP/1.1 200 OK"
2026-08-18 04:48:46,249 - INFO - HTTP Request: POST http://localhost:8007/v1/chat/completions "HTTP/1.1 200 OK"
2026-08-18 04:48:47,767 - INFO - HTTP Request: POST http://localhost:8007/v1/chat/completions "HTTP/1.1 200 OK"
2026-08-18 04:48:50,242 - INFO - HTTP Request: POST http://localhost:8007/v1/chat/completions "HTTP/1.1 200 OK"
2026-08-18 04:49:00,806 - INFO - HTTP Request: POST http://localhost:8007/v1/chat/completions "HTTP/1.1 200 OK"

2026-08-18 04:49:01,681 - INFO - HTTP Request: POST http://localhost:8007/v1/chat/completions "HTTP/1.1 200 OK"

2026-08-18 04:49:01,900 - INFO - HTTP Request: POST http://localhost:8007/v1/chat/completions "HTTP/1.1 200 OK"

2026-08-18 04:49:08,858 - INFO - HTTP Request: POST http://localhost:8007/v1/chat/completions "HTTP/1.1 200 OK"

2026-08-18 04:49:20,793 - INFO - HTTP Request: POST http://localhost:8007/v1/chat/completions "HTTP/1.1 200 OK"
2026-08-18 04:49:31,165 - INFO - HTTP Request: POST http://localhost:8007/v1/chat/completions "HTTP/1.1 200 OK"
2026-08-18 04:49:31,382 - INFO - HTTP Request: POST http://localhost:8007/v1/chat/completions "HTTP/1.1 200 OK"
2026-08-18 04:49:31,858 - INFO - HTTP Request: POST http://localhost:8007/v1/chat/completions "HTTP/1.1 200 OK"

2026-08-18 04:49:39,016 - INFO - HTTP Request: POST http://localhost:8007/v1/chat/completions "HTTP/1.1 200 OK"
2026-08-18 04:49:43,473 - INFO - HTTP Request: POST http://localhost:8007/v1/chat/completions "HTTP/1.1 200 OK"

2026-08-18 04:49:45,006 - INFO - HTTP Request: POST http://localhost:8007/v1/chat/completions "HTTP/1.1 200 OK"

2026-08-18 04:49:52,407 - INFO - HTTP Request: POST http://localhost:8007/v1/chat/completions "HTTP/1.1 200 OK"

2026-08-18 04:50:01,745 - INFO - HTTP Request: POST http://localhost:8007/v1/chat/completions "HTTP/1.1 200 OK"
2026-08-18 04:50:10,595 - INFO - HTTP Request: POST http://localhost:8007/v1/chat/completions "HTTP/1.1 200 OK"

2026-08-18 04:50:16,246 - INFO - HTTP Request: POST http://localhost:8007/v1/chat/completions "HTTP/1.1 200 OK"
2026-08-18 04:50:18,715 - INFO - HTTP Request: POST http://localhost:8007/v1/chat/completions "HTTP/1.1 200 OK"
2026-08-18 04:50:26,486 - INFO - HTTP Request: POST http://localhost:8007/v1/chat/completions "HTTP/1.1 200 OK"
2026-08-18 04:50:27,894 - INFO - HTTP Request: POST http://localhost:8007/v1/chat/completions "HTTP/1.1 200 OK"

r5_cfg7:  42%|████▏     | 21/50 [34:47<1:04:40, 133.82s/it]2026-08-18 04:50:33,336 - INFO - HTTP Request: POST http://localhost:8007/v1/chat/completions "HTTP/1.1 200 OK"

r5_cfg7:  44%|████▍     | 22/50 [34:53<44:28, 95.29s/it]   2026-08-18 04:50:44,206 - INFO - HTTP Request: POST http://localhost:8007/v1/chat/completions "HTTP/1.1 200 OK"
2026-08-18 04:50:44,207 - INFO - HTTP Request: POST http://localhost:8007/v1/chat/completions "HTTP/1.1 200 OK"

r5_cfg7:  46%|████▌     | 23/50 [35:04<31:28, 69.96s/it]2026-08-18 04:50:50,012 - INFO - HTTP Request: POST http://localhost:8007/v1/chat/completions "HTTP/1.1 200 OK"
2026-08-18 04:50:55,601 - INFO - HTTP Request: POST http://localhost:8007/v1/chat/completions "HTTP/1.1 200 OK"
2026-08-18 04:50:56,686 - INFO - HTTP Request: POST http://localhost:8007/v1/chat/completions "HTTP/1.1 200 OK"

r5_cfg7:  48%|████▊     | 24/50 [35:16<22:50, 52.71s/it]2026-08-18 04:51:01,035 - INFO - HTTP Request: POST http://localhost:8007/v1/chat/completions "HTTP/1.1 200 OK"

2026-08-18 04:51:06,897 - INFO - HTTP Request: POST http://localhost:8007/v1/chat/completions "HTTP/1.1 200 OK"
2026-08-18 04:51:10,963 - INFO - HTTP Request: POST http://localhost:8007/v1/chat/completions "HTTP/1.1 200 OK"

2026-08-18 04:51:19,005 - INFO - HTTP Request: POST http://localhost:8007/v1/chat/completions "HTTP/1.1 200 OK"
2026-08-18 04:51:19,006 - INFO - HTTP Request: POST http://localhost:8007/v1/chat/completions "HTTP/1.1 200 OK"

2026-08-18 04:51:27,842 - INFO - HTTP Request: POST http://localhost:8007/v1/chat/completions "HTTP/1.1 200 OK"
2026-08-18 04:51:31,474 - INFO - HTTP Request: POST http://localhost:8007/v1/chat/completions "HTTP/1.1 200 OK"

2026-08-18 04:51:37,779 - INFO - HTTP Request: POST http://localhost:8007/v1/chat/completions "HTTP/1.1 200 OK"
2026-08-18 04:51:41,690 - INFO - HTTP Request: POST http://localhost:8007/v1/chat/completions "HTTP/1.1 200 OK"

2026-08-18 04:51:46,033 - INFO - HTTP Request: POST http://localhost:8007/v1/chat/completions "HTTP/1.1 200 OK"
2026-08-18 04:51:49,449 - INFO - HTTP Request: POST http://localhost:8007/v1/chat/completions "HTTP/1.1 200 OK"

2026-08-18 04:51:58,143 - INFO - HTTP Request: POST http://localhost:8007/v1/chat/completions "HTTP/1.1 200 OK"
2026-08-18 04:52:00,690 - INFO - HTTP Request: POST http://localhost:8007/v1/chat/completions "HTTP/1.1 200 OK"

2026-08-18 04:52:06,776 - INFO - HTTP Request: POST http://localhost:8007/v1/chat/completions "HTTP/1.1 200 OK"
2026-08-18 04:52:13,454 - INFO - HTTP Request: POST http://localhost:8007/v1/chat/completions "HTTP/1.1 200 OK"

2026-08-18 04:52:14,543 - INFO - HTTP Request: POST http://localhost:8007/v1/chat/completions "HTTP/1.1 200 OK"
2026-08-18 04:52:21,717 - INFO - HTTP Request: POST http://localhost:8007/v1/chat/completions "HTTP/1.1 200 OK"

2026-08-18 04:52:23,897 - INFO - HTTP Request: POST http://localhost:8007/v1/chat/completions "HTTP/1.1 200 OK"

2026-08-18 04:52:25,641 - INFO - HTTP Request: POST http://localhost:8007/v1/chat/completions "HTTP/1.1 200 OK"
2026-08-18 04:52:38,394 - INFO - HTTP Request: POST http://localhost:8007/v1/chat/completions "HTTP/1.1 200 OK"
2026-08-18 04:52:41,591 - INFO - HTTP Request: POST http://localhost:8007/v1/chat/completions "HTTP/1.1 200 OK"

2026-08-18 04:52:45,943 - INFO - HTTP Request: POST http://localhost:8007/v1/chat/completions "HTTP/1.1 200 OK"
2026-08-18 04:52:49,208 - INFO - HTTP Request: POST http://localhost:8007/v1/chat/completions "HTTP/1.1 200 OK"
2026-08-18 04:52:50,008 - INFO - HTTP Request: POST http://localhost:8007/v1/chat/completions "HTTP/1.1 200 OK"

2026-08-18 04:52:59,365 - INFO - HTTP Request: POST http://localhost:8007/v1/chat/completions "HTTP/1.1 200 OK"

2026-08-18 04:53:01,546 - INFO - HTTP Request: POST http://localhost:8007/v1/chat/completions "HTTP/1.1 200 OK"

2026-08-18 04:53:05,672 - INFO - HTTP Request: POST http://localhost:8007/v1/chat/completions "HTTP/1.1 200 OK"
2026-08-18 04:53:14,462 - INFO - HTTP Request: POST http://localhost:8007/v1/chat/completions "HTTP/1.1 200 OK"
2026-08-18 04:53:18,696 - INFO - HTTP Request: POST http://localhost:8007/v1/chat/completions "HTTP/1.1 200 OK"

2026-08-18 04:53:19,792 - INFO - HTTP Request: POST http://localhost:8007/v1/chat/completions "HTTP/1.1 200 OK"
2026-08-18 04:53:21,902 - INFO - HTTP Request: POST http://localhost:8007/v1/chat/completions "HTTP/1.1 200 OK"
2026-08-18 04:53:29,390 - INFO - HTTP Request: POST http://localhost:8007/v1/chat/completions "HTTP/1.1 200 OK"

2026-08-18 04:53:32,445 - INFO - HTTP Request: POST http://localhost:8007/v1/chat/completions "HTTP/1.1 200 OK"

2026-08-18 04:53:32,446 - INFO - HTTP Request: POST http://localhost:8007/v1/chat/completions "HTTP/1.1 200 OK"

2026-08-18 04:53:39,176 - INFO - HTTP Request: POST http://localhost:8007/v1/chat/completions "HTTP/1.1 200 OK"
2026-08-18 04:53:49,541 - INFO - HTTP Request: POST http://localhost:8007/v1/chat/completions "HTTP/1.1 200 OK"
2026-08-18 04:53:49,542 - INFO - HTTP Request: POST http://localhost:8007/v1/chat/completions "HTTP/1.1 200 OK"

2026-08-18 04:54:00,987 - INFO - HTTP Request: POST http://localhost:8007/v1/chat/completions "HTTP/1.1 200 OK"

2026-08-18 04:54:01,859 - INFO - HTTP Request: POST http://localhost:8007/v1/chat/completions "HTTP/1.1 200 OK"
2026-08-18 04:54:01,860 - INFO - HTTP Request: POST http://localhost:8007/v1/chat/completions "HTTP/1.1 200 OK"
2026-08-18 04:54:11,076 - INFO - HTTP Request: POST http://localhost:8007/v1/chat/completions "HTTP/1.1 200 OK"

2026-08-18 04:54:12,383 - INFO - HTTP Request: POST http://localhost:8007/v1/chat/completions "HTTP/1.1 200 OK"

2026-08-18 04:54:19,109 - INFO - HTTP Request: POST http://localhost:8007/v1/chat/completions "HTTP/1.1 200 OK"
2026-08-18 04:54:29,425 - INFO - HTTP Request: POST http://localhost:8007/v1/chat/completions "HTTP/1.1 200 OK"

2026-08-18 04:54:30,511 - INFO - HTTP Request: POST http://localhost:8007/v1/chat/completions "HTTP/1.1 200 OK"
2026-08-18 04:54:31,696 - INFO - HTTP Request: POST http://localhost:8007/v1/chat/completions "HTTP/1.1 200 OK"
2026-08-18 04:54:33,216 - INFO - HTTP Request: POST http://localhost:8007/v1/chat/completions "HTTP/1.1 200 OK"
2026-08-18 04:54:42,952 - INFO - HTTP Request: POST http://localhost:8007/v1/chat/completions "HTTP/1.1 200 OK"

2026-08-18 04:54:45,350 - INFO - HTTP Request: POST http://localhost:8007/v1/chat/completions "HTTP/1.1 200 OK"

2026-08-18 04:54:46,875 - INFO - HTTP Request: POST http://localhost:8007/v1/chat/completions "HTTP/1.1 200 OK"

2026-08-18 04:54:50,348 - INFO - HTTP Request: POST http://localhost:8007/v1/chat/completions "HTTP/1.1 200 OK"
2026-08-18 04:55:07,240 - INFO - HTTP Request: POST http://localhost:8007/v1/chat/completions "HTTP/1.1 200 OK"
2026-08-18 04:55:09,352 - INFO - HTTP Request: POST http://localhost:8007/v1/chat/completions "HTTP/1.1 200 OK"

2026-08-18 04:55:12,832 - INFO - HTTP Request: POST http://localhost:8007/v1/chat/completions "HTTP/1.1 200 OK"
2026-08-18 04:55:15,444 - INFO - HTTP Request: POST http://localhost:8007/v1/chat/completions "HTTP/1.1 200 OK"
2026-08-18 04:55:23,004 - INFO - HTTP Request: POST http://localhost:8007/v1/chat/completions "HTTP/1.1 200 OK"

2026-08-18 04:55:23,222 - INFO - HTTP Request: POST http://localhost:8007/v1/chat/completions "HTTP/1.1 200 OK"

2026-08-18 04:55:27,794 - INFO - HTTP Request: POST http://localhost:8007/v1/chat/completions "HTTP/1.1 200 OK"

2026-08-18 04:55:39,089 - INFO - HTTP Request: POST http://localhost:8007/v1/chat/completions "HTTP/1.1 200 OK"
2026-08-18 04:55:52,724 - INFO - HTTP Request: POST http://localhost:8007/v1/chat/completions "HTTP/1.1 200 OK"
2026-08-18 04:55:56,091 - INFO - HTTP Request: POST http://localhost:8007/v1/chat/completions "HTTP/1.1 200 OK"

2026-08-18 04:55:56,308 - INFO - HTTP Request: POST http://localhost:8007/v1/chat/completions "HTTP/1.1 200 OK"
2026-08-18 04:56:01,750 - INFO - HTTP Request: POST http://localhost:8007/v1/chat/completions "HTTP/1.1 200 OK"
2026-08-18 04:56:07,571 - INFO - HTTP Request: POST http://localhost:8007/v1/chat/completions "HTTP/1.1 200 OK"

2026-08-18 04:56:08,888 - INFO - HTTP Request: POST http://localhost:8007/v1/chat/completions "HTTP/1.1 200 OK"

r5_cfg7:  50%|█████     | 25/50 [40:28<54:24, 130.57s/it]2026-08-18 04:56:13,890 - INFO - HTTP Request: POST http://localhost:8007/v1/chat/completions "HTTP/1.1 200 OK"

r5_cfg7:  52%|█████▏    | 26/50 [40:33<37:09, 92.89s/it] 2026-08-18 04:56:29,299 - INFO - HTTP Request: POST http://localhost:8007/v1/chat/completions "HTTP/1.1 200 OK"
2026-08-18 04:56:30,757 - INFO - HTTP Request: POST http://localhost:8007/v1/chat/completions "HTTP/1.1 200 OK"
2026-08-18 04:56:36,203 - INFO - HTTP Request: POST http://localhost:8007/v1/chat/completions "HTTP/1.1 200 OK"
2026-08-18 04:56:39,541 - INFO - HTTP Request: POST http://localhost:8007/v1/chat/completions "HTTP/1.1 200 OK"

2026-08-18 04:56:40,849 - INFO - HTTP Request: POST http://localhost:8007/v1/chat/completions "HTTP/1.1 200 OK"
2026-08-18 04:56:49,010 - INFO - HTTP Request: POST http://localhost:8007/v1/chat/completions "HTTP/1.1 200 OK"

r5_cfg7:  54%|█████▍    | 27/50 [41:08<28:57, 75.56s/it]2026-08-18 04:56:50,317 - INFO - HTTP Request: POST http://localhost:8007/v1/chat/completions "HTTP/1.1 200 OK"

2026-08-18 04:56:52,276 - INFO - HTTP Request: POST http://localhost:8007/v1/chat/completions "HTTP/1.1 200 OK"

r5_cfg7:  56%|█████▌    | 28/50 [41:12<19:45, 53.87s/it]2026-08-18 04:57:05,942 - INFO - HTTP Request: POST http://localhost:8007/v1/chat/completions "HTTP/1.1 200 OK"
2026-08-18 04:57:11,164 - INFO - HTTP Request: POST http://localhost:8007/v1/chat/completions "HTTP/1.1 200 OK"
2026-08-18 04:57:14,746 - INFO - HTTP Request: POST http://localhost:8007/v1/chat/completions "HTTP/1.1 200 OK"
2026-08-18 04:57:17,295 - INFO - HTTP Request: POST http://localhost:8007/v1/chat/completions "HTTP/1.1 200 OK"
2026-08-18 04:57:19,548 - INFO - HTTP Request: POST http://localhost:8007/v1/chat/completions "HTTP/1.1 200 OK"

2026-08-18 04:57:27,825 - INFO - HTTP Request: POST http://localhost:8007/v1/chat/completions "HTTP/1.1 200 OK"

2026-08-18 04:57:29,569 - INFO - HTTP Request: POST http://localhost:8007/v1/chat/completions "HTTP/1.1 200 OK"

2026-08-18 04:57:31,741 - INFO - HTTP Request: POST http://localhost:8007/v1/chat/completions "HTTP/1.1 200 OK"

2026-08-18 04:57:43,889 - INFO - HTTP Request: POST http://localhost:8007/v1/chat/completions "HTTP/1.1 200 OK"
2026-08-18 04:57:54,107 - INFO - HTTP Request: POST http://localhost:8007/v1/chat/completions "HTTP/1.1 200 OK"
2026-08-18 04:57:55,516 - INFO - HTTP Request: POST http://localhost:8007/v1/chat/completions "HTTP/1.1 200 OK"

2026-08-18 04:57:56,179 - INFO - HTTP Request: POST http://localhost:8007/v1/chat/completions "HTTP/1.1 200 OK"
2026-08-18 04:57:56,910 - INFO - HTTP Request: POST http://localhost:8007/v1/chat/completions "HTTP/1.1 200 OK"
2026-08-18 04:58:09,251 - INFO - HTTP Request: POST http://localhost:8007/v1/chat/completions "HTTP/1.1 200 OK"

2026-08-18 04:58:09,906 - INFO - HTTP Request: POST http://localhost:8007/v1/chat/completions "HTTP/1.1 200 OK"

2026-08-18 04:58:13,609 - INFO - HTTP Request: POST http://localhost:8007/v1/chat/completions "HTTP/1.1 200 OK"

2026-08-18 04:58:19,903 - INFO - HTTP Request: POST http://localhost:8007/v1/chat/completions "HTTP/1.1 200 OK"
2026-08-18 04:58:31,855 - INFO - HTTP Request: POST http://localhost:8007/v1/chat/completions "HTTP/1.1 200 OK"

2026-08-18 04:58:33,816 - INFO - HTTP Request: POST http://localhost:8007/v1/chat/completions "HTTP/1.1 200 OK"
2026-08-18 04:58:34,033 - INFO - HTTP Request: POST http://localhost:8007/v1/chat/completions "HTTP/1.1 200 OK"
2026-08-18 04:58:38,549 - INFO - HTTP Request: POST http://localhost:8007/v1/chat/completions "HTTP/1.1 200 OK"
2026-08-18 04:58:47,195 - INFO - HTTP Request: POST http://localhost:8007/v1/chat/completions "HTTP/1.1 200 OK"

2026-08-18 04:58:47,413 - INFO - HTTP Request: POST http://localhost:8007/v1/chat/completions "HTTP/1.1 200 OK"

2026-08-18 04:58:52,211 - INFO - HTTP Request: POST http://localhost:8007/v1/chat/completions "HTTP/1.1 200 OK"

2026-08-18 04:58:52,429 - INFO - HTTP Request: POST http://localhost:8007/v1/chat/completions "HTTP/1.1 200 OK"
2026-08-18 04:59:04,598 - INFO - HTTP Request: POST http://localhost:8007/v1/chat/completions "HTTP/1.1 200 OK"

2026-08-18 04:59:07,203 - INFO - HTTP Request: POST http://localhost:8007/v1/chat/completions "HTTP/1.1 200 OK"
2026-08-18 04:59:11,833 - INFO - HTTP Request: POST http://localhost:8007/v1/chat/completions "HTTP/1.1 200 OK"
2026-08-18 04:59:16,716 - INFO - HTTP Request: POST http://localhost:8007/v1/chat/completions "HTTP/1.1 200 OK"
2026-08-18 04:59:17,907 - INFO - HTTP Request: POST http://localhost:8007/v1/chat/completions "HTTP/1.1 200 OK"

2026-08-18 04:59:24,656 - INFO - HTTP Request: POST http://localhost:8007/v1/chat/completions "HTTP/1.1 200 OK"

2026-08-18 04:59:29,444 - INFO - HTTP Request: POST http://localhost:8007/v1/chat/completions "HTTP/1.1 200 OK"

2026-08-18 04:59:34,006 - INFO - HTTP Request: POST http://localhost:8007/v1/chat/completions "HTTP/1.1 200 OK"
2026-08-18 04:59:44,219 - INFO - HTTP Request: POST http://localhost:8007/v1/chat/completions "HTTP/1.1 200 OK"
2026-08-18 04:59:46,062 - INFO - HTTP Request: POST http://localhost:8007/v1/chat/completions "HTTP/1.1 200 OK"

2026-08-18 04:59:47,152 - INFO - HTTP Request: POST http://localhost:8007/v1/chat/completions "HTTP/1.1 200 OK"
2026-08-18 04:59:49,830 - INFO - HTTP Request: POST http://localhost:8007/v1/chat/completions "HTTP/1.1 200 OK"
2026-08-18 04:59:56,951 - INFO - HTTP Request: POST http://localhost:8007/v1/chat/completions "HTTP/1.1 200 OK"

2026-08-18 04:59:58,478 - INFO - HTTP Request: POST http://localhost:8007/v1/chat/completions "HTTP/1.1 200 OK"

2026-08-18 05:00:01,957 - INFO - HTTP Request: POST http://localhost:8007/v1/chat/completions "HTTP/1.1 200 OK"

2026-08-18 05:00:06,514 - INFO - HTTP Request: POST http://localhost:8007/v1/chat/completions "HTTP/1.1 200 OK"
2026-08-18 05:00:17,169 - INFO - HTTP Request: POST http://localhost:8007/v1/chat/completions "HTTP/1.1 200 OK"
2026-08-18 05:00:17,895 - INFO - HTTP Request: POST http://localhost:8007/v1/chat/completions "HTTP/1.1 200 OK"

2026-08-18 05:00:27,450 - INFO - HTTP Request: POST http://localhost:8007/v1/chat/completions "HTTP/1.1 200 OK"
2026-08-18 05:00:29,723 - INFO - HTTP Request: POST http://localhost:8007/v1/chat/completions "HTTP/1.1 200 OK"

2026-08-18 05:00:31,248 - INFO - HTTP Request: POST http://localhost:8007/v1/chat/completions "HTTP/1.1 200 OK"
2026-08-18 05:00:42,451 - INFO - HTTP Request: POST http://localhost:8007/v1/chat/completions "HTTP/1.1 200 OK"

2026-08-18 05:00:43,759 - INFO - HTTP Request: POST http://localhost:8007/v1/chat/completions "HTTP/1.1 200 OK"

2026-08-18 05:00:47,667 - INFO - HTTP Request: POST http://localhost:8007/v1/chat/completions "HTTP/1.1 200 OK"
2026-08-18 05:00:59,410 - INFO - HTTP Request: POST http://localhost:8007/v1/chat/completions "HTTP/1.1 200 OK"
2026-08-18 05:01:02,742 - INFO - HTTP Request: POST http://localhost:8007/v1/chat/completions "HTTP/1.1 200 OK"
2026-08-18 05:01:03,936 - INFO - HTTP Request: POST http://localhost:8007/v1/chat/completions "HTTP/1.1 200 OK"

2026-08-18 05:01:04,370 - INFO - HTTP Request: POST http://localhost:8007/v1/chat/completions "HTTP/1.1 200 OK"
2026-08-18 05:01:11,940 - INFO - HTTP Request: POST http://localhost:8007/v1/chat/completions "HTTP/1.1 200 OK"

2026-08-18 05:01:17,827 - INFO - HTTP Request: POST http://localhost:8007/v1/chat/completions "HTTP/1.1 200 OK"

2026-08-18 05:01:18,701 - INFO - HTTP Request: POST http://localhost:8007/v1/chat/completions "HTTP/1.1 200 OK"

2026-08-18 05:01:36,718 - INFO - HTTP Request: POST http://localhost:8007/v1/chat/completions "HTTP/1.1 200 OK"
2026-08-18 05:01:44,552 - INFO - HTTP Request: POST http://localhost:8007/v1/chat/completions "HTTP/1.1 200 OK"
2026-08-18 05:01:47,234 - INFO - HTTP Request: POST http://localhost:8007/v1/chat/completions "HTTP/1.1 200 OK"
2026-08-18 05:01:48,424 - INFO - HTTP Request: POST http://localhost:8007/v1/chat/completions "HTTP/1.1 200 OK"
2026-08-18 05:01:51,630 - INFO - HTTP Request: POST http://localhost:8007/v1/chat/completions "HTTP/1.1 200 OK"

r5_cfg7:  58%|█████▊    | 29/50 [46:11<44:37, 127.52s/it]2026-08-18 05:01:56,861 - INFO - HTTP Request: POST http://localhost:8007/v1/chat/completions "HTTP/1.1 200 OK"

r5_cfg7:  60%|██████    | 30/50 [46:16<30:16, 90.83s/it] 2026-08-18 05:02:00,999 - INFO - HTTP Request: POST http://localhost:8007/v1/chat/completions "HTTP/1.1 200 OK"

2026-08-18 05:02:02,312 - INFO - HTTP Request: POST http://localhost:8007/v1/chat/completions "HTTP/1.1 200 OK"

2026-08-18 05:02:13,603 - INFO - HTTP Request: POST http://localhost:8007/v1/chat/completions "HTTP/1.1 200 OK"
2026-08-18 05:02:19,126 - INFO - HTTP Request: POST http://localhost:8007/v1/chat/completions "HTTP/1.1 200 OK"
2026-08-18 05:02:25,585 - INFO - HTTP Request: POST http://localhost:8007/v1/chat/completions "HTTP/1.1 200 OK"

2026-08-18 05:02:30,586 - INFO - HTTP Request: POST http://localhost:8007/v1/chat/completions "HTTP/1.1 200 OK"

2026-08-18 05:02:34,277 - INFO - HTTP Request: POST http://localhost:8007/v1/chat/completions "HTTP/1.1 200 OK"
2026-08-18 05:02:36,389 - INFO - HTTP Request: POST http://localhost:8007/v1/chat/completions "HTTP/1.1 200 OK"
2026-08-18 05:02:46,061 - INFO - HTTP Request: POST http://localhost:8007/v1/chat/completions "HTTP/1.1 200 OK"

r5_cfg7:  62%|██████▏   | 31/50 [47:06<24:48, 78.34s/it]2026-08-18 05:02:50,628 - INFO - HTTP Request: POST http://localhost:8007/v1/chat/completions "HTTP/1.1 200 OK"

r5_cfg7:  64%|██████▍   | 32/50 [47:10<16:51, 56.21s/it]2026-08-18 05:02:52,364 - INFO - HTTP Request: POST http://localhost:8007/v1/chat/completions "HTTP/1.1 200 OK"
2026-08-18 05:02:57,672 - INFO - HTTP Request: POST http://localhost:8007/v1/chat/completions "HTTP/1.1 200 OK"
2026-08-18 05:03:06,961 - INFO - HTTP Request: POST http://localhost:8007/v1/chat/completions "HTTP/1.1 200 OK"

2026-08-18 05:03:08,486 - INFO - HTTP Request: POST http://localhost:8007/v1/chat/completions "HTTP/1.1 200 OK"

2026-08-18 05:03:08,487 - INFO - HTTP Request: POST http://localhost:8007/v1/chat/completions "HTTP/1.1 200 OK"
2026-08-18 05:03:13,575 - INFO - HTTP Request: POST http://localhost:8007/v1/chat/completions "HTTP/1.1 200 OK"
2026-08-18 05:03:22,804 - INFO - HTTP Request: POST http://localhost:8007/v1/chat/completions "HTTP/1.1 200 OK"

2026-08-18 05:03:26,284 - INFO - HTTP Request: POST http://localhost:8007/v1/chat/completions "HTTP/1.1 200 OK"

2026-08-18 05:03:31,925 - INFO - HTTP Request: POST http://localhost:8007/v1/chat/completions "HTTP/1.1 200 OK"
2026-08-18 05:03:32,639 - INFO - HTTP Request: POST http://localhost:8007/v1/chat/completions "HTTP/1.1 200 OK"
2026-08-18 05:03:45,062 - INFO - HTTP Request: POST http://localhost:8007/v1/chat/completions "HTTP/1.1 200 OK"

2026-08-18 05:03:47,027 - INFO - HTTP Request: POST http://localhost:8007/v1/chat/completions "HTTP/1.1 200 OK"

2026-08-18 05:03:49,638 - INFO - HTTP Request: POST http://localhost:8007/v1/chat/completions "HTTP/1.1 200 OK"
2026-08-18 05:03:53,431 - INFO - HTTP Request: POST http://localhost:8007/v1/chat/completions "HTTP/1.1 200 OK"
2026-08-18 05:04:01,799 - INFO - HTTP Request: POST http://localhost:8007/v1/chat/completions "HTTP/1.1 200 OK"

2026-08-18 05:04:03,323 - INFO - HTTP Request: POST http://localhost:8007/v1/chat/completions "HTTP/1.1 200 OK"

2026-08-18 05:04:09,833 - INFO - HTTP Request: POST http://localhost:8007/v1/chat/completions "HTTP/1.1 200 OK"
2026-08-18 05:04:11,438 - INFO - HTTP Request: POST http://localhost:8007/v1/chat/completions "HTTP/1.1 200 OK"
2026-08-18 05:04:22,632 - INFO - HTTP Request: POST http://localhost:8007/v1/chat/completions "HTTP/1.1 200 OK"

2026-08-18 05:04:23,512 - INFO - HTTP Request: POST http://localhost:8007/v1/chat/completions "HTTP/1.1 200 OK"

2026-08-18 05:04:26,772 - INFO - HTTP Request: POST http://localhost:8007/v1/chat/completions "HTTP/1.1 200 OK"
2026-08-18 05:04:28,608 - INFO - HTTP Request: POST http://localhost:8007/v1/chat/completions "HTTP/1.1 200 OK"
2026-08-18 05:04:40,668 - INFO - HTTP Request: POST http://localhost:8007/v1/chat/completions "HTTP/1.1 200 OK"

2026-08-18 05:04:40,885 - INFO - HTTP Request: POST http://localhost:8007/v1/chat/completions "HTTP/1.1 200 OK"

2026-08-18 05:04:42,630 - INFO - HTTP Request: POST http://localhost:8007/v1/chat/completions "HTTP/1.1 200 OK"
2026-08-18 05:04:44,245 - INFO - HTTP Request: POST http://localhost:8007/v1/chat/completions "HTTP/1.1 200 OK"
2026-08-18 05:04:54,839 - INFO - HTTP Request: POST http://localhost:8007/v1/chat/completions "HTTP/1.1 200 OK"
2026-08-18 05:04:54,839 - INFO - HTTP Request: POST http://localhost:8007/v1/chat/completions "HTTP/1.1 200 OK"


2026-08-18 05:05:05,259 - INFO - HTTP Request: POST http://localhost:8007/v1/chat/completions "HTTP/1.1 200 OK"
2026-08-18 05:05:05,477 - INFO - HTTP Request: POST http://localhost:8007/v1/chat/completions "HTTP/1.1 200 OK"
2026-08-18 05:05:18,061 - INFO - HTTP Request: POST http://localhost:8007/v1/chat/completions "HTTP/1.1 200 OK"

2026-08-18 05:05:18,495 - INFO - HTTP Request: POST http://localhost:8007/v1/chat/completions "HTTP/1.1 200 OK"

2026-08-18 05:05:24,153 - INFO - HTTP Request: POST http://localhost:8007/v1/chat/completions "HTTP/1.1 200 OK"
2026-08-18 05:05:24,154 - INFO - HTTP Request: POST http://localhost:8007/v1/chat/completions "HTTP/1.1 200 OK"
2026-08-18 05:05:35,913 - INFO - HTTP Request: POST http://localhost:8007/v1/chat/completions "HTTP/1.1 200 OK"

2026-08-18 05:05:38,089 - INFO - HTTP Request: POST http://localhost:8007/v1/chat/completions "HTTP/1.1 200 OK"

2026-08-18 05:05:38,522 - INFO - HTTP Request: POST http://localhost:8007/v1/chat/completions "HTTP/1.1 200 OK"
2026-08-18 05:05:39,255 - INFO - HTTP Request: POST http://localhost:8007/v1/chat/completions "HTTP/1.1 200 OK"
2026-08-18 05:05:51,329 - INFO - HTTP Request: POST http://localhost:8007/v1/chat/completions "HTTP/1.1 200 OK"

2026-08-18 05:05:51,985 - INFO - HTTP Request: POST http://localhost:8007/v1/chat/completions "HTTP/1.1 200 OK"

2026-08-18 05:05:56,542 - INFO - HTTP Request: POST http://localhost:8007/v1/chat/completions "HTTP/1.1 200 OK"
2026-08-18 05:05:59,087 - INFO - HTTP Request: POST http://localhost:8007/v1/chat/completions "HTTP/1.1 200 OK"
2026-08-18 05:06:07,013 - INFO - HTTP Request: POST http://localhost:8007/v1/chat/completions "HTTP/1.1 200 OK"

2026-08-18 05:06:12,013 - INFO - HTTP Request: POST http://localhost:8007/v1/chat/completions "HTTP/1.1 200 OK"

2026-08-18 05:06:20,697 - INFO - HTTP Request: POST http://localhost:8007/v1/chat/completions "HTTP/1.1 200 OK"
2026-08-18 05:06:21,661 - INFO - HTTP Request: POST http://localhost:8007/v1/chat/completions "HTTP/1.1 200 OK"
2026-08-18 05:06:31,976 - INFO - HTTP Request: POST http://localhost:8007/v1/chat/completions "HTTP/1.1 200 OK"

2026-08-18 05:06:36,761 - INFO - HTTP Request: POST http://localhost:8007/v1/chat/completions "HTTP/1.1 200 OK"
2026-08-18 05:06:38,438 - INFO - HTTP Request: POST http://localhost:8007/v1/chat/completions "HTTP/1.1 200 OK"

2026-08-18 05:06:42,139 - INFO - HTTP Request: POST http://localhost:8007/v1/chat/completions "HTTP/1.1 200 OK"
2026-08-18 05:06:49,629 - INFO - HTTP Request: POST http://localhost:8007/v1/chat/completions "HTTP/1.1 200 OK"

2026-08-18 05:06:52,682 - INFO - HTTP Request: POST http://localhost:8007/v1/chat/completions "HTTP/1.1 200 OK"
2026-08-18 05:06:53,657 - INFO - HTTP Request: POST http://localhost:8007/v1/chat/completions "HTTP/1.1 200 OK"

2026-08-18 05:06:59,099 - INFO - HTTP Request: POST http://localhost:8007/v1/chat/completions "HTTP/1.1 200 OK"
2026-08-18 05:07:04,634 - INFO - HTTP Request: POST http://localhost:8007/v1/chat/completions "HTTP/1.1 200 OK"

2026-08-18 05:07:16,158 - INFO - HTTP Request: POST http://localhost:8007/v1/chat/completions "HTTP/1.1 200 OK"

2026-08-18 05:07:21,370 - INFO - HTTP Request: POST http://localhost:8007/v1/chat/completions "HTTP/1.1 200 OK"
2026-08-18 05:07:27,542 - INFO - HTTP Request: POST http://localhost:8007/v1/chat/completions "HTTP/1.1 200 OK"
2026-08-18 05:07:34,606 - INFO - HTTP Request: POST http://localhost:8007/v1/chat/completions "HTTP/1.1 200 OK"
2026-08-18 05:07:38,196 - INFO - HTTP Request: POST http://localhost:8007/v1/chat/completions "HTTP/1.1 200 OK"

r5_cfg7:  66%|██████▌   | 33/50 [51:58<35:35, 125.62s/it]2026-08-18 05:07:42,117 - INFO - HTTP Request: POST http://localhost:8007/v1/chat/completions "HTTP/1.1 200 OK"

r5_cfg7:  68%|██████▊   | 34/50 [52:02<23:45, 89.11s/it] 2026-08-18 05:07:46,470 - INFO - HTTP Request: POST http://localhost:8007/v1/chat/completions "HTTP/1.1 200 OK"
2026-08-18 05:07:48,741 - INFO - HTTP Request: POST http://localhost:8007/v1/chat/completions "HTTP/1.1 200 OK"

2026-08-18 05:08:00,266 - INFO - HTTP Request: POST http://localhost:8007/v1/chat/completions "HTTP/1.1 200 OK"
2026-08-18 05:08:01,725 - INFO - HTTP Request: POST http://localhost:8007/v1/chat/completions "HTTP/1.1 200 OK"

2026-08-18 05:08:04,777 - INFO - HTTP Request: POST http://localhost:8007/v1/chat/completions "HTTP/1.1 200 OK"
2026-08-18 05:08:14,053 - INFO - HTTP Request: POST http://localhost:8007/v1/chat/completions "HTTP/1.1 200 OK"

2026-08-18 05:08:18,615 - INFO - HTTP Request: POST http://localhost:8007/v1/chat/completions "HTTP/1.1 200 OK"

2026-08-18 05:08:22,306 - INFO - HTTP Request: POST http://localhost:8007/v1/chat/completions "HTTP/1.1 200 OK"
2026-08-18 05:08:34,579 - INFO - HTTP Request: POST http://localhost:8007/v1/chat/completions "HTTP/1.1 200 OK"
2026-08-18 05:08:35,312 - INFO - HTTP Request: POST http://localhost:8007/v1/chat/completions "HTTP/1.1 200 OK"

r5_cfg7:  70%|███████   | 35/50 [52:55<19:35, 78.33s/it]2026-08-18 05:08:40,764 - INFO - HTTP Request: POST http://localhost:8007/v1/chat/completions "HTTP/1.1 200 OK"
2026-08-18 05:08:45,708 - INFO - HTTP Request: POST http://localhost:8007/v1/chat/completions "HTTP/1.1 200 OK"
2026-08-18 05:08:47,811 - INFO - HTTP Request: POST http://localhost:8007/v1/chat/completions "HTTP/1.1 200 OK"

r5_cfg7:  72%|███████▏  | 36/50 [53:07<13:40, 58.58s/it]2026-08-18 05:08:55,642 - INFO - HTTP Request: POST http://localhost:8007/v1/chat/completions "HTTP/1.1 200 OK"

2026-08-18 05:08:57,380 - INFO - HTTP Request: POST http://localhost:8007/v1/chat/completions "HTTP/1.1 200 OK"
2026-08-18 05:08:57,816 - INFO - HTTP Request: POST http://localhost:8007/v1/chat/completions "HTTP/1.1 200 OK"

2026-08-18 05:09:07,732 - INFO - HTTP Request: POST http://localhost:8007/v1/chat/completions "HTTP/1.1 200 OK"

2026-08-18 05:09:09,686 - INFO - HTTP Request: POST http://localhost:8007/v1/chat/completions "HTTP/1.1 200 OK"
2026-08-18 05:09:20,188 - INFO - HTTP Request: POST http://localhost:8007/v1/chat/completions "HTTP/1.1 200 OK"
2026-08-18 05:09:22,735 - INFO - HTTP Request: POST http://localhost:8007/v1/chat/completions "HTTP/1.1 200 OK"
2026-08-18 05:09:23,748 - INFO - HTTP Request: POST http://localhost:8007/v1/chat/completions "HTTP/1.1 200 OK"

2026-08-18 05:09:34,404 - INFO - HTTP Request: POST http://localhost:8007/v1/chat/completions "HTTP/1.1 200 OK"
2026-08-18 05:09:35,273 - INFO - HTTP Request: POST http://localhost:8007/v1/chat/completions "HTTP/1.1 200 OK"

2026-08-18 05:09:37,673 - INFO - HTTP Request: POST http://localhost:8007/v1/chat/completions "HTTP/1.1 200 OK"

2026-08-18 05:09:45,498 - INFO - HTTP Request: POST http://localhost:8007/v1/chat/completions "HTTP/1.1 200 OK"

2026-08-18 05:09:50,056 - INFO - HTTP Request: POST http://localhost:8007/v1/chat/completions "HTTP/1.1 200 OK"
2026-08-18 05:09:59,544 - INFO - HTTP Request: POST http://localhost:8007/v1/chat/completions "HTTP/1.1 200 OK"
2026-08-18 05:10:02,091 - INFO - HTTP Request: POST http://localhost:8007/v1/chat/completions "HTTP/1.1 200 OK"
2026-08-18 05:10:04,630 - INFO - HTTP Request: POST http://localhost:8007/v1/chat/completions "HTTP/1.1 200 OK"

2026-08-18 05:10:10,502 - INFO - HTTP Request: POST http://localhost:8007/v1/chat/completions "HTTP/1.1 200 OK"
2026-08-18 05:10:13,044 - INFO - HTTP Request: POST http://localhost:8007/v1/chat/completions "HTTP/1.1 200 OK"

2026-08-18 05:10:13,706 - INFO - HTTP Request: POST http://localhost:8007/v1/chat/completions "HTTP/1.1 200 OK"

2026-08-18 05:10:22,180 - INFO - HTTP Request: POST http://localhost:8007/v1/chat/completions "HTTP/1.1 200 OK"

2026-08-18 05:10:29,129 - INFO - HTTP Request: POST http://localhost:8007/v1/chat/completions "HTTP/1.1 200 OK"
2026-08-18 05:10:32,958 - INFO - HTTP Request: POST http://localhost:8007/v1/chat/completions "HTTP/1.1 200 OK"
2026-08-18 05:10:33,985 - INFO - HTTP Request: POST http://localhost:8007/v1/chat/completions "HTTP/1.1 200 OK"
2026-08-18 05:10:42,608 - INFO - HTTP Request: POST http://localhost:8007/v1/chat/completions "HTTP/1.1 200 OK"

2026-08-18 05:10:45,009 - INFO - HTTP Request: POST http://localhost:8007/v1/chat/completions "HTTP/1.1 200 OK"

2026-08-18 05:10:45,664 - INFO - HTTP Request: POST http://localhost:8007/v1/chat/completions "HTTP/1.1 200 OK"

2026-08-18 05:10:46,750 - INFO - HTTP Request: POST http://localhost:8007/v1/chat/completions "HTTP/1.1 200 OK"
2026-08-18 05:10:58,407 - INFO - HTTP Request: POST http://localhost:8007/v1/chat/completions "HTTP/1.1 200 OK"

2026-08-18 05:11:06,877 - INFO - HTTP Request: POST http://localhost:8007/v1/chat/completions "HTTP/1.1 200 OK"
2026-08-18 05:11:13,905 - INFO - HTTP Request: POST http://localhost:8007/v1/chat/completions "HTTP/1.1 200 OK"
2026-08-18 05:11:14,702 - INFO - HTTP Request: POST http://localhost:8007/v1/chat/completions "HTTP/1.1 200 OK"
2026-08-18 05:11:18,766 - INFO - HTTP Request: POST http://localhost:8007/v1/chat/completions "HTTP/1.1 200 OK"
2026-08-18 05:11:19,784 - INFO - HTTP Request: POST http://localhost:8007/v1/chat/completions "HTTP/1.1 200 OK"

2026-08-18 05:11:25,450 - INFO - HTTP Request: POST http://localhost:8007/v1/chat/completions "HTTP/1.1 200 OK"

2026-08-18 05:11:29,368 - INFO - HTTP Request: POST http://localhost:8007/v1/chat/completions "HTTP/1.1 200 OK"

2026-08-18 05:11:31,327 - INFO - HTTP Request: POST http://localhost:8007/v1/chat/completions "HTTP/1.1 200 OK"

2026-08-18 05:11:39,574 - INFO - HTTP Request: POST http://localhost:8007/v1/chat/completions "HTTP/1.1 200 OK"
2026-08-18 05:11:45,575 - INFO - HTTP Request: POST http://localhost:8007/v1/chat/completions "HTTP/1.1 200 OK"
2026-08-18 05:11:48,544 - INFO - HTTP Request: POST http://localhost:8007/v1/chat/completions "HTTP/1.1 200 OK"

2026-08-18 05:11:51,587 - INFO - HTTP Request: POST http://localhost:8007/v1/chat/completions "HTTP/1.1 200 OK"
2026-08-18 05:11:57,615 - INFO - HTTP Request: POST http://localhost:8007/v1/chat/completions "HTTP/1.1 200 OK"

2026-08-18 05:11:58,705 - INFO - HTTP Request: POST http://localhost:8007/v1/chat/completions "HTTP/1.1 200 OK"
2026-08-18 05:12:06,903 - INFO - HTTP Request: POST http://localhost:8007/v1/chat/completions "HTTP/1.1 200 OK"

2026-08-18 05:12:08,644 - INFO - HTTP Request: POST http://localhost:8007/v1/chat/completions "HTTP/1.1 200 OK"

2026-08-18 05:12:17,762 - INFO - HTTP Request: POST http://localhost:8007/v1/chat/completions "HTTP/1.1 200 OK"
2026-08-18 05:12:26,966 - INFO - HTTP Request: POST http://localhost:8007/v1/chat/completions "HTTP/1.1 200 OK"
2026-08-18 05:12:28,847 - INFO - HTTP Request: POST http://localhost:8007/v1/chat/completions "HTTP/1.1 200 OK"

2026-08-18 05:12:28,848 - INFO - HTTP Request: POST http://localhost:8007/v1/chat/completions "HTTP/1.1 200 OK"
2026-08-18 05:12:36,456 - INFO - HTTP Request: POST http://localhost:8007/v1/chat/completions "HTTP/1.1 200 OK"
2026-08-18 05:12:38,136 - INFO - HTTP Request: POST http://localhost:8007/v1/chat/completions "HTTP/1.1 200 OK"

2026-08-18 05:12:46,852 - INFO - HTTP Request: POST http://localhost:8007/v1/chat/completions "HTTP/1.1 200 OK"

2026-08-18 05:12:49,467 - INFO - HTTP Request: POST http://localhost:8007/v1/chat/completions "HTTP/1.1 200 OK"
2026-08-18 05:12:52,212 - INFO - HTTP Request: POST http://localhost:8007/v1/chat/completions "HTTP/1.1 200 OK"

2026-08-18 05:13:01,769 - INFO - HTTP Request: POST http://localhost:8007/v1/chat/completions "HTTP/1.1 200 OK"

2026-08-18 05:13:11,322 - INFO - HTTP Request: POST http://localhost:8007/v1/chat/completions "HTTP/1.1 200 OK"
2026-08-18 05:13:19,725 - INFO - HTTP Request: POST http://localhost:8007/v1/chat/completions "HTTP/1.1 200 OK"
2026-08-18 05:13:21,840 - INFO - HTTP Request: POST http://localhost:8007/v1/chat/completions "HTTP/1.1 200 OK"
2026-08-18 05:13:25,473 - INFO - HTTP Request: POST http://localhost:8007/v1/chat/completions "HTTP/1.1 200 OK"

r5_cfg7:  74%|███████▍  | 37/50 [57:45<26:55, 124.31s/it]2026-08-18 05:13:31,570 - INFO - HTTP Request: POST http://localhost:8007/v1/chat/completions "HTTP/1.1 200 OK"
2026-08-18 05:13:34,757 - INFO - HTTP Request: POST http://localhost:8007/v1/chat/completions "HTTP/1.1 200 OK"

r5_cfg7:  76%|███████▌  | 38/50 [57:54<17:57, 89.80s/it] 2026-08-18 05:13:36,065 - INFO - HTTP Request: POST http://localhost:8007/v1/chat/completions "HTTP/1.1 200 OK"

2026-08-18 05:13:39,980 - INFO - HTTP Request: POST http://localhost:8007/v1/chat/completions "HTTP/1.1 200 OK"

2026-08-18 05:13:47,366 - INFO - HTTP Request: POST http://localhost:8007/v1/chat/completions "HTTP/1.1 200 OK"
2026-08-18 05:13:57,025 - INFO - HTTP Request: POST http://localhost:8007/v1/chat/completions "HTTP/1.1 200 OK"
2026-08-18 05:13:58,471 - INFO - HTTP Request: POST http://localhost:8007/v1/chat/completions "HTTP/1.1 200 OK"

2026-08-18 05:14:08,897 - INFO - HTTP Request: POST http://localhost:8007/v1/chat/completions "HTTP/1.1 200 OK"
2026-08-18 05:14:11,002 - INFO - HTTP Request: POST http://localhost:8007/v1/chat/completions "HTTP/1.1 200 OK"

2026-08-18 05:14:13,610 - INFO - HTTP Request: POST http://localhost:8007/v1/chat/completions "HTTP/1.1 200 OK"
2026-08-18 05:14:20,922 - INFO - HTTP Request: POST http://localhost:8007/v1/chat/completions "HTTP/1.1 200 OK"

r5_cfg7:  78%|███████▊  | 39/50 [58:40<14:03, 76.71s/it]2026-08-18 05:14:24,831 - INFO - HTTP Request: POST http://localhost:8007/v1/chat/completions "HTTP/1.1 200 OK"
2026-08-18 05:14:27,160 - INFO - HTTP Request: POST http://localhost:8007/v1/chat/completions "HTTP/1.1 200 OK"

r5_cfg7:  80%|████████  | 40/50 [58:47<09:15, 55.57s/it]2026-08-18 05:14:36,504 - INFO - HTTP Request: POST http://localhost:8007/v1/chat/completions "HTTP/1.1 200 OK"

2026-08-18 05:14:37,591 - INFO - HTTP Request: POST http://localhost:8007/v1/chat/completions "HTTP/1.1 200 OK"
2026-08-18 05:14:43,382 - INFO - HTTP Request: POST http://localhost:8007/v1/chat/completions "HTTP/1.1 200 OK"
2026-08-18 05:14:47,882 - INFO - HTTP Request: POST http://localhost:8007/v1/chat/completions "HTTP/1.1 200 OK"

2026-08-18 05:14:49,623 - INFO - HTTP Request: POST http://localhost:8007/v1/chat/completions "HTTP/1.1 200 OK"
2026-08-18 05:14:56,898 - INFO - HTTP Request: POST http://localhost:8007/v1/chat/completions "HTTP/1.1 200 OK"

2026-08-18 05:15:00,814 - INFO - HTTP Request: POST http://localhost:8007/v1/chat/completions "HTTP/1.1 200 OK"

2026-08-18 05:15:01,681 - INFO - HTTP Request: POST http://localhost:8007/v1/chat/completions "HTTP/1.1 200 OK"
2026-08-18 05:15:12,867 - INFO - HTTP Request: POST http://localhost:8007/v1/chat/completions "HTTP/1.1 200 OK"
2026-08-18 05:15:13,880 - INFO - HTTP Request: POST http://localhost:8007/v1/chat/completions "HTTP/1.1 200 OK"

2026-08-18 05:15:23,441 - INFO - HTTP Request: POST http://localhost:8007/v1/chat/completions "HTTP/1.1 200 OK"
2026-08-18 05:15:27,075 - INFO - HTTP Request: POST http://localhost:8007/v1/chat/completions "HTTP/1.1 200 OK"

2026-08-18 05:15:27,738 - INFO - HTTP Request: POST http://localhost:8007/v1/chat/completions "HTTP/1.1 200 OK"
2026-08-18 05:15:37,896 - INFO - HTTP Request: POST http://localhost:8007/v1/chat/completions "HTTP/1.1 200 OK"

2026-08-18 05:15:38,768 - INFO - HTTP Request: POST http://localhost:8007/v1/chat/completions "HTTP/1.1 200 OK"
2026-08-18 05:15:39,803 - INFO - HTTP Request: POST http://localhost:8007/v1/chat/completions "HTTP/1.1 200 OK"

2026-08-18 05:15:50,882 - INFO - HTTP Request: POST http://localhost:8007/v1/chat/completions "HTTP/1.1 200 OK"

2026-08-18 05:15:51,975 - INFO - HTTP Request: POST http://localhost:8007/v1/chat/completions "HTTP/1.1 200 OK"
2026-08-18 05:16:02,759 - INFO - HTTP Request: POST http://localhost:8007/v1/chat/completions "HTTP/1.1 200 OK"
2026-08-18 05:16:04,653 - INFO - HTTP Request: POST http://localhost:8007/v1/chat/completions "HTTP/1.1 200 OK"
2026-08-18 05:16:04,871 - INFO - HTTP Request: POST http://localhost:8007/v1/chat/completions "HTTP/1.1 200 OK"

2026-08-18 05:16:11,510 - INFO - HTTP Request: POST http://localhost:8007/v1/chat/completions "HTTP/1.1 200 OK"
2026-08-18 05:16:17,711 - INFO - HTTP Request: POST http://localhost:8007/v1/chat/completions "HTTP/1.1 200 OK"

2026-08-18 05:16:19,243 - INFO - HTTP Request: POST http://localhost:8007/v1/chat/completions "HTTP/1.1 200 OK"

2026-08-18 05:16:23,380 - INFO - HTTP Request: POST http://localhost:8007/v1/chat/completions "HTTP/1.1 200 OK"

2026-08-18 05:16:25,334 - INFO - HTTP Request: POST http://localhost:8007/v1/chat/completions "HTTP/1.1 200 OK"
2026-08-18 05:16:35,467 - INFO - HTTP Request: POST http://localhost:8007/v1/chat/completions "HTTP/1.1 200 OK"

2026-08-18 05:16:41,761 - INFO - HTTP Request: POST http://localhost:8007/v1/chat/completions "HTTP/1.1 200 OK"
2026-08-18 05:16:43,602 - INFO - HTTP Request: POST http://localhost:8007/v1/chat/completions "HTTP/1.1 200 OK"
2026-08-18 05:16:52,837 - INFO - HTTP Request: POST http://localhost:8007/v1/chat/completions "HTTP/1.1 200 OK"
2026-08-18 05:16:54,894 - INFO - HTTP Request: POST http://localhost:8007/v1/chat/completions "HTTP/1.1 200 OK"

2026-08-18 05:16:56,428 - INFO - HTTP Request: POST http://localhost:8007/v1/chat/completions "HTTP/1.1 200 OK"

2026-08-18 05:17:05,127 - INFO - HTTP Request: POST http://localhost:8007/v1/chat/completions "HTTP/1.1 200 OK"
2026-08-18 05:17:07,663 - INFO - HTTP Request: POST http://localhost:8007/v1/chat/completions "HTTP/1.1 200 OK"

2026-08-18 05:17:14,394 - INFO - HTTP Request: POST http://localhost:8007/v1/chat/completions "HTTP/1.1 200 OK"
2026-08-18 05:17:16,353 - INFO - HTTP Request: POST http://localhost:8007/v1/chat/completions "HTTP/1.1 200 OK"
2026-08-18 05:17:19,771 - INFO - HTTP Request: POST http://localhost:8007/v1/chat/completions "HTTP/1.1 200 OK"

2026-08-18 05:17:25,432 - INFO - HTTP Request: POST http://localhost:8007/v1/chat/completions "HTTP/1.1 200 OK"

2026-08-18 05:17:27,608 - INFO - HTTP Request: POST http://localhost:8007/v1/chat/completions "HTTP/1.1 200 OK"

2026-08-18 05:17:28,476 - INFO - HTTP Request: POST http://localhost:8007/v1/chat/completions "HTTP/1.1 200 OK"
2026-08-18 05:17:39,881 - INFO - HTTP Request: POST http://localhost:8007/v1/chat/completions "HTTP/1.1 200 OK"

2026-08-18 05:17:40,099 - INFO - HTTP Request: POST http://localhost:8007/v1/chat/completions "HTTP/1.1 200 OK"
2026-08-18 05:17:54,586 - INFO - HTTP Request: POST http://localhost:8007/v1/chat/completions "HTTP/1.1 200 OK"
2026-08-18 05:17:55,993 - INFO - HTTP Request: POST http://localhost:8007/v1/chat/completions "HTTP/1.1 200 OK"

2026-08-18 05:17:57,083 - INFO - HTTP Request: POST http://localhost:8007/v1/chat/completions "HTTP/1.1 200 OK"
2026-08-18 05:18:07,193 - INFO - HTTP Request: POST http://localhost:8007/v1/chat/completions "HTTP/1.1 200 OK"

2026-08-18 05:18:08,283 - INFO - HTTP Request: POST http://localhost:8007/v1/chat/completions "HTTP/1.1 200 OK"

2026-08-18 05:18:09,804 - INFO - HTTP Request: POST http://localhost:8007/v1/chat/completions "HTTP/1.1 200 OK"
2026-08-18 05:18:21,428 - INFO - HTTP Request: POST http://localhost:8007/v1/chat/completions "HTTP/1.1 200 OK"

2026-08-18 05:18:25,779 - INFO - HTTP Request: POST http://localhost:8007/v1/chat/completions "HTTP/1.1 200 OK"
2026-08-18 05:18:27,659 - INFO - HTTP Request: POST http://localhost:8007/v1/chat/completions "HTTP/1.1 200 OK"
2026-08-18 05:18:29,069 - INFO - HTTP Request: POST http://localhost:8007/v1/chat/completions "HTTP/1.1 200 OK"
2026-08-18 05:18:42,512 - INFO - HTTP Request: POST http://localhost:8007/v1/chat/completions "HTTP/1.1 200 OK"

2026-08-18 05:18:43,393 - INFO - HTTP Request: POST http://localhost:8007/v1/chat/completions "HTTP/1.1 200 OK"

2026-08-18 05:18:46,876 - INFO - HTTP Request: POST http://localhost:8007/v1/chat/completions "HTTP/1.1 200 OK"

2026-08-18 05:18:55,342 - INFO - HTTP Request: POST http://localhost:8007/v1/chat/completions "HTTP/1.1 200 OK"
2026-08-18 05:19:05,229 - INFO - HTTP Request: POST http://localhost:8007/v1/chat/completions "HTTP/1.1 200 OK"

r5_cfg7:  82%|████████▏ | 41/50 [1:03:25<18:20, 122.32s/it]2026-08-18 05:19:12,830 - INFO - HTTP Request: POST http://localhost:8007/v1/chat/completions "HTTP/1.1 200 OK"
2026-08-18 05:19:15,595 - INFO - HTTP Request: POST http://localhost:8007/v1/chat/completions "HTTP/1.1 200 OK"
2026-08-18 05:19:16,825 - INFO - HTTP Request: POST http://localhost:8007/v1/chat/completions "HTTP/1.1 200 OK"
2026-08-18 05:19:26,950 - INFO - HTTP Request: POST http://localhost:8007/v1/chat/completions "HTTP/1.1 200 OK"

2026-08-18 05:19:28,049 - INFO - HTTP Request: POST http://localhost:8007/v1/chat/completions "HTTP/1.1 200 OK"
2026-08-18 05:19:29,062 - INFO - HTTP Request: POST http://localhost:8007/v1/chat/completions "HTTP/1.1 200 OK"

r5_cfg7:  84%|████████▍ | 42/50 [1:03:49<12:22, 92.77s/it] 2026-08-18 05:19:30,153 - INFO - HTTP Request: POST http://localhost:8007/v1/chat/completions "HTTP/1.1 200 OK"

2026-08-18 05:19:39,714 - INFO - HTTP Request: POST http://localhost:8007/v1/chat/completions "HTTP/1.1 200 OK"

2026-08-18 05:19:51,001 - INFO - HTTP Request: POST http://localhost:8007/v1/chat/completions "HTTP/1.1 200 OK"
2026-08-18 05:19:59,791 - INFO - HTTP Request: POST http://localhost:8007/v1/chat/completions "HTTP/1.1 200 OK"
2026-08-18 05:20:01,904 - INFO - HTTP Request: POST http://localhost:8007/v1/chat/completions "HTTP/1.1 200 OK"
2026-08-18 05:20:06,849 - INFO - HTTP Request: POST http://localhost:8007/v1/chat/completions "HTTP/1.1 200 OK"
2026-08-18 05:20:08,958 - INFO - HTTP Request: POST http://localhost:8007/v1/chat/completions "HTTP/1.1 200 OK"

2026-08-18 05:20:14,408 - INFO - HTTP Request: POST http://localhost:8007/v1/chat/completions "HTTP/1.1 200 OK"

r5_cfg7:  86%|████████▌ | 43/50 [1:04:34<09:09, 78.54s/it]2026-08-18 05:20:15,935 - INFO - HTTP Request: POST http://localhost:8007/v1/chat/completions "HTTP/1.1 200 OK"

r5_cfg7:  88%|████████▊ | 44/50 [1:04:35<05:32, 55.44s/it]2026-08-18 05:20:19,411 - INFO - HTTP Request: POST http://localhost:8007/v1/chat/completions "HTTP/1.1 200 OK"

2026-08-18 05:20:35,034 - INFO - HTTP Request: POST http://localhost:8007/v1/chat/completions "HTTP/1.1 200 OK"
2026-08-18 05:20:36,651 - INFO - HTTP Request: POST http://localhost:8007/v1/chat/completions "HTTP/1.1 200 OK"
2026-08-18 05:20:38,487 - INFO - HTTP Request: POST http://localhost:8007/v1/chat/completions "HTTP/1.1 200 OK"
2026-08-18 05:20:44,687 - INFO - HTTP Request: POST http://localhost:8007/v1/chat/completions "HTTP/1.1 200 OK"
2026-08-18 05:20:47,448 - INFO - HTTP Request: POST http://localhost:8007/v1/chat/completions "HTTP/1.1 200 OK"

2026-08-18 05:20:47,884 - INFO - HTTP Request: POST http://localhost:8007/v1/chat/completions "HTTP/1.1 200 OK"

2026-08-18 05:20:49,846 - INFO - HTTP Request: POST http://localhost:8007/v1/chat/completions "HTTP/1.1 200 OK"

2026-08-18 05:20:54,842 - INFO - HTTP Request: POST http://localhost:8007/v1/chat/completions "HTTP/1.1 200 OK"

2026-08-18 05:21:11,772 - INFO - HTTP Request: POST http://localhost:8007/v1/chat/completions "HTTP/1.1 200 OK"
2026-08-18 05:21:14,262 - INFO - HTTP Request: POST http://localhost:8007/v1/chat/completions "HTTP/1.1 200 OK"
2026-08-18 05:21:16,538 - INFO - HTTP Request: POST http://localhost:8007/v1/chat/completions "HTTP/1.1 200 OK"
2026-08-18 05:21:19,911 - INFO - HTTP Request: POST http://localhost:8007/v1/chat/completions "HTTP/1.1 200 OK"
2026-08-18 05:21:26,592 - INFO - HTTP Request: POST http://localhost:8007/v1/chat/completions "HTTP/1.1 200 OK"

2026-08-18 05:21:29,210 - INFO - HTTP Request: POST http://localhost:8007/v1/chat/completions "HTTP/1.1 200 OK"

2026-08-18 05:21:32,482 - INFO - HTTP Request: POST http://localhost:8007/v1/chat/completions "HTTP/1.1 200 OK"

2026-08-18 05:21:33,143 - INFO - HTTP Request: POST http://localhost:8007/v1/chat/completions "HTTP/1.1 200 OK"

2026-08-18 05:21:50,934 - INFO - HTTP Request: POST http://localhost:8007/v1/chat/completions "HTTP/1.1 200 OK"
2026-08-18 05:21:52,608 - INFO - HTTP Request: POST http://localhost:8007/v1/chat/completions "HTTP/1.1 200 OK"
2026-08-18 05:21:53,623 - INFO - HTTP Request: POST http://localhost:8007/v1/chat/completions "HTTP/1.1 200 OK"
2026-08-18 05:21:58,290 - INFO - HTTP Request: POST http://localhost:8007/v1/chat/completions "HTTP/1.1 200 OK"
2026-08-18 05:22:00,788 - INFO - HTTP Request: POST http://localhost:8007/v1/chat/completions "HTTP/1.1 200 OK"

2026-08-18 05:22:04,282 - INFO - HTTP Request: POST http://localhost:8007/v1/chat/completions "HTTP/1.1 200 OK"

2026-08-18 05:22:06,462 - INFO - HTTP Request: POST http://localhost:8007/v1/chat/completions "HTTP/1.1 200 OK"

2026-08-18 05:22:09,731 - INFO - HTTP Request: POST http://localhost:8007/v1/chat/completions "HTTP/1.1 200 OK"

2026-08-18 05:22:24,706 - INFO - HTTP Request: POST http://localhost:8007/v1/chat/completions "HTTP/1.1 200 OK"
2026-08-18 05:22:26,545 - INFO - HTTP Request: POST http://localhost:8007/v1/chat/completions "HTTP/1.1 200 OK"
2026-08-18 05:22:33,607 - INFO - HTTP Request: POST http://localhost:8007/v1/chat/completions "HTTP/1.1 200 OK"
2026-08-18 05:22:34,624 - INFO - HTTP Request: POST http://localhost:8007/v1/chat/completions "HTTP/1.1 200 OK"
2026-08-18 05:22:38,643 - INFO - HTTP Request: POST http://localhost:8007/v1/chat/completions "HTTP/1.1 200 OK"

2026-08-18 05:22:39,077 - INFO - HTTP Request: POST http://localhost:8007/v1/chat/completions "HTTP/1.1 200 OK"

2026-08-18 05:22:45,833 - INFO - HTTP Request: POST http://localhost:8007/v1/chat/completions "HTTP/1.1 200 OK"

2026-08-18 05:22:47,357 - INFO - HTTP Request: POST http://localhost:8007/v1/chat/completions "HTTP/1.1 200 OK"

2026-08-18 05:22:58,865 - INFO - HTTP Request: POST http://localhost:8007/v1/chat/completions "HTTP/1.1 200 OK"
2026-08-18 05:23:06,191 - INFO - HTTP Request: POST http://localhost:8007/v1/chat/completions "HTTP/1.1 200 OK"
2026-08-18 05:23:07,639 - INFO - HTTP Request: POST http://localhost:8007/v1/chat/completions "HTTP/1.1 200 OK"
2026-08-18 05:23:07,856 - INFO - HTTP Request: POST http://localhost:8007/v1/chat/completions "HTTP/1.1 200 OK"
2026-08-18 05:23:11,102 - INFO - HTTP Request: POST http://localhost:8007/v1/chat/completions "HTTP/1.1 200 OK"

2026-08-18 05:23:15,024 - INFO - HTTP Request: POST http://localhost:8007/v1/chat/completions "HTTP/1.1 200 OK"

2026-08-18 05:23:18,945 - INFO - HTTP Request: POST http://localhost:8007/v1/chat/completions "HTTP/1.1 200 OK"

2026-08-18 05:23:21,121 - INFO - HTTP Request: POST http://localhost:8007/v1/chat/completions "HTTP/1.1 200 OK"

2026-08-18 05:23:39,789 - INFO - HTTP Request: POST http://localhost:8007/v1/chat/completions "HTTP/1.1 200 OK"
2026-08-18 05:23:41,412 - INFO - HTTP Request: POST http://localhost:8007/v1/chat/completions "HTTP/1.1 200 OK"
2026-08-18 05:23:44,777 - INFO - HTTP Request: POST http://localhost:8007/v1/chat/completions "HTTP/1.1 200 OK"
2026-08-18 05:23:48,407 - INFO - HTTP Request: POST http://localhost:8007/v1/chat/completions "HTTP/1.1 200 OK"
2026-08-18 05:23:55,260 - INFO - HTTP Request: POST http://localhost:8007/v1/chat/completions "HTTP/1.1 200 OK"

2026-08-18 05:23:55,697 - INFO - HTTP Request: POST http://localhost:8007/v1/chat/completions "HTTP/1.1 200 OK"

2026-08-18 05:23:56,799 - INFO - HTTP Request: POST http://localhost:8007/v1/chat/completions "HTTP/1.1 200 OK"

2026-08-18 05:24:00,498 - INFO - HTTP Request: POST http://localhost:8007/v1/chat/completions "HTTP/1.1 200 OK"

2026-08-18 05:24:15,260 - INFO - HTTP Request: POST http://localhost:8007/v1/chat/completions "HTTP/1.1 200 OK"
2026-08-18 05:24:20,850 - INFO - HTTP Request: POST http://localhost:8007/v1/chat/completions "HTTP/1.1 200 OK"
2026-08-18 05:24:26,612 - INFO - HTTP Request: POST http://localhost:8007/v1/chat/completions "HTTP/1.1 200 OK"
2026-08-18 05:24:28,457 - INFO - HTTP Request: POST http://localhost:8007/v1/chat/completions "HTTP/1.1 200 OK"

2026-08-18 05:24:29,113 - INFO - HTTP Request: POST http://localhost:8007/v1/chat/completions "HTTP/1.1 200 OK"
2026-08-18 05:24:35,576 - INFO - HTTP Request: POST http://localhost:8007/v1/chat/completions "HTTP/1.1 200 OK"

2026-08-18 05:24:39,496 - INFO - HTTP Request: POST http://localhost:8007/v1/chat/completions "HTTP/1.1 200 OK"

r5_cfg7:  90%|█████████ | 45/50 [1:08:59<09:49, 117.88s/it]2026-08-18 05:24:39,932 - INFO - HTTP Request: POST http://localhost:8007/v1/chat/completions "HTTP/1.1 200 OK"

2026-08-18 05:24:57,734 - INFO - HTTP Request: POST http://localhost:8007/v1/chat/completions "HTTP/1.1 200 OK"
2026-08-18 05:25:01,801 - INFO - HTTP Request: POST http://localhost:8007/v1/chat/completions "HTTP/1.1 200 OK"
2026-08-18 05:25:05,440 - INFO - HTTP Request: POST http://localhost:8007/v1/chat/completions "HTTP/1.1 200 OK"
2026-08-18 05:25:11,646 - INFO - HTTP Request: POST http://localhost:8007/v1/chat/completions "HTTP/1.1 200 OK"

2026-08-18 05:25:12,311 - INFO - HTTP Request: POST http://localhost:8007/v1/chat/completions "HTTP/1.1 200 OK"

2026-08-18 05:25:13,400 - INFO - HTTP Request: POST http://localhost:8007/v1/chat/completions "HTTP/1.1 200 OK"
2026-08-18 05:25:25,471 - INFO - HTTP Request: POST http://localhost:8007/v1/chat/completions "HTTP/1.1 200 OK"

r5_cfg7:  92%|█████████▏| 46/50 [1:09:45<06:25, 96.31s/it] 2026-08-18 05:25:28,081 - INFO - HTTP Request: POST http://localhost:8007/v1/chat/completions "HTTP/1.1 200 OK"

2026-08-18 05:25:38,726 - INFO - HTTP Request: POST http://localhost:8007/v1/chat/completions "HTTP/1.1 200 OK"
2026-08-18 05:25:43,451 - INFO - HTTP Request: POST http://localhost:8007/v1/chat/completions "HTTP/1.1 200 OK"
2026-08-18 05:25:48,179 - INFO - HTTP Request: POST http://localhost:8007/v1/chat/completions "HTTP/1.1 200 OK"
2026-08-18 05:25:50,456 - INFO - HTTP Request: POST http://localhost:8007/v1/chat/completions "HTTP/1.1 200 OK"

2026-08-18 05:25:58,512 - INFO - HTTP Request: POST http://localhost:8007/v1/chat/completions "HTTP/1.1 200 OK"

r5_cfg7:  94%|█████████▍| 47/50 [1:10:18<03:51, 77.33s/it]2026-08-18 05:25:59,598 - INFO - HTTP Request: POST http://localhost:8007/v1/chat/completions "HTTP/1.1 200 OK"

2026-08-18 05:26:01,768 - INFO - HTTP Request: POST http://localhost:8007/v1/chat/completions "HTTP/1.1 200 OK"
2026-08-18 05:26:13,596 - INFO - HTTP Request: POST http://localhost:8007/v1/chat/completions "HTTP/1.1 200 OK"

r5_cfg7:  96%|█████████▌| 48/50 [1:10:33<01:57, 58.65s/it]2026-08-18 05:26:15,112 - INFO - HTTP Request: POST http://localhost:8007/v1/chat/completions "HTTP/1.1 200 OK"
2026-08-18 05:26:25,942 - INFO - HTTP Request: POST http://localhost:8007/v1/chat/completions "HTTP/1.1 200 OK"
2026-08-18 05:26:29,452 - INFO - HTTP Request: POST http://localhost:8007/v1/chat/completions "HTTP/1.1 200 OK"

2026-08-18 05:26:39,687 - INFO - HTTP Request: POST http://localhost:8007/v1/chat/completions "HTTP/1.1 200 OK"

2026-08-18 05:26:53,363 - INFO - HTTP Request: POST http://localhost:8007/v1/chat/completions "HTTP/1.1 200 OK"
2026-08-18 05:27:04,029 - INFO - HTTP Request: POST http://localhost:8007/v1/chat/completions "HTTP/1.1 200 OK"
2026-08-18 05:27:06,119 - INFO - HTTP Request: POST http://localhost:8007/v1/chat/completions "HTTP/1.1 200 OK"

2026-08-18 05:27:17,663 - INFO - HTTP Request: POST http://localhost:8007/v1/chat/completions "HTTP/1.1 200 OK"

2026-08-18 05:27:25,493 - INFO - HTTP Request: POST http://localhost:8007/v1/chat/completions "HTTP/1.1 200 OK"
2026-08-18 05:27:33,935 - INFO - HTTP Request: POST http://localhost:8007/v1/chat/completions "HTTP/1.1 200 OK"

2026-08-18 05:27:41,550 - INFO - HTTP Request: POST http://localhost:8007/v1/chat/completions "HTTP/1.1 200 OK"
2026-08-18 05:27:56,869 - INFO - HTTP Request: POST http://localhost:8007/v1/chat/completions "HTTP/1.1 200 OK"

2026-08-18 05:28:02,326 - INFO - HTTP Request: POST http://localhost:8007/v1/chat/completions "HTTP/1.1 200 OK"
2026-08-18 05:28:16,619 - INFO - HTTP Request: POST http://localhost:8007/v1/chat/completions "HTTP/1.1 200 OK"
2026-08-18 05:28:17,172 - INFO - HTTP Request: POST http://localhost:8007/v1/chat/completions "HTTP/1.1 200 OK"

2026-08-18 05:28:26,993 - INFO - HTTP Request: POST http://localhost:8007/v1/chat/completions "HTTP/1.1 200 OK"

2026-08-18 05:28:36,773 - INFO - HTTP Request: POST http://localhost:8007/v1/chat/completions "HTTP/1.1 200 OK"
2026-08-18 05:28:48,686 - INFO - HTTP Request: POST http://localhost:8007/v1/chat/completions "HTTP/1.1 200 OK"

2026-08-18 05:28:55,438 - INFO - HTTP Request: POST http://localhost:8007/v1/chat/completions "HTTP/1.1 200 OK"
2026-08-18 05:29:05,984 - INFO - HTTP Request: POST http://localhost:8007/v1/chat/completions "HTTP/1.1 200 OK"

2026-08-18 05:29:17,498 - INFO - HTTP Request: POST http://localhost:8007/v1/chat/completions "HTTP/1.1 200 OK"
2026-08-18 05:29:25,942 - INFO - HTTP Request: POST http://localhost:8007/v1/chat/completions "HTTP/1.1 200 OK"
2026-08-18 05:29:29,992 - INFO - HTTP Request: POST http://localhost:8007/v1/chat/completions "HTTP/1.1 200 OK"

2026-08-18 05:29:41,098 - INFO - HTTP Request: POST http://localhost:8007/v1/chat/completions "HTTP/1.1 200 OK"

2026-08-18 05:30:02,575 - INFO - HTTP Request: POST http://localhost:8007/v1/chat/completions "HTTP/1.1 200 OK"
2026-08-18 05:30:10,152 - INFO - HTTP Request: POST http://localhost:8007/v1/chat/completions "HTTP/1.1 200 OK"
2026-08-18 05:30:22,027 - INFO - HTTP Request: POST http://localhost:8007/v1/chat/completions "HTTP/1.1 200 OK"

r5_cfg7:  98%|█████████▊| 49/50 [1:14:41<01:55, 115.59s/it]2026-08-18 05:30:22,667 - INFO - HTTP Request: POST http://localhost:8007/v1/chat/completions "HTTP/1.1 200 OK"

2026-08-18 05:30:28,638 - INFO - HTTP Request: POST http://localhost:8007/v1/chat/completions "HTTP/1.1 200 OK"
2026-08-18 05:30:31,218 - INFO - HTTP Request: POST http://localhost:8007/v1/chat/completions "HTTP/1.1 200 OK"

r5_cfg7: 100%|██████████| 50/50 [1:14:51<00:00, 83.67s/it] r5_cfg7: 100%|██████████| 50/50 [1:14:51<00:00, 89.83s/it]
  done in 4491.5s (valid 50/50, invalid {})

Scored 1 model/s.
Report:  /LAB/Swiss-Knife/tribunal/bayes_search_honesty/eval_results/round5/r5_cfg7/report/index.html
Tables:  /LAB/Swiss-Knife/tribunal/bayes_search_honesty/eval_results/round5/r5_cfg7/model_summary.csv, /LAB/Swiss-Knife/tribunal/bayes_search_honesty/eval_results/round5/r5_cfg7/summary.csv
