2026-08-18 04:17:08,166 - INFO - Judge client pointed at http://localhost:8005/v1
2026-08-18 04:17:11,367 - INFO - Loading Detoxify model (CPU)
2026-08-18 04:17:14,954 - INFO - HTTP Request: HEAD https://huggingface.co/bert-base-uncased/resolve/main/config.json "HTTP/1.1 200 OK"
Warning: You are sending unauthenticated requests to the HF Hub. Please set a HF_TOKEN to enable higher rate limits and faster downloads.
2026-08-18 04:17:14,955 - WARNING - Warning: You are sending unauthenticated requests to the HF Hub. Please set a HF_TOKEN to enable higher rate limits and faster downloads.
input:  /LAB/Swiss-Knife/tribunal/bayes_search_honesty/eval_results/round5/r5_cfg5/_tribunal_input_tmp (1 model file/s)
output: /LAB/Swiss-Knife/tribunal/bayes_search_honesty/eval_results/round5/r5_cfg5
judge:  Qwen/Qwen2.5-32B-Instruct @ http://localhost:8005/v1
detoxify cross-check: True
Loading weights:   0%|          | 0/201 [00:00<?, ?it/s]Loading weights: 100%|██████████| 201/201 [00:00<00:00, 30593.14it/s]
2026-08-18 04:17:15,278 - INFO - HTTP Request: HEAD https://huggingface.co/bert-base-uncased/resolve/main/tokenizer_config.json "HTTP/1.1 200 OK"
2026-08-18 04:17:15,502 - INFO - HTTP Request: GET https://huggingface.co/api/models/bert-base-uncased/tree/main/additional_chat_templates?recursive=false&expand=false "HTTP/1.1 307 Temporary Redirect"
2026-08-18 04:17:15,715 - INFO - HTTP Request: GET https://huggingface.co/api/models/google-bert/bert-base-uncased/tree/main/additional_chat_templates?recursive=false&expand=false "HTTP/1.1 404 Not Found"
2026-08-18 04:17:15,929 - INFO - HTTP Request: GET https://huggingface.co/api/models/bert-base-uncased/tree/main?recursive=true&expand=false "HTTP/1.1 307 Temporary Redirect"
2026-08-18 04:17:16,143 - INFO - HTTP Request: GET https://huggingface.co/api/models/google-bert/bert-base-uncased/tree/main?recursive=true&expand=false "HTTP/1.1 200 OK"

[1/1] r5_cfg5
  scoring 50 records (0 skipped or cached) [workers=4]
r5_cfg5:   0%|          | 0/50 [00:00<?, ?it/s]2026-08-18 04:17:37,956 - INFO - HTTP Request: POST http://localhost:8005/v1/chat/completions "HTTP/1.1 200 OK"
2026-08-18 04:17:38,173 - INFO - HTTP Request: POST http://localhost:8005/v1/chat/completions "HTTP/1.1 200 OK"
2026-08-18 04:17:38,174 - INFO - HTTP Request: POST http://localhost:8005/v1/chat/completions "HTTP/1.1 200 OK"
2026-08-18 04:17:38,696 - INFO - HTTP Request: POST http://localhost:8005/v1/chat/completions "HTTP/1.1 200 OK"
2026-08-18 04:17:47,665 - INFO - HTTP Request: POST http://localhost:8005/v1/chat/completions "HTTP/1.1 200 OK"

2026-08-18 04:17:50,343 - INFO - HTTP Request: POST http://localhost:8005/v1/chat/completions "HTTP/1.1 200 OK"

2026-08-18 04:17:53,168 - INFO - HTTP Request: POST http://localhost:8005/v1/chat/completions "HTTP/1.1 200 OK"

2026-08-18 04:17:55,558 - INFO - HTTP Request: POST http://localhost:8005/v1/chat/completions "HTTP/1.1 200 OK"

2026-08-18 04:18:13,772 - INFO - HTTP Request: POST http://localhost:8005/v1/chat/completions "HTTP/1.1 200 OK"
2026-08-18 04:18:16,614 - INFO - HTTP Request: POST http://localhost:8005/v1/chat/completions "HTTP/1.1 200 OK"
2026-08-18 04:18:19,573 - INFO - HTTP Request: POST http://localhost:8005/v1/chat/completions "HTTP/1.1 200 OK"
2026-08-18 04:18:22,106 - INFO - HTTP Request: POST http://localhost:8005/v1/chat/completions "HTTP/1.1 200 OK"
2026-08-18 04:18:28,573 - INFO - HTTP Request: POST http://localhost:8005/v1/chat/completions "HTTP/1.1 200 OK"

2026-08-18 04:18:29,008 - INFO - HTTP Request: POST http://localhost:8005/v1/chat/completions "HTTP/1.1 200 OK"

2026-08-18 04:18:32,979 - INFO - HTTP Request: POST http://localhost:8005/v1/chat/completions "HTTP/1.1 200 OK"

2026-08-18 04:18:37,763 - INFO - HTTP Request: POST http://localhost:8005/v1/chat/completions "HTTP/1.1 200 OK"

2026-08-18 04:18:52,953 - INFO - HTTP Request: POST http://localhost:8005/v1/chat/completions "HTTP/1.1 200 OK"
2026-08-18 04:18:53,386 - INFO - HTTP Request: POST http://localhost:8005/v1/chat/completions "HTTP/1.1 200 OK"
2026-08-18 04:18:57,669 - INFO - HTTP Request: POST http://localhost:8005/v1/chat/completions "HTTP/1.1 200 OK"
2026-08-18 04:19:01,508 - INFO - HTTP Request: POST http://localhost:8005/v1/chat/completions "HTTP/1.1 200 OK"
2026-08-18 04:19:02,822 - INFO - HTTP Request: POST http://localhost:8005/v1/chat/completions "HTTP/1.1 200 OK"

2026-08-18 04:19:08,095 - INFO - HTTP Request: POST http://localhost:8005/v1/chat/completions "HTTP/1.1 200 OK"

2026-08-18 04:19:14,848 - INFO - HTTP Request: POST http://localhost:8005/v1/chat/completions "HTTP/1.1 200 OK"

2026-08-18 04:19:15,065 - INFO - HTTP Request: POST http://localhost:8005/v1/chat/completions "HTTP/1.1 200 OK"

2026-08-18 04:19:27,008 - INFO - HTTP Request: POST http://localhost:8005/v1/chat/completions "HTTP/1.1 200 OK"
2026-08-18 04:19:32,448 - INFO - HTTP Request: POST http://localhost:8005/v1/chat/completions "HTTP/1.1 200 OK"
2026-08-18 04:19:38,767 - INFO - HTTP Request: POST http://localhost:8005/v1/chat/completions "HTTP/1.1 200 OK"
2026-08-18 04:19:39,648 - INFO - HTTP Request: POST http://localhost:8005/v1/chat/completions "HTTP/1.1 200 OK"
2026-08-18 04:19:39,864 - INFO - HTTP Request: POST http://localhost:8005/v1/chat/completions "HTTP/1.1 200 OK"

2026-08-18 04:19:45,801 - INFO - HTTP Request: POST http://localhost:8005/v1/chat/completions "HTTP/1.1 200 OK"

2026-08-18 04:19:51,899 - INFO - HTTP Request: POST http://localhost:8005/v1/chat/completions "HTTP/1.1 200 OK"

2026-08-18 04:19:52,995 - INFO - HTTP Request: POST http://localhost:8005/v1/chat/completions "HTTP/1.1 200 OK"

2026-08-18 04:20:00,158 - INFO - HTTP Request: POST http://localhost:8005/v1/chat/completions "HTTP/1.1 200 OK"
2026-08-18 04:20:05,376 - INFO - HTTP Request: POST http://localhost:8005/v1/chat/completions "HTTP/1.1 200 OK"
2026-08-18 04:20:12,193 - INFO - HTTP Request: POST http://localhost:8005/v1/chat/completions "HTTP/1.1 200 OK"
2026-08-18 04:20:12,194 - INFO - HTTP Request: POST http://localhost:8005/v1/chat/completions "HTTP/1.1 200 OK"

2026-08-18 04:20:13,506 - INFO - HTTP Request: POST http://localhost:8005/v1/chat/completions "HTTP/1.1 200 OK"
2026-08-18 04:20:16,499 - INFO - HTTP Request: POST http://localhost:8005/v1/chat/completions "HTTP/1.1 200 OK"

2026-08-18 04:20:22,155 - INFO - HTTP Request: POST http://localhost:8005/v1/chat/completions "HTTP/1.1 200 OK"

2026-08-18 04:20:27,591 - INFO - HTTP Request: POST http://localhost:8005/v1/chat/completions "HTTP/1.1 200 OK"

2026-08-18 04:20:41,482 - INFO - HTTP Request: POST http://localhost:8005/v1/chat/completions "HTTP/1.1 200 OK"
2026-08-18 04:20:45,403 - INFO - HTTP Request: POST http://localhost:8005/v1/chat/completions "HTTP/1.1 200 OK"
2026-08-18 04:20:51,196 - INFO - HTTP Request: POST http://localhost:8005/v1/chat/completions "HTTP/1.1 200 OK"
2026-08-18 04:20:53,303 - INFO - HTTP Request: POST http://localhost:8005/v1/chat/completions "HTTP/1.1 200 OK"

2026-08-18 04:20:56,852 - INFO - HTTP Request: POST http://localhost:8005/v1/chat/completions "HTTP/1.1 200 OK"
2026-08-18 04:20:58,315 - INFO - HTTP Request: POST http://localhost:8005/v1/chat/completions "HTTP/1.1 200 OK"

2026-08-18 04:21:00,058 - INFO - HTTP Request: POST http://localhost:8005/v1/chat/completions "HTTP/1.1 200 OK"

2026-08-18 04:21:10,707 - INFO - HTTP Request: POST http://localhost:8005/v1/chat/completions "HTTP/1.1 200 OK"

2026-08-18 04:21:13,747 - INFO - HTTP Request: POST http://localhost:8005/v1/chat/completions "HTTP/1.1 200 OK"
2026-08-18 04:21:18,606 - INFO - HTTP Request: POST http://localhost:8005/v1/chat/completions "HTTP/1.1 200 OK"
2026-08-18 04:21:20,490 - INFO - HTTP Request: POST http://localhost:8005/v1/chat/completions "HTTP/1.1 200 OK"
2026-08-18 04:21:24,110 - INFO - HTTP Request: POST http://localhost:8005/v1/chat/completions "HTTP/1.1 200 OK"

2026-08-18 04:21:30,557 - INFO - HTTP Request: POST http://localhost:8005/v1/chat/completions "HTTP/1.1 200 OK"

2026-08-18 04:21:31,429 - INFO - HTTP Request: POST http://localhost:8005/v1/chat/completions "HTTP/1.1 200 OK"
2026-08-18 04:21:32,677 - INFO - HTTP Request: POST http://localhost:8005/v1/chat/completions "HTTP/1.1 200 OK"

2026-08-18 04:21:44,853 - INFO - HTTP Request: POST http://localhost:8005/v1/chat/completions "HTTP/1.1 200 OK"

2026-08-18 04:21:53,758 - INFO - HTTP Request: POST http://localhost:8005/v1/chat/completions "HTTP/1.1 200 OK"
2026-08-18 04:22:00,376 - INFO - HTTP Request: POST http://localhost:8005/v1/chat/completions "HTTP/1.1 200 OK"
2026-08-18 04:22:02,262 - INFO - HTTP Request: POST http://localhost:8005/v1/chat/completions "HTTP/1.1 200 OK"
2026-08-18 04:22:05,886 - INFO - HTTP Request: POST http://localhost:8005/v1/chat/completions "HTTP/1.1 200 OK"

2026-08-18 04:22:14,503 - INFO - HTTP Request: POST http://localhost:8005/v1/chat/completions "HTTP/1.1 200 OK"

2026-08-18 04:22:14,721 - INFO - HTTP Request: POST http://localhost:8005/v1/chat/completions "HTTP/1.1 200 OK"
2026-08-18 04:22:14,938 - INFO - HTTP Request: POST http://localhost:8005/v1/chat/completions "HTTP/1.1 200 OK"

2026-08-18 04:22:29,022 - INFO - HTTP Request: POST http://localhost:8005/v1/chat/completions "HTTP/1.1 200 OK"

2026-08-18 04:22:39,016 - INFO - HTTP Request: POST http://localhost:8005/v1/chat/completions "HTTP/1.1 200 OK"
2026-08-18 04:22:48,239 - INFO - HTTP Request: POST http://localhost:8005/v1/chat/completions "HTTP/1.1 200 OK"
2026-08-18 04:22:48,957 - INFO - HTTP Request: POST http://localhost:8005/v1/chat/completions "HTTP/1.1 200 OK"
2026-08-18 04:22:51,308 - INFO - HTTP Request: POST http://localhost:8005/v1/chat/completions "HTTP/1.1 200 OK"

r5_cfg5:   2%|▏         | 1/50 [05:35<4:33:39, 335.09s/it]2026-08-18 04:23:00,442 - INFO - HTTP Request: POST http://localhost:8005/v1/chat/completions "HTTP/1.1 200 OK"

r5_cfg5:   4%|▍         | 2/50 [05:44<1:54:40, 143.35s/it]2026-08-18 04:23:02,834 - INFO - HTTP Request: POST http://localhost:8005/v1/chat/completions "HTTP/1.1 200 OK"
2026-08-18 04:23:04,080 - INFO - HTTP Request: POST http://localhost:8005/v1/chat/completions "HTTP/1.1 200 OK"

r5_cfg5:   6%|▌         | 3/50 [05:47<1:02:19, 79.56s/it] 2026-08-18 04:23:13,425 - INFO - HTTP Request: POST http://localhost:8005/v1/chat/completions "HTTP/1.1 200 OK"
2026-08-18 04:23:15,543 - INFO - HTTP Request: POST http://localhost:8005/v1/chat/completions "HTTP/1.1 200 OK"

r5_cfg5:   8%|▊         | 4/50 [05:59<40:22, 52.67s/it]  2026-08-18 04:23:22,932 - INFO - HTTP Request: POST http://localhost:8005/v1/chat/completions "HTTP/1.1 200 OK"
2026-08-18 04:23:26,520 - INFO - HTTP Request: POST http://localhost:8005/v1/chat/completions "HTTP/1.1 200 OK"

2026-08-18 04:23:26,737 - INFO - HTTP Request: POST http://localhost:8005/v1/chat/completions "HTTP/1.1 200 OK"
2026-08-18 04:23:35,332 - INFO - HTTP Request: POST http://localhost:8005/v1/chat/completions "HTTP/1.1 200 OK"

2026-08-18 04:23:38,161 - INFO - HTTP Request: POST http://localhost:8005/v1/chat/completions "HTTP/1.1 200 OK"
2026-08-18 04:23:42,614 - INFO - HTTP Request: POST http://localhost:8005/v1/chat/completions "HTTP/1.1 200 OK"

2026-08-18 04:23:49,568 - INFO - HTTP Request: POST http://localhost:8005/v1/chat/completions "HTTP/1.1 200 OK"

2026-08-18 04:23:53,258 - INFO - HTTP Request: POST http://localhost:8005/v1/chat/completions "HTTP/1.1 200 OK"
2026-08-18 04:24:02,112 - INFO - HTTP Request: POST http://localhost:8005/v1/chat/completions "HTTP/1.1 200 OK"
2026-08-18 04:24:05,310 - INFO - HTTP Request: POST http://localhost:8005/v1/chat/completions "HTTP/1.1 200 OK"

2026-08-18 04:24:09,445 - INFO - HTTP Request: POST http://localhost:8005/v1/chat/completions "HTTP/1.1 200 OK"
2026-08-18 04:24:14,391 - INFO - HTTP Request: POST http://localhost:8005/v1/chat/completions "HTTP/1.1 200 OK"

2026-08-18 04:24:16,785 - INFO - HTTP Request: POST http://localhost:8005/v1/chat/completions "HTTP/1.1 200 OK"
2026-08-18 04:24:22,765 - INFO - HTTP Request: POST http://localhost:8005/v1/chat/completions "HTTP/1.1 200 OK"

2026-08-18 04:24:30,375 - INFO - HTTP Request: POST http://localhost:8005/v1/chat/completions "HTTP/1.1 200 OK"
2026-08-18 04:24:30,593 - INFO - HTTP Request: POST http://localhost:8005/v1/chat/completions "HTTP/1.1 200 OK"

2026-08-18 04:24:39,448 - INFO - HTTP Request: POST http://localhost:8005/v1/chat/completions "HTTP/1.1 200 OK"
2026-08-18 04:24:45,913 - INFO - HTTP Request: POST http://localhost:8005/v1/chat/completions "HTTP/1.1 200 OK"

2026-08-18 04:24:47,879 - INFO - HTTP Request: POST http://localhost:8005/v1/chat/completions "HTTP/1.1 200 OK"
2026-08-18 04:24:54,564 - INFO - HTTP Request: POST http://localhost:8005/v1/chat/completions "HTTP/1.1 200 OK"

2026-08-18 04:24:56,095 - INFO - HTTP Request: POST http://localhost:8005/v1/chat/completions "HTTP/1.1 200 OK"
2026-08-18 04:25:03,158 - INFO - HTTP Request: POST http://localhost:8005/v1/chat/completions "HTTP/1.1 200 OK"

2026-08-18 04:25:10,122 - INFO - HTTP Request: POST http://localhost:8005/v1/chat/completions "HTTP/1.1 200 OK"
2026-08-18 04:25:11,585 - INFO - HTTP Request: POST http://localhost:8005/v1/chat/completions "HTTP/1.1 200 OK"

2026-08-18 04:25:19,418 - INFO - HTTP Request: POST http://localhost:8005/v1/chat/completions "HTTP/1.1 200 OK"
2026-08-18 04:25:23,220 - INFO - HTTP Request: POST http://localhost:8005/v1/chat/completions "HTTP/1.1 200 OK"

2026-08-18 04:25:28,012 - INFO - HTTP Request: POST http://localhost:8005/v1/chat/completions "HTTP/1.1 200 OK"
2026-08-18 04:25:32,365 - INFO - HTTP Request: POST http://localhost:8005/v1/chat/completions "HTTP/1.1 200 OK"

2026-08-18 04:25:36,504 - INFO - HTTP Request: POST http://localhost:8005/v1/chat/completions "HTTP/1.1 200 OK"
2026-08-18 04:25:40,520 - INFO - HTTP Request: POST http://localhost:8005/v1/chat/completions "HTTP/1.1 200 OK"

2026-08-18 04:25:43,354 - INFO - HTTP Request: POST http://localhost:8005/v1/chat/completions "HTTP/1.1 200 OK"
2026-08-18 04:25:49,385 - INFO - HTTP Request: POST http://localhost:8005/v1/chat/completions "HTTP/1.1 200 OK"

2026-08-18 04:25:52,437 - INFO - HTTP Request: POST http://localhost:8005/v1/chat/completions "HTTP/1.1 200 OK"
2026-08-18 04:25:58,902 - INFO - HTTP Request: POST http://localhost:8005/v1/chat/completions "HTTP/1.1 200 OK"

2026-08-18 04:26:00,645 - INFO - HTTP Request: POST http://localhost:8005/v1/chat/completions "HTTP/1.1 200 OK"
2026-08-18 04:26:02,170 - INFO - HTTP Request: POST http://localhost:8005/v1/chat/completions "HTTP/1.1 200 OK"

2026-08-18 04:26:09,997 - INFO - HTTP Request: POST http://localhost:8005/v1/chat/completions "HTTP/1.1 200 OK"
2026-08-18 04:26:13,799 - INFO - HTTP Request: POST http://localhost:8005/v1/chat/completions "HTTP/1.1 200 OK"

2026-08-18 04:26:25,540 - INFO - HTTP Request: POST http://localhost:8005/v1/chat/completions "HTTP/1.1 200 OK"

2026-08-18 04:26:28,362 - INFO - HTTP Request: POST http://localhost:8005/v1/chat/completions "HTTP/1.1 200 OK"
2026-08-18 04:26:31,559 - INFO - HTTP Request: POST http://localhost:8005/v1/chat/completions "HTTP/1.1 200 OK"
2026-08-18 04:26:42,976 - INFO - HTTP Request: POST http://localhost:8005/v1/chat/completions "HTTP/1.1 200 OK"

2026-08-18 04:26:43,194 - INFO - HTTP Request: POST http://localhost:8005/v1/chat/completions "HTTP/1.1 200 OK"
2026-08-18 04:26:43,934 - INFO - HTTP Request: POST http://localhost:8005/v1/chat/completions "HTTP/1.1 200 OK"

2026-08-18 04:26:55,260 - INFO - HTTP Request: POST http://localhost:8005/v1/chat/completions "HTTP/1.1 200 OK"
2026-08-18 04:26:58,403 - INFO - HTTP Request: POST http://localhost:8005/v1/chat/completions "HTTP/1.1 200 OK"

2026-08-18 04:27:03,620 - INFO - HTTP Request: POST http://localhost:8005/v1/chat/completions "HTTP/1.1 200 OK"
2026-08-18 04:27:04,647 - INFO - HTTP Request: POST http://localhost:8005/v1/chat/completions "HTTP/1.1 200 OK"
2026-08-18 04:27:09,161 - INFO - HTTP Request: POST http://localhost:8005/v1/chat/completions "HTTP/1.1 200 OK"

2026-08-18 04:27:13,952 - INFO - HTTP Request: POST http://localhost:8005/v1/chat/completions "HTTP/1.1 200 OK"

2026-08-18 04:27:19,173 - INFO - HTTP Request: POST http://localhost:8005/v1/chat/completions "HTTP/1.1 200 OK"
2026-08-18 04:27:19,174 - INFO - HTTP Request: POST http://localhost:8005/v1/chat/completions "HTTP/1.1 200 OK"

2026-08-18 04:27:29,548 - INFO - HTTP Request: POST http://localhost:8005/v1/chat/completions "HTTP/1.1 200 OK"
2026-08-18 04:27:34,222 - INFO - HTTP Request: POST http://localhost:8005/v1/chat/completions "HTTP/1.1 200 OK"

2026-08-18 04:27:38,139 - INFO - HTTP Request: POST http://localhost:8005/v1/chat/completions "HTTP/1.1 200 OK"

2026-08-18 04:27:43,785 - INFO - HTTP Request: POST http://localhost:8005/v1/chat/completions "HTTP/1.1 200 OK"
2026-08-18 04:27:49,375 - INFO - HTTP Request: POST http://localhost:8005/v1/chat/completions "HTTP/1.1 200 OK"
2026-08-18 04:27:55,633 - INFO - HTTP Request: POST http://localhost:8005/v1/chat/completions "HTTP/1.1 200 OK"

2026-08-18 04:28:04,123 - INFO - HTTP Request: POST http://localhost:8005/v1/chat/completions "HTTP/1.1 200 OK"
2026-08-18 04:28:06,238 - INFO - HTTP Request: POST http://localhost:8005/v1/chat/completions "HTTP/1.1 200 OK"

2026-08-18 04:28:08,423 - INFO - HTTP Request: POST http://localhost:8005/v1/chat/completions "HTTP/1.1 200 OK"
2026-08-18 04:28:18,977 - INFO - HTTP Request: POST http://localhost:8005/v1/chat/completions "HTTP/1.1 200 OK"

2026-08-18 04:28:24,206 - INFO - HTTP Request: POST http://localhost:8005/v1/chat/completions "HTTP/1.1 200 OK"

2026-08-18 04:28:29,422 - INFO - HTTP Request: POST http://localhost:8005/v1/chat/completions "HTTP/1.1 200 OK"
2026-08-18 04:28:39,581 - INFO - HTTP Request: POST http://localhost:8005/v1/chat/completions "HTTP/1.1 200 OK"
2026-08-18 04:28:44,534 - INFO - HTTP Request: POST http://localhost:8005/v1/chat/completions "HTTP/1.1 200 OK"

r5_cfg5:  10%|█         | 5/50 [11:28<1:54:14, 152.32s/it]2026-08-18 04:28:52,806 - INFO - HTTP Request: POST http://localhost:8005/v1/chat/completions "HTTP/1.1 200 OK"
2026-08-18 04:28:54,268 - INFO - HTTP Request: POST http://localhost:8005/v1/chat/completions "HTTP/1.1 200 OK"

r5_cfg5:  12%|█▏        | 6/50 [11:38<1:16:08, 103.84s/it]2026-08-18 04:28:57,751 - INFO - HTTP Request: POST http://localhost:8005/v1/chat/completions "HTTP/1.1 200 OK"
2026-08-18 04:29:05,817 - INFO - HTTP Request: POST http://localhost:8005/v1/chat/completions "HTTP/1.1 200 OK"

r5_cfg5:  14%|█▍        | 7/50 [11:49<52:47, 73.67s/it]   2026-08-18 04:29:07,125 - INFO - HTTP Request: POST http://localhost:8005/v1/chat/completions "HTTP/1.1 200 OK"
2026-08-18 04:29:09,239 - INFO - HTTP Request: POST http://localhost:8005/v1/chat/completions "HTTP/1.1 200 OK"

r5_cfg5:  16%|█▌        | 8/50 [11:53<35:54, 51.30s/it]2026-08-18 04:29:17,061 - INFO - HTTP Request: POST http://localhost:8005/v1/chat/completions "HTTP/1.1 200 OK"
2026-08-18 04:29:21,074 - INFO - HTTP Request: POST http://localhost:8005/v1/chat/completions "HTTP/1.1 200 OK"

2026-08-18 04:29:28,465 - INFO - HTTP Request: POST http://localhost:8005/v1/chat/completions "HTTP/1.1 200 OK"
2026-08-18 04:29:29,651 - INFO - HTTP Request: POST http://localhost:8005/v1/chat/completions "HTTP/1.1 200 OK"

2026-08-18 04:29:31,825 - INFO - HTTP Request: POST http://localhost:8005/v1/chat/completions "HTTP/1.1 200 OK"
2026-08-18 04:29:45,200 - INFO - HTTP Request: POST http://localhost:8005/v1/chat/completions "HTTP/1.1 200 OK"

2026-08-18 04:29:46,724 - INFO - HTTP Request: POST http://localhost:8005/v1/chat/completions "HTTP/1.1 200 OK"

2026-08-18 04:29:47,809 - INFO - HTTP Request: POST http://localhost:8005/v1/chat/completions "HTTP/1.1 200 OK"
2026-08-18 04:29:56,442 - INFO - HTTP Request: POST http://localhost:8005/v1/chat/completions "HTTP/1.1 200 OK"
2026-08-18 04:29:59,370 - INFO - HTTP Request: POST http://localhost:8005/v1/chat/completions "HTTP/1.1 200 OK"

2026-08-18 04:30:08,286 - INFO - HTTP Request: POST http://localhost:8005/v1/chat/completions "HTTP/1.1 200 OK"

2026-08-18 04:30:11,977 - INFO - HTTP Request: POST http://localhost:8005/v1/chat/completions "HTTP/1.1 200 OK"
2026-08-18 04:30:13,820 - INFO - HTTP Request: POST http://localhost:8005/v1/chat/completions "HTTP/1.1 200 OK"
2026-08-18 04:30:22,188 - INFO - HTTP Request: POST http://localhost:8005/v1/chat/completions "HTTP/1.1 200 OK"

2026-08-18 04:30:24,363 - INFO - HTTP Request: POST http://localhost:8005/v1/chat/completions "HTTP/1.1 200 OK"
2026-08-18 04:30:25,826 - INFO - HTTP Request: POST http://localhost:8005/v1/chat/completions "HTTP/1.1 200 OK"

2026-08-18 04:30:33,650 - INFO - HTTP Request: POST http://localhost:8005/v1/chat/completions "HTTP/1.1 200 OK"
2026-08-18 04:30:38,319 - INFO - HTTP Request: POST http://localhost:8005/v1/chat/completions "HTTP/1.1 200 OK"

2026-08-18 04:30:47,237 - INFO - HTTP Request: POST http://localhost:8005/v1/chat/completions "HTTP/1.1 200 OK"
2026-08-18 04:30:48,263 - INFO - HTTP Request: POST http://localhost:8005/v1/chat/completions "HTTP/1.1 200 OK"

2026-08-18 04:30:50,878 - INFO - HTTP Request: POST http://localhost:8005/v1/chat/completions "HTTP/1.1 200 OK"
2026-08-18 04:30:59,897 - INFO - HTTP Request: POST http://localhost:8005/v1/chat/completions "HTTP/1.1 200 OK"

2026-08-18 04:31:03,166 - INFO - HTTP Request: POST http://localhost:8005/v1/chat/completions "HTTP/1.1 200 OK"
2026-08-18 04:31:05,715 - INFO - HTTP Request: POST http://localhost:8005/v1/chat/completions "HTTP/1.1 200 OK"

2026-08-18 04:31:12,894 - INFO - HTTP Request: POST http://localhost:8005/v1/chat/completions "HTTP/1.1 200 OK"
2026-08-18 04:31:17,778 - INFO - HTTP Request: POST http://localhost:8005/v1/chat/completions "HTTP/1.1 200 OK"

2026-08-18 04:31:24,088 - INFO - HTTP Request: POST http://localhost:8005/v1/chat/completions "HTTP/1.1 200 OK"
2026-08-18 04:31:25,932 - INFO - HTTP Request: POST http://localhost:8005/v1/chat/completions "HTTP/1.1 200 OK"

2026-08-18 04:31:29,853 - INFO - HTTP Request: POST http://localhost:8005/v1/chat/completions "HTTP/1.1 200 OK"
2026-08-18 04:31:37,126 - INFO - HTTP Request: POST http://localhost:8005/v1/chat/completions "HTTP/1.1 200 OK"

2026-08-18 04:31:38,222 - INFO - HTTP Request: POST http://localhost:8005/v1/chat/completions "HTTP/1.1 200 OK"
2026-08-18 04:31:42,731 - INFO - HTTP Request: POST http://localhost:8005/v1/chat/completions "HTTP/1.1 200 OK"

2026-08-18 04:31:46,434 - INFO - HTTP Request: POST http://localhost:8005/v1/chat/completions "HTTP/1.1 200 OK"
2026-08-18 04:31:48,926 - INFO - HTTP Request: POST http://localhost:8005/v1/chat/completions "HTTP/1.1 200 OK"

2026-08-18 04:31:57,619 - INFO - HTTP Request: POST http://localhost:8005/v1/chat/completions "HTTP/1.1 200 OK"
2026-08-18 04:32:02,514 - INFO - HTTP Request: POST http://localhost:8005/v1/chat/completions "HTTP/1.1 200 OK"

2026-08-18 04:32:03,170 - INFO - HTTP Request: POST http://localhost:8005/v1/chat/completions "HTTP/1.1 200 OK"
2026-08-18 04:32:13,277 - INFO - HTTP Request: POST http://localhost:8005/v1/chat/completions "HTTP/1.1 200 OK"

2026-08-18 04:32:16,757 - INFO - HTTP Request: POST http://localhost:8005/v1/chat/completions "HTTP/1.1 200 OK"

2026-08-18 04:32:18,277 - INFO - HTTP Request: POST http://localhost:8005/v1/chat/completions "HTTP/1.1 200 OK"
2026-08-18 04:32:31,907 - INFO - HTTP Request: POST http://localhost:8005/v1/chat/completions "HTTP/1.1 200 OK"
2026-08-18 04:32:32,125 - INFO - HTTP Request: POST http://localhost:8005/v1/chat/completions "HTTP/1.1 200 OK"

2026-08-18 04:32:42,655 - INFO - HTTP Request: POST http://localhost:8005/v1/chat/completions "HTTP/1.1 200 OK"
2026-08-18 04:32:42,872 - INFO - HTTP Request: POST http://localhost:8005/v1/chat/completions "HTTP/1.1 200 OK"

2026-08-18 04:32:46,454 - INFO - HTTP Request: POST http://localhost:8005/v1/chat/completions "HTTP/1.1 200 OK"
2026-08-18 04:32:53,077 - INFO - HTTP Request: POST http://localhost:8005/v1/chat/completions "HTTP/1.1 200 OK"
2026-08-18 04:32:58,466 - INFO - HTTP Request: POST http://localhost:8005/v1/chat/completions "HTTP/1.1 200 OK"

2026-08-18 04:32:58,467 - INFO - HTTP Request: POST http://localhost:8005/v1/chat/completions "HTTP/1.1 200 OK"

2026-08-18 04:33:03,907 - INFO - HTTP Request: POST http://localhost:8005/v1/chat/completions "HTTP/1.1 200 OK"
2026-08-18 04:33:06,184 - INFO - HTTP Request: POST http://localhost:8005/v1/chat/completions "HTTP/1.1 200 OK"

2026-08-18 04:33:16,619 - INFO - HTTP Request: POST http://localhost:8005/v1/chat/completions "HTTP/1.1 200 OK"

2026-08-18 04:33:18,793 - INFO - HTTP Request: POST http://localhost:8005/v1/chat/completions "HTTP/1.1 200 OK"
2026-08-18 04:33:18,793 - INFO - HTTP Request: POST http://localhost:8005/v1/chat/completions "HTTP/1.1 200 OK"
2026-08-18 04:33:29,918 - INFO - HTTP Request: POST http://localhost:8005/v1/chat/completions "HTTP/1.1 200 OK"

2026-08-18 04:33:32,750 - INFO - HTTP Request: POST http://localhost:8005/v1/chat/completions "HTTP/1.1 200 OK"

2026-08-18 04:33:36,012 - INFO - HTTP Request: POST http://localhost:8005/v1/chat/completions "HTTP/1.1 200 OK"
2026-08-18 04:33:46,832 - INFO - HTTP Request: POST http://localhost:8005/v1/chat/completions "HTTP/1.1 200 OK"
2026-08-18 04:33:48,239 - INFO - HTTP Request: POST http://localhost:8005/v1/chat/completions "HTTP/1.1 200 OK"

2026-08-18 04:33:59,773 - INFO - HTTP Request: POST http://localhost:8005/v1/chat/completions "HTTP/1.1 200 OK"
2026-08-18 04:34:00,749 - INFO - HTTP Request: POST http://localhost:8005/v1/chat/completions "HTTP/1.1 200 OK"

2026-08-18 04:34:02,936 - INFO - HTTP Request: POST http://localhost:8005/v1/chat/completions "HTTP/1.1 200 OK"
2026-08-18 04:34:15,665 - INFO - HTTP Request: POST http://localhost:8005/v1/chat/completions "HTTP/1.1 200 OK"

2026-08-18 04:34:18,935 - INFO - HTTP Request: POST http://localhost:8005/v1/chat/completions "HTTP/1.1 200 OK"

2026-08-18 04:34:21,984 - INFO - HTTP Request: POST http://localhost:8005/v1/chat/completions "HTTP/1.1 200 OK"
2026-08-18 04:34:34,101 - INFO - HTTP Request: POST http://localhost:8005/v1/chat/completions "HTTP/1.1 200 OK"
2026-08-18 04:34:36,378 - INFO - HTTP Request: POST http://localhost:8005/v1/chat/completions "HTTP/1.1 200 OK"

r5_cfg5:  18%|█▊        | 9/50 [17:20<1:33:58, 137.53s/it]2026-08-18 04:34:48,991 - INFO - HTTP Request: POST http://localhost:8005/v1/chat/completions "HTTP/1.1 200 OK"
2026-08-18 04:34:49,715 - INFO - HTTP Request: POST http://localhost:8005/v1/chat/completions "HTTP/1.1 200 OK"

r5_cfg5:  20%|██        | 10/50 [17:33<1:06:07, 99.19s/it]2026-08-18 04:34:52,585 - INFO - HTTP Request: POST http://localhost:8005/v1/chat/completions "HTTP/1.1 200 OK"
2026-08-18 04:34:58,996 - INFO - HTTP Request: POST http://localhost:8005/v1/chat/completions "HTTP/1.1 200 OK"
2026-08-18 04:35:04,153 - INFO - HTTP Request: POST http://localhost:8005/v1/chat/completions "HTTP/1.1 200 OK"

r5_cfg5:  22%|██▏       | 11/50 [17:47<47:36, 73.25s/it]  2026-08-18 04:35:09,812 - INFO - HTTP Request: POST http://localhost:8005/v1/chat/completions "HTTP/1.1 200 OK"

2026-08-18 04:35:10,030 - INFO - HTTP Request: POST http://localhost:8005/v1/chat/completions "HTTP/1.1 200 OK"

r5_cfg5:  24%|██▍       | 12/50 [17:53<33:24, 52.76s/it]2026-08-18 04:35:12,201 - INFO - HTTP Request: POST http://localhost:8005/v1/chat/completions "HTTP/1.1 200 OK"
2026-08-18 04:35:23,818 - INFO - HTTP Request: POST http://localhost:8005/v1/chat/completions "HTTP/1.1 200 OK"

2026-08-18 04:35:26,206 - INFO - HTTP Request: POST http://localhost:8005/v1/chat/completions "HTTP/1.1 200 OK"
2026-08-18 04:35:32,669 - INFO - HTTP Request: POST http://localhost:8005/v1/chat/completions "HTTP/1.1 200 OK"
2026-08-18 04:35:36,904 - INFO - HTTP Request: POST http://localhost:8005/v1/chat/completions "HTTP/1.1 200 OK"
2026-08-18 04:35:37,338 - INFO - HTTP Request: POST http://localhost:8005/v1/chat/completions "HTTP/1.1 200 OK"

2026-08-18 04:35:42,706 - INFO - HTTP Request: POST http://localhost:8005/v1/chat/completions "HTTP/1.1 200 OK"

2026-08-18 04:35:50,526 - INFO - HTTP Request: POST http://localhost:8005/v1/chat/completions "HTTP/1.1 200 OK"

2026-08-18 04:35:50,743 - INFO - HTTP Request: POST http://localhost:8005/v1/chat/completions "HTTP/1.1 200 OK"
2026-08-18 04:36:03,888 - INFO - HTTP Request: POST http://localhost:8005/v1/chat/completions "HTTP/1.1 200 OK"
2026-08-18 04:36:05,352 - INFO - HTTP Request: POST http://localhost:8005/v1/chat/completions "HTTP/1.1 200 OK"

2026-08-18 04:36:09,485 - INFO - HTTP Request: POST http://localhost:8005/v1/chat/completions "HTTP/1.1 200 OK"
2026-08-18 04:36:14,377 - INFO - HTTP Request: POST http://localhost:8005/v1/chat/completions "HTTP/1.1 200 OK"

2026-08-18 04:36:15,902 - INFO - HTTP Request: POST http://localhost:8005/v1/chat/completions "HTTP/1.1 200 OK"
2026-08-18 04:36:20,398 - INFO - HTTP Request: POST http://localhost:8005/v1/chat/completions "HTTP/1.1 200 OK"

2026-08-18 04:36:26,481 - INFO - HTTP Request: POST http://localhost:8005/v1/chat/completions "HTTP/1.1 200 OK"

2026-08-18 04:36:30,178 - INFO - HTTP Request: POST http://localhost:8005/v1/chat/completions "HTTP/1.1 200 OK"
2026-08-18 04:36:39,190 - INFO - HTTP Request: POST http://localhost:8005/v1/chat/completions "HTTP/1.1 200 OK"
2026-08-18 04:36:45,443 - INFO - HTTP Request: POST http://localhost:8005/v1/chat/completions "HTTP/1.1 200 OK"
2026-08-18 04:36:46,418 - INFO - HTTP Request: POST http://localhost:8005/v1/chat/completions "HTTP/1.1 200 OK"

2026-08-18 04:36:50,996 - INFO - HTTP Request: POST http://localhost:8005/v1/chat/completions "HTTP/1.1 200 OK"
2026-08-18 04:36:54,190 - INFO - HTTP Request: POST http://localhost:8005/v1/chat/completions "HTTP/1.1 200 OK"

2026-08-18 04:36:55,940 - INFO - HTTP Request: POST http://localhost:8005/v1/chat/completions "HTTP/1.1 200 OK"

2026-08-18 04:37:03,329 - INFO - HTTP Request: POST http://localhost:8005/v1/chat/completions "HTTP/1.1 200 OK"

2026-08-18 04:37:10,716 - INFO - HTTP Request: POST http://localhost:8005/v1/chat/completions "HTTP/1.1 200 OK"
2026-08-18 04:37:18,633 - INFO - HTTP Request: POST http://localhost:8005/v1/chat/completions "HTTP/1.1 200 OK"
2026-08-18 04:37:20,095 - INFO - HTTP Request: POST http://localhost:8005/v1/chat/completions "HTTP/1.1 200 OK"
2026-08-18 04:37:24,118 - INFO - HTTP Request: POST http://localhost:8005/v1/chat/completions "HTTP/1.1 200 OK"
2026-08-18 04:37:24,119 - INFO - HTTP Request: POST http://localhost:8005/v1/chat/completions "HTTP/1.1 200 OK"

2026-08-18 04:37:32,537 - INFO - HTTP Request: POST http://localhost:8005/v1/chat/completions "HTTP/1.1 200 OK"
2026-08-18 04:37:32,538 - INFO - HTTP Request: POST http://localhost:8005/v1/chat/completions "HTTP/1.1 200 OK"


2026-08-18 04:37:32,971 - INFO - HTTP Request: POST http://localhost:8005/v1/chat/completions "HTTP/1.1 200 OK"

2026-08-18 04:37:44,044 - INFO - HTTP Request: POST http://localhost:8005/v1/chat/completions "HTTP/1.1 200 OK"
2026-08-18 04:37:52,186 - INFO - HTTP Request: POST http://localhost:8005/v1/chat/completions "HTTP/1.1 200 OK"
2026-08-18 04:37:52,187 - INFO - HTTP Request: POST http://localhost:8005/v1/chat/completions "HTTP/1.1 200 OK"
2026-08-18 04:37:57,524 - INFO - HTTP Request: POST http://localhost:8005/v1/chat/completions "HTTP/1.1 200 OK"

2026-08-18 04:38:02,750 - INFO - HTTP Request: POST http://localhost:8005/v1/chat/completions "HTTP/1.1 200 OK"
2026-08-18 04:38:02,968 - INFO - HTTP Request: POST http://localhost:8005/v1/chat/completions "HTTP/1.1 200 OK"

2026-08-18 04:38:04,854 - INFO - HTTP Request: POST http://localhost:8005/v1/chat/completions "HTTP/1.1 200 OK"

2026-08-18 04:38:15,930 - INFO - HTTP Request: POST http://localhost:8005/v1/chat/completions "HTTP/1.1 200 OK"

2026-08-18 04:38:26,349 - INFO - HTTP Request: POST http://localhost:8005/v1/chat/completions "HTTP/1.1 200 OK"
2026-08-18 04:38:32,095 - INFO - HTTP Request: POST http://localhost:8005/v1/chat/completions "HTTP/1.1 200 OK"
2026-08-18 04:38:34,210 - INFO - HTTP Request: POST http://localhost:8005/v1/chat/completions "HTTP/1.1 200 OK"
2026-08-18 04:38:36,921 - INFO - HTTP Request: POST http://localhost:8005/v1/chat/completions "HTTP/1.1 200 OK"
2026-08-18 04:38:39,902 - INFO - HTTP Request: POST http://localhost:8005/v1/chat/completions "HTTP/1.1 200 OK"

2026-08-18 04:38:42,084 - INFO - HTTP Request: POST http://localhost:8005/v1/chat/completions "HTTP/1.1 200 OK"

2026-08-18 04:38:45,785 - INFO - HTTP Request: POST http://localhost:8005/v1/chat/completions "HTTP/1.1 200 OK"

2026-08-18 04:38:49,046 - INFO - HTTP Request: POST http://localhost:8005/v1/chat/completions "HTTP/1.1 200 OK"

2026-08-18 04:38:59,899 - INFO - HTTP Request: POST http://localhost:8005/v1/chat/completions "HTTP/1.1 200 OK"
2026-08-18 04:39:02,393 - INFO - HTTP Request: POST http://localhost:8005/v1/chat/completions "HTTP/1.1 200 OK"
2026-08-18 04:39:06,475 - INFO - HTTP Request: POST http://localhost:8005/v1/chat/completions "HTTP/1.1 200 OK"
2026-08-18 04:39:14,203 - INFO - HTTP Request: POST http://localhost:8005/v1/chat/completions "HTTP/1.1 200 OK"

2026-08-18 04:39:16,166 - INFO - HTTP Request: POST http://localhost:8005/v1/chat/completions "HTTP/1.1 200 OK"

2026-08-18 04:39:19,213 - INFO - HTTP Request: POST http://localhost:8005/v1/chat/completions "HTTP/1.1 200 OK"
2026-08-18 04:39:21,320 - INFO - HTTP Request: POST http://localhost:8005/v1/chat/completions "HTTP/1.1 200 OK"

2026-08-18 04:39:33,923 - INFO - HTTP Request: POST http://localhost:8005/v1/chat/completions "HTTP/1.1 200 OK"

2026-08-18 04:39:43,485 - INFO - HTTP Request: POST http://localhost:8005/v1/chat/completions "HTTP/1.1 200 OK"
2026-08-18 04:39:45,763 - INFO - HTTP Request: POST http://localhost:8005/v1/chat/completions "HTTP/1.1 200 OK"
2026-08-18 04:39:51,150 - INFO - HTTP Request: POST http://localhost:8005/v1/chat/completions "HTTP/1.1 200 OK"
2026-08-18 04:39:56,703 - INFO - HTTP Request: POST http://localhost:8005/v1/chat/completions "HTTP/1.1 200 OK"

2026-08-18 04:39:58,237 - INFO - HTTP Request: POST http://localhost:8005/v1/chat/completions "HTTP/1.1 200 OK"

2026-08-18 04:40:04,115 - INFO - HTTP Request: POST http://localhost:8005/v1/chat/completions "HTTP/1.1 200 OK"

2026-08-18 04:40:08,031 - INFO - HTTP Request: POST http://localhost:8005/v1/chat/completions "HTTP/1.1 200 OK"
2026-08-18 04:40:27,302 - INFO - HTTP Request: POST http://localhost:8005/v1/chat/completions "HTTP/1.1 200 OK"

r5_cfg5:  26%|██▌       | 13/50 [23:11<1:21:56, 132.89s/it]2026-08-18 04:40:29,476 - INFO - HTTP Request: POST http://localhost:8005/v1/chat/completions "HTTP/1.1 200 OK"
2026-08-18 04:40:31,314 - INFO - HTTP Request: POST http://localhost:8005/v1/chat/completions "HTTP/1.1 200 OK"
2026-08-18 04:40:37,567 - INFO - HTTP Request: POST http://localhost:8005/v1/chat/completions "HTTP/1.1 200 OK"
2026-08-18 04:40:43,989 - INFO - HTTP Request: POST http://localhost:8005/v1/chat/completions "HTTP/1.1 200 OK"

r5_cfg5:  28%|██▊       | 14/50 [23:27<58:40, 97.79s/it]   2026-08-18 04:40:45,516 - INFO - HTTP Request: POST http://localhost:8005/v1/chat/completions "HTTP/1.1 200 OK"

r5_cfg5:  30%|███       | 15/50 [23:29<40:07, 68.77s/it]2026-08-18 04:40:49,865 - INFO - HTTP Request: POST http://localhost:8005/v1/chat/completions "HTTP/1.1 200 OK"

r5_cfg5:  32%|███▏      | 16/50 [23:33<27:58, 49.38s/it]2026-08-18 04:40:50,299 - INFO - HTTP Request: POST http://localhost:8005/v1/chat/completions "HTTP/1.1 200 OK"
2026-08-18 04:41:02,018 - INFO - HTTP Request: POST http://localhost:8005/v1/chat/completions "HTTP/1.1 200 OK"

2026-08-18 04:41:06,142 - INFO - HTTP Request: POST http://localhost:8005/v1/chat/completions "HTTP/1.1 200 OK"
2026-08-18 04:41:07,807 - INFO - HTTP Request: POST http://localhost:8005/v1/chat/completions "HTTP/1.1 200 OK"
2026-08-18 04:41:12,477 - INFO - HTTP Request: POST http://localhost:8005/v1/chat/completions "HTTP/1.1 200 OK"
2026-08-18 04:41:16,279 - INFO - HTTP Request: POST http://localhost:8005/v1/chat/completions "HTTP/1.1 200 OK"

2026-08-18 04:41:19,113 - INFO - HTTP Request: POST http://localhost:8005/v1/chat/completions "HTTP/1.1 200 OK"

2026-08-18 04:41:25,413 - INFO - HTTP Request: POST http://localhost:8005/v1/chat/completions "HTTP/1.1 200 OK"

2026-08-18 04:41:28,886 - INFO - HTTP Request: POST http://localhost:8005/v1/chat/completions "HTTP/1.1 200 OK"
2026-08-18 04:41:41,419 - INFO - HTTP Request: POST http://localhost:8005/v1/chat/completions "HTTP/1.1 200 OK"

2026-08-18 04:41:42,505 - INFO - HTTP Request: POST http://localhost:8005/v1/chat/completions "HTTP/1.1 200 OK"
2026-08-18 04:41:45,476 - INFO - HTTP Request: POST http://localhost:8005/v1/chat/completions "HTTP/1.1 200 OK"
2026-08-18 04:41:52,159 - INFO - HTTP Request: POST http://localhost:8005/v1/chat/completions "HTTP/1.1 200 OK"
2026-08-18 04:41:56,836 - INFO - HTTP Request: POST http://localhost:8005/v1/chat/completions "HTTP/1.1 200 OK"

2026-08-18 04:41:58,579 - INFO - HTTP Request: POST http://localhost:8005/v1/chat/completions "HTTP/1.1 200 OK"

2026-08-18 04:42:06,620 - INFO - HTTP Request: POST http://localhost:8005/v1/chat/completions "HTTP/1.1 200 OK"
2026-08-18 04:42:07,704 - INFO - HTTP Request: POST http://localhost:8005/v1/chat/completions "HTTP/1.1 200 OK"

2026-08-18 04:42:16,827 - INFO - HTTP Request: POST http://localhost:8005/v1/chat/completions "HTTP/1.1 200 OK"

2026-08-18 04:42:21,392 - INFO - HTTP Request: POST http://localhost:8005/v1/chat/completions "HTTP/1.1 200 OK"
2026-08-18 04:42:23,450 - INFO - HTTP Request: POST http://localhost:8005/v1/chat/completions "HTTP/1.1 200 OK"
2026-08-18 04:42:32,511 - INFO - HTTP Request: POST http://localhost:8005/v1/chat/completions "HTTP/1.1 200 OK"
2026-08-18 04:42:34,138 - INFO - HTTP Request: POST http://localhost:8005/v1/chat/completions "HTTP/1.1 200 OK"

2026-08-18 04:42:37,192 - INFO - HTTP Request: POST http://localhost:8005/v1/chat/completions "HTTP/1.1 200 OK"

2026-08-18 04:42:41,548 - INFO - HTTP Request: POST http://localhost:8005/v1/chat/completions "HTTP/1.1 200 OK"
2026-08-18 04:42:46,480 - INFO - HTTP Request: POST http://localhost:8005/v1/chat/completions "HTTP/1.1 200 OK"

2026-08-18 04:42:53,871 - INFO - HTTP Request: POST http://localhost:8005/v1/chat/completions "HTTP/1.1 200 OK"

2026-08-18 04:42:57,785 - INFO - HTTP Request: POST http://localhost:8005/v1/chat/completions "HTTP/1.1 200 OK"
2026-08-18 04:43:01,798 - INFO - HTTP Request: POST http://localhost:8005/v1/chat/completions "HTTP/1.1 200 OK"
2026-08-18 04:43:10,507 - INFO - HTTP Request: POST http://localhost:8005/v1/chat/completions "HTTP/1.1 200 OK"

2026-08-18 04:43:10,510 - INFO - HTTP Request: POST http://localhost:8005/v1/chat/completions "HTTP/1.1 200 OK"
2026-08-18 04:43:14,520 - INFO - HTTP Request: POST http://localhost:8005/v1/chat/completions "HTTP/1.1 200 OK"

2026-08-18 04:43:14,523 - INFO - HTTP Request: POST http://localhost:8005/v1/chat/completions "HTTP/1.1 200 OK"
2026-08-18 04:43:22,781 - INFO - HTTP Request: POST http://localhost:8005/v1/chat/completions "HTTP/1.1 200 OK"

2026-08-18 04:43:29,955 - INFO - HTTP Request: POST http://localhost:8005/v1/chat/completions "HTTP/1.1 200 OK"

2026-08-18 04:43:30,823 - INFO - HTTP Request: POST http://localhost:8005/v1/chat/completions "HTTP/1.1 200 OK"
2026-08-18 04:43:34,841 - INFO - HTTP Request: POST http://localhost:8005/v1/chat/completions "HTTP/1.1 200 OK"
2026-08-18 04:43:41,073 - INFO - HTTP Request: POST http://localhost:8005/v1/chat/completions "HTTP/1.1 200 OK"

2026-08-18 04:43:42,596 - INFO - HTTP Request: POST http://localhost:8005/v1/chat/completions "HTTP/1.1 200 OK"
2026-08-18 04:43:47,264 - INFO - HTTP Request: POST http://localhost:8005/v1/chat/completions "HTTP/1.1 200 OK"

2026-08-18 04:43:57,699 - INFO - HTTP Request: POST http://localhost:8005/v1/chat/completions "HTTP/1.1 200 OK"

2026-08-18 04:43:59,434 - INFO - HTTP Request: POST http://localhost:8005/v1/chat/completions "HTTP/1.1 200 OK"
2026-08-18 04:44:09,356 - INFO - HTTP Request: POST http://localhost:8005/v1/chat/completions "HTTP/1.1 200 OK"

2026-08-18 04:44:10,226 - INFO - HTTP Request: POST http://localhost:8005/v1/chat/completions "HTTP/1.1 200 OK"
2026-08-18 04:44:16,415 - INFO - HTTP Request: POST http://localhost:8005/v1/chat/completions "HTTP/1.1 200 OK"
2026-08-18 04:44:27,009 - INFO - HTTP Request: POST http://localhost:8005/v1/chat/completions "HTTP/1.1 200 OK"

2026-08-18 04:44:27,012 - INFO - HTTP Request: POST http://localhost:8005/v1/chat/completions "HTTP/1.1 200 OK"
2026-08-18 04:44:29,934 - INFO - HTTP Request: POST http://localhost:8005/v1/chat/completions "HTTP/1.1 200 OK"

2026-08-18 04:44:30,150 - INFO - HTTP Request: POST http://localhost:8005/v1/chat/completions "HTTP/1.1 200 OK"
2026-08-18 04:44:40,811 - INFO - HTTP Request: POST http://localhost:8005/v1/chat/completions "HTTP/1.1 200 OK"

2026-08-18 04:44:42,552 - INFO - HTTP Request: POST http://localhost:8005/v1/chat/completions "HTTP/1.1 200 OK"

2026-08-18 04:44:47,545 - INFO - HTTP Request: POST http://localhost:8005/v1/chat/completions "HTTP/1.1 200 OK"
2026-08-18 04:44:50,524 - INFO - HTTP Request: POST http://localhost:8005/v1/chat/completions "HTTP/1.1 200 OK"
2026-08-18 04:44:57,196 - INFO - HTTP Request: POST http://localhost:8005/v1/chat/completions "HTTP/1.1 200 OK"

2026-08-18 04:45:01,328 - INFO - HTTP Request: POST http://localhost:8005/v1/chat/completions "HTTP/1.1 200 OK"
2026-08-18 04:45:02,951 - INFO - HTTP Request: POST http://localhost:8005/v1/chat/completions "HTTP/1.1 200 OK"

2026-08-18 04:45:12,520 - INFO - HTTP Request: POST http://localhost:8005/v1/chat/completions "HTTP/1.1 200 OK"
2026-08-18 04:45:17,090 - INFO - HTTP Request: POST http://localhost:8005/v1/chat/completions "HTTP/1.1 200 OK"

2026-08-18 04:45:21,873 - INFO - HTTP Request: POST http://localhost:8005/v1/chat/completions "HTTP/1.1 200 OK"

2026-08-18 04:45:26,875 - INFO - HTTP Request: POST http://localhost:8005/v1/chat/completions "HTTP/1.1 200 OK"
2026-08-18 04:45:32,636 - INFO - HTTP Request: POST http://localhost:8005/v1/chat/completions "HTTP/1.1 200 OK"
2026-08-18 04:45:38,876 - INFO - HTTP Request: POST http://localhost:8005/v1/chat/completions "HTTP/1.1 200 OK"

2026-08-18 04:45:44,102 - INFO - HTTP Request: POST http://localhost:8005/v1/chat/completions "HTTP/1.1 200 OK"

2026-08-18 04:45:46,717 - INFO - HTTP Request: POST http://localhost:8005/v1/chat/completions "HTTP/1.1 200 OK"
2026-08-18 04:45:55,731 - INFO - HTTP Request: POST http://localhost:8005/v1/chat/completions "HTTP/1.1 200 OK"
2026-08-18 04:46:01,169 - INFO - HTTP Request: POST http://localhost:8005/v1/chat/completions "HTTP/1.1 200 OK"

2026-08-18 04:46:06,611 - INFO - HTTP Request: POST http://localhost:8005/v1/chat/completions "HTTP/1.1 200 OK"

r5_cfg5:  34%|███▍      | 17/50 [28:50<1:11:22, 129.78s/it]2026-08-18 04:46:10,521 - INFO - HTTP Request: POST http://localhost:8005/v1/chat/completions "HTTP/1.1 200 OK"
2026-08-18 04:46:17,782 - INFO - HTTP Request: POST http://localhost:8005/v1/chat/completions "HTTP/1.1 200 OK"
2026-08-18 04:46:19,665 - INFO - HTTP Request: POST http://localhost:8005/v1/chat/completions "HTTP/1.1 200 OK"

r5_cfg5:  36%|███▌      | 18/50 [29:03<50:30, 94.70s/it]   2026-08-18 04:46:29,228 - INFO - HTTP Request: POST http://localhost:8005/v1/chat/completions "HTTP/1.1 200 OK"
2026-08-18 04:46:31,720 - INFO - HTTP Request: POST http://localhost:8005/v1/chat/completions "HTTP/1.1 200 OK"

r5_cfg5:  38%|███▊      | 19/50 [29:15<36:06, 69.88s/it]2026-08-18 04:46:35,201 - INFO - HTTP Request: POST http://localhost:8005/v1/chat/completions "HTTP/1.1 200 OK"
2026-08-18 04:46:39,871 - INFO - HTTP Request: POST http://localhost:8005/v1/chat/completions "HTTP/1.1 200 OK"

2026-08-18 04:46:41,831 - INFO - HTTP Request: POST http://localhost:8005/v1/chat/completions "HTTP/1.1 200 OK"
2026-08-18 04:46:50,678 - INFO - HTTP Request: POST http://localhost:8005/v1/chat/completions "HTTP/1.1 200 OK"

r5_cfg5:  40%|████      | 20/50 [29:34<27:17, 54.59s/it]2026-08-18 04:46:53,936 - INFO - HTTP Request: POST http://localhost:8005/v1/chat/completions "HTTP/1.1 200 OK"
2026-08-18 04:46:54,953 - INFO - HTTP Request: POST http://localhost:8005/v1/chat/completions "HTTP/1.1 200 OK"

2026-08-18 04:47:06,251 - INFO - HTTP Request: POST http://localhost:8005/v1/chat/completions "HTTP/1.1 200 OK"
2026-08-18 04:47:07,872 - INFO - HTTP Request: POST http://localhost:8005/v1/chat/completions "HTTP/1.1 200 OK"

2026-08-18 04:47:13,312 - INFO - HTTP Request: POST http://localhost:8005/v1/chat/completions "HTTP/1.1 200 OK"
2026-08-18 04:47:19,122 - INFO - HTTP Request: POST http://localhost:8005/v1/chat/completions "HTTP/1.1 200 OK"

2026-08-18 04:47:21,732 - INFO - HTTP Request: POST http://localhost:8005/v1/chat/completions "HTTP/1.1 200 OK"
2026-08-18 04:47:26,448 - INFO - HTTP Request: POST http://localhost:8005/v1/chat/completions "HTTP/1.1 200 OK"

2026-08-18 04:47:34,486 - INFO - HTTP Request: POST http://localhost:8005/v1/chat/completions "HTTP/1.1 200 OK"
2026-08-18 04:47:37,461 - INFO - HTTP Request: POST http://localhost:8005/v1/chat/completions "HTTP/1.1 200 OK"

2026-08-18 04:47:43,763 - INFO - HTTP Request: POST http://localhost:8005/v1/chat/completions "HTTP/1.1 200 OK"
2026-08-18 04:47:45,823 - INFO - HTTP Request: POST http://localhost:8005/v1/chat/completions "HTTP/1.1 200 OK"

2026-08-18 04:47:52,997 - INFO - HTTP Request: POST http://localhost:8005/v1/chat/completions "HTTP/1.1 200 OK"
2026-08-18 04:47:57,508 - INFO - HTTP Request: POST http://localhost:8005/v1/chat/completions "HTTP/1.1 200 OK"

2026-08-18 04:48:02,514 - INFO - HTTP Request: POST http://localhost:8005/v1/chat/completions "HTTP/1.1 200 OK"
2026-08-18 04:48:07,010 - INFO - HTTP Request: POST http://localhost:8005/v1/chat/completions "HTTP/1.1 200 OK"

2026-08-18 04:48:10,705 - INFO - HTTP Request: POST http://localhost:8005/v1/chat/completions "HTTP/1.1 200 OK"
2026-08-18 04:48:13,895 - INFO - HTTP Request: POST http://localhost:8005/v1/chat/completions "HTTP/1.1 200 OK"

2026-08-18 04:48:21,725 - INFO - HTTP Request: POST http://localhost:8005/v1/chat/completions "HTTP/1.1 200 OK"

2026-08-18 04:48:21,944 - INFO - HTTP Request: POST http://localhost:8005/v1/chat/completions "HTTP/1.1 200 OK"
2026-08-18 04:48:31,825 - INFO - HTTP Request: POST http://localhost:8005/v1/chat/completions "HTTP/1.1 200 OK"
2026-08-18 04:48:35,026 - INFO - HTTP Request: POST http://localhost:8005/v1/chat/completions "HTTP/1.1 200 OK"

2026-08-18 04:48:38,514 - INFO - HTTP Request: POST http://localhost:8005/v1/chat/completions "HTTP/1.1 200 OK"
2026-08-18 04:48:46,716 - INFO - HTTP Request: POST http://localhost:8005/v1/chat/completions "HTTP/1.1 200 OK"
2026-08-18 04:48:46,933 - INFO - HTTP Request: POST http://localhost:8005/v1/chat/completions "HTTP/1.1 200 OK"

2026-08-18 04:48:51,301 - INFO - HTTP Request: POST http://localhost:8005/v1/chat/completions "HTTP/1.1 200 OK"

2026-08-18 04:48:55,218 - INFO - HTTP Request: POST http://localhost:8005/v1/chat/completions "HTTP/1.1 200 OK"
2026-08-18 04:48:59,018 - INFO - HTTP Request: POST http://localhost:8005/v1/chat/completions "HTTP/1.1 200 OK"

2026-08-18 04:49:11,419 - INFO - HTTP Request: POST http://localhost:8005/v1/chat/completions "HTTP/1.1 200 OK"
2026-08-18 04:49:11,419 - INFO - HTTP Request: POST http://localhost:8005/v1/chat/completions "HTTP/1.1 200 OK"
2026-08-18 04:49:12,595 - INFO - HTTP Request: POST http://localhost:8005/v1/chat/completions "HTTP/1.1 200 OK"

2026-08-18 04:49:19,340 - INFO - HTTP Request: POST http://localhost:8005/v1/chat/completions "HTTP/1.1 200 OK"
2026-08-18 04:49:24,277 - INFO - HTTP Request: POST http://localhost:8005/v1/chat/completions "HTTP/1.1 200 OK"

2026-08-18 04:49:27,112 - INFO - HTTP Request: POST http://localhost:8005/v1/chat/completions "HTTP/1.1 200 OK"

2026-08-18 04:49:29,720 - INFO - HTTP Request: POST http://localhost:8005/v1/chat/completions "HTTP/1.1 200 OK"

2026-08-18 04:49:41,442 - INFO - HTTP Request: POST http://localhost:8005/v1/chat/completions "HTTP/1.1 200 OK"
2026-08-18 04:49:43,931 - INFO - HTTP Request: POST http://localhost:8005/v1/chat/completions "HTTP/1.1 200 OK"
2026-08-18 04:49:55,406 - INFO - HTTP Request: POST http://localhost:8005/v1/chat/completions "HTTP/1.1 200 OK"

2026-08-18 04:49:55,841 - INFO - HTTP Request: POST http://localhost:8005/v1/chat/completions "HTTP/1.1 200 OK"

2026-08-18 04:49:56,498 - INFO - HTTP Request: POST http://localhost:8005/v1/chat/completions "HTTP/1.1 200 OK"
2026-08-18 04:49:59,253 - INFO - HTTP Request: POST http://localhost:8005/v1/chat/completions "HTTP/1.1 200 OK"
2026-08-18 04:50:09,833 - INFO - HTTP Request: POST http://localhost:8005/v1/chat/completions "HTTP/1.1 200 OK"

2026-08-18 04:50:10,491 - INFO - HTTP Request: POST http://localhost:8005/v1/chat/completions "HTTP/1.1 200 OK"

2026-08-18 04:50:16,135 - INFO - HTTP Request: POST http://localhost:8005/v1/chat/completions "HTTP/1.1 200 OK"
2026-08-18 04:50:24,720 - INFO - HTTP Request: POST http://localhost:8005/v1/chat/completions "HTTP/1.1 200 OK"
2026-08-18 04:50:30,263 - INFO - HTTP Request: POST http://localhost:8005/v1/chat/completions "HTTP/1.1 200 OK"

2026-08-18 04:50:30,480 - INFO - HTTP Request: POST http://localhost:8005/v1/chat/completions "HTTP/1.1 200 OK"
2026-08-18 04:50:31,283 - INFO - HTTP Request: POST http://localhost:8005/v1/chat/completions "HTTP/1.1 200 OK"
2026-08-18 04:50:38,613 - INFO - HTTP Request: POST http://localhost:8005/v1/chat/completions "HTTP/1.1 200 OK"

2026-08-18 04:50:42,965 - INFO - HTTP Request: POST http://localhost:8005/v1/chat/completions "HTTP/1.1 200 OK"

2026-08-18 04:50:47,532 - INFO - HTTP Request: POST http://localhost:8005/v1/chat/completions "HTTP/1.1 200 OK"

2026-08-18 04:50:58,605 - INFO - HTTP Request: POST http://localhost:8005/v1/chat/completions "HTTP/1.1 200 OK"
2026-08-18 04:51:00,066 - INFO - HTTP Request: POST http://localhost:8005/v1/chat/completions "HTTP/1.1 200 OK"
2026-08-18 04:51:10,846 - INFO - HTTP Request: POST http://localhost:8005/v1/chat/completions "HTTP/1.1 200 OK"

2026-08-18 04:51:12,813 - INFO - HTTP Request: POST http://localhost:8005/v1/chat/completions "HTTP/1.1 200 OK"
2026-08-18 04:51:14,698 - INFO - HTTP Request: POST http://localhost:8005/v1/chat/completions "HTTP/1.1 200 OK"

2026-08-18 04:51:17,527 - INFO - HTTP Request: POST http://localhost:8005/v1/chat/completions "HTTP/1.1 200 OK"
2026-08-18 04:51:24,635 - INFO - HTTP Request: POST http://localhost:8005/v1/chat/completions "HTTP/1.1 200 OK"

2026-08-18 04:51:30,514 - INFO - HTTP Request: POST http://localhost:8005/v1/chat/completions "HTTP/1.1 200 OK"

2026-08-18 04:51:43,768 - INFO - HTTP Request: POST http://localhost:8005/v1/chat/completions "HTTP/1.1 200 OK"
2026-08-18 04:51:43,984 - INFO - HTTP Request: POST http://localhost:8005/v1/chat/completions "HTTP/1.1 200 OK"
2026-08-18 04:51:55,998 - INFO - HTTP Request: POST http://localhost:8005/v1/chat/completions "HTTP/1.1 200 OK"

r5_cfg5:  42%|████▏     | 21/50 [34:39<1:02:45, 129.85s/it]2026-08-18 04:51:57,741 - INFO - HTTP Request: POST http://localhost:8005/v1/chat/completions "HTTP/1.1 200 OK"
2026-08-18 04:51:58,914 - INFO - HTTP Request: POST http://localhost:8005/v1/chat/completions "HTTP/1.1 200 OK"

2026-08-18 04:52:04,574 - INFO - HTTP Request: POST http://localhost:8005/v1/chat/completions "HTTP/1.1 200 OK"
2026-08-18 04:52:07,982 - INFO - HTTP Request: POST http://localhost:8005/v1/chat/completions "HTTP/1.1 200 OK"

r5_cfg5:  44%|████▍     | 22/50 [34:51<44:05, 94.48s/it]   2026-08-18 04:52:16,460 - INFO - HTTP Request: POST http://localhost:8005/v1/chat/completions "HTTP/1.1 200 OK"

r5_cfg5:  46%|████▌     | 23/50 [35:00<30:54, 68.67s/it]2026-08-18 04:52:18,415 - INFO - HTTP Request: POST http://localhost:8005/v1/chat/completions "HTTP/1.1 200 OK"
2026-08-18 04:52:29,557 - INFO - HTTP Request: POST http://localhost:8005/v1/chat/completions "HTTP/1.1 200 OK"

2026-08-18 04:52:29,991 - INFO - HTTP Request: POST http://localhost:8005/v1/chat/completions "HTTP/1.1 200 OK"
2026-08-18 04:52:32,486 - INFO - HTTP Request: POST http://localhost:8005/v1/chat/completions "HTTP/1.1 200 OK"
2026-08-18 04:52:39,177 - INFO - HTTP Request: POST http://localhost:8005/v1/chat/completions "HTTP/1.1 200 OK"
2026-08-18 04:52:41,245 - INFO - HTTP Request: POST http://localhost:8005/v1/chat/completions "HTTP/1.1 200 OK"

2026-08-18 04:52:47,562 - INFO - HTTP Request: POST http://localhost:8005/v1/chat/completions "HTTP/1.1 200 OK"

r5_cfg5:  48%|████▊     | 24/50 [35:31<24:52, 57.40s/it]2026-08-18 04:52:49,954 - INFO - HTTP Request: POST http://localhost:8005/v1/chat/completions "HTTP/1.1 200 OK"

2026-08-18 04:52:56,679 - INFO - HTTP Request: POST http://localhost:8005/v1/chat/completions "HTTP/1.1 200 OK"
2026-08-18 04:53:06,094 - INFO - HTTP Request: POST http://localhost:8005/v1/chat/completions "HTTP/1.1 200 OK"

2026-08-18 04:53:07,396 - INFO - HTTP Request: POST http://localhost:8005/v1/chat/completions "HTTP/1.1 200 OK"
2026-08-18 04:53:09,942 - INFO - HTTP Request: POST http://localhost:8005/v1/chat/completions "HTTP/1.1 200 OK"
2026-08-18 04:53:16,846 - INFO - HTTP Request: POST http://localhost:8005/v1/chat/completions "HTTP/1.1 200 OK"
2026-08-18 04:53:18,310 - INFO - HTTP Request: POST http://localhost:8005/v1/chat/completions "HTTP/1.1 200 OK"

2026-08-18 04:53:23,755 - INFO - HTTP Request: POST http://localhost:8005/v1/chat/completions "HTTP/1.1 200 OK"

2026-08-18 04:53:31,581 - INFO - HTTP Request: POST http://localhost:8005/v1/chat/completions "HTTP/1.1 200 OK"
2026-08-18 04:53:33,612 - INFO - HTTP Request: POST http://localhost:8005/v1/chat/completions "HTTP/1.1 200 OK"

2026-08-18 04:53:41,431 - INFO - HTTP Request: POST http://localhost:8005/v1/chat/completions "HTTP/1.1 200 OK"

2026-08-18 04:53:42,741 - INFO - HTTP Request: POST http://localhost:8005/v1/chat/completions "HTTP/1.1 200 OK"
2026-08-18 04:53:50,071 - INFO - HTTP Request: POST http://localhost:8005/v1/chat/completions "HTTP/1.1 200 OK"
2026-08-18 04:53:53,128 - INFO - HTTP Request: POST http://localhost:8005/v1/chat/completions "HTTP/1.1 200 OK"

2026-08-18 04:53:58,790 - INFO - HTTP Request: POST http://localhost:8005/v1/chat/completions "HTTP/1.1 200 OK"
2026-08-18 04:54:05,037 - INFO - HTTP Request: POST http://localhost:8005/v1/chat/completions "HTTP/1.1 200 OK"

2026-08-18 04:54:06,779 - INFO - HTTP Request: POST http://localhost:8005/v1/chat/completions "HTTP/1.1 200 OK"
2026-08-18 04:54:10,312 - INFO - HTTP Request: POST http://localhost:8005/v1/chat/completions "HTTP/1.1 200 OK"

2026-08-18 04:54:17,707 - INFO - HTTP Request: POST http://localhost:8005/v1/chat/completions "HTTP/1.1 200 OK"
2026-08-18 04:54:18,442 - INFO - HTTP Request: POST http://localhost:8005/v1/chat/completions "HTTP/1.1 200 OK"

2026-08-18 04:54:29,773 - INFO - HTTP Request: POST http://localhost:8005/v1/chat/completions "HTTP/1.1 200 OK"
2026-08-18 04:54:30,522 - INFO - HTTP Request: POST http://localhost:8005/v1/chat/completions "HTTP/1.1 200 OK"

2026-08-18 04:54:34,941 - INFO - HTTP Request: POST http://localhost:8005/v1/chat/completions "HTTP/1.1 200 OK"
2026-08-18 04:54:38,960 - INFO - HTTP Request: POST http://localhost:8005/v1/chat/completions "HTTP/1.1 200 OK"
2026-08-18 04:54:42,731 - INFO - HTTP Request: POST http://localhost:8005/v1/chat/completions "HTTP/1.1 200 OK"

2026-08-18 04:54:49,048 - INFO - HTTP Request: POST http://localhost:8005/v1/chat/completions "HTTP/1.1 200 OK"

2026-08-18 04:54:50,795 - INFO - HTTP Request: POST http://localhost:8005/v1/chat/completions "HTTP/1.1 200 OK"

2026-08-18 04:54:50,796 - INFO - HTTP Request: POST http://localhost:8005/v1/chat/completions "HTTP/1.1 200 OK"
2026-08-18 04:55:01,382 - INFO - HTTP Request: POST http://localhost:8005/v1/chat/completions "HTTP/1.1 200 OK"

2026-08-18 04:55:07,245 - INFO - HTTP Request: POST http://localhost:8005/v1/chat/completions "HTTP/1.1 200 OK"
2026-08-18 04:55:09,138 - INFO - HTTP Request: POST http://localhost:8005/v1/chat/completions "HTTP/1.1 200 OK"
2026-08-18 04:55:19,956 - INFO - HTTP Request: POST http://localhost:8005/v1/chat/completions "HTTP/1.1 200 OK"

2026-08-18 04:55:20,620 - INFO - HTTP Request: POST http://localhost:8005/v1/chat/completions "HTTP/1.1 200 OK"
2026-08-18 04:55:28,286 - INFO - HTTP Request: POST http://localhost:8005/v1/chat/completions "HTTP/1.1 200 OK"

2026-08-18 04:55:28,720 - INFO - HTTP Request: POST http://localhost:8005/v1/chat/completions "HTTP/1.1 200 OK"

2026-08-18 04:55:30,895 - INFO - HTTP Request: POST http://localhost:8005/v1/chat/completions "HTTP/1.1 200 OK"
2026-08-18 04:55:39,694 - INFO - HTTP Request: POST http://localhost:8005/v1/chat/completions "HTTP/1.1 200 OK"
2026-08-18 04:55:41,810 - INFO - HTTP Request: POST http://localhost:8005/v1/chat/completions "HTTP/1.1 200 OK"

2026-08-18 04:55:49,423 - INFO - HTTP Request: POST http://localhost:8005/v1/chat/completions "HTTP/1.1 200 OK"
2026-08-18 04:55:49,641 - INFO - HTTP Request: POST http://localhost:8005/v1/chat/completions "HTTP/1.1 200 OK"

2026-08-18 04:55:57,751 - INFO - HTTP Request: POST http://localhost:8005/v1/chat/completions "HTTP/1.1 200 OK"
2026-08-18 04:56:02,205 - INFO - HTTP Request: POST http://localhost:8005/v1/chat/completions "HTTP/1.1 200 OK"
2026-08-18 04:56:02,955 - INFO - HTTP Request: POST http://localhost:8005/v1/chat/completions "HTTP/1.1 200 OK"

2026-08-18 04:56:11,945 - INFO - HTTP Request: POST http://localhost:8005/v1/chat/completions "HTTP/1.1 200 OK"

2026-08-18 04:56:14,343 - INFO - HTTP Request: POST http://localhost:8005/v1/chat/completions "HTTP/1.1 200 OK"

2026-08-18 04:56:19,122 - INFO - HTTP Request: POST http://localhost:8005/v1/chat/completions "HTTP/1.1 200 OK"
2026-08-18 04:56:32,274 - INFO - HTTP Request: POST http://localhost:8005/v1/chat/completions "HTTP/1.1 200 OK"
2026-08-18 04:56:32,491 - INFO - HTTP Request: POST http://localhost:8005/v1/chat/completions "HTTP/1.1 200 OK"
2026-08-18 04:56:35,988 - INFO - HTTP Request: POST http://localhost:8005/v1/chat/completions "HTTP/1.1 200 OK"

2026-08-18 04:56:44,263 - INFO - HTTP Request: POST http://localhost:8005/v1/chat/completions "HTTP/1.1 200 OK"

2026-08-18 04:56:44,264 - INFO - HTTP Request: POST http://localhost:8005/v1/chat/completions "HTTP/1.1 200 OK"
2026-08-18 04:56:51,389 - INFO - HTTP Request: POST http://localhost:8005/v1/chat/completions "HTTP/1.1 200 OK"

2026-08-18 04:56:56,394 - INFO - HTTP Request: POST http://localhost:8005/v1/chat/completions "HTTP/1.1 200 OK"
2026-08-18 04:57:03,086 - INFO - HTTP Request: POST http://localhost:8005/v1/chat/completions "HTTP/1.1 200 OK"

2026-08-18 04:57:10,058 - INFO - HTTP Request: POST http://localhost:8005/v1/chat/completions "HTTP/1.1 200 OK"

2026-08-18 04:57:17,661 - INFO - HTTP Request: POST http://localhost:8005/v1/chat/completions "HTTP/1.1 200 OK"
2026-08-18 04:57:20,994 - INFO - HTTP Request: POST http://localhost:8005/v1/chat/completions "HTTP/1.1 200 OK"
2026-08-18 04:57:32,251 - INFO - HTTP Request: POST http://localhost:8005/v1/chat/completions "HTTP/1.1 200 OK"

r5_cfg5:  50%|█████     | 25/50 [40:16<52:19, 125.60s/it]2026-08-18 04:57:36,603 - INFO - HTTP Request: POST http://localhost:8005/v1/chat/completions "HTTP/1.1 200 OK"
2026-08-18 04:57:38,940 - INFO - HTTP Request: POST http://localhost:8005/v1/chat/completions "HTTP/1.1 200 OK"

2026-08-18 04:57:40,038 - INFO - HTTP Request: POST http://localhost:8005/v1/chat/completions "HTTP/1.1 200 OK"
2026-08-18 04:57:49,562 - INFO - HTTP Request: POST http://localhost:8005/v1/chat/completions "HTTP/1.1 200 OK"

r5_cfg5:  52%|█████▏    | 26/50 [40:33<37:14, 93.11s/it] 2026-08-18 04:57:51,739 - INFO - HTTP Request: POST http://localhost:8005/v1/chat/completions "HTTP/1.1 200 OK"

2026-08-18 04:57:55,003 - INFO - HTTP Request: POST http://localhost:8005/v1/chat/completions "HTTP/1.1 200 OK"
2026-08-18 04:58:08,150 - INFO - HTTP Request: POST http://localhost:8005/v1/chat/completions "HTTP/1.1 200 OK"

2026-08-18 04:58:11,844 - INFO - HTTP Request: POST http://localhost:8005/v1/chat/completions "HTTP/1.1 200 OK"
2026-08-18 04:58:12,061 - INFO - HTTP Request: POST http://localhost:8005/v1/chat/completions "HTTP/1.1 200 OK"
2026-08-18 04:58:25,377 - INFO - HTTP Request: POST http://localhost:8005/v1/chat/completions "HTTP/1.1 200 OK"
2026-08-18 04:58:26,842 - INFO - HTTP Request: POST http://localhost:8005/v1/chat/completions "HTTP/1.1 200 OK"

r5_cfg5:  54%|█████▍    | 27/50 [41:10<29:16, 76.36s/it]2026-08-18 04:58:27,936 - INFO - HTTP Request: POST http://localhost:8005/v1/chat/completions "HTTP/1.1 200 OK"

2026-08-18 04:58:35,328 - INFO - HTTP Request: POST http://localhost:8005/v1/chat/completions "HTTP/1.1 200 OK"
2026-08-18 04:58:39,785 - INFO - HTTP Request: POST http://localhost:8005/v1/chat/completions "HTTP/1.1 200 OK"

r5_cfg5:  56%|█████▌    | 28/50 [41:23<21:01, 57.33s/it]2026-08-18 04:58:49,137 - INFO - HTTP Request: POST http://localhost:8005/v1/chat/completions "HTTP/1.1 200 OK"
2026-08-18 04:58:50,108 - INFO - HTTP Request: POST http://localhost:8005/v1/chat/completions "HTTP/1.1 200 OK"

2026-08-18 04:58:54,672 - INFO - HTTP Request: POST http://localhost:8005/v1/chat/completions "HTTP/1.1 200 OK"
2026-08-18 04:59:02,228 - INFO - HTTP Request: POST http://localhost:8005/v1/chat/completions "HTTP/1.1 200 OK"

2026-08-18 04:59:02,446 - INFO - HTTP Request: POST http://localhost:8005/v1/chat/completions "HTTP/1.1 200 OK"
2026-08-18 04:59:06,741 - INFO - HTTP Request: POST http://localhost:8005/v1/chat/completions "HTTP/1.1 200 OK"

2026-08-18 04:59:15,221 - INFO - HTTP Request: POST http://localhost:8005/v1/chat/completions "HTTP/1.1 200 OK"
2026-08-18 04:59:17,718 - INFO - HTTP Request: POST http://localhost:8005/v1/chat/completions "HTTP/1.1 200 OK"

2026-08-18 04:59:29,026 - INFO - HTTP Request: POST http://localhost:8005/v1/chat/completions "HTTP/1.1 200 OK"
2026-08-18 04:59:31,308 - INFO - HTTP Request: POST http://localhost:8005/v1/chat/completions "HTTP/1.1 200 OK"

2026-08-18 04:59:31,742 - INFO - HTTP Request: POST http://localhost:8005/v1/chat/completions "HTTP/1.1 200 OK"
2026-08-18 04:59:42,305 - INFO - HTTP Request: POST http://localhost:8005/v1/chat/completions "HTTP/1.1 200 OK"

2026-08-18 04:59:42,306 - INFO - HTTP Request: POST http://localhost:8005/v1/chat/completions "HTTP/1.1 200 OK"

2026-08-18 04:59:44,479 - INFO - HTTP Request: POST http://localhost:8005/v1/chat/completions "HTTP/1.1 200 OK"
2026-08-18 04:59:56,161 - INFO - HTTP Request: POST http://localhost:8005/v1/chat/completions "HTTP/1.1 200 OK"
2026-08-18 04:59:57,133 - INFO - HTTP Request: POST http://localhost:8005/v1/chat/completions "HTTP/1.1 200 OK"

2026-08-18 05:00:06,914 - INFO - HTTP Request: POST http://localhost:8005/v1/chat/completions "HTTP/1.1 200 OK"
2026-08-18 05:00:07,648 - INFO - HTTP Request: POST http://localhost:8005/v1/chat/completions "HTTP/1.1 200 OK"
2026-08-18 05:00:10,594 - INFO - HTTP Request: POST http://localhost:8005/v1/chat/completions "HTTP/1.1 200 OK"

2026-08-18 05:00:19,747 - INFO - HTTP Request: POST http://localhost:8005/v1/chat/completions "HTTP/1.1 200 OK"

2026-08-18 05:00:21,278 - INFO - HTTP Request: POST http://localhost:8005/v1/chat/completions "HTTP/1.1 200 OK"

2026-08-18 05:00:22,154 - INFO - HTTP Request: POST http://localhost:8005/v1/chat/completions "HTTP/1.1 200 OK"
2026-08-18 05:00:30,787 - INFO - HTTP Request: POST http://localhost:8005/v1/chat/completions "HTTP/1.1 200 OK"
2026-08-18 05:00:35,676 - INFO - HTTP Request: POST http://localhost:8005/v1/chat/completions "HTTP/1.1 200 OK"

2026-08-18 05:00:40,251 - INFO - HTTP Request: POST http://localhost:8005/v1/chat/completions "HTTP/1.1 200 OK"
2026-08-18 05:00:44,053 - INFO - HTTP Request: POST http://localhost:8005/v1/chat/completions "HTTP/1.1 200 OK"

2026-08-18 05:00:46,230 - INFO - HTTP Request: POST http://localhost:8005/v1/chat/completions "HTTP/1.1 200 OK"
2026-08-18 05:00:54,162 - INFO - HTTP Request: POST http://localhost:8005/v1/chat/completions "HTTP/1.1 200 OK"

2026-08-18 05:00:58,730 - INFO - HTTP Request: POST http://localhost:8005/v1/chat/completions "HTTP/1.1 200 OK"

2026-08-18 05:01:00,475 - INFO - HTTP Request: POST http://localhost:8005/v1/chat/completions "HTTP/1.1 200 OK"
2026-08-18 05:01:12,971 - INFO - HTTP Request: POST http://localhost:8005/v1/chat/completions "HTTP/1.1 200 OK"

2026-08-18 05:01:13,405 - INFO - HTTP Request: POST http://localhost:8005/v1/chat/completions "HTTP/1.1 200 OK"
2026-08-18 05:01:18,728 - INFO - HTTP Request: POST http://localhost:8005/v1/chat/completions "HTTP/1.1 200 OK"
2026-08-18 05:01:23,838 - INFO - HTTP Request: POST http://localhost:8005/v1/chat/completions "HTTP/1.1 200 OK"
2026-08-18 05:01:25,462 - INFO - HTTP Request: POST http://localhost:8005/v1/chat/completions "HTTP/1.1 200 OK"

2026-08-18 05:01:33,083 - INFO - HTTP Request: POST http://localhost:8005/v1/chat/completions "HTTP/1.1 200 OK"

2026-08-18 05:01:33,738 - INFO - HTTP Request: POST http://localhost:8005/v1/chat/completions "HTTP/1.1 200 OK"
2026-08-18 05:01:35,200 - INFO - HTTP Request: POST http://localhost:8005/v1/chat/completions "HTTP/1.1 200 OK"

2026-08-18 05:01:43,028 - INFO - HTTP Request: POST http://localhost:8005/v1/chat/completions "HTTP/1.1 200 OK"

2026-08-18 05:01:45,850 - INFO - HTTP Request: POST http://localhost:8005/v1/chat/completions "HTTP/1.1 200 OK"
2026-08-18 05:01:55,520 - INFO - HTTP Request: POST http://localhost:8005/v1/chat/completions "HTTP/1.1 200 OK"
2026-08-18 05:02:01,065 - INFO - HTTP Request: POST http://localhost:8005/v1/chat/completions "HTTP/1.1 200 OK"

2026-08-18 05:02:02,807 - INFO - HTTP Request: POST http://localhost:8005/v1/chat/completions "HTTP/1.1 200 OK"
2026-08-18 05:02:12,268 - INFO - HTTP Request: POST http://localhost:8005/v1/chat/completions "HTTP/1.1 200 OK"

2026-08-18 05:02:12,704 - INFO - HTTP Request: POST http://localhost:8005/v1/chat/completions "HTTP/1.1 200 OK"
2026-08-18 05:02:18,906 - INFO - HTTP Request: POST http://localhost:8005/v1/chat/completions "HTTP/1.1 200 OK"

2026-08-18 05:02:27,171 - INFO - HTTP Request: POST http://localhost:8005/v1/chat/completions "HTTP/1.1 200 OK"

2026-08-18 05:02:30,863 - INFO - HTTP Request: POST http://localhost:8005/v1/chat/completions "HTTP/1.1 200 OK"
2026-08-18 05:02:39,225 - INFO - HTTP Request: POST http://localhost:8005/v1/chat/completions "HTTP/1.1 200 OK"
2026-08-18 05:02:41,290 - INFO - HTTP Request: POST http://localhost:8005/v1/chat/completions "HTTP/1.1 200 OK"

2026-08-18 05:02:42,387 - INFO - HTTP Request: POST http://localhost:8005/v1/chat/completions "HTTP/1.1 200 OK"
2026-08-18 05:02:48,150 - INFO - HTTP Request: POST http://localhost:8005/v1/chat/completions "HTTP/1.1 200 OK"
2026-08-18 05:02:54,196 - INFO - HTTP Request: POST http://localhost:8005/v1/chat/completions "HTTP/1.1 200 OK"

2026-08-18 05:02:58,773 - INFO - HTTP Request: POST http://localhost:8005/v1/chat/completions "HTTP/1.1 200 OK"

2026-08-18 05:03:04,437 - INFO - HTTP Request: POST http://localhost:8005/v1/chat/completions "HTTP/1.1 200 OK"

2026-08-18 05:03:14,646 - INFO - HTTP Request: POST http://localhost:8005/v1/chat/completions "HTTP/1.1 200 OK"
2026-08-18 05:03:23,667 - INFO - HTTP Request: POST http://localhost:8005/v1/chat/completions "HTTP/1.1 200 OK"
2026-08-18 05:03:28,560 - INFO - HTTP Request: POST http://localhost:8005/v1/chat/completions "HTTP/1.1 200 OK"

r5_cfg5:  58%|█████▊    | 29/50 [46:12<44:22, 126.77s/it]2026-08-18 05:03:32,480 - INFO - HTTP Request: POST http://localhost:8005/v1/chat/completions "HTTP/1.1 200 OK"
2026-08-18 05:03:34,546 - INFO - HTTP Request: POST http://localhost:8005/v1/chat/completions "HTTP/1.1 200 OK"
2026-08-18 05:03:38,191 - INFO - HTTP Request: POST http://localhost:8005/v1/chat/completions "HTTP/1.1 200 OK"

2026-08-18 05:03:45,170 - INFO - HTTP Request: POST http://localhost:8005/v1/chat/completions "HTTP/1.1 200 OK"

r5_cfg5:  60%|██████    | 30/50 [46:28<31:14, 93.72s/it] 2026-08-18 05:03:49,957 - INFO - HTTP Request: POST http://localhost:8005/v1/chat/completions "HTTP/1.1 200 OK"

2026-08-18 05:03:51,268 - INFO - HTTP Request: POST http://localhost:8005/v1/chat/completions "HTTP/1.1 200 OK"
2026-08-18 05:04:03,165 - INFO - HTTP Request: POST http://localhost:8005/v1/chat/completions "HTTP/1.1 200 OK"

2026-08-18 05:04:07,294 - INFO - HTTP Request: POST http://localhost:8005/v1/chat/completions "HTTP/1.1 200 OK"
2026-08-18 05:04:11,690 - INFO - HTTP Request: POST http://localhost:8005/v1/chat/completions "HTTP/1.1 200 OK"
2026-08-18 05:04:17,233 - INFO - HTTP Request: POST http://localhost:8005/v1/chat/completions "HTTP/1.1 200 OK"

2026-08-18 05:04:23,761 - INFO - HTTP Request: POST http://localhost:8005/v1/chat/completions "HTTP/1.1 200 OK"
2026-08-18 05:04:29,579 - INFO - HTTP Request: POST http://localhost:8005/v1/chat/completions "HTTP/1.1 200 OK"

r5_cfg5:  62%|██████▏   | 31/50 [47:13<24:59, 78.92s/it]2026-08-18 05:04:29,890 - INFO - HTTP Request: POST http://localhost:8005/v1/chat/completions "HTTP/1.1 200 OK"
2026-08-18 05:04:38,449 - INFO - HTTP Request: POST http://localhost:8005/v1/chat/completions "HTTP/1.1 200 OK"

r5_cfg5:  64%|██████▍   | 32/50 [47:22<17:22, 57.91s/it]2026-08-18 05:04:43,671 - INFO - HTTP Request: POST http://localhost:8005/v1/chat/completions "HTTP/1.1 200 OK"

2026-08-18 05:04:44,105 - INFO - HTTP Request: POST http://localhost:8005/v1/chat/completions "HTTP/1.1 200 OK"
2026-08-18 05:04:51,992 - INFO - HTTP Request: POST http://localhost:8005/v1/chat/completions "HTTP/1.1 200 OK"
2026-08-18 05:04:54,483 - INFO - HTTP Request: POST http://localhost:8005/v1/chat/completions "HTTP/1.1 200 OK"

2026-08-18 05:05:00,788 - INFO - HTTP Request: POST http://localhost:8005/v1/chat/completions "HTTP/1.1 200 OK"
2026-08-18 05:05:04,809 - INFO - HTTP Request: POST http://localhost:8005/v1/chat/completions "HTTP/1.1 200 OK"

2026-08-18 05:05:08,723 - INFO - HTTP Request: POST http://localhost:8005/v1/chat/completions "HTTP/1.1 200 OK"
2026-08-18 05:05:12,145 - INFO - HTTP Request: POST http://localhost:8005/v1/chat/completions "HTTP/1.1 200 OK"

2026-08-18 05:05:19,538 - INFO - HTTP Request: POST http://localhost:8005/v1/chat/completions "HTTP/1.1 200 OK"
2026-08-18 05:05:21,984 - INFO - HTTP Request: POST http://localhost:8005/v1/chat/completions "HTTP/1.1 200 OK"

2026-08-18 05:05:29,378 - INFO - HTTP Request: POST http://localhost:8005/v1/chat/completions "HTTP/1.1 200 OK"

2026-08-18 05:05:31,339 - INFO - HTTP Request: POST http://localhost:8005/v1/chat/completions "HTTP/1.1 200 OK"
2026-08-18 05:05:38,617 - INFO - HTTP Request: POST http://localhost:8005/v1/chat/completions "HTTP/1.1 200 OK"
2026-08-18 05:05:43,779 - INFO - HTTP Request: POST http://localhost:8005/v1/chat/completions "HTTP/1.1 200 OK"

2026-08-18 05:05:46,608 - INFO - HTTP Request: POST http://localhost:8005/v1/chat/completions "HTTP/1.1 200 OK"
2026-08-18 05:05:50,900 - INFO - HTTP Request: POST http://localhost:8005/v1/chat/completions "HTTP/1.1 200 OK"

2026-08-18 05:05:54,599 - INFO - HTTP Request: POST http://localhost:8005/v1/chat/completions "HTTP/1.1 200 OK"
2026-08-18 05:06:01,392 - INFO - HTTP Request: POST http://localhost:8005/v1/chat/completions "HTTP/1.1 200 OK"

2026-08-18 05:06:06,396 - INFO - HTTP Request: POST http://localhost:8005/v1/chat/completions "HTTP/1.1 200 OK"

2026-08-18 05:06:08,573 - INFO - HTTP Request: POST http://localhost:8005/v1/chat/completions "HTTP/1.1 200 OK"
2026-08-18 05:06:15,631 - INFO - HTTP Request: POST http://localhost:8005/v1/chat/completions "HTTP/1.1 200 OK"
2026-08-18 05:06:21,394 - INFO - HTTP Request: POST http://localhost:8005/v1/chat/completions "HTTP/1.1 200 OK"
2026-08-18 05:06:22,642 - INFO - HTTP Request: POST http://localhost:8005/v1/chat/completions "HTTP/1.1 200 OK"

2026-08-18 05:06:27,223 - INFO - HTTP Request: POST http://localhost:8005/v1/chat/completions "HTTP/1.1 200 OK"
2026-08-18 05:06:29,239 - INFO - HTTP Request: POST http://localhost:8005/v1/chat/completions "HTTP/1.1 200 OK"

2026-08-18 05:06:34,467 - INFO - HTTP Request: POST http://localhost:8005/v1/chat/completions "HTTP/1.1 200 OK"

2026-08-18 05:06:37,509 - INFO - HTTP Request: POST http://localhost:8005/v1/chat/completions "HTTP/1.1 200 OK"

2026-08-18 05:06:46,193 - INFO - HTTP Request: POST http://localhost:8005/v1/chat/completions "HTTP/1.1 200 OK"
2026-08-18 05:06:53,803 - INFO - HTTP Request: POST http://localhost:8005/v1/chat/completions "HTTP/1.1 200 OK"
2026-08-18 05:07:00,870 - INFO - HTTP Request: POST http://localhost:8005/v1/chat/completions "HTTP/1.1 200 OK"

2026-08-18 05:07:03,922 - INFO - HTTP Request: POST http://localhost:8005/v1/chat/completions "HTTP/1.1 200 OK"
2026-08-18 05:07:06,908 - INFO - HTTP Request: POST http://localhost:8005/v1/chat/completions "HTTP/1.1 200 OK"

2026-08-18 05:07:07,344 - INFO - HTTP Request: POST http://localhost:8005/v1/chat/completions "HTTP/1.1 200 OK"
2026-08-18 05:07:18,270 - INFO - HTTP Request: POST http://localhost:8005/v1/chat/completions "HTTP/1.1 200 OK"

2026-08-18 05:07:18,486 - INFO - HTTP Request: POST http://localhost:8005/v1/chat/completions "HTTP/1.1 200 OK"

2026-08-18 05:07:21,095 - INFO - HTTP Request: POST http://localhost:8005/v1/chat/completions "HTTP/1.1 200 OK"
2026-08-18 05:07:27,063 - INFO - HTTP Request: POST http://localhost:8005/v1/chat/completions "HTTP/1.1 200 OK"
2026-08-18 05:07:34,787 - INFO - HTTP Request: POST http://localhost:8005/v1/chat/completions "HTTP/1.1 200 OK"

2026-08-18 05:07:36,312 - INFO - HTTP Request: POST http://localhost:8005/v1/chat/completions "HTTP/1.1 200 OK"

2026-08-18 05:07:38,918 - INFO - HTTP Request: POST http://localhost:8005/v1/chat/completions "HTTP/1.1 200 OK"
2026-08-18 05:07:39,135 - INFO - HTTP Request: POST http://localhost:8005/v1/chat/completions "HTTP/1.1 200 OK"
2026-08-18 05:07:49,130 - INFO - HTTP Request: POST http://localhost:8005/v1/chat/completions "HTTP/1.1 200 OK"

2026-08-18 05:07:57,399 - INFO - HTTP Request: POST http://localhost:8005/v1/chat/completions "HTTP/1.1 200 OK"

2026-08-18 05:08:03,917 - INFO - HTTP Request: POST http://localhost:8005/v1/chat/completions "HTTP/1.1 200 OK"
2026-08-18 05:08:05,754 - INFO - HTTP Request: POST http://localhost:8005/v1/chat/completions "HTTP/1.1 200 OK"
2026-08-18 05:08:17,180 - INFO - HTTP Request: POST http://localhost:8005/v1/chat/completions "HTTP/1.1 200 OK"

2026-08-18 05:08:17,837 - INFO - HTTP Request: POST http://localhost:8005/v1/chat/completions "HTTP/1.1 200 OK"

2026-08-18 05:08:18,924 - INFO - HTTP Request: POST http://localhost:8005/v1/chat/completions "HTTP/1.1 200 OK"
2026-08-18 05:08:27,240 - INFO - HTTP Request: POST http://localhost:8005/v1/chat/completions "HTTP/1.1 200 OK"
2026-08-18 05:08:30,662 - INFO - HTTP Request: POST http://localhost:8005/v1/chat/completions "HTTP/1.1 200 OK"

2026-08-18 05:08:37,628 - INFO - HTTP Request: POST http://localhost:8005/v1/chat/completions "HTTP/1.1 200 OK"
2026-08-18 05:08:38,366 - INFO - HTTP Request: POST http://localhost:8005/v1/chat/completions "HTTP/1.1 200 OK"

2026-08-18 05:08:38,607 - INFO - HTTP Request: POST http://localhost:8005/v1/chat/completions "HTTP/1.1 200 OK"
2026-08-18 05:08:51,168 - INFO - HTTP Request: POST http://localhost:8005/v1/chat/completions "HTTP/1.1 200 OK"

2026-08-18 05:08:51,603 - INFO - HTTP Request: POST http://localhost:8005/v1/chat/completions "HTTP/1.1 200 OK"

2026-08-18 05:09:04,422 - INFO - HTTP Request: POST http://localhost:8005/v1/chat/completions "HTTP/1.1 200 OK"
2026-08-18 05:09:11,217 - INFO - HTTP Request: POST http://localhost:8005/v1/chat/completions "HTTP/1.1 200 OK"
2026-08-18 05:09:14,857 - INFO - HTTP Request: POST http://localhost:8005/v1/chat/completions "HTTP/1.1 200 OK"

r5_cfg5:  66%|██████▌   | 33/50 [51:58<34:58, 123.46s/it]2026-08-18 05:09:20,732 - INFO - HTTP Request: POST http://localhost:8005/v1/chat/completions "HTTP/1.1 200 OK"
2026-08-18 05:09:21,456 - INFO - HTTP Request: POST http://localhost:8005/v1/chat/completions "HTTP/1.1 200 OK"
2026-08-18 05:09:22,213 - INFO - HTTP Request: POST http://localhost:8005/v1/chat/completions "HTTP/1.1 200 OK"

r5_cfg5:  68%|██████▊   | 34/50 [52:05<23:38, 88.63s/it] 2026-08-18 05:09:34,005 - INFO - HTTP Request: POST http://localhost:8005/v1/chat/completions "HTTP/1.1 200 OK"

2026-08-18 05:09:37,060 - INFO - HTTP Request: POST http://localhost:8005/v1/chat/completions "HTTP/1.1 200 OK"

2026-08-18 05:09:37,277 - INFO - HTTP Request: POST http://localhost:8005/v1/chat/completions "HTTP/1.1 200 OK"
2026-08-18 05:09:44,552 - INFO - HTTP Request: POST http://localhost:8005/v1/chat/completions "HTTP/1.1 200 OK"
2026-08-18 05:09:46,448 - INFO - HTTP Request: POST http://localhost:8005/v1/chat/completions "HTTP/1.1 200 OK"

2026-08-18 05:09:57,101 - INFO - HTTP Request: POST http://localhost:8005/v1/chat/completions "HTTP/1.1 200 OK"

2026-08-18 05:10:07,306 - INFO - HTTP Request: POST http://localhost:8005/v1/chat/completions "HTTP/1.1 200 OK"
2026-08-18 05:10:10,457 - INFO - HTTP Request: POST http://localhost:8005/v1/chat/completions "HTTP/1.1 200 OK"
2026-08-18 05:10:13,171 - INFO - HTTP Request: POST http://localhost:8005/v1/chat/completions "HTTP/1.1 200 OK"
2026-08-18 05:10:23,744 - INFO - HTTP Request: POST http://localhost:8005/v1/chat/completions "HTTP/1.1 200 OK"

2026-08-18 05:10:24,180 - INFO - HTTP Request: POST http://localhost:8005/v1/chat/completions "HTTP/1.1 200 OK"
2026-08-18 05:10:24,919 - INFO - HTTP Request: POST http://localhost:8005/v1/chat/completions "HTTP/1.1 200 OK"

r5_cfg5:  70%|███████   | 35/50 [53:08<20:12, 80.85s/it]2026-08-18 05:10:29,791 - INFO - HTTP Request: POST http://localhost:8005/v1/chat/completions "HTTP/1.1 200 OK"

r5_cfg5:  72%|███████▏  | 36/50 [53:13<13:32, 58.06s/it]2026-08-18 05:10:38,488 - INFO - HTTP Request: POST http://localhost:8005/v1/chat/completions "HTTP/1.1 200 OK"

2026-08-18 05:10:46,519 - INFO - HTTP Request: POST http://localhost:8005/v1/chat/completions "HTTP/1.1 200 OK"
2026-08-18 05:10:48,792 - INFO - HTTP Request: POST http://localhost:8005/v1/chat/completions "HTTP/1.1 200 OK"
2026-08-18 05:10:52,379 - INFO - HTTP Request: POST http://localhost:8005/v1/chat/completions "HTTP/1.1 200 OK"
2026-08-18 05:10:57,929 - INFO - HTTP Request: POST http://localhost:8005/v1/chat/completions "HTTP/1.1 200 OK"

2026-08-18 05:11:00,109 - INFO - HTTP Request: POST http://localhost:8005/v1/chat/completions "HTTP/1.1 200 OK"

2026-08-18 05:11:01,205 - INFO - HTTP Request: POST http://localhost:8005/v1/chat/completions "HTTP/1.1 200 OK"

2026-08-18 05:11:03,810 - INFO - HTTP Request: POST http://localhost:8005/v1/chat/completions "HTTP/1.1 200 OK"
2026-08-18 05:11:17,662 - INFO - HTTP Request: POST http://localhost:8005/v1/chat/completions "HTTP/1.1 200 OK"

2026-08-18 05:11:24,399 - INFO - HTTP Request: POST http://localhost:8005/v1/chat/completions "HTTP/1.1 200 OK"
2026-08-18 05:11:24,617 - INFO - HTTP Request: POST http://localhost:8005/v1/chat/completions "HTTP/1.1 200 OK"
2026-08-18 05:11:28,294 - INFO - HTTP Request: POST http://localhost:8005/v1/chat/completions "HTTP/1.1 200 OK"
2026-08-18 05:11:38,423 - INFO - HTTP Request: POST http://localhost:8005/v1/chat/completions "HTTP/1.1 200 OK"

2026-08-18 05:11:40,393 - INFO - HTTP Request: POST http://localhost:8005/v1/chat/completions "HTTP/1.1 200 OK"

2026-08-18 05:11:41,917 - INFO - HTTP Request: POST http://localhost:8005/v1/chat/completions "HTTP/1.1 200 OK"

2026-08-18 05:11:42,570 - INFO - HTTP Request: POST http://localhost:8005/v1/chat/completions "HTTP/1.1 200 OK"
2026-08-18 05:11:55,113 - INFO - HTTP Request: POST http://localhost:8005/v1/chat/completions "HTTP/1.1 200 OK"

2026-08-18 05:11:58,594 - INFO - HTTP Request: POST http://localhost:8005/v1/chat/completions "HTTP/1.1 200 OK"
2026-08-18 05:12:05,436 - INFO - HTTP Request: POST http://localhost:8005/v1/chat/completions "HTTP/1.1 200 OK"
2026-08-18 05:12:06,169 - INFO - HTTP Request: POST http://localhost:8005/v1/chat/completions "HTTP/1.1 200 OK"
2026-08-18 05:12:14,026 - INFO - HTTP Request: POST http://localhost:8005/v1/chat/completions "HTTP/1.1 200 OK"

2026-08-18 05:12:15,988 - INFO - HTTP Request: POST http://localhost:8005/v1/chat/completions "HTTP/1.1 200 OK"
2026-08-18 05:12:18,978 - INFO - HTTP Request: POST http://localhost:8005/v1/chat/completions "HTTP/1.1 200 OK"

2026-08-18 05:12:19,195 - INFO - HTTP Request: POST http://localhost:8005/v1/chat/completions "HTTP/1.1 200 OK"

2026-08-18 05:12:28,117 - INFO - HTTP Request: POST http://localhost:8005/v1/chat/completions "HTTP/1.1 200 OK"

2026-08-18 05:12:42,661 - INFO - HTTP Request: POST http://localhost:8005/v1/chat/completions "HTTP/1.1 200 OK"
2026-08-18 05:12:43,364 - INFO - HTTP Request: POST http://localhost:8005/v1/chat/completions "HTTP/1.1 200 OK"
2026-08-18 05:12:43,371 - INFO - HTTP Request: POST http://localhost:8005/v1/chat/completions "HTTP/1.1 200 OK"
2026-08-18 05:12:56,289 - INFO - HTTP Request: POST http://localhost:8005/v1/chat/completions "HTTP/1.1 200 OK"

2026-08-18 05:12:56,506 - INFO - HTTP Request: POST http://localhost:8005/v1/chat/completions "HTTP/1.1 200 OK"

2026-08-18 05:12:57,824 - INFO - HTTP Request: POST http://localhost:8005/v1/chat/completions "HTTP/1.1 200 OK"
2026-08-18 05:12:58,041 - INFO - HTTP Request: POST http://localhost:8005/v1/chat/completions "HTTP/1.1 200 OK"

2026-08-18 05:13:12,499 - INFO - HTTP Request: POST http://localhost:8005/v1/chat/completions "HTTP/1.1 200 OK"

2026-08-18 05:13:16,625 - INFO - HTTP Request: POST http://localhost:8005/v1/chat/completions "HTTP/1.1 200 OK"
2026-08-18 05:13:16,626 - INFO - HTTP Request: POST http://localhost:8005/v1/chat/completions "HTTP/1.1 200 OK"
2026-08-18 05:13:18,825 - INFO - HTTP Request: POST http://localhost:8005/v1/chat/completions "HTTP/1.1 200 OK"
2026-08-18 05:13:25,898 - INFO - HTTP Request: POST http://localhost:8005/v1/chat/completions "HTTP/1.1 200 OK"

2026-08-18 05:13:29,383 - INFO - HTTP Request: POST http://localhost:8005/v1/chat/completions "HTTP/1.1 200 OK"

2026-08-18 05:13:30,908 - INFO - HTTP Request: POST http://localhost:8005/v1/chat/completions "HTTP/1.1 200 OK"

2026-08-18 05:13:33,515 - INFO - HTTP Request: POST http://localhost:8005/v1/chat/completions "HTTP/1.1 200 OK"
2026-08-18 05:13:48,243 - INFO - HTTP Request: POST http://localhost:8005/v1/chat/completions "HTTP/1.1 200 OK"

2026-08-18 05:13:54,976 - INFO - HTTP Request: POST http://localhost:8005/v1/chat/completions "HTTP/1.1 200 OK"
2026-08-18 05:13:58,771 - INFO - HTTP Request: POST http://localhost:8005/v1/chat/completions "HTTP/1.1 200 OK"
2026-08-18 05:14:01,043 - INFO - HTTP Request: POST http://localhost:8005/v1/chat/completions "HTTP/1.1 200 OK"
2026-08-18 05:14:09,212 - INFO - HTTP Request: POST http://localhost:8005/v1/chat/completions "HTTP/1.1 200 OK"

2026-08-18 05:14:10,958 - INFO - HTTP Request: POST http://localhost:8005/v1/chat/completions "HTTP/1.1 200 OK"

2026-08-18 05:14:14,442 - INFO - HTTP Request: POST http://localhost:8005/v1/chat/completions "HTTP/1.1 200 OK"

2026-08-18 05:14:18,358 - INFO - HTTP Request: POST http://localhost:8005/v1/chat/completions "HTTP/1.1 200 OK"
2026-08-18 05:14:29,606 - INFO - HTTP Request: POST http://localhost:8005/v1/chat/completions "HTTP/1.1 200 OK"

2026-08-18 05:14:29,608 - INFO - HTTP Request: POST http://localhost:8005/v1/chat/completions "HTTP/1.1 200 OK"
2026-08-18 05:14:31,669 - INFO - HTTP Request: POST http://localhost:8005/v1/chat/completions "HTTP/1.1 200 OK"
2026-08-18 05:14:41,777 - INFO - HTTP Request: POST http://localhost:8005/v1/chat/completions "HTTP/1.1 200 OK"

2026-08-18 05:14:47,871 - INFO - HTTP Request: POST http://localhost:8005/v1/chat/completions "HTTP/1.1 200 OK"
2026-08-18 05:14:48,850 - INFO - HTTP Request: POST http://localhost:8005/v1/chat/completions "HTTP/1.1 200 OK"

2026-08-18 05:14:59,727 - INFO - HTTP Request: POST http://localhost:8005/v1/chat/completions "HTTP/1.1 200 OK"

r5_cfg5:  74%|███████▍  | 37/50 [57:43<26:21, 121.62s/it]2026-08-18 05:15:03,637 - INFO - HTTP Request: POST http://localhost:8005/v1/chat/completions "HTTP/1.1 200 OK"
2026-08-18 05:15:11,624 - INFO - HTTP Request: POST http://localhost:8005/v1/chat/completions "HTTP/1.1 200 OK"
2026-08-18 05:15:18,697 - INFO - HTTP Request: POST http://localhost:8005/v1/chat/completions "HTTP/1.1 200 OK"
2026-08-18 05:15:19,887 - INFO - HTTP Request: POST http://localhost:8005/v1/chat/completions "HTTP/1.1 200 OK"

r5_cfg5:  76%|███████▌  | 38/50 [58:03<18:14, 91.18s/it] 2026-08-18 05:15:22,937 - INFO - HTTP Request: POST http://localhost:8005/v1/chat/completions "HTTP/1.1 200 OK"
2026-08-18 05:15:27,400 - INFO - HTTP Request: POST http://localhost:8005/v1/chat/completions "HTTP/1.1 200 OK"

2026-08-18 05:15:31,547 - INFO - HTTP Request: POST http://localhost:8005/v1/chat/completions "HTTP/1.1 200 OK"

2026-08-18 05:15:35,688 - INFO - HTTP Request: POST http://localhost:8005/v1/chat/completions "HTTP/1.1 200 OK"

2026-08-18 05:15:42,420 - INFO - HTTP Request: POST http://localhost:8005/v1/chat/completions "HTTP/1.1 200 OK"
2026-08-18 05:15:51,870 - INFO - HTTP Request: POST http://localhost:8005/v1/chat/completions "HTTP/1.1 200 OK"

2026-08-18 05:16:00,340 - INFO - HTTP Request: POST http://localhost:8005/v1/chat/completions "HTTP/1.1 200 OK"
2026-08-18 05:16:02,398 - INFO - HTTP Request: POST http://localhost:8005/v1/chat/completions "HTTP/1.1 200 OK"
2026-08-18 05:16:05,169 - INFO - HTTP Request: POST http://localhost:8005/v1/chat/completions "HTTP/1.1 200 OK"
2026-08-18 05:16:13,117 - INFO - HTTP Request: POST http://localhost:8005/v1/chat/completions "HTTP/1.1 200 OK"

r5_cfg5:  78%|███████▊  | 39/50 [58:56<14:37, 79.80s/it]2026-08-18 05:16:13,770 - INFO - HTTP Request: POST http://localhost:8005/v1/chat/completions "HTTP/1.1 200 OK"

2026-08-18 05:16:18,995 - INFO - HTTP Request: POST http://localhost:8005/v1/chat/completions "HTTP/1.1 200 OK"
2026-08-18 05:16:20,238 - INFO - HTTP Request: POST http://localhost:8005/v1/chat/completions "HTTP/1.1 200 OK"

r5_cfg5:  80%|████████  | 40/50 [59:04<09:39, 57.99s/it]2026-08-18 05:16:32,851 - INFO - HTTP Request: POST http://localhost:8005/v1/chat/completions "HTTP/1.1 200 OK"

2026-08-18 05:16:35,237 - INFO - HTTP Request: POST http://localhost:8005/v1/chat/completions "HTTP/1.1 200 OK"
2026-08-18 05:16:38,816 - INFO - HTTP Request: POST http://localhost:8005/v1/chat/completions "HTTP/1.1 200 OK"
2026-08-18 05:16:42,894 - INFO - HTTP Request: POST http://localhost:8005/v1/chat/completions "HTTP/1.1 200 OK"
2026-08-18 05:16:49,968 - INFO - HTTP Request: POST http://localhost:8005/v1/chat/completions "HTTP/1.1 200 OK"

2026-08-18 05:16:50,404 - INFO - HTTP Request: POST http://localhost:8005/v1/chat/completions "HTTP/1.1 200 OK"

2026-08-18 05:16:52,807 - INFO - HTTP Request: POST http://localhost:8005/v1/chat/completions "HTTP/1.1 200 OK"

2026-08-18 05:16:58,232 - INFO - HTTP Request: POST http://localhost:8005/v1/chat/completions "HTTP/1.1 200 OK"
2026-08-18 05:17:09,859 - INFO - HTTP Request: POST http://localhost:8005/v1/chat/completions "HTTP/1.1 200 OK"

2026-08-18 05:17:13,774 - INFO - HTTP Request: POST http://localhost:8005/v1/chat/completions "HTTP/1.1 200 OK"
2026-08-18 05:17:17,138 - INFO - HTTP Request: POST http://localhost:8005/v1/chat/completions "HTTP/1.1 200 OK"
2026-08-18 05:17:19,856 - INFO - HTTP Request: POST http://localhost:8005/v1/chat/completions "HTTP/1.1 200 OK"
2026-08-18 05:17:27,152 - INFO - HTTP Request: POST http://localhost:8005/v1/chat/completions "HTTP/1.1 200 OK"

2026-08-18 05:17:28,469 - INFO - HTTP Request: POST http://localhost:8005/v1/chat/completions "HTTP/1.1 200 OK"

2026-08-18 05:17:31,298 - INFO - HTTP Request: POST http://localhost:8005/v1/chat/completions "HTTP/1.1 200 OK"

2026-08-18 05:17:34,337 - INFO - HTTP Request: POST http://localhost:8005/v1/chat/completions "HTTP/1.1 200 OK"
2026-08-18 05:17:47,048 - INFO - HTTP Request: POST http://localhost:8005/v1/chat/completions "HTTP/1.1 200 OK"

2026-08-18 05:17:47,266 - INFO - HTTP Request: POST http://localhost:8005/v1/chat/completions "HTTP/1.1 200 OK"
2026-08-18 05:17:53,516 - INFO - HTTP Request: POST http://localhost:8005/v1/chat/completions "HTTP/1.1 200 OK"
2026-08-18 05:17:56,665 - INFO - HTTP Request: POST http://localhost:8005/v1/chat/completions "HTTP/1.1 200 OK"
2026-08-18 05:17:58,947 - INFO - HTTP Request: POST http://localhost:8005/v1/chat/completions "HTTP/1.1 200 OK"

2026-08-18 05:18:07,438 - INFO - HTTP Request: POST http://localhost:8005/v1/chat/completions "HTTP/1.1 200 OK"

2026-08-18 05:18:07,872 - INFO - HTTP Request: POST http://localhost:8005/v1/chat/completions "HTTP/1.1 200 OK"
2026-08-18 05:18:08,619 - INFO - HTTP Request: POST http://localhost:8005/v1/chat/completions "HTTP/1.1 200 OK"

2026-08-18 05:18:19,078 - INFO - HTTP Request: POST http://localhost:8005/v1/chat/completions "HTTP/1.1 200 OK"

2026-08-18 05:18:27,980 - INFO - HTTP Request: POST http://localhost:8005/v1/chat/completions "HTTP/1.1 200 OK"
2026-08-18 05:18:32,214 - INFO - HTTP Request: POST http://localhost:8005/v1/chat/completions "HTTP/1.1 200 OK"
2026-08-18 05:18:33,400 - INFO - HTTP Request: POST http://localhost:8005/v1/chat/completions "HTTP/1.1 200 OK"
2026-08-18 05:18:41,563 - INFO - HTTP Request: POST http://localhost:8005/v1/chat/completions "HTTP/1.1 200 OK"

2026-08-18 05:18:45,703 - INFO - HTTP Request: POST http://localhost:8005/v1/chat/completions "HTTP/1.1 200 OK"

2026-08-18 05:18:48,756 - INFO - HTTP Request: POST http://localhost:8005/v1/chat/completions "HTTP/1.1 200 OK"
2026-08-18 05:18:48,974 - INFO - HTTP Request: POST http://localhost:8005/v1/chat/completions "HTTP/1.1 200 OK"

2026-08-18 05:19:01,907 - INFO - HTTP Request: POST http://localhost:8005/v1/chat/completions "HTTP/1.1 200 OK"
2026-08-18 05:19:02,658 - INFO - HTTP Request: POST http://localhost:8005/v1/chat/completions "HTTP/1.1 200 OK"

2026-08-18 05:19:06,201 - INFO - HTTP Request: POST http://localhost:8005/v1/chat/completions "HTTP/1.1 200 OK"
2026-08-18 05:19:09,785 - INFO - HTTP Request: POST http://localhost:8005/v1/chat/completions "HTTP/1.1 200 OK"
2026-08-18 05:19:16,645 - INFO - HTTP Request: POST http://localhost:8005/v1/chat/completions "HTTP/1.1 200 OK"

2026-08-18 05:19:20,567 - INFO - HTTP Request: POST http://localhost:8005/v1/chat/completions "HTTP/1.1 200 OK"

2026-08-18 05:19:23,396 - INFO - HTTP Request: POST http://localhost:8005/v1/chat/completions "HTTP/1.1 200 OK"
2026-08-18 05:19:25,461 - INFO - HTTP Request: POST http://localhost:8005/v1/chat/completions "HTTP/1.1 200 OK"

2026-08-18 05:19:37,425 - INFO - HTTP Request: POST http://localhost:8005/v1/chat/completions "HTTP/1.1 200 OK"

2026-08-18 05:19:46,113 - INFO - HTTP Request: POST http://localhost:8005/v1/chat/completions "HTTP/1.1 200 OK"
2026-08-18 05:19:49,971 - INFO - HTTP Request: POST http://localhost:8005/v1/chat/completions "HTTP/1.1 200 OK"
2026-08-18 05:19:54,859 - INFO - HTTP Request: POST http://localhost:8005/v1/chat/completions "HTTP/1.1 200 OK"
2026-08-18 05:20:03,678 - INFO - HTTP Request: POST http://localhost:8005/v1/chat/completions "HTTP/1.1 200 OK"

2026-08-18 05:20:04,771 - INFO - HTTP Request: POST http://localhost:8005/v1/chat/completions "HTTP/1.1 200 OK"

2026-08-18 05:20:07,174 - INFO - HTTP Request: POST http://localhost:8005/v1/chat/completions "HTTP/1.1 200 OK"

2026-08-18 05:20:07,608 - INFO - HTTP Request: POST http://localhost:8005/v1/chat/completions "HTTP/1.1 200 OK"
2026-08-18 05:20:19,237 - INFO - HTTP Request: POST http://localhost:8005/v1/chat/completions "HTTP/1.1 200 OK"

2026-08-18 05:20:24,022 - INFO - HTTP Request: POST http://localhost:8005/v1/chat/completions "HTTP/1.1 200 OK"
2026-08-18 05:20:27,823 - INFO - HTTP Request: POST http://localhost:8005/v1/chat/completions "HTTP/1.1 200 OK"
2026-08-18 05:20:37,072 - INFO - HTTP Request: POST http://localhost:8005/v1/chat/completions "HTTP/1.1 200 OK"

2026-08-18 05:20:38,380 - INFO - HTTP Request: POST http://localhost:8005/v1/chat/completions "HTTP/1.1 200 OK"
2026-08-18 05:20:42,678 - INFO - HTTP Request: POST http://localhost:8005/v1/chat/completions "HTTP/1.1 200 OK"

2026-08-18 05:20:51,603 - INFO - HTTP Request: POST http://localhost:8005/v1/chat/completions "HTTP/1.1 200 OK"

r5_cfg5:  82%|████████▏ | 41/50 [1:03:35<18:18, 122.01s/it]2026-08-18 05:20:53,341 - INFO - HTTP Request: POST http://localhost:8005/v1/chat/completions "HTTP/1.1 200 OK"
2026-08-18 05:21:05,842 - INFO - HTTP Request: POST http://localhost:8005/v1/chat/completions "HTTP/1.1 200 OK"

r5_cfg5:  84%|████████▍ | 42/50 [1:03:49<11:57, 89.67s/it] 2026-08-18 05:21:06,931 - INFO - HTTP Request: POST http://localhost:8005/v1/chat/completions "HTTP/1.1 200 OK"
2026-08-18 05:21:12,471 - INFO - HTTP Request: POST http://localhost:8005/v1/chat/completions "HTTP/1.1 200 OK"
2026-08-18 05:21:14,530 - INFO - HTTP Request: POST http://localhost:8005/v1/chat/completions "HTTP/1.1 200 OK"
2026-08-18 05:21:18,113 - INFO - HTTP Request: POST http://localhost:8005/v1/chat/completions "HTTP/1.1 200 OK"

2026-08-18 05:21:23,348 - INFO - HTTP Request: POST http://localhost:8005/v1/chat/completions "HTTP/1.1 200 OK"

2026-08-18 05:21:28,788 - INFO - HTTP Request: POST http://localhost:8005/v1/chat/completions "HTTP/1.1 200 OK"
2026-08-18 05:21:29,005 - INFO - HTTP Request: POST http://localhost:8005/v1/chat/completions "HTTP/1.1 200 OK"

2026-08-18 05:21:41,344 - INFO - HTTP Request: POST http://localhost:8005/v1/chat/completions "HTTP/1.1 200 OK"

2026-08-18 05:21:49,814 - INFO - HTTP Request: POST http://localhost:8005/v1/chat/completions "HTTP/1.1 200 OK"
2026-08-18 05:21:51,432 - INFO - HTTP Request: POST http://localhost:8005/v1/chat/completions "HTTP/1.1 200 OK"
2026-08-18 05:22:00,681 - INFO - HTTP Request: POST http://localhost:8005/v1/chat/completions "HTTP/1.1 200 OK"

2026-08-18 05:22:03,076 - INFO - HTTP Request: POST http://localhost:8005/v1/chat/completions "HTTP/1.1 200 OK"
2026-08-18 05:22:04,920 - INFO - HTTP Request: POST http://localhost:8005/v1/chat/completions "HTTP/1.1 200 OK"

r5_cfg5:  86%|████████▌ | 43/50 [1:04:48<09:23, 80.50s/it]2026-08-18 05:22:08,401 - INFO - HTTP Request: POST http://localhost:8005/v1/chat/completions "HTTP/1.1 200 OK"
2026-08-18 05:22:20,970 - INFO - HTTP Request: POST http://localhost:8005/v1/chat/completions "HTTP/1.1 200 OK"

r5_cfg5:  88%|████████▊ | 44/50 [1:05:04<06:06, 61.16s/it]2026-08-18 05:22:21,407 - INFO - HTTP Request: POST http://localhost:8005/v1/chat/completions "HTTP/1.1 200 OK"

2026-08-18 05:22:24,667 - INFO - HTTP Request: POST http://localhost:8005/v1/chat/completions "HTTP/1.1 200 OK"
2026-08-18 05:22:27,375 - INFO - HTTP Request: POST http://localhost:8005/v1/chat/completions "HTTP/1.1 200 OK"
2026-08-18 05:22:37,053 - INFO - HTTP Request: POST http://localhost:8005/v1/chat/completions "HTTP/1.1 200 OK"

2026-08-18 05:22:39,014 - INFO - HTTP Request: POST http://localhost:8005/v1/chat/completions "HTTP/1.1 200 OK"

2026-08-18 05:22:43,578 - INFO - HTTP Request: POST http://localhost:8005/v1/chat/completions "HTTP/1.1 200 OK"
2026-08-18 05:22:46,717 - INFO - HTTP Request: POST http://localhost:8005/v1/chat/completions "HTTP/1.1 200 OK"
2026-08-18 05:22:57,975 - INFO - HTTP Request: POST http://localhost:8005/v1/chat/completions "HTTP/1.1 200 OK"

2026-08-18 05:22:58,631 - INFO - HTTP Request: POST http://localhost:8005/v1/chat/completions "HTTP/1.1 200 OK"

2026-08-18 05:23:03,193 - INFO - HTTP Request: POST http://localhost:8005/v1/chat/completions "HTTP/1.1 200 OK"
2026-08-18 05:23:04,159 - INFO - HTTP Request: POST http://localhost:8005/v1/chat/completions "HTTP/1.1 200 OK"
2026-08-18 05:23:16,015 - INFO - HTTP Request: POST http://localhost:8005/v1/chat/completions "HTTP/1.1 200 OK"

2026-08-18 05:23:17,548 - INFO - HTTP Request: POST http://localhost:8005/v1/chat/completions "HTTP/1.1 200 OK"

2026-08-18 05:23:23,409 - INFO - HTTP Request: POST http://localhost:8005/v1/chat/completions "HTTP/1.1 200 OK"
2026-08-18 05:23:25,152 - INFO - HTTP Request: POST http://localhost:8005/v1/chat/completions "HTTP/1.1 200 OK"
2026-08-18 05:23:35,700 - INFO - HTTP Request: POST http://localhost:8005/v1/chat/completions "HTTP/1.1 200 OK"

2026-08-18 05:23:36,573 - INFO - HTTP Request: POST http://localhost:8005/v1/chat/completions "HTTP/1.1 200 OK"
2026-08-18 05:23:37,292 - INFO - HTTP Request: POST http://localhost:8005/v1/chat/completions "HTTP/1.1 200 OK"

2026-08-18 05:23:42,983 - INFO - HTTP Request: POST http://localhost:8005/v1/chat/completions "HTTP/1.1 200 OK"
2026-08-18 05:23:49,834 - INFO - HTTP Request: POST http://localhost:8005/v1/chat/completions "HTTP/1.1 200 OK"

2026-08-18 05:23:55,925 - INFO - HTTP Request: POST http://localhost:8005/v1/chat/completions "HTTP/1.1 200 OK"

2026-08-18 05:23:57,453 - INFO - HTTP Request: POST http://localhost:8005/v1/chat/completions "HTTP/1.1 200 OK"
2026-08-18 05:24:01,087 - INFO - HTTP Request: POST http://localhost:8005/v1/chat/completions "HTTP/1.1 200 OK"
2026-08-18 05:24:09,024 - INFO - HTTP Request: POST http://localhost:8005/v1/chat/completions "HTTP/1.1 200 OK"

2026-08-18 05:24:17,069 - INFO - HTTP Request: POST http://localhost:8005/v1/chat/completions "HTTP/1.1 200 OK"

2026-08-18 05:24:19,248 - INFO - HTTP Request: POST http://localhost:8005/v1/chat/completions "HTTP/1.1 200 OK"
2026-08-18 05:24:20,863 - INFO - HTTP Request: POST http://localhost:8005/v1/chat/completions "HTTP/1.1 200 OK"
2026-08-18 05:24:33,590 - INFO - HTTP Request: POST http://localhost:8005/v1/chat/completions "HTTP/1.1 200 OK"

2026-08-18 05:24:34,024 - INFO - HTTP Request: POST http://localhost:8005/v1/chat/completions "HTTP/1.1 200 OK"

2026-08-18 05:24:38,377 - INFO - HTTP Request: POST http://localhost:8005/v1/chat/completions "HTTP/1.1 200 OK"
2026-08-18 05:24:42,179 - INFO - HTTP Request: POST http://localhost:8005/v1/chat/completions "HTTP/1.1 200 OK"
2026-08-18 05:24:49,459 - INFO - HTTP Request: POST http://localhost:8005/v1/chat/completions "HTTP/1.1 200 OK"

2026-08-18 05:24:53,810 - INFO - HTTP Request: POST http://localhost:8005/v1/chat/completions "HTTP/1.1 200 OK"

2026-08-18 05:24:54,028 - INFO - HTTP Request: POST http://localhost:8005/v1/chat/completions "HTTP/1.1 200 OK"
2026-08-18 05:24:55,007 - INFO - HTTP Request: POST http://localhost:8005/v1/chat/completions "HTTP/1.1 200 OK"
2026-08-18 05:25:06,423 - INFO - HTTP Request: POST http://localhost:8005/v1/chat/completions "HTTP/1.1 200 OK"

2026-08-18 05:25:10,122 - INFO - HTTP Request: POST http://localhost:8005/v1/chat/completions "HTTP/1.1 200 OK"
2026-08-18 05:25:14,634 - INFO - HTTP Request: POST http://localhost:8005/v1/chat/completions "HTTP/1.1 200 OK"
2026-08-18 05:25:14,851 - INFO - HTTP Request: POST http://localhost:8005/v1/chat/completions "HTTP/1.1 200 OK"

2026-08-18 05:25:23,229 - INFO - HTTP Request: POST http://localhost:8005/v1/chat/completions "HTTP/1.1 200 OK"

2026-08-18 05:25:23,230 - INFO - HTTP Request: POST http://localhost:8005/v1/chat/completions "HTTP/1.1 200 OK"

2026-08-18 05:25:35,832 - INFO - HTTP Request: POST http://localhost:8005/v1/chat/completions "HTTP/1.1 200 OK"
2026-08-18 05:25:44,632 - INFO - HTTP Request: POST http://localhost:8005/v1/chat/completions "HTTP/1.1 200 OK"
2026-08-18 05:25:49,522 - INFO - HTTP Request: POST http://localhost:8005/v1/chat/completions "HTTP/1.1 200 OK"

2026-08-18 05:25:52,571 - INFO - HTTP Request: POST http://localhost:8005/v1/chat/completions "HTTP/1.1 200 OK"
2026-08-18 05:25:53,273 - INFO - HTTP Request: POST http://localhost:8005/v1/chat/completions "HTTP/1.1 200 OK"
2026-08-18 05:26:02,192 - INFO - HTTP Request: POST http://localhost:8005/v1/chat/completions "HTTP/1.1 200 OK"

2026-08-18 05:26:04,598 - INFO - HTTP Request: POST http://localhost:8005/v1/chat/completions "HTTP/1.1 200 OK"

2026-08-18 05:26:07,652 - INFO - HTTP Request: POST http://localhost:8005/v1/chat/completions "HTTP/1.1 200 OK"

2026-08-18 05:26:10,258 - INFO - HTTP Request: POST http://localhost:8005/v1/chat/completions "HTTP/1.1 200 OK"
2026-08-18 05:26:22,542 - INFO - HTTP Request: POST http://localhost:8005/v1/chat/completions "HTTP/1.1 200 OK"

2026-08-18 05:26:27,974 - INFO - HTTP Request: POST http://localhost:8005/v1/chat/completions "HTTP/1.1 200 OK"
2026-08-18 05:26:35,253 - INFO - HTTP Request: POST http://localhost:8005/v1/chat/completions "HTTP/1.1 200 OK"
2026-08-18 05:26:37,967 - INFO - HTTP Request: POST http://localhost:8005/v1/chat/completions "HTTP/1.1 200 OK"
2026-08-18 05:26:46,192 - INFO - HTTP Request: POST http://localhost:8005/v1/chat/completions "HTTP/1.1 200 OK"

2026-08-18 05:26:49,027 - INFO - HTTP Request: POST http://localhost:8005/v1/chat/completions "HTTP/1.1 200 OK"

r5_cfg5:  90%|█████████ | 45/50 [1:09:32<10:16, 123.23s/it]2026-08-18 05:26:50,987 - INFO - HTTP Request: POST http://localhost:8005/v1/chat/completions "HTTP/1.1 200 OK"

r5_cfg5:  92%|█████████▏| 46/50 [1:09:34<05:47, 86.85s/it] 2026-08-18 05:26:52,724 - INFO - HTTP Request: POST http://localhost:8005/v1/chat/completions "HTTP/1.1 200 OK"
2026-08-18 05:27:05,440 - INFO - HTTP Request: POST http://localhost:8005/v1/chat/completions "HTTP/1.1 200 OK"

2026-08-18 05:27:11,312 - INFO - HTTP Request: POST http://localhost:8005/v1/chat/completions "HTTP/1.1 200 OK"
2026-08-18 05:27:13,593 - INFO - HTTP Request: POST http://localhost:8005/v1/chat/completions "HTTP/1.1 200 OK"
2026-08-18 05:27:16,305 - INFO - HTTP Request: POST http://localhost:8005/v1/chat/completions "HTTP/1.1 200 OK"
2026-08-18 05:27:23,816 - INFO - HTTP Request: POST http://localhost:8005/v1/chat/completions "HTTP/1.1 200 OK"

2026-08-18 05:27:27,087 - INFO - HTTP Request: POST http://localhost:8005/v1/chat/completions "HTTP/1.1 200 OK"

2026-08-18 05:27:29,263 - INFO - HTTP Request: POST http://localhost:8005/v1/chat/completions "HTTP/1.1 200 OK"

2026-08-18 05:27:38,823 - INFO - HTTP Request: POST http://localhost:8005/v1/chat/completions "HTTP/1.1 200 OK"
2026-08-18 05:27:47,842 - INFO - HTTP Request: POST http://localhost:8005/v1/chat/completions "HTTP/1.1 200 OK"

r5_cfg5:  94%|█████████▍| 47/50 [1:10:31<03:53, 77.85s/it]2026-08-18 05:27:50,227 - INFO - HTTP Request: POST http://localhost:8005/v1/chat/completions "HTTP/1.1 200 OK"
2026-08-18 05:27:53,865 - INFO - HTTP Request: POST http://localhost:8005/v1/chat/completions "HTTP/1.1 200 OK"
2026-08-18 05:28:03,328 - INFO - HTTP Request: POST http://localhost:8005/v1/chat/completions "HTTP/1.1 200 OK"
2026-08-18 05:28:04,737 - INFO - HTTP Request: POST http://localhost:8005/v1/chat/completions "HTTP/1.1 200 OK"

2026-08-18 05:28:10,395 - INFO - HTTP Request: POST http://localhost:8005/v1/chat/completions "HTTP/1.1 200 OK"

2026-08-18 05:28:18,216 - INFO - HTTP Request: POST http://localhost:8005/v1/chat/completions "HTTP/1.1 200 OK"

r5_cfg5:  96%|█████████▌| 48/50 [1:11:01<02:07, 63.61s/it]2026-08-18 05:28:29,041 - INFO - HTTP Request: POST http://localhost:8005/v1/chat/completions "HTTP/1.1 200 OK"
2026-08-18 05:28:34,882 - INFO - HTTP Request: POST http://localhost:8005/v1/chat/completions "HTTP/1.1 200 OK"
2026-08-18 05:28:43,489 - INFO - HTTP Request: POST http://localhost:8005/v1/chat/completions "HTTP/1.1 200 OK"

2026-08-18 05:28:49,173 - INFO - HTTP Request: POST http://localhost:8005/v1/chat/completions "HTTP/1.1 200 OK"

2026-08-18 05:29:06,531 - INFO - HTTP Request: POST http://localhost:8005/v1/chat/completions "HTTP/1.1 200 OK"
2026-08-18 05:29:13,179 - INFO - HTTP Request: POST http://localhost:8005/v1/chat/completions "HTTP/1.1 200 OK"
2026-08-18 05:29:18,962 - INFO - HTTP Request: POST http://localhost:8005/v1/chat/completions "HTTP/1.1 200 OK"

2026-08-18 05:29:25,300 - INFO - HTTP Request: POST http://localhost:8005/v1/chat/completions "HTTP/1.1 200 OK"

2026-08-18 05:29:38,335 - INFO - HTTP Request: POST http://localhost:8005/v1/chat/completions "HTTP/1.1 200 OK"
2026-08-18 05:29:45,041 - INFO - HTTP Request: POST http://localhost:8005/v1/chat/completions "HTTP/1.1 200 OK"
2026-08-18 05:29:51,695 - INFO - HTTP Request: POST http://localhost:8005/v1/chat/completions "HTTP/1.1 200 OK"

2026-08-18 05:29:56,726 - INFO - HTTP Request: POST http://localhost:8005/v1/chat/completions "HTTP/1.1 200 OK"

2026-08-18 05:30:19,932 - INFO - HTTP Request: POST http://localhost:8005/v1/chat/completions "HTTP/1.1 200 OK"
2026-08-18 05:30:25,277 - INFO - HTTP Request: POST http://localhost:8005/v1/chat/completions "HTTP/1.1 200 OK"
2026-08-18 05:30:34,749 - INFO - HTTP Request: POST http://localhost:8005/v1/chat/completions "HTTP/1.1 200 OK"

2026-08-18 05:30:36,307 - INFO - HTTP Request: POST http://localhost:8005/v1/chat/completions "HTTP/1.1 200 OK"

2026-08-18 05:30:54,316 - INFO - HTTP Request: POST http://localhost:8005/v1/chat/completions "HTTP/1.1 200 OK"
2026-08-18 05:30:56,247 - INFO - HTTP Request: POST http://localhost:8005/v1/chat/completions "HTTP/1.1 200 OK"
2026-08-18 05:31:09,855 - INFO - HTTP Request: POST http://localhost:8005/v1/chat/completions "HTTP/1.1 200 OK"

2026-08-18 05:31:09,858 - INFO - HTTP Request: POST http://localhost:8005/v1/chat/completions "HTTP/1.1 200 OK"

2026-08-18 05:31:38,668 - INFO - HTTP Request: POST http://localhost:8005/v1/chat/completions "HTTP/1.1 200 OK"
2026-08-18 05:31:38,669 - INFO - HTTP Request: POST http://localhost:8005/v1/chat/completions "HTTP/1.1 200 OK"
2026-08-18 05:31:48,696 - INFO - HTTP Request: POST http://localhost:8005/v1/chat/completions "HTTP/1.1 200 OK"

2026-08-18 05:31:52,642 - INFO - HTTP Request: POST http://localhost:8005/v1/chat/completions "HTTP/1.1 200 OK"

2026-08-18 05:32:20,835 - INFO - HTTP Request: POST http://localhost:8005/v1/chat/completions "HTTP/1.1 200 OK"
2026-08-18 05:32:24,882 - INFO - HTTP Request: POST http://localhost:8005/v1/chat/completions "HTTP/1.1 200 OK"
2026-08-18 05:32:33,558 - INFO - HTTP Request: POST http://localhost:8005/v1/chat/completions "HTTP/1.1 200 OK"

r5_cfg5:  98%|█████████▊| 49/50 [1:15:17<02:01, 121.13s/it]2026-08-18 05:32:34,628 - INFO - HTTP Request: POST http://localhost:8005/v1/chat/completions "HTTP/1.1 200 OK"

r5_cfg5: 100%|██████████| 50/50 [1:15:18<00:00, 85.11s/it] r5_cfg5: 100%|██████████| 50/50 [1:15:18<00:00, 90.37s/it]
  done in 4518.7s (valid 50/50, invalid {})

Scored 1 model/s.
Report:  /LAB/Swiss-Knife/tribunal/bayes_search_honesty/eval_results/round5/r5_cfg5/report/index.html
Tables:  /LAB/Swiss-Knife/tribunal/bayes_search_honesty/eval_results/round5/r5_cfg5/model_summary.csv, /LAB/Swiss-Knife/tribunal/bayes_search_honesty/eval_results/round5/r5_cfg5/summary.csv
