2026-08-18 04:15:59,140 - INFO - Judge client pointed at http://localhost:8004/v1
2026-08-18 04:16:02,529 - INFO - Loading Detoxify model (CPU)
2026-08-18 04:16:06,128 - INFO - HTTP Request: HEAD https://huggingface.co/bert-base-uncased/resolve/main/config.json "HTTP/1.1 200 OK"
Warning: You are sending unauthenticated requests to the HF Hub. Please set a HF_TOKEN to enable higher rate limits and faster downloads.
2026-08-18 04:16:06,129 - WARNING - Warning: You are sending unauthenticated requests to the HF Hub. Please set a HF_TOKEN to enable higher rate limits and faster downloads.
input:  /LAB/Swiss-Knife/tribunal/bayes_search_honesty/eval_results/round5/r5_cfg4/_tribunal_input_tmp (1 model file/s)
output: /LAB/Swiss-Knife/tribunal/bayes_search_honesty/eval_results/round5/r5_cfg4
judge:  Qwen/Qwen2.5-32B-Instruct @ http://localhost:8004/v1
detoxify cross-check: True
Loading weights:   0%|          | 0/201 [00:00<?, ?it/s]Loading weights: 100%|██████████| 201/201 [00:00<00:00, 27125.33it/s]
2026-08-18 04:16:06,450 - INFO - HTTP Request: HEAD https://huggingface.co/bert-base-uncased/resolve/main/tokenizer_config.json "HTTP/1.1 200 OK"
2026-08-18 04:16:06,661 - INFO - HTTP Request: GET https://huggingface.co/api/models/bert-base-uncased/tree/main/additional_chat_templates?recursive=false&expand=false "HTTP/1.1 307 Temporary Redirect"
2026-08-18 04:16:06,871 - INFO - HTTP Request: GET https://huggingface.co/api/models/google-bert/bert-base-uncased/tree/main/additional_chat_templates?recursive=false&expand=false "HTTP/1.1 404 Not Found"
2026-08-18 04:16:07,079 - INFO - HTTP Request: GET https://huggingface.co/api/models/bert-base-uncased/tree/main?recursive=true&expand=false "HTTP/1.1 307 Temporary Redirect"
2026-08-18 04:16:07,293 - INFO - HTTP Request: GET https://huggingface.co/api/models/google-bert/bert-base-uncased/tree/main?recursive=true&expand=false "HTTP/1.1 200 OK"

[1/1] r5_cfg4
  scoring 50 records (0 skipped or cached) [workers=4]
r5_cfg4:   0%|          | 0/50 [00:00<?, ?it/s]2026-08-18 04:16:29,285 - INFO - HTTP Request: POST http://localhost:8004/v1/chat/completions "HTTP/1.1 200 OK"
2026-08-18 04:16:29,502 - INFO - HTTP Request: POST http://localhost:8004/v1/chat/completions "HTTP/1.1 200 OK"
2026-08-18 04:16:29,508 - INFO - HTTP Request: POST http://localhost:8004/v1/chat/completions "HTTP/1.1 200 OK"
2026-08-18 04:16:30,080 - INFO - HTTP Request: POST http://localhost:8004/v1/chat/completions "HTTP/1.1 200 OK"
2026-08-18 04:16:41,831 - INFO - HTTP Request: POST http://localhost:8004/v1/chat/completions "HTTP/1.1 200 OK"

2026-08-18 04:16:44,290 - INFO - HTTP Request: POST http://localhost:8004/v1/chat/completions "HTTP/1.1 200 OK"

2026-08-18 04:16:46,031 - INFO - HTTP Request: POST http://localhost:8004/v1/chat/completions "HTTP/1.1 200 OK"

2026-08-18 04:16:46,248 - INFO - HTTP Request: POST http://localhost:8004/v1/chat/completions "HTTP/1.1 200 OK"

2026-08-18 04:17:07,907 - INFO - HTTP Request: POST http://localhost:8004/v1/chat/completions "HTTP/1.1 200 OK"
2026-08-18 04:17:10,727 - INFO - HTTP Request: POST http://localhost:8004/v1/chat/completions "HTTP/1.1 200 OK"
2026-08-18 04:17:12,773 - INFO - HTTP Request: POST http://localhost:8004/v1/chat/completions "HTTP/1.1 200 OK"
2026-08-18 04:17:12,989 - INFO - HTTP Request: POST http://localhost:8004/v1/chat/completions "HTTP/1.1 200 OK"
2026-08-18 04:17:23,509 - INFO - HTTP Request: POST http://localhost:8004/v1/chat/completions "HTTP/1.1 200 OK"

2026-08-18 04:17:23,726 - INFO - HTTP Request: POST http://localhost:8004/v1/chat/completions "HTTP/1.1 200 OK"

2026-08-18 04:17:25,082 - INFO - HTTP Request: POST http://localhost:8004/v1/chat/completions "HTTP/1.1 200 OK"

2026-08-18 04:17:26,386 - INFO - HTTP Request: POST http://localhost:8004/v1/chat/completions "HTTP/1.1 200 OK"

2026-08-18 04:17:47,840 - INFO - HTTP Request: POST http://localhost:8004/v1/chat/completions "HTTP/1.1 200 OK"
2026-08-18 04:17:48,057 - INFO - HTTP Request: POST http://localhost:8004/v1/chat/completions "HTTP/1.1 200 OK"
2026-08-18 04:17:50,107 - INFO - HTTP Request: POST http://localhost:8004/v1/chat/completions "HTTP/1.1 200 OK"
2026-08-18 04:17:51,720 - INFO - HTTP Request: POST http://localhost:8004/v1/chat/completions "HTTP/1.1 200 OK"
2026-08-18 04:18:03,187 - INFO - HTTP Request: POST http://localhost:8004/v1/chat/completions "HTTP/1.1 200 OK"

2026-08-18 04:18:05,413 - INFO - HTTP Request: POST http://localhost:8004/v1/chat/completions "HTTP/1.1 200 OK"

2026-08-18 04:18:05,415 - INFO - HTTP Request: POST http://localhost:8004/v1/chat/completions "HTTP/1.1 200 OK"

2026-08-18 04:18:06,072 - INFO - HTTP Request: POST http://localhost:8004/v1/chat/completions "HTTP/1.1 200 OK"

2026-08-18 04:18:27,313 - INFO - HTTP Request: POST http://localhost:8004/v1/chat/completions "HTTP/1.1 200 OK"
2026-08-18 04:18:29,910 - INFO - HTTP Request: POST http://localhost:8004/v1/chat/completions "HTTP/1.1 200 OK"
2026-08-18 04:18:29,911 - INFO - HTTP Request: POST http://localhost:8004/v1/chat/completions "HTTP/1.1 200 OK"
2026-08-18 04:18:31,366 - INFO - HTTP Request: POST http://localhost:8004/v1/chat/completions "HTTP/1.1 200 OK"
2026-08-18 04:18:41,032 - INFO - HTTP Request: POST http://localhost:8004/v1/chat/completions "HTTP/1.1 200 OK"

2026-08-18 04:18:43,478 - INFO - HTTP Request: POST http://localhost:8004/v1/chat/completions "HTTP/1.1 200 OK"

2026-08-18 04:18:43,479 - INFO - HTTP Request: POST http://localhost:8004/v1/chat/completions "HTTP/1.1 200 OK"

2026-08-18 04:18:44,142 - INFO - HTTP Request: POST http://localhost:8004/v1/chat/completions "HTTP/1.1 200 OK"

2026-08-18 04:19:00,828 - INFO - HTTP Request: POST http://localhost:8004/v1/chat/completions "HTTP/1.1 200 OK"
2026-08-18 04:19:03,641 - INFO - HTTP Request: POST http://localhost:8004/v1/chat/completions "HTTP/1.1 200 OK"
2026-08-18 04:19:03,642 - INFO - HTTP Request: POST http://localhost:8004/v1/chat/completions "HTTP/1.1 200 OK"
2026-08-18 04:19:05,035 - INFO - HTTP Request: POST http://localhost:8004/v1/chat/completions "HTTP/1.1 200 OK"
2026-08-18 04:19:10,130 - INFO - HTTP Request: POST http://localhost:8004/v1/chat/completions "HTTP/1.1 200 OK"

2026-08-18 04:19:16,069 - INFO - HTTP Request: POST http://localhost:8004/v1/chat/completions "HTTP/1.1 200 OK"

2026-08-18 04:19:17,377 - INFO - HTTP Request: POST http://localhost:8004/v1/chat/completions "HTTP/1.1 200 OK"

2026-08-18 04:19:20,200 - INFO - HTTP Request: POST http://localhost:8004/v1/chat/completions "HTTP/1.1 200 OK"

2026-08-18 04:19:38,840 - INFO - HTTP Request: POST http://localhost:8004/v1/chat/completions "HTTP/1.1 200 OK"
2026-08-18 04:19:45,127 - INFO - HTTP Request: POST http://localhost:8004/v1/chat/completions "HTTP/1.1 200 OK"
2026-08-18 04:19:46,742 - INFO - HTTP Request: POST http://localhost:8004/v1/chat/completions "HTTP/1.1 200 OK"
2026-08-18 04:19:49,883 - INFO - HTTP Request: POST http://localhost:8004/v1/chat/completions "HTTP/1.1 200 OK"
2026-08-18 04:19:55,199 - INFO - HTTP Request: POST http://localhost:8004/v1/chat/completions "HTTP/1.1 200 OK"

2026-08-18 04:19:59,619 - INFO - HTTP Request: POST http://localhost:8004/v1/chat/completions "HTTP/1.1 200 OK"

2026-08-18 04:20:00,709 - INFO - HTTP Request: POST http://localhost:8004/v1/chat/completions "HTTP/1.1 200 OK"

2026-08-18 04:20:04,401 - INFO - HTTP Request: POST http://localhost:8004/v1/chat/completions "HTTP/1.1 200 OK"

2026-08-18 04:20:15,238 - INFO - HTTP Request: POST http://localhost:8004/v1/chat/completions "HTTP/1.1 200 OK"
2026-08-18 04:20:20,015 - INFO - HTTP Request: POST http://localhost:8004/v1/chat/completions "HTTP/1.1 200 OK"
2026-08-18 04:20:21,465 - INFO - HTTP Request: POST http://localhost:8004/v1/chat/completions "HTTP/1.1 200 OK"
2026-08-18 04:20:25,529 - INFO - HTTP Request: POST http://localhost:8004/v1/chat/completions "HTTP/1.1 200 OK"
2026-08-18 04:20:29,977 - INFO - HTTP Request: POST http://localhost:8004/v1/chat/completions "HTTP/1.1 200 OK"

2026-08-18 04:20:33,813 - INFO - HTTP Request: POST http://localhost:8004/v1/chat/completions "HTTP/1.1 200 OK"

2026-08-18 04:20:34,031 - INFO - HTTP Request: POST http://localhost:8004/v1/chat/completions "HTTP/1.1 200 OK"

2026-08-18 04:20:37,727 - INFO - HTTP Request: POST http://localhost:8004/v1/chat/completions "HTTP/1.1 200 OK"

2026-08-18 04:20:59,191 - INFO - HTTP Request: POST http://localhost:8004/v1/chat/completions "HTTP/1.1 200 OK"
2026-08-18 04:21:03,394 - INFO - HTTP Request: POST http://localhost:8004/v1/chat/completions "HTTP/1.1 200 OK"
2026-08-18 04:21:03,611 - INFO - HTTP Request: POST http://localhost:8004/v1/chat/completions "HTTP/1.1 200 OK"
2026-08-18 04:21:07,995 - INFO - HTTP Request: POST http://localhost:8004/v1/chat/completions "HTTP/1.1 200 OK"
2026-08-18 04:21:13,315 - INFO - HTTP Request: POST http://localhost:8004/v1/chat/completions "HTTP/1.1 200 OK"

2026-08-18 04:21:16,930 - INFO - HTTP Request: POST http://localhost:8004/v1/chat/completions "HTTP/1.1 200 OK"

2026-08-18 04:21:21,072 - INFO - HTTP Request: POST http://localhost:8004/v1/chat/completions "HTTP/1.1 200 OK"

2026-08-18 04:21:23,687 - INFO - HTTP Request: POST http://localhost:8004/v1/chat/completions "HTTP/1.1 200 OK"

2026-08-18 04:21:45,807 - INFO - HTTP Request: POST http://localhost:8004/v1/chat/completions "HTTP/1.1 200 OK"
2026-08-18 04:21:48,705 - INFO - HTTP Request: POST http://localhost:8004/v1/chat/completions "HTTP/1.1 200 OK"
2026-08-18 04:21:54,652 - INFO - HTTP Request: POST http://localhost:8004/v1/chat/completions "HTTP/1.1 200 OK"
2026-08-18 04:21:58,137 - INFO - HTTP Request: POST http://localhost:8004/v1/chat/completions "HTTP/1.1 200 OK"
2026-08-18 04:22:00,392 - INFO - HTTP Request: POST http://localhost:8004/v1/chat/completions "HTTP/1.1 200 OK"

r5_cfg4:   2%|▏         | 1/50 [05:53<4:48:18, 353.02s/it]2026-08-18 04:22:02,355 - INFO - HTTP Request: POST http://localhost:8004/v1/chat/completions "HTTP/1.1 200 OK"

r5_cfg4:   4%|▍         | 2/50 [05:54<1:57:12, 146.52s/it]2026-08-18 04:22:04,968 - INFO - HTTP Request: POST http://localhost:8004/v1/chat/completions "HTTP/1.1 200 OK"

r5_cfg4:   6%|▌         | 3/50 [05:57<1:03:17, 80.81s/it] 2026-08-18 04:22:10,394 - INFO - HTTP Request: POST http://localhost:8004/v1/chat/completions "HTTP/1.1 200 OK"

r5_cfg4:   8%|▊         | 4/50 [06:03<39:08, 51.05s/it]  2026-08-18 04:22:22,096 - INFO - HTTP Request: POST http://localhost:8004/v1/chat/completions "HTTP/1.1 200 OK"
2026-08-18 04:22:24,414 - INFO - HTTP Request: POST http://localhost:8004/v1/chat/completions "HTTP/1.1 200 OK"
2026-08-18 04:22:27,112 - INFO - HTTP Request: POST http://localhost:8004/v1/chat/completions "HTTP/1.1 200 OK"
2026-08-18 04:22:33,130 - INFO - HTTP Request: POST http://localhost:8004/v1/chat/completions "HTTP/1.1 200 OK"
2026-08-18 04:22:37,778 - INFO - HTTP Request: POST http://localhost:8004/v1/chat/completions "HTTP/1.1 200 OK"
2026-08-18 04:22:37,778 - INFO - HTTP Request: POST http://localhost:8004/v1/chat/completions "HTTP/1.1 200 OK"


2026-08-18 04:22:38,872 - INFO - HTTP Request: POST http://localhost:8004/v1/chat/completions "HTTP/1.1 200 OK"

2026-08-18 04:22:47,982 - INFO - HTTP Request: POST http://localhost:8004/v1/chat/completions "HTTP/1.1 200 OK"

2026-08-18 04:23:03,805 - INFO - HTTP Request: POST http://localhost:8004/v1/chat/completions "HTTP/1.1 200 OK"
2026-08-18 04:23:03,806 - INFO - HTTP Request: POST http://localhost:8004/v1/chat/completions "HTTP/1.1 200 OK"
2026-08-18 04:23:05,402 - INFO - HTTP Request: POST http://localhost:8004/v1/chat/completions "HTTP/1.1 200 OK"
2026-08-18 04:23:14,854 - INFO - HTTP Request: POST http://localhost:8004/v1/chat/completions "HTTP/1.1 200 OK"
2026-08-18 04:23:16,900 - INFO - HTTP Request: POST http://localhost:8004/v1/chat/completions "HTTP/1.1 200 OK"

2026-08-18 04:23:17,773 - INFO - HTTP Request: POST http://localhost:8004/v1/chat/completions "HTTP/1.1 200 OK"

2026-08-18 04:23:17,775 - INFO - HTTP Request: POST http://localhost:8004/v1/chat/completions "HTTP/1.1 200 OK"

2026-08-18 04:23:29,496 - INFO - HTTP Request: POST http://localhost:8004/v1/chat/completions "HTTP/1.1 200 OK"

2026-08-18 04:23:41,200 - INFO - HTTP Request: POST http://localhost:8004/v1/chat/completions "HTTP/1.1 200 OK"
2026-08-18 04:23:42,434 - INFO - HTTP Request: POST http://localhost:8004/v1/chat/completions "HTTP/1.1 200 OK"
2026-08-18 04:23:42,435 - INFO - HTTP Request: POST http://localhost:8004/v1/chat/completions "HTTP/1.1 200 OK"
2026-08-18 04:23:53,601 - INFO - HTTP Request: POST http://localhost:8004/v1/chat/completions "HTTP/1.1 200 OK"
2026-08-18 04:23:54,842 - INFO - HTTP Request: POST http://localhost:8004/v1/chat/completions "HTTP/1.1 200 OK"

2026-08-18 04:23:55,506 - INFO - HTTP Request: POST http://localhost:8004/v1/chat/completions "HTTP/1.1 200 OK"

2026-08-18 04:23:56,383 - INFO - HTTP Request: POST http://localhost:8004/v1/chat/completions "HTTP/1.1 200 OK"

2026-08-18 04:24:08,108 - INFO - HTTP Request: POST http://localhost:8004/v1/chat/completions "HTTP/1.1 200 OK"

2026-08-18 04:24:18,735 - INFO - HTTP Request: POST http://localhost:8004/v1/chat/completions "HTTP/1.1 200 OK"
2026-08-18 04:24:20,190 - INFO - HTTP Request: POST http://localhost:8004/v1/chat/completions "HTTP/1.1 200 OK"
2026-08-18 04:24:20,950 - INFO - HTTP Request: POST http://localhost:8004/v1/chat/completions "HTTP/1.1 200 OK"
2026-08-18 04:24:32,493 - INFO - HTTP Request: POST http://localhost:8004/v1/chat/completions "HTTP/1.1 200 OK"
2026-08-18 04:24:32,494 - INFO - HTTP Request: POST http://localhost:8004/v1/chat/completions "HTTP/1.1 200 OK"

2026-08-18 04:24:33,239 - INFO - HTTP Request: POST http://localhost:8004/v1/chat/completions "HTTP/1.1 200 OK"

2026-08-18 04:24:34,178 - INFO - HTTP Request: POST http://localhost:8004/v1/chat/completions "HTTP/1.1 200 OK"

2026-08-18 04:24:45,027 - INFO - HTTP Request: POST http://localhost:8004/v1/chat/completions "HTTP/1.1 200 OK"

2026-08-18 04:24:52,186 - INFO - HTTP Request: POST http://localhost:8004/v1/chat/completions "HTTP/1.1 200 OK"
2026-08-18 04:24:53,478 - INFO - HTTP Request: POST http://localhost:8004/v1/chat/completions "HTTP/1.1 200 OK"
2026-08-18 04:24:54,490 - INFO - HTTP Request: POST http://localhost:8004/v1/chat/completions "HTTP/1.1 200 OK"
2026-08-18 04:25:02,253 - INFO - HTTP Request: POST http://localhost:8004/v1/chat/completions "HTTP/1.1 200 OK"

2026-08-18 04:25:03,777 - INFO - HTTP Request: POST http://localhost:8004/v1/chat/completions "HTTP/1.1 200 OK"

2026-08-18 04:25:05,733 - INFO - HTTP Request: POST http://localhost:8004/v1/chat/completions "HTTP/1.1 200 OK"
2026-08-18 04:25:06,426 - INFO - HTTP Request: POST http://localhost:8004/v1/chat/completions "HTTP/1.1 200 OK"

2026-08-18 04:25:14,924 - INFO - HTTP Request: POST http://localhost:8004/v1/chat/completions "HTTP/1.1 200 OK"

2026-08-18 04:25:31,180 - INFO - HTTP Request: POST http://localhost:8004/v1/chat/completions "HTTP/1.1 200 OK"
2026-08-18 04:25:33,006 - INFO - HTTP Request: POST http://localhost:8004/v1/chat/completions "HTTP/1.1 200 OK"
2026-08-18 04:25:35,527 - INFO - HTTP Request: POST http://localhost:8004/v1/chat/completions "HTTP/1.1 200 OK"
2026-08-18 04:25:44,371 - INFO - HTTP Request: POST http://localhost:8004/v1/chat/completions "HTTP/1.1 200 OK"
2026-08-18 04:25:45,752 - INFO - HTTP Request: POST http://localhost:8004/v1/chat/completions "HTTP/1.1 200 OK"

2026-08-18 04:25:46,407 - INFO - HTTP Request: POST http://localhost:8004/v1/chat/completions "HTTP/1.1 200 OK"

2026-08-18 04:25:49,671 - INFO - HTTP Request: POST http://localhost:8004/v1/chat/completions "HTTP/1.1 200 OK"

2026-08-18 04:25:55,964 - INFO - HTTP Request: POST http://localhost:8004/v1/chat/completions "HTTP/1.1 200 OK"

2026-08-18 04:26:05,718 - INFO - HTTP Request: POST http://localhost:8004/v1/chat/completions "HTTP/1.1 200 OK"
2026-08-18 04:26:06,681 - INFO - HTTP Request: POST http://localhost:8004/v1/chat/completions "HTTP/1.1 200 OK"
2026-08-18 04:26:10,071 - INFO - HTTP Request: POST http://localhost:8004/v1/chat/completions "HTTP/1.1 200 OK"
2026-08-18 04:26:16,744 - INFO - HTTP Request: POST http://localhost:8004/v1/chat/completions "HTTP/1.1 200 OK"
2026-08-18 04:26:18,134 - INFO - HTTP Request: POST http://localhost:8004/v1/chat/completions "HTTP/1.1 200 OK"

2026-08-18 04:26:22,702 - INFO - HTTP Request: POST http://localhost:8004/v1/chat/completions "HTTP/1.1 200 OK"

2026-08-18 04:26:24,443 - INFO - HTTP Request: POST http://localhost:8004/v1/chat/completions "HTTP/1.1 200 OK"

2026-08-18 04:26:29,872 - INFO - HTTP Request: POST http://localhost:8004/v1/chat/completions "HTTP/1.1 200 OK"

2026-08-18 04:26:47,218 - INFO - HTTP Request: POST http://localhost:8004/v1/chat/completions "HTTP/1.1 200 OK"
2026-08-18 04:26:52,091 - INFO - HTTP Request: POST http://localhost:8004/v1/chat/completions "HTTP/1.1 200 OK"
2026-08-18 04:26:54,196 - INFO - HTTP Request: POST http://localhost:8004/v1/chat/completions "HTTP/1.1 200 OK"
2026-08-18 04:26:59,781 - INFO - HTTP Request: POST http://localhost:8004/v1/chat/completions "HTTP/1.1 200 OK"
2026-08-18 04:27:00,734 - INFO - HTTP Request: POST http://localhost:8004/v1/chat/completions "HTTP/1.1 200 OK"

2026-08-18 04:27:09,440 - INFO - HTTP Request: POST http://localhost:8004/v1/chat/completions "HTTP/1.1 200 OK"

2026-08-18 04:27:10,319 - INFO - HTTP Request: POST http://localhost:8004/v1/chat/completions "HTTP/1.1 200 OK"

2026-08-18 04:27:15,103 - INFO - HTTP Request: POST http://localhost:8004/v1/chat/completions "HTTP/1.1 200 OK"

2026-08-18 04:27:33,754 - INFO - HTTP Request: POST http://localhost:8004/v1/chat/completions "HTTP/1.1 200 OK"
2026-08-18 04:27:42,100 - INFO - HTTP Request: POST http://localhost:8004/v1/chat/completions "HTTP/1.1 200 OK"
2026-08-18 04:27:43,336 - INFO - HTTP Request: POST http://localhost:8004/v1/chat/completions "HTTP/1.1 200 OK"
2026-08-18 04:27:44,790 - INFO - HTTP Request: POST http://localhost:8004/v1/chat/completions "HTTP/1.1 200 OK"

r5_cfg4:  10%|█         | 5/50 [11:37<1:54:55, 153.23s/it]2026-08-18 04:27:48,922 - INFO - HTTP Request: POST http://localhost:8004/v1/chat/completions "HTTP/1.1 200 OK"
2026-08-18 04:27:55,960 - INFO - HTTP Request: POST http://localhost:8004/v1/chat/completions "HTTP/1.1 200 OK"

r5_cfg4:  12%|█▏        | 6/50 [11:48<1:16:56, 104.93s/it]2026-08-18 04:27:57,267 - INFO - HTTP Request: POST http://localhost:8004/v1/chat/completions "HTTP/1.1 200 OK"

r5_cfg4:  14%|█▍        | 7/50 [11:49<50:55, 71.05s/it]   2026-08-18 04:28:00,524 - INFO - HTTP Request: POST http://localhost:8004/v1/chat/completions "HTTP/1.1 200 OK"

r5_cfg4:  16%|█▌        | 8/50 [11:53<34:37, 49.47s/it]2026-08-18 04:28:06,808 - INFO - HTTP Request: POST http://localhost:8004/v1/chat/completions "HTTP/1.1 200 OK"
2026-08-18 04:28:18,239 - INFO - HTTP Request: POST http://localhost:8004/v1/chat/completions "HTTP/1.1 200 OK"
2026-08-18 04:28:19,854 - INFO - HTTP Request: POST http://localhost:8004/v1/chat/completions "HTTP/1.1 200 OK"
2026-08-18 04:28:23,114 - INFO - HTTP Request: POST http://localhost:8004/v1/chat/completions "HTTP/1.1 200 OK"

2026-08-18 04:28:23,331 - INFO - HTTP Request: POST http://localhost:8004/v1/chat/completions "HTTP/1.1 200 OK"
2026-08-18 04:28:31,735 - INFO - HTTP Request: POST http://localhost:8004/v1/chat/completions "HTTP/1.1 200 OK"

2026-08-18 04:28:34,125 - INFO - HTTP Request: POST http://localhost:8004/v1/chat/completions "HTTP/1.1 200 OK"

2026-08-18 04:28:37,813 - INFO - HTTP Request: POST http://localhost:8004/v1/chat/completions "HTTP/1.1 200 OK"

2026-08-18 04:28:49,307 - INFO - HTTP Request: POST http://localhost:8004/v1/chat/completions "HTTP/1.1 200 OK"
2026-08-18 04:28:58,141 - INFO - HTTP Request: POST http://localhost:8004/v1/chat/completions "HTTP/1.1 200 OK"
2026-08-18 04:29:00,894 - INFO - HTTP Request: POST http://localhost:8004/v1/chat/completions "HTTP/1.1 200 OK"
2026-08-18 04:29:04,374 - INFO - HTTP Request: POST http://localhost:8004/v1/chat/completions "HTTP/1.1 200 OK"

2026-08-18 04:29:04,808 - INFO - HTTP Request: POST http://localhost:8004/v1/chat/completions "HTTP/1.1 200 OK"
2026-08-18 04:29:09,083 - INFO - HTTP Request: POST http://localhost:8004/v1/chat/completions "HTTP/1.1 200 OK"

2026-08-18 04:29:11,907 - INFO - HTTP Request: POST http://localhost:8004/v1/chat/completions "HTTP/1.1 200 OK"

2026-08-18 04:29:17,548 - INFO - HTTP Request: POST http://localhost:8004/v1/chat/completions "HTTP/1.1 200 OK"

2026-08-18 04:29:28,818 - INFO - HTTP Request: POST http://localhost:8004/v1/chat/completions "HTTP/1.1 200 OK"
2026-08-18 04:29:33,744 - INFO - HTTP Request: POST http://localhost:8004/v1/chat/completions "HTTP/1.1 200 OK"
2026-08-18 04:29:36,881 - INFO - HTTP Request: POST http://localhost:8004/v1/chat/completions "HTTP/1.1 200 OK"
2026-08-18 04:29:42,752 - INFO - HTTP Request: POST http://localhost:8004/v1/chat/completions "HTTP/1.1 200 OK"
2026-08-18 04:29:47,465 - INFO - HTTP Request: POST http://localhost:8004/v1/chat/completions "HTTP/1.1 200 OK"

2026-08-18 04:29:49,214 - INFO - HTTP Request: POST http://localhost:8004/v1/chat/completions "HTTP/1.1 200 OK"

2026-08-18 04:29:50,310 - INFO - HTTP Request: POST http://localhost:8004/v1/chat/completions "HTTP/1.1 200 OK"

2026-08-18 04:29:53,572 - INFO - HTTP Request: POST http://localhost:8004/v1/chat/completions "HTTP/1.1 200 OK"

2026-08-18 04:30:11,568 - INFO - HTTP Request: POST http://localhost:8004/v1/chat/completions "HTTP/1.1 200 OK"
2026-08-18 04:30:13,451 - INFO - HTTP Request: POST http://localhost:8004/v1/chat/completions "HTTP/1.1 200 OK"
2026-08-18 04:30:14,748 - INFO - HTTP Request: POST http://localhost:8004/v1/chat/completions "HTTP/1.1 200 OK"
2026-08-18 04:30:18,541 - INFO - HTTP Request: POST http://localhost:8004/v1/chat/completions "HTTP/1.1 200 OK"
2026-08-18 04:30:25,648 - INFO - HTTP Request: POST http://localhost:8004/v1/chat/completions "HTTP/1.1 200 OK"

2026-08-18 04:30:27,397 - INFO - HTTP Request: POST http://localhost:8004/v1/chat/completions "HTTP/1.1 200 OK"

2026-08-18 04:30:28,059 - INFO - HTTP Request: POST http://localhost:8004/v1/chat/completions "HTTP/1.1 200 OK"

2026-08-18 04:30:31,101 - INFO - HTTP Request: POST http://localhost:8004/v1/chat/completions "HTTP/1.1 200 OK"

2026-08-18 04:30:45,407 - INFO - HTTP Request: POST http://localhost:8004/v1/chat/completions "HTTP/1.1 200 OK"
2026-08-18 04:30:47,509 - INFO - HTTP Request: POST http://localhost:8004/v1/chat/completions "HTTP/1.1 200 OK"
2026-08-18 04:30:48,473 - INFO - HTTP Request: POST http://localhost:8004/v1/chat/completions "HTTP/1.1 200 OK"
2026-08-18 04:30:51,726 - INFO - HTTP Request: POST http://localhost:8004/v1/chat/completions "HTTP/1.1 200 OK"
2026-08-18 04:30:57,744 - INFO - HTTP Request: POST http://localhost:8004/v1/chat/completions "HTTP/1.1 200 OK"

2026-08-18 04:31:00,138 - INFO - HTTP Request: POST http://localhost:8004/v1/chat/completions "HTTP/1.1 200 OK"

2026-08-18 04:31:02,095 - INFO - HTTP Request: POST http://localhost:8004/v1/chat/completions "HTTP/1.1 200 OK"

2026-08-18 04:31:02,749 - INFO - HTTP Request: POST http://localhost:8004/v1/chat/completions "HTTP/1.1 200 OK"

2026-08-18 04:31:26,373 - INFO - HTTP Request: POST http://localhost:8004/v1/chat/completions "HTTP/1.1 200 OK"
2026-08-18 04:31:29,124 - INFO - HTTP Request: POST http://localhost:8004/v1/chat/completions "HTTP/1.1 200 OK"
2026-08-18 04:31:31,389 - INFO - HTTP Request: POST http://localhost:8004/v1/chat/completions "HTTP/1.1 200 OK"
2026-08-18 04:31:32,254 - INFO - HTTP Request: POST http://localhost:8004/v1/chat/completions "HTTP/1.1 200 OK"
2026-08-18 04:31:41,528 - INFO - HTTP Request: POST http://localhost:8004/v1/chat/completions "HTTP/1.1 200 OK"

2026-08-18 04:31:43,489 - INFO - HTTP Request: POST http://localhost:8004/v1/chat/completions "HTTP/1.1 200 OK"

2026-08-18 04:31:43,923 - INFO - HTTP Request: POST http://localhost:8004/v1/chat/completions "HTTP/1.1 200 OK"

2026-08-18 04:31:44,580 - INFO - HTTP Request: POST http://localhost:8004/v1/chat/completions "HTTP/1.1 200 OK"

2026-08-18 04:32:01,485 - INFO - HTTP Request: POST http://localhost:8004/v1/chat/completions "HTTP/1.1 200 OK"
2026-08-18 04:32:03,805 - INFO - HTTP Request: POST http://localhost:8004/v1/chat/completions "HTTP/1.1 200 OK"
2026-08-18 04:32:04,239 - INFO - HTTP Request: POST http://localhost:8004/v1/chat/completions "HTTP/1.1 200 OK"
2026-08-18 04:32:05,417 - INFO - HTTP Request: POST http://localhost:8004/v1/chat/completions "HTTP/1.1 200 OK"
2026-08-18 04:32:14,695 - INFO - HTTP Request: POST http://localhost:8004/v1/chat/completions "HTTP/1.1 200 OK"

2026-08-18 04:32:17,309 - INFO - HTTP Request: POST http://localhost:8004/v1/chat/completions "HTTP/1.1 200 OK"

2026-08-18 04:32:24,486 - INFO - HTTP Request: POST http://localhost:8004/v1/chat/completions "HTTP/1.1 200 OK"

2026-08-18 04:32:25,358 - INFO - HTTP Request: POST http://localhost:8004/v1/chat/completions "HTTP/1.1 200 OK"

2026-08-18 04:32:43,788 - INFO - HTTP Request: POST http://localhost:8004/v1/chat/completions "HTTP/1.1 200 OK"
2026-08-18 04:32:46,607 - INFO - HTTP Request: POST http://localhost:8004/v1/chat/completions "HTTP/1.1 200 OK"
2026-08-18 04:32:53,919 - INFO - HTTP Request: POST http://localhost:8004/v1/chat/completions "HTTP/1.1 200 OK"
2026-08-18 04:32:55,103 - INFO - HTTP Request: POST http://localhost:8004/v1/chat/completions "HTTP/1.1 200 OK"
2026-08-18 04:32:57,651 - INFO - HTTP Request: POST http://localhost:8004/v1/chat/completions "HTTP/1.1 200 OK"

2026-08-18 04:32:57,869 - INFO - HTTP Request: POST http://localhost:8004/v1/chat/completions "HTTP/1.1 200 OK"

2026-08-18 04:33:07,664 - INFO - HTTP Request: POST http://localhost:8004/v1/chat/completions "HTTP/1.1 200 OK"

2026-08-18 04:33:08,544 - INFO - HTTP Request: POST http://localhost:8004/v1/chat/completions "HTTP/1.1 200 OK"

2026-08-18 04:33:30,231 - INFO - HTTP Request: POST http://localhost:8004/v1/chat/completions "HTTP/1.1 200 OK"
2026-08-18 04:33:31,099 - INFO - HTTP Request: POST http://localhost:8004/v1/chat/completions "HTTP/1.1 200 OK"
2026-08-18 04:33:39,278 - INFO - HTTP Request: POST http://localhost:8004/v1/chat/completions "HTTP/1.1 200 OK"
2026-08-18 04:33:42,205 - INFO - HTTP Request: POST http://localhost:8004/v1/chat/completions "HTTP/1.1 200 OK"
2026-08-18 04:33:43,879 - INFO - HTTP Request: POST http://localhost:8004/v1/chat/completions "HTTP/1.1 200 OK"

r5_cfg4:  18%|█▊        | 9/50 [17:36<1:36:35, 141.34s/it]2026-08-18 04:33:49,542 - INFO - HTTP Request: POST http://localhost:8004/v1/chat/completions "HTTP/1.1 200 OK"

r5_cfg4:  20%|██        | 10/50 [17:42<1:06:18, 99.46s/it]2026-08-18 04:33:53,026 - INFO - HTTP Request: POST http://localhost:8004/v1/chat/completions "HTTP/1.1 200 OK"

r5_cfg4:  22%|██▏       | 11/50 [17:45<45:33, 70.08s/it]  2026-08-18 04:33:56,501 - INFO - HTTP Request: POST http://localhost:8004/v1/chat/completions "HTTP/1.1 200 OK"

r5_cfg4:  24%|██▍       | 12/50 [17:49<31:33, 49.82s/it]2026-08-18 04:34:05,603 - INFO - HTTP Request: POST http://localhost:8004/v1/chat/completions "HTTP/1.1 200 OK"
2026-08-18 04:34:11,552 - INFO - HTTP Request: POST http://localhost:8004/v1/chat/completions "HTTP/1.1 200 OK"
2026-08-18 04:34:15,173 - INFO - HTTP Request: POST http://localhost:8004/v1/chat/completions "HTTP/1.1 200 OK"
2026-08-18 04:34:19,156 - INFO - HTTP Request: POST http://localhost:8004/v1/chat/completions "HTTP/1.1 200 OK"
2026-08-18 04:34:21,861 - INFO - HTTP Request: POST http://localhost:8004/v1/chat/completions "HTTP/1.1 200 OK"

2026-08-18 04:34:24,038 - INFO - HTTP Request: POST http://localhost:8004/v1/chat/completions "HTTP/1.1 200 OK"

2026-08-18 04:34:25,994 - INFO - HTTP Request: POST http://localhost:8004/v1/chat/completions "HTTP/1.1 200 OK"

2026-08-18 04:34:31,203 - INFO - HTTP Request: POST http://localhost:8004/v1/chat/completions "HTTP/1.1 200 OK"

2026-08-18 04:34:47,891 - INFO - HTTP Request: POST http://localhost:8004/v1/chat/completions "HTTP/1.1 200 OK"
2026-08-18 04:34:50,370 - INFO - HTTP Request: POST http://localhost:8004/v1/chat/completions "HTTP/1.1 200 OK"
2026-08-18 04:34:52,691 - INFO - HTTP Request: POST http://localhost:8004/v1/chat/completions "HTTP/1.1 200 OK"
2026-08-18 04:34:57,984 - INFO - HTTP Request: POST http://localhost:8004/v1/chat/completions "HTTP/1.1 200 OK"
2026-08-18 04:35:03,790 - INFO - HTTP Request: POST http://localhost:8004/v1/chat/completions "HTTP/1.1 200 OK"

2026-08-18 04:35:04,225 - INFO - HTTP Request: POST http://localhost:8004/v1/chat/completions "HTTP/1.1 200 OK"

2026-08-18 04:35:05,536 - INFO - HTTP Request: POST http://localhost:8004/v1/chat/completions "HTTP/1.1 200 OK"

2026-08-18 04:35:07,275 - INFO - HTTP Request: POST http://localhost:8004/v1/chat/completions "HTTP/1.1 200 OK"

2026-08-18 04:35:26,999 - INFO - HTTP Request: POST http://localhost:8004/v1/chat/completions "HTTP/1.1 200 OK"
2026-08-18 04:35:28,828 - INFO - HTTP Request: POST http://localhost:8004/v1/chat/completions "HTTP/1.1 200 OK"
2026-08-18 04:35:30,202 - INFO - HTTP Request: POST http://localhost:8004/v1/chat/completions "HTTP/1.1 200 OK"
2026-08-18 04:35:32,305 - INFO - HTTP Request: POST http://localhost:8004/v1/chat/completions "HTTP/1.1 200 OK"
2026-08-18 04:35:40,285 - INFO - HTTP Request: POST http://localhost:8004/v1/chat/completions "HTTP/1.1 200 OK"

2026-08-18 04:35:40,286 - INFO - HTTP Request: POST http://localhost:8004/v1/chat/completions "HTTP/1.1 200 OK"

2026-08-18 04:35:41,813 - INFO - HTTP Request: POST http://localhost:8004/v1/chat/completions "HTTP/1.1 200 OK"

2026-08-18 04:35:42,030 - INFO - HTTP Request: POST http://localhost:8004/v1/chat/completions "HTTP/1.1 200 OK"

2026-08-18 04:36:04,358 - INFO - HTTP Request: POST http://localhost:8004/v1/chat/completions "HTTP/1.1 200 OK"
2026-08-18 04:36:04,359 - INFO - HTTP Request: POST http://localhost:8004/v1/chat/completions "HTTP/1.1 200 OK"
2026-08-18 04:36:05,736 - INFO - HTTP Request: POST http://localhost:8004/v1/chat/completions "HTTP/1.1 200 OK"
2026-08-18 04:36:06,916 - INFO - HTTP Request: POST http://localhost:8004/v1/chat/completions "HTTP/1.1 200 OK"
2026-08-18 04:36:17,675 - INFO - HTTP Request: POST http://localhost:8004/v1/chat/completions "HTTP/1.1 200 OK"

2026-08-18 04:36:18,340 - INFO - HTTP Request: POST http://localhost:8004/v1/chat/completions "HTTP/1.1 200 OK"

2026-08-18 04:36:19,653 - INFO - HTTP Request: POST http://localhost:8004/v1/chat/completions "HTTP/1.1 200 OK"

2026-08-18 04:36:21,398 - INFO - HTTP Request: POST http://localhost:8004/v1/chat/completions "HTTP/1.1 200 OK"

2026-08-18 04:36:37,436 - INFO - HTTP Request: POST http://localhost:8004/v1/chat/completions "HTTP/1.1 200 OK"
2026-08-18 04:36:37,653 - INFO - HTTP Request: POST http://localhost:8004/v1/chat/completions "HTTP/1.1 200 OK"
2026-08-18 04:36:39,471 - INFO - HTTP Request: POST http://localhost:8004/v1/chat/completions "HTTP/1.1 200 OK"
2026-08-18 04:36:42,006 - INFO - HTTP Request: POST http://localhost:8004/v1/chat/completions "HTTP/1.1 200 OK"
2026-08-18 04:36:49,940 - INFO - HTTP Request: POST http://localhost:8004/v1/chat/completions "HTTP/1.1 200 OK"

2026-08-18 04:36:50,597 - INFO - HTTP Request: POST http://localhost:8004/v1/chat/completions "HTTP/1.1 200 OK"

2026-08-18 04:36:54,730 - INFO - HTTP Request: POST http://localhost:8004/v1/chat/completions "HTTP/1.1 200 OK"

2026-08-18 04:36:54,731 - INFO - HTTP Request: POST http://localhost:8004/v1/chat/completions "HTTP/1.1 200 OK"

2026-08-18 04:37:18,578 - INFO - HTTP Request: POST http://localhost:8004/v1/chat/completions "HTTP/1.1 200 OK"
2026-08-18 04:37:19,298 - INFO - HTTP Request: POST http://localhost:8004/v1/chat/completions "HTTP/1.1 200 OK"
2026-08-18 04:37:23,733 - INFO - HTTP Request: POST http://localhost:8004/v1/chat/completions "HTTP/1.1 200 OK"
2026-08-18 04:37:23,734 - INFO - HTTP Request: POST http://localhost:8004/v1/chat/completions "HTTP/1.1 200 OK"
2026-08-18 04:37:32,009 - INFO - HTTP Request: POST http://localhost:8004/v1/chat/completions "HTTP/1.1 200 OK"

2026-08-18 04:37:35,712 - INFO - HTTP Request: POST http://localhost:8004/v1/chat/completions "HTTP/1.1 200 OK"

2026-08-18 04:37:35,929 - INFO - HTTP Request: POST http://localhost:8004/v1/chat/completions "HTTP/1.1 200 OK"

2026-08-18 04:37:37,238 - INFO - HTTP Request: POST http://localhost:8004/v1/chat/completions "HTTP/1.1 200 OK"

2026-08-18 04:37:51,976 - INFO - HTTP Request: POST http://localhost:8004/v1/chat/completions "HTTP/1.1 200 OK"
2026-08-18 04:37:55,736 - INFO - HTTP Request: POST http://localhost:8004/v1/chat/completions "HTTP/1.1 200 OK"
2026-08-18 04:37:55,953 - INFO - HTTP Request: POST http://localhost:8004/v1/chat/completions "HTTP/1.1 200 OK"
2026-08-18 04:37:57,983 - INFO - HTTP Request: POST http://localhost:8004/v1/chat/completions "HTTP/1.1 200 OK"
2026-08-18 04:38:02,426 - INFO - HTTP Request: POST http://localhost:8004/v1/chat/completions "HTTP/1.1 200 OK"

2026-08-18 04:38:09,175 - INFO - HTTP Request: POST http://localhost:8004/v1/chat/completions "HTTP/1.1 200 OK"

2026-08-18 04:38:10,048 - INFO - HTTP Request: POST http://localhost:8004/v1/chat/completions "HTTP/1.1 200 OK"

2026-08-18 04:38:16,997 - INFO - HTTP Request: POST http://localhost:8004/v1/chat/completions "HTTP/1.1 200 OK"

2026-08-18 04:38:31,525 - INFO - HTTP Request: POST http://localhost:8004/v1/chat/completions "HTTP/1.1 200 OK"
2026-08-18 04:38:38,324 - INFO - HTTP Request: POST http://localhost:8004/v1/chat/completions "HTTP/1.1 200 OK"
2026-08-18 04:38:39,556 - INFO - HTTP Request: POST http://localhost:8004/v1/chat/completions "HTTP/1.1 200 OK"
2026-08-18 04:38:44,708 - INFO - HTTP Request: POST http://localhost:8004/v1/chat/completions "HTTP/1.1 200 OK"

2026-08-18 04:38:46,893 - INFO - HTTP Request: POST http://localhost:8004/v1/chat/completions "HTTP/1.1 200 OK"
2026-08-18 04:38:52,864 - INFO - HTTP Request: POST http://localhost:8004/v1/chat/completions "HTTP/1.1 200 OK"

2026-08-18 04:38:58,091 - INFO - HTTP Request: POST http://localhost:8004/v1/chat/completions "HTTP/1.1 200 OK"

2026-08-18 04:39:01,791 - INFO - HTTP Request: POST http://localhost:8004/v1/chat/completions "HTTP/1.1 200 OK"

2026-08-18 04:39:18,057 - INFO - HTTP Request: POST http://localhost:8004/v1/chat/completions "HTTP/1.1 200 OK"
2026-08-18 04:39:25,510 - INFO - HTTP Request: POST http://localhost:8004/v1/chat/completions "HTTP/1.1 200 OK"
2026-08-18 04:39:30,172 - INFO - HTTP Request: POST http://localhost:8004/v1/chat/completions "HTTP/1.1 200 OK"

r5_cfg4:  26%|██▌       | 13/50 [23:22<1:23:44, 135.81s/it]2026-08-18 04:39:30,825 - INFO - HTTP Request: POST http://localhost:8004/v1/chat/completions "HTTP/1.1 200 OK"
2026-08-18 04:39:35,542 - INFO - HTTP Request: POST http://localhost:8004/v1/chat/completions "HTTP/1.1 200 OK"
2026-08-18 04:39:39,991 - INFO - HTTP Request: POST http://localhost:8004/v1/chat/completions "HTTP/1.1 200 OK"

r5_cfg4:  28%|██▊       | 14/50 [23:32<58:39, 97.75s/it]   2026-08-18 04:39:44,126 - INFO - HTTP Request: POST http://localhost:8004/v1/chat/completions "HTTP/1.1 200 OK"

r5_cfg4:  30%|███       | 15/50 [23:36<40:33, 69.53s/it]2026-08-18 04:39:45,214 - INFO - HTTP Request: POST http://localhost:8004/v1/chat/completions "HTTP/1.1 200 OK"

r5_cfg4:  32%|███▏      | 16/50 [23:37<27:43, 48.93s/it]2026-08-18 04:39:52,580 - INFO - HTTP Request: POST http://localhost:8004/v1/chat/completions "HTTP/1.1 200 OK"
2026-08-18 04:40:01,699 - INFO - HTTP Request: POST http://localhost:8004/v1/chat/completions "HTTP/1.1 200 OK"
2026-08-18 04:40:06,180 - INFO - HTTP Request: POST http://localhost:8004/v1/chat/completions "HTTP/1.1 200 OK"
2026-08-18 04:40:07,800 - INFO - HTTP Request: POST http://localhost:8004/v1/chat/completions "HTTP/1.1 200 OK"
2026-08-18 04:40:08,532 - INFO - HTTP Request: POST http://localhost:8004/v1/chat/completions "HTTP/1.1 200 OK"

2026-08-18 04:40:13,551 - INFO - HTTP Request: POST http://localhost:8004/v1/chat/completions "HTTP/1.1 200 OK"

2026-08-18 04:40:17,900 - INFO - HTTP Request: POST http://localhost:8004/v1/chat/completions "HTTP/1.1 200 OK"

2026-08-18 04:40:22,242 - INFO - HTTP Request: POST http://localhost:8004/v1/chat/completions "HTTP/1.1 200 OK"

2026-08-18 04:40:34,598 - INFO - HTTP Request: POST http://localhost:8004/v1/chat/completions "HTTP/1.1 200 OK"
2026-08-18 04:40:39,810 - INFO - HTTP Request: POST http://localhost:8004/v1/chat/completions "HTTP/1.1 200 OK"
2026-08-18 04:40:44,291 - INFO - HTTP Request: POST http://localhost:8004/v1/chat/completions "HTTP/1.1 200 OK"
2026-08-18 04:40:45,525 - INFO - HTTP Request: POST http://localhost:8004/v1/chat/completions "HTTP/1.1 200 OK"

2026-08-18 04:40:49,005 - INFO - HTTP Request: POST http://localhost:8004/v1/chat/completions "HTTP/1.1 200 OK"
2026-08-18 04:40:51,323 - INFO - HTTP Request: POST http://localhost:8004/v1/chat/completions "HTTP/1.1 200 OK"

2026-08-18 04:40:54,152 - INFO - HTTP Request: POST http://localhost:8004/v1/chat/completions "HTTP/1.1 200 OK"

2026-08-18 04:41:09,130 - INFO - HTTP Request: POST http://localhost:8004/v1/chat/completions "HTTP/1.1 200 OK"

2026-08-18 04:41:09,131 - INFO - HTTP Request: POST http://localhost:8004/v1/chat/completions "HTTP/1.1 200 OK"
2026-08-18 04:41:15,920 - INFO - HTTP Request: POST http://localhost:8004/v1/chat/completions "HTTP/1.1 200 OK"
2026-08-18 04:41:18,881 - INFO - HTTP Request: POST http://localhost:8004/v1/chat/completions "HTTP/1.1 200 OK"
2026-08-18 04:41:20,546 - INFO - HTTP Request: POST http://localhost:8004/v1/chat/completions "HTTP/1.1 200 OK"

2026-08-18 04:41:30,114 - INFO - HTTP Request: POST http://localhost:8004/v1/chat/completions "HTTP/1.1 200 OK"

2026-08-18 04:41:31,859 - INFO - HTTP Request: POST http://localhost:8004/v1/chat/completions "HTTP/1.1 200 OK"

2026-08-18 04:41:34,250 - INFO - HTTP Request: POST http://localhost:8004/v1/chat/completions "HTTP/1.1 200 OK"
2026-08-18 04:41:44,812 - INFO - HTTP Request: POST http://localhost:8004/v1/chat/completions "HTTP/1.1 200 OK"
2026-08-18 04:41:54,593 - INFO - HTTP Request: POST http://localhost:8004/v1/chat/completions "HTTP/1.1 200 OK"
2026-08-18 04:41:56,039 - INFO - HTTP Request: POST http://localhost:8004/v1/chat/completions "HTTP/1.1 200 OK"
2026-08-18 04:41:56,258 - INFO - HTTP Request: POST http://localhost:8004/v1/chat/completions "HTTP/1.1 200 OK"

2026-08-18 04:41:57,883 - INFO - HTTP Request: POST http://localhost:8004/v1/chat/completions "HTTP/1.1 200 OK"

2026-08-18 04:42:07,015 - INFO - HTTP Request: POST http://localhost:8004/v1/chat/completions "HTTP/1.1 200 OK"

2026-08-18 04:42:08,763 - INFO - HTTP Request: POST http://localhost:8004/v1/chat/completions "HTTP/1.1 200 OK"

2026-08-18 04:42:17,651 - INFO - HTTP Request: POST http://localhost:8004/v1/chat/completions "HTTP/1.1 200 OK"
2026-08-18 04:42:20,910 - INFO - HTTP Request: POST http://localhost:8004/v1/chat/completions "HTTP/1.1 200 OK"
2026-08-18 04:42:26,982 - INFO - HTTP Request: POST http://localhost:8004/v1/chat/completions "HTTP/1.1 200 OK"
2026-08-18 04:42:28,862 - INFO - HTTP Request: POST http://localhost:8004/v1/chat/completions "HTTP/1.1 200 OK"
2026-08-18 04:42:31,837 - INFO - HTTP Request: POST http://localhost:8004/v1/chat/completions "HTTP/1.1 200 OK"

2026-08-18 04:42:33,581 - INFO - HTTP Request: POST http://localhost:8004/v1/chat/completions "HTTP/1.1 200 OK"

2026-08-18 04:42:40,323 - INFO - HTTP Request: POST http://localhost:8004/v1/chat/completions "HTTP/1.1 200 OK"

2026-08-18 04:42:41,844 - INFO - HTTP Request: POST http://localhost:8004/v1/chat/completions "HTTP/1.1 200 OK"

2026-08-18 04:42:53,335 - INFO - HTTP Request: POST http://localhost:8004/v1/chat/completions "HTTP/1.1 200 OK"
2026-08-18 04:43:00,808 - INFO - HTTP Request: POST http://localhost:8004/v1/chat/completions "HTTP/1.1 200 OK"
2026-08-18 04:43:07,548 - INFO - HTTP Request: POST http://localhost:8004/v1/chat/completions "HTTP/1.1 200 OK"

2026-08-18 04:43:09,504 - INFO - HTTP Request: POST http://localhost:8004/v1/chat/completions "HTTP/1.1 200 OK"
2026-08-18 04:43:11,163 - INFO - HTTP Request: POST http://localhost:8004/v1/chat/completions "HTTP/1.1 200 OK"
2026-08-18 04:43:12,126 - INFO - HTTP Request: POST http://localhost:8004/v1/chat/completions "HTTP/1.1 200 OK"

2026-08-18 04:43:21,900 - INFO - HTTP Request: POST http://localhost:8004/v1/chat/completions "HTTP/1.1 200 OK"

2026-08-18 04:43:24,942 - INFO - HTTP Request: POST http://localhost:8004/v1/chat/completions "HTTP/1.1 200 OK"

2026-08-18 04:43:32,097 - INFO - HTTP Request: POST http://localhost:8004/v1/chat/completions "HTTP/1.1 200 OK"
2026-08-18 04:43:36,880 - INFO - HTTP Request: POST http://localhost:8004/v1/chat/completions "HTTP/1.1 200 OK"
2026-08-18 04:43:42,407 - INFO - HTTP Request: POST http://localhost:8004/v1/chat/completions "HTTP/1.1 200 OK"
2026-08-18 04:43:45,591 - INFO - HTTP Request: POST http://localhost:8004/v1/chat/completions "HTTP/1.1 200 OK"
2026-08-18 04:43:46,827 - INFO - HTTP Request: POST http://localhost:8004/v1/chat/completions "HTTP/1.1 200 OK"

2026-08-18 04:43:50,093 - INFO - HTTP Request: POST http://localhost:8004/v1/chat/completions "HTTP/1.1 200 OK"

2026-08-18 04:43:54,225 - INFO - HTTP Request: POST http://localhost:8004/v1/chat/completions "HTTP/1.1 200 OK"

2026-08-18 04:43:59,656 - INFO - HTTP Request: POST http://localhost:8004/v1/chat/completions "HTTP/1.1 200 OK"

2026-08-18 04:44:10,068 - INFO - HTTP Request: POST http://localhost:8004/v1/chat/completions "HTTP/1.1 200 OK"
2026-08-18 04:44:16,294 - INFO - HTTP Request: POST http://localhost:8004/v1/chat/completions "HTTP/1.1 200 OK"
2026-08-18 04:44:23,911 - INFO - HTTP Request: POST http://localhost:8004/v1/chat/completions "HTTP/1.1 200 OK"
2026-08-18 04:44:28,402 - INFO - HTTP Request: POST http://localhost:8004/v1/chat/completions "HTTP/1.1 200 OK"

2026-08-18 04:44:29,492 - INFO - HTTP Request: POST http://localhost:8004/v1/chat/completions "HTTP/1.1 200 OK"
2026-08-18 04:44:30,466 - INFO - HTTP Request: POST http://localhost:8004/v1/chat/completions "HTTP/1.1 200 OK"

2026-08-18 04:44:35,034 - INFO - HTTP Request: POST http://localhost:8004/v1/chat/completions "HTTP/1.1 200 OK"

2026-08-18 04:44:40,041 - INFO - HTTP Request: POST http://localhost:8004/v1/chat/completions "HTTP/1.1 200 OK"

2026-08-18 04:44:57,833 - INFO - HTTP Request: POST http://localhost:8004/v1/chat/completions "HTTP/1.1 200 OK"
2026-08-18 04:45:03,360 - INFO - HTTP Request: POST http://localhost:8004/v1/chat/completions "HTTP/1.1 200 OK"
2026-08-18 04:45:08,152 - INFO - HTTP Request: POST http://localhost:8004/v1/chat/completions "HTTP/1.1 200 OK"
2026-08-18 04:45:13,732 - INFO - HTTP Request: POST http://localhost:8004/v1/chat/completions "HTTP/1.1 200 OK"
2026-08-18 04:45:13,950 - INFO - HTTP Request: POST http://localhost:8004/v1/chat/completions "HTTP/1.1 200 OK"

2026-08-18 04:45:16,236 - INFO - HTTP Request: POST http://localhost:8004/v1/chat/completions "HTTP/1.1 200 OK"

r5_cfg4:  34%|███▍      | 17/50 [29:08<1:13:33, 133.76s/it]2026-08-18 04:45:21,672 - INFO - HTTP Request: POST http://localhost:8004/v1/chat/completions "HTTP/1.1 200 OK"

r5_cfg4:  36%|███▌      | 18/50 [29:14<50:46, 95.20s/it]   2026-08-18 04:45:32,319 - INFO - HTTP Request: POST http://localhost:8004/v1/chat/completions "HTTP/1.1 200 OK"

r5_cfg4:  38%|███▊      | 19/50 [29:24<36:03, 69.80s/it]2026-08-18 04:45:38,170 - INFO - HTTP Request: POST http://localhost:8004/v1/chat/completions "HTTP/1.1 200 OK"
2026-08-18 04:45:43,904 - INFO - HTTP Request: POST http://localhost:8004/v1/chat/completions "HTTP/1.1 200 OK"
2026-08-18 04:45:47,254 - INFO - HTTP Request: POST http://localhost:8004/v1/chat/completions "HTTP/1.1 200 OK"
2026-08-18 04:45:51,485 - INFO - HTTP Request: POST http://localhost:8004/v1/chat/completions "HTTP/1.1 200 OK"

2026-08-18 04:45:52,793 - INFO - HTTP Request: POST http://localhost:8004/v1/chat/completions "HTTP/1.1 200 OK"

2026-08-18 04:45:55,184 - INFO - HTTP Request: POST http://localhost:8004/v1/chat/completions "HTTP/1.1 200 OK"
2026-08-18 04:46:01,851 - INFO - HTTP Request: POST http://localhost:8004/v1/chat/completions "HTTP/1.1 200 OK"

r5_cfg4:  40%|████      | 20/50 [29:54<28:51, 57.71s/it]2026-08-18 04:46:03,804 - INFO - HTTP Request: POST http://localhost:8004/v1/chat/completions "HTTP/1.1 200 OK"

2026-08-18 04:46:17,891 - INFO - HTTP Request: POST http://localhost:8004/v1/chat/completions "HTTP/1.1 200 OK"
2026-08-18 04:46:19,503 - INFO - HTTP Request: POST http://localhost:8004/v1/chat/completions "HTTP/1.1 200 OK"
2026-08-18 04:46:24,380 - INFO - HTTP Request: POST http://localhost:8004/v1/chat/completions "HTTP/1.1 200 OK"
2026-08-18 04:46:30,565 - INFO - HTTP Request: POST http://localhost:8004/v1/chat/completions "HTTP/1.1 200 OK"
2026-08-18 04:46:31,867 - INFO - HTTP Request: POST http://localhost:8004/v1/chat/completions "HTTP/1.1 200 OK"

2026-08-18 04:46:36,441 - INFO - HTTP Request: POST http://localhost:8004/v1/chat/completions "HTTP/1.1 200 OK"

2026-08-18 04:46:36,877 - INFO - HTTP Request: POST http://localhost:8004/v1/chat/completions "HTTP/1.1 200 OK"

2026-08-18 04:46:43,608 - INFO - HTTP Request: POST http://localhost:8004/v1/chat/completions "HTTP/1.1 200 OK"

2026-08-18 04:46:56,181 - INFO - HTTP Request: POST http://localhost:8004/v1/chat/completions "HTTP/1.1 200 OK"
2026-08-18 04:47:01,049 - INFO - HTTP Request: POST http://localhost:8004/v1/chat/completions "HTTP/1.1 200 OK"
2026-08-18 04:47:03,532 - INFO - HTTP Request: POST http://localhost:8004/v1/chat/completions "HTTP/1.1 200 OK"
2026-08-18 04:47:08,847 - INFO - HTTP Request: POST http://localhost:8004/v1/chat/completions "HTTP/1.1 200 OK"
2026-08-18 04:47:10,083 - INFO - HTTP Request: POST http://localhost:8004/v1/chat/completions "HTTP/1.1 200 OK"

2026-08-18 04:47:13,574 - INFO - HTTP Request: POST http://localhost:8004/v1/chat/completions "HTTP/1.1 200 OK"

2026-08-18 04:47:19,229 - INFO - HTTP Request: POST http://localhost:8004/v1/chat/completions "HTTP/1.1 200 OK"

2026-08-18 04:47:21,193 - INFO - HTTP Request: POST http://localhost:8004/v1/chat/completions "HTTP/1.1 200 OK"

2026-08-18 04:47:34,205 - INFO - HTTP Request: POST http://localhost:8004/v1/chat/completions "HTTP/1.1 200 OK"
2026-08-18 04:47:38,199 - INFO - HTTP Request: POST http://localhost:8004/v1/chat/completions "HTTP/1.1 200 OK"
2026-08-18 04:47:43,726 - INFO - HTTP Request: POST http://localhost:8004/v1/chat/completions "HTTP/1.1 200 OK"
2026-08-18 04:47:46,211 - INFO - HTTP Request: POST http://localhost:8004/v1/chat/completions "HTTP/1.1 200 OK"
2026-08-18 04:47:47,614 - INFO - HTTP Request: POST http://localhost:8004/v1/chat/completions "HTTP/1.1 200 OK"

2026-08-18 04:47:52,413 - INFO - HTTP Request: POST http://localhost:8004/v1/chat/completions "HTTP/1.1 200 OK"

2026-08-18 04:47:56,768 - INFO - HTTP Request: POST http://localhost:8004/v1/chat/completions "HTTP/1.1 200 OK"

2026-08-18 04:47:58,732 - INFO - HTTP Request: POST http://localhost:8004/v1/chat/completions "HTTP/1.1 200 OK"

2026-08-18 04:48:07,403 - INFO - HTTP Request: POST http://localhost:8004/v1/chat/completions "HTTP/1.1 200 OK"
2026-08-18 04:48:16,828 - INFO - HTTP Request: POST http://localhost:8004/v1/chat/completions "HTTP/1.1 200 OK"
2026-08-18 04:48:16,829 - INFO - HTTP Request: POST http://localhost:8004/v1/chat/completions "HTTP/1.1 200 OK"
2026-08-18 04:48:19,015 - INFO - HTTP Request: POST http://localhost:8004/v1/chat/completions "HTTP/1.1 200 OK"
2026-08-18 04:48:21,338 - INFO - HTTP Request: POST http://localhost:8004/v1/chat/completions "HTTP/1.1 200 OK"

2026-08-18 04:48:28,304 - INFO - HTTP Request: POST http://localhost:8004/v1/chat/completions "HTTP/1.1 200 OK"

2026-08-18 04:48:30,266 - INFO - HTTP Request: POST http://localhost:8004/v1/chat/completions "HTTP/1.1 200 OK"

2026-08-18 04:48:32,879 - INFO - HTTP Request: POST http://localhost:8004/v1/chat/completions "HTTP/1.1 200 OK"

2026-08-18 04:48:49,570 - INFO - HTTP Request: POST http://localhost:8004/v1/chat/completions "HTTP/1.1 200 OK"
2026-08-18 04:48:50,282 - INFO - HTTP Request: POST http://localhost:8004/v1/chat/completions "HTTP/1.1 200 OK"
2026-08-18 04:48:57,569 - INFO - HTTP Request: POST http://localhost:8004/v1/chat/completions "HTTP/1.1 200 OK"
2026-08-18 04:48:59,838 - INFO - HTTP Request: POST http://localhost:8004/v1/chat/completions "HTTP/1.1 200 OK"

2026-08-18 04:49:01,580 - INFO - HTTP Request: POST http://localhost:8004/v1/chat/completions "HTTP/1.1 200 OK"

2026-08-18 04:49:02,451 - INFO - HTTP Request: POST http://localhost:8004/v1/chat/completions "HTTP/1.1 200 OK"
2026-08-18 04:49:11,236 - INFO - HTTP Request: POST http://localhost:8004/v1/chat/completions "HTTP/1.1 200 OK"

2026-08-18 04:49:17,967 - INFO - HTTP Request: POST http://localhost:8004/v1/chat/completions "HTTP/1.1 200 OK"

2026-08-18 04:49:21,870 - INFO - HTTP Request: POST http://localhost:8004/v1/chat/completions "HTTP/1.1 200 OK"
2026-08-18 04:49:29,128 - INFO - HTTP Request: POST http://localhost:8004/v1/chat/completions "HTTP/1.1 200 OK"
2026-08-18 04:49:31,826 - INFO - HTTP Request: POST http://localhost:8004/v1/chat/completions "HTTP/1.1 200 OK"
2026-08-18 04:49:34,149 - INFO - HTTP Request: POST http://localhost:8004/v1/chat/completions "HTTP/1.1 200 OK"

2026-08-18 04:49:38,936 - INFO - HTTP Request: POST http://localhost:8004/v1/chat/completions "HTTP/1.1 200 OK"
2026-08-18 04:49:43,601 - INFO - HTTP Request: POST http://localhost:8004/v1/chat/completions "HTTP/1.1 200 OK"

2026-08-18 04:49:44,475 - INFO - HTTP Request: POST http://localhost:8004/v1/chat/completions "HTTP/1.1 200 OK"

2026-08-18 04:49:51,207 - INFO - HTTP Request: POST http://localhost:8004/v1/chat/completions "HTTP/1.1 200 OK"

2026-08-18 04:50:03,569 - INFO - HTTP Request: POST http://localhost:8004/v1/chat/completions "HTTP/1.1 200 OK"
2026-08-18 04:50:04,746 - INFO - HTTP Request: POST http://localhost:8004/v1/chat/completions "HTTP/1.1 200 OK"
2026-08-18 04:50:13,322 - INFO - HTTP Request: POST http://localhost:8004/v1/chat/completions "HTTP/1.1 200 OK"
2026-08-18 04:50:15,211 - INFO - HTTP Request: POST http://localhost:8004/v1/chat/completions "HTTP/1.1 200 OK"

2026-08-18 04:50:19,571 - INFO - HTTP Request: POST http://localhost:8004/v1/chat/completions "HTTP/1.1 200 OK"

2026-08-18 04:50:21,312 - INFO - HTTP Request: POST http://localhost:8004/v1/chat/completions "HTTP/1.1 200 OK"
2026-08-18 04:50:33,364 - INFO - HTTP Request: POST http://localhost:8004/v1/chat/completions "HTTP/1.1 200 OK"

2026-08-18 04:50:34,461 - INFO - HTTP Request: POST http://localhost:8004/v1/chat/completions "HTTP/1.1 200 OK"

2026-08-18 04:50:47,917 - INFO - HTTP Request: POST http://localhost:8004/v1/chat/completions "HTTP/1.1 200 OK"
2026-08-18 04:50:49,310 - INFO - HTTP Request: POST http://localhost:8004/v1/chat/completions "HTTP/1.1 200 OK"
2026-08-18 04:51:00,283 - INFO - HTTP Request: POST http://localhost:8004/v1/chat/completions "HTTP/1.1 200 OK"

r5_cfg4:  42%|████▏     | 21/50 [34:52<1:02:49, 129.97s/it]2026-08-18 04:51:02,675 - INFO - HTTP Request: POST http://localhost:8004/v1/chat/completions "HTTP/1.1 200 OK"

2026-08-18 04:51:06,369 - INFO - HTTP Request: POST http://localhost:8004/v1/chat/completions "HTTP/1.1 200 OK"
2026-08-18 04:51:08,470 - INFO - HTTP Request: POST http://localhost:8004/v1/chat/completions "HTTP/1.1 200 OK"
2026-08-18 04:51:17,479 - INFO - HTTP Request: POST http://localhost:8004/v1/chat/completions "HTTP/1.1 200 OK"

r5_cfg4:  44%|████▍     | 22/50 [35:10<44:51, 96.12s/it]   2026-08-18 04:51:18,351 - INFO - HTTP Request: POST http://localhost:8004/v1/chat/completions "HTTP/1.1 200 OK"

r5_cfg4:  46%|████▌     | 23/50 [35:10<30:23, 67.54s/it]2026-08-18 04:51:22,688 - INFO - HTTP Request: POST http://localhost:8004/v1/chat/completions "HTTP/1.1 200 OK"
2026-08-18 04:51:36,674 - INFO - HTTP Request: POST http://localhost:8004/v1/chat/completions "HTTP/1.1 200 OK"
2026-08-18 04:51:38,505 - INFO - HTTP Request: POST http://localhost:8004/v1/chat/completions "HTTP/1.1 200 OK"

2026-08-18 04:51:39,811 - INFO - HTTP Request: POST http://localhost:8004/v1/chat/completions "HTTP/1.1 200 OK"
2026-08-18 04:51:41,209 - INFO - HTTP Request: POST http://localhost:8004/v1/chat/completions "HTTP/1.1 200 OK"
2026-08-18 04:51:49,907 - INFO - HTTP Request: POST http://localhost:8004/v1/chat/completions "HTTP/1.1 200 OK"

2026-08-18 04:51:50,779 - INFO - HTTP Request: POST http://localhost:8004/v1/chat/completions "HTTP/1.1 200 OK"

r5_cfg4:  48%|████▊     | 24/50 [35:43<24:42, 57.00s/it]2026-08-18 04:51:52,300 - INFO - HTTP Request: POST http://localhost:8004/v1/chat/completions "HTTP/1.1 200 OK"

2026-08-18 04:52:05,084 - INFO - HTTP Request: POST http://localhost:8004/v1/chat/completions "HTTP/1.1 200 OK"
2026-08-18 04:52:12,993 - INFO - HTTP Request: POST http://localhost:8004/v1/chat/completions "HTTP/1.1 200 OK"
2026-08-18 04:52:16,560 - INFO - HTTP Request: POST http://localhost:8004/v1/chat/completions "HTTP/1.1 200 OK"
2026-08-18 04:52:19,267 - INFO - HTTP Request: POST http://localhost:8004/v1/chat/completions "HTTP/1.1 200 OK"
2026-08-18 04:52:21,875 - INFO - HTTP Request: POST http://localhost:8004/v1/chat/completions "HTTP/1.1 200 OK"

2026-08-18 04:52:25,793 - INFO - HTTP Request: POST http://localhost:8004/v1/chat/completions "HTTP/1.1 200 OK"

2026-08-18 04:52:27,534 - INFO - HTTP Request: POST http://localhost:8004/v1/chat/completions "HTTP/1.1 200 OK"

2026-08-18 04:52:29,055 - INFO - HTTP Request: POST http://localhost:8004/v1/chat/completions "HTTP/1.1 200 OK"

2026-08-18 04:52:46,177 - INFO - HTTP Request: POST http://localhost:8004/v1/chat/completions "HTTP/1.1 200 OK"
2026-08-18 04:52:52,133 - INFO - HTTP Request: POST http://localhost:8004/v1/chat/completions "HTTP/1.1 200 OK"
2026-08-18 04:52:52,137 - INFO - HTTP Request: POST http://localhost:8004/v1/chat/completions "HTTP/1.1 200 OK"
2026-08-18 04:52:53,011 - INFO - HTTP Request: POST http://localhost:8004/v1/chat/completions "HTTP/1.1 200 OK"
2026-08-18 04:52:59,099 - INFO - HTTP Request: POST http://localhost:8004/v1/chat/completions "HTTP/1.1 200 OK"

2026-08-18 04:53:04,549 - INFO - HTTP Request: POST http://localhost:8004/v1/chat/completions "HTTP/1.1 200 OK"

2026-08-18 04:53:05,212 - INFO - HTTP Request: POST http://localhost:8004/v1/chat/completions "HTTP/1.1 200 OK"

2026-08-18 04:53:08,908 - INFO - HTTP Request: POST http://localhost:8004/v1/chat/completions "HTTP/1.1 200 OK"

2026-08-18 04:53:22,564 - INFO - HTTP Request: POST http://localhost:8004/v1/chat/completions "HTTP/1.1 200 OK"
2026-08-18 04:53:28,950 - INFO - HTTP Request: POST http://localhost:8004/v1/chat/completions "HTTP/1.1 200 OK"
2026-08-18 04:53:29,977 - INFO - HTTP Request: POST http://localhost:8004/v1/chat/completions "HTTP/1.1 200 OK"
2026-08-18 04:53:34,098 - INFO - HTTP Request: POST http://localhost:8004/v1/chat/completions "HTTP/1.1 200 OK"
2026-08-18 04:53:35,933 - INFO - HTTP Request: POST http://localhost:8004/v1/chat/completions "HTTP/1.1 200 OK"

2026-08-18 04:53:42,035 - INFO - HTTP Request: POST http://localhost:8004/v1/chat/completions "HTTP/1.1 200 OK"

2026-08-18 04:53:43,565 - INFO - HTTP Request: POST http://localhost:8004/v1/chat/completions "HTTP/1.1 200 OK"

2026-08-18 04:53:50,734 - INFO - HTTP Request: POST http://localhost:8004/v1/chat/completions "HTTP/1.1 200 OK"

2026-08-18 04:53:55,725 - INFO - HTTP Request: POST http://localhost:8004/v1/chat/completions "HTTP/1.1 200 OK"
2026-08-18 04:54:01,677 - INFO - HTTP Request: POST http://localhost:8004/v1/chat/completions "HTTP/1.1 200 OK"
2026-08-18 04:54:03,995 - INFO - HTTP Request: POST http://localhost:8004/v1/chat/completions "HTTP/1.1 200 OK"
2026-08-18 04:54:08,776 - INFO - HTTP Request: POST http://localhost:8004/v1/chat/completions "HTTP/1.1 200 OK"

2026-08-18 04:54:14,429 - INFO - HTTP Request: POST http://localhost:8004/v1/chat/completions "HTTP/1.1 200 OK"

2026-08-18 04:54:14,646 - INFO - HTTP Request: POST http://localhost:8004/v1/chat/completions "HTTP/1.1 200 OK"

2026-08-18 04:54:15,081 - INFO - HTTP Request: POST http://localhost:8004/v1/chat/completions "HTTP/1.1 200 OK"
2026-08-18 04:54:28,194 - INFO - HTTP Request: POST http://localhost:8004/v1/chat/completions "HTTP/1.1 200 OK"

2026-08-18 04:54:37,740 - INFO - HTTP Request: POST http://localhost:8004/v1/chat/completions "HTTP/1.1 200 OK"
2026-08-18 04:54:43,690 - INFO - HTTP Request: POST http://localhost:8004/v1/chat/completions "HTTP/1.1 200 OK"
2026-08-18 04:54:43,907 - INFO - HTTP Request: POST http://localhost:8004/v1/chat/completions "HTTP/1.1 200 OK"
2026-08-18 04:54:48,773 - INFO - HTTP Request: POST http://localhost:8004/v1/chat/completions "HTTP/1.1 200 OK"
2026-08-18 04:54:49,503 - INFO - HTTP Request: POST http://localhost:8004/v1/chat/completions "HTTP/1.1 200 OK"

2026-08-18 04:54:58,875 - INFO - HTTP Request: POST http://localhost:8004/v1/chat/completions "HTTP/1.1 200 OK"

2026-08-18 04:54:59,531 - INFO - HTTP Request: POST http://localhost:8004/v1/chat/completions "HTTP/1.1 200 OK"

2026-08-18 04:54:59,748 - INFO - HTTP Request: POST http://localhost:8004/v1/chat/completions "HTTP/1.1 200 OK"

2026-08-18 04:55:09,504 - INFO - HTTP Request: POST http://localhost:8004/v1/chat/completions "HTTP/1.1 200 OK"
2026-08-18 04:55:19,151 - INFO - HTTP Request: POST http://localhost:8004/v1/chat/completions "HTTP/1.1 200 OK"
2026-08-18 04:55:20,168 - INFO - HTTP Request: POST http://localhost:8004/v1/chat/completions "HTTP/1.1 200 OK"
2026-08-18 04:55:23,639 - INFO - HTTP Request: POST http://localhost:8004/v1/chat/completions "HTTP/1.1 200 OK"

2026-08-18 04:55:28,856 - INFO - HTTP Request: POST http://localhost:8004/v1/chat/completions "HTTP/1.1 200 OK"

2026-08-18 04:55:29,290 - INFO - HTTP Request: POST http://localhost:8004/v1/chat/completions "HTTP/1.1 200 OK"
2026-08-18 04:55:34,596 - INFO - HTTP Request: POST http://localhost:8004/v1/chat/completions "HTTP/1.1 200 OK"

2026-08-18 04:55:45,668 - INFO - HTTP Request: POST http://localhost:8004/v1/chat/completions "HTTP/1.1 200 OK"

2026-08-18 04:55:53,043 - INFO - HTTP Request: POST http://localhost:8004/v1/chat/completions "HTTP/1.1 200 OK"
2026-08-18 04:55:58,566 - INFO - HTTP Request: POST http://localhost:8004/v1/chat/completions "HTTP/1.1 200 OK"
2026-08-18 04:56:04,317 - INFO - HTTP Request: POST http://localhost:8004/v1/chat/completions "HTTP/1.1 200 OK"
2026-08-18 04:56:06,489 - INFO - HTTP Request: POST http://localhost:8004/v1/chat/completions "HTTP/1.1 200 OK"
2026-08-18 04:56:07,673 - INFO - HTTP Request: POST http://localhost:8004/v1/chat/completions "HTTP/1.1 200 OK"

2026-08-18 04:56:09,858 - INFO - HTTP Request: POST http://localhost:8004/v1/chat/completions "HTTP/1.1 200 OK"

2026-08-18 04:56:18,130 - INFO - HTTP Request: POST http://localhost:8004/v1/chat/completions "HTTP/1.1 200 OK"

2026-08-18 04:56:19,219 - INFO - HTTP Request: POST http://localhost:8004/v1/chat/completions "HTTP/1.1 200 OK"

2026-08-18 04:56:40,265 - INFO - HTTP Request: POST http://localhost:8004/v1/chat/completions "HTTP/1.1 200 OK"
2026-08-18 04:56:42,748 - INFO - HTTP Request: POST http://localhost:8004/v1/chat/completions "HTTP/1.1 200 OK"
2026-08-18 04:56:47,847 - INFO - HTTP Request: POST http://localhost:8004/v1/chat/completions "HTTP/1.1 200 OK"
2026-08-18 04:56:53,165 - INFO - HTTP Request: POST http://localhost:8004/v1/chat/completions "HTTP/1.1 200 OK"
2026-08-18 04:56:54,469 - INFO - HTTP Request: POST http://localhost:8004/v1/chat/completions "HTTP/1.1 200 OK"

r5_cfg4:  50%|█████     | 25/50 [40:47<54:35, 131.02s/it]2026-08-18 04:57:00,348 - INFO - HTTP Request: POST http://localhost:8004/v1/chat/completions "HTTP/1.1 200 OK"

r5_cfg4:  52%|█████▏    | 26/50 [40:52<37:23, 93.47s/it] 2026-08-18 04:57:00,632 - INFO - HTTP Request: POST http://localhost:8004/v1/chat/completions "HTTP/1.1 200 OK"

2026-08-18 04:57:05,778 - INFO - HTTP Request: POST http://localhost:8004/v1/chat/completions "HTTP/1.1 200 OK"

r5_cfg4:  54%|█████▍    | 27/50 [40:58<25:42, 67.06s/it]2026-08-18 04:57:16,184 - INFO - HTTP Request: POST http://localhost:8004/v1/chat/completions "HTTP/1.1 200 OK"
2026-08-18 04:57:22,571 - INFO - HTTP Request: POST http://localhost:8004/v1/chat/completions "HTTP/1.1 200 OK"
2026-08-18 04:57:28,317 - INFO - HTTP Request: POST http://localhost:8004/v1/chat/completions "HTTP/1.1 200 OK"
2026-08-18 04:57:31,223 - INFO - HTTP Request: POST http://localhost:8004/v1/chat/completions "HTTP/1.1 200 OK"

2026-08-18 04:57:33,834 - INFO - HTTP Request: POST http://localhost:8004/v1/chat/completions "HTTP/1.1 200 OK"

2026-08-18 04:57:34,489 - INFO - HTTP Request: POST http://localhost:8004/v1/chat/completions "HTTP/1.1 200 OK"
2026-08-18 04:57:39,577 - INFO - HTTP Request: POST http://localhost:8004/v1/chat/completions "HTTP/1.1 200 OK"

2026-08-18 04:57:48,911 - INFO - HTTP Request: POST http://localhost:8004/v1/chat/completions "HTTP/1.1 200 OK"

r5_cfg4:  56%|█████▌    | 28/50 [41:41<21:57, 59.88s/it]2026-08-18 04:57:57,584 - INFO - HTTP Request: POST http://localhost:8004/v1/chat/completions "HTTP/1.1 200 OK"
2026-08-18 04:58:00,546 - INFO - HTTP Request: POST http://localhost:8004/v1/chat/completions "HTTP/1.1 200 OK"
2026-08-18 04:58:06,343 - INFO - HTTP Request: POST http://localhost:8004/v1/chat/completions "HTTP/1.1 200 OK"
2026-08-18 04:58:08,604 - INFO - HTTP Request: POST http://localhost:8004/v1/chat/completions "HTTP/1.1 200 OK"

2026-08-18 04:58:11,650 - INFO - HTTP Request: POST http://localhost:8004/v1/chat/completions "HTTP/1.1 200 OK"
2026-08-18 04:58:12,877 - INFO - HTTP Request: POST http://localhost:8004/v1/chat/completions "HTTP/1.1 200 OK"

2026-08-18 04:58:18,094 - INFO - HTTP Request: POST http://localhost:8004/v1/chat/completions "HTTP/1.1 200 OK"

2026-08-18 04:58:21,565 - INFO - HTTP Request: POST http://localhost:8004/v1/chat/completions "HTTP/1.1 200 OK"

2026-08-18 04:58:33,054 - INFO - HTTP Request: POST http://localhost:8004/v1/chat/completions "HTTP/1.1 200 OK"
2026-08-18 04:58:37,491 - INFO - HTTP Request: POST http://localhost:8004/v1/chat/completions "HTTP/1.1 200 OK"
2026-08-18 04:58:43,022 - INFO - HTTP Request: POST http://localhost:8004/v1/chat/completions "HTTP/1.1 200 OK"
2026-08-18 04:58:47,454 - INFO - HTTP Request: POST http://localhost:8004/v1/chat/completions "HTTP/1.1 200 OK"

2026-08-18 04:58:47,672 - INFO - HTTP Request: POST http://localhost:8004/v1/chat/completions "HTTP/1.1 200 OK"

2026-08-18 04:58:48,335 - INFO - HTTP Request: POST http://localhost:8004/v1/chat/completions "HTTP/1.1 200 OK"
2026-08-18 04:58:55,723 - INFO - HTTP Request: POST http://localhost:8004/v1/chat/completions "HTTP/1.1 200 OK"

2026-08-18 04:59:01,370 - INFO - HTTP Request: POST http://localhost:8004/v1/chat/completions "HTTP/1.1 200 OK"

2026-08-18 04:59:11,557 - INFO - HTTP Request: POST http://localhost:8004/v1/chat/completions "HTTP/1.1 200 OK"
2026-08-18 04:59:12,270 - INFO - HTTP Request: POST http://localhost:8004/v1/chat/completions "HTTP/1.1 200 OK"
2026-08-18 04:59:19,780 - INFO - HTTP Request: POST http://localhost:8004/v1/chat/completions "HTTP/1.1 200 OK"
2026-08-18 04:59:24,645 - INFO - HTTP Request: POST http://localhost:8004/v1/chat/completions "HTTP/1.1 200 OK"

2026-08-18 04:59:25,080 - INFO - HTTP Request: POST http://localhost:8004/v1/chat/completions "HTTP/1.1 200 OK"

2026-08-18 04:59:26,618 - INFO - HTTP Request: POST http://localhost:8004/v1/chat/completions "HTTP/1.1 200 OK"
2026-08-18 04:59:32,404 - INFO - HTTP Request: POST http://localhost:8004/v1/chat/completions "HTTP/1.1 200 OK"

2026-08-18 04:59:41,087 - INFO - HTTP Request: POST http://localhost:8004/v1/chat/completions "HTTP/1.1 200 OK"

2026-08-18 04:59:44,562 - INFO - HTTP Request: POST http://localhost:8004/v1/chat/completions "HTTP/1.1 200 OK"
2026-08-18 04:59:45,276 - INFO - HTTP Request: POST http://localhost:8004/v1/chat/completions "HTTP/1.1 200 OK"
2026-08-18 04:59:52,353 - INFO - HTTP Request: POST http://localhost:8004/v1/chat/completions "HTTP/1.1 200 OK"
2026-08-18 04:59:57,226 - INFO - HTTP Request: POST http://localhost:8004/v1/chat/completions "HTTP/1.1 200 OK"

2026-08-18 04:59:58,969 - INFO - HTTP Request: POST http://localhost:8004/v1/chat/completions "HTTP/1.1 200 OK"

2026-08-18 05:00:05,482 - INFO - HTTP Request: POST http://localhost:8004/v1/chat/completions "HTTP/1.1 200 OK"
2026-08-18 05:00:05,699 - INFO - HTTP Request: POST http://localhost:8004/v1/chat/completions "HTTP/1.1 200 OK"

2026-08-18 05:00:16,898 - INFO - HTTP Request: POST http://localhost:8004/v1/chat/completions "HTTP/1.1 200 OK"

2026-08-18 05:00:26,009 - INFO - HTTP Request: POST http://localhost:8004/v1/chat/completions "HTTP/1.1 200 OK"
2026-08-18 05:00:28,057 - INFO - HTTP Request: POST http://localhost:8004/v1/chat/completions "HTTP/1.1 200 OK"
2026-08-18 05:00:35,105 - INFO - HTTP Request: POST http://localhost:8004/v1/chat/completions "HTTP/1.1 200 OK"
2026-08-18 05:00:36,487 - INFO - HTTP Request: POST http://localhost:8004/v1/chat/completions "HTTP/1.1 200 OK"

2026-08-18 05:00:37,576 - INFO - HTTP Request: POST http://localhost:8004/v1/chat/completions "HTTP/1.1 200 OK"
2026-08-18 05:00:39,459 - INFO - HTTP Request: POST http://localhost:8004/v1/chat/completions "HTTP/1.1 200 OK"

2026-08-18 05:00:49,018 - INFO - HTTP Request: POST http://localhost:8004/v1/chat/completions "HTTP/1.1 200 OK"

2026-08-18 05:00:49,235 - INFO - HTTP Request: POST http://localhost:8004/v1/chat/completions "HTTP/1.1 200 OK"

2026-08-18 05:00:56,608 - INFO - HTTP Request: POST http://localhost:8004/v1/chat/completions "HTTP/1.1 200 OK"
2026-08-18 05:00:59,743 - INFO - HTTP Request: POST http://localhost:8004/v1/chat/completions "HTTP/1.1 200 OK"
2026-08-18 05:01:09,840 - INFO - HTTP Request: POST http://localhost:8004/v1/chat/completions "HTTP/1.1 200 OK"
2026-08-18 05:01:12,966 - INFO - HTTP Request: POST http://localhost:8004/v1/chat/completions "HTTP/1.1 200 OK"

2026-08-18 05:01:14,709 - INFO - HTTP Request: POST http://localhost:8004/v1/chat/completions "HTTP/1.1 200 OK"

2026-08-18 05:01:18,621 - INFO - HTTP Request: POST http://localhost:8004/v1/chat/completions "HTTP/1.1 200 OK"
2026-08-18 05:01:26,797 - INFO - HTTP Request: POST http://localhost:8004/v1/chat/completions "HTTP/1.1 200 OK"

2026-08-18 05:01:32,657 - INFO - HTTP Request: POST http://localhost:8004/v1/chat/completions "HTTP/1.1 200 OK"

2026-08-18 05:01:42,199 - INFO - HTTP Request: POST http://localhost:8004/v1/chat/completions "HTTP/1.1 200 OK"
2026-08-18 05:01:44,249 - INFO - HTTP Request: POST http://localhost:8004/v1/chat/completions "HTTP/1.1 200 OK"
2026-08-18 05:01:53,259 - INFO - HTTP Request: POST http://localhost:8004/v1/chat/completions "HTTP/1.1 200 OK"
2026-08-18 05:01:54,920 - INFO - HTTP Request: POST http://localhost:8004/v1/chat/completions "HTTP/1.1 200 OK"

2026-08-18 05:01:56,452 - INFO - HTTP Request: POST http://localhost:8004/v1/chat/completions "HTTP/1.1 200 OK"

2026-08-18 05:01:56,669 - INFO - HTTP Request: POST http://localhost:8004/v1/chat/completions "HTTP/1.1 200 OK"
2026-08-18 05:02:05,657 - INFO - HTTP Request: POST http://localhost:8004/v1/chat/completions "HTTP/1.1 200 OK"

2026-08-18 05:02:07,398 - INFO - HTTP Request: POST http://localhost:8004/v1/chat/completions "HTTP/1.1 200 OK"

2026-08-18 05:02:27,794 - INFO - HTTP Request: POST http://localhost:8004/v1/chat/completions "HTTP/1.1 200 OK"
2026-08-18 05:02:29,627 - INFO - HTTP Request: POST http://localhost:8004/v1/chat/completions "HTTP/1.1 200 OK"
2026-08-18 05:02:35,380 - INFO - HTTP Request: POST http://localhost:8004/v1/chat/completions "HTTP/1.1 200 OK"
2026-08-18 05:02:41,181 - INFO - HTTP Request: POST http://localhost:8004/v1/chat/completions "HTTP/1.1 200 OK"

2026-08-18 05:02:41,182 - INFO - HTTP Request: POST http://localhost:8004/v1/chat/completions "HTTP/1.1 200 OK"
r5_cfg4:  58%|█████▊    | 29/50 [46:33<45:21, 129.60s/it]2026-08-18 05:02:46,266 - INFO - HTTP Request: POST http://localhost:8004/v1/chat/completions "HTTP/1.1 200 OK"

r5_cfg4:  60%|██████    | 30/50 [46:38<30:44, 92.24s/it] 2026-08-18 05:02:52,355 - INFO - HTTP Request: POST http://localhost:8004/v1/chat/completions "HTTP/1.1 200 OK"

2026-08-18 05:02:54,971 - INFO - HTTP Request: POST http://localhost:8004/v1/chat/completions "HTTP/1.1 200 OK"

r5_cfg4:  62%|██████▏   | 31/50 [46:47<21:16, 67.18s/it]2026-08-18 05:03:03,208 - INFO - HTTP Request: POST http://localhost:8004/v1/chat/completions "HTTP/1.1 200 OK"
2026-08-18 05:03:08,506 - INFO - HTTP Request: POST http://localhost:8004/v1/chat/completions "HTTP/1.1 200 OK"
2026-08-18 05:03:17,570 - INFO - HTTP Request: POST http://localhost:8004/v1/chat/completions "HTTP/1.1 200 OK"
2026-08-18 05:03:17,571 - INFO - HTTP Request: POST http://localhost:8004/v1/chat/completions "HTTP/1.1 200 OK"

2026-08-18 05:03:21,570 - INFO - HTTP Request: POST http://localhost:8004/v1/chat/completions "HTTP/1.1 200 OK"

2026-08-18 05:03:25,914 - INFO - HTTP Request: POST http://localhost:8004/v1/chat/completions "HTTP/1.1 200 OK"
2026-08-18 05:03:31,703 - INFO - HTTP Request: POST http://localhost:8004/v1/chat/completions "HTTP/1.1 200 OK"

2026-08-18 05:03:41,465 - INFO - HTTP Request: POST http://localhost:8004/v1/chat/completions "HTTP/1.1 200 OK"

r5_cfg4:  64%|██████▍   | 32/50 [47:34<18:17, 60.98s/it]2026-08-18 05:03:44,067 - INFO - HTTP Request: POST http://localhost:8004/v1/chat/completions "HTTP/1.1 200 OK"
2026-08-18 05:03:48,065 - INFO - HTTP Request: POST http://localhost:8004/v1/chat/completions "HTTP/1.1 200 OK"
2026-08-18 05:03:58,214 - INFO - HTTP Request: POST http://localhost:8004/v1/chat/completions "HTTP/1.1 200 OK"
2026-08-18 05:03:58,215 - INFO - HTTP Request: POST http://localhost:8004/v1/chat/completions "HTTP/1.1 200 OK"

2026-08-18 05:04:01,785 - INFO - HTTP Request: POST http://localhost:8004/v1/chat/completions "HTTP/1.1 200 OK"

2026-08-18 05:04:04,392 - INFO - HTTP Request: POST http://localhost:8004/v1/chat/completions "HTTP/1.1 200 OK"
2026-08-18 05:04:14,702 - INFO - HTTP Request: POST http://localhost:8004/v1/chat/completions "HTTP/1.1 200 OK"

2026-08-18 05:04:14,919 - INFO - HTTP Request: POST http://localhost:8004/v1/chat/completions "HTTP/1.1 200 OK"

2026-08-18 05:04:23,158 - INFO - HTTP Request: POST http://localhost:8004/v1/chat/completions "HTTP/1.1 200 OK"
2026-08-18 05:04:26,722 - INFO - HTTP Request: POST http://localhost:8004/v1/chat/completions "HTTP/1.1 200 OK"
2026-08-18 05:04:37,956 - INFO - HTTP Request: POST http://localhost:8004/v1/chat/completions "HTTP/1.1 200 OK"

2026-08-18 05:04:39,703 - INFO - HTTP Request: POST http://localhost:8004/v1/chat/completions "HTTP/1.1 200 OK"
2026-08-18 05:04:41,969 - INFO - HTTP Request: POST http://localhost:8004/v1/chat/completions "HTTP/1.1 200 OK"
2026-08-18 05:04:47,122 - INFO - HTTP Request: POST http://localhost:8004/v1/chat/completions "HTTP/1.1 200 OK"

2026-08-18 05:04:51,698 - INFO - HTTP Request: POST http://localhost:8004/v1/chat/completions "HTTP/1.1 200 OK"

2026-08-18 05:04:56,916 - INFO - HTTP Request: POST http://localhost:8004/v1/chat/completions "HTTP/1.1 200 OK"

2026-08-18 05:05:02,769 - INFO - HTTP Request: POST http://localhost:8004/v1/chat/completions "HTTP/1.1 200 OK"
2026-08-18 05:05:11,324 - INFO - HTTP Request: POST http://localhost:8004/v1/chat/completions "HTTP/1.1 200 OK"
2026-08-18 05:05:15,551 - INFO - HTTP Request: POST http://localhost:8004/v1/chat/completions "HTTP/1.1 200 OK"

2026-08-18 05:05:16,213 - INFO - HTTP Request: POST http://localhost:8004/v1/chat/completions "HTTP/1.1 200 OK"
2026-08-18 05:05:22,168 - INFO - HTTP Request: POST http://localhost:8004/v1/chat/completions "HTTP/1.1 200 OK"
2026-08-18 05:05:24,054 - INFO - HTTP Request: POST http://localhost:8004/v1/chat/completions "HTTP/1.1 200 OK"

2026-08-18 05:05:29,716 - INFO - HTTP Request: POST http://localhost:8004/v1/chat/completions "HTTP/1.1 200 OK"

2026-08-18 05:05:36,019 - INFO - HTTP Request: POST http://localhost:8004/v1/chat/completions "HTTP/1.1 200 OK"
2026-08-18 05:05:36,746 - INFO - HTTP Request: POST http://localhost:8004/v1/chat/completions "HTTP/1.1 200 OK"

2026-08-18 05:05:43,715 - INFO - HTTP Request: POST http://localhost:8004/v1/chat/completions "HTTP/1.1 200 OK"
2026-08-18 05:05:50,165 - INFO - HTTP Request: POST http://localhost:8004/v1/chat/completions "HTTP/1.1 200 OK"
2026-08-18 05:05:52,651 - INFO - HTTP Request: POST http://localhost:8004/v1/chat/completions "HTTP/1.1 200 OK"

2026-08-18 05:05:53,958 - INFO - HTTP Request: POST http://localhost:8004/v1/chat/completions "HTTP/1.1 200 OK"

2026-08-18 05:06:01,556 - INFO - HTTP Request: POST http://localhost:8004/v1/chat/completions "HTTP/1.1 200 OK"
2026-08-18 05:06:04,809 - INFO - HTTP Request: POST http://localhost:8004/v1/chat/completions "HTTP/1.1 200 OK"

2026-08-18 05:06:14,360 - INFO - HTTP Request: POST http://localhost:8004/v1/chat/completions "HTTP/1.1 200 OK"

2026-08-18 05:06:21,738 - INFO - HTTP Request: POST http://localhost:8004/v1/chat/completions "HTTP/1.1 200 OK"
2026-08-18 05:06:23,353 - INFO - HTTP Request: POST http://localhost:8004/v1/chat/completions "HTTP/1.1 200 OK"
2026-08-18 05:06:34,091 - INFO - HTTP Request: POST http://localhost:8004/v1/chat/completions "HTTP/1.1 200 OK"
2026-08-18 05:06:35,050 - INFO - HTTP Request: POST http://localhost:8004/v1/chat/completions "HTTP/1.1 200 OK"
2026-08-18 05:06:38,024 - INFO - HTTP Request: POST http://localhost:8004/v1/chat/completions "HTTP/1.1 200 OK"

2026-08-18 05:06:38,898 - INFO - HTTP Request: POST http://localhost:8004/v1/chat/completions "HTTP/1.1 200 OK"

2026-08-18 05:06:45,206 - INFO - HTTP Request: POST http://localhost:8004/v1/chat/completions "HTTP/1.1 200 OK"

2026-08-18 05:06:46,728 - INFO - HTTP Request: POST http://localhost:8004/v1/chat/completions "HTTP/1.1 200 OK"

2026-08-18 05:06:58,003 - INFO - HTTP Request: POST http://localhost:8004/v1/chat/completions "HTTP/1.1 200 OK"
2026-08-18 05:06:59,236 - INFO - HTTP Request: POST http://localhost:8004/v1/chat/completions "HTTP/1.1 200 OK"
2026-08-18 05:07:07,374 - INFO - HTTP Request: POST http://localhost:8004/v1/chat/completions "HTTP/1.1 200 OK"
2026-08-18 05:07:10,730 - INFO - HTTP Request: POST http://localhost:8004/v1/chat/completions "HTTP/1.1 200 OK"

2026-08-18 05:07:14,864 - INFO - HTTP Request: POST http://localhost:8004/v1/chat/completions "HTTP/1.1 200 OK"
2026-08-18 05:07:20,402 - INFO - HTTP Request: POST http://localhost:8004/v1/chat/completions "HTTP/1.1 200 OK"

2026-08-18 05:07:23,887 - INFO - HTTP Request: POST http://localhost:8004/v1/chat/completions "HTTP/1.1 200 OK"

2026-08-18 05:07:23,888 - INFO - HTTP Request: POST http://localhost:8004/v1/chat/completions "HTTP/1.1 200 OK"

2026-08-18 05:07:40,153 - INFO - HTTP Request: POST http://localhost:8004/v1/chat/completions "HTTP/1.1 200 OK"
2026-08-18 05:07:44,156 - INFO - HTTP Request: POST http://localhost:8004/v1/chat/completions "HTTP/1.1 200 OK"
2026-08-18 05:07:50,176 - INFO - HTTP Request: POST http://localhost:8004/v1/chat/completions "HTTP/1.1 200 OK"
2026-08-18 05:07:53,972 - INFO - HTTP Request: POST http://localhost:8004/v1/chat/completions "HTTP/1.1 200 OK"
2026-08-18 05:07:54,702 - INFO - HTTP Request: POST http://localhost:8004/v1/chat/completions "HTTP/1.1 200 OK"

2026-08-18 05:07:55,209 - INFO - HTTP Request: POST http://localhost:8004/v1/chat/completions "HTTP/1.1 200 OK"

2026-08-18 05:08:01,093 - INFO - HTTP Request: POST http://localhost:8004/v1/chat/completions "HTTP/1.1 200 OK"

2026-08-18 05:08:03,926 - INFO - HTTP Request: POST http://localhost:8004/v1/chat/completions "HTTP/1.1 200 OK"

2026-08-18 05:08:23,889 - INFO - HTTP Request: POST http://localhost:8004/v1/chat/completions "HTTP/1.1 200 OK"
2026-08-18 05:08:28,160 - INFO - HTTP Request: POST http://localhost:8004/v1/chat/completions "HTTP/1.1 200 OK"
2026-08-18 05:08:33,038 - INFO - HTTP Request: POST http://localhost:8004/v1/chat/completions "HTTP/1.1 200 OK"
2026-08-18 05:08:37,176 - INFO - HTTP Request: POST http://localhost:8004/v1/chat/completions "HTTP/1.1 200 OK"

2026-08-18 05:08:38,056 - INFO - HTTP Request: POST http://localhost:8004/v1/chat/completions "HTTP/1.1 200 OK"
2026-08-18 05:08:43,866 - INFO - HTTP Request: POST http://localhost:8004/v1/chat/completions "HTTP/1.1 200 OK"

r5_cfg4:  66%|██████▌   | 33/50 [52:36<37:47, 133.40s/it]2026-08-18 05:08:51,482 - INFO - HTTP Request: POST http://localhost:8004/v1/chat/completions "HTTP/1.1 200 OK"

r5_cfg4:  68%|██████▊   | 34/50 [52:44<25:30, 95.67s/it] 2026-08-18 05:08:57,783 - INFO - HTTP Request: POST http://localhost:8004/v1/chat/completions "HTTP/1.1 200 OK"

r5_cfg4:  70%|███████   | 35/50 [52:50<17:12, 68.86s/it]2026-08-18 05:09:05,805 - INFO - HTTP Request: POST http://localhost:8004/v1/chat/completions "HTTP/1.1 200 OK"
2026-08-18 05:09:10,458 - INFO - HTTP Request: POST http://localhost:8004/v1/chat/completions "HTTP/1.1 200 OK"
2026-08-18 05:09:13,864 - INFO - HTTP Request: POST http://localhost:8004/v1/chat/completions "HTTP/1.1 200 OK"
2026-08-18 05:09:19,400 - INFO - HTTP Request: POST http://localhost:8004/v1/chat/completions "HTTP/1.1 200 OK"

2026-08-18 05:09:20,707 - INFO - HTTP Request: POST http://localhost:8004/v1/chat/completions "HTTP/1.1 200 OK"
2026-08-18 05:09:23,170 - INFO - HTTP Request: POST http://localhost:8004/v1/chat/completions "HTTP/1.1 200 OK"

r5_cfg4:  72%|███████▏  | 36/50 [53:15<13:01, 55.82s/it]2026-08-18 05:09:27,080 - INFO - HTTP Request: POST http://localhost:8004/v1/chat/completions "HTTP/1.1 200 OK"

2026-08-18 05:09:30,986 - INFO - HTTP Request: POST http://localhost:8004/v1/chat/completions "HTTP/1.1 200 OK"

2026-08-18 05:09:45,075 - INFO - HTTP Request: POST http://localhost:8004/v1/chat/completions "HTTP/1.1 200 OK"
2026-08-18 05:09:45,509 - INFO - HTTP Request: POST http://localhost:8004/v1/chat/completions "HTTP/1.1 200 OK"
2026-08-18 05:09:53,689 - INFO - HTTP Request: POST http://localhost:8004/v1/chat/completions "HTTP/1.1 200 OK"
2026-08-18 05:09:55,957 - INFO - HTTP Request: POST http://localhost:8004/v1/chat/completions "HTTP/1.1 200 OK"

2026-08-18 05:09:57,483 - INFO - HTTP Request: POST http://localhost:8004/v1/chat/completions "HTTP/1.1 200 OK"

2026-08-18 05:09:57,917 - INFO - HTTP Request: POST http://localhost:8004/v1/chat/completions "HTTP/1.1 200 OK"
2026-08-18 05:10:05,812 - INFO - HTTP Request: POST http://localhost:8004/v1/chat/completions "HTTP/1.1 200 OK"

2026-08-18 05:10:09,284 - INFO - HTTP Request: POST http://localhost:8004/v1/chat/completions "HTTP/1.1 200 OK"

2026-08-18 05:10:20,340 - INFO - HTTP Request: POST http://localhost:8004/v1/chat/completions "HTTP/1.1 200 OK"
2026-08-18 05:10:23,912 - INFO - HTTP Request: POST http://localhost:8004/v1/chat/completions "HTTP/1.1 200 OK"
2026-08-18 05:10:30,652 - INFO - HTTP Request: POST http://localhost:8004/v1/chat/completions "HTTP/1.1 200 OK"
2026-08-18 05:10:33,358 - INFO - HTTP Request: POST http://localhost:8004/v1/chat/completions "HTTP/1.1 200 OK"

2026-08-18 05:10:34,455 - INFO - HTTP Request: POST http://localhost:8004/v1/chat/completions "HTTP/1.1 200 OK"
2026-08-18 05:10:36,049 - INFO - HTTP Request: POST http://localhost:8004/v1/chat/completions "HTTP/1.1 200 OK"

2026-08-18 05:10:42,347 - INFO - HTTP Request: POST http://localhost:8004/v1/chat/completions "HTTP/1.1 200 OK"

2026-08-18 05:10:46,694 - INFO - HTTP Request: POST http://localhost:8004/v1/chat/completions "HTTP/1.1 200 OK"

2026-08-18 05:10:57,323 - INFO - HTTP Request: POST http://localhost:8004/v1/chat/completions "HTTP/1.1 200 OK"
2026-08-18 05:11:00,670 - INFO - HTTP Request: POST http://localhost:8004/v1/chat/completions "HTTP/1.1 200 OK"
2026-08-18 05:11:06,757 - INFO - HTTP Request: POST http://localhost:8004/v1/chat/completions "HTTP/1.1 200 OK"
2026-08-18 05:11:10,984 - INFO - HTTP Request: POST http://localhost:8004/v1/chat/completions "HTTP/1.1 200 OK"

2026-08-18 05:11:11,647 - INFO - HTTP Request: POST http://localhost:8004/v1/chat/completions "HTTP/1.1 200 OK"
2026-08-18 05:11:13,456 - INFO - HTTP Request: POST http://localhost:8004/v1/chat/completions "HTTP/1.1 200 OK"

2026-08-18 05:11:19,328 - INFO - HTTP Request: POST http://localhost:8004/v1/chat/completions "HTTP/1.1 200 OK"

2026-08-18 05:11:23,890 - INFO - HTTP Request: POST http://localhost:8004/v1/chat/completions "HTTP/1.1 200 OK"

2026-08-18 05:11:30,831 - INFO - HTTP Request: POST http://localhost:8004/v1/chat/completions "HTTP/1.1 200 OK"
2026-08-18 05:11:37,223 - INFO - HTTP Request: POST http://localhost:8004/v1/chat/completions "HTTP/1.1 200 OK"
2026-08-18 05:11:39,610 - INFO - HTTP Request: POST http://localhost:8004/v1/chat/completions "HTTP/1.1 200 OK"
2026-08-18 05:11:41,446 - INFO - HTTP Request: POST http://localhost:8004/v1/chat/completions "HTTP/1.1 200 OK"

2026-08-18 05:11:44,491 - INFO - HTTP Request: POST http://localhost:8004/v1/chat/completions "HTTP/1.1 200 OK"
2026-08-18 05:11:49,997 - INFO - HTTP Request: POST http://localhost:8004/v1/chat/completions "HTTP/1.1 200 OK"

2026-08-18 05:11:49,998 - INFO - HTTP Request: POST http://localhost:8004/v1/chat/completions "HTTP/1.1 200 OK"

2026-08-18 05:11:55,856 - INFO - HTTP Request: POST http://localhost:8004/v1/chat/completions "HTTP/1.1 200 OK"

2026-08-18 05:12:09,730 - INFO - HTTP Request: POST http://localhost:8004/v1/chat/completions "HTTP/1.1 200 OK"
2026-08-18 05:12:10,164 - INFO - HTTP Request: POST http://localhost:8004/v1/chat/completions "HTTP/1.1 200 OK"
2026-08-18 05:12:19,160 - INFO - HTTP Request: POST http://localhost:8004/v1/chat/completions "HTTP/1.1 200 OK"
2026-08-18 05:12:19,377 - INFO - HTTP Request: POST http://localhost:8004/v1/chat/completions "HTTP/1.1 200 OK"

2026-08-18 05:12:25,338 - INFO - HTTP Request: POST http://localhost:8004/v1/chat/completions "HTTP/1.1 200 OK"

2026-08-18 05:12:25,339 - INFO - HTTP Request: POST http://localhost:8004/v1/chat/completions "HTTP/1.1 200 OK"
2026-08-18 05:12:33,007 - INFO - HTTP Request: POST http://localhost:8004/v1/chat/completions "HTTP/1.1 200 OK"

2026-08-18 05:12:33,441 - INFO - HTTP Request: POST http://localhost:8004/v1/chat/completions "HTTP/1.1 200 OK"

2026-08-18 05:12:45,369 - INFO - HTTP Request: POST http://localhost:8004/v1/chat/completions "HTTP/1.1 200 OK"
2026-08-18 05:12:48,722 - INFO - HTTP Request: POST http://localhost:8004/v1/chat/completions "HTTP/1.1 200 OK"
2026-08-18 05:12:53,502 - INFO - HTTP Request: POST http://localhost:8004/v1/chat/completions "HTTP/1.1 200 OK"
2026-08-18 05:12:53,937 - INFO - HTTP Request: POST http://localhost:8004/v1/chat/completions "HTTP/1.1 200 OK"
2026-08-18 05:12:57,582 - INFO - HTTP Request: POST http://localhost:8004/v1/chat/completions "HTTP/1.1 200 OK"

2026-08-18 05:13:01,718 - INFO - HTTP Request: POST http://localhost:8004/v1/chat/completions "HTTP/1.1 200 OK"

2026-08-18 05:13:05,631 - INFO - HTTP Request: POST http://localhost:8004/v1/chat/completions "HTTP/1.1 200 OK"

2026-08-18 05:13:06,503 - INFO - HTTP Request: POST http://localhost:8004/v1/chat/completions "HTTP/1.1 200 OK"

2026-08-18 05:13:21,683 - INFO - HTTP Request: POST http://localhost:8004/v1/chat/completions "HTTP/1.1 200 OK"
2026-08-18 05:13:26,896 - INFO - HTTP Request: POST http://localhost:8004/v1/chat/completions "HTTP/1.1 200 OK"
2026-08-18 05:13:35,037 - INFO - HTTP Request: POST http://localhost:8004/v1/chat/completions "HTTP/1.1 200 OK"

2026-08-18 05:13:35,254 - INFO - HTTP Request: POST http://localhost:8004/v1/chat/completions "HTTP/1.1 200 OK"
2026-08-18 05:13:36,196 - INFO - HTTP Request: POST http://localhost:8004/v1/chat/completions "HTTP/1.1 200 OK"
2026-08-18 05:13:38,684 - INFO - HTTP Request: POST http://localhost:8004/v1/chat/completions "HTTP/1.1 200 OK"

2026-08-18 05:13:46,081 - INFO - HTTP Request: POST http://localhost:8004/v1/chat/completions "HTTP/1.1 200 OK"

2026-08-18 05:13:54,561 - INFO - HTTP Request: POST http://localhost:8004/v1/chat/completions "HTTP/1.1 200 OK"

2026-08-18 05:14:04,548 - INFO - HTTP Request: POST http://localhost:8004/v1/chat/completions "HTTP/1.1 200 OK"
2026-08-18 05:14:11,931 - INFO - HTTP Request: POST http://localhost:8004/v1/chat/completions "HTTP/1.1 200 OK"
2026-08-18 05:14:15,291 - INFO - HTTP Request: POST http://localhost:8004/v1/chat/completions "HTTP/1.1 200 OK"

2026-08-18 05:14:19,644 - INFO - HTTP Request: POST http://localhost:8004/v1/chat/completions "HTTP/1.1 200 OK"
2026-08-18 05:14:23,844 - INFO - HTTP Request: POST http://localhost:8004/v1/chat/completions "HTTP/1.1 200 OK"

r5_cfg4:  74%|███████▍  | 37/50 [58:16<28:00, 129.27s/it]2026-08-18 05:14:28,190 - INFO - HTTP Request: POST http://localhost:8004/v1/chat/completions "HTTP/1.1 200 OK"
2026-08-18 05:14:30,453 - INFO - HTTP Request: POST http://localhost:8004/v1/chat/completions "HTTP/1.1 200 OK"

r5_cfg4:  76%|███████▌  | 38/50 [58:23<18:29, 92.47s/it] 2026-08-18 05:14:42,401 - INFO - HTTP Request: POST http://localhost:8004/v1/chat/completions "HTTP/1.1 200 OK"

r5_cfg4:  78%|███████▊  | 39/50 [58:35<12:31, 68.32s/it]2026-08-18 05:14:46,089 - INFO - HTTP Request: POST http://localhost:8004/v1/chat/completions "HTTP/1.1 200 OK"
2026-08-18 05:14:49,003 - INFO - HTTP Request: POST http://localhost:8004/v1/chat/completions "HTTP/1.1 200 OK"
2026-08-18 05:14:52,699 - INFO - HTTP Request: POST http://localhost:8004/v1/chat/completions "HTTP/1.1 200 OK"
2026-08-18 05:14:57,793 - INFO - HTTP Request: POST http://localhost:8004/v1/chat/completions "HTTP/1.1 200 OK"

2026-08-18 05:15:00,621 - INFO - HTTP Request: POST http://localhost:8004/v1/chat/completions "HTTP/1.1 200 OK"

r5_cfg4:  80%|████████  | 40/50 [58:53<08:52, 53.29s/it]2026-08-18 05:15:05,181 - INFO - HTTP Request: POST http://localhost:8004/v1/chat/completions "HTTP/1.1 200 OK"
2026-08-18 05:15:07,453 - INFO - HTTP Request: POST http://localhost:8004/v1/chat/completions "HTTP/1.1 200 OK"

2026-08-18 05:15:19,391 - INFO - HTTP Request: POST http://localhost:8004/v1/chat/completions "HTTP/1.1 200 OK"

2026-08-18 05:15:22,861 - INFO - HTTP Request: POST http://localhost:8004/v1/chat/completions "HTTP/1.1 200 OK"
2026-08-18 05:15:24,475 - INFO - HTTP Request: POST http://localhost:8004/v1/chat/completions "HTTP/1.1 200 OK"
2026-08-18 05:15:34,183 - INFO - HTTP Request: POST http://localhost:8004/v1/chat/completions "HTTP/1.1 200 OK"
2026-08-18 05:15:37,758 - INFO - HTTP Request: POST http://localhost:8004/v1/chat/completions "HTTP/1.1 200 OK"

2026-08-18 05:15:38,193 - INFO - HTTP Request: POST http://localhost:8004/v1/chat/completions "HTTP/1.1 200 OK"

2026-08-18 05:15:46,446 - INFO - HTTP Request: POST http://localhost:8004/v1/chat/completions "HTTP/1.1 200 OK"
2026-08-18 05:15:50,506 - INFO - HTTP Request: POST http://localhost:8004/v1/chat/completions "HTTP/1.1 200 OK"

2026-08-18 05:15:59,848 - INFO - HTTP Request: POST http://localhost:8004/v1/chat/completions "HTTP/1.1 200 OK"

2026-08-18 05:16:02,883 - INFO - HTTP Request: POST http://localhost:8004/v1/chat/completions "HTTP/1.1 200 OK"
2026-08-18 05:16:04,501 - INFO - HTTP Request: POST http://localhost:8004/v1/chat/completions "HTTP/1.1 200 OK"
2026-08-18 05:16:15,516 - INFO - HTTP Request: POST http://localhost:8004/v1/chat/completions "HTTP/1.1 200 OK"
2026-08-18 05:16:16,913 - INFO - HTTP Request: POST http://localhost:8004/v1/chat/completions "HTTP/1.1 200 OK"

2026-08-18 05:16:17,348 - INFO - HTTP Request: POST http://localhost:8004/v1/chat/completions "HTTP/1.1 200 OK"

2026-08-18 05:16:25,175 - INFO - HTTP Request: POST http://localhost:8004/v1/chat/completions "HTTP/1.1 200 OK"
2026-08-18 05:16:27,931 - INFO - HTTP Request: POST http://localhost:8004/v1/chat/completions "HTTP/1.1 200 OK"

2026-08-18 05:16:36,408 - INFO - HTTP Request: POST http://localhost:8004/v1/chat/completions "HTTP/1.1 200 OK"

2026-08-18 05:16:41,620 - INFO - HTTP Request: POST http://localhost:8004/v1/chat/completions "HTTP/1.1 200 OK"
2026-08-18 05:16:41,621 - INFO - HTTP Request: POST http://localhost:8004/v1/chat/completions "HTTP/1.1 200 OK"
2026-08-18 05:16:52,496 - INFO - HTTP Request: POST http://localhost:8004/v1/chat/completions "HTTP/1.1 200 OK"
2026-08-18 05:16:54,761 - INFO - HTTP Request: POST http://localhost:8004/v1/chat/completions "HTTP/1.1 200 OK"

2026-08-18 05:16:56,945 - INFO - HTTP Request: POST http://localhost:8004/v1/chat/completions "HTTP/1.1 200 OK"

2026-08-18 05:17:00,861 - INFO - HTTP Request: POST http://localhost:8004/v1/chat/completions "HTTP/1.1 200 OK"
2026-08-18 05:17:05,955 - INFO - HTTP Request: POST http://localhost:8004/v1/chat/completions "HTTP/1.1 200 OK"

2026-08-18 05:17:13,563 - INFO - HTTP Request: POST http://localhost:8004/v1/chat/completions "HTTP/1.1 200 OK"

2026-08-18 05:17:14,872 - INFO - HTTP Request: POST http://localhost:8004/v1/chat/completions "HTTP/1.1 200 OK"
2026-08-18 05:17:21,697 - INFO - HTTP Request: POST http://localhost:8004/v1/chat/completions "HTTP/1.1 200 OK"
2026-08-18 05:17:25,700 - INFO - HTTP Request: POST http://localhost:8004/v1/chat/completions "HTTP/1.1 200 OK"

2026-08-18 05:17:26,355 - INFO - HTTP Request: POST http://localhost:8004/v1/chat/completions "HTTP/1.1 200 OK"
2026-08-18 05:17:34,272 - INFO - HTTP Request: POST http://localhost:8004/v1/chat/completions "HTTP/1.1 200 OK"
2026-08-18 05:17:34,490 - INFO - HTTP Request: POST http://localhost:8004/v1/chat/completions "HTTP/1.1 200 OK"

2026-08-18 05:17:43,553 - INFO - HTTP Request: POST http://localhost:8004/v1/chat/completions "HTTP/1.1 200 OK"

2026-08-18 05:17:44,860 - INFO - HTTP Request: POST http://localhost:8004/v1/chat/completions "HTTP/1.1 200 OK"

2026-08-18 05:17:54,182 - INFO - HTTP Request: POST http://localhost:8004/v1/chat/completions "HTTP/1.1 200 OK"
2026-08-18 05:17:55,413 - INFO - HTTP Request: POST http://localhost:8004/v1/chat/completions "HTTP/1.1 200 OK"
2026-08-18 05:18:06,155 - INFO - HTTP Request: POST http://localhost:8004/v1/chat/completions "HTTP/1.1 200 OK"

2026-08-18 05:18:08,765 - INFO - HTTP Request: POST http://localhost:8004/v1/chat/completions "HTTP/1.1 200 OK"

2026-08-18 05:18:12,886 - INFO - HTTP Request: POST http://localhost:8004/v1/chat/completions "HTTP/1.1 200 OK"
2026-08-18 05:18:14,494 - INFO - HTTP Request: POST http://localhost:8004/v1/chat/completions "HTTP/1.1 200 OK"
2026-08-18 05:18:25,892 - INFO - HTTP Request: POST http://localhost:8004/v1/chat/completions "HTTP/1.1 200 OK"

2026-08-18 05:18:26,764 - INFO - HTTP Request: POST http://localhost:8004/v1/chat/completions "HTTP/1.1 200 OK"
2026-08-18 05:18:31,039 - INFO - HTTP Request: POST http://localhost:8004/v1/chat/completions "HTTP/1.1 200 OK"

2026-08-18 05:18:38,424 - INFO - HTTP Request: POST http://localhost:8004/v1/chat/completions "HTTP/1.1 200 OK"
2026-08-18 05:18:40,257 - INFO - HTTP Request: POST http://localhost:8004/v1/chat/completions "HTTP/1.1 200 OK"

2026-08-18 05:18:46,555 - INFO - HTTP Request: POST http://localhost:8004/v1/chat/completions "HTTP/1.1 200 OK"
2026-08-18 05:18:51,648 - INFO - HTTP Request: POST http://localhost:8004/v1/chat/completions "HTTP/1.1 200 OK"
2026-08-18 05:18:53,754 - INFO - HTTP Request: POST http://localhost:8004/v1/chat/completions "HTTP/1.1 200 OK"

2026-08-18 05:19:00,933 - INFO - HTTP Request: POST http://localhost:8004/v1/chat/completions "HTTP/1.1 200 OK"

2026-08-18 05:19:06,799 - INFO - HTTP Request: POST http://localhost:8004/v1/chat/completions "HTTP/1.1 200 OK"

2026-08-18 05:19:10,055 - INFO - HTTP Request: POST http://localhost:8004/v1/chat/completions "HTTP/1.1 200 OK"
2026-08-18 05:19:14,060 - INFO - HTTP Request: POST http://localhost:8004/v1/chat/completions "HTTP/1.1 200 OK"
2026-08-18 05:19:23,996 - INFO - HTTP Request: POST http://localhost:8004/v1/chat/completions "HTTP/1.1 200 OK"

2026-08-18 05:19:30,738 - INFO - HTTP Request: POST http://localhost:8004/v1/chat/completions "HTTP/1.1 200 OK"
2026-08-18 05:19:31,702 - INFO - HTTP Request: POST http://localhost:8004/v1/chat/completions "HTTP/1.1 200 OK"

2026-08-18 05:19:36,917 - INFO - HTTP Request: POST http://localhost:8004/v1/chat/completions "HTTP/1.1 200 OK"
2026-08-18 05:19:44,242 - INFO - HTTP Request: POST http://localhost:8004/v1/chat/completions "HTTP/1.1 200 OK"

2026-08-18 05:19:50,118 - INFO - HTTP Request: POST http://localhost:8004/v1/chat/completions "HTTP/1.1 200 OK"

2026-08-18 05:19:55,982 - INFO - HTTP Request: POST http://localhost:8004/v1/chat/completions "HTTP/1.1 200 OK"
2026-08-18 05:20:01,558 - INFO - HTTP Request: POST http://localhost:8004/v1/chat/completions "HTTP/1.1 200 OK"
2026-08-18 05:20:08,617 - INFO - HTTP Request: POST http://localhost:8004/v1/chat/completions "HTTP/1.1 200 OK"

r5_cfg4:  82%|████████▏ | 41/50 [1:04:01<19:27, 129.70s/it]2026-08-18 05:20:17,960 - INFO - HTTP Request: POST http://localhost:8004/v1/chat/completions "HTTP/1.1 200 OK"
2026-08-18 05:20:18,177 - INFO - HTTP Request: POST http://localhost:8004/v1/chat/completions "HTTP/1.1 200 OK"

2026-08-18 05:20:24,145 - INFO - HTTP Request: POST http://localhost:8004/v1/chat/completions "HTTP/1.1 200 OK"
2026-08-18 05:20:31,250 - INFO - HTTP Request: POST http://localhost:8004/v1/chat/completions "HTTP/1.1 200 OK"
2026-08-18 05:20:32,436 - INFO - HTTP Request: POST http://localhost:8004/v1/chat/completions "HTTP/1.1 200 OK"

r5_cfg4:  84%|████████▍ | 42/50 [1:04:25<13:03, 97.94s/it] 2026-08-18 05:20:37,440 - INFO - HTTP Request: POST http://localhost:8004/v1/chat/completions "HTTP/1.1 200 OK"

r5_cfg4:  86%|████████▌ | 43/50 [1:04:30<08:10, 70.06s/it]2026-08-18 05:20:45,477 - INFO - HTTP Request: POST http://localhost:8004/v1/chat/completions "HTTP/1.1 200 OK"

2026-08-18 05:20:52,203 - INFO - HTTP Request: POST http://localhost:8004/v1/chat/completions "HTTP/1.1 200 OK"
2026-08-18 05:20:54,736 - INFO - HTTP Request: POST http://localhost:8004/v1/chat/completions "HTTP/1.1 200 OK"
2026-08-18 05:21:00,044 - INFO - HTTP Request: POST http://localhost:8004/v1/chat/completions "HTTP/1.1 200 OK"
2026-08-18 05:21:06,881 - INFO - HTTP Request: POST http://localhost:8004/v1/chat/completions "HTTP/1.1 200 OK"

2026-08-18 05:21:10,798 - INFO - HTTP Request: POST http://localhost:8004/v1/chat/completions "HTTP/1.1 200 OK"

r5_cfg4:  88%|████████▊ | 44/50 [1:05:03<05:54, 59.05s/it]2026-08-18 05:21:12,539 - INFO - HTTP Request: POST http://localhost:8004/v1/chat/completions "HTTP/1.1 200 OK"

2026-08-18 05:21:12,540 - INFO - HTTP Request: POST http://localhost:8004/v1/chat/completions "HTTP/1.1 200 OK"
2026-08-18 05:21:27,227 - INFO - HTTP Request: POST http://localhost:8004/v1/chat/completions "HTTP/1.1 200 OK"

2026-08-18 05:21:33,083 - INFO - HTTP Request: POST http://localhost:8004/v1/chat/completions "HTTP/1.1 200 OK"
2026-08-18 05:21:33,299 - INFO - HTTP Request: POST http://localhost:8004/v1/chat/completions "HTTP/1.1 200 OK"
2026-08-18 05:21:39,564 - INFO - HTTP Request: POST http://localhost:8004/v1/chat/completions "HTTP/1.1 200 OK"
2026-08-18 05:21:44,227 - INFO - HTTP Request: POST http://localhost:8004/v1/chat/completions "HTTP/1.1 200 OK"

2026-08-18 05:21:47,708 - INFO - HTTP Request: POST http://localhost:8004/v1/chat/completions "HTTP/1.1 200 OK"

2026-08-18 05:21:49,014 - INFO - HTTP Request: POST http://localhost:8004/v1/chat/completions "HTTP/1.1 200 OK"

2026-08-18 05:21:52,482 - INFO - HTTP Request: POST http://localhost:8004/v1/chat/completions "HTTP/1.1 200 OK"
2026-08-18 05:22:07,390 - INFO - HTTP Request: POST http://localhost:8004/v1/chat/completions "HTTP/1.1 200 OK"

2026-08-18 05:22:08,916 - INFO - HTTP Request: POST http://localhost:8004/v1/chat/completions "HTTP/1.1 200 OK"
2026-08-18 05:22:14,002 - INFO - HTTP Request: POST http://localhost:8004/v1/chat/completions "HTTP/1.1 200 OK"
2026-08-18 05:22:14,715 - INFO - HTTP Request: POST http://localhost:8004/v1/chat/completions "HTTP/1.1 200 OK"
2026-08-18 05:22:22,664 - INFO - HTTP Request: POST http://localhost:8004/v1/chat/completions "HTTP/1.1 200 OK"

2026-08-18 05:22:26,370 - INFO - HTTP Request: POST http://localhost:8004/v1/chat/completions "HTTP/1.1 200 OK"

2026-08-18 05:22:32,458 - INFO - HTTP Request: POST http://localhost:8004/v1/chat/completions "HTTP/1.1 200 OK"
2026-08-18 05:22:34,507 - INFO - HTTP Request: POST http://localhost:8004/v1/chat/completions "HTTP/1.1 200 OK"

2026-08-18 05:22:45,150 - INFO - HTTP Request: POST http://localhost:8004/v1/chat/completions "HTTP/1.1 200 OK"

2026-08-18 05:22:46,891 - INFO - HTTP Request: POST http://localhost:8004/v1/chat/completions "HTTP/1.1 200 OK"
2026-08-18 05:22:51,103 - INFO - HTTP Request: POST http://localhost:8004/v1/chat/completions "HTTP/1.1 200 OK"
2026-08-18 05:22:59,234 - INFO - HTTP Request: POST http://localhost:8004/v1/chat/completions "HTTP/1.1 200 OK"

2026-08-18 05:22:59,451 - INFO - HTTP Request: POST http://localhost:8004/v1/chat/completions "HTTP/1.1 200 OK"
2026-08-18 05:23:04,550 - INFO - HTTP Request: POST http://localhost:8004/v1/chat/completions "HTTP/1.1 200 OK"

2026-08-18 05:23:05,862 - INFO - HTTP Request: POST http://localhost:8004/v1/chat/completions "HTTP/1.1 200 OK"
2026-08-18 05:23:12,310 - INFO - HTTP Request: POST http://localhost:8004/v1/chat/completions "HTTP/1.1 200 OK"

2026-08-18 05:23:18,830 - INFO - HTTP Request: POST http://localhost:8004/v1/chat/completions "HTTP/1.1 200 OK"

2026-08-18 05:23:19,263 - INFO - HTTP Request: POST http://localhost:8004/v1/chat/completions "HTTP/1.1 200 OK"
2026-08-18 05:23:24,999 - INFO - HTTP Request: POST http://localhost:8004/v1/chat/completions "HTTP/1.1 200 OK"
2026-08-18 05:23:31,176 - INFO - HTTP Request: POST http://localhost:8004/v1/chat/completions "HTTP/1.1 200 OK"

2026-08-18 05:23:35,519 - INFO - HTTP Request: POST http://localhost:8004/v1/chat/completions "HTTP/1.1 200 OK"

2026-08-18 05:23:37,038 - INFO - HTTP Request: POST http://localhost:8004/v1/chat/completions "HTTP/1.1 200 OK"
2026-08-18 05:23:48,478 - INFO - HTTP Request: POST http://localhost:8004/v1/chat/completions "HTTP/1.1 200 OK"
2026-08-18 05:23:50,096 - INFO - HTTP Request: POST http://localhost:8004/v1/chat/completions "HTTP/1.1 200 OK"

2026-08-18 05:24:00,528 - INFO - HTTP Request: POST http://localhost:8004/v1/chat/completions "HTTP/1.1 200 OK"
2026-08-18 05:24:03,223 - INFO - HTTP Request: POST http://localhost:8004/v1/chat/completions "HTTP/1.1 200 OK"

2026-08-18 05:24:05,180 - INFO - HTTP Request: POST http://localhost:8004/v1/chat/completions "HTTP/1.1 200 OK"
2026-08-18 05:24:10,484 - INFO - HTTP Request: POST http://localhost:8004/v1/chat/completions "HTTP/1.1 200 OK"
2026-08-18 05:24:16,449 - INFO - HTTP Request: POST http://localhost:8004/v1/chat/completions "HTTP/1.1 200 OK"

2026-08-18 05:24:17,974 - INFO - HTTP Request: POST http://localhost:8004/v1/chat/completions "HTTP/1.1 200 OK"

2026-08-18 05:24:22,753 - INFO - HTTP Request: POST http://localhost:8004/v1/chat/completions "HTTP/1.1 200 OK"

2026-08-18 05:24:23,838 - INFO - HTTP Request: POST http://localhost:8004/v1/chat/completions "HTTP/1.1 200 OK"
2026-08-18 05:24:36,796 - INFO - HTTP Request: POST http://localhost:8004/v1/chat/completions "HTTP/1.1 200 OK"
2026-08-18 05:24:38,625 - INFO - HTTP Request: POST http://localhost:8004/v1/chat/completions "HTTP/1.1 200 OK"
2026-08-18 05:24:39,591 - INFO - HTTP Request: POST http://localhost:8004/v1/chat/completions "HTTP/1.1 200 OK"

2026-08-18 05:24:48,068 - INFO - HTTP Request: POST http://localhost:8004/v1/chat/completions "HTTP/1.1 200 OK"

2026-08-18 05:24:51,546 - INFO - HTTP Request: POST http://localhost:8004/v1/chat/completions "HTTP/1.1 200 OK"

2026-08-18 05:24:52,415 - INFO - HTTP Request: POST http://localhost:8004/v1/chat/completions "HTTP/1.1 200 OK"
2026-08-18 05:25:03,795 - INFO - HTTP Request: POST http://localhost:8004/v1/chat/completions "HTTP/1.1 200 OK"

2026-08-18 05:25:09,001 - INFO - HTTP Request: POST http://localhost:8004/v1/chat/completions "HTTP/1.1 200 OK"
2026-08-18 05:25:17,838 - INFO - HTTP Request: POST http://localhost:8004/v1/chat/completions "HTTP/1.1 200 OK"
2026-08-18 05:25:20,973 - INFO - HTTP Request: POST http://localhost:8004/v1/chat/completions "HTTP/1.1 200 OK"

2026-08-18 05:25:21,635 - INFO - HTTP Request: POST http://localhost:8004/v1/chat/completions "HTTP/1.1 200 OK"
2026-08-18 05:25:24,769 - INFO - HTTP Request: POST http://localhost:8004/v1/chat/completions "HTTP/1.1 200 OK"
2026-08-18 05:25:27,474 - INFO - HTTP Request: POST http://localhost:8004/v1/chat/completions "HTTP/1.1 200 OK"

2026-08-18 05:25:36,618 - INFO - HTTP Request: POST http://localhost:8004/v1/chat/completions "HTTP/1.1 200 OK"

2026-08-18 05:25:41,403 - INFO - HTTP Request: POST http://localhost:8004/v1/chat/completions "HTTP/1.1 200 OK"

2026-08-18 05:25:53,982 - INFO - HTTP Request: POST http://localhost:8004/v1/chat/completions "HTTP/1.1 200 OK"
2026-08-18 05:26:01,009 - INFO - HTTP Request: POST http://localhost:8004/v1/chat/completions "HTTP/1.1 200 OK"
2026-08-18 05:26:06,321 - INFO - HTTP Request: POST http://localhost:8004/v1/chat/completions "HTTP/1.1 200 OK"

r5_cfg4:  90%|█████████ | 45/50 [1:09:58<10:49, 129.99s/it]2026-08-18 05:26:10,019 - INFO - HTTP Request: POST http://localhost:8004/v1/chat/completions "HTTP/1.1 200 OK"
2026-08-18 05:26:11,757 - INFO - HTTP Request: POST http://localhost:8004/v1/chat/completions "HTTP/1.1 200 OK"
2026-08-18 05:26:14,243 - INFO - HTTP Request: POST http://localhost:8004/v1/chat/completions "HTTP/1.1 200 OK"

r5_cfg4:  92%|█████████▏| 46/50 [1:10:06<06:13, 93.37s/it] 2026-08-18 05:26:25,336 - INFO - HTTP Request: POST http://localhost:8004/v1/chat/completions "HTTP/1.1 200 OK"

r5_cfg4:  94%|█████████▍| 47/50 [1:10:17<03:26, 68.69s/it]2026-08-18 05:26:28,158 - INFO - HTTP Request: POST http://localhost:8004/v1/chat/completions "HTTP/1.1 200 OK"

2026-08-18 05:26:29,026 - INFO - HTTP Request: POST http://localhost:8004/v1/chat/completions "HTTP/1.1 200 OK"
2026-08-18 05:26:36,336 - INFO - HTTP Request: POST http://localhost:8004/v1/chat/completions "HTTP/1.1 200 OK"
2026-08-18 05:26:39,253 - INFO - HTTP Request: POST http://localhost:8004/v1/chat/completions "HTTP/1.1 200 OK"

2026-08-18 05:26:49,885 - INFO - HTTP Request: POST http://localhost:8004/v1/chat/completions "HTTP/1.1 200 OK"

2026-08-18 05:27:01,144 - INFO - HTTP Request: POST http://localhost:8004/v1/chat/completions "HTTP/1.1 200 OK"
2026-08-18 05:27:05,574 - INFO - HTTP Request: POST http://localhost:8004/v1/chat/completions "HTTP/1.1 200 OK"
2026-08-18 05:27:15,295 - INFO - HTTP Request: POST http://localhost:8004/v1/chat/completions "HTTP/1.1 200 OK"

2026-08-18 05:27:16,599 - INFO - HTTP Request: POST http://localhost:8004/v1/chat/completions "HTTP/1.1 200 OK"
2026-08-18 05:27:24,350 - INFO - HTTP Request: POST http://localhost:8004/v1/chat/completions "HTTP/1.1 200 OK"

r5_cfg4:  96%|█████████▌| 48/50 [1:11:16<02:11, 65.78s/it]2026-08-18 05:27:29,770 - INFO - HTTP Request: POST http://localhost:8004/v1/chat/completions "HTTP/1.1 200 OK"

2026-08-18 05:27:39,762 - INFO - HTTP Request: POST http://localhost:8004/v1/chat/completions "HTTP/1.1 200 OK"
2026-08-18 05:27:50,139 - INFO - HTTP Request: POST http://localhost:8004/v1/chat/completions "HTTP/1.1 200 OK"

2026-08-18 05:27:53,854 - INFO - HTTP Request: POST http://localhost:8004/v1/chat/completions "HTTP/1.1 200 OK"
2026-08-18 05:28:05,259 - INFO - HTTP Request: POST http://localhost:8004/v1/chat/completions "HTTP/1.1 200 OK"

2026-08-18 05:28:13,945 - INFO - HTTP Request: POST http://localhost:8004/v1/chat/completions "HTTP/1.1 200 OK"
2026-08-18 05:28:26,701 - INFO - HTTP Request: POST http://localhost:8004/v1/chat/completions "HTTP/1.1 200 OK"

2026-08-18 05:28:28,476 - INFO - HTTP Request: POST http://localhost:8004/v1/chat/completions "HTTP/1.1 200 OK"
2026-08-18 05:28:40,307 - INFO - HTTP Request: POST http://localhost:8004/v1/chat/completions "HTTP/1.1 200 OK"

2026-08-18 05:28:45,757 - INFO - HTTP Request: POST http://localhost:8004/v1/chat/completions "HTTP/1.1 200 OK"
2026-08-18 05:28:55,269 - INFO - HTTP Request: POST http://localhost:8004/v1/chat/completions "HTTP/1.1 200 OK"

2026-08-18 05:28:59,415 - INFO - HTTP Request: POST http://localhost:8004/v1/chat/completions "HTTP/1.1 200 OK"
2026-08-18 05:29:11,798 - INFO - HTTP Request: POST http://localhost:8004/v1/chat/completions "HTTP/1.1 200 OK"

2026-08-18 05:29:23,729 - INFO - HTTP Request: POST http://localhost:8004/v1/chat/completions "HTTP/1.1 200 OK"
2026-08-18 05:29:36,054 - INFO - HTTP Request: POST http://localhost:8004/v1/chat/completions "HTTP/1.1 200 OK"

2026-08-18 05:29:40,202 - INFO - HTTP Request: POST http://localhost:8004/v1/chat/completions "HTTP/1.1 200 OK"
2026-08-18 05:29:51,168 - INFO - HTTP Request: POST http://localhost:8004/v1/chat/completions "HTTP/1.1 200 OK"

2026-08-18 05:29:55,747 - INFO - HTTP Request: POST http://localhost:8004/v1/chat/completions "HTTP/1.1 200 OK"
2026-08-18 05:30:09,809 - INFO - HTTP Request: POST http://localhost:8004/v1/chat/completions "HTTP/1.1 200 OK"

2026-08-18 05:30:10,929 - INFO - HTTP Request: POST http://localhost:8004/v1/chat/completions "HTTP/1.1 200 OK"
2026-08-18 05:30:24,070 - INFO - HTTP Request: POST http://localhost:8004/v1/chat/completions "HTTP/1.1 200 OK"

2026-08-18 05:30:38,598 - INFO - HTTP Request: POST http://localhost:8004/v1/chat/completions "HTTP/1.1 200 OK"
2026-08-18 05:30:53,100 - INFO - HTTP Request: POST http://localhost:8004/v1/chat/completions "HTTP/1.1 200 OK"
2026-08-18 05:30:54,753 - INFO - HTTP Request: POST http://localhost:8004/v1/chat/completions "HTTP/1.1 200 OK"

2026-08-18 05:31:10,831 - INFO - HTTP Request: POST http://localhost:8004/v1/chat/completions "HTTP/1.1 200 OK"

2026-08-18 05:31:26,656 - INFO - HTTP Request: POST http://localhost:8004/v1/chat/completions "HTTP/1.1 200 OK"
2026-08-18 05:31:39,639 - INFO - HTTP Request: POST http://localhost:8004/v1/chat/completions "HTTP/1.1 200 OK"

r5_cfg4:  98%|█████████▊| 49/50 [1:15:32<02:02, 122.64s/it]2026-08-18 05:31:40,460 - INFO - HTTP Request: POST http://localhost:8004/v1/chat/completions "HTTP/1.1 200 OK"
2026-08-18 05:31:42,977 - INFO - HTTP Request: POST http://localhost:8004/v1/chat/completions "HTTP/1.1 200 OK"

r5_cfg4: 100%|██████████| 50/50 [1:15:35<00:00, 86.85s/it] r5_cfg4: 100%|██████████| 50/50 [1:15:35<00:00, 90.72s/it]
  done in 4535.9s (valid 50/50, invalid {})

Scored 1 model/s.
Report:  /LAB/Swiss-Knife/tribunal/bayes_search_honesty/eval_results/round5/r5_cfg4/report/index.html
Tables:  /LAB/Swiss-Knife/tribunal/bayes_search_honesty/eval_results/round5/r5_cfg4/model_summary.csv, /LAB/Swiss-Knife/tribunal/bayes_search_honesty/eval_results/round5/r5_cfg4/summary.csv
