2026-08-17 19:10:07,634 - INFO - Judge client pointed at http://localhost:8000/v1
2026-08-17 19:10:10,958 - INFO - Loading Detoxify model (CPU)
2026-08-17 19:10:14,743 - INFO - HTTP Request: HEAD https://huggingface.co/bert-base-uncased/resolve/main/config.json "HTTP/1.1 200 OK"
input:  /LAB/Swiss-Knife/tribunal/bayes_search_honesty/eval_results/round1/r1_cfg0/_tribunal_input_tmp (1 model file/s)
output: /LAB/Swiss-Knife/tribunal/bayes_search_honesty/eval_results/round1/r1_cfg0
judge:  Qwen/Qwen2.5-32B-Instruct @ http://localhost:8000/v1
detoxify cross-check: True
Loading weights:   0%|          | 0/201 [00:00<?, ?it/s]Loading weights: 100%|██████████| 201/201 [00:00<00:00, 31465.50it/s]
2026-08-17 19:10:15,077 - INFO - HTTP Request: HEAD https://huggingface.co/bert-base-uncased/resolve/main/tokenizer_config.json "HTTP/1.1 200 OK"
Warning: You are sending unauthenticated requests to the HF Hub. Please set a HF_TOKEN to enable higher rate limits and faster downloads.
2026-08-17 19:10:15,078 - WARNING - Warning: You are sending unauthenticated requests to the HF Hub. Please set a HF_TOKEN to enable higher rate limits and faster downloads.
2026-08-17 19:10:15,290 - INFO - HTTP Request: GET https://huggingface.co/api/models/bert-base-uncased/tree/main/additional_chat_templates?recursive=false&expand=false "HTTP/1.1 307 Temporary Redirect"
2026-08-17 19:10:15,521 - INFO - HTTP Request: GET https://huggingface.co/api/models/google-bert/bert-base-uncased/tree/main/additional_chat_templates?recursive=false&expand=false "HTTP/1.1 404 Not Found"
2026-08-17 19:10:15,730 - INFO - HTTP Request: GET https://huggingface.co/api/models/bert-base-uncased/tree/main?recursive=true&expand=false "HTTP/1.1 307 Temporary Redirect"
2026-08-17 19:10:15,942 - INFO - HTTP Request: GET https://huggingface.co/api/models/google-bert/bert-base-uncased/tree/main?recursive=true&expand=false "HTTP/1.1 200 OK"

[1/1] r1_cfg0
  scoring 50 records (0 skipped or cached) [workers=4]
r1_cfg0:   0%|          | 0/50 [00:00<?, ?it/s]2026-08-17 19:10:37,862 - INFO - HTTP Request: POST http://localhost:8000/v1/chat/completions "HTTP/1.1 200 OK"
2026-08-17 19:10:38,078 - INFO - HTTP Request: POST http://localhost:8000/v1/chat/completions "HTTP/1.1 200 OK"
2026-08-17 19:10:38,079 - INFO - HTTP Request: POST http://localhost:8000/v1/chat/completions "HTTP/1.1 200 OK"
2026-08-17 19:10:38,662 - INFO - HTTP Request: POST http://localhost:8000/v1/chat/completions "HTTP/1.1 200 OK"
2026-08-17 19:10:47,547 - INFO - HTTP Request: POST http://localhost:8000/v1/chat/completions "HTTP/1.1 200 OK"

2026-08-17 19:10:47,982 - INFO - HTTP Request: POST http://localhost:8000/v1/chat/completions "HTTP/1.1 200 OK"

2026-08-17 19:10:52,403 - INFO - HTTP Request: POST http://localhost:8000/v1/chat/completions "HTTP/1.1 200 OK"

2026-08-17 19:10:52,620 - INFO - HTTP Request: POST http://localhost:8000/v1/chat/completions "HTTP/1.1 200 OK"

2026-08-17 19:11:13,659 - INFO - HTTP Request: POST http://localhost:8000/v1/chat/completions "HTTP/1.1 200 OK"
2026-08-17 19:11:14,442 - INFO - HTTP Request: POST http://localhost:8000/v1/chat/completions "HTTP/1.1 200 OK"
2026-08-17 19:11:19,200 - INFO - HTTP Request: POST http://localhost:8000/v1/chat/completions "HTTP/1.1 200 OK"
2026-08-17 19:11:19,418 - INFO - HTTP Request: POST http://localhost:8000/v1/chat/completions "HTTP/1.1 200 OK"
2026-08-17 19:11:28,290 - INFO - HTTP Request: POST http://localhost:8000/v1/chat/completions "HTTP/1.1 200 OK"

2026-08-17 19:11:29,217 - INFO - HTTP Request: POST http://localhost:8000/v1/chat/completions "HTTP/1.1 200 OK"

2026-08-17 19:11:31,393 - INFO - HTTP Request: POST http://localhost:8000/v1/chat/completions "HTTP/1.1 200 OK"

2026-08-17 19:11:31,610 - INFO - HTTP Request: POST http://localhost:8000/v1/chat/completions "HTTP/1.1 200 OK"

2026-08-17 19:11:52,668 - INFO - HTTP Request: POST http://localhost:8000/v1/chat/completions "HTTP/1.1 200 OK"
2026-08-17 19:11:53,981 - INFO - HTTP Request: POST http://localhost:8000/v1/chat/completions "HTTP/1.1 200 OK"
2026-08-17 19:11:56,480 - INFO - HTTP Request: POST http://localhost:8000/v1/chat/completions "HTTP/1.1 200 OK"
2026-08-17 19:11:56,697 - INFO - HTTP Request: POST http://localhost:8000/v1/chat/completions "HTTP/1.1 200 OK"
2026-08-17 19:12:09,062 - INFO - HTTP Request: POST http://localhost:8000/v1/chat/completions "HTTP/1.1 200 OK"

2026-08-17 19:12:09,498 - INFO - HTTP Request: POST http://localhost:8000/v1/chat/completions "HTTP/1.1 200 OK"

2026-08-17 19:12:10,432 - INFO - HTTP Request: POST http://localhost:8000/v1/chat/completions "HTTP/1.1 200 OK"

2026-08-17 19:12:12,613 - INFO - HTTP Request: POST http://localhost:8000/v1/chat/completions "HTTP/1.1 200 OK"

2026-08-17 19:12:33,028 - INFO - HTTP Request: POST http://localhost:8000/v1/chat/completions "HTTP/1.1 200 OK"
2026-08-17 19:12:33,245 - INFO - HTTP Request: POST http://localhost:8000/v1/chat/completions "HTTP/1.1 200 OK"
2026-08-17 19:12:35,425 - INFO - HTTP Request: POST http://localhost:8000/v1/chat/completions "HTTP/1.1 200 OK"
2026-08-17 19:12:38,043 - INFO - HTTP Request: POST http://localhost:8000/v1/chat/completions "HTTP/1.1 200 OK"
2026-08-17 19:12:46,919 - INFO - HTTP Request: POST http://localhost:8000/v1/chat/completions "HTTP/1.1 200 OK"

2026-08-17 19:12:48,500 - INFO - HTTP Request: POST http://localhost:8000/v1/chat/completions "HTTP/1.1 200 OK"

2026-08-17 19:12:48,936 - INFO - HTTP Request: POST http://localhost:8000/v1/chat/completions "HTTP/1.1 200 OK"

2026-08-17 19:12:50,475 - INFO - HTTP Request: POST http://localhost:8000/v1/chat/completions "HTTP/1.1 200 OK"

2026-08-17 19:13:06,328 - INFO - HTTP Request: POST http://localhost:8000/v1/chat/completions "HTTP/1.1 200 OK"
2026-08-17 19:13:08,727 - INFO - HTTP Request: POST http://localhost:8000/v1/chat/completions "HTTP/1.1 200 OK"
2026-08-17 19:13:08,735 - INFO - HTTP Request: POST http://localhost:8000/v1/chat/completions "HTTP/1.1 200 OK"
2026-08-17 19:13:11,515 - INFO - HTTP Request: POST http://localhost:8000/v1/chat/completions "HTTP/1.1 200 OK"
2026-08-17 19:13:19,154 - INFO - HTTP Request: POST http://localhost:8000/v1/chat/completions "HTTP/1.1 200 OK"

2026-08-17 19:13:20,096 - INFO - HTTP Request: POST http://localhost:8000/v1/chat/completions "HTTP/1.1 200 OK"

2026-08-17 19:13:22,493 - INFO - HTTP Request: POST http://localhost:8000/v1/chat/completions "HTTP/1.1 200 OK"

2026-08-17 19:13:25,540 - INFO - HTTP Request: POST http://localhost:8000/v1/chat/completions "HTTP/1.1 200 OK"

2026-08-17 19:13:47,920 - INFO - HTTP Request: POST http://localhost:8000/v1/chat/completions "HTTP/1.1 200 OK"
2026-08-17 19:13:49,235 - INFO - HTTP Request: POST http://localhost:8000/v1/chat/completions "HTTP/1.1 200 OK"
2026-08-17 19:13:51,955 - INFO - HTTP Request: POST http://localhost:8000/v1/chat/completions "HTTP/1.1 200 OK"
2026-08-17 19:13:55,157 - INFO - HTTP Request: POST http://localhost:8000/v1/chat/completions "HTTP/1.1 200 OK"
2026-08-17 19:14:01,365 - INFO - HTTP Request: POST http://localhost:8000/v1/chat/completions "HTTP/1.1 200 OK"

2026-08-17 19:14:02,746 - INFO - HTTP Request: POST http://localhost:8000/v1/chat/completions "HTTP/1.1 200 OK"

2026-08-17 19:14:03,838 - INFO - HTTP Request: POST http://localhost:8000/v1/chat/completions "HTTP/1.1 200 OK"

2026-08-17 19:14:08,841 - INFO - HTTP Request: POST http://localhost:8000/v1/chat/completions "HTTP/1.1 200 OK"

2026-08-17 19:14:21,438 - INFO - HTTP Request: POST http://localhost:8000/v1/chat/completions "HTTP/1.1 200 OK"
2026-08-17 19:14:23,269 - INFO - HTTP Request: POST http://localhost:8000/v1/chat/completions "HTTP/1.1 200 OK"
2026-08-17 19:14:24,678 - INFO - HTTP Request: POST http://localhost:8000/v1/chat/completions "HTTP/1.1 200 OK"
2026-08-17 19:14:29,915 - INFO - HTTP Request: POST http://localhost:8000/v1/chat/completions "HTTP/1.1 200 OK"
2026-08-17 19:14:32,202 - INFO - HTTP Request: POST http://localhost:8000/v1/chat/completions "HTTP/1.1 200 OK"

2026-08-17 19:14:38,883 - INFO - HTTP Request: POST http://localhost:8000/v1/chat/completions "HTTP/1.1 200 OK"

2026-08-17 19:14:39,758 - INFO - HTTP Request: POST http://localhost:8000/v1/chat/completions "HTTP/1.1 200 OK"

2026-08-17 19:14:45,416 - INFO - HTTP Request: POST http://localhost:8000/v1/chat/completions "HTTP/1.1 200 OK"

2026-08-17 19:15:01,495 - INFO - HTTP Request: POST http://localhost:8000/v1/chat/completions "HTTP/1.1 200 OK"
2026-08-17 19:15:08,556 - INFO - HTTP Request: POST http://localhost:8000/v1/chat/completions "HTTP/1.1 200 OK"
2026-08-17 19:15:09,749 - INFO - HTTP Request: POST http://localhost:8000/v1/chat/completions "HTTP/1.1 200 OK"
2026-08-17 19:15:15,640 - INFO - HTTP Request: POST http://localhost:8000/v1/chat/completions "HTTP/1.1 200 OK"
2026-08-17 19:15:16,616 - INFO - HTTP Request: POST http://localhost:8000/v1/chat/completions "HTTP/1.1 200 OK"

2026-08-17 19:15:21,328 - INFO - HTTP Request: POST http://localhost:8000/v1/chat/completions "HTTP/1.1 200 OK"

2026-08-17 19:15:27,220 - INFO - HTTP Request: POST http://localhost:8000/v1/chat/completions "HTTP/1.1 200 OK"

2026-08-17 19:15:32,015 - INFO - HTTP Request: POST http://localhost:8000/v1/chat/completions "HTTP/1.1 200 OK"

2026-08-17 19:15:49,837 - INFO - HTTP Request: POST http://localhost:8000/v1/chat/completions "HTTP/1.1 200 OK"
2026-08-17 19:15:54,506 - INFO - HTTP Request: POST http://localhost:8000/v1/chat/completions "HTTP/1.1 200 OK"
2026-08-17 19:16:00,547 - INFO - HTTP Request: POST http://localhost:8000/v1/chat/completions "HTTP/1.1 200 OK"
2026-08-17 19:16:02,962 - INFO - HTTP Request: POST http://localhost:8000/v1/chat/completions "HTTP/1.1 200 OK"

r1_cfg0:   2%|▏         | 1/50 [05:46<4:43:20, 346.94s/it]2026-08-17 19:16:06,450 - INFO - HTTP Request: POST http://localhost:8000/v1/chat/completions "HTTP/1.1 200 OK"
2026-08-17 19:16:07,643 - INFO - HTTP Request: POST http://localhost:8000/v1/chat/completions "HTTP/1.1 200 OK"

r1_cfg0:   4%|▍         | 2/50 [05:51<1:56:29, 145.61s/it]2026-08-17 19:16:13,746 - INFO - HTTP Request: POST http://localhost:8000/v1/chat/completions "HTTP/1.1 200 OK"

r1_cfg0:   6%|▌         | 3/50 [05:57<1:04:09, 81.91s/it] 2026-08-17 19:16:16,793 - INFO - HTTP Request: POST http://localhost:8000/v1/chat/completions "HTTP/1.1 200 OK"

r1_cfg0:   8%|▊         | 4/50 [06:00<38:55, 50.78s/it]  2026-08-17 19:16:25,043 - INFO - HTTP Request: POST http://localhost:8000/v1/chat/completions "HTTP/1.1 200 OK"
2026-08-17 19:16:29,927 - INFO - HTTP Request: POST http://localhost:8000/v1/chat/completions "HTTP/1.1 200 OK"
2026-08-17 19:16:36,123 - INFO - HTTP Request: POST http://localhost:8000/v1/chat/completions "HTTP/1.1 200 OK"

2026-08-17 19:16:36,341 - INFO - HTTP Request: POST http://localhost:8000/v1/chat/completions "HTTP/1.1 200 OK"
2026-08-17 19:16:39,712 - INFO - HTTP Request: POST http://localhost:8000/v1/chat/completions "HTTP/1.1 200 OK"
2026-08-17 19:16:40,687 - INFO - HTTP Request: POST http://localhost:8000/v1/chat/completions "HTTP/1.1 200 OK"

2026-08-17 19:16:47,001 - INFO - HTTP Request: POST http://localhost:8000/v1/chat/completions "HTTP/1.1 200 OK"

2026-08-17 19:16:51,568 - INFO - HTTP Request: POST http://localhost:8000/v1/chat/completions "HTTP/1.1 200 OK"

2026-08-17 19:17:02,864 - INFO - HTTP Request: POST http://localhost:8000/v1/chat/completions "HTTP/1.1 200 OK"
2026-08-17 19:17:07,100 - INFO - HTTP Request: POST http://localhost:8000/v1/chat/completions "HTTP/1.1 200 OK"
2026-08-17 19:17:13,792 - INFO - HTTP Request: POST http://localhost:8000/v1/chat/completions "HTTP/1.1 200 OK"
2026-08-17 19:17:18,039 - INFO - HTTP Request: POST http://localhost:8000/v1/chat/completions "HTTP/1.1 200 OK"

2026-08-17 19:17:18,696 - INFO - HTTP Request: POST http://localhost:8000/v1/chat/completions "HTTP/1.1 200 OK"
2026-08-17 19:17:19,671 - INFO - HTTP Request: POST http://localhost:8000/v1/chat/completions "HTTP/1.1 200 OK"

2026-08-17 19:17:23,810 - INFO - HTTP Request: POST http://localhost:8000/v1/chat/completions "HTTP/1.1 200 OK"

2026-08-17 19:17:29,033 - INFO - HTTP Request: POST http://localhost:8000/v1/chat/completions "HTTP/1.1 200 OK"

2026-08-17 19:17:42,720 - INFO - HTTP Request: POST http://localhost:8000/v1/chat/completions "HTTP/1.1 200 OK"
2026-08-17 19:17:44,345 - INFO - HTTP Request: POST http://localhost:8000/v1/chat/completions "HTTP/1.1 200 OK"
2026-08-17 19:17:48,818 - INFO - HTTP Request: POST http://localhost:8000/v1/chat/completions "HTTP/1.1 200 OK"
2026-08-17 19:17:54,359 - INFO - HTTP Request: POST http://localhost:8000/v1/chat/completions "HTTP/1.1 200 OK"
2026-08-17 19:17:57,951 - INFO - HTTP Request: POST http://localhost:8000/v1/chat/completions "HTTP/1.1 200 OK"

2026-08-17 19:17:59,487 - INFO - HTTP Request: POST http://localhost:8000/v1/chat/completions "HTTP/1.1 200 OK"

2026-08-17 19:18:01,893 - INFO - HTTP Request: POST http://localhost:8000/v1/chat/completions "HTTP/1.1 200 OK"

2026-08-17 19:18:07,990 - INFO - HTTP Request: POST http://localhost:8000/v1/chat/completions "HTTP/1.1 200 OK"

2026-08-17 19:18:22,116 - INFO - HTTP Request: POST http://localhost:8000/v1/chat/completions "HTTP/1.1 200 OK"
2026-08-17 19:18:23,737 - INFO - HTTP Request: POST http://localhost:8000/v1/chat/completions "HTTP/1.1 200 OK"
2026-08-17 19:18:26,128 - INFO - HTTP Request: POST http://localhost:8000/v1/chat/completions "HTTP/1.1 200 OK"
2026-08-17 19:18:33,211 - INFO - HTTP Request: POST http://localhost:8000/v1/chat/completions "HTTP/1.1 200 OK"
2026-08-17 19:18:35,710 - INFO - HTTP Request: POST http://localhost:8000/v1/chat/completions "HTTP/1.1 200 OK"

2026-08-17 19:18:36,593 - INFO - HTTP Request: POST http://localhost:8000/v1/chat/completions "HTTP/1.1 200 OK"

2026-08-17 19:18:40,523 - INFO - HTTP Request: POST http://localhost:8000/v1/chat/completions "HTTP/1.1 200 OK"

2026-08-17 19:18:41,403 - INFO - HTTP Request: POST http://localhost:8000/v1/chat/completions "HTTP/1.1 200 OK"

2026-08-17 19:18:55,521 - INFO - HTTP Request: POST http://localhost:8000/v1/chat/completions "HTTP/1.1 200 OK"
2026-08-17 19:18:56,708 - INFO - HTTP Request: POST http://localhost:8000/v1/chat/completions "HTTP/1.1 200 OK"
2026-08-17 19:19:00,951 - INFO - HTTP Request: POST http://localhost:8000/v1/chat/completions "HTTP/1.1 200 OK"
2026-08-17 19:19:02,145 - INFO - HTTP Request: POST http://localhost:8000/v1/chat/completions "HTTP/1.1 200 OK"
2026-08-17 19:19:07,920 - INFO - HTTP Request: POST http://localhost:8000/v1/chat/completions "HTTP/1.1 200 OK"

2026-08-17 19:19:09,013 - INFO - HTTP Request: POST http://localhost:8000/v1/chat/completions "HTTP/1.1 200 OK"

2026-08-17 19:19:11,194 - INFO - HTTP Request: POST http://localhost:8000/v1/chat/completions "HTTP/1.1 200 OK"

2026-08-17 19:19:11,851 - INFO - HTTP Request: POST http://localhost:8000/v1/chat/completions "HTTP/1.1 200 OK"

2026-08-17 19:19:36,614 - INFO - HTTP Request: POST http://localhost:8000/v1/chat/completions "HTTP/1.1 200 OK"
2026-08-17 19:19:38,021 - INFO - HTTP Request: POST http://localhost:8000/v1/chat/completions "HTTP/1.1 200 OK"
2026-08-17 19:19:40,519 - INFO - HTTP Request: POST http://localhost:8000/v1/chat/completions "HTTP/1.1 200 OK"
2026-08-17 19:19:41,493 - INFO - HTTP Request: POST http://localhost:8000/v1/chat/completions "HTTP/1.1 200 OK"
2026-08-17 19:19:51,405 - INFO - HTTP Request: POST http://localhost:8000/v1/chat/completions "HTTP/1.1 200 OK"

2026-08-17 19:19:52,934 - INFO - HTTP Request: POST http://localhost:8000/v1/chat/completions "HTTP/1.1 200 OK"

2026-08-17 19:19:53,591 - INFO - HTTP Request: POST http://localhost:8000/v1/chat/completions "HTTP/1.1 200 OK"

2026-08-17 19:19:54,681 - INFO - HTTP Request: POST http://localhost:8000/v1/chat/completions "HTTP/1.1 200 OK"

2026-08-17 19:20:11,407 - INFO - HTTP Request: POST http://localhost:8000/v1/chat/completions "HTTP/1.1 200 OK"
2026-08-17 19:20:13,254 - INFO - HTTP Request: POST http://localhost:8000/v1/chat/completions "HTTP/1.1 200 OK"
2026-08-17 19:20:14,228 - INFO - HTTP Request: POST http://localhost:8000/v1/chat/completions "HTTP/1.1 200 OK"
2026-08-17 19:20:15,637 - INFO - HTTP Request: POST http://localhost:8000/v1/chat/completions "HTTP/1.1 200 OK"
2026-08-17 19:20:25,561 - INFO - HTTP Request: POST http://localhost:8000/v1/chat/completions "HTTP/1.1 200 OK"

2026-08-17 19:20:25,997 - INFO - HTTP Request: POST http://localhost:8000/v1/chat/completions "HTTP/1.1 200 OK"

2026-08-17 19:20:27,529 - INFO - HTTP Request: POST http://localhost:8000/v1/chat/completions "HTTP/1.1 200 OK"

2026-08-17 19:20:27,748 - INFO - HTTP Request: POST http://localhost:8000/v1/chat/completions "HTTP/1.1 200 OK"

2026-08-17 19:20:54,699 - INFO - HTTP Request: POST http://localhost:8000/v1/chat/completions "HTTP/1.1 200 OK"
2026-08-17 19:20:55,420 - INFO - HTTP Request: POST http://localhost:8000/v1/chat/completions "HTTP/1.1 200 OK"
2026-08-17 19:20:57,300 - INFO - HTTP Request: POST http://localhost:8000/v1/chat/completions "HTTP/1.1 200 OK"
2026-08-17 19:20:57,519 - INFO - HTTP Request: POST http://localhost:8000/v1/chat/completions "HTTP/1.1 200 OK"
2026-08-17 19:21:07,549 - INFO - HTTP Request: POST http://localhost:8000/v1/chat/completions "HTTP/1.1 200 OK"

2026-08-17 19:21:09,305 - INFO - HTTP Request: POST http://localhost:8000/v1/chat/completions "HTTP/1.1 200 OK"

2026-08-17 19:21:09,969 - INFO - HTTP Request: POST http://localhost:8000/v1/chat/completions "HTTP/1.1 200 OK"

2026-08-17 19:21:20,206 - INFO - HTTP Request: POST http://localhost:8000/v1/chat/completions "HTTP/1.1 200 OK"

2026-08-17 19:21:39,987 - INFO - HTTP Request: POST http://localhost:8000/v1/chat/completions "HTTP/1.1 200 OK"
2026-08-17 19:21:41,400 - INFO - HTTP Request: POST http://localhost:8000/v1/chat/completions "HTTP/1.1 200 OK"
2026-08-17 19:21:42,717 - INFO - HTTP Request: POST http://localhost:8000/v1/chat/completions "HTTP/1.1 200 OK"
2026-08-17 19:21:50,894 - INFO - HTTP Request: POST http://localhost:8000/v1/chat/completions "HTTP/1.1 200 OK"

r1_cfg0:  10%|█         | 5/50 [11:34<1:54:42, 152.95s/it]2026-08-17 19:21:54,386 - INFO - HTTP Request: POST http://localhost:8000/v1/chat/completions "HTTP/1.1 200 OK"
2026-08-17 19:21:55,364 - INFO - HTTP Request: POST http://localhost:8000/v1/chat/completions "HTTP/1.1 200 OK"

r1_cfg0:  12%|█▏        | 6/50 [11:39<1:15:08, 102.46s/it]2026-08-17 19:21:56,015 - INFO - HTTP Request: POST http://localhost:8000/v1/chat/completions "HTTP/1.1 200 OK"

r1_cfg0:  14%|█▍        | 7/50 [11:39<49:34, 69.18s/it]   2026-08-17 19:22:05,593 - INFO - HTTP Request: POST http://localhost:8000/v1/chat/completions "HTTP/1.1 200 OK"

r1_cfg0:  16%|█▌        | 8/50 [11:49<35:08, 50.20s/it]2026-08-17 19:22:13,189 - INFO - HTTP Request: POST http://localhost:8000/v1/chat/completions "HTTP/1.1 200 OK"
2026-08-17 19:22:17,699 - INFO - HTTP Request: POST http://localhost:8000/v1/chat/completions "HTTP/1.1 200 OK"
2026-08-17 19:22:18,439 - INFO - HTTP Request: POST http://localhost:8000/v1/chat/completions "HTTP/1.1 200 OK"
2026-08-17 19:22:25,097 - INFO - HTTP Request: POST http://localhost:8000/v1/chat/completions "HTTP/1.1 200 OK"

2026-08-17 19:22:28,584 - INFO - HTTP Request: POST http://localhost:8000/v1/chat/completions "HTTP/1.1 200 OK"
2026-08-17 19:22:31,738 - INFO - HTTP Request: POST http://localhost:8000/v1/chat/completions "HTTP/1.1 200 OK"

2026-08-17 19:22:33,701 - INFO - HTTP Request: POST http://localhost:8000/v1/chat/completions "HTTP/1.1 200 OK"

2026-08-17 19:22:39,790 - INFO - HTTP Request: POST http://localhost:8000/v1/chat/completions "HTTP/1.1 200 OK"

2026-08-17 19:22:51,520 - INFO - HTTP Request: POST http://localhost:8000/v1/chat/completions "HTTP/1.1 200 OK"
2026-08-17 19:22:58,206 - INFO - HTTP Request: POST http://localhost:8000/v1/chat/completions "HTTP/1.1 200 OK"
2026-08-17 19:23:00,486 - INFO - HTTP Request: POST http://localhost:8000/v1/chat/completions "HTTP/1.1 200 OK"
2026-08-17 19:23:06,753 - INFO - HTTP Request: POST http://localhost:8000/v1/chat/completions "HTTP/1.1 200 OK"

2026-08-17 19:23:06,971 - INFO - HTTP Request: POST http://localhost:8000/v1/chat/completions "HTTP/1.1 200 OK"
2026-08-17 19:23:10,564 - INFO - HTTP Request: POST http://localhost:8000/v1/chat/completions "HTTP/1.1 200 OK"

2026-08-17 19:23:14,924 - INFO - HTTP Request: POST http://localhost:8000/v1/chat/completions "HTTP/1.1 200 OK"

2026-08-17 19:23:19,058 - INFO - HTTP Request: POST http://localhost:8000/v1/chat/completions "HTTP/1.1 200 OK"

2026-08-17 19:23:31,440 - INFO - HTTP Request: POST http://localhost:8000/v1/chat/completions "HTTP/1.1 200 OK"
2026-08-17 19:23:35,296 - INFO - HTTP Request: POST http://localhost:8000/v1/chat/completions "HTTP/1.1 200 OK"
2026-08-17 19:23:39,969 - INFO - HTTP Request: POST http://localhost:8000/v1/chat/completions "HTTP/1.1 200 OK"
2026-08-17 19:23:44,439 - INFO - HTTP Request: POST http://localhost:8000/v1/chat/completions "HTTP/1.1 200 OK"
2026-08-17 19:23:46,723 - INFO - HTTP Request: POST http://localhost:8000/v1/chat/completions "HTTP/1.1 200 OK"

2026-08-17 19:23:47,607 - INFO - HTTP Request: POST http://localhost:8000/v1/chat/completions "HTTP/1.1 200 OK"

2026-08-17 19:23:53,930 - INFO - HTTP Request: POST http://localhost:8000/v1/chat/completions "HTTP/1.1 200 OK"

2026-08-17 19:23:59,378 - INFO - HTTP Request: POST http://localhost:8000/v1/chat/completions "HTTP/1.1 200 OK"

2026-08-17 19:24:10,679 - INFO - HTTP Request: POST http://localhost:8000/v1/chat/completions "HTTP/1.1 200 OK"
2026-08-17 19:24:11,868 - INFO - HTTP Request: POST http://localhost:8000/v1/chat/completions "HTTP/1.1 200 OK"
2026-08-17 19:24:18,720 - INFO - HTTP Request: POST http://localhost:8000/v1/chat/completions "HTTP/1.1 200 OK"
2026-08-17 19:24:24,057 - INFO - HTTP Request: POST http://localhost:8000/v1/chat/completions "HTTP/1.1 200 OK"

2026-08-17 19:24:24,275 - INFO - HTTP Request: POST http://localhost:8000/v1/chat/completions "HTTP/1.1 200 OK"
2026-08-17 19:24:25,254 - INFO - HTTP Request: POST http://localhost:8000/v1/chat/completions "HTTP/1.1 200 OK"

2026-08-17 19:24:32,667 - INFO - HTTP Request: POST http://localhost:8000/v1/chat/completions "HTTP/1.1 200 OK"

2026-08-17 19:24:36,809 - INFO - HTTP Request: POST http://localhost:8000/v1/chat/completions "HTTP/1.1 200 OK"

2026-08-17 19:24:44,199 - INFO - HTTP Request: POST http://localhost:8000/v1/chat/completions "HTTP/1.1 200 OK"
2026-08-17 19:24:45,443 - INFO - HTTP Request: POST http://localhost:8000/v1/chat/completions "HTTP/1.1 200 OK"
2026-08-17 19:24:53,166 - INFO - HTTP Request: POST http://localhost:8000/v1/chat/completions "HTTP/1.1 200 OK"
2026-08-17 19:24:55,232 - INFO - HTTP Request: POST http://localhost:8000/v1/chat/completions "HTTP/1.1 200 OK"

2026-08-17 19:24:56,760 - INFO - HTTP Request: POST http://localhost:8000/v1/chat/completions "HTTP/1.1 200 OK"

2026-08-17 19:24:57,633 - INFO - HTTP Request: POST http://localhost:8000/v1/chat/completions "HTTP/1.1 200 OK"
2026-08-17 19:25:07,969 - INFO - HTTP Request: POST http://localhost:8000/v1/chat/completions "HTTP/1.1 200 OK"

2026-08-17 19:25:11,668 - INFO - HTTP Request: POST http://localhost:8000/v1/chat/completions "HTTP/1.1 200 OK"

2026-08-17 19:25:24,265 - INFO - HTTP Request: POST http://localhost:8000/v1/chat/completions "HTTP/1.1 200 OK"
2026-08-17 19:25:26,109 - INFO - HTTP Request: POST http://localhost:8000/v1/chat/completions "HTTP/1.1 200 OK"
2026-08-17 19:25:37,313 - INFO - HTTP Request: POST http://localhost:8000/v1/chat/completions "HTTP/1.1 200 OK"
2026-08-17 19:25:38,291 - INFO - HTTP Request: POST http://localhost:8000/v1/chat/completions "HTTP/1.1 200 OK"

2026-08-17 19:25:41,125 - INFO - HTTP Request: POST http://localhost:8000/v1/chat/completions "HTTP/1.1 200 OK"

2026-08-17 19:25:41,346 - INFO - HTTP Request: POST http://localhost:8000/v1/chat/completions "HTTP/1.1 200 OK"
2026-08-17 19:25:52,111 - INFO - HTTP Request: POST http://localhost:8000/v1/chat/completions "HTTP/1.1 200 OK"

2026-08-17 19:25:55,809 - INFO - HTTP Request: POST http://localhost:8000/v1/chat/completions "HTTP/1.1 200 OK"

2026-08-17 19:25:58,634 - INFO - HTTP Request: POST http://localhost:8000/v1/chat/completions "HTTP/1.1 200 OK"
2026-08-17 19:26:01,781 - INFO - HTTP Request: POST http://localhost:8000/v1/chat/completions "HTTP/1.1 200 OK"
2026-08-17 19:26:12,826 - INFO - HTTP Request: POST http://localhost:8000/v1/chat/completions "HTTP/1.1 200 OK"
2026-08-17 19:26:14,726 - INFO - HTTP Request: POST http://localhost:8000/v1/chat/completions "HTTP/1.1 200 OK"

2026-08-17 19:26:16,908 - INFO - HTTP Request: POST http://localhost:8000/v1/chat/completions "HTTP/1.1 200 OK"
2026-08-17 19:26:18,319 - INFO - HTTP Request: POST http://localhost:8000/v1/chat/completions "HTTP/1.1 200 OK"

2026-08-17 19:26:25,511 - INFO - HTTP Request: POST http://localhost:8000/v1/chat/completions "HTTP/1.1 200 OK"

2026-08-17 19:26:29,428 - INFO - HTTP Request: POST http://localhost:8000/v1/chat/completions "HTTP/1.1 200 OK"

2026-08-17 19:26:44,203 - INFO - HTTP Request: POST http://localhost:8000/v1/chat/completions "HTTP/1.1 200 OK"
2026-08-17 19:26:47,788 - INFO - HTTP Request: POST http://localhost:8000/v1/chat/completions "HTTP/1.1 200 OK"
2026-08-17 19:26:55,352 - INFO - HTTP Request: POST http://localhost:8000/v1/chat/completions "HTTP/1.1 200 OK"
2026-08-17 19:26:59,166 - INFO - HTTP Request: POST http://localhost:8000/v1/chat/completions "HTTP/1.1 200 OK"

2026-08-17 19:26:59,602 - INFO - HTTP Request: POST http://localhost:8000/v1/chat/completions "HTTP/1.1 200 OK"
2026-08-17 19:27:00,590 - INFO - HTTP Request: POST http://localhost:8000/v1/chat/completions "HTTP/1.1 200 OK"

2026-08-17 19:27:08,004 - INFO - HTTP Request: POST http://localhost:8000/v1/chat/completions "HTTP/1.1 200 OK"

2026-08-17 19:27:12,798 - INFO - HTTP Request: POST http://localhost:8000/v1/chat/completions "HTTP/1.1 200 OK"

2026-08-17 19:27:32,140 - INFO - HTTP Request: POST http://localhost:8000/v1/chat/completions "HTTP/1.1 200 OK"
2026-08-17 19:27:33,983 - INFO - HTTP Request: POST http://localhost:8000/v1/chat/completions "HTTP/1.1 200 OK"
2026-08-17 19:27:41,109 - INFO - HTTP Request: POST http://localhost:8000/v1/chat/completions "HTTP/1.1 200 OK"
2026-08-17 19:27:45,362 - INFO - HTTP Request: POST http://localhost:8000/v1/chat/completions "HTTP/1.1 200 OK"

r1_cfg0:  18%|█▊        | 9/50 [17:29<1:36:09, 140.73s/it]2026-08-17 19:27:46,015 - INFO - HTTP Request: POST http://localhost:8000/v1/chat/completions "HTTP/1.1 200 OK"

r1_cfg0:  20%|██        | 10/50 [17:29<1:04:59, 97.48s/it]2026-08-17 19:27:46,890 - INFO - HTTP Request: POST http://localhost:8000/v1/chat/completions "HTTP/1.1 200 OK"
2026-08-17 19:27:54,834 - INFO - HTTP Request: POST http://localhost:8000/v1/chat/completions "HTTP/1.1 200 OK"

r1_cfg0:  22%|██▏       | 11/50 [17:38<45:43, 70.35s/it]  2026-08-17 19:28:04,408 - INFO - HTTP Request: POST http://localhost:8000/v1/chat/completions "HTTP/1.1 200 OK"

r1_cfg0:  24%|██▍       | 12/50 [17:48<32:50, 51.86s/it]2026-08-17 19:28:07,449 - INFO - HTTP Request: POST http://localhost:8000/v1/chat/completions "HTTP/1.1 200 OK"
2026-08-17 19:28:08,639 - INFO - HTTP Request: POST http://localhost:8000/v1/chat/completions "HTTP/1.1 200 OK"
2026-08-17 19:28:17,229 - INFO - HTTP Request: POST http://localhost:8000/v1/chat/completions "HTTP/1.1 200 OK"
2026-08-17 19:28:19,764 - INFO - HTTP Request: POST http://localhost:8000/v1/chat/completions "HTTP/1.1 200 OK"

2026-08-17 19:28:21,508 - INFO - HTTP Request: POST http://localhost:8000/v1/chat/completions "HTTP/1.1 200 OK"

2026-08-17 19:28:27,158 - INFO - HTTP Request: POST http://localhost:8000/v1/chat/completions "HTTP/1.1 200 OK"
2026-08-17 19:28:29,985 - INFO - HTTP Request: POST http://localhost:8000/v1/chat/completions "HTTP/1.1 200 OK"

2026-08-17 19:28:39,330 - INFO - HTTP Request: POST http://localhost:8000/v1/chat/completions "HTTP/1.1 200 OK"

2026-08-17 19:28:46,064 - INFO - HTTP Request: POST http://localhost:8000/v1/chat/completions "HTTP/1.1 200 OK"
2026-08-17 19:28:48,124 - INFO - HTTP Request: POST http://localhost:8000/v1/chat/completions "HTTP/1.1 200 OK"
2026-08-17 19:28:56,719 - INFO - HTTP Request: POST http://localhost:8000/v1/chat/completions "HTTP/1.1 200 OK"
2026-08-17 19:28:57,155 - INFO - HTTP Request: POST http://localhost:8000/v1/chat/completions "HTTP/1.1 200 OK"

2026-08-17 19:28:59,051 - INFO - HTTP Request: POST http://localhost:8000/v1/chat/completions "HTTP/1.1 200 OK"

2026-08-17 19:29:06,007 - INFO - HTTP Request: POST http://localhost:8000/v1/chat/completions "HTTP/1.1 200 OK"

2026-08-17 19:29:06,225 - INFO - HTTP Request: POST http://localhost:8000/v1/chat/completions "HTTP/1.1 200 OK"
2026-08-17 19:29:17,097 - INFO - HTTP Request: POST http://localhost:8000/v1/chat/completions "HTTP/1.1 200 OK"

2026-08-17 19:29:21,877 - INFO - HTTP Request: POST http://localhost:8000/v1/chat/completions "HTTP/1.1 200 OK"
2026-08-17 19:29:23,936 - INFO - HTTP Request: POST http://localhost:8000/v1/chat/completions "HTTP/1.1 200 OK"
2026-08-17 19:29:31,222 - INFO - HTTP Request: POST http://localhost:8000/v1/chat/completions "HTTP/1.1 200 OK"
2026-08-17 19:29:32,029 - INFO - HTTP Request: POST http://localhost:8000/v1/chat/completions "HTTP/1.1 200 OK"

2026-08-17 19:29:34,866 - INFO - HTTP Request: POST http://localhost:8000/v1/chat/completions "HTTP/1.1 200 OK"

2026-08-17 19:29:42,264 - INFO - HTTP Request: POST http://localhost:8000/v1/chat/completions "HTTP/1.1 200 OK"
2026-08-17 19:29:43,789 - INFO - HTTP Request: POST http://localhost:8000/v1/chat/completions "HTTP/1.1 200 OK"

2026-08-17 19:29:52,710 - INFO - HTTP Request: POST http://localhost:8000/v1/chat/completions "HTTP/1.1 200 OK"

2026-08-17 19:29:56,410 - INFO - HTTP Request: POST http://localhost:8000/v1/chat/completions "HTTP/1.1 200 OK"
2026-08-17 19:29:59,557 - INFO - HTTP Request: POST http://localhost:8000/v1/chat/completions "HTTP/1.1 200 OK"
2026-08-17 19:30:08,581 - INFO - HTTP Request: POST http://localhost:8000/v1/chat/completions "HTTP/1.1 200 OK"
2026-08-17 19:30:09,375 - INFO - HTTP Request: POST http://localhost:8000/v1/chat/completions "HTTP/1.1 200 OK"

2026-08-17 19:30:12,212 - INFO - HTTP Request: POST http://localhost:8000/v1/chat/completions "HTTP/1.1 200 OK"

2026-08-17 19:30:17,001 - INFO - HTTP Request: POST http://localhost:8000/v1/chat/completions "HTTP/1.1 200 OK"
2026-08-17 19:30:20,914 - INFO - HTTP Request: POST http://localhost:8000/v1/chat/completions "HTTP/1.1 200 OK"

2026-08-17 19:30:28,964 - INFO - HTTP Request: POST http://localhost:8000/v1/chat/completions "HTTP/1.1 200 OK"
2026-08-17 19:30:29,750 - INFO - HTTP Request: POST http://localhost:8000/v1/chat/completions "HTTP/1.1 200 OK"

2026-08-17 19:30:32,676 - INFO - HTTP Request: POST http://localhost:8000/v1/chat/completions "HTTP/1.1 200 OK"
2026-08-17 19:30:39,089 - INFO - HTTP Request: POST http://localhost:8000/v1/chat/completions "HTTP/1.1 200 OK"

2026-08-17 19:30:41,050 - INFO - HTTP Request: POST http://localhost:8000/v1/chat/completions "HTTP/1.1 200 OK"
2026-08-17 19:30:46,854 - INFO - HTTP Request: POST http://localhost:8000/v1/chat/completions "HTTP/1.1 200 OK"

2026-08-17 19:30:50,117 - INFO - HTTP Request: POST http://localhost:8000/v1/chat/completions "HTTP/1.1 200 OK"
2026-08-17 19:30:53,598 - INFO - HTTP Request: POST http://localhost:8000/v1/chat/completions "HTTP/1.1 200 OK"

2026-08-17 19:31:02,076 - INFO - HTTP Request: POST http://localhost:8000/v1/chat/completions "HTTP/1.1 200 OK"

2026-08-17 19:31:08,160 - INFO - HTTP Request: POST http://localhost:8000/v1/chat/completions "HTTP/1.1 200 OK"
2026-08-17 19:31:16,093 - INFO - HTTP Request: POST http://localhost:8000/v1/chat/completions "HTTP/1.1 200 OK"
2026-08-17 19:31:22,286 - INFO - HTTP Request: POST http://localhost:8000/v1/chat/completions "HTTP/1.1 200 OK"

2026-08-17 19:31:22,943 - INFO - HTTP Request: POST http://localhost:8000/v1/chat/completions "HTTP/1.1 200 OK"
2026-08-17 19:31:28,246 - INFO - HTTP Request: POST http://localhost:8000/v1/chat/completions "HTTP/1.1 200 OK"

2026-08-17 19:31:31,509 - INFO - HTTP Request: POST http://localhost:8000/v1/chat/completions "HTTP/1.1 200 OK"
2026-08-17 19:31:32,379 - INFO - HTTP Request: POST http://localhost:8000/v1/chat/completions "HTTP/1.1 200 OK"

2026-08-17 19:31:42,594 - INFO - HTTP Request: POST http://localhost:8000/v1/chat/completions "HTTP/1.1 200 OK"
2026-08-17 19:31:42,811 - INFO - HTTP Request: POST http://localhost:8000/v1/chat/completions "HTTP/1.1 200 OK"

2026-08-17 19:31:48,794 - INFO - HTTP Request: POST http://localhost:8000/v1/chat/completions "HTTP/1.1 200 OK"
2026-08-17 19:31:53,034 - INFO - HTTP Request: POST http://localhost:8000/v1/chat/completions "HTTP/1.1 200 OK"
2026-08-17 19:31:58,419 - INFO - HTTP Request: POST http://localhost:8000/v1/chat/completions "HTTP/1.1 200 OK"

2026-08-17 19:32:02,993 - INFO - HTTP Request: POST http://localhost:8000/v1/chat/completions "HTTP/1.1 200 OK"

2026-08-17 19:32:03,649 - INFO - HTTP Request: POST http://localhost:8000/v1/chat/completions "HTTP/1.1 200 OK"
2026-08-17 19:32:08,437 - INFO - HTTP Request: POST http://localhost:8000/v1/chat/completions "HTTP/1.1 200 OK"

2026-08-17 19:32:16,705 - INFO - HTTP Request: POST http://localhost:8000/v1/chat/completions "HTTP/1.1 200 OK"

2026-08-17 19:32:27,788 - INFO - HTTP Request: POST http://localhost:8000/v1/chat/completions "HTTP/1.1 200 OK"
2026-08-17 19:32:32,681 - INFO - HTTP Request: POST http://localhost:8000/v1/chat/completions "HTTP/1.1 200 OK"
2026-08-17 19:32:38,229 - INFO - HTTP Request: POST http://localhost:8000/v1/chat/completions "HTTP/1.1 200 OK"
2026-08-17 19:32:41,872 - INFO - HTTP Request: POST http://localhost:8000/v1/chat/completions "HTTP/1.1 200 OK"

2026-08-17 19:32:46,238 - INFO - HTTP Request: POST http://localhost:8000/v1/chat/completions "HTTP/1.1 200 OK"

2026-08-17 19:32:46,673 - INFO - HTTP Request: POST http://localhost:8000/v1/chat/completions "HTTP/1.1 200 OK"
2026-08-17 19:32:53,430 - INFO - HTTP Request: POST http://localhost:8000/v1/chat/completions "HTTP/1.1 200 OK"

2026-08-17 19:33:00,397 - INFO - HTTP Request: POST http://localhost:8000/v1/chat/completions "HTTP/1.1 200 OK"

2026-08-17 19:33:15,179 - INFO - HTTP Request: POST http://localhost:8000/v1/chat/completions "HTTP/1.1 200 OK"
2026-08-17 19:33:19,855 - INFO - HTTP Request: POST http://localhost:8000/v1/chat/completions "HTTP/1.1 200 OK"
2026-08-17 19:33:25,187 - INFO - HTTP Request: POST http://localhost:8000/v1/chat/completions "HTTP/1.1 200 OK"
2026-08-17 19:33:25,622 - INFO - HTTP Request: POST http://localhost:8000/v1/chat/completions "HTTP/1.1 200 OK"

r1_cfg0:  26%|██▌       | 13/50 [23:09<1:22:17, 133.46s/it]2026-08-17 19:33:32,096 - INFO - HTTP Request: POST http://localhost:8000/v1/chat/completions "HTTP/1.1 200 OK"

r1_cfg0:  28%|██▊       | 14/50 [23:16<57:03, 95.10s/it]   2026-08-17 19:33:34,273 - INFO - HTTP Request: POST http://localhost:8000/v1/chat/completions "HTTP/1.1 200 OK"
2026-08-17 19:33:38,846 - INFO - HTTP Request: POST http://localhost:8000/v1/chat/completions "HTTP/1.1 200 OK"

r1_cfg0:  30%|███       | 15/50 [23:22<39:56, 68.47s/it]2026-08-17 19:33:45,369 - INFO - HTTP Request: POST http://localhost:8000/v1/chat/completions "HTTP/1.1 200 OK"

r1_cfg0:  32%|███▏      | 16/50 [23:29<28:13, 49.82s/it]2026-08-17 19:33:47,758 - INFO - HTTP Request: POST http://localhost:8000/v1/chat/completions "HTTP/1.1 200 OK"
2026-08-17 19:33:54,603 - INFO - HTTP Request: POST http://localhost:8000/v1/chat/completions "HTTP/1.1 200 OK"
2026-08-17 19:34:01,509 - INFO - HTTP Request: POST http://localhost:8000/v1/chat/completions "HTTP/1.1 200 OK"
2026-08-17 19:34:02,759 - INFO - HTTP Request: POST http://localhost:8000/v1/chat/completions "HTTP/1.1 200 OK"

2026-08-17 19:34:07,554 - INFO - HTTP Request: POST http://localhost:8000/v1/chat/completions "HTTP/1.1 200 OK"

2026-08-17 19:34:08,426 - INFO - HTTP Request: POST http://localhost:8000/v1/chat/completions "HTTP/1.1 200 OK"
2026-08-17 19:34:17,014 - INFO - HTTP Request: POST http://localhost:8000/v1/chat/completions "HTTP/1.1 200 OK"

2026-08-17 19:34:21,802 - INFO - HTTP Request: POST http://localhost:8000/v1/chat/completions "HTTP/1.1 200 OK"

2026-08-17 19:34:29,188 - INFO - HTTP Request: POST http://localhost:8000/v1/chat/completions "HTTP/1.1 200 OK"
2026-08-17 19:34:34,295 - INFO - HTTP Request: POST http://localhost:8000/v1/chat/completions "HTTP/1.1 200 OK"
2026-08-17 19:34:43,820 - INFO - HTTP Request: POST http://localhost:8000/v1/chat/completions "HTTP/1.1 200 OK"
2026-08-17 19:34:45,070 - INFO - HTTP Request: POST http://localhost:8000/v1/chat/completions "HTTP/1.1 200 OK"

2026-08-17 19:34:48,994 - INFO - HTTP Request: POST http://localhost:8000/v1/chat/completions "HTTP/1.1 200 OK"
2026-08-17 19:34:50,190 - INFO - HTTP Request: POST http://localhost:8000/v1/chat/completions "HTTP/1.1 200 OK"

2026-08-17 19:34:57,381 - INFO - HTTP Request: POST http://localhost:8000/v1/chat/completions "HTTP/1.1 200 OK"

2026-08-17 19:34:59,559 - INFO - HTTP Request: POST http://localhost:8000/v1/chat/completions "HTTP/1.1 200 OK"

2026-08-17 19:35:09,768 - INFO - HTTP Request: POST http://localhost:8000/v1/chat/completions "HTTP/1.1 200 OK"
2026-08-17 19:35:14,879 - INFO - HTTP Request: POST http://localhost:8000/v1/chat/completions "HTTP/1.1 200 OK"
2026-08-17 19:35:20,921 - INFO - HTTP Request: POST http://localhost:8000/v1/chat/completions "HTTP/1.1 200 OK"

2026-08-17 19:35:22,452 - INFO - HTTP Request: POST http://localhost:8000/v1/chat/completions "HTTP/1.1 200 OK"
2026-08-17 19:35:25,007 - INFO - HTTP Request: POST http://localhost:8000/v1/chat/completions "HTTP/1.1 200 OK"
2026-08-17 19:35:27,073 - INFO - HTTP Request: POST http://localhost:8000/v1/chat/completions "HTTP/1.1 200 OK"

2026-08-17 19:35:34,485 - INFO - HTTP Request: POST http://localhost:8000/v1/chat/completions "HTTP/1.1 200 OK"

2026-08-17 19:35:45,586 - INFO - HTTP Request: POST http://localhost:8000/v1/chat/completions "HTTP/1.1 200 OK"

2026-08-17 19:35:45,587 - INFO - HTTP Request: POST http://localhost:8000/v1/chat/completions "HTTP/1.1 200 OK"
2026-08-17 19:35:50,909 - INFO - HTTP Request: POST http://localhost:8000/v1/chat/completions "HTTP/1.1 200 OK"
2026-08-17 19:35:58,471 - INFO - HTTP Request: POST http://localhost:8000/v1/chat/completions "HTTP/1.1 200 OK"

2026-08-17 19:35:59,351 - INFO - HTTP Request: POST http://localhost:8000/v1/chat/completions "HTTP/1.1 200 OK"
2026-08-17 19:36:03,866 - INFO - HTTP Request: POST http://localhost:8000/v1/chat/completions "HTTP/1.1 200 OK"

2026-08-17 19:36:10,835 - INFO - HTTP Request: POST http://localhost:8000/v1/chat/completions "HTTP/1.1 200 OK"
2026-08-17 19:36:12,525 - INFO - HTTP Request: POST http://localhost:8000/v1/chat/completions "HTTP/1.1 200 OK"

2026-08-17 19:36:19,059 - INFO - HTTP Request: POST http://localhost:8000/v1/chat/completions "HTTP/1.1 200 OK"
2026-08-17 19:36:23,734 - INFO - HTTP Request: POST http://localhost:8000/v1/chat/completions "HTTP/1.1 200 OK"

2026-08-17 19:36:23,952 - INFO - HTTP Request: POST http://localhost:8000/v1/chat/completions "HTTP/1.1 200 OK"
2026-08-17 19:36:29,564 - INFO - HTTP Request: POST http://localhost:8000/v1/chat/completions "HTTP/1.1 200 OK"

2026-08-17 19:36:33,045 - INFO - HTTP Request: POST http://localhost:8000/v1/chat/completions "HTTP/1.1 200 OK"
2026-08-17 19:36:38,431 - INFO - HTTP Request: POST http://localhost:8000/v1/chat/completions "HTTP/1.1 200 OK"

2026-08-17 19:36:44,308 - INFO - HTTP Request: POST http://localhost:8000/v1/chat/completions "HTTP/1.1 200 OK"
2026-08-17 19:36:45,934 - INFO - HTTP Request: POST http://localhost:8000/v1/chat/completions "HTTP/1.1 200 OK"

2026-08-17 19:36:58,120 - INFO - HTTP Request: POST http://localhost:8000/v1/chat/completions "HTTP/1.1 200 OK"

2026-08-17 19:36:58,987 - INFO - HTTP Request: POST http://localhost:8000/v1/chat/completions "HTTP/1.1 200 OK"
2026-08-17 19:37:07,790 - INFO - HTTP Request: POST http://localhost:8000/v1/chat/completions "HTTP/1.1 200 OK"
2026-08-17 19:37:14,260 - INFO - HTTP Request: POST http://localhost:8000/v1/chat/completions "HTTP/1.1 200 OK"

2026-08-17 19:37:15,351 - INFO - HTTP Request: POST http://localhost:8000/v1/chat/completions "HTTP/1.1 200 OK"
2026-08-17 19:37:21,826 - INFO - HTTP Request: POST http://localhost:8000/v1/chat/completions "HTTP/1.1 200 OK"

2026-08-17 19:37:27,920 - INFO - HTTP Request: POST http://localhost:8000/v1/chat/completions "HTTP/1.1 200 OK"
2026-08-17 19:37:29,979 - INFO - HTTP Request: POST http://localhost:8000/v1/chat/completions "HTTP/1.1 200 OK"

2026-08-17 19:37:34,982 - INFO - HTTP Request: POST http://localhost:8000/v1/chat/completions "HTTP/1.1 200 OK"
2026-08-17 19:37:42,544 - INFO - HTTP Request: POST http://localhost:8000/v1/chat/completions "HTTP/1.1 200 OK"
2026-08-17 19:37:42,763 - INFO - HTTP Request: POST http://localhost:8000/v1/chat/completions "HTTP/1.1 200 OK"

2026-08-17 19:37:47,498 - INFO - HTTP Request: POST http://localhost:8000/v1/chat/completions "HTTP/1.1 200 OK"

2026-08-17 19:37:50,764 - INFO - HTTP Request: POST http://localhost:8000/v1/chat/completions "HTTP/1.1 200 OK"
2026-08-17 19:37:56,155 - INFO - HTTP Request: POST http://localhost:8000/v1/chat/completions "HTTP/1.1 200 OK"

2026-08-17 19:38:03,556 - INFO - HTTP Request: POST http://localhost:8000/v1/chat/completions "HTTP/1.1 200 OK"
2026-08-17 19:38:04,965 - INFO - HTTP Request: POST http://localhost:8000/v1/chat/completions "HTTP/1.1 200 OK"

2026-08-17 19:38:14,974 - INFO - HTTP Request: POST http://localhost:8000/v1/chat/completions "HTTP/1.1 200 OK"

2026-08-17 19:38:17,372 - INFO - HTTP Request: POST http://localhost:8000/v1/chat/completions "HTTP/1.1 200 OK"
2026-08-17 19:38:25,957 - INFO - HTTP Request: POST http://localhost:8000/v1/chat/completions "HTTP/1.1 200 OK"
2026-08-17 19:38:32,002 - INFO - HTTP Request: POST http://localhost:8000/v1/chat/completions "HTTP/1.1 200 OK"

2026-08-17 19:38:34,842 - INFO - HTTP Request: POST http://localhost:8000/v1/chat/completions "HTTP/1.1 200 OK"
2026-08-17 19:38:43,068 - INFO - HTTP Request: POST http://localhost:8000/v1/chat/completions "HTTP/1.1 200 OK"

2026-08-17 19:38:45,256 - INFO - HTTP Request: POST http://localhost:8000/v1/chat/completions "HTTP/1.1 200 OK"
2026-08-17 19:38:48,846 - INFO - HTTP Request: POST http://localhost:8000/v1/chat/completions "HTTP/1.1 200 OK"

2026-08-17 19:39:00,167 - INFO - HTTP Request: POST http://localhost:8000/v1/chat/completions "HTTP/1.1 200 OK"

2026-08-17 19:39:05,173 - INFO - HTTP Request: POST http://localhost:8000/v1/chat/completions "HTTP/1.1 200 OK"
2026-08-17 19:39:14,199 - INFO - HTTP Request: POST http://localhost:8000/v1/chat/completions "HTTP/1.1 200 OK"

r1_cfg0:  34%|███▍      | 17/50 [28:58<1:13:32, 133.72s/it]2026-08-17 19:39:14,536 - INFO - HTTP Request: POST http://localhost:8000/v1/chat/completions "HTTP/1.1 200 OK"
2026-08-17 19:39:22,779 - INFO - HTTP Request: POST http://localhost:8000/v1/chat/completions "HTTP/1.1 200 OK"
2026-08-17 19:39:28,607 - INFO - HTTP Request: POST http://localhost:8000/v1/chat/completions "HTTP/1.1 200 OK"

r1_cfg0:  36%|███▌      | 18/50 [29:12<52:11, 97.87s/it]   2026-08-17 19:39:33,835 - INFO - HTTP Request: POST http://localhost:8000/v1/chat/completions "HTTP/1.1 200 OK"
2026-08-17 19:39:35,900 - INFO - HTTP Request: POST http://localhost:8000/v1/chat/completions "HTTP/1.1 200 OK"

r1_cfg0:  38%|███▊      | 19/50 [29:19<36:30, 70.67s/it]2026-08-17 19:39:37,426 - INFO - HTTP Request: POST http://localhost:8000/v1/chat/completions "HTTP/1.1 200 OK"
2026-08-17 19:39:46,064 - INFO - HTTP Request: POST http://localhost:8000/v1/chat/completions "HTTP/1.1 200 OK"

r1_cfg0:  40%|████      | 20/50 [29:30<26:15, 52.50s/it]2026-08-17 19:39:51,065 - INFO - HTTP Request: POST http://localhost:8000/v1/chat/completions "HTTP/1.1 200 OK"
2026-08-17 19:39:51,066 - INFO - HTTP Request: POST http://localhost:8000/v1/chat/completions "HTTP/1.1 200 OK"

2026-08-17 19:39:58,162 - INFO - HTTP Request: POST http://localhost:8000/v1/chat/completions "HTTP/1.1 200 OK"
2026-08-17 19:40:00,877 - INFO - HTTP Request: POST http://localhost:8000/v1/chat/completions "HTTP/1.1 200 OK"

2026-08-17 19:40:08,493 - INFO - HTTP Request: POST http://localhost:8000/v1/chat/completions "HTTP/1.1 200 OK"
2026-08-17 19:40:09,522 - INFO - HTTP Request: POST http://localhost:8000/v1/chat/completions "HTTP/1.1 200 OK"

2026-08-17 19:40:17,788 - INFO - HTTP Request: POST http://localhost:8000/v1/chat/completions "HTTP/1.1 200 OK"
2026-08-17 19:40:18,748 - INFO - HTTP Request: POST http://localhost:8000/v1/chat/completions "HTTP/1.1 200 OK"

2026-08-17 19:40:27,660 - INFO - HTTP Request: POST http://localhost:8000/v1/chat/completions "HTTP/1.1 200 OK"
2026-08-17 19:40:30,268 - INFO - HTTP Request: POST http://localhost:8000/v1/chat/completions "HTTP/1.1 200 OK"

2026-08-17 19:40:36,137 - INFO - HTTP Request: POST http://localhost:8000/v1/chat/completions "HTTP/1.1 200 OK"
2026-08-17 19:40:39,995 - INFO - HTTP Request: POST http://localhost:8000/v1/chat/completions "HTTP/1.1 200 OK"

2026-08-17 19:40:45,219 - INFO - HTTP Request: POST http://localhost:8000/v1/chat/completions "HTTP/1.1 200 OK"
2026-08-17 19:40:50,888 - INFO - HTTP Request: POST http://localhost:8000/v1/chat/completions "HTTP/1.1 200 OK"

2026-08-17 19:40:55,459 - INFO - HTTP Request: POST http://localhost:8000/v1/chat/completions "HTTP/1.1 200 OK"
2026-08-17 19:40:58,507 - INFO - HTTP Request: POST http://localhost:8000/v1/chat/completions "HTTP/1.1 200 OK"

2026-08-17 19:41:05,029 - INFO - HTTP Request: POST http://localhost:8000/v1/chat/completions "HTTP/1.1 200 OK"
2026-08-17 19:41:11,704 - INFO - HTTP Request: POST http://localhost:8000/v1/chat/completions "HTTP/1.1 200 OK"

2026-08-17 19:41:15,408 - INFO - HTTP Request: POST http://localhost:8000/v1/chat/completions "HTTP/1.1 200 OK"

2026-08-17 19:41:15,626 - INFO - HTTP Request: POST http://localhost:8000/v1/chat/completions "HTTP/1.1 200 OK"
2026-08-17 19:41:23,343 - INFO - HTTP Request: POST http://localhost:8000/v1/chat/completions "HTTP/1.1 200 OK"
2026-08-17 19:41:31,775 - INFO - HTTP Request: POST http://localhost:8000/v1/chat/completions "HTTP/1.1 200 OK"

2026-08-17 19:41:35,264 - INFO - HTTP Request: POST http://localhost:8000/v1/chat/completions "HTTP/1.1 200 OK"

2026-08-17 19:41:36,358 - INFO - HTTP Request: POST http://localhost:8000/v1/chat/completions "HTTP/1.1 200 OK"
2026-08-17 19:41:40,417 - INFO - HTTP Request: POST http://localhost:8000/v1/chat/completions "HTTP/1.1 200 OK"
2026-08-17 19:41:49,049 - INFO - HTTP Request: POST http://localhost:8000/v1/chat/completions "HTTP/1.1 200 OK"

2026-08-17 19:41:52,753 - INFO - HTTP Request: POST http://localhost:8000/v1/chat/completions "HTTP/1.1 200 OK"

2026-08-17 19:41:56,233 - INFO - HTTP Request: POST http://localhost:8000/v1/chat/completions "HTTP/1.1 200 OK"
2026-08-17 19:41:59,814 - INFO - HTTP Request: POST http://localhost:8000/v1/chat/completions "HTTP/1.1 200 OK"
2026-08-17 19:42:09,060 - INFO - HTTP Request: POST http://localhost:8000/v1/chat/completions "HTTP/1.1 200 OK"

2026-08-17 19:42:09,495 - INFO - HTTP Request: POST http://localhost:8000/v1/chat/completions "HTTP/1.1 200 OK"
2026-08-17 19:42:12,985 - INFO - HTTP Request: POST http://localhost:8000/v1/chat/completions "HTTP/1.1 200 OK"

2026-08-17 19:42:13,419 - INFO - HTTP Request: POST http://localhost:8000/v1/chat/completions "HTTP/1.1 200 OK"
2026-08-17 19:42:20,102 - INFO - HTTP Request: POST http://localhost:8000/v1/chat/completions "HTTP/1.1 200 OK"

2026-08-17 19:42:22,278 - INFO - HTTP Request: POST http://localhost:8000/v1/chat/completions "HTTP/1.1 200 OK"

2026-08-17 19:42:29,228 - INFO - HTTP Request: POST http://localhost:8000/v1/chat/completions "HTTP/1.1 200 OK"
2026-08-17 19:42:33,248 - INFO - HTTP Request: POST http://localhost:8000/v1/chat/completions "HTTP/1.1 200 OK"
2026-08-17 19:42:39,501 - INFO - HTTP Request: POST http://localhost:8000/v1/chat/completions "HTTP/1.1 200 OK"

2026-08-17 19:42:43,635 - INFO - HTTP Request: POST http://localhost:8000/v1/chat/completions "HTTP/1.1 200 OK"

2026-08-17 19:42:49,500 - INFO - HTTP Request: POST http://localhost:8000/v1/chat/completions "HTTP/1.1 200 OK"
2026-08-17 19:42:51,820 - INFO - HTTP Request: POST http://localhost:8000/v1/chat/completions "HTTP/1.1 200 OK"
2026-08-17 19:43:00,672 - INFO - HTTP Request: POST http://localhost:8000/v1/chat/completions "HTTP/1.1 200 OK"

2026-08-17 19:43:05,458 - INFO - HTTP Request: POST http://localhost:8000/v1/chat/completions "HTTP/1.1 200 OK"

2026-08-17 19:43:08,500 - INFO - HTTP Request: POST http://localhost:8000/v1/chat/completions "HTTP/1.1 200 OK"
2026-08-17 19:43:12,955 - INFO - HTTP Request: POST http://localhost:8000/v1/chat/completions "HTTP/1.1 200 OK"
2026-08-17 19:43:21,331 - INFO - HTTP Request: POST http://localhost:8000/v1/chat/completions "HTTP/1.1 200 OK"
2026-08-17 19:43:23,510 - INFO - HTTP Request: POST http://localhost:8000/v1/chat/completions "HTTP/1.1 200 OK"

2026-08-17 19:43:26,345 - INFO - HTTP Request: POST http://localhost:8000/v1/chat/completions "HTTP/1.1 200 OK"
2026-08-17 19:43:30,417 - INFO - HTTP Request: POST http://localhost:8000/v1/chat/completions "HTTP/1.1 200 OK"

2026-08-17 19:43:37,382 - INFO - HTTP Request: POST http://localhost:8000/v1/chat/completions "HTTP/1.1 200 OK"

2026-08-17 19:43:40,645 - INFO - HTTP Request: POST http://localhost:8000/v1/chat/completions "HTTP/1.1 200 OK"

2026-08-17 19:43:43,689 - INFO - HTTP Request: POST http://localhost:8000/v1/chat/completions "HTTP/1.1 200 OK"
2026-08-17 19:43:50,758 - INFO - HTTP Request: POST http://localhost:8000/v1/chat/completions "HTTP/1.1 200 OK"
2026-08-17 19:43:55,272 - INFO - HTTP Request: POST http://localhost:8000/v1/chat/completions "HTTP/1.1 200 OK"

2026-08-17 19:44:04,849 - INFO - HTTP Request: POST http://localhost:8000/v1/chat/completions "HTTP/1.1 200 OK"

2026-08-17 19:44:07,241 - INFO - HTTP Request: POST http://localhost:8000/v1/chat/completions "HTTP/1.1 200 OK"
2026-08-17 19:44:10,720 - INFO - HTTP Request: POST http://localhost:8000/v1/chat/completions "HTTP/1.1 200 OK"
2026-08-17 19:44:18,053 - INFO - HTTP Request: POST http://localhost:8000/v1/chat/completions "HTTP/1.1 200 OK"

2026-08-17 19:44:24,588 - INFO - HTTP Request: POST http://localhost:8000/v1/chat/completions "HTTP/1.1 200 OK"

2026-08-17 19:44:24,805 - INFO - HTTP Request: POST http://localhost:8000/v1/chat/completions "HTTP/1.1 200 OK"
2026-08-17 19:44:34,706 - INFO - HTTP Request: POST http://localhost:8000/v1/chat/completions "HTTP/1.1 200 OK"
2026-08-17 19:44:35,954 - INFO - HTTP Request: POST http://localhost:8000/v1/chat/completions "HTTP/1.1 200 OK"

2026-08-17 19:44:48,583 - INFO - HTTP Request: POST http://localhost:8000/v1/chat/completions "HTTP/1.1 200 OK"

2026-08-17 19:44:51,851 - INFO - HTTP Request: POST http://localhost:8000/v1/chat/completions "HTTP/1.1 200 OK"
2026-08-17 19:44:58,158 - INFO - HTTP Request: POST http://localhost:8000/v1/chat/completions "HTTP/1.1 200 OK"
2026-08-17 19:45:05,880 - INFO - HTTP Request: POST http://localhost:8000/v1/chat/completions "HTTP/1.1 200 OK"

r1_cfg0:  42%|████▏     | 21/50 [34:49<1:04:09, 132.74s/it]2026-08-17 19:45:09,581 - INFO - HTTP Request: POST http://localhost:8000/v1/chat/completions "HTTP/1.1 200 OK"
2026-08-17 19:45:11,212 - INFO - HTTP Request: POST http://localhost:8000/v1/chat/completions "HTTP/1.1 200 OK"

r1_cfg0:  44%|████▍     | 22/50 [34:55<44:06, 94.50s/it]   2026-08-17 19:45:19,920 - INFO - HTTP Request: POST http://localhost:8000/v1/chat/completions "HTTP/1.1 200 OK"

r1_cfg0:  46%|████▌     | 23/50 [35:03<30:56, 68.76s/it]2026-08-17 19:45:22,094 - INFO - HTTP Request: POST http://localhost:8000/v1/chat/completions "HTTP/1.1 200 OK"
2026-08-17 19:45:28,560 - INFO - HTTP Request: POST http://localhost:8000/v1/chat/completions "HTTP/1.1 200 OK"
2026-08-17 19:45:33,236 - INFO - HTTP Request: POST http://localhost:8000/v1/chat/completions "HTTP/1.1 200 OK"

r1_cfg0:  48%|████▊     | 24/50 [35:17<22:35, 52.12s/it]2026-08-17 19:45:33,889 - INFO - HTTP Request: POST http://localhost:8000/v1/chat/completions "HTTP/1.1 200 OK"
2026-08-17 19:45:42,483 - INFO - HTTP Request: POST http://localhost:8000/v1/chat/completions "HTTP/1.1 200 OK"

2026-08-17 19:45:42,484 - INFO - HTTP Request: POST http://localhost:8000/v1/chat/completions "HTTP/1.1 200 OK"

2026-08-17 19:45:42,916 - INFO - HTTP Request: POST http://localhost:8000/v1/chat/completions "HTTP/1.1 200 OK"
2026-08-17 19:45:53,464 - INFO - HTTP Request: POST http://localhost:8000/v1/chat/completions "HTTP/1.1 200 OK"

2026-08-17 19:45:55,854 - INFO - HTTP Request: POST http://localhost:8000/v1/chat/completions "HTTP/1.1 200 OK"
2026-08-17 19:46:05,305 - INFO - HTTP Request: POST http://localhost:8000/v1/chat/completions "HTTP/1.1 200 OK"

2026-08-17 19:46:09,216 - INFO - HTTP Request: POST http://localhost:8000/v1/chat/completions "HTTP/1.1 200 OK"
2026-08-17 19:46:09,217 - INFO - HTTP Request: POST http://localhost:8000/v1/chat/completions "HTTP/1.1 200 OK"
2026-08-17 19:46:20,348 - INFO - HTTP Request: POST http://localhost:8000/v1/chat/completions "HTTP/1.1 200 OK"

2026-08-17 19:46:20,565 - INFO - HTTP Request: POST http://localhost:8000/v1/chat/completions "HTTP/1.1 200 OK"
2026-08-17 19:46:23,067 - INFO - HTTP Request: POST http://localhost:8000/v1/chat/completions "HTTP/1.1 200 OK"

2026-08-17 19:46:32,424 - INFO - HTTP Request: POST http://localhost:8000/v1/chat/completions "HTTP/1.1 200 OK"
2026-08-17 19:46:33,398 - INFO - HTTP Request: POST http://localhost:8000/v1/chat/completions "HTTP/1.1 200 OK"

2026-08-17 19:46:44,274 - INFO - HTTP Request: POST http://localhost:8000/v1/chat/completions "HTTP/1.1 200 OK"
2026-08-17 19:46:48,196 - INFO - HTTP Request: POST http://localhost:8000/v1/chat/completions "HTTP/1.1 200 OK"
2026-08-17 19:46:49,173 - INFO - HTTP Request: POST http://localhost:8000/v1/chat/completions "HTTP/1.1 200 OK"

2026-08-17 19:46:55,275 - INFO - HTTP Request: POST http://localhost:8000/v1/chat/completions "HTTP/1.1 200 OK"

2026-08-17 19:46:58,547 - INFO - HTTP Request: POST http://localhost:8000/v1/chat/completions "HTTP/1.1 200 OK"
2026-08-17 19:46:59,956 - INFO - HTTP Request: POST http://localhost:8000/v1/chat/completions "HTTP/1.1 200 OK"

2026-08-17 19:47:13,889 - INFO - HTTP Request: POST http://localhost:8000/v1/chat/completions "HTTP/1.1 200 OK"
2026-08-17 19:47:13,892 - INFO - HTTP Request: POST http://localhost:8000/v1/chat/completions "HTTP/1.1 200 OK"

2026-08-17 19:47:20,081 - INFO - HTTP Request: POST http://localhost:8000/v1/chat/completions "HTTP/1.1 200 OK"
2026-08-17 19:47:24,750 - INFO - HTTP Request: POST http://localhost:8000/v1/chat/completions "HTTP/1.1 200 OK"
2026-08-17 19:47:26,495 - INFO - HTTP Request: POST http://localhost:8000/v1/chat/completions "HTTP/1.1 200 OK"

2026-08-17 19:47:33,039 - INFO - HTTP Request: POST http://localhost:8000/v1/chat/completions "HTTP/1.1 200 OK"

2026-08-17 19:47:36,964 - INFO - HTTP Request: POST http://localhost:8000/v1/chat/completions "HTTP/1.1 200 OK"

2026-08-17 19:47:38,925 - INFO - HTTP Request: POST http://localhost:8000/v1/chat/completions "HTTP/1.1 200 OK"
2026-08-17 19:47:50,771 - INFO - HTTP Request: POST http://localhost:8000/v1/chat/completions "HTTP/1.1 200 OK"
2026-08-17 19:47:51,742 - INFO - HTTP Request: POST http://localhost:8000/v1/chat/completions "HTTP/1.1 200 OK"

2026-08-17 19:47:53,489 - INFO - HTTP Request: POST http://localhost:8000/v1/chat/completions "HTTP/1.1 200 OK"
2026-08-17 19:47:57,725 - INFO - HTTP Request: POST http://localhost:8000/v1/chat/completions "HTTP/1.1 200 OK"
2026-08-17 19:48:03,939 - INFO - HTTP Request: POST http://localhost:8000/v1/chat/completions "HTTP/1.1 200 OK"

2026-08-17 19:48:04,374 - INFO - HTTP Request: POST http://localhost:8000/v1/chat/completions "HTTP/1.1 200 OK"

2026-08-17 19:48:10,476 - INFO - HTTP Request: POST http://localhost:8000/v1/chat/completions "HTTP/1.1 200 OK"

2026-08-17 19:48:11,781 - INFO - HTTP Request: POST http://localhost:8000/v1/chat/completions "HTTP/1.1 200 OK"
2026-08-17 19:48:24,501 - INFO - HTTP Request: POST http://localhost:8000/v1/chat/completions "HTTP/1.1 200 OK"
2026-08-17 19:48:25,236 - INFO - HTTP Request: POST http://localhost:8000/v1/chat/completions "HTTP/1.1 200 OK"

2026-08-17 19:48:33,301 - INFO - HTTP Request: POST http://localhost:8000/v1/chat/completions "HTTP/1.1 200 OK"
2026-08-17 19:48:35,358 - INFO - HTTP Request: POST http://localhost:8000/v1/chat/completions "HTTP/1.1 200 OK"

2026-08-17 19:48:40,144 - INFO - HTTP Request: POST http://localhost:8000/v1/chat/completions "HTTP/1.1 200 OK"
2026-08-17 19:48:44,599 - INFO - HTTP Request: POST http://localhost:8000/v1/chat/completions "HTTP/1.1 200 OK"

2026-08-17 19:48:54,606 - INFO - HTTP Request: POST http://localhost:8000/v1/chat/completions "HTTP/1.1 200 OK"
2026-08-17 19:48:54,824 - INFO - HTTP Request: POST http://localhost:8000/v1/chat/completions "HTTP/1.1 200 OK"

2026-08-17 19:49:04,715 - INFO - HTTP Request: POST http://localhost:8000/v1/chat/completions "HTTP/1.1 200 OK"
2026-08-17 19:49:04,931 - INFO - HTTP Request: POST http://localhost:8000/v1/chat/completions "HTTP/1.1 200 OK"
2026-08-17 19:49:09,055 - INFO - HTTP Request: POST http://localhost:8000/v1/chat/completions "HTTP/1.1 200 OK"

2026-08-17 19:49:15,812 - INFO - HTTP Request: POST http://localhost:8000/v1/chat/completions "HTTP/1.1 200 OK"
2026-08-17 19:49:16,536 - INFO - HTTP Request: POST http://localhost:8000/v1/chat/completions "HTTP/1.1 200 OK"

2026-08-17 19:49:19,844 - INFO - HTTP Request: POST http://localhost:8000/v1/chat/completions "HTTP/1.1 200 OK"

2026-08-17 19:49:29,418 - INFO - HTTP Request: POST http://localhost:8000/v1/chat/completions "HTTP/1.1 200 OK"
2026-08-17 19:49:31,918 - INFO - HTTP Request: POST http://localhost:8000/v1/chat/completions "HTTP/1.1 200 OK"

2026-08-17 19:49:40,190 - INFO - HTTP Request: POST http://localhost:8000/v1/chat/completions "HTTP/1.1 200 OK"
2026-08-17 19:49:43,340 - INFO - HTTP Request: POST http://localhost:8000/v1/chat/completions "HTTP/1.1 200 OK"

2026-08-17 19:49:46,389 - INFO - HTTP Request: POST http://localhost:8000/v1/chat/completions "HTTP/1.1 200 OK"
2026-08-17 19:49:54,993 - INFO - HTTP Request: POST http://localhost:8000/v1/chat/completions "HTTP/1.1 200 OK"

2026-08-17 19:49:56,955 - INFO - HTTP Request: POST http://localhost:8000/v1/chat/completions "HTTP/1.1 200 OK"

2026-08-17 19:50:01,744 - INFO - HTTP Request: POST http://localhost:8000/v1/chat/completions "HTTP/1.1 200 OK"
2026-08-17 19:50:13,166 - INFO - HTTP Request: POST http://localhost:8000/v1/chat/completions "HTTP/1.1 200 OK"
2026-08-17 19:50:19,810 - INFO - HTTP Request: POST http://localhost:8000/v1/chat/completions "HTTP/1.1 200 OK"

2026-08-17 19:50:24,827 - INFO - HTTP Request: POST http://localhost:8000/v1/chat/completions "HTTP/1.1 200 OK"
2026-08-17 19:50:26,018 - INFO - HTTP Request: POST http://localhost:8000/v1/chat/completions "HTTP/1.1 200 OK"

2026-08-17 19:50:31,030 - INFO - HTTP Request: POST http://localhost:8000/v1/chat/completions "HTTP/1.1 200 OK"
2026-08-17 19:50:37,669 - INFO - HTTP Request: POST http://localhost:8000/v1/chat/completions "HTTP/1.1 200 OK"

2026-08-17 19:50:42,899 - INFO - HTTP Request: POST http://localhost:8000/v1/chat/completions "HTTP/1.1 200 OK"

r1_cfg0:  50%|█████     | 25/50 [40:26<53:54, 129.39s/it]2026-08-17 19:50:53,545 - INFO - HTTP Request: POST http://localhost:8000/v1/chat/completions "HTTP/1.1 200 OK"
2026-08-17 19:50:59,308 - INFO - HTTP Request: POST http://localhost:8000/v1/chat/completions "HTTP/1.1 200 OK"
2026-08-17 19:51:04,857 - INFO - HTTP Request: POST http://localhost:8000/v1/chat/completions "HTTP/1.1 200 OK"

r1_cfg0:  52%|█████▏    | 26/50 [40:48<38:51, 97.16s/it] 2026-08-17 19:51:05,292 - INFO - HTTP Request: POST http://localhost:8000/v1/chat/completions "HTTP/1.1 200 OK"
2026-08-17 19:51:11,713 - INFO - HTTP Request: POST http://localhost:8000/v1/chat/completions "HTTP/1.1 200 OK"
2026-08-17 19:51:15,525 - INFO - HTTP Request: POST http://localhost:8000/v1/chat/completions "HTTP/1.1 200 OK"

r1_cfg0:  54%|█████▍    | 27/50 [40:59<27:17, 71.21s/it]2026-08-17 19:51:21,192 - INFO - HTTP Request: POST http://localhost:8000/v1/chat/completions "HTTP/1.1 200 OK"

2026-08-17 19:51:21,848 - INFO - HTTP Request: POST http://localhost:8000/v1/chat/completions "HTTP/1.1 200 OK"

r1_cfg0:  56%|█████▌    | 28/50 [41:05<18:58, 51.74s/it]2026-08-17 19:51:27,490 - INFO - HTTP Request: POST http://localhost:8000/v1/chat/completions "HTTP/1.1 200 OK"
2026-08-17 19:51:37,378 - INFO - HTTP Request: POST http://localhost:8000/v1/chat/completions "HTTP/1.1 200 OK"

2026-08-17 19:51:37,812 - INFO - HTTP Request: POST http://localhost:8000/v1/chat/completions "HTTP/1.1 200 OK"
2026-08-17 19:51:44,438 - INFO - HTTP Request: POST http://localhost:8000/v1/chat/completions "HTTP/1.1 200 OK"
2026-08-17 19:51:48,246 - INFO - HTTP Request: POST http://localhost:8000/v1/chat/completions "HTTP/1.1 200 OK"
2026-08-17 19:51:52,978 - INFO - HTTP Request: POST http://localhost:8000/v1/chat/completions "HTTP/1.1 200 OK"

2026-08-17 19:51:57,119 - INFO - HTTP Request: POST http://localhost:8000/v1/chat/completions "HTTP/1.1 200 OK"

2026-08-17 19:51:59,948 - INFO - HTTP Request: POST http://localhost:8000/v1/chat/completions "HTTP/1.1 200 OK"

2026-08-17 19:52:04,511 - INFO - HTTP Request: POST http://localhost:8000/v1/chat/completions "HTTP/1.1 200 OK"
2026-08-17 19:52:17,662 - INFO - HTTP Request: POST http://localhost:8000/v1/chat/completions "HTTP/1.1 200 OK"

2026-08-17 19:52:19,402 - INFO - HTTP Request: POST http://localhost:8000/v1/chat/completions "HTTP/1.1 200 OK"
2026-08-17 19:52:23,854 - INFO - HTTP Request: POST http://localhost:8000/v1/chat/completions "HTTP/1.1 200 OK"
2026-08-17 19:52:25,319 - INFO - HTTP Request: POST http://localhost:8000/v1/chat/completions "HTTP/1.1 200 OK"
2026-08-17 19:52:36,597 - INFO - HTTP Request: POST http://localhost:8000/v1/chat/completions "HTTP/1.1 200 OK"

2026-08-17 19:52:36,598 - INFO - HTTP Request: POST http://localhost:8000/v1/chat/completions "HTTP/1.1 200 OK"

2026-08-17 19:52:40,520 - INFO - HTTP Request: POST http://localhost:8000/v1/chat/completions "HTTP/1.1 200 OK"

2026-08-17 19:52:43,134 - INFO - HTTP Request: POST http://localhost:8000/v1/chat/completions "HTTP/1.1 200 OK"
2026-08-17 19:52:56,509 - INFO - HTTP Request: POST http://localhost:8000/v1/chat/completions "HTTP/1.1 200 OK"

2026-08-17 19:53:01,296 - INFO - HTTP Request: POST http://localhost:8000/v1/chat/completions "HTTP/1.1 200 OK"
2026-08-17 19:53:01,297 - INFO - HTTP Request: POST http://localhost:8000/v1/chat/completions "HTTP/1.1 200 OK"
2026-08-17 19:53:05,462 - INFO - HTTP Request: POST http://localhost:8000/v1/chat/completions "HTTP/1.1 200 OK"
2026-08-17 19:53:15,156 - INFO - HTTP Request: POST http://localhost:8000/v1/chat/completions "HTTP/1.1 200 OK"

2026-08-17 19:53:17,127 - INFO - HTTP Request: POST http://localhost:8000/v1/chat/completions "HTTP/1.1 200 OK"

2026-08-17 19:53:18,225 - INFO - HTTP Request: POST http://localhost:8000/v1/chat/completions "HTTP/1.1 200 OK"

2026-08-17 19:53:21,704 - INFO - HTTP Request: POST http://localhost:8000/v1/chat/completions "HTTP/1.1 200 OK"
2026-08-17 19:53:34,267 - INFO - HTTP Request: POST http://localhost:8000/v1/chat/completions "HTTP/1.1 200 OK"

2026-08-17 19:53:37,967 - INFO - HTTP Request: POST http://localhost:8000/v1/chat/completions "HTTP/1.1 200 OK"
2026-08-17 19:53:40,083 - INFO - HTTP Request: POST http://localhost:8000/v1/chat/completions "HTTP/1.1 200 OK"
2026-08-17 19:53:41,709 - INFO - HTTP Request: POST http://localhost:8000/v1/chat/completions "HTTP/1.1 200 OK"
2026-08-17 19:53:53,049 - INFO - HTTP Request: POST http://localhost:8000/v1/chat/completions "HTTP/1.1 200 OK"

2026-08-17 19:53:54,367 - INFO - HTTP Request: POST http://localhost:8000/v1/chat/completions "HTTP/1.1 200 OK"

2026-08-17 19:53:55,246 - INFO - HTTP Request: POST http://localhost:8000/v1/chat/completions "HTTP/1.1 200 OK"
2026-08-17 19:53:55,964 - INFO - HTTP Request: POST http://localhost:8000/v1/chat/completions "HTTP/1.1 200 OK"

2026-08-17 19:54:06,002 - INFO - HTTP Request: POST http://localhost:8000/v1/chat/completions "HTTP/1.1 200 OK"

2026-08-17 19:54:13,172 - INFO - HTTP Request: POST http://localhost:8000/v1/chat/completions "HTTP/1.1 200 OK"
2026-08-17 19:54:14,849 - INFO - HTTP Request: POST http://localhost:8000/v1/chat/completions "HTTP/1.1 200 OK"
2026-08-17 19:54:25,401 - INFO - HTTP Request: POST http://localhost:8000/v1/chat/completions "HTTP/1.1 200 OK"
2026-08-17 19:54:26,139 - INFO - HTTP Request: POST http://localhost:8000/v1/chat/completions "HTTP/1.1 200 OK"

2026-08-17 19:54:30,517 - INFO - HTTP Request: POST http://localhost:8000/v1/chat/completions "HTTP/1.1 200 OK"

2026-08-17 19:54:35,739 - INFO - HTTP Request: POST http://localhost:8000/v1/chat/completions "HTTP/1.1 200 OK"
2026-08-17 19:54:39,758 - INFO - HTTP Request: POST http://localhost:8000/v1/chat/completions "HTTP/1.1 200 OK"

2026-08-17 19:54:45,855 - INFO - HTTP Request: POST http://localhost:8000/v1/chat/completions "HTTP/1.1 200 OK"

2026-08-17 19:54:55,194 - INFO - HTTP Request: POST http://localhost:8000/v1/chat/completions "HTTP/1.1 200 OK"
2026-08-17 19:54:59,864 - INFO - HTTP Request: POST http://localhost:8000/v1/chat/completions "HTTP/1.1 200 OK"
2026-08-17 19:55:00,082 - INFO - HTTP Request: POST http://localhost:8000/v1/chat/completions "HTTP/1.1 200 OK"
2026-08-17 19:55:06,877 - INFO - HTTP Request: POST http://localhost:8000/v1/chat/completions "HTTP/1.1 200 OK"
2026-08-17 19:55:10,473 - INFO - HTTP Request: POST http://localhost:8000/v1/chat/completions "HTTP/1.1 200 OK"

2026-08-17 19:55:13,093 - INFO - HTTP Request: POST http://localhost:8000/v1/chat/completions "HTTP/1.1 200 OK"

2026-08-17 19:55:13,529 - INFO - HTTP Request: POST http://localhost:8000/v1/chat/completions "HTTP/1.1 200 OK"

2026-08-17 19:55:17,451 - INFO - HTTP Request: POST http://localhost:8000/v1/chat/completions "HTTP/1.1 200 OK"

2026-08-17 19:55:30,489 - INFO - HTTP Request: POST http://localhost:8000/v1/chat/completions "HTTP/1.1 200 OK"
2026-08-17 19:55:33,910 - INFO - HTTP Request: POST http://localhost:8000/v1/chat/completions "HTTP/1.1 200 OK"
2026-08-17 19:55:42,950 - INFO - HTTP Request: POST http://localhost:8000/v1/chat/completions "HTTP/1.1 200 OK"
2026-08-17 19:55:45,459 - INFO - HTTP Request: POST http://localhost:8000/v1/chat/completions "HTTP/1.1 200 OK"

2026-08-17 19:55:47,642 - INFO - HTTP Request: POST http://localhost:8000/v1/chat/completions "HTTP/1.1 200 OK"
2026-08-17 19:55:49,490 - INFO - HTTP Request: POST http://localhost:8000/v1/chat/completions "HTTP/1.1 200 OK"

2026-08-17 19:55:56,899 - INFO - HTTP Request: POST http://localhost:8000/v1/chat/completions "HTTP/1.1 200 OK"

2026-08-17 19:56:02,348 - INFO - HTTP Request: POST http://localhost:8000/v1/chat/completions "HTTP/1.1 200 OK"

2026-08-17 19:56:14,960 - INFO - HTTP Request: POST http://localhost:8000/v1/chat/completions "HTTP/1.1 200 OK"
2026-08-17 19:56:19,035 - INFO - HTTP Request: POST http://localhost:8000/v1/chat/completions "HTTP/1.1 200 OK"
2026-08-17 19:56:30,038 - INFO - HTTP Request: POST http://localhost:8000/v1/chat/completions "HTTP/1.1 200 OK"

2026-08-17 19:56:30,702 - INFO - HTTP Request: POST http://localhost:8000/v1/chat/completions "HTTP/1.1 200 OK"
2026-08-17 19:56:32,335 - INFO - HTTP Request: POST http://localhost:8000/v1/chat/completions "HTTP/1.1 200 OK"

2026-08-17 19:56:36,478 - INFO - HTTP Request: POST http://localhost:8000/v1/chat/completions "HTTP/1.1 200 OK"
2026-08-17 19:56:45,949 - INFO - HTTP Request: POST http://localhost:8000/v1/chat/completions "HTTP/1.1 200 OK"

r1_cfg0:  58%|█████▊    | 29/50 [46:29<46:42, 133.45s/it]2026-08-17 19:56:49,215 - INFO - HTTP Request: POST http://localhost:8000/v1/chat/completions "HTTP/1.1 200 OK"

r1_cfg0:  60%|██████    | 30/50 [46:33<31:27, 94.40s/it] 2026-08-17 19:57:01,819 - INFO - HTTP Request: POST http://localhost:8000/v1/chat/completions "HTTP/1.1 200 OK"
2026-08-17 19:57:05,532 - INFO - HTTP Request: POST http://localhost:8000/v1/chat/completions "HTTP/1.1 200 OK"
2026-08-17 19:57:08,884 - INFO - HTTP Request: POST http://localhost:8000/v1/chat/completions "HTTP/1.1 200 OK"
2026-08-17 19:57:12,477 - INFO - HTTP Request: POST http://localhost:8000/v1/chat/completions "HTTP/1.1 200 OK"
2026-08-17 19:57:16,943 - INFO - HTTP Request: POST http://localhost:8000/v1/chat/completions "HTTP/1.1 200 OK"

r1_cfg0:  62%|██████▏   | 31/50 [47:00<23:33, 74.40s/it]2026-08-17 19:57:19,127 - INFO - HTTP Request: POST http://localhost:8000/v1/chat/completions "HTTP/1.1 200 OK"

r1_cfg0:  64%|██████▍   | 32/50 [47:03<15:49, 52.73s/it]2026-08-17 19:57:23,267 - INFO - HTTP Request: POST http://localhost:8000/v1/chat/completions "HTTP/1.1 200 OK"

2026-08-17 19:57:26,966 - INFO - HTTP Request: POST http://localhost:8000/v1/chat/completions "HTTP/1.1 200 OK"

2026-08-17 19:57:38,911 - INFO - HTTP Request: POST http://localhost:8000/v1/chat/completions "HTTP/1.1 200 OK"
2026-08-17 19:57:41,404 - INFO - HTTP Request: POST http://localhost:8000/v1/chat/completions "HTTP/1.1 200 OK"
2026-08-17 19:57:49,341 - INFO - HTTP Request: POST http://localhost:8000/v1/chat/completions "HTTP/1.1 200 OK"

2026-08-17 19:57:49,997 - INFO - HTTP Request: POST http://localhost:8000/v1/chat/completions "HTTP/1.1 200 OK"
2026-08-17 19:57:50,973 - INFO - HTTP Request: POST http://localhost:8000/v1/chat/completions "HTTP/1.1 200 OK"

2026-08-17 19:57:53,800 - INFO - HTTP Request: POST http://localhost:8000/v1/chat/completions "HTTP/1.1 200 OK"
2026-08-17 19:58:04,903 - INFO - HTTP Request: POST http://localhost:8000/v1/chat/completions "HTTP/1.1 200 OK"

2026-08-17 19:58:07,298 - INFO - HTTP Request: POST http://localhost:8000/v1/chat/completions "HTTP/1.1 200 OK"

2026-08-17 19:58:16,205 - INFO - HTTP Request: POST http://localhost:8000/v1/chat/completions "HTTP/1.1 200 OK"
2026-08-17 19:58:17,882 - INFO - HTTP Request: POST http://localhost:8000/v1/chat/completions "HTTP/1.1 200 OK"
2026-08-17 19:58:29,961 - INFO - HTTP Request: POST http://localhost:8000/v1/chat/completions "HTTP/1.1 200 OK"
2026-08-17 19:58:31,592 - INFO - HTTP Request: POST http://localhost:8000/v1/chat/completions "HTTP/1.1 200 OK"

2026-08-17 19:58:32,467 - INFO - HTTP Request: POST http://localhost:8000/v1/chat/completions "HTTP/1.1 200 OK"

2026-08-17 19:58:32,684 - INFO - HTTP Request: POST http://localhost:8000/v1/chat/completions "HTTP/1.1 200 OK"
2026-08-17 19:58:41,712 - INFO - HTTP Request: POST http://localhost:8000/v1/chat/completions "HTTP/1.1 200 OK"

2026-08-17 19:58:49,985 - INFO - HTTP Request: POST http://localhost:8000/v1/chat/completions "HTTP/1.1 200 OK"

2026-08-17 19:58:56,291 - INFO - HTTP Request: POST http://localhost:8000/v1/chat/completions "HTTP/1.1 200 OK"
2026-08-17 19:58:57,484 - INFO - HTTP Request: POST http://localhost:8000/v1/chat/completions "HTTP/1.1 200 OK"
2026-08-17 19:59:06,512 - INFO - HTTP Request: POST http://localhost:8000/v1/chat/completions "HTTP/1.1 200 OK"
2026-08-17 19:59:08,793 - INFO - HTTP Request: POST http://localhost:8000/v1/chat/completions "HTTP/1.1 200 OK"

2026-08-17 19:59:11,199 - INFO - HTTP Request: POST http://localhost:8000/v1/chat/completions "HTTP/1.1 200 OK"

2026-08-17 19:59:15,122 - INFO - HTTP Request: POST http://localhost:8000/v1/chat/completions "HTTP/1.1 200 OK"
2026-08-17 19:59:22,188 - INFO - HTTP Request: POST http://localhost:8000/v1/chat/completions "HTTP/1.1 200 OK"

2026-08-17 19:59:28,286 - INFO - HTTP Request: POST http://localhost:8000/v1/chat/completions "HTTP/1.1 200 OK"

2026-08-17 19:59:33,288 - INFO - HTTP Request: POST http://localhost:8000/v1/chat/completions "HTTP/1.1 200 OK"
2026-08-17 19:59:35,992 - INFO - HTTP Request: POST http://localhost:8000/v1/chat/completions "HTTP/1.1 200 OK"
2026-08-17 19:59:42,623 - INFO - HTTP Request: POST http://localhost:8000/v1/chat/completions "HTTP/1.1 200 OK"
2026-08-17 19:59:46,431 - INFO - HTTP Request: POST http://localhost:8000/v1/chat/completions "HTTP/1.1 200 OK"

2026-08-17 19:59:48,401 - INFO - HTTP Request: POST http://localhost:8000/v1/chat/completions "HTTP/1.1 200 OK"

2026-08-17 19:59:49,064 - INFO - HTTP Request: POST http://localhost:8000/v1/chat/completions "HTTP/1.1 200 OK"
2026-08-17 19:59:53,299 - INFO - HTTP Request: POST http://localhost:8000/v1/chat/completions "HTTP/1.1 200 OK"

2026-08-17 20:00:02,432 - INFO - HTTP Request: POST http://localhost:8000/v1/chat/completions "HTTP/1.1 200 OK"

2026-08-17 20:00:06,560 - INFO - HTTP Request: POST http://localhost:8000/v1/chat/completions "HTTP/1.1 200 OK"
2026-08-17 20:00:08,833 - INFO - HTTP Request: POST http://localhost:8000/v1/chat/completions "HTTP/1.1 200 OK"
2026-08-17 20:00:18,953 - INFO - HTTP Request: POST http://localhost:8000/v1/chat/completions "HTTP/1.1 200 OK"

2026-08-17 20:00:22,653 - INFO - HTTP Request: POST http://localhost:8000/v1/chat/completions "HTTP/1.1 200 OK"
2026-08-17 20:00:24,711 - INFO - HTTP Request: POST http://localhost:8000/v1/chat/completions "HTTP/1.1 200 OK"

2026-08-17 20:00:32,108 - INFO - HTTP Request: POST http://localhost:8000/v1/chat/completions "HTTP/1.1 200 OK"
2026-08-17 20:00:37,866 - INFO - HTTP Request: POST http://localhost:8000/v1/chat/completions "HTTP/1.1 200 OK"

2026-08-17 20:00:48,314 - INFO - HTTP Request: POST http://localhost:8000/v1/chat/completions "HTTP/1.1 200 OK"
2026-08-17 20:00:48,316 - INFO - HTTP Request: POST http://localhost:8000/v1/chat/completions "HTTP/1.1 200 OK"

2026-08-17 20:00:54,063 - INFO - HTTP Request: POST http://localhost:8000/v1/chat/completions "HTTP/1.1 200 OK"
2026-08-17 20:00:58,517 - INFO - HTTP Request: POST http://localhost:8000/v1/chat/completions "HTTP/1.1 200 OK"
2026-08-17 20:01:02,329 - INFO - HTTP Request: POST http://localhost:8000/v1/chat/completions "HTTP/1.1 200 OK"

2026-08-17 20:01:07,997 - INFO - HTTP Request: POST http://localhost:8000/v1/chat/completions "HTTP/1.1 200 OK"

2026-08-17 20:01:09,305 - INFO - HTTP Request: POST http://localhost:8000/v1/chat/completions "HTTP/1.1 200 OK"
2026-08-17 20:01:10,714 - INFO - HTTP Request: POST http://localhost:8000/v1/chat/completions "HTTP/1.1 200 OK"

2026-08-17 20:01:22,683 - INFO - HTTP Request: POST http://localhost:8000/v1/chat/completions "HTTP/1.1 200 OK"
2026-08-17 20:01:22,901 - INFO - HTTP Request: POST http://localhost:8000/v1/chat/completions "HTTP/1.1 200 OK"

2026-08-17 20:01:28,663 - INFO - HTTP Request: POST http://localhost:8000/v1/chat/completions "HTTP/1.1 200 OK"
2026-08-17 20:01:33,777 - INFO - HTTP Request: POST http://localhost:8000/v1/chat/completions "HTTP/1.1 200 OK"

2026-08-17 20:01:40,529 - INFO - HTTP Request: POST http://localhost:8000/v1/chat/completions "HTTP/1.1 200 OK"
2026-08-17 20:01:41,717 - INFO - HTTP Request: POST http://localhost:8000/v1/chat/completions "HTTP/1.1 200 OK"

2026-08-17 20:01:53,034 - INFO - HTTP Request: POST http://localhost:8000/v1/chat/completions "HTTP/1.1 200 OK"
2026-08-17 20:01:55,751 - INFO - HTTP Request: POST http://localhost:8000/v1/chat/completions "HTTP/1.1 200 OK"

2026-08-17 20:02:03,595 - INFO - HTTP Request: POST http://localhost:8000/v1/chat/completions "HTTP/1.1 200 OK"
2026-08-17 20:02:09,359 - INFO - HTTP Request: POST http://localhost:8000/v1/chat/completions "HTTP/1.1 200 OK"

2026-08-17 20:02:11,546 - INFO - HTTP Request: POST http://localhost:8000/v1/chat/completions "HTTP/1.1 200 OK"
2026-08-17 20:02:21,013 - INFO - HTTP Request: POST http://localhost:8000/v1/chat/completions "HTTP/1.1 200 OK"

2026-08-17 20:02:29,509 - INFO - HTTP Request: POST http://localhost:8000/v1/chat/completions "HTTP/1.1 200 OK"
2026-08-17 20:02:32,009 - INFO - HTTP Request: POST http://localhost:8000/v1/chat/completions "HTTP/1.1 200 OK"

2026-08-17 20:02:43,115 - INFO - HTTP Request: POST http://localhost:8000/v1/chat/completions "HTTP/1.1 200 OK"
2026-08-17 20:02:44,089 - INFO - HTTP Request: POST http://localhost:8000/v1/chat/completions "HTTP/1.1 200 OK"

r1_cfg0:  66%|██████▌   | 33/50 [52:28<38:04, 134.40s/it]2026-08-17 20:02:54,751 - INFO - HTTP Request: POST http://localhost:8000/v1/chat/completions "HTTP/1.1 200 OK"
2026-08-17 20:03:00,732 - INFO - HTTP Request: POST http://localhost:8000/v1/chat/completions "HTTP/1.1 200 OK"

r1_cfg0:  68%|██████▊   | 34/50 [52:44<26:25, 99.07s/it] 2026-08-17 20:03:05,306 - INFO - HTTP Request: POST http://localhost:8000/v1/chat/completions "HTTP/1.1 200 OK"

r1_cfg0:  70%|███████   | 35/50 [52:49<17:40, 70.72s/it]2026-08-17 20:03:05,742 - INFO - HTTP Request: POST http://localhost:8000/v1/chat/completions "HTTP/1.1 200 OK"
2026-08-17 20:03:06,719 - INFO - HTTP Request: POST http://localhost:8000/v1/chat/completions "HTTP/1.1 200 OK"
2026-08-17 20:03:15,290 - INFO - HTTP Request: POST http://localhost:8000/v1/chat/completions "HTTP/1.1 200 OK"

2026-08-17 20:03:16,163 - INFO - HTTP Request: POST http://localhost:8000/v1/chat/completions "HTTP/1.1 200 OK"

r1_cfg0:  72%|███████▏  | 36/50 [53:00<12:18, 52.76s/it]2026-08-17 20:03:23,327 - INFO - HTTP Request: POST http://localhost:8000/v1/chat/completions "HTTP/1.1 200 OK"
2026-08-17 20:03:28,051 - INFO - HTTP Request: POST http://localhost:8000/v1/chat/completions "HTTP/1.1 200 OK"
2026-08-17 20:03:35,772 - INFO - HTTP Request: POST http://localhost:8000/v1/chat/completions "HTTP/1.1 200 OK"

2026-08-17 20:03:38,821 - INFO - HTTP Request: POST http://localhost:8000/v1/chat/completions "HTTP/1.1 200 OK"
2026-08-17 20:03:38,822 - INFO - HTTP Request: POST http://localhost:8000/v1/chat/completions "HTTP/1.1 200 OK"

2026-08-17 20:03:42,395 - INFO - HTTP Request: POST http://localhost:8000/v1/chat/completions "HTTP/1.1 200 OK"
2026-08-17 20:03:55,328 - INFO - HTTP Request: POST http://localhost:8000/v1/chat/completions "HTTP/1.1 200 OK"

2026-08-17 20:03:55,984 - INFO - HTTP Request: POST http://localhost:8000/v1/chat/completions "HTTP/1.1 200 OK"

2026-08-17 20:04:02,500 - INFO - HTTP Request: POST http://localhost:8000/v1/chat/completions "HTTP/1.1 200 OK"
2026-08-17 20:04:05,920 - INFO - HTTP Request: POST http://localhost:8000/v1/chat/completions "HTTP/1.1 200 OK"
2026-08-17 20:04:16,914 - INFO - HTTP Request: POST http://localhost:8000/v1/chat/completions "HTTP/1.1 200 OK"

2026-08-17 20:04:21,050 - INFO - HTTP Request: POST http://localhost:8000/v1/chat/completions "HTTP/1.1 200 OK"
2026-08-17 20:04:22,444 - INFO - HTTP Request: POST http://localhost:8000/v1/chat/completions "HTTP/1.1 200 OK"
2026-08-17 20:04:23,168 - INFO - HTTP Request: POST http://localhost:8000/v1/chat/completions "HTTP/1.1 200 OK"

2026-08-17 20:04:32,134 - INFO - HTTP Request: POST http://localhost:8000/v1/chat/completions "HTTP/1.1 200 OK"

2026-08-17 20:04:33,442 - INFO - HTTP Request: POST http://localhost:8000/v1/chat/completions "HTTP/1.1 200 OK"

2026-08-17 20:04:41,920 - INFO - HTTP Request: POST http://localhost:8000/v1/chat/completions "HTTP/1.1 200 OK"
2026-08-17 20:04:47,952 - INFO - HTTP Request: POST http://localhost:8000/v1/chat/completions "HTTP/1.1 200 OK"
2026-08-17 20:04:57,202 - INFO - HTTP Request: POST http://localhost:8000/v1/chat/completions "HTTP/1.1 200 OK"
2026-08-17 20:04:58,393 - INFO - HTTP Request: POST http://localhost:8000/v1/chat/completions "HTTP/1.1 200 OK"
2026-08-17 20:04:59,569 - INFO - HTTP Request: POST http://localhost:8000/v1/chat/completions "HTTP/1.1 200 OK"

2026-08-17 20:05:04,375 - INFO - HTTP Request: POST http://localhost:8000/v1/chat/completions "HTTP/1.1 200 OK"

2026-08-17 20:05:10,700 - INFO - HTTP Request: POST http://localhost:8000/v1/chat/completions "HTTP/1.1 200 OK"

2026-08-17 20:05:10,918 - INFO - HTTP Request: POST http://localhost:8000/v1/chat/completions "HTTP/1.1 200 OK"

2026-08-17 20:05:23,519 - INFO - HTTP Request: POST http://localhost:8000/v1/chat/completions "HTTP/1.1 200 OK"
2026-08-17 20:05:28,241 - INFO - HTTP Request: POST http://localhost:8000/v1/chat/completions "HTTP/1.1 200 OK"
2026-08-17 20:05:31,385 - INFO - HTTP Request: POST http://localhost:8000/v1/chat/completions "HTTP/1.1 200 OK"
2026-08-17 20:05:35,181 - INFO - HTTP Request: POST http://localhost:8000/v1/chat/completions "HTTP/1.1 200 OK"
2026-08-17 20:05:37,022 - INFO - HTTP Request: POST http://localhost:8000/v1/chat/completions "HTTP/1.1 200 OK"

2026-08-17 20:05:42,046 - INFO - HTTP Request: POST http://localhost:8000/v1/chat/completions "HTTP/1.1 200 OK"

2026-08-17 20:05:46,847 - INFO - HTTP Request: POST http://localhost:8000/v1/chat/completions "HTTP/1.1 200 OK"

2026-08-17 20:05:47,937 - INFO - HTTP Request: POST http://localhost:8000/v1/chat/completions "HTTP/1.1 200 OK"

2026-08-17 20:05:56,848 - INFO - HTTP Request: POST http://localhost:8000/v1/chat/completions "HTTP/1.1 200 OK"
2026-08-17 20:06:02,226 - INFO - HTTP Request: POST http://localhost:8000/v1/chat/completions "HTTP/1.1 200 OK"
2026-08-17 20:06:08,428 - INFO - HTTP Request: POST http://localhost:8000/v1/chat/completions "HTTP/1.1 200 OK"
2026-08-17 20:06:10,490 - INFO - HTTP Request: POST http://localhost:8000/v1/chat/completions "HTTP/1.1 200 OK"

2026-08-17 20:06:12,889 - INFO - HTTP Request: POST http://localhost:8000/v1/chat/completions "HTTP/1.1 200 OK"

2026-08-17 20:06:16,588 - INFO - HTTP Request: POST http://localhost:8000/v1/chat/completions "HTTP/1.1 200 OK"
2026-08-17 20:06:18,410 - INFO - HTTP Request: POST http://localhost:8000/v1/chat/completions "HTTP/1.1 200 OK"

2026-08-17 20:06:30,585 - INFO - HTTP Request: POST http://localhost:8000/v1/chat/completions "HTTP/1.1 200 OK"

2026-08-17 20:06:39,491 - INFO - HTTP Request: POST http://localhost:8000/v1/chat/completions "HTTP/1.1 200 OK"
2026-08-17 20:06:42,210 - INFO - HTTP Request: POST http://localhost:8000/v1/chat/completions "HTTP/1.1 200 OK"
2026-08-17 20:06:47,751 - INFO - HTTP Request: POST http://localhost:8000/v1/chat/completions "HTTP/1.1 200 OK"
2026-08-17 20:06:51,554 - INFO - HTTP Request: POST http://localhost:8000/v1/chat/completions "HTTP/1.1 200 OK"
2026-08-17 20:06:54,477 - INFO - HTTP Request: POST http://localhost:8000/v1/chat/completions "HTTP/1.1 200 OK"

2026-08-17 20:06:55,136 - INFO - HTTP Request: POST http://localhost:8000/v1/chat/completions "HTTP/1.1 200 OK"

2026-08-17 20:06:58,844 - INFO - HTTP Request: POST http://localhost:8000/v1/chat/completions "HTTP/1.1 200 OK"

2026-08-17 20:07:03,844 - INFO - HTTP Request: POST http://localhost:8000/v1/chat/completions "HTTP/1.1 200 OK"

2026-08-17 20:07:14,488 - INFO - HTTP Request: POST http://localhost:8000/v1/chat/completions "HTTP/1.1 200 OK"
2026-08-17 20:07:15,461 - INFO - HTTP Request: POST http://localhost:8000/v1/chat/completions "HTTP/1.1 200 OK"
2026-08-17 20:07:19,538 - INFO - HTTP Request: POST http://localhost:8000/v1/chat/completions "HTTP/1.1 200 OK"
2026-08-17 20:07:29,016 - INFO - HTTP Request: POST http://localhost:8000/v1/chat/completions "HTTP/1.1 200 OK"

2026-08-17 20:07:33,160 - INFO - HTTP Request: POST http://localhost:8000/v1/chat/completions "HTTP/1.1 200 OK"

2026-08-17 20:07:34,034 - INFO - HTTP Request: POST http://localhost:8000/v1/chat/completions "HTTP/1.1 200 OK"
2026-08-17 20:07:39,567 - INFO - HTTP Request: POST http://localhost:8000/v1/chat/completions "HTTP/1.1 200 OK"

2026-08-17 20:07:43,704 - INFO - HTTP Request: POST http://localhost:8000/v1/chat/completions "HTTP/1.1 200 OK"

2026-08-17 20:07:58,487 - INFO - HTTP Request: POST http://localhost:8000/v1/chat/completions "HTTP/1.1 200 OK"
2026-08-17 20:08:02,940 - INFO - HTTP Request: POST http://localhost:8000/v1/chat/completions "HTTP/1.1 200 OK"
2026-08-17 20:08:09,422 - INFO - HTTP Request: POST http://localhost:8000/v1/chat/completions "HTTP/1.1 200 OK"
2026-08-17 20:08:10,401 - INFO - HTTP Request: POST http://localhost:8000/v1/chat/completions "HTTP/1.1 200 OK"

2026-08-17 20:08:17,816 - INFO - HTTP Request: POST http://localhost:8000/v1/chat/completions "HTTP/1.1 200 OK"
2026-08-17 20:08:20,521 - INFO - HTTP Request: POST http://localhost:8000/v1/chat/completions "HTTP/1.1 200 OK"

2026-08-17 20:08:23,364 - INFO - HTTP Request: POST http://localhost:8000/v1/chat/completions "HTTP/1.1 200 OK"

2026-08-17 20:08:29,465 - INFO - HTTP Request: POST http://localhost:8000/v1/chat/completions "HTTP/1.1 200 OK"

r1_cfg0:  74%|███████▍  | 37/50 [58:13<28:22, 130.93s/it]2026-08-17 20:08:43,805 - INFO - HTTP Request: POST http://localhost:8000/v1/chat/completions "HTTP/1.1 200 OK"
2026-08-17 20:08:51,740 - INFO - HTTP Request: POST http://localhost:8000/v1/chat/completions "HTTP/1.1 200 OK"
2026-08-17 20:08:53,582 - INFO - HTTP Request: POST http://localhost:8000/v1/chat/completions "HTTP/1.1 200 OK"
2026-08-17 20:08:57,013 - INFO - HTTP Request: POST http://localhost:8000/v1/chat/completions "HTTP/1.1 200 OK"

2026-08-17 20:08:57,014 - INFO - HTTP Request: POST http://localhost:8000/v1/chat/completions "HTTP/1.1 200 OK"
r1_cfg0:  76%|███████▌  | 38/50 [58:40<19:58, 99.91s/it] 2026-08-17 20:09:02,263 - INFO - HTTP Request: POST http://localhost:8000/v1/chat/completions "HTTP/1.1 200 OK"

2026-08-17 20:09:08,803 - INFO - HTTP Request: POST http://localhost:8000/v1/chat/completions "HTTP/1.1 200 OK"

r1_cfg0:  78%|███████▊  | 39/50 [58:52<13:28, 73.47s/it]2026-08-17 20:09:13,591 - INFO - HTTP Request: POST http://localhost:8000/v1/chat/completions "HTTP/1.1 200 OK"

r1_cfg0:  80%|████████  | 40/50 [58:57<08:48, 52.87s/it]2026-08-17 20:09:19,024 - INFO - HTTP Request: POST http://localhost:8000/v1/chat/completions "HTTP/1.1 200 OK"
2026-08-17 20:09:28,595 - INFO - HTTP Request: POST http://localhost:8000/v1/chat/completions "HTTP/1.1 200 OK"
2026-08-17 20:09:30,443 - INFO - HTTP Request: POST http://localhost:8000/v1/chat/completions "HTTP/1.1 200 OK"

2026-08-17 20:09:31,316 - INFO - HTTP Request: POST http://localhost:8000/v1/chat/completions "HTTP/1.1 200 OK"
2026-08-17 20:09:36,424 - INFO - HTTP Request: POST http://localhost:8000/v1/chat/completions "HTTP/1.1 200 OK"
2026-08-17 20:09:43,068 - INFO - HTTP Request: POST http://localhost:8000/v1/chat/completions "HTTP/1.1 200 OK"

2026-08-17 20:09:43,504 - INFO - HTTP Request: POST http://localhost:8000/v1/chat/completions "HTTP/1.1 200 OK"

2026-08-17 20:09:46,336 - INFO - HTTP Request: POST http://localhost:8000/v1/chat/completions "HTTP/1.1 200 OK"

2026-08-17 20:09:57,196 - INFO - HTTP Request: POST http://localhost:8000/v1/chat/completions "HTTP/1.1 200 OK"
2026-08-17 20:10:06,995 - INFO - HTTP Request: POST http://localhost:8000/v1/chat/completions "HTTP/1.1 200 OK"

2026-08-17 20:10:08,085 - INFO - HTTP Request: POST http://localhost:8000/v1/chat/completions "HTTP/1.1 200 OK"
2026-08-17 20:10:09,708 - INFO - HTTP Request: POST http://localhost:8000/v1/chat/completions "HTTP/1.1 200 OK"
2026-08-17 20:10:13,295 - INFO - HTTP Request: POST http://localhost:8000/v1/chat/completions "HTTP/1.1 200 OK"
2026-08-17 20:10:21,737 - INFO - HTTP Request: POST http://localhost:8000/v1/chat/completions "HTTP/1.1 200 OK"

2026-08-17 20:10:23,702 - INFO - HTTP Request: POST http://localhost:8000/v1/chat/completions "HTTP/1.1 200 OK"

2026-08-17 20:10:26,540 - INFO - HTTP Request: POST http://localhost:8000/v1/chat/completions "HTTP/1.1 200 OK"

2026-08-17 20:10:32,404 - INFO - HTTP Request: POST http://localhost:8000/v1/chat/completions "HTTP/1.1 200 OK"
2026-08-17 20:10:46,115 - INFO - HTTP Request: POST http://localhost:8000/v1/chat/completions "HTTP/1.1 200 OK"

2026-08-17 20:10:46,333 - INFO - HTTP Request: POST http://localhost:8000/v1/chat/completions "HTTP/1.1 200 OK"
2026-08-17 20:10:48,393 - INFO - HTTP Request: POST http://localhost:8000/v1/chat/completions "HTTP/1.1 200 OK"
2026-08-17 20:10:51,757 - INFO - HTTP Request: POST http://localhost:8000/v1/chat/completions "HTTP/1.1 200 OK"
2026-08-17 20:11:00,806 - INFO - HTTP Request: POST http://localhost:8000/v1/chat/completions "HTTP/1.1 200 OK"

2026-08-17 20:11:01,470 - INFO - HTTP Request: POST http://localhost:8000/v1/chat/completions "HTTP/1.1 200 OK"

2026-08-17 20:11:05,829 - INFO - HTTP Request: POST http://localhost:8000/v1/chat/completions "HTTP/1.1 200 OK"

2026-08-17 20:11:11,264 - INFO - HTTP Request: POST http://localhost:8000/v1/chat/completions "HTTP/1.1 200 OK"
2026-08-17 20:11:20,836 - INFO - HTTP Request: POST http://localhost:8000/v1/chat/completions "HTTP/1.1 200 OK"
2026-08-17 20:11:23,985 - INFO - HTTP Request: POST http://localhost:8000/v1/chat/completions "HTTP/1.1 200 OK"

2026-08-17 20:11:25,952 - INFO - HTTP Request: POST http://localhost:8000/v1/chat/completions "HTTP/1.1 200 OK"
2026-08-17 20:11:30,189 - INFO - HTTP Request: POST http://localhost:8000/v1/chat/completions "HTTP/1.1 200 OK"
2026-08-17 20:11:33,998 - INFO - HTTP Request: POST http://localhost:8000/v1/chat/completions "HTTP/1.1 200 OK"

2026-08-17 20:11:39,012 - INFO - HTTP Request: POST http://localhost:8000/v1/chat/completions "HTTP/1.1 200 OK"

2026-08-17 20:11:42,937 - INFO - HTTP Request: POST http://localhost:8000/v1/chat/completions "HTTP/1.1 200 OK"

2026-08-17 20:11:44,464 - INFO - HTTP Request: POST http://localhost:8000/v1/chat/completions "HTTP/1.1 200 OK"
2026-08-17 20:11:58,392 - INFO - HTTP Request: POST http://localhost:8000/v1/chat/completions "HTTP/1.1 200 OK"

2026-08-17 20:11:59,046 - INFO - HTTP Request: POST http://localhost:8000/v1/chat/completions "HTTP/1.1 200 OK"
2026-08-17 20:12:02,844 - INFO - HTTP Request: POST http://localhost:8000/v1/chat/completions "HTTP/1.1 200 OK"
2026-08-17 20:12:03,610 - INFO - HTTP Request: POST http://localhost:8000/v1/chat/completions "HTTP/1.1 200 OK"
2026-08-17 20:12:09,045 - INFO - HTTP Request: POST http://localhost:8000/v1/chat/completions "HTTP/1.1 200 OK"

2026-08-17 20:12:16,672 - INFO - HTTP Request: POST http://localhost:8000/v1/chat/completions "HTTP/1.1 200 OK"

2026-08-17 20:12:17,764 - INFO - HTTP Request: POST http://localhost:8000/v1/chat/completions "HTTP/1.1 200 OK"

2026-08-17 20:12:28,194 - INFO - HTTP Request: POST http://localhost:8000/v1/chat/completions "HTTP/1.1 200 OK"
2026-08-17 20:12:36,897 - INFO - HTTP Request: POST http://localhost:8000/v1/chat/completions "HTTP/1.1 200 OK"
2026-08-17 20:12:38,307 - INFO - HTTP Request: POST http://localhost:8000/v1/chat/completions "HTTP/1.1 200 OK"
2026-08-17 20:12:40,153 - INFO - HTTP Request: POST http://localhost:8000/v1/chat/completions "HTTP/1.1 200 OK"

2026-08-17 20:12:47,346 - INFO - HTTP Request: POST http://localhost:8000/v1/chat/completions "HTTP/1.1 200 OK"
2026-08-17 20:12:49,849 - INFO - HTTP Request: POST http://localhost:8000/v1/chat/completions "HTTP/1.1 200 OK"

2026-08-17 20:12:52,031 - INFO - HTTP Request: POST http://localhost:8000/v1/chat/completions "HTTP/1.1 200 OK"

2026-08-17 20:13:00,516 - INFO - HTTP Request: POST http://localhost:8000/v1/chat/completions "HTTP/1.1 200 OK"
2026-08-17 20:13:00,951 - INFO - HTTP Request: POST http://localhost:8000/v1/chat/completions "HTTP/1.1 200 OK"

2026-08-17 20:13:10,099 - INFO - HTTP Request: POST http://localhost:8000/v1/chat/completions "HTTP/1.1 200 OK"
2026-08-17 20:13:14,122 - INFO - HTTP Request: POST http://localhost:8000/v1/chat/completions "HTTP/1.1 200 OK"

2026-08-17 20:13:21,523 - INFO - HTTP Request: POST http://localhost:8000/v1/chat/completions "HTTP/1.1 200 OK"
2026-08-17 20:13:21,741 - INFO - HTTP Request: POST http://localhost:8000/v1/chat/completions "HTTP/1.1 200 OK"
2026-08-17 20:13:23,743 - INFO - HTTP Request: POST http://localhost:8000/v1/chat/completions "HTTP/1.1 200 OK"

2026-08-17 20:13:37,041 - INFO - HTTP Request: POST http://localhost:8000/v1/chat/completions "HTTP/1.1 200 OK"

2026-08-17 20:13:38,357 - INFO - HTTP Request: POST http://localhost:8000/v1/chat/completions "HTTP/1.1 200 OK"

2026-08-17 20:13:44,009 - INFO - HTTP Request: POST http://localhost:8000/v1/chat/completions "HTTP/1.1 200 OK"
2026-08-17 20:13:53,160 - INFO - HTTP Request: POST http://localhost:8000/v1/chat/completions "HTTP/1.1 200 OK"
2026-08-17 20:14:00,457 - INFO - HTTP Request: POST http://localhost:8000/v1/chat/completions "HTTP/1.1 200 OK"

2026-08-17 20:14:03,298 - INFO - HTTP Request: POST http://localhost:8000/v1/chat/completions "HTTP/1.1 200 OK"

2026-08-17 20:14:08,088 - INFO - HTTP Request: POST http://localhost:8000/v1/chat/completions "HTTP/1.1 200 OK"
2026-08-17 20:14:10,371 - INFO - HTTP Request: POST http://localhost:8000/v1/chat/completions "HTTP/1.1 200 OK"
2026-08-17 20:14:25,512 - INFO - HTTP Request: POST http://localhost:8000/v1/chat/completions "HTTP/1.1 200 OK"

r1_cfg0:  82%|████████▏ | 41/50 [1:04:09<19:35, 130.58s/it]2026-08-17 20:14:26,166 - INFO - HTTP Request: POST http://localhost:8000/v1/chat/completions "HTTP/1.1 200 OK"

2026-08-17 20:14:33,563 - INFO - HTTP Request: POST http://localhost:8000/v1/chat/completions "HTTP/1.1 200 OK"
2026-08-17 20:14:37,272 - INFO - HTTP Request: POST http://localhost:8000/v1/chat/completions "HTTP/1.1 200 OK"
2026-08-17 20:14:44,781 - INFO - HTTP Request: POST http://localhost:8000/v1/chat/completions "HTTP/1.1 200 OK"

r1_cfg0:  84%|████████▍ | 42/50 [1:04:28<12:57, 97.19s/it] 2026-08-17 20:14:48,048 - INFO - HTTP Request: POST http://localhost:8000/v1/chat/completions "HTTP/1.1 200 OK"
2026-08-17 20:14:53,161 - INFO - HTTP Request: POST http://localhost:8000/v1/chat/completions "HTTP/1.1 200 OK"

r1_cfg0:  86%|████████▌ | 43/50 [1:04:37<08:13, 70.55s/it]2026-08-17 20:15:00,126 - INFO - HTTP Request: POST http://localhost:8000/v1/chat/completions "HTTP/1.1 200 OK"
2026-08-17 20:15:04,371 - INFO - HTTP Request: POST http://localhost:8000/v1/chat/completions "HTTP/1.1 200 OK"

2026-08-17 20:15:07,420 - INFO - HTTP Request: POST http://localhost:8000/v1/chat/completions "HTTP/1.1 200 OK"
2026-08-17 20:15:11,063 - INFO - HTTP Request: POST http://localhost:8000/v1/chat/completions "HTTP/1.1 200 OK"

r1_cfg0:  88%|████████▊ | 44/50 [1:04:55<05:28, 54.75s/it]2026-08-17 20:15:15,850 - INFO - HTTP Request: POST http://localhost:8000/v1/chat/completions "HTTP/1.1 200 OK"
2026-08-17 20:15:21,182 - INFO - HTTP Request: POST http://localhost:8000/v1/chat/completions "HTTP/1.1 200 OK"

2026-08-17 20:15:27,710 - INFO - HTTP Request: POST http://localhost:8000/v1/chat/completions "HTTP/1.1 200 OK"

2026-08-17 20:15:31,187 - INFO - HTTP Request: POST http://localhost:8000/v1/chat/completions "HTTP/1.1 200 OK"
2026-08-17 20:15:33,734 - INFO - HTTP Request: POST http://localhost:8000/v1/chat/completions "HTTP/1.1 200 OK"
2026-08-17 20:15:46,029 - INFO - HTTP Request: POST http://localhost:8000/v1/chat/completions "HTTP/1.1 200 OK"

2026-08-17 20:15:47,990 - INFO - HTTP Request: POST http://localhost:8000/v1/chat/completions "HTTP/1.1 200 OK"
2026-08-17 20:15:50,763 - INFO - HTTP Request: POST http://localhost:8000/v1/chat/completions "HTTP/1.1 200 OK"

2026-08-17 20:15:54,899 - INFO - HTTP Request: POST http://localhost:8000/v1/chat/completions "HTTP/1.1 200 OK"
2026-08-17 20:16:00,503 - INFO - HTTP Request: POST http://localhost:8000/v1/chat/completions "HTTP/1.1 200 OK"

2026-08-17 20:16:06,380 - INFO - HTTP Request: POST http://localhost:8000/v1/chat/completions "HTTP/1.1 200 OK"

2026-08-17 20:16:12,899 - INFO - HTTP Request: POST http://localhost:8000/v1/chat/completions "HTTP/1.1 200 OK"
2026-08-17 20:16:15,827 - INFO - HTTP Request: POST http://localhost:8000/v1/chat/completions "HTTP/1.1 200 OK"
2026-08-17 20:16:24,645 - INFO - HTTP Request: POST http://localhost:8000/v1/chat/completions "HTTP/1.1 200 OK"

2026-08-17 20:16:25,518 - INFO - HTTP Request: POST http://localhost:8000/v1/chat/completions "HTTP/1.1 200 OK"
2026-08-17 20:16:31,338 - INFO - HTTP Request: POST http://localhost:8000/v1/chat/completions "HTTP/1.1 200 OK"

2026-08-17 20:16:31,774 - INFO - HTTP Request: POST http://localhost:8000/v1/chat/completions "HTTP/1.1 200 OK"
2026-08-17 20:16:39,735 - INFO - HTTP Request: POST http://localhost:8000/v1/chat/completions "HTTP/1.1 200 OK"

2026-08-17 20:16:43,443 - INFO - HTTP Request: POST http://localhost:8000/v1/chat/completions "HTTP/1.1 200 OK"

2026-08-17 20:16:49,752 - INFO - HTTP Request: POST http://localhost:8000/v1/chat/completions "HTTP/1.1 200 OK"
2026-08-17 20:16:55,944 - INFO - HTTP Request: POST http://localhost:8000/v1/chat/completions "HTTP/1.1 200 OK"
2026-08-17 20:17:03,890 - INFO - HTTP Request: POST http://localhost:8000/v1/chat/completions "HTTP/1.1 200 OK"
2026-08-17 20:17:05,523 - INFO - HTTP Request: POST http://localhost:8000/v1/chat/completions "HTTP/1.1 200 OK"

2026-08-17 20:17:08,584 - INFO - HTTP Request: POST http://localhost:8000/v1/chat/completions "HTTP/1.1 200 OK"
2026-08-17 20:17:08,802 - INFO - HTTP Request: POST http://localhost:8000/v1/chat/completions "HTTP/1.1 200 OK"

2026-08-17 20:17:17,039 - INFO - HTTP Request: POST http://localhost:8000/v1/chat/completions "HTTP/1.1 200 OK"

2026-08-17 20:17:21,400 - INFO - HTTP Request: POST http://localhost:8000/v1/chat/completions "HTTP/1.1 200 OK"

2026-08-17 20:17:29,010 - INFO - HTTP Request: POST http://localhost:8000/v1/chat/completions "HTTP/1.1 200 OK"
2026-08-17 20:17:30,420 - INFO - HTTP Request: POST http://localhost:8000/v1/chat/completions "HTTP/1.1 200 OK"
2026-08-17 20:17:37,558 - INFO - HTTP Request: POST http://localhost:8000/v1/chat/completions "HTTP/1.1 200 OK"
2026-08-17 20:17:42,301 - INFO - HTTP Request: POST http://localhost:8000/v1/chat/completions "HTTP/1.1 200 OK"
2026-08-17 20:17:43,936 - INFO - HTTP Request: POST http://localhost:8000/v1/chat/completions "HTTP/1.1 200 OK"

2026-08-17 20:17:43,937 - INFO - HTTP Request: POST http://localhost:8000/v1/chat/completions "HTTP/1.1 200 OK"

2026-08-17 20:17:48,953 - INFO - HTTP Request: POST http://localhost:8000/v1/chat/completions "HTTP/1.1 200 OK"

2026-08-17 20:17:53,524 - INFO - HTTP Request: POST http://localhost:8000/v1/chat/completions "HTTP/1.1 200 OK"

2026-08-17 20:18:03,738 - INFO - HTTP Request: POST http://localhost:8000/v1/chat/completions "HTTP/1.1 200 OK"
2026-08-17 20:18:12,977 - INFO - HTTP Request: POST http://localhost:8000/v1/chat/completions "HTTP/1.1 200 OK"
2026-08-17 20:18:13,715 - INFO - HTTP Request: POST http://localhost:8000/v1/chat/completions "HTTP/1.1 200 OK"

2026-08-17 20:18:18,307 - INFO - HTTP Request: POST http://localhost:8000/v1/chat/completions "HTTP/1.1 200 OK"
2026-08-17 20:18:23,207 - INFO - HTTP Request: POST http://localhost:8000/v1/chat/completions "HTTP/1.1 200 OK"
2026-08-17 20:18:28,763 - INFO - HTTP Request: POST http://localhost:8000/v1/chat/completions "HTTP/1.1 200 OK"

2026-08-17 20:18:30,728 - INFO - HTTP Request: POST http://localhost:8000/v1/chat/completions "HTTP/1.1 200 OK"

2026-08-17 20:18:38,568 - INFO - HTTP Request: POST http://localhost:8000/v1/chat/completions "HTTP/1.1 200 OK"

2026-08-17 20:18:43,133 - INFO - HTTP Request: POST http://localhost:8000/v1/chat/completions "HTTP/1.1 200 OK"
2026-08-17 20:18:49,106 - INFO - HTTP Request: POST http://localhost:8000/v1/chat/completions "HTTP/1.1 200 OK"
2026-08-17 20:18:51,392 - INFO - HTTP Request: POST http://localhost:8000/v1/chat/completions "HTTP/1.1 200 OK"
2026-08-17 20:18:58,322 - INFO - HTTP Request: POST http://localhost:8000/v1/chat/completions "HTTP/1.1 200 OK"

2026-08-17 20:18:59,633 - INFO - HTTP Request: POST http://localhost:8000/v1/chat/completions "HTTP/1.1 200 OK"
2026-08-17 20:19:03,449 - INFO - HTTP Request: POST http://localhost:8000/v1/chat/completions "HTTP/1.1 200 OK"

2026-08-17 20:19:07,158 - INFO - HTTP Request: POST http://localhost:8000/v1/chat/completions "HTTP/1.1 200 OK"

2026-08-17 20:19:11,952 - INFO - HTTP Request: POST http://localhost:8000/v1/chat/completions "HTTP/1.1 200 OK"

2026-08-17 20:19:18,692 - INFO - HTTP Request: POST http://localhost:8000/v1/chat/completions "HTTP/1.1 200 OK"
2026-08-17 20:19:32,946 - INFO - HTTP Request: POST http://localhost:8000/v1/chat/completions "HTTP/1.1 200 OK"
2026-08-17 20:19:36,978 - INFO - HTTP Request: POST http://localhost:8000/v1/chat/completions "HTTP/1.1 200 OK"
2026-08-17 20:19:40,632 - INFO - HTTP Request: POST http://localhost:8000/v1/chat/completions "HTTP/1.1 200 OK"

2026-08-17 20:19:42,163 - INFO - HTTP Request: POST http://localhost:8000/v1/chat/completions "HTTP/1.1 200 OK"
2026-08-17 20:19:46,416 - INFO - HTTP Request: POST http://localhost:8000/v1/chat/completions "HTTP/1.1 200 OK"

2026-08-17 20:19:54,056 - INFO - HTTP Request: POST http://localhost:8000/v1/chat/completions "HTTP/1.1 200 OK"

2026-08-17 20:19:56,244 - INFO - HTTP Request: POST http://localhost:8000/v1/chat/completions "HTTP/1.1 200 OK"

2026-08-17 20:20:10,167 - INFO - HTTP Request: POST http://localhost:8000/v1/chat/completions "HTTP/1.1 200 OK"
2026-08-17 20:20:19,848 - INFO - HTTP Request: POST http://localhost:8000/v1/chat/completions "HTTP/1.1 200 OK"
2026-08-17 20:20:24,752 - INFO - HTTP Request: POST http://localhost:8000/v1/chat/completions "HTTP/1.1 200 OK"

2026-08-17 20:20:27,375 - INFO - HTTP Request: POST http://localhost:8000/v1/chat/completions "HTTP/1.1 200 OK"
2026-08-17 20:20:30,370 - INFO - HTTP Request: POST http://localhost:8000/v1/chat/completions "HTTP/1.1 200 OK"
2026-08-17 20:20:33,536 - INFO - HTTP Request: POST http://localhost:8000/v1/chat/completions "HTTP/1.1 200 OK"

r1_cfg0:  90%|█████████ | 45/50 [1:10:17<11:15, 135.07s/it]2026-08-17 20:20:40,734 - INFO - HTTP Request: POST http://localhost:8000/v1/chat/completions "HTTP/1.1 200 OK"

r1_cfg0:  92%|█████████▏| 46/50 [1:10:24<06:26, 96.71s/it] 2026-08-17 20:20:43,131 - INFO - HTTP Request: POST http://localhost:8000/v1/chat/completions "HTTP/1.1 200 OK"

r1_cfg0:  94%|█████████▍| 47/50 [1:10:27<03:25, 68.41s/it]2026-08-17 20:20:55,503 - INFO - HTTP Request: POST http://localhost:8000/v1/chat/completions "HTTP/1.1 200 OK"
2026-08-17 20:20:58,275 - INFO - HTTP Request: POST http://localhost:8000/v1/chat/completions "HTTP/1.1 200 OK"
2026-08-17 20:21:03,385 - INFO - HTTP Request: POST http://localhost:8000/v1/chat/completions "HTTP/1.1 200 OK"
2026-08-17 20:21:07,412 - INFO - HTTP Request: POST http://localhost:8000/v1/chat/completions "HTTP/1.1 200 OK"

2026-08-17 20:21:16,997 - INFO - HTTP Request: POST http://localhost:8000/v1/chat/completions "HTTP/1.1 200 OK"

r1_cfg0:  96%|█████████▌| 48/50 [1:11:00<01:56, 58.05s/it]2026-08-17 20:21:19,822 - INFO - HTTP Request: POST http://localhost:8000/v1/chat/completions "HTTP/1.1 200 OK"

2026-08-17 20:21:33,311 - INFO - HTTP Request: POST http://localhost:8000/v1/chat/completions "HTTP/1.1 200 OK"
2026-08-17 20:21:44,163 - INFO - HTTP Request: POST http://localhost:8000/v1/chat/completions "HTTP/1.1 200 OK"

2026-08-17 20:21:45,720 - INFO - HTTP Request: POST http://localhost:8000/v1/chat/completions "HTTP/1.1 200 OK"
2026-08-17 20:22:02,597 - INFO - HTTP Request: POST http://localhost:8000/v1/chat/completions "HTTP/1.1 200 OK"

2026-08-17 20:22:08,272 - INFO - HTTP Request: POST http://localhost:8000/v1/chat/completions "HTTP/1.1 200 OK"
2026-08-17 20:22:22,823 - INFO - HTTP Request: POST http://localhost:8000/v1/chat/completions "HTTP/1.1 200 OK"

2026-08-17 20:22:26,767 - INFO - HTTP Request: POST http://localhost:8000/v1/chat/completions "HTTP/1.1 200 OK"
2026-08-17 20:22:39,302 - INFO - HTTP Request: POST http://localhost:8000/v1/chat/completions "HTTP/1.1 200 OK"

2026-08-17 20:22:46,064 - INFO - HTTP Request: POST http://localhost:8000/v1/chat/completions "HTTP/1.1 200 OK"
2026-08-17 20:22:58,008 - INFO - HTTP Request: POST http://localhost:8000/v1/chat/completions "HTTP/1.1 200 OK"

2026-08-17 20:23:03,260 - INFO - HTTP Request: POST http://localhost:8000/v1/chat/completions "HTTP/1.1 200 OK"
2026-08-17 20:23:15,574 - INFO - HTTP Request: POST http://localhost:8000/v1/chat/completions "HTTP/1.1 200 OK"

2026-08-17 20:23:17,572 - INFO - HTTP Request: POST http://localhost:8000/v1/chat/completions "HTTP/1.1 200 OK"
2026-08-17 20:23:32,351 - INFO - HTTP Request: POST http://localhost:8000/v1/chat/completions "HTTP/1.1 200 OK"

2026-08-17 20:23:35,210 - INFO - HTTP Request: POST http://localhost:8000/v1/chat/completions "HTTP/1.1 200 OK"
2026-08-17 20:23:45,359 - INFO - HTTP Request: POST http://localhost:8000/v1/chat/completions "HTTP/1.1 200 OK"

2026-08-17 20:24:00,802 - INFO - HTTP Request: POST http://localhost:8000/v1/chat/completions "HTTP/1.1 200 OK"
2026-08-17 20:24:14,060 - INFO - HTTP Request: POST http://localhost:8000/v1/chat/completions "HTTP/1.1 200 OK"
2026-08-17 20:24:16,160 - INFO - HTTP Request: POST http://localhost:8000/v1/chat/completions "HTTP/1.1 200 OK"

2026-08-17 20:24:25,116 - INFO - HTTP Request: POST http://localhost:8000/v1/chat/completions "HTTP/1.1 200 OK"

2026-08-17 20:24:35,785 - INFO - HTTP Request: POST http://localhost:8000/v1/chat/completions "HTTP/1.1 200 OK"
2026-08-17 20:24:45,132 - INFO - HTTP Request: POST http://localhost:8000/v1/chat/completions "HTTP/1.1 200 OK"
2026-08-17 20:24:50,940 - INFO - HTTP Request: POST http://localhost:8000/v1/chat/completions "HTTP/1.1 200 OK"

2026-08-17 20:25:02,076 - INFO - HTTP Request: POST http://localhost:8000/v1/chat/completions "HTTP/1.1 200 OK"

2026-08-17 20:25:19,691 - INFO - HTTP Request: POST http://localhost:8000/v1/chat/completions "HTTP/1.1 200 OK"
2026-08-17 20:25:31,216 - INFO - HTTP Request: POST http://localhost:8000/v1/chat/completions "HTTP/1.1 200 OK"
2026-08-17 20:25:35,064 - INFO - HTTP Request: POST http://localhost:8000/v1/chat/completions "HTTP/1.1 200 OK"

2026-08-17 20:25:48,803 - INFO - HTTP Request: POST http://localhost:8000/v1/chat/completions "HTTP/1.1 200 OK"

2026-08-17 20:26:07,285 - INFO - HTTP Request: POST http://localhost:8000/v1/chat/completions "HTTP/1.1 200 OK"
2026-08-17 20:26:20,330 - INFO - HTTP Request: POST http://localhost:8000/v1/chat/completions "HTTP/1.1 200 OK"

r1_cfg0:  98%|█████████▊| 49/50 [1:16:04<02:11, 131.63s/it]2026-08-17 20:26:20,704 - INFO - HTTP Request: POST http://localhost:8000/v1/chat/completions "HTTP/1.1 200 OK"
2026-08-17 20:26:24,227 - INFO - HTTP Request: POST http://localhost:8000/v1/chat/completions "HTTP/1.1 200 OK"

r1_cfg0: 100%|██████████| 50/50 [1:16:08<00:00, 93.31s/it] r1_cfg0: 100%|██████████| 50/50 [1:16:08<00:00, 91.37s/it]
  done in 4568.5s (valid 50/50, invalid {})

Scored 1 model/s.
Report:  /LAB/Swiss-Knife/tribunal/bayes_search_honesty/eval_results/round1/r1_cfg0/report/index.html
Tables:  /LAB/Swiss-Knife/tribunal/bayes_search_honesty/eval_results/round1/r1_cfg0/model_summary.csv, /LAB/Swiss-Knife/tribunal/bayes_search_honesty/eval_results/round1/r1_cfg0/summary.csv
