2026-08-18 04:16:44,839 - INFO - Judge client pointed at http://localhost:8001/v1
2026-08-18 04:16:48,008 - INFO - Loading Detoxify model (CPU)
2026-08-18 04:16:51,661 - INFO - HTTP Request: HEAD https://huggingface.co/bert-base-uncased/resolve/main/config.json "HTTP/1.1 200 OK"
input:  /LAB/Swiss-Knife/tribunal/bayes_search_honesty/eval_results/round5/r5_cfg1/_tribunal_input_tmp (1 model file/s)
output: /LAB/Swiss-Knife/tribunal/bayes_search_honesty/eval_results/round5/r5_cfg1
judge:  Qwen/Qwen2.5-32B-Instruct @ http://localhost:8001/v1
detoxify cross-check: True
Loading weights:   0%|          | 0/201 [00:00<?, ?it/s]Loading weights: 100%|██████████| 201/201 [00:00<00:00, 31481.95it/s]
2026-08-18 04:16:51,982 - INFO - HTTP Request: HEAD https://huggingface.co/bert-base-uncased/resolve/main/tokenizer_config.json "HTTP/1.1 200 OK"
Warning: You are sending unauthenticated requests to the HF Hub. Please set a HF_TOKEN to enable higher rate limits and faster downloads.
2026-08-18 04:16:51,983 - WARNING - Warning: You are sending unauthenticated requests to the HF Hub. Please set a HF_TOKEN to enable higher rate limits and faster downloads.
2026-08-18 04:16:52,192 - INFO - HTTP Request: GET https://huggingface.co/api/models/bert-base-uncased/tree/main/additional_chat_templates?recursive=false&expand=false "HTTP/1.1 307 Temporary Redirect"
2026-08-18 04:16:52,402 - INFO - HTTP Request: GET https://huggingface.co/api/models/google-bert/bert-base-uncased/tree/main/additional_chat_templates?recursive=false&expand=false "HTTP/1.1 404 Not Found"
2026-08-18 04:16:52,611 - INFO - HTTP Request: GET https://huggingface.co/api/models/bert-base-uncased/tree/main?recursive=true&expand=false "HTTP/1.1 307 Temporary Redirect"
2026-08-18 04:16:52,823 - INFO - HTTP Request: GET https://huggingface.co/api/models/google-bert/bert-base-uncased/tree/main?recursive=true&expand=false "HTTP/1.1 200 OK"

[1/1] r5_cfg1
  scoring 50 records (0 skipped or cached) [workers=4]
r5_cfg1:   0%|          | 0/50 [00:00<?, ?it/s]2026-08-18 04:17:14,798 - INFO - HTTP Request: POST http://localhost:8001/v1/chat/completions "HTTP/1.1 200 OK"
2026-08-18 04:17:15,015 - INFO - HTTP Request: POST http://localhost:8001/v1/chat/completions "HTTP/1.1 200 OK"
2026-08-18 04:17:15,016 - INFO - HTTP Request: POST http://localhost:8001/v1/chat/completions "HTTP/1.1 200 OK"
2026-08-18 04:17:15,573 - INFO - HTTP Request: POST http://localhost:8001/v1/chat/completions "HTTP/1.1 200 OK"
2026-08-18 04:17:26,050 - INFO - HTTP Request: POST http://localhost:8001/v1/chat/completions "HTTP/1.1 200 OK"

2026-08-18 04:17:28,077 - INFO - HTTP Request: POST http://localhost:8001/v1/chat/completions "HTTP/1.1 200 OK"

2026-08-18 04:17:29,601 - INFO - HTTP Request: POST http://localhost:8001/v1/chat/completions "HTTP/1.1 200 OK"

2026-08-18 04:17:31,339 - INFO - HTTP Request: POST http://localhost:8001/v1/chat/completions "HTTP/1.1 200 OK"

2026-08-18 04:17:52,144 - INFO - HTTP Request: POST http://localhost:8001/v1/chat/completions "HTTP/1.1 200 OK"
2026-08-18 04:17:54,532 - INFO - HTTP Request: POST http://localhost:8001/v1/chat/completions "HTTP/1.1 200 OK"
2026-08-18 04:17:56,367 - INFO - HTTP Request: POST http://localhost:8001/v1/chat/completions "HTTP/1.1 200 OK"
2026-08-18 04:17:58,473 - INFO - HTTP Request: POST http://localhost:8001/v1/chat/completions "HTTP/1.1 200 OK"
2026-08-18 04:18:08,158 - INFO - HTTP Request: POST http://localhost:8001/v1/chat/completions "HTTP/1.1 200 OK"

2026-08-18 04:18:09,079 - INFO - HTTP Request: POST http://localhost:8001/v1/chat/completions "HTTP/1.1 200 OK"

2026-08-18 04:18:10,170 - INFO - HTTP Request: POST http://localhost:8001/v1/chat/completions "HTTP/1.1 200 OK"

2026-08-18 04:18:12,126 - INFO - HTTP Request: POST http://localhost:8001/v1/chat/completions "HTTP/1.1 200 OK"

2026-08-18 04:18:32,514 - INFO - HTTP Request: POST http://localhost:8001/v1/chat/completions "HTTP/1.1 200 OK"
2026-08-18 04:18:33,819 - INFO - HTTP Request: POST http://localhost:8001/v1/chat/completions "HTTP/1.1 200 OK"
2026-08-18 04:18:35,221 - INFO - HTTP Request: POST http://localhost:8001/v1/chat/completions "HTTP/1.1 200 OK"
2026-08-18 04:18:37,552 - INFO - HTTP Request: POST http://localhost:8001/v1/chat/completions "HTTP/1.1 200 OK"
2026-08-18 04:18:45,714 - INFO - HTTP Request: POST http://localhost:8001/v1/chat/completions "HTTP/1.1 200 OK"

2026-08-18 04:18:50,990 - INFO - HTTP Request: POST http://localhost:8001/v1/chat/completions "HTTP/1.1 200 OK"

2026-08-18 04:18:51,653 - INFO - HTTP Request: POST http://localhost:8001/v1/chat/completions "HTTP/1.1 200 OK"

2026-08-18 04:18:53,399 - INFO - HTTP Request: POST http://localhost:8001/v1/chat/completions "HTTP/1.1 200 OK"

2026-08-18 04:19:09,672 - INFO - HTTP Request: POST http://localhost:8001/v1/chat/completions "HTTP/1.1 200 OK"
2026-08-18 04:19:15,314 - INFO - HTTP Request: POST http://localhost:8001/v1/chat/completions "HTTP/1.1 200 OK"
2026-08-18 04:19:16,503 - INFO - HTTP Request: POST http://localhost:8001/v1/chat/completions "HTTP/1.1 200 OK"
2026-08-18 04:19:18,672 - INFO - HTTP Request: POST http://localhost:8001/v1/chat/completions "HTTP/1.1 200 OK"
2026-08-18 04:19:23,344 - INFO - HTTP Request: POST http://localhost:8001/v1/chat/completions "HTTP/1.1 200 OK"

2026-08-18 04:19:28,841 - INFO - HTTP Request: POST http://localhost:8001/v1/chat/completions "HTTP/1.1 200 OK"

2026-08-18 04:19:29,721 - INFO - HTTP Request: POST http://localhost:8001/v1/chat/completions "HTTP/1.1 200 OK"

2026-08-18 04:19:31,251 - INFO - HTTP Request: POST http://localhost:8001/v1/chat/completions "HTTP/1.1 200 OK"

2026-08-18 04:19:42,749 - INFO - HTTP Request: POST http://localhost:8001/v1/chat/completions "HTTP/1.1 200 OK"
2026-08-18 04:19:49,045 - INFO - HTTP Request: POST http://localhost:8001/v1/chat/completions "HTTP/1.1 200 OK"
2026-08-18 04:19:49,810 - INFO - HTTP Request: POST http://localhost:8001/v1/chat/completions "HTTP/1.1 200 OK"
2026-08-18 04:19:52,187 - INFO - HTTP Request: POST http://localhost:8001/v1/chat/completions "HTTP/1.1 200 OK"
2026-08-18 04:19:55,557 - INFO - HTTP Request: POST http://localhost:8001/v1/chat/completions "HTTP/1.1 200 OK"

2026-08-18 04:20:02,159 - INFO - HTTP Request: POST http://localhost:8001/v1/chat/completions "HTTP/1.1 200 OK"

2026-08-18 04:20:02,594 - INFO - HTTP Request: POST http://localhost:8001/v1/chat/completions "HTTP/1.1 200 OK"

2026-08-18 04:20:03,470 - INFO - HTTP Request: POST http://localhost:8001/v1/chat/completions "HTTP/1.1 200 OK"

2026-08-18 04:20:24,297 - INFO - HTTP Request: POST http://localhost:8001/v1/chat/completions "HTTP/1.1 200 OK"
2026-08-18 04:20:31,246 - INFO - HTTP Request: POST http://localhost:8001/v1/chat/completions "HTTP/1.1 200 OK"
2026-08-18 04:20:31,979 - INFO - HTTP Request: POST http://localhost:8001/v1/chat/completions "HTTP/1.1 200 OK"
2026-08-18 04:20:33,175 - INFO - HTTP Request: POST http://localhost:8001/v1/chat/completions "HTTP/1.1 200 OK"
2026-08-18 04:20:37,847 - INFO - HTTP Request: POST http://localhost:8001/v1/chat/completions "HTTP/1.1 200 OK"

2026-08-18 04:20:42,490 - INFO - HTTP Request: POST http://localhost:8001/v1/chat/completions "HTTP/1.1 200 OK"

2026-08-18 04:20:45,320 - INFO - HTTP Request: POST http://localhost:8001/v1/chat/completions "HTTP/1.1 200 OK"

2026-08-18 04:20:48,148 - INFO - HTTP Request: POST http://localhost:8001/v1/chat/completions "HTTP/1.1 200 OK"

2026-08-18 04:20:57,910 - INFO - HTTP Request: POST http://localhost:8001/v1/chat/completions "HTTP/1.1 200 OK"
2026-08-18 04:21:02,912 - INFO - HTTP Request: POST http://localhost:8001/v1/chat/completions "HTTP/1.1 200 OK"
2026-08-18 04:21:06,109 - INFO - HTTP Request: POST http://localhost:8001/v1/chat/completions "HTTP/1.1 200 OK"
2026-08-18 04:21:09,262 - INFO - HTTP Request: POST http://localhost:8001/v1/chat/completions "HTTP/1.1 200 OK"
2026-08-18 04:21:11,322 - INFO - HTTP Request: POST http://localhost:8001/v1/chat/completions "HTTP/1.1 200 OK"

2026-08-18 04:21:15,816 - INFO - HTTP Request: POST http://localhost:8001/v1/chat/completions "HTTP/1.1 200 OK"

2026-08-18 04:21:18,213 - INFO - HTTP Request: POST http://localhost:8001/v1/chat/completions "HTTP/1.1 200 OK"

2026-08-18 04:21:22,561 - INFO - HTTP Request: POST http://localhost:8001/v1/chat/completions "HTTP/1.1 200 OK"

2026-08-18 04:21:40,573 - INFO - HTTP Request: POST http://localhost:8001/v1/chat/completions "HTTP/1.1 200 OK"
2026-08-18 04:21:45,438 - INFO - HTTP Request: POST http://localhost:8001/v1/chat/completions "HTTP/1.1 200 OK"
2026-08-18 04:21:48,199 - INFO - HTTP Request: POST http://localhost:8001/v1/chat/completions "HTTP/1.1 200 OK"
2026-08-18 04:21:52,871 - INFO - HTTP Request: POST http://localhost:8001/v1/chat/completions "HTTP/1.1 200 OK"
2026-08-18 04:21:52,872 - INFO - HTTP Request: POST http://localhost:8001/v1/chat/completions "HTTP/1.1 200 OK"

2026-08-18 04:21:57,229 - INFO - HTTP Request: POST http://localhost:8001/v1/chat/completions "HTTP/1.1 200 OK"

2026-08-18 04:22:03,767 - INFO - HTTP Request: POST http://localhost:8001/v1/chat/completions "HTTP/1.1 200 OK"

2026-08-18 04:22:04,202 - INFO - HTTP Request: POST http://localhost:8001/v1/chat/completions "HTTP/1.1 200 OK"

2026-08-18 04:22:25,267 - INFO - HTTP Request: POST http://localhost:8001/v1/chat/completions "HTTP/1.1 200 OK"
2026-08-18 04:22:29,695 - INFO - HTTP Request: POST http://localhost:8001/v1/chat/completions "HTTP/1.1 200 OK"
2026-08-18 04:22:36,816 - INFO - HTTP Request: POST http://localhost:8001/v1/chat/completions "HTTP/1.1 200 OK"

r5_cfg1:   2%|▏         | 1/50 [05:43<4:40:52, 343.92s/it]2026-08-18 04:22:37,137 - INFO - HTTP Request: POST http://localhost:8001/v1/chat/completions "HTTP/1.1 200 OK"
2026-08-18 04:22:37,144 - INFO - HTTP Request: POST http://localhost:8001/v1/chat/completions "HTTP/1.1 200 OK"
2026-08-18 04:22:39,735 - INFO - HTTP Request: POST http://localhost:8001/v1/chat/completions "HTTP/1.1 200 OK"

r5_cfg1:   4%|▍         | 2/50 [05:46<1:54:39, 143.33s/it]2026-08-18 04:22:49,532 - INFO - HTTP Request: POST http://localhost:8001/v1/chat/completions "HTTP/1.1 200 OK"

r5_cfg1:   6%|▌         | 3/50 [05:56<1:04:30, 82.36s/it] 2026-08-18 04:22:50,405 - INFO - HTTP Request: POST http://localhost:8001/v1/chat/completions "HTTP/1.1 200 OK"

r5_cfg1:   8%|▊         | 4/50 [05:57<38:28, 50.19s/it]  2026-08-18 04:22:59,511 - INFO - HTTP Request: POST http://localhost:8001/v1/chat/completions "HTTP/1.1 200 OK"
2026-08-18 04:23:01,778 - INFO - HTTP Request: POST http://localhost:8001/v1/chat/completions "HTTP/1.1 200 OK"
2026-08-18 04:23:11,933 - INFO - HTTP Request: POST http://localhost:8001/v1/chat/completions "HTTP/1.1 200 OK"
2026-08-18 04:23:13,390 - INFO - HTTP Request: POST http://localhost:8001/v1/chat/completions "HTTP/1.1 200 OK"
2026-08-18 04:23:14,575 - INFO - HTTP Request: POST http://localhost:8001/v1/chat/completions "HTTP/1.1 200 OK"

2026-08-18 04:23:14,793 - INFO - HTTP Request: POST http://localhost:8001/v1/chat/completions "HTTP/1.1 200 OK"

2026-08-18 04:23:23,280 - INFO - HTTP Request: POST http://localhost:8001/v1/chat/completions "HTTP/1.1 200 OK"

2026-08-18 04:23:26,105 - INFO - HTTP Request: POST http://localhost:8001/v1/chat/completions "HTTP/1.1 200 OK"

2026-08-18 04:23:40,638 - INFO - HTTP Request: POST http://localhost:8001/v1/chat/completions "HTTP/1.1 200 OK"
2026-08-18 04:23:40,855 - INFO - HTTP Request: POST http://localhost:8001/v1/chat/completions "HTTP/1.1 200 OK"
2026-08-18 04:23:50,019 - INFO - HTTP Request: POST http://localhost:8001/v1/chat/completions "HTTP/1.1 200 OK"
2026-08-18 04:23:50,986 - INFO - HTTP Request: POST http://localhost:8001/v1/chat/completions "HTTP/1.1 200 OK"

2026-08-18 04:23:53,165 - INFO - HTTP Request: POST http://localhost:8001/v1/chat/completions "HTTP/1.1 200 OK"
2026-08-18 04:23:54,625 - INFO - HTTP Request: POST http://localhost:8001/v1/chat/completions "HTTP/1.1 200 OK"

2026-08-18 04:24:00,502 - INFO - HTTP Request: POST http://localhost:8001/v1/chat/completions "HTTP/1.1 200 OK"

2026-08-18 04:24:06,369 - INFO - HTTP Request: POST http://localhost:8001/v1/chat/completions "HTTP/1.1 200 OK"

2026-08-18 04:24:15,698 - INFO - HTTP Request: POST http://localhost:8001/v1/chat/completions "HTTP/1.1 200 OK"
2026-08-18 04:24:19,325 - INFO - HTTP Request: POST http://localhost:8001/v1/chat/completions "HTTP/1.1 200 OK"
2026-08-18 04:24:25,509 - INFO - HTTP Request: POST http://localhost:8001/v1/chat/completions "HTTP/1.1 200 OK"
2026-08-18 04:24:30,179 - INFO - HTTP Request: POST http://localhost:8001/v1/chat/completions "HTTP/1.1 200 OK"

2026-08-18 04:24:31,713 - INFO - HTTP Request: POST http://localhost:8001/v1/chat/completions "HTTP/1.1 200 OK"
2026-08-18 04:24:34,043 - INFO - HTTP Request: POST http://localhost:8001/v1/chat/completions "HTTP/1.1 200 OK"

2026-08-18 04:24:38,403 - INFO - HTTP Request: POST http://localhost:8001/v1/chat/completions "HTTP/1.1 200 OK"

2026-08-18 04:24:45,362 - INFO - HTTP Request: POST http://localhost:8001/v1/chat/completions "HTTP/1.1 200 OK"

2026-08-18 04:24:54,697 - INFO - HTTP Request: POST http://localhost:8001/v1/chat/completions "HTTP/1.1 200 OK"
2026-08-18 04:24:58,387 - INFO - HTTP Request: POST http://localhost:8001/v1/chat/completions "HTTP/1.1 200 OK"
2026-08-18 04:25:03,264 - INFO - HTTP Request: POST http://localhost:8001/v1/chat/completions "HTTP/1.1 200 OK"
2026-08-18 04:25:08,213 - INFO - HTTP Request: POST http://localhost:8001/v1/chat/completions "HTTP/1.1 200 OK"

2026-08-18 04:25:10,616 - INFO - HTTP Request: POST http://localhost:8001/v1/chat/completions "HTTP/1.1 200 OK"
2026-08-18 04:25:11,639 - INFO - HTTP Request: POST http://localhost:8001/v1/chat/completions "HTTP/1.1 200 OK"

2026-08-18 04:25:17,301 - INFO - HTTP Request: POST http://localhost:8001/v1/chat/completions "HTTP/1.1 200 OK"

2026-08-18 04:25:23,390 - INFO - HTTP Request: POST http://localhost:8001/v1/chat/completions "HTTP/1.1 200 OK"

2026-08-18 04:25:27,952 - INFO - HTTP Request: POST http://localhost:8001/v1/chat/completions "HTTP/1.1 200 OK"
2026-08-18 04:25:31,362 - INFO - HTTP Request: POST http://localhost:8001/v1/chat/completions "HTTP/1.1 200 OK"
2026-08-18 04:25:37,767 - INFO - HTTP Request: POST http://localhost:8001/v1/chat/completions "HTTP/1.1 200 OK"
2026-08-18 04:25:39,168 - INFO - HTTP Request: POST http://localhost:8001/v1/chat/completions "HTTP/1.1 200 OK"

2026-08-18 04:25:43,956 - INFO - HTTP Request: POST http://localhost:8001/v1/chat/completions "HTTP/1.1 200 OK"

2026-08-18 04:25:44,174 - INFO - HTTP Request: POST http://localhost:8001/v1/chat/completions "HTTP/1.1 200 OK"
2026-08-18 04:25:49,544 - INFO - HTTP Request: POST http://localhost:8001/v1/chat/completions "HTTP/1.1 200 OK"

2026-08-18 04:25:56,283 - INFO - HTTP Request: POST http://localhost:8001/v1/chat/completions "HTTP/1.1 200 OK"

2026-08-18 04:26:08,215 - INFO - HTTP Request: POST http://localhost:8001/v1/chat/completions "HTTP/1.1 200 OK"
2026-08-18 04:26:13,359 - INFO - HTTP Request: POST http://localhost:8001/v1/chat/completions "HTTP/1.1 200 OK"
2026-08-18 04:26:18,891 - INFO - HTTP Request: POST http://localhost:8001/v1/chat/completions "HTTP/1.1 200 OK"
2026-08-18 04:26:20,288 - INFO - HTTP Request: POST http://localhost:8001/v1/chat/completions "HTTP/1.1 200 OK"

2026-08-18 04:26:25,946 - INFO - HTTP Request: POST http://localhost:8001/v1/chat/completions "HTTP/1.1 200 OK"
2026-08-18 04:26:27,137 - INFO - HTTP Request: POST http://localhost:8001/v1/chat/completions "HTTP/1.1 200 OK"

2026-08-18 04:26:32,142 - INFO - HTTP Request: POST http://localhost:8001/v1/chat/completions "HTTP/1.1 200 OK"

2026-08-18 04:26:40,620 - INFO - HTTP Request: POST http://localhost:8001/v1/chat/completions "HTTP/1.1 200 OK"

2026-08-18 04:26:40,622 - INFO - HTTP Request: POST http://localhost:8001/v1/chat/completions "HTTP/1.1 200 OK"
2026-08-18 04:26:47,508 - INFO - HTTP Request: POST http://localhost:8001/v1/chat/completions "HTTP/1.1 200 OK"
2026-08-18 04:26:52,824 - INFO - HTTP Request: POST http://localhost:8001/v1/chat/completions "HTTP/1.1 200 OK"
2026-08-18 04:26:56,189 - INFO - HTTP Request: POST http://localhost:8001/v1/chat/completions "HTTP/1.1 200 OK"

2026-08-18 04:27:00,109 - INFO - HTTP Request: POST http://localhost:8001/v1/chat/completions "HTTP/1.1 200 OK"

2026-08-18 04:27:00,326 - INFO - HTTP Request: POST http://localhost:8001/v1/chat/completions "HTTP/1.1 200 OK"

2026-08-18 04:27:01,631 - INFO - HTTP Request: POST http://localhost:8001/v1/chat/completions "HTTP/1.1 200 OK"
2026-08-18 04:27:16,995 - INFO - HTTP Request: POST http://localhost:8001/v1/chat/completions "HTTP/1.1 200 OK"

2026-08-18 04:27:25,678 - INFO - HTTP Request: POST http://localhost:8001/v1/chat/completions "HTTP/1.1 200 OK"
2026-08-18 04:27:29,959 - INFO - HTTP Request: POST http://localhost:8001/v1/chat/completions "HTTP/1.1 200 OK"
2026-08-18 04:27:30,176 - INFO - HTTP Request: POST http://localhost:8001/v1/chat/completions "HTTP/1.1 200 OK"
2026-08-18 04:27:39,736 - INFO - HTTP Request: POST http://localhost:8001/v1/chat/completions "HTTP/1.1 200 OK"

2026-08-18 04:27:41,924 - INFO - HTTP Request: POST http://localhost:8001/v1/chat/completions "HTTP/1.1 200 OK"

2026-08-18 04:27:44,107 - INFO - HTTP Request: POST http://localhost:8001/v1/chat/completions "HTTP/1.1 200 OK"

2026-08-18 04:27:47,154 - INFO - HTTP Request: POST http://localhost:8001/v1/chat/completions "HTTP/1.1 200 OK"
2026-08-18 04:28:01,865 - INFO - HTTP Request: POST http://localhost:8001/v1/chat/completions "HTTP/1.1 200 OK"

2026-08-18 04:28:12,072 - INFO - HTTP Request: POST http://localhost:8001/v1/chat/completions "HTTP/1.1 200 OK"
2026-08-18 04:28:14,992 - INFO - HTTP Request: POST http://localhost:8001/v1/chat/completions "HTTP/1.1 200 OK"
2026-08-18 04:28:17,103 - INFO - HTTP Request: POST http://localhost:8001/v1/chat/completions "HTTP/1.1 200 OK"
2026-08-18 04:28:24,177 - INFO - HTTP Request: POST http://localhost:8001/v1/chat/completions "HTTP/1.1 200 OK"

r5_cfg1:  10%|█         | 5/50 [11:31<1:54:20, 152.45s/it]2026-08-18 04:28:30,059 - INFO - HTTP Request: POST http://localhost:8001/v1/chat/completions "HTTP/1.1 200 OK"

r5_cfg1:  12%|█▏        | 6/50 [11:37<1:15:15, 102.62s/it]2026-08-18 04:28:32,887 - INFO - HTTP Request: POST http://localhost:8001/v1/chat/completions "HTTP/1.1 200 OK"

r5_cfg1:  14%|█▍        | 7/50 [11:39<50:09, 69.99s/it]   2026-08-18 04:28:34,841 - INFO - HTTP Request: POST http://localhost:8001/v1/chat/completions "HTTP/1.1 200 OK"
2026-08-18 04:28:45,426 - INFO - HTTP Request: POST http://localhost:8001/v1/chat/completions "HTTP/1.1 200 OK"

r5_cfg1:  16%|█▌        | 8/50 [11:52<36:11, 51.70s/it]2026-08-18 04:28:46,293 - INFO - HTTP Request: POST http://localhost:8001/v1/chat/completions "HTTP/1.1 200 OK"
2026-08-18 04:28:52,473 - INFO - HTTP Request: POST http://localhost:8001/v1/chat/completions "HTTP/1.1 200 OK"
2026-08-18 04:28:55,833 - INFO - HTTP Request: POST http://localhost:8001/v1/chat/completions "HTTP/1.1 200 OK"
2026-08-18 04:29:00,775 - INFO - HTTP Request: POST http://localhost:8001/v1/chat/completions "HTTP/1.1 200 OK"

2026-08-18 04:29:05,781 - INFO - HTTP Request: POST http://localhost:8001/v1/chat/completions "HTTP/1.1 200 OK"

2026-08-18 04:29:08,391 - INFO - HTTP Request: POST http://localhost:8001/v1/chat/completions "HTTP/1.1 200 OK"
2026-08-18 04:29:09,121 - INFO - HTTP Request: POST http://localhost:8001/v1/chat/completions "HTTP/1.1 200 OK"

2026-08-18 04:29:25,425 - INFO - HTTP Request: POST http://localhost:8001/v1/chat/completions "HTTP/1.1 200 OK"

2026-08-18 04:29:27,161 - INFO - HTTP Request: POST http://localhost:8001/v1/chat/completions "HTTP/1.1 200 OK"
2026-08-18 04:29:32,472 - INFO - HTTP Request: POST http://localhost:8001/v1/chat/completions "HTTP/1.1 200 OK"
2026-08-18 04:29:35,834 - INFO - HTTP Request: POST http://localhost:8001/v1/chat/completions "HTTP/1.1 200 OK"
2026-08-18 04:29:38,817 - INFO - HTTP Request: POST http://localhost:8001/v1/chat/completions "HTTP/1.1 200 OK"

2026-08-18 04:29:47,304 - INFO - HTTP Request: POST http://localhost:8001/v1/chat/completions "HTTP/1.1 200 OK"

2026-08-18 04:29:47,961 - INFO - HTTP Request: POST http://localhost:8001/v1/chat/completions "HTTP/1.1 200 OK"

2026-08-18 04:29:52,515 - INFO - HTTP Request: POST http://localhost:8001/v1/chat/completions "HTTP/1.1 200 OK"
2026-08-18 04:30:03,473 - INFO - HTTP Request: POST http://localhost:8001/v1/chat/completions "HTTP/1.1 200 OK"
2026-08-18 04:30:06,401 - INFO - HTTP Request: POST http://localhost:8001/v1/chat/completions "HTTP/1.1 200 OK"

2026-08-18 04:30:11,180 - INFO - HTTP Request: POST http://localhost:8001/v1/chat/completions "HTTP/1.1 200 OK"
2026-08-18 04:30:13,134 - INFO - HTTP Request: POST http://localhost:8001/v1/chat/completions "HTTP/1.1 200 OK"

2026-08-18 04:30:13,352 - INFO - HTTP Request: POST http://localhost:8001/v1/chat/completions "HTTP/1.1 200 OK"
2026-08-18 04:30:25,417 - INFO - HTTP Request: POST http://localhost:8001/v1/chat/completions "HTTP/1.1 200 OK"

2026-08-18 04:30:27,816 - INFO - HTTP Request: POST http://localhost:8001/v1/chat/completions "HTTP/1.1 200 OK"

2026-08-18 04:30:30,426 - INFO - HTTP Request: POST http://localhost:8001/v1/chat/completions "HTTP/1.1 200 OK"
2026-08-18 04:30:37,960 - INFO - HTTP Request: POST http://localhost:8001/v1/chat/completions "HTTP/1.1 200 OK"
2026-08-18 04:30:44,576 - INFO - HTTP Request: POST http://localhost:8001/v1/chat/completions "HTTP/1.1 200 OK"

2026-08-18 04:30:49,583 - INFO - HTTP Request: POST http://localhost:8001/v1/chat/completions "HTTP/1.1 200 OK"
2026-08-18 04:30:50,347 - INFO - HTTP Request: POST http://localhost:8001/v1/chat/completions "HTTP/1.1 200 OK"

2026-08-18 04:30:53,068 - INFO - HTTP Request: POST http://localhost:8001/v1/chat/completions "HTTP/1.1 200 OK"
2026-08-18 04:31:02,083 - INFO - HTTP Request: POST http://localhost:8001/v1/chat/completions "HTTP/1.1 200 OK"

2026-08-18 04:31:05,787 - INFO - HTTP Request: POST http://localhost:8001/v1/chat/completions "HTTP/1.1 200 OK"

2026-08-18 04:31:09,479 - INFO - HTTP Request: POST http://localhost:8001/v1/chat/completions "HTTP/1.1 200 OK"
2026-08-18 04:31:10,876 - INFO - HTTP Request: POST http://localhost:8001/v1/chat/completions "HTTP/1.1 200 OK"
2026-08-18 04:31:20,978 - INFO - HTTP Request: POST http://localhost:8001/v1/chat/completions "HTTP/1.1 200 OK"

2026-08-18 04:31:22,503 - INFO - HTTP Request: POST http://localhost:8001/v1/chat/completions "HTTP/1.1 200 OK"
2026-08-18 04:31:22,504 - INFO - HTTP Request: POST http://localhost:8001/v1/chat/completions "HTTP/1.1 200 OK"

2026-08-18 04:31:26,564 - INFO - HTTP Request: POST http://localhost:8001/v1/chat/completions "HTTP/1.1 200 OK"
2026-08-18 04:31:33,619 - INFO - HTTP Request: POST http://localhost:8001/v1/chat/completions "HTTP/1.1 200 OK"

2026-08-18 04:31:36,664 - INFO - HTTP Request: POST http://localhost:8001/v1/chat/completions "HTTP/1.1 200 OK"

2026-08-18 04:31:42,957 - INFO - HTTP Request: POST http://localhost:8001/v1/chat/completions "HTTP/1.1 200 OK"
2026-08-18 04:31:50,658 - INFO - HTTP Request: POST http://localhost:8001/v1/chat/completions "HTTP/1.1 200 OK"
2026-08-18 04:31:57,711 - INFO - HTTP Request: POST http://localhost:8001/v1/chat/completions "HTTP/1.1 200 OK"

2026-08-18 04:32:02,276 - INFO - HTTP Request: POST http://localhost:8001/v1/chat/completions "HTTP/1.1 200 OK"

2026-08-18 04:32:02,928 - INFO - HTTP Request: POST http://localhost:8001/v1/chat/completions "HTTP/1.1 200 OK"
2026-08-18 04:32:06,285 - INFO - HTTP Request: POST http://localhost:8001/v1/chat/completions "HTTP/1.1 200 OK"
2026-08-18 04:32:14,864 - INFO - HTTP Request: POST http://localhost:8001/v1/chat/completions "HTTP/1.1 200 OK"

2026-08-18 04:32:18,995 - INFO - HTTP Request: POST http://localhost:8001/v1/chat/completions "HTTP/1.1 200 OK"

2026-08-18 04:32:22,902 - INFO - HTTP Request: POST http://localhost:8001/v1/chat/completions "HTTP/1.1 200 OK"
2026-08-18 04:32:27,344 - INFO - HTTP Request: POST http://localhost:8001/v1/chat/completions "HTTP/1.1 200 OK"
2026-08-18 04:32:33,967 - INFO - HTTP Request: POST http://localhost:8001/v1/chat/completions "HTTP/1.1 200 OK"

2026-08-18 04:32:35,491 - INFO - HTTP Request: POST http://localhost:8001/v1/chat/completions "HTTP/1.1 200 OK"
2026-08-18 04:32:39,997 - INFO - HTTP Request: POST http://localhost:8001/v1/chat/completions "HTTP/1.1 200 OK"
2026-08-18 04:32:39,998 - INFO - HTTP Request: POST http://localhost:8001/v1/chat/completions "HTTP/1.1 200 OK"

2026-08-18 04:32:48,146 - INFO - HTTP Request: POST http://localhost:8001/v1/chat/completions "HTTP/1.1 200 OK"

2026-08-18 04:32:57,279 - INFO - HTTP Request: POST http://localhost:8001/v1/chat/completions "HTTP/1.1 200 OK"

2026-08-18 04:33:00,320 - INFO - HTTP Request: POST http://localhost:8001/v1/chat/completions "HTTP/1.1 200 OK"
2026-08-18 04:33:04,113 - INFO - HTTP Request: POST http://localhost:8001/v1/chat/completions "HTTP/1.1 200 OK"
2026-08-18 04:33:13,134 - INFO - HTTP Request: POST http://localhost:8001/v1/chat/completions "HTTP/1.1 200 OK"

2026-08-18 04:33:15,094 - INFO - HTTP Request: POST http://localhost:8001/v1/chat/completions "HTTP/1.1 200 OK"

2026-08-18 04:33:17,923 - INFO - HTTP Request: POST http://localhost:8001/v1/chat/completions "HTTP/1.1 200 OK"
2026-08-18 04:33:27,423 - INFO - HTTP Request: POST http://localhost:8001/v1/chat/completions "HTTP/1.1 200 OK"
2026-08-18 04:33:30,352 - INFO - HTTP Request: POST http://localhost:8001/v1/chat/completions "HTTP/1.1 200 OK"

2026-08-18 04:33:42,325 - INFO - HTTP Request: POST http://localhost:8001/v1/chat/completions "HTTP/1.1 200 OK"

2026-08-18 04:33:42,986 - INFO - HTTP Request: POST http://localhost:8001/v1/chat/completions "HTTP/1.1 200 OK"
2026-08-18 04:33:48,521 - INFO - HTTP Request: POST http://localhost:8001/v1/chat/completions "HTTP/1.1 200 OK"
2026-08-18 04:33:56,887 - INFO - HTTP Request: POST http://localhost:8001/v1/chat/completions "HTTP/1.1 200 OK"

2026-08-18 04:34:02,980 - INFO - HTTP Request: POST http://localhost:8001/v1/chat/completions "HTTP/1.1 200 OK"
2026-08-18 04:34:03,198 - INFO - HTTP Request: POST http://localhost:8001/v1/chat/completions "HTTP/1.1 200 OK"

r5_cfg1:  18%|█▊        | 9/50 [17:10<1:32:10, 134.88s/it]2026-08-18 04:34:14,218 - INFO - HTTP Request: POST http://localhost:8001/v1/chat/completions "HTTP/1.1 200 OK"

r5_cfg1:  20%|██        | 10/50 [17:21<1:04:25, 96.64s/it]2026-08-18 04:34:15,305 - INFO - HTTP Request: POST http://localhost:8001/v1/chat/completions "HTTP/1.1 200 OK"
2026-08-18 04:34:25,618 - INFO - HTTP Request: POST http://localhost:8001/v1/chat/completions "HTTP/1.1 200 OK"
2026-08-18 04:34:27,450 - INFO - HTTP Request: POST http://localhost:8001/v1/chat/completions "HTTP/1.1 200 OK"

r5_cfg1:  22%|██▏       | 11/50 [17:34<46:13, 71.11s/it]  2026-08-18 04:34:29,844 - INFO - HTTP Request: POST http://localhost:8001/v1/chat/completions "HTTP/1.1 200 OK"
2026-08-18 04:34:36,954 - INFO - HTTP Request: POST http://localhost:8001/v1/chat/completions "HTTP/1.1 200 OK"
2026-08-18 04:34:39,064 - INFO - HTTP Request: POST http://localhost:8001/v1/chat/completions "HTTP/1.1 200 OK"

2026-08-18 04:34:43,855 - INFO - HTTP Request: POST http://localhost:8001/v1/chat/completions "HTTP/1.1 200 OK"

r5_cfg1:  24%|██▍       | 12/50 [17:50<34:29, 54.47s/it]2026-08-18 04:34:50,158 - INFO - HTTP Request: POST http://localhost:8001/v1/chat/completions "HTTP/1.1 200 OK"
2026-08-18 04:34:53,958 - INFO - HTTP Request: POST http://localhost:8001/v1/chat/completions "HTTP/1.1 200 OK"

2026-08-18 04:35:03,086 - INFO - HTTP Request: POST http://localhost:8001/v1/chat/completions "HTTP/1.1 200 OK"

2026-08-18 04:35:05,474 - INFO - HTTP Request: POST http://localhost:8001/v1/chat/completions "HTTP/1.1 200 OK"
2026-08-18 04:35:06,437 - INFO - HTTP Request: POST http://localhost:8001/v1/chat/completions "HTTP/1.1 200 OK"
2026-08-18 04:35:18,707 - INFO - HTTP Request: POST http://localhost:8001/v1/chat/completions "HTTP/1.1 200 OK"

2026-08-18 04:35:19,579 - INFO - HTTP Request: POST http://localhost:8001/v1/chat/completions "HTTP/1.1 200 OK"

2026-08-18 04:35:20,664 - INFO - HTTP Request: POST http://localhost:8001/v1/chat/completions "HTTP/1.1 200 OK"
2026-08-18 04:35:29,939 - INFO - HTTP Request: POST http://localhost:8001/v1/chat/completions "HTTP/1.1 200 OK"
2026-08-18 04:35:31,890 - INFO - HTTP Request: POST http://localhost:8001/v1/chat/completions "HTTP/1.1 200 OK"

2026-08-18 04:35:40,799 - INFO - HTTP Request: POST http://localhost:8001/v1/chat/completions "HTTP/1.1 200 OK"

2026-08-18 04:35:44,705 - INFO - HTTP Request: POST http://localhost:8001/v1/chat/completions "HTTP/1.1 200 OK"
2026-08-18 04:35:45,885 - INFO - HTTP Request: POST http://localhost:8001/v1/chat/completions "HTTP/1.1 200 OK"
2026-08-18 04:35:55,770 - INFO - HTTP Request: POST http://localhost:8001/v1/chat/completions "HTTP/1.1 200 OK"
2026-08-18 04:35:57,229 - INFO - HTTP Request: POST http://localhost:8001/v1/chat/completions "HTTP/1.1 200 OK"

2026-08-18 04:35:58,102 - INFO - HTTP Request: POST http://localhost:8001/v1/chat/completions "HTTP/1.1 200 OK"

2026-08-18 04:36:06,148 - INFO - HTTP Request: POST http://localhost:8001/v1/chat/completions "HTTP/1.1 200 OK"
2026-08-18 04:36:10,212 - INFO - HTTP Request: POST http://localhost:8001/v1/chat/completions "HTTP/1.1 200 OK"

2026-08-18 04:36:18,695 - INFO - HTTP Request: POST http://localhost:8001/v1/chat/completions "HTTP/1.1 200 OK"

2026-08-18 04:36:20,872 - INFO - HTTP Request: POST http://localhost:8001/v1/chat/completions "HTTP/1.1 200 OK"
2026-08-18 04:36:22,272 - INFO - HTTP Request: POST http://localhost:8001/v1/chat/completions "HTTP/1.1 200 OK"
2026-08-18 04:36:31,932 - INFO - HTTP Request: POST http://localhost:8001/v1/chat/completions "HTTP/1.1 200 OK"

2026-08-18 04:36:34,331 - INFO - HTTP Request: POST http://localhost:8001/v1/chat/completions "HTTP/1.1 200 OK"
2026-08-18 04:36:35,065 - INFO - HTTP Request: POST http://localhost:8001/v1/chat/completions "HTTP/1.1 200 OK"

2026-08-18 04:36:43,129 - INFO - HTTP Request: POST http://localhost:8001/v1/chat/completions "HTTP/1.1 200 OK"
2026-08-18 04:36:48,010 - INFO - HTTP Request: POST http://localhost:8001/v1/chat/completions "HTTP/1.1 200 OK"

2026-08-18 04:36:55,190 - INFO - HTTP Request: POST http://localhost:8001/v1/chat/completions "HTTP/1.1 200 OK"
2026-08-18 04:36:56,155 - INFO - HTTP Request: POST http://localhost:8001/v1/chat/completions "HTTP/1.1 200 OK"

2026-08-18 04:36:57,031 - INFO - HTTP Request: POST http://localhost:8001/v1/chat/completions "HTTP/1.1 200 OK"
2026-08-18 04:37:04,731 - INFO - HTTP Request: POST http://localhost:8001/v1/chat/completions "HTTP/1.1 200 OK"

2026-08-18 04:37:08,428 - INFO - HTTP Request: POST http://localhost:8001/v1/chat/completions "HTTP/1.1 200 OK"
2026-08-18 04:37:10,969 - INFO - HTTP Request: POST http://localhost:8001/v1/chat/completions "HTTP/1.1 200 OK"

2026-08-18 04:37:16,628 - INFO - HTTP Request: POST http://localhost:8001/v1/chat/completions "HTTP/1.1 200 OK"
2026-08-18 04:37:20,692 - INFO - HTTP Request: POST http://localhost:8001/v1/chat/completions "HTTP/1.1 200 OK"

2026-08-18 04:37:28,299 - INFO - HTTP Request: POST http://localhost:8001/v1/chat/completions "HTTP/1.1 200 OK"

2026-08-18 04:37:30,687 - INFO - HTTP Request: POST http://localhost:8001/v1/chat/completions "HTTP/1.1 200 OK"
2026-08-18 04:37:34,474 - INFO - HTTP Request: POST http://localhost:8001/v1/chat/completions "HTTP/1.1 200 OK"
2026-08-18 04:37:41,956 - INFO - HTTP Request: POST http://localhost:8001/v1/chat/completions "HTTP/1.1 200 OK"

2026-08-18 04:37:48,908 - INFO - HTTP Request: POST http://localhost:8001/v1/chat/completions "HTTP/1.1 200 OK"

2026-08-18 04:37:49,994 - INFO - HTTP Request: POST http://localhost:8001/v1/chat/completions "HTTP/1.1 200 OK"
2026-08-18 04:37:57,914 - INFO - HTTP Request: POST http://localhost:8001/v1/chat/completions "HTTP/1.1 200 OK"
2026-08-18 04:38:01,272 - INFO - HTTP Request: POST http://localhost:8001/v1/chat/completions "HTTP/1.1 200 OK"

2026-08-18 04:38:08,228 - INFO - HTTP Request: POST http://localhost:8001/v1/chat/completions "HTTP/1.1 200 OK"

2026-08-18 04:38:09,531 - INFO - HTTP Request: POST http://localhost:8001/v1/chat/completions "HTTP/1.1 200 OK"
2026-08-18 04:38:11,580 - INFO - HTTP Request: POST http://localhost:8001/v1/chat/completions "HTTP/1.1 200 OK"
2026-08-18 04:38:21,457 - INFO - HTTP Request: POST http://localhost:8001/v1/chat/completions "HTTP/1.1 200 OK"

2026-08-18 04:38:21,892 - INFO - HTTP Request: POST http://localhost:8001/v1/chat/completions "HTTP/1.1 200 OK"
2026-08-18 04:38:23,349 - INFO - HTTP Request: POST http://localhost:8001/v1/chat/completions "HTTP/1.1 200 OK"

2026-08-18 04:38:29,219 - INFO - HTTP Request: POST http://localhost:8001/v1/chat/completions "HTTP/1.1 200 OK"
2026-08-18 04:38:39,383 - INFO - HTTP Request: POST http://localhost:8001/v1/chat/completions "HTTP/1.1 200 OK"

2026-08-18 04:38:43,733 - INFO - HTTP Request: POST http://localhost:8001/v1/chat/completions "HTTP/1.1 200 OK"
2026-08-18 04:38:46,443 - INFO - HTTP Request: POST http://localhost:8001/v1/chat/completions "HTTP/1.1 200 OK"

2026-08-18 04:38:51,659 - INFO - HTTP Request: POST http://localhost:8001/v1/chat/completions "HTTP/1.1 200 OK"
2026-08-18 04:39:04,814 - INFO - HTTP Request: POST http://localhost:8001/v1/chat/completions "HTTP/1.1 200 OK"

2026-08-18 04:39:09,172 - INFO - HTTP Request: POST http://localhost:8001/v1/chat/completions "HTTP/1.1 200 OK"
2026-08-18 04:39:09,173 - INFO - HTTP Request: POST http://localhost:8001/v1/chat/completions "HTTP/1.1 200 OK"

2026-08-18 04:39:16,277 - INFO - HTTP Request: POST http://localhost:8001/v1/chat/completions "HTTP/1.1 200 OK"
2026-08-18 04:39:24,913 - INFO - HTTP Request: POST http://localhost:8001/v1/chat/completions "HTTP/1.1 200 OK"

2026-08-18 04:39:26,663 - INFO - HTTP Request: POST http://localhost:8001/v1/chat/completions "HTTP/1.1 200 OK"

2026-08-18 04:39:33,183 - INFO - HTTP Request: POST http://localhost:8001/v1/chat/completions "HTTP/1.1 200 OK"
2026-08-18 04:39:39,497 - INFO - HTTP Request: POST http://localhost:8001/v1/chat/completions "HTTP/1.1 200 OK"
2026-08-18 04:39:50,476 - INFO - HTTP Request: POST http://localhost:8001/v1/chat/completions "HTTP/1.1 200 OK"

r5_cfg1:  26%|██▌       | 13/50 [22:57<1:20:41, 130.86s/it]2026-08-18 04:39:51,784 - INFO - HTTP Request: POST http://localhost:8001/v1/chat/completions "HTTP/1.1 200 OK"

2026-08-18 04:39:57,654 - INFO - HTTP Request: POST http://localhost:8001/v1/chat/completions "HTTP/1.1 200 OK"
2026-08-18 04:39:59,758 - INFO - HTTP Request: POST http://localhost:8001/v1/chat/completions "HTTP/1.1 200 OK"
2026-08-18 04:40:10,792 - INFO - HTTP Request: POST http://localhost:8001/v1/chat/completions "HTTP/1.1 200 OK"

2026-08-18 04:40:10,793 - INFO - HTTP Request: POST http://localhost:8001/v1/chat/completions "HTTP/1.1 200 OK"
r5_cfg1:  28%|██▊       | 14/50 [23:17<58:28, 97.47s/it]   
r5_cfg1:  30%|███       | 15/50 [23:18<39:46, 68.17s/it]2026-08-18 04:40:13,180 - INFO - HTTP Request: POST http://localhost:8001/v1/chat/completions "HTTP/1.1 200 OK"
2026-08-18 04:40:24,847 - INFO - HTTP Request: POST http://localhost:8001/v1/chat/completions "HTTP/1.1 200 OK"
2026-08-18 04:40:25,562 - INFO - HTTP Request: POST http://localhost:8001/v1/chat/completions "HTTP/1.1 200 OK"

2026-08-18 04:40:33,635 - INFO - HTTP Request: POST http://localhost:8001/v1/chat/completions "HTTP/1.1 200 OK"
2026-08-18 04:40:33,852 - INFO - HTTP Request: POST http://localhost:8001/v1/chat/completions "HTTP/1.1 200 OK"
2026-08-18 04:40:37,747 - INFO - HTTP Request: POST http://localhost:8001/v1/chat/completions "HTTP/1.1 200 OK"

r5_cfg1:  32%|███▏      | 16/50 [23:44<31:33, 55.68s/it]2026-08-18 04:40:43,405 - INFO - HTTP Request: POST http://localhost:8001/v1/chat/completions "HTTP/1.1 200 OK"

2026-08-18 04:40:45,579 - INFO - HTTP Request: POST http://localhost:8001/v1/chat/completions "HTTP/1.1 200 OK"

2026-08-18 04:40:52,302 - INFO - HTTP Request: POST http://localhost:8001/v1/chat/completions "HTTP/1.1 200 OK"
2026-08-18 04:41:00,057 - INFO - HTTP Request: POST http://localhost:8001/v1/chat/completions "HTTP/1.1 200 OK"
2026-08-18 04:41:03,417 - INFO - HTTP Request: POST http://localhost:8001/v1/chat/completions "HTTP/1.1 200 OK"

2026-08-18 04:41:10,153 - INFO - HTTP Request: POST http://localhost:8001/v1/chat/completions "HTTP/1.1 200 OK"
2026-08-18 04:41:11,992 - INFO - HTTP Request: POST http://localhost:8001/v1/chat/completions "HTTP/1.1 200 OK"

2026-08-18 04:41:12,647 - INFO - HTTP Request: POST http://localhost:8001/v1/chat/completions "HTTP/1.1 200 OK"
2026-08-18 04:41:24,107 - INFO - HTTP Request: POST http://localhost:8001/v1/chat/completions "HTTP/1.1 200 OK"

2026-08-18 04:41:25,197 - INFO - HTTP Request: POST http://localhost:8001/v1/chat/completions "HTTP/1.1 200 OK"

2026-08-18 04:41:28,452 - INFO - HTTP Request: POST http://localhost:8001/v1/chat/completions "HTTP/1.1 200 OK"
2026-08-18 04:41:38,815 - INFO - HTTP Request: POST http://localhost:8001/v1/chat/completions "HTTP/1.1 200 OK"
2026-08-18 04:41:39,837 - INFO - HTTP Request: POST http://localhost:8001/v1/chat/completions "HTTP/1.1 200 OK"

2026-08-18 04:41:49,188 - INFO - HTTP Request: POST http://localhost:8001/v1/chat/completions "HTTP/1.1 200 OK"
2026-08-18 04:41:50,594 - INFO - HTTP Request: POST http://localhost:8001/v1/chat/completions "HTTP/1.1 200 OK"
2026-08-18 04:41:54,399 - INFO - HTTP Request: POST http://localhost:8001/v1/chat/completions "HTTP/1.1 200 OK"

2026-08-18 04:42:03,757 - INFO - HTTP Request: POST http://localhost:8001/v1/chat/completions "HTTP/1.1 200 OK"

2026-08-18 04:42:03,974 - INFO - HTTP Request: POST http://localhost:8001/v1/chat/completions "HTTP/1.1 200 OK"
2026-08-18 04:42:05,866 - INFO - HTTP Request: POST http://localhost:8001/v1/chat/completions "HTTP/1.1 200 OK"

2026-08-18 04:42:16,736 - INFO - HTTP Request: POST http://localhost:8001/v1/chat/completions "HTTP/1.1 200 OK"

2026-08-18 04:42:19,131 - INFO - HTTP Request: POST http://localhost:8001/v1/chat/completions "HTTP/1.1 200 OK"
2026-08-18 04:42:28,571 - INFO - HTTP Request: POST http://localhost:8001/v1/chat/completions "HTTP/1.1 200 OK"
2026-08-18 04:42:30,409 - INFO - HTTP Request: POST http://localhost:8001/v1/chat/completions "HTTP/1.1 200 OK"
2026-08-18 04:42:31,142 - INFO - HTTP Request: POST http://localhost:8001/v1/chat/completions "HTTP/1.1 200 OK"

2026-08-18 04:42:37,101 - INFO - HTTP Request: POST http://localhost:8001/v1/chat/completions "HTTP/1.1 200 OK"
2026-08-18 04:42:41,826 - INFO - HTTP Request: POST http://localhost:8001/v1/chat/completions "HTTP/1.1 200 OK"

2026-08-18 04:42:43,359 - INFO - HTTP Request: POST http://localhost:8001/v1/chat/completions "HTTP/1.1 200 OK"

2026-08-18 04:42:48,581 - INFO - HTTP Request: POST http://localhost:8001/v1/chat/completions "HTTP/1.1 200 OK"

2026-08-18 04:42:55,524 - INFO - HTTP Request: POST http://localhost:8001/v1/chat/completions "HTTP/1.1 200 OK"
2026-08-18 04:43:01,485 - INFO - HTTP Request: POST http://localhost:8001/v1/chat/completions "HTTP/1.1 200 OK"
2026-08-18 04:43:03,810 - INFO - HTTP Request: POST http://localhost:8001/v1/chat/completions "HTTP/1.1 200 OK"
2026-08-18 04:43:08,921 - INFO - HTTP Request: POST http://localhost:8001/v1/chat/completions "HTTP/1.1 200 OK"

2026-08-18 04:43:12,194 - INFO - HTTP Request: POST http://localhost:8001/v1/chat/completions "HTTP/1.1 200 OK"

2026-08-18 04:43:14,587 - INFO - HTTP Request: POST http://localhost:8001/v1/chat/completions "HTTP/1.1 200 OK"

2026-08-18 04:43:18,276 - INFO - HTTP Request: POST http://localhost:8001/v1/chat/completions "HTTP/1.1 200 OK"
2026-08-18 04:43:28,635 - INFO - HTTP Request: POST http://localhost:8001/v1/chat/completions "HTTP/1.1 200 OK"
2026-08-18 04:43:32,700 - INFO - HTTP Request: POST http://localhost:8001/v1/chat/completions "HTTP/1.1 200 OK"

2026-08-18 04:43:38,136 - INFO - HTTP Request: POST http://localhost:8001/v1/chat/completions "HTTP/1.1 200 OK"

2026-08-18 04:43:41,609 - INFO - HTTP Request: POST http://localhost:8001/v1/chat/completions "HTTP/1.1 200 OK"
2026-08-18 04:43:44,311 - INFO - HTTP Request: POST http://localhost:8001/v1/chat/completions "HTTP/1.1 200 OK"
2026-08-18 04:43:53,329 - INFO - HTTP Request: POST http://localhost:8001/v1/chat/completions "HTTP/1.1 200 OK"
2026-08-18 04:43:56,532 - INFO - HTTP Request: POST http://localhost:8001/v1/chat/completions "HTTP/1.1 200 OK"

2026-08-18 04:43:58,059 - INFO - HTTP Request: POST http://localhost:8001/v1/chat/completions "HTTP/1.1 200 OK"

2026-08-18 04:44:03,060 - INFO - HTTP Request: POST http://localhost:8001/v1/chat/completions "HTTP/1.1 200 OK"

2026-08-18 04:44:07,835 - INFO - HTTP Request: POST http://localhost:8001/v1/chat/completions "HTTP/1.1 200 OK"
2026-08-18 04:44:16,840 - INFO - HTTP Request: POST http://localhost:8001/v1/chat/completions "HTTP/1.1 200 OK"
2026-08-18 04:44:18,730 - INFO - HTTP Request: POST http://localhost:8001/v1/chat/completions "HTTP/1.1 200 OK"
2026-08-18 04:44:21,878 - INFO - HTTP Request: POST http://localhost:8001/v1/chat/completions "HTTP/1.1 200 OK"

2026-08-18 04:44:30,803 - INFO - HTTP Request: POST http://localhost:8001/v1/chat/completions "HTTP/1.1 200 OK"

2026-08-18 04:44:31,237 - INFO - HTTP Request: POST http://localhost:8001/v1/chat/completions "HTTP/1.1 200 OK"

2026-08-18 04:44:33,195 - INFO - HTTP Request: POST http://localhost:8001/v1/chat/completions "HTTP/1.1 200 OK"
2026-08-18 04:44:42,260 - INFO - HTTP Request: POST http://localhost:8001/v1/chat/completions "HTTP/1.1 200 OK"
2026-08-18 04:44:48,672 - INFO - HTTP Request: POST http://localhost:8001/v1/chat/completions "HTTP/1.1 200 OK"

2026-08-18 04:44:53,247 - INFO - HTTP Request: POST http://localhost:8001/v1/chat/completions "HTTP/1.1 200 OK"

2026-08-18 04:45:00,628 - INFO - HTTP Request: POST http://localhost:8001/v1/chat/completions "HTTP/1.1 200 OK"
2026-08-18 04:45:01,360 - INFO - HTTP Request: POST http://localhost:8001/v1/chat/completions "HTTP/1.1 200 OK"
2026-08-18 04:45:13,450 - INFO - HTTP Request: POST http://localhost:8001/v1/chat/completions "HTTP/1.1 200 OK"

2026-08-18 04:45:21,287 - INFO - HTTP Request: POST http://localhost:8001/v1/chat/completions "HTTP/1.1 200 OK"
2026-08-18 04:45:23,401 - INFO - HTTP Request: POST http://localhost:8001/v1/chat/completions "HTTP/1.1 200 OK"
2026-08-18 04:45:26,117 - INFO - HTTP Request: POST http://localhost:8001/v1/chat/completions "HTTP/1.1 200 OK"

2026-08-18 04:45:35,487 - INFO - HTTP Request: POST http://localhost:8001/v1/chat/completions "HTTP/1.1 200 OK"

r5_cfg1:  34%|███▍      | 17/50 [28:42<1:10:39, 128.47s/it]2026-08-18 04:45:38,098 - INFO - HTTP Request: POST http://localhost:8001/v1/chat/completions "HTTP/1.1 200 OK"

2026-08-18 04:45:46,138 - INFO - HTTP Request: POST http://localhost:8001/v1/chat/completions "HTTP/1.1 200 OK"
2026-08-18 04:45:57,366 - INFO - HTTP Request: POST http://localhost:8001/v1/chat/completions "HTTP/1.1 200 OK"

r5_cfg1:  36%|███▌      | 18/50 [29:04<51:26, 96.44s/it]   2026-08-18 04:45:57,801 - INFO - HTTP Request: POST http://localhost:8001/v1/chat/completions "HTTP/1.1 200 OK"
2026-08-18 04:45:58,766 - INFO - HTTP Request: POST http://localhost:8001/v1/chat/completions "HTTP/1.1 200 OK"
2026-08-18 04:46:11,096 - INFO - HTTP Request: POST http://localhost:8001/v1/chat/completions "HTTP/1.1 200 OK"
2026-08-18 04:46:11,100 - INFO - HTTP Request: POST http://localhost:8001/v1/chat/completions "HTTP/1.1 200 OK"

2026-08-18 04:46:13,639 - INFO - HTTP Request: POST http://localhost:8001/v1/chat/completions "HTTP/1.1 200 OK"

r5_cfg1:  38%|███▊      | 19/50 [29:20<37:23, 72.36s/it]2026-08-18 04:46:20,375 - INFO - HTTP Request: POST http://localhost:8001/v1/chat/completions "HTTP/1.1 200 OK"
2026-08-18 04:46:21,782 - INFO - HTTP Request: POST http://localhost:8001/v1/chat/completions "HTTP/1.1 200 OK"

r5_cfg1:  40%|████      | 20/50 [29:28<26:32, 53.08s/it]2026-08-18 04:46:31,127 - INFO - HTTP Request: POST http://localhost:8001/v1/chat/completions "HTTP/1.1 200 OK"

2026-08-18 04:46:35,901 - INFO - HTTP Request: POST http://localhost:8001/v1/chat/completions "HTTP/1.1 200 OK"
2026-08-18 04:46:38,166 - INFO - HTTP Request: POST http://localhost:8001/v1/chat/completions "HTTP/1.1 200 OK"
2026-08-18 04:46:44,356 - INFO - HTTP Request: POST http://localhost:8001/v1/chat/completions "HTTP/1.1 200 OK"
2026-08-18 04:46:47,939 - INFO - HTTP Request: POST http://localhost:8001/v1/chat/completions "HTTP/1.1 200 OK"

2026-08-18 04:46:51,422 - INFO - HTTP Request: POST http://localhost:8001/v1/chat/completions "HTTP/1.1 200 OK"

2026-08-18 04:46:54,248 - INFO - HTTP Request: POST http://localhost:8001/v1/chat/completions "HTTP/1.1 200 OK"

2026-08-18 04:46:58,155 - INFO - HTTP Request: POST http://localhost:8001/v1/chat/completions "HTTP/1.1 200 OK"
2026-08-18 04:47:13,080 - INFO - HTTP Request: POST http://localhost:8001/v1/chat/completions "HTTP/1.1 200 OK"

2026-08-18 04:47:14,384 - INFO - HTTP Request: POST http://localhost:8001/v1/chat/completions "HTTP/1.1 200 OK"
2026-08-18 04:47:16,438 - INFO - HTTP Request: POST http://localhost:8001/v1/chat/completions "HTTP/1.1 200 OK"
2026-08-18 04:47:21,321 - INFO - HTTP Request: POST http://localhost:8001/v1/chat/completions "HTTP/1.1 200 OK"
2026-08-18 04:47:30,569 - INFO - HTTP Request: POST http://localhost:8001/v1/chat/completions "HTTP/1.1 200 OK"

2026-08-18 04:47:30,787 - INFO - HTTP Request: POST http://localhost:8001/v1/chat/completions "HTTP/1.1 200 OK"

2026-08-18 04:47:35,360 - INFO - HTTP Request: POST http://localhost:8001/v1/chat/completions "HTTP/1.1 200 OK"

2026-08-18 04:47:38,398 - INFO - HTTP Request: POST http://localhost:8001/v1/chat/completions "HTTP/1.1 200 OK"
2026-08-18 04:47:50,934 - INFO - HTTP Request: POST http://localhost:8001/v1/chat/completions "HTTP/1.1 200 OK"

2026-08-18 04:47:54,631 - INFO - HTTP Request: POST http://localhost:8001/v1/chat/completions "HTTP/1.1 200 OK"
2026-08-18 04:47:55,590 - INFO - HTTP Request: POST http://localhost:8001/v1/chat/completions "HTTP/1.1 200 OK"
2026-08-18 04:48:00,688 - INFO - HTTP Request: POST http://localhost:8001/v1/chat/completions "HTTP/1.1 200 OK"
2026-08-18 04:48:07,974 - INFO - HTTP Request: POST http://localhost:8001/v1/chat/completions "HTTP/1.1 200 OK"

2026-08-18 04:48:10,812 - INFO - HTTP Request: POST http://localhost:8001/v1/chat/completions "HTTP/1.1 200 OK"

2026-08-18 04:48:11,029 - INFO - HTTP Request: POST http://localhost:8001/v1/chat/completions "HTTP/1.1 200 OK"

2026-08-18 04:48:15,806 - INFO - HTTP Request: POST http://localhost:8001/v1/chat/completions "HTTP/1.1 200 OK"
2026-08-18 04:48:27,635 - INFO - HTTP Request: POST http://localhost:8001/v1/chat/completions "HTTP/1.1 200 OK"
2026-08-18 04:48:28,720 - INFO - HTTP Request: POST http://localhost:8001/v1/chat/completions "HTTP/1.1 200 OK"

2026-08-18 04:48:35,461 - INFO - HTTP Request: POST http://localhost:8001/v1/chat/completions "HTTP/1.1 200 OK"
2026-08-18 04:48:35,679 - INFO - HTTP Request: POST http://localhost:8001/v1/chat/completions "HTTP/1.1 200 OK"
2026-08-18 04:48:43,052 - INFO - HTTP Request: POST http://localhost:8001/v1/chat/completions "HTTP/1.1 200 OK"

2026-08-18 04:48:48,494 - INFO - HTTP Request: POST http://localhost:8001/v1/chat/completions "HTTP/1.1 200 OK"

2026-08-18 04:48:48,495 - INFO - HTTP Request: POST http://localhost:8001/v1/chat/completions "HTTP/1.1 200 OK"

2026-08-18 04:48:49,155 - INFO - HTTP Request: POST http://localhost:8001/v1/chat/completions "HTTP/1.1 200 OK"
2026-08-18 04:49:00,601 - INFO - HTTP Request: POST http://localhost:8001/v1/chat/completions "HTTP/1.1 200 OK"

2026-08-18 04:49:08,630 - INFO - HTTP Request: POST http://localhost:8001/v1/chat/completions "HTTP/1.1 200 OK"
2026-08-18 04:49:08,631 - INFO - HTTP Request: POST http://localhost:8001/v1/chat/completions "HTTP/1.1 200 OK"
2026-08-18 04:49:12,776 - INFO - HTTP Request: POST http://localhost:8001/v1/chat/completions "HTTP/1.1 200 OK"
2026-08-18 04:49:19,616 - INFO - HTTP Request: POST http://localhost:8001/v1/chat/completions "HTTP/1.1 200 OK"

2026-08-18 04:49:20,925 - INFO - HTTP Request: POST http://localhost:8001/v1/chat/completions "HTTP/1.1 200 OK"

2026-08-18 04:49:28,097 - INFO - HTTP Request: POST http://localhost:8001/v1/chat/completions "HTTP/1.1 200 OK"

2026-08-18 04:49:30,268 - INFO - HTTP Request: POST http://localhost:8001/v1/chat/completions "HTTP/1.1 200 OK"
2026-08-18 04:49:44,272 - INFO - HTTP Request: POST http://localhost:8001/v1/chat/completions "HTTP/1.1 200 OK"

2026-08-18 04:49:48,397 - INFO - HTTP Request: POST http://localhost:8001/v1/chat/completions "HTTP/1.1 200 OK"
2026-08-18 04:49:48,614 - INFO - HTTP Request: POST http://localhost:8001/v1/chat/completions "HTTP/1.1 200 OK"
2026-08-18 04:49:50,543 - INFO - HTTP Request: POST http://localhost:8001/v1/chat/completions "HTTP/1.1 200 OK"
2026-08-18 04:50:01,964 - INFO - HTTP Request: POST http://localhost:8001/v1/chat/completions "HTTP/1.1 200 OK"

2026-08-18 04:50:05,232 - INFO - HTTP Request: POST http://localhost:8001/v1/chat/completions "HTTP/1.1 200 OK"
2026-08-18 04:50:05,450 - INFO - HTTP Request: POST http://localhost:8001/v1/chat/completions "HTTP/1.1 200 OK"

2026-08-18 04:50:07,125 - INFO - HTTP Request: POST http://localhost:8001/v1/chat/completions "HTTP/1.1 200 OK"

2026-08-18 04:50:20,168 - INFO - HTTP Request: POST http://localhost:8001/v1/chat/completions "HTTP/1.1 200 OK"

2026-08-18 04:50:22,339 - INFO - HTTP Request: POST http://localhost:8001/v1/chat/completions "HTTP/1.1 200 OK"
2026-08-18 04:50:26,134 - INFO - HTTP Request: POST http://localhost:8001/v1/chat/completions "HTTP/1.1 200 OK"
2026-08-18 04:50:36,895 - INFO - HTTP Request: POST http://localhost:8001/v1/chat/completions "HTTP/1.1 200 OK"
2026-08-18 04:50:40,260 - INFO - HTTP Request: POST http://localhost:8001/v1/chat/completions "HTTP/1.1 200 OK"

2026-08-18 04:50:42,657 - INFO - HTTP Request: POST http://localhost:8001/v1/chat/completions "HTTP/1.1 200 OK"

2026-08-18 04:50:50,267 - INFO - HTTP Request: POST http://localhost:8001/v1/chat/completions "HTTP/1.1 200 OK"
2026-08-18 04:50:50,485 - INFO - HTTP Request: POST http://localhost:8001/v1/chat/completions "HTTP/1.1 200 OK"

2026-08-18 04:51:01,295 - INFO - HTTP Request: POST http://localhost:8001/v1/chat/completions "HTTP/1.1 200 OK"

2026-08-18 04:51:09,768 - INFO - HTTP Request: POST http://localhost:8001/v1/chat/completions "HTTP/1.1 200 OK"
2026-08-18 04:51:12,476 - INFO - HTTP Request: POST http://localhost:8001/v1/chat/completions "HTTP/1.1 200 OK"
2026-08-18 04:51:21,060 - INFO - HTTP Request: POST http://localhost:8001/v1/chat/completions "HTTP/1.1 200 OK"

2026-08-18 04:51:23,460 - INFO - HTTP Request: POST http://localhost:8001/v1/chat/completions "HTTP/1.1 200 OK"
2026-08-18 04:51:32,267 - INFO - HTTP Request: POST http://localhost:8001/v1/chat/completions "HTTP/1.1 200 OK"

2026-08-18 04:51:34,233 - INFO - HTTP Request: POST http://localhost:8001/v1/chat/completions "HTTP/1.1 200 OK"
2026-08-18 04:51:36,559 - INFO - HTTP Request: POST http://localhost:8001/v1/chat/completions "HTTP/1.1 200 OK"

r5_cfg1:  42%|████▏     | 21/50 [34:43<1:03:37, 131.63s/it]2026-08-18 04:51:47,208 - INFO - HTTP Request: POST http://localhost:8001/v1/chat/completions "HTTP/1.1 200 OK"

r5_cfg1:  44%|████▍     | 22/50 [34:54<44:29, 95.32s/it]   2026-08-18 04:51:53,723 - INFO - HTTP Request: POST http://localhost:8001/v1/chat/completions "HTTP/1.1 200 OK"
2026-08-18 04:51:58,599 - INFO - HTTP Request: POST http://localhost:8001/v1/chat/completions "HTTP/1.1 200 OK"
2026-08-18 04:52:04,978 - INFO - HTTP Request: POST http://localhost:8001/v1/chat/completions "HTTP/1.1 200 OK"
2026-08-18 04:52:07,906 - INFO - HTTP Request: POST http://localhost:8001/v1/chat/completions "HTTP/1.1 200 OK"

r5_cfg1:  46%|████▌     | 23/50 [35:15<32:49, 72.93s/it]2026-08-18 04:52:09,866 - INFO - HTTP Request: POST http://localhost:8001/v1/chat/completions "HTTP/1.1 200 OK"
2026-08-18 04:52:11,757 - INFO - HTTP Request: POST http://localhost:8001/v1/chat/completions "HTTP/1.1 200 OK"

2026-08-18 04:52:18,507 - INFO - HTTP Request: POST http://localhost:8001/v1/chat/completions "HTTP/1.1 200 OK"

r5_cfg1:  48%|████▊     | 24/50 [35:25<23:29, 54.23s/it]2026-08-18 04:52:24,156 - INFO - HTTP Request: POST http://localhost:8001/v1/chat/completions "HTTP/1.1 200 OK"

2026-08-18 04:52:30,231 - INFO - HTTP Request: POST http://localhost:8001/v1/chat/completions "HTTP/1.1 200 OK"
2026-08-18 04:52:38,143 - INFO - HTTP Request: POST http://localhost:8001/v1/chat/completions "HTTP/1.1 200 OK"
2026-08-18 04:52:40,825 - INFO - HTTP Request: POST http://localhost:8001/v1/chat/completions "HTTP/1.1 200 OK"
2026-08-18 04:52:43,967 - INFO - HTTP Request: POST http://localhost:8001/v1/chat/completions "HTTP/1.1 200 OK"

2026-08-18 04:52:50,925 - INFO - HTTP Request: POST http://localhost:8001/v1/chat/completions "HTTP/1.1 200 OK"
2026-08-18 04:52:54,996 - INFO - HTTP Request: POST http://localhost:8001/v1/chat/completions "HTTP/1.1 200 OK"

2026-08-18 04:52:55,430 - INFO - HTTP Request: POST http://localhost:8001/v1/chat/completions "HTTP/1.1 200 OK"

2026-08-18 04:53:03,907 - INFO - HTTP Request: POST http://localhost:8001/v1/chat/completions "HTTP/1.1 200 OK"

2026-08-18 04:53:10,199 - INFO - HTTP Request: POST http://localhost:8001/v1/chat/completions "HTTP/1.1 200 OK"
2026-08-18 04:53:20,185 - INFO - HTTP Request: POST http://localhost:8001/v1/chat/completions "HTTP/1.1 200 OK"
2026-08-18 04:53:21,563 - INFO - HTTP Request: POST http://localhost:8001/v1/chat/completions "HTTP/1.1 200 OK"
2026-08-18 04:53:24,104 - INFO - HTTP Request: POST http://localhost:8001/v1/chat/completions "HTTP/1.1 200 OK"

2026-08-18 04:53:29,107 - INFO - HTTP Request: POST http://localhost:8001/v1/chat/completions "HTTP/1.1 200 OK"
2026-08-18 04:53:31,434 - INFO - HTTP Request: POST http://localhost:8001/v1/chat/completions "HTTP/1.1 200 OK"

2026-08-18 04:53:35,143 - INFO - HTTP Request: POST http://localhost:8001/v1/chat/completions "HTTP/1.1 200 OK"

2026-08-18 04:53:43,400 - INFO - HTTP Request: POST http://localhost:8001/v1/chat/completions "HTTP/1.1 200 OK"

2026-08-18 04:53:48,832 - INFO - HTTP Request: POST http://localhost:8001/v1/chat/completions "HTTP/1.1 200 OK"
2026-08-18 04:53:55,883 - INFO - HTTP Request: POST http://localhost:8001/v1/chat/completions "HTTP/1.1 200 OK"
2026-08-18 04:53:59,940 - INFO - HTTP Request: POST http://localhost:8001/v1/chat/completions "HTTP/1.1 200 OK"
2026-08-18 04:54:07,660 - INFO - HTTP Request: POST http://localhost:8001/v1/chat/completions "HTTP/1.1 200 OK"
2026-08-18 04:54:08,899 - INFO - HTTP Request: POST http://localhost:8001/v1/chat/completions "HTTP/1.1 200 OK"

2026-08-18 04:54:10,433 - INFO - HTTP Request: POST http://localhost:8001/v1/chat/completions "HTTP/1.1 200 OK"

2026-08-18 04:54:13,489 - INFO - HTTP Request: POST http://localhost:8001/v1/chat/completions "HTTP/1.1 200 OK"

2026-08-18 04:54:20,448 - INFO - HTTP Request: POST http://localhost:8001/v1/chat/completions "HTTP/1.1 200 OK"

2026-08-18 04:54:28,699 - INFO - HTTP Request: POST http://localhost:8001/v1/chat/completions "HTTP/1.1 200 OK"
2026-08-18 04:54:34,419 - INFO - HTTP Request: POST http://localhost:8001/v1/chat/completions "HTTP/1.1 200 OK"
2026-08-18 04:54:36,903 - INFO - HTTP Request: POST http://localhost:8001/v1/chat/completions "HTTP/1.1 200 OK"

2026-08-18 04:54:37,775 - INFO - HTTP Request: POST http://localhost:8001/v1/chat/completions "HTTP/1.1 200 OK"
2026-08-18 04:54:40,918 - INFO - HTTP Request: POST http://localhost:8001/v1/chat/completions "HTTP/1.1 200 OK"
2026-08-18 04:54:47,824 - INFO - HTTP Request: POST http://localhost:8001/v1/chat/completions "HTTP/1.1 200 OK"

2026-08-18 04:54:50,662 - INFO - HTTP Request: POST http://localhost:8001/v1/chat/completions "HTTP/1.1 200 OK"

2026-08-18 04:54:53,278 - INFO - HTTP Request: POST http://localhost:8001/v1/chat/completions "HTTP/1.1 200 OK"

2026-08-18 04:55:06,295 - INFO - HTTP Request: POST http://localhost:8001/v1/chat/completions "HTTP/1.1 200 OK"
2026-08-18 04:55:07,667 - INFO - HTTP Request: POST http://localhost:8001/v1/chat/completions "HTTP/1.1 200 OK"
2026-08-18 04:55:10,369 - INFO - HTTP Request: POST http://localhost:8001/v1/chat/completions "HTTP/1.1 200 OK"
2026-08-18 04:55:17,044 - INFO - HTTP Request: POST http://localhost:8001/v1/chat/completions "HTTP/1.1 200 OK"

2026-08-18 04:55:21,182 - INFO - HTTP Request: POST http://localhost:8001/v1/chat/completions "HTTP/1.1 200 OK"

2026-08-18 04:55:21,838 - INFO - HTTP Request: POST http://localhost:8001/v1/chat/completions "HTTP/1.1 200 OK"

2026-08-18 04:55:22,706 - INFO - HTTP Request: POST http://localhost:8001/v1/chat/completions "HTTP/1.1 200 OK"
2026-08-18 04:55:34,806 - INFO - HTTP Request: POST http://localhost:8001/v1/chat/completions "HTTP/1.1 200 OK"

2026-08-18 04:55:37,411 - INFO - HTTP Request: POST http://localhost:8001/v1/chat/completions "HTTP/1.1 200 OK"
2026-08-18 04:55:47,694 - INFO - HTTP Request: POST http://localhost:8001/v1/chat/completions "HTTP/1.1 200 OK"

2026-08-18 04:55:50,300 - INFO - HTTP Request: POST http://localhost:8001/v1/chat/completions "HTTP/1.1 200 OK"
2026-08-18 04:55:51,265 - INFO - HTTP Request: POST http://localhost:8001/v1/chat/completions "HTTP/1.1 200 OK"
2026-08-18 04:55:55,493 - INFO - HTTP Request: POST http://localhost:8001/v1/chat/completions "HTTP/1.1 200 OK"
2026-08-18 04:56:04,362 - INFO - HTTP Request: POST http://localhost:8001/v1/chat/completions "HTTP/1.1 200 OK"

2026-08-18 04:56:04,363 - INFO - HTTP Request: POST http://localhost:8001/v1/chat/completions "HTTP/1.1 200 OK"

2026-08-18 04:56:15,455 - INFO - HTTP Request: POST http://localhost:8001/v1/chat/completions "HTTP/1.1 200 OK"

2026-08-18 04:56:17,844 - INFO - HTTP Request: POST http://localhost:8001/v1/chat/completions "HTTP/1.1 200 OK"
2026-08-18 04:56:24,437 - INFO - HTTP Request: POST http://localhost:8001/v1/chat/completions "HTTP/1.1 200 OK"
2026-08-18 04:56:24,437 - INFO - HTTP Request: POST http://localhost:8001/v1/chat/completions "HTTP/1.1 200 OK"
2026-08-18 04:56:34,472 - INFO - HTTP Request: POST http://localhost:8001/v1/chat/completions "HTTP/1.1 200 OK"

2026-08-18 04:56:36,659 - INFO - HTTP Request: POST http://localhost:8001/v1/chat/completions "HTTP/1.1 200 OK"

2026-08-18 04:56:45,140 - INFO - HTTP Request: POST http://localhost:8001/v1/chat/completions "HTTP/1.1 200 OK"

2026-08-18 04:56:45,358 - INFO - HTTP Request: POST http://localhost:8001/v1/chat/completions "HTTP/1.1 200 OK"
2026-08-18 04:57:05,738 - INFO - HTTP Request: POST http://localhost:8001/v1/chat/completions "HTTP/1.1 200 OK"

2026-08-18 04:57:06,173 - INFO - HTTP Request: POST http://localhost:8001/v1/chat/completions "HTTP/1.1 200 OK"
2026-08-18 04:57:07,582 - INFO - HTTP Request: POST http://localhost:8001/v1/chat/completions "HTTP/1.1 200 OK"
2026-08-18 04:57:15,280 - INFO - HTTP Request: POST http://localhost:8001/v1/chat/completions "HTTP/1.1 200 OK"
2026-08-18 04:57:19,300 - INFO - HTTP Request: POST http://localhost:8001/v1/chat/completions "HTTP/1.1 200 OK"

r5_cfg1:  50%|█████     | 25/50 [40:26<53:25, 128.21s/it]2026-08-18 04:57:19,734 - INFO - HTTP Request: POST http://localhost:8001/v1/chat/completions "HTTP/1.1 200 OK"

2026-08-18 04:57:32,776 - INFO - HTTP Request: POST http://localhost:8001/v1/chat/completions "HTTP/1.1 200 OK"

2026-08-18 04:57:38,646 - INFO - HTTP Request: POST http://localhost:8001/v1/chat/completions "HTTP/1.1 200 OK"
2026-08-18 04:57:41,626 - INFO - HTTP Request: POST http://localhost:8001/v1/chat/completions "HTTP/1.1 200 OK"
2026-08-18 04:57:50,211 - INFO - HTTP Request: POST http://localhost:8001/v1/chat/completions "HTTP/1.1 200 OK"

r5_cfg1:  52%|█████▏    | 26/50 [40:57<39:36, 99.02s/it] 2026-08-18 04:57:52,821 - INFO - HTTP Request: POST http://localhost:8001/v1/chat/completions "HTTP/1.1 200 OK"
2026-08-18 04:57:55,531 - INFO - HTTP Request: POST http://localhost:8001/v1/chat/completions "HTTP/1.1 200 OK"

2026-08-18 04:58:04,445 - INFO - HTTP Request: POST http://localhost:8001/v1/chat/completions "HTTP/1.1 200 OK"

r5_cfg1:  54%|█████▍    | 27/50 [41:11<28:12, 73.58s/it]2026-08-18 04:58:05,748 - INFO - HTTP Request: POST http://localhost:8001/v1/chat/completions "HTTP/1.1 200 OK"
2026-08-18 04:58:12,800 - INFO - HTTP Request: POST http://localhost:8001/v1/chat/completions "HTTP/1.1 200 OK"
2026-08-18 04:58:21,947 - INFO - HTTP Request: POST http://localhost:8001/v1/chat/completions "HTTP/1.1 200 OK"

2026-08-18 04:58:22,165 - INFO - HTTP Request: POST http://localhost:8001/v1/chat/completions "HTTP/1.1 200 OK"
2026-08-18 04:58:26,018 - INFO - HTTP Request: POST http://localhost:8001/v1/chat/completions "HTTP/1.1 200 OK"

r5_cfg1:  56%|█████▌    | 28/50 [41:33<21:15, 57.98s/it]2026-08-18 04:58:27,106 - INFO - HTTP Request: POST http://localhost:8001/v1/chat/completions "HTTP/1.1 200 OK"
2026-08-18 04:58:37,856 - INFO - HTTP Request: POST http://localhost:8001/v1/chat/completions "HTTP/1.1 200 OK"

2026-08-18 04:58:40,249 - INFO - HTTP Request: POST http://localhost:8001/v1/chat/completions "HTTP/1.1 200 OK"

2026-08-18 04:58:48,278 - INFO - HTTP Request: POST http://localhost:8001/v1/chat/completions "HTTP/1.1 200 OK"
2026-08-18 04:58:49,009 - INFO - HTTP Request: POST http://localhost:8001/v1/chat/completions "HTTP/1.1 200 OK"
2026-08-18 04:58:59,974 - INFO - HTTP Request: POST http://localhost:8001/v1/chat/completions "HTTP/1.1 200 OK"

2026-08-18 04:59:00,628 - INFO - HTTP Request: POST http://localhost:8001/v1/chat/completions "HTTP/1.1 200 OK"

2026-08-18 04:59:02,798 - INFO - HTTP Request: POST http://localhost:8001/v1/chat/completions "HTTP/1.1 200 OK"
2026-08-18 04:59:07,243 - INFO - HTTP Request: POST http://localhost:8001/v1/chat/completions "HTTP/1.1 200 OK"
2026-08-18 04:59:13,431 - INFO - HTTP Request: POST http://localhost:8001/v1/chat/completions "HTTP/1.1 200 OK"

2026-08-18 04:59:18,872 - INFO - HTTP Request: POST http://localhost:8001/v1/chat/completions "HTTP/1.1 200 OK"

2026-08-18 04:59:24,949 - INFO - HTTP Request: POST http://localhost:8001/v1/chat/completions "HTTP/1.1 200 OK"
2026-08-18 04:59:27,565 - INFO - HTTP Request: POST http://localhost:8001/v1/chat/completions "HTTP/1.1 200 OK"
2026-08-18 04:59:37,936 - INFO - HTTP Request: POST http://localhost:8001/v1/chat/completions "HTTP/1.1 200 OK"
2026-08-18 04:59:38,906 - INFO - HTTP Request: POST http://localhost:8001/v1/chat/completions "HTTP/1.1 200 OK"

2026-08-18 04:59:39,123 - INFO - HTTP Request: POST http://localhost:8001/v1/chat/completions "HTTP/1.1 200 OK"

2026-08-18 04:59:44,128 - INFO - HTTP Request: POST http://localhost:8001/v1/chat/completions "HTTP/1.1 200 OK"
2026-08-18 04:59:50,315 - INFO - HTTP Request: POST http://localhost:8001/v1/chat/completions "HTTP/1.1 200 OK"

2026-08-18 04:59:56,408 - INFO - HTTP Request: POST http://localhost:8001/v1/chat/completions "HTTP/1.1 200 OK"

2026-08-18 05:00:02,490 - INFO - HTTP Request: POST http://localhost:8001/v1/chat/completions "HTTP/1.1 200 OK"
2026-08-18 05:00:04,004 - INFO - HTTP Request: POST http://localhost:8001/v1/chat/completions "HTTP/1.1 200 OK"
2026-08-18 05:00:10,760 - INFO - HTTP Request: POST http://localhost:8001/v1/chat/completions "HTTP/1.1 200 OK"
2026-08-18 05:00:16,739 - INFO - HTTP Request: POST http://localhost:8001/v1/chat/completions "HTTP/1.1 200 OK"

2026-08-18 05:00:16,957 - INFO - HTTP Request: POST http://localhost:8001/v1/chat/completions "HTTP/1.1 200 OK"

2026-08-18 05:00:20,885 - INFO - HTTP Request: POST http://localhost:8001/v1/chat/completions "HTTP/1.1 200 OK"
2026-08-18 05:00:25,111 - INFO - HTTP Request: POST http://localhost:8001/v1/chat/completions "HTTP/1.1 200 OK"

2026-08-18 05:00:33,368 - INFO - HTTP Request: POST http://localhost:8001/v1/chat/completions "HTTP/1.1 200 OK"

2026-08-18 05:00:36,847 - INFO - HTTP Request: POST http://localhost:8001/v1/chat/completions "HTTP/1.1 200 OK"
2026-08-18 05:00:40,993 - INFO - HTTP Request: POST http://localhost:8001/v1/chat/completions "HTTP/1.1 200 OK"
2026-08-18 05:00:48,694 - INFO - HTTP Request: POST http://localhost:8001/v1/chat/completions "HTTP/1.1 200 OK"

2026-08-18 05:00:53,696 - INFO - HTTP Request: POST http://localhost:8001/v1/chat/completions "HTTP/1.1 200 OK"
2026-08-18 05:00:53,697 - INFO - HTTP Request: POST http://localhost:8001/v1/chat/completions "HTTP/1.1 200 OK"

2026-08-18 05:00:54,661 - INFO - HTTP Request: POST http://localhost:8001/v1/chat/completions "HTTP/1.1 200 OK"
2026-08-18 05:01:02,806 - INFO - HTTP Request: POST http://localhost:8001/v1/chat/completions "HTTP/1.1 200 OK"

2026-08-18 05:01:06,285 - INFO - HTTP Request: POST http://localhost:8001/v1/chat/completions "HTTP/1.1 200 OK"

2026-08-18 05:01:14,098 - INFO - HTTP Request: POST http://localhost:8001/v1/chat/completions "HTTP/1.1 200 OK"
2026-08-18 05:01:18,324 - INFO - HTTP Request: POST http://localhost:8001/v1/chat/completions "HTTP/1.1 200 OK"
2026-08-18 05:01:23,338 - INFO - HTTP Request: POST http://localhost:8001/v1/chat/completions "HTTP/1.1 200 OK"
2026-08-18 05:01:23,339 - INFO - HTTP Request: POST http://localhost:8001/v1/chat/completions "HTTP/1.1 200 OK"

2026-08-18 05:01:30,232 - INFO - HTTP Request: POST http://localhost:8001/v1/chat/completions "HTTP/1.1 200 OK"

2026-08-18 05:01:35,886 - INFO - HTTP Request: POST http://localhost:8001/v1/chat/completions "HTTP/1.1 200 OK"
2026-08-18 05:01:39,892 - INFO - HTTP Request: POST http://localhost:8001/v1/chat/completions "HTTP/1.1 200 OK"

2026-08-18 05:01:50,112 - INFO - HTTP Request: POST http://localhost:8001/v1/chat/completions "HTTP/1.1 200 OK"

2026-08-18 05:01:50,545 - INFO - HTTP Request: POST http://localhost:8001/v1/chat/completions "HTTP/1.1 200 OK"
2026-08-18 05:01:53,015 - INFO - HTTP Request: POST http://localhost:8001/v1/chat/completions "HTTP/1.1 200 OK"
2026-08-18 05:02:01,812 - INFO - HTTP Request: POST http://localhost:8001/v1/chat/completions "HTTP/1.1 200 OK"

2026-08-18 05:02:07,248 - INFO - HTTP Request: POST http://localhost:8001/v1/chat/completions "HTTP/1.1 200 OK"

2026-08-18 05:02:09,638 - INFO - HTTP Request: POST http://localhost:8001/v1/chat/completions "HTTP/1.1 200 OK"
2026-08-18 05:02:11,042 - INFO - HTTP Request: POST http://localhost:8001/v1/chat/completions "HTTP/1.1 200 OK"
2026-08-18 05:02:27,468 - INFO - HTTP Request: POST http://localhost:8001/v1/chat/completions "HTTP/1.1 200 OK"

2026-08-18 05:02:27,903 - INFO - HTTP Request: POST http://localhost:8001/v1/chat/completions "HTTP/1.1 200 OK"
2026-08-18 05:02:30,623 - INFO - HTTP Request: POST http://localhost:8001/v1/chat/completions "HTTP/1.1 200 OK"

2026-08-18 05:02:31,930 - INFO - HTTP Request: POST http://localhost:8001/v1/chat/completions "HTTP/1.1 200 OK"
2026-08-18 05:02:44,129 - INFO - HTTP Request: POST http://localhost:8001/v1/chat/completions "HTTP/1.1 200 OK"

2026-08-18 05:02:45,871 - INFO - HTTP Request: POST http://localhost:8001/v1/chat/completions "HTTP/1.1 200 OK"

2026-08-18 05:02:59,988 - INFO - HTTP Request: POST http://localhost:8001/v1/chat/completions "HTTP/1.1 200 OK"
2026-08-18 05:02:59,990 - INFO - HTTP Request: POST http://localhost:8001/v1/chat/completions "HTTP/1.1 200 OK"
2026-08-18 05:03:13,940 - INFO - HTTP Request: POST http://localhost:8001/v1/chat/completions "HTTP/1.1 200 OK"
2026-08-18 05:03:16,001 - INFO - HTTP Request: POST http://localhost:8001/v1/chat/completions "HTTP/1.1 200 OK"

r5_cfg1:  58%|█████▊    | 29/50 [46:23<44:39, 127.58s/it]2026-08-18 05:03:16,872 - INFO - HTTP Request: POST http://localhost:8001/v1/chat/completions "HTTP/1.1 200 OK"

2026-08-18 05:03:18,842 - INFO - HTTP Request: POST http://localhost:8001/v1/chat/completions "HTTP/1.1 200 OK"
2026-08-18 05:03:30,669 - INFO - HTTP Request: POST http://localhost:8001/v1/chat/completions "HTTP/1.1 200 OK"

2026-08-18 05:03:31,983 - INFO - HTTP Request: POST http://localhost:8001/v1/chat/completions "HTTP/1.1 200 OK"

r5_cfg1:  60%|██████    | 30/50 [46:39<31:22, 94.10s/it] 2026-08-18 05:03:38,277 - INFO - HTTP Request: POST http://localhost:8001/v1/chat/completions "HTTP/1.1 200 OK"
2026-08-18 05:03:49,456 - INFO - HTTP Request: POST http://localhost:8001/v1/chat/completions "HTTP/1.1 200 OK"
2026-08-18 05:03:52,382 - INFO - HTTP Request: POST http://localhost:8001/v1/chat/completions "HTTP/1.1 200 OK"

2026-08-18 05:03:54,559 - INFO - HTTP Request: POST http://localhost:8001/v1/chat/completions "HTTP/1.1 200 OK"
2026-08-18 05:04:02,057 - INFO - HTTP Request: POST http://localhost:8001/v1/chat/completions "HTTP/1.1 200 OK"

r5_cfg1:  62%|██████▏   | 31/50 [47:09<23:42, 74.89s/it]2026-08-18 05:04:03,581 - INFO - HTTP Request: POST http://localhost:8001/v1/chat/completions "HTTP/1.1 200 OK"
2026-08-18 05:04:05,470 - INFO - HTTP Request: POST http://localhost:8001/v1/chat/completions "HTTP/1.1 200 OK"

2026-08-18 05:04:15,902 - INFO - HTTP Request: POST http://localhost:8001/v1/chat/completions "HTTP/1.1 200 OK"

r5_cfg1:  64%|██████▍   | 32/50 [47:23<16:58, 56.58s/it]2026-08-18 05:04:19,155 - INFO - HTTP Request: POST http://localhost:8001/v1/chat/completions "HTTP/1.1 200 OK"
2026-08-18 05:04:24,687 - INFO - HTTP Request: POST http://localhost:8001/v1/chat/completions "HTTP/1.1 200 OK"
2026-08-18 05:04:30,931 - INFO - HTTP Request: POST http://localhost:8001/v1/chat/completions "HTTP/1.1 200 OK"

2026-08-18 05:04:32,238 - INFO - HTTP Request: POST http://localhost:8001/v1/chat/completions "HTTP/1.1 200 OK"
2026-08-18 05:04:35,164 - INFO - HTTP Request: POST http://localhost:8001/v1/chat/completions "HTTP/1.1 200 OK"

2026-08-18 05:04:38,861 - INFO - HTTP Request: POST http://localhost:8001/v1/chat/completions "HTTP/1.1 200 OK"
2026-08-18 05:04:42,435 - INFO - HTTP Request: POST http://localhost:8001/v1/chat/completions "HTTP/1.1 200 OK"

2026-08-18 05:04:53,083 - INFO - HTTP Request: POST http://localhost:8001/v1/chat/completions "HTTP/1.1 200 OK"

2026-08-18 05:04:54,820 - INFO - HTTP Request: POST http://localhost:8001/v1/chat/completions "HTTP/1.1 200 OK"
2026-08-18 05:05:01,872 - INFO - HTTP Request: POST http://localhost:8001/v1/chat/completions "HTTP/1.1 200 OK"
2026-08-18 05:05:06,594 - INFO - HTTP Request: POST http://localhost:8001/v1/chat/completions "HTTP/1.1 200 OK"

2026-08-18 05:05:07,473 - INFO - HTTP Request: POST http://localhost:8001/v1/chat/completions "HTTP/1.1 200 OK"
2026-08-18 05:05:15,186 - INFO - HTTP Request: POST http://localhost:8001/v1/chat/completions "HTTP/1.1 200 OK"

2026-08-18 05:05:19,969 - INFO - HTTP Request: POST http://localhost:8001/v1/chat/completions "HTTP/1.1 200 OK"

2026-08-18 05:05:20,188 - INFO - HTTP Request: POST http://localhost:8001/v1/chat/completions "HTTP/1.1 200 OK"
2026-08-18 05:05:31,416 - INFO - HTTP Request: POST http://localhost:8001/v1/chat/completions "HTTP/1.1 200 OK"
2026-08-18 05:05:33,686 - INFO - HTTP Request: POST http://localhost:8001/v1/chat/completions "HTTP/1.1 200 OK"

2026-08-18 05:05:40,209 - INFO - HTTP Request: POST http://localhost:8001/v1/chat/completions "HTTP/1.1 200 OK"
2026-08-18 05:05:44,932 - INFO - HTTP Request: POST http://localhost:8001/v1/chat/completions "HTTP/1.1 200 OK"
2026-08-18 05:05:46,115 - INFO - HTTP Request: POST http://localhost:8001/v1/chat/completions "HTTP/1.1 200 OK"

2026-08-18 05:05:55,047 - INFO - HTTP Request: POST http://localhost:8001/v1/chat/completions "HTTP/1.1 200 OK"

2026-08-18 05:05:57,012 - INFO - HTTP Request: POST http://localhost:8001/v1/chat/completions "HTTP/1.1 200 OK"

2026-08-18 05:05:58,755 - INFO - HTTP Request: POST http://localhost:8001/v1/chat/completions "HTTP/1.1 200 OK"
2026-08-18 05:06:06,244 - INFO - HTTP Request: POST http://localhost:8001/v1/chat/completions "HTTP/1.1 200 OK"
2026-08-18 05:06:14,173 - INFO - HTTP Request: POST http://localhost:8001/v1/chat/completions "HTTP/1.1 200 OK"

2026-08-18 05:06:17,442 - INFO - HTTP Request: POST http://localhost:8001/v1/chat/completions "HTTP/1.1 200 OK"
2026-08-18 05:06:18,843 - INFO - HTTP Request: POST http://localhost:8001/v1/chat/completions "HTTP/1.1 200 OK"

2026-08-18 05:06:19,932 - INFO - HTTP Request: POST http://localhost:8001/v1/chat/completions "HTTP/1.1 200 OK"
2026-08-18 05:06:28,786 - INFO - HTTP Request: POST http://localhost:8001/v1/chat/completions "HTTP/1.1 200 OK"

2026-08-18 05:06:32,700 - INFO - HTTP Request: POST http://localhost:8001/v1/chat/completions "HTTP/1.1 200 OK"

2026-08-18 05:06:38,999 - INFO - HTTP Request: POST http://localhost:8001/v1/chat/completions "HTTP/1.1 200 OK"
2026-08-18 05:06:48,220 - INFO - HTTP Request: POST http://localhost:8001/v1/chat/completions "HTTP/1.1 200 OK"
2026-08-18 05:06:51,795 - INFO - HTTP Request: POST http://localhost:8001/v1/chat/completions "HTTP/1.1 200 OK"

2026-08-18 05:06:53,109 - INFO - HTTP Request: POST http://localhost:8001/v1/chat/completions "HTTP/1.1 200 OK"
2026-08-18 05:06:58,483 - INFO - HTTP Request: POST http://localhost:8001/v1/chat/completions "HTTP/1.1 200 OK"
2026-08-18 05:07:04,025 - INFO - HTTP Request: POST http://localhost:8001/v1/chat/completions "HTTP/1.1 200 OK"

2026-08-18 05:07:08,163 - INFO - HTTP Request: POST http://localhost:8001/v1/chat/completions "HTTP/1.1 200 OK"

2026-08-18 05:07:09,687 - INFO - HTTP Request: POST http://localhost:8001/v1/chat/completions "HTTP/1.1 200 OK"

2026-08-18 05:07:11,859 - INFO - HTTP Request: POST http://localhost:8001/v1/chat/completions "HTTP/1.1 200 OK"
2026-08-18 05:07:23,521 - INFO - HTTP Request: POST http://localhost:8001/v1/chat/completions "HTTP/1.1 200 OK"

2026-08-18 05:07:24,390 - INFO - HTTP Request: POST http://localhost:8001/v1/chat/completions "HTTP/1.1 200 OK"
2026-08-18 05:07:30,353 - INFO - HTTP Request: POST http://localhost:8001/v1/chat/completions "HTTP/1.1 200 OK"
2026-08-18 05:07:37,848 - INFO - HTTP Request: POST http://localhost:8001/v1/chat/completions "HTTP/1.1 200 OK"
2026-08-18 05:07:41,483 - INFO - HTTP Request: POST http://localhost:8001/v1/chat/completions "HTTP/1.1 200 OK"

2026-08-18 05:07:44,317 - INFO - HTTP Request: POST http://localhost:8001/v1/chat/completions "HTTP/1.1 200 OK"

2026-08-18 05:07:48,450 - INFO - HTTP Request: POST http://localhost:8001/v1/chat/completions "HTTP/1.1 200 OK"

2026-08-18 05:07:53,227 - INFO - HTTP Request: POST http://localhost:8001/v1/chat/completions "HTTP/1.1 200 OK"
2026-08-18 05:08:05,929 - INFO - HTTP Request: POST http://localhost:8001/v1/chat/completions "HTTP/1.1 200 OK"

2026-08-18 05:08:08,752 - INFO - HTTP Request: POST http://localhost:8001/v1/chat/completions "HTTP/1.1 200 OK"
2026-08-18 05:08:11,295 - INFO - HTTP Request: POST http://localhost:8001/v1/chat/completions "HTTP/1.1 200 OK"
2026-08-18 05:08:14,439 - INFO - HTTP Request: POST http://localhost:8001/v1/chat/completions "HTTP/1.1 200 OK"
2026-08-18 05:08:22,162 - INFO - HTTP Request: POST http://localhost:8001/v1/chat/completions "HTTP/1.1 200 OK"

2026-08-18 05:08:24,126 - INFO - HTTP Request: POST http://localhost:8001/v1/chat/completions "HTTP/1.1 200 OK"

2026-08-18 05:08:26,961 - INFO - HTTP Request: POST http://localhost:8001/v1/chat/completions "HTTP/1.1 200 OK"
2026-08-18 05:08:32,068 - INFO - HTTP Request: POST http://localhost:8001/v1/chat/completions "HTTP/1.1 200 OK"

2026-08-18 05:08:44,904 - INFO - HTTP Request: POST http://localhost:8001/v1/chat/completions "HTTP/1.1 200 OK"

2026-08-18 05:08:51,633 - INFO - HTTP Request: POST http://localhost:8001/v1/chat/completions "HTTP/1.1 200 OK"
2026-08-18 05:08:56,789 - INFO - HTTP Request: POST http://localhost:8001/v1/chat/completions "HTTP/1.1 200 OK"
2026-08-18 05:09:04,728 - INFO - HTTP Request: POST http://localhost:8001/v1/chat/completions "HTTP/1.1 200 OK"
2026-08-18 05:09:07,881 - INFO - HTTP Request: POST http://localhost:8001/v1/chat/completions "HTTP/1.1 200 OK"

2026-08-18 05:09:12,678 - INFO - HTTP Request: POST http://localhost:8001/v1/chat/completions "HTTP/1.1 200 OK"

r5_cfg1:  66%|██████▌   | 33/50 [52:19<36:26, 128.64s/it]2026-08-18 05:09:15,072 - INFO - HTTP Request: POST http://localhost:8001/v1/chat/completions "HTTP/1.1 200 OK"
2026-08-18 05:09:18,220 - INFO - HTTP Request: POST http://localhost:8001/v1/chat/completions "HTTP/1.1 200 OK"

r5_cfg1:  68%|██████▊   | 34/50 [52:25<24:27, 91.71s/it] 2026-08-18 05:09:30,826 - INFO - HTTP Request: POST http://localhost:8001/v1/chat/completions "HTTP/1.1 200 OK"

2026-08-18 05:09:34,958 - INFO - HTTP Request: POST http://localhost:8001/v1/chat/completions "HTTP/1.1 200 OK"
2026-08-18 05:09:40,544 - INFO - HTTP Request: POST http://localhost:8001/v1/chat/completions "HTTP/1.1 200 OK"
2026-08-18 05:09:40,545 - INFO - HTTP Request: POST http://localhost:8001/v1/chat/completions "HTTP/1.1 200 OK"
2026-08-18 05:09:48,700 - INFO - HTTP Request: POST http://localhost:8001/v1/chat/completions "HTTP/1.1 200 OK"

2026-08-18 05:09:55,669 - INFO - HTTP Request: POST http://localhost:8001/v1/chat/completions "HTTP/1.1 200 OK"

2026-08-18 05:09:57,628 - INFO - HTTP Request: POST http://localhost:8001/v1/chat/completions "HTTP/1.1 200 OK"

r5_cfg1:  70%|███████   | 35/50 [53:04<19:00, 76.02s/it]2026-08-18 05:10:03,922 - INFO - HTTP Request: POST http://localhost:8001/v1/chat/completions "HTTP/1.1 200 OK"
2026-08-18 05:10:15,152 - INFO - HTTP Request: POST http://localhost:8001/v1/chat/completions "HTTP/1.1 200 OK"
2026-08-18 05:10:19,656 - INFO - HTTP Request: POST http://localhost:8001/v1/chat/completions "HTTP/1.1 200 OK"

r5_cfg1:  72%|███████▏  | 36/50 [53:26<13:57, 59.82s/it]2026-08-18 05:10:20,308 - INFO - HTTP Request: POST http://localhost:8001/v1/chat/completions "HTTP/1.1 200 OK"
2026-08-18 05:10:22,701 - INFO - HTTP Request: POST http://localhost:8001/v1/chat/completions "HTTP/1.1 200 OK"
2026-08-18 05:10:30,205 - INFO - HTTP Request: POST http://localhost:8001/v1/chat/completions "HTTP/1.1 200 OK"

2026-08-18 05:10:37,604 - INFO - HTTP Request: POST http://localhost:8001/v1/chat/completions "HTTP/1.1 200 OK"

2026-08-18 05:10:39,561 - INFO - HTTP Request: POST http://localhost:8001/v1/chat/completions "HTTP/1.1 200 OK"

2026-08-18 05:10:42,166 - INFO - HTTP Request: POST http://localhost:8001/v1/chat/completions "HTTP/1.1 200 OK"
2026-08-18 05:10:51,818 - INFO - HTTP Request: POST http://localhost:8001/v1/chat/completions "HTTP/1.1 200 OK"

2026-08-18 05:10:53,773 - INFO - HTTP Request: POST http://localhost:8001/v1/chat/completions "HTTP/1.1 200 OK"
2026-08-18 05:11:02,619 - INFO - HTTP Request: POST http://localhost:8001/v1/chat/completions "HTTP/1.1 200 OK"
2026-08-18 05:11:06,631 - INFO - HTTP Request: POST http://localhost:8001/v1/chat/completions "HTTP/1.1 200 OK"
2026-08-18 05:11:08,590 - INFO - HTTP Request: POST http://localhost:8001/v1/chat/completions "HTTP/1.1 200 OK"

2026-08-18 05:11:18,823 - INFO - HTTP Request: POST http://localhost:8001/v1/chat/completions "HTTP/1.1 200 OK"
2026-08-18 05:11:20,229 - INFO - HTTP Request: POST http://localhost:8001/v1/chat/completions "HTTP/1.1 200 OK"

2026-08-18 05:11:22,848 - INFO - HTTP Request: POST http://localhost:8001/v1/chat/completions "HTTP/1.1 200 OK"

2026-08-18 05:11:30,888 - INFO - HTTP Request: POST http://localhost:8001/v1/chat/completions "HTTP/1.1 200 OK"

2026-08-18 05:11:32,841 - INFO - HTTP Request: POST http://localhost:8001/v1/chat/completions "HTTP/1.1 200 OK"
2026-08-18 05:11:44,726 - INFO - HTTP Request: POST http://localhost:8001/v1/chat/completions "HTTP/1.1 200 OK"
2026-08-18 05:11:46,126 - INFO - HTTP Request: POST http://localhost:8001/v1/chat/completions "HTTP/1.1 200 OK"

2026-08-18 05:11:47,873 - INFO - HTTP Request: POST http://localhost:8001/v1/chat/completions "HTTP/1.1 200 OK"
2026-08-18 05:11:56,140 - INFO - HTTP Request: POST http://localhost:8001/v1/chat/completions "HTTP/1.1 200 OK"
2026-08-18 05:11:57,762 - INFO - HTTP Request: POST http://localhost:8001/v1/chat/completions "HTTP/1.1 200 OK"

2026-08-18 05:12:03,643 - INFO - HTTP Request: POST http://localhost:8001/v1/chat/completions "HTTP/1.1 200 OK"

2026-08-18 05:12:06,476 - INFO - HTTP Request: POST http://localhost:8001/v1/chat/completions "HTTP/1.1 200 OK"
2026-08-18 05:12:08,369 - INFO - HTTP Request: POST http://localhost:8001/v1/chat/completions "HTTP/1.1 200 OK"

2026-08-18 05:12:16,851 - INFO - HTTP Request: POST http://localhost:8001/v1/chat/completions "HTTP/1.1 200 OK"

2026-08-18 05:12:17,937 - INFO - HTTP Request: POST http://localhost:8001/v1/chat/completions "HTTP/1.1 200 OK"
2026-08-18 05:12:27,809 - INFO - HTTP Request: POST http://localhost:8001/v1/chat/completions "HTTP/1.1 200 OK"
2026-08-18 05:12:29,329 - INFO - HTTP Request: POST http://localhost:8001/v1/chat/completions "HTTP/1.1 200 OK"

2026-08-18 05:12:32,807 - INFO - HTTP Request: POST http://localhost:8001/v1/chat/completions "HTTP/1.1 200 OK"
2026-08-18 05:12:42,904 - INFO - HTTP Request: POST http://localhost:8001/v1/chat/completions "HTTP/1.1 200 OK"

2026-08-18 05:12:45,521 - INFO - HTTP Request: POST http://localhost:8001/v1/chat/completions "HTTP/1.1 200 OK"

2026-08-18 05:12:46,397 - INFO - HTTP Request: POST http://localhost:8001/v1/chat/completions "HTTP/1.1 200 OK"
2026-08-18 05:12:58,715 - INFO - HTTP Request: POST http://localhost:8001/v1/chat/completions "HTTP/1.1 200 OK"
2026-08-18 05:13:01,636 - INFO - HTTP Request: POST http://localhost:8001/v1/chat/completions "HTTP/1.1 200 OK"

2026-08-18 05:13:03,377 - INFO - HTTP Request: POST http://localhost:8001/v1/chat/completions "HTTP/1.1 200 OK"
2026-08-18 05:13:06,201 - INFO - HTTP Request: POST http://localhost:8001/v1/chat/completions "HTTP/1.1 200 OK"
2026-08-18 05:13:13,048 - INFO - HTTP Request: POST http://localhost:8001/v1/chat/completions "HTTP/1.1 200 OK"

2026-08-18 05:13:16,096 - INFO - HTTP Request: POST http://localhost:8001/v1/chat/completions "HTTP/1.1 200 OK"

2026-08-18 05:13:19,140 - INFO - HTTP Request: POST http://localhost:8001/v1/chat/completions "HTTP/1.1 200 OK"

2026-08-18 05:13:22,178 - INFO - HTTP Request: POST http://localhost:8001/v1/chat/completions "HTTP/1.1 200 OK"
2026-08-18 05:13:33,413 - INFO - HTTP Request: POST http://localhost:8001/v1/chat/completions "HTTP/1.1 200 OK"
2026-08-18 05:13:34,819 - INFO - HTTP Request: POST http://localhost:8001/v1/chat/completions "HTTP/1.1 200 OK"

2026-08-18 05:13:44,821 - INFO - HTTP Request: POST http://localhost:8001/v1/chat/completions "HTTP/1.1 200 OK"

2026-08-18 05:13:45,473 - INFO - HTTP Request: POST http://localhost:8001/v1/chat/completions "HTTP/1.1 200 OK"
2026-08-18 05:13:48,729 - INFO - HTTP Request: POST http://localhost:8001/v1/chat/completions "HTTP/1.1 200 OK"
2026-08-18 05:13:56,002 - INFO - HTTP Request: POST http://localhost:8001/v1/chat/completions "HTTP/1.1 200 OK"

2026-08-18 05:14:02,741 - INFO - HTTP Request: POST http://localhost:8001/v1/chat/completions "HTTP/1.1 200 OK"

2026-08-18 05:14:04,479 - INFO - HTTP Request: POST http://localhost:8001/v1/chat/completions "HTTP/1.1 200 OK"
2026-08-18 05:14:14,851 - INFO - HTTP Request: POST http://localhost:8001/v1/chat/completions "HTTP/1.1 200 OK"
2026-08-18 05:14:16,689 - INFO - HTTP Request: POST http://localhost:8001/v1/chat/completions "HTTP/1.1 200 OK"
2026-08-18 05:14:18,216 - INFO - HTTP Request: POST http://localhost:8001/v1/chat/completions "HTTP/1.1 200 OK"

2026-08-18 05:14:23,664 - INFO - HTTP Request: POST http://localhost:8001/v1/chat/completions "HTTP/1.1 200 OK"
2026-08-18 05:14:28,556 - INFO - HTTP Request: POST http://localhost:8001/v1/chat/completions "HTTP/1.1 200 OK"

2026-08-18 05:14:33,132 - INFO - HTTP Request: POST http://localhost:8001/v1/chat/completions "HTTP/1.1 200 OK"

2026-08-18 05:14:37,488 - INFO - HTTP Request: POST http://localhost:8001/v1/chat/completions "HTTP/1.1 200 OK"

2026-08-18 05:14:50,513 - INFO - HTTP Request: POST http://localhost:8001/v1/chat/completions "HTTP/1.1 200 OK"
2026-08-18 05:14:58,062 - INFO - HTTP Request: POST http://localhost:8001/v1/chat/completions "HTTP/1.1 200 OK"
2026-08-18 05:15:02,636 - INFO - HTTP Request: POST http://localhost:8001/v1/chat/completions "HTTP/1.1 200 OK"

r5_cfg1:  74%|███████▍  | 37/50 [58:09<27:28, 126.77s/it]2026-08-18 05:15:05,681 - INFO - HTTP Request: POST http://localhost:8001/v1/chat/completions "HTTP/1.1 200 OK"
2026-08-18 05:15:07,519 - INFO - HTTP Request: POST http://localhost:8001/v1/chat/completions "HTTP/1.1 200 OK"
2026-08-18 05:15:10,446 - INFO - HTTP Request: POST http://localhost:8001/v1/chat/completions "HTTP/1.1 200 OK"

2026-08-18 05:15:17,639 - INFO - HTTP Request: POST http://localhost:8001/v1/chat/completions "HTTP/1.1 200 OK"

r5_cfg1:  76%|███████▌  | 38/50 [58:24<18:38, 93.24s/it] 2026-08-18 05:15:20,033 - INFO - HTTP Request: POST http://localhost:8001/v1/chat/completions "HTTP/1.1 200 OK"

2026-08-18 05:15:25,249 - INFO - HTTP Request: POST http://localhost:8001/v1/chat/completions "HTTP/1.1 200 OK"
2026-08-18 05:15:39,652 - INFO - HTTP Request: POST http://localhost:8001/v1/chat/completions "HTTP/1.1 200 OK"
2026-08-18 05:15:39,869 - INFO - HTTP Request: POST http://localhost:8001/v1/chat/completions "HTTP/1.1 200 OK"

2026-08-18 05:15:42,795 - INFO - HTTP Request: POST http://localhost:8001/v1/chat/completions "HTTP/1.1 200 OK"
2026-08-18 05:15:52,586 - INFO - HTTP Request: POST http://localhost:8001/v1/chat/completions "HTTP/1.1 200 OK"
2026-08-18 05:15:53,992 - INFO - HTTP Request: POST http://localhost:8001/v1/chat/completions "HTTP/1.1 200 OK"

r5_cfg1:  78%|███████▊  | 39/50 [59:01<13:57, 76.17s/it]2026-08-18 05:15:59,218 - INFO - HTTP Request: POST http://localhost:8001/v1/chat/completions "HTTP/1.1 200 OK"

2026-08-18 05:16:05,305 - INFO - HTTP Request: POST http://localhost:8001/v1/chat/completions "HTTP/1.1 200 OK"

r5_cfg1:  80%|████████  | 40/50 [59:12<09:27, 56.72s/it]2026-08-18 05:16:06,824 - INFO - HTTP Request: POST http://localhost:8001/v1/chat/completions "HTTP/1.1 200 OK"
2026-08-18 05:16:16,021 - INFO - HTTP Request: POST http://localhost:8001/v1/chat/completions "HTTP/1.1 200 OK"
2026-08-18 05:16:20,681 - INFO - HTTP Request: POST http://localhost:8001/v1/chat/completions "HTTP/1.1 200 OK"

2026-08-18 05:16:25,684 - INFO - HTTP Request: POST http://localhost:8001/v1/chat/completions "HTTP/1.1 200 OK"
2026-08-18 05:16:28,007 - INFO - HTTP Request: POST http://localhost:8001/v1/chat/completions "HTTP/1.1 200 OK"
2026-08-18 05:16:32,808 - INFO - HTTP Request: POST http://localhost:8001/v1/chat/completions "HTTP/1.1 200 OK"

2026-08-18 05:16:39,990 - INFO - HTTP Request: POST http://localhost:8001/v1/chat/completions "HTTP/1.1 200 OK"

2026-08-18 05:16:44,774 - INFO - HTTP Request: POST http://localhost:8001/v1/chat/completions "HTTP/1.1 200 OK"

2026-08-18 05:16:45,643 - INFO - HTTP Request: POST http://localhost:8001/v1/chat/completions "HTTP/1.1 200 OK"
2026-08-18 05:16:57,661 - INFO - HTTP Request: POST http://localhost:8001/v1/chat/completions "HTTP/1.1 200 OK"

2026-08-18 05:16:58,971 - INFO - HTTP Request: POST http://localhost:8001/v1/chat/completions "HTTP/1.1 200 OK"
2026-08-18 05:17:06,458 - INFO - HTTP Request: POST http://localhost:8001/v1/chat/completions "HTTP/1.1 200 OK"
2026-08-18 05:17:09,731 - INFO - HTTP Request: POST http://localhost:8001/v1/chat/completions "HTTP/1.1 200 OK"
2026-08-18 05:17:17,285 - INFO - HTTP Request: POST http://localhost:8001/v1/chat/completions "HTTP/1.1 200 OK"

2026-08-18 05:17:19,899 - INFO - HTTP Request: POST http://localhost:8001/v1/chat/completions "HTTP/1.1 200 OK"

2026-08-18 05:17:22,509 - INFO - HTTP Request: POST http://localhost:8001/v1/chat/completions "HTTP/1.1 200 OK"
2026-08-18 05:17:23,235 - INFO - HTTP Request: POST http://localhost:8001/v1/chat/completions "HTTP/1.1 200 OK"

2026-08-18 05:17:34,744 - INFO - HTTP Request: POST http://localhost:8001/v1/chat/completions "HTTP/1.1 200 OK"

2026-08-18 05:17:41,694 - INFO - HTTP Request: POST http://localhost:8001/v1/chat/completions "HTTP/1.1 200 OK"
2026-08-18 05:17:44,615 - INFO - HTTP Request: POST http://localhost:8001/v1/chat/completions "HTTP/1.1 200 OK"
2026-08-18 05:17:47,885 - INFO - HTTP Request: POST http://localhost:8001/v1/chat/completions "HTTP/1.1 200 OK"
2026-08-18 05:17:55,449 - INFO - HTTP Request: POST http://localhost:8001/v1/chat/completions "HTTP/1.1 200 OK"
2026-08-18 05:17:55,884 - INFO - HTTP Request: POST http://localhost:8001/v1/chat/completions "HTTP/1.1 200 OK"

2026-08-18 05:17:59,232 - INFO - HTTP Request: POST http://localhost:8001/v1/chat/completions "HTTP/1.1 200 OK"

2026-08-18 05:18:00,763 - INFO - HTTP Request: POST http://localhost:8001/v1/chat/completions "HTTP/1.1 200 OK"

2026-08-18 05:18:04,896 - INFO - HTTP Request: POST http://localhost:8001/v1/chat/completions "HTTP/1.1 200 OK"

2026-08-18 05:18:20,083 - INFO - HTTP Request: POST http://localhost:8001/v1/chat/completions "HTTP/1.1 200 OK"
2026-08-18 05:18:20,517 - INFO - HTTP Request: POST http://localhost:8001/v1/chat/completions "HTTP/1.1 200 OK"
2026-08-18 05:18:23,663 - INFO - HTTP Request: POST http://localhost:8001/v1/chat/completions "HTTP/1.1 200 OK"
2026-08-18 05:18:33,120 - INFO - HTTP Request: POST http://localhost:8001/v1/chat/completions "HTTP/1.1 200 OK"

2026-08-18 05:18:34,436 - INFO - HTTP Request: POST http://localhost:8001/v1/chat/completions "HTTP/1.1 200 OK"
2026-08-18 05:18:36,466 - INFO - HTTP Request: POST http://localhost:8001/v1/chat/completions "HTTP/1.1 200 OK"

2026-08-18 05:18:37,128 - INFO - HTTP Request: POST http://localhost:8001/v1/chat/completions "HTTP/1.1 200 OK"

2026-08-18 05:18:45,374 - INFO - HTTP Request: POST http://localhost:8001/v1/chat/completions "HTTP/1.1 200 OK"

2026-08-18 05:18:52,535 - INFO - HTTP Request: POST http://localhost:8001/v1/chat/completions "HTTP/1.1 200 OK"
2026-08-18 05:18:56,453 - INFO - HTTP Request: POST http://localhost:8001/v1/chat/completions "HTTP/1.1 200 OK"
2026-08-18 05:19:01,770 - INFO - HTTP Request: POST http://localhost:8001/v1/chat/completions "HTTP/1.1 200 OK"

2026-08-18 05:19:05,902 - INFO - HTTP Request: POST http://localhost:8001/v1/chat/completions "HTTP/1.1 200 OK"
2026-08-18 05:19:06,336 - INFO - HTTP Request: POST http://localhost:8001/v1/chat/completions "HTTP/1.1 200 OK"
2026-08-18 05:19:08,898 - INFO - HTTP Request: POST http://localhost:8001/v1/chat/completions "HTTP/1.1 200 OK"

2026-08-18 05:19:18,688 - INFO - HTTP Request: POST http://localhost:8001/v1/chat/completions "HTTP/1.1 200 OK"

2026-08-18 05:19:20,429 - INFO - HTTP Request: POST http://localhost:8001/v1/chat/completions "HTTP/1.1 200 OK"

2026-08-18 05:19:30,848 - INFO - HTTP Request: POST http://localhost:8001/v1/chat/completions "HTTP/1.1 200 OK"
2026-08-18 05:19:37,809 - INFO - HTTP Request: POST http://localhost:8001/v1/chat/completions "HTTP/1.1 200 OK"
2026-08-18 05:19:40,949 - INFO - HTTP Request: POST http://localhost:8001/v1/chat/completions "HTTP/1.1 200 OK"
2026-08-18 05:19:42,844 - INFO - HTTP Request: POST http://localhost:8001/v1/chat/completions "HTTP/1.1 200 OK"

2026-08-18 05:19:48,724 - INFO - HTTP Request: POST http://localhost:8001/v1/chat/completions "HTTP/1.1 200 OK"
2026-08-18 05:19:50,540 - INFO - HTTP Request: POST http://localhost:8001/v1/chat/completions "HTTP/1.1 200 OK"

2026-08-18 05:19:55,328 - INFO - HTTP Request: POST http://localhost:8001/v1/chat/completions "HTTP/1.1 200 OK"

2026-08-18 05:20:00,976 - INFO - HTTP Request: POST http://localhost:8001/v1/chat/completions "HTTP/1.1 200 OK"

2026-08-18 05:20:02,938 - INFO - HTTP Request: POST http://localhost:8001/v1/chat/completions "HTTP/1.1 200 OK"
2026-08-18 05:20:10,770 - INFO - HTTP Request: POST http://localhost:8001/v1/chat/completions "HTTP/1.1 200 OK"
2026-08-18 05:20:18,267 - INFO - HTTP Request: POST http://localhost:8001/v1/chat/completions "HTTP/1.1 200 OK"

2026-08-18 05:20:24,141 - INFO - HTTP Request: POST http://localhost:8001/v1/chat/completions "HTTP/1.1 200 OK"

2026-08-18 05:20:25,010 - INFO - HTTP Request: POST http://localhost:8001/v1/chat/completions "HTTP/1.1 200 OK"
2026-08-18 05:20:33,808 - INFO - HTTP Request: POST http://localhost:8001/v1/chat/completions "HTTP/1.1 200 OK"
2026-08-18 05:20:38,453 - INFO - HTTP Request: POST http://localhost:8001/v1/chat/completions "HTTP/1.1 200 OK"

2026-08-18 05:20:47,803 - INFO - HTTP Request: POST http://localhost:8001/v1/chat/completions "HTTP/1.1 200 OK"
2026-08-18 05:20:48,238 - INFO - HTTP Request: POST http://localhost:8001/v1/chat/completions "HTTP/1.1 200 OK"

r5_cfg1:  82%|████████▏ | 41/50 [1:03:55<18:41, 124.58s/it]2026-08-18 05:20:53,899 - INFO - HTTP Request: POST http://localhost:8001/v1/chat/completions "HTTP/1.1 200 OK"
2026-08-18 05:21:00,742 - INFO - HTTP Request: POST http://localhost:8001/v1/chat/completions "HTTP/1.1 200 OK"

2026-08-18 05:21:06,621 - INFO - HTTP Request: POST http://localhost:8001/v1/chat/completions "HTTP/1.1 200 OK"

2026-08-18 05:21:10,535 - INFO - HTTP Request: POST http://localhost:8001/v1/chat/completions "HTTP/1.1 200 OK"
2026-08-18 05:21:11,278 - INFO - HTTP Request: POST http://localhost:8001/v1/chat/completions "HTTP/1.1 200 OK"
2026-08-18 05:21:22,795 - INFO - HTTP Request: POST http://localhost:8001/v1/chat/completions "HTTP/1.1 200 OK"

2026-08-18 05:21:25,407 - INFO - HTTP Request: POST http://localhost:8001/v1/chat/completions "HTTP/1.1 200 OK"

r5_cfg1:  84%|████████▍ | 42/50 [1:04:32<13:06, 98.36s/it] 2026-08-18 05:21:33,437 - INFO - HTTP Request: POST http://localhost:8001/v1/chat/completions "HTTP/1.1 200 OK"
2026-08-18 05:21:39,532 - INFO - HTTP Request: POST http://localhost:8001/v1/chat/completions "HTTP/1.1 200 OK"
2026-08-18 05:21:47,900 - INFO - HTTP Request: POST http://localhost:8001/v1/chat/completions "HTTP/1.1 200 OK"
2026-08-18 05:21:49,741 - INFO - HTTP Request: POST http://localhost:8001/v1/chat/completions "HTTP/1.1 200 OK"
2026-08-18 05:21:49,742 - INFO - HTTP Request: POST http://localhost:8001/v1/chat/completions "HTTP/1.1 200 OK"

r5_cfg1:  86%|████████▌ | 43/50 [1:04:56<08:53, 76.15s/it]2026-08-18 05:21:54,904 - INFO - HTTP Request: POST http://localhost:8001/v1/chat/completions "HTTP/1.1 200 OK"

r5_cfg1:  88%|████████▊ | 44/50 [1:05:02<05:29, 54.85s/it]2026-08-18 05:22:02,523 - INFO - HTTP Request: POST http://localhost:8001/v1/chat/completions "HTTP/1.1 200 OK"

2026-08-18 05:22:02,958 - INFO - HTTP Request: POST http://localhost:8001/v1/chat/completions "HTTP/1.1 200 OK"

2026-08-18 05:22:11,856 - INFO - HTTP Request: POST http://localhost:8001/v1/chat/completions "HTTP/1.1 200 OK"
2026-08-18 05:22:17,164 - INFO - HTTP Request: POST http://localhost:8001/v1/chat/completions "HTTP/1.1 200 OK"
2026-08-18 05:22:23,352 - INFO - HTTP Request: POST http://localhost:8001/v1/chat/completions "HTTP/1.1 200 OK"

2026-08-18 05:22:26,397 - INFO - HTTP Request: POST http://localhost:8001/v1/chat/completions "HTTP/1.1 200 OK"

2026-08-18 05:22:27,484 - INFO - HTTP Request: POST http://localhost:8001/v1/chat/completions "HTTP/1.1 200 OK"
2026-08-18 05:22:30,023 - INFO - HTTP Request: POST http://localhost:8001/v1/chat/completions "HTTP/1.1 200 OK"
2026-08-18 05:22:43,442 - INFO - HTTP Request: POST http://localhost:8001/v1/chat/completions "HTTP/1.1 200 OK"

2026-08-18 05:22:43,660 - INFO - HTTP Request: POST http://localhost:8001/v1/chat/completions "HTTP/1.1 200 OK"

2026-08-18 05:22:50,170 - INFO - HTTP Request: POST http://localhost:8001/v1/chat/completions "HTTP/1.1 200 OK"
2026-08-18 05:22:53,527 - INFO - HTTP Request: POST http://localhost:8001/v1/chat/completions "HTTP/1.1 200 OK"
2026-08-18 05:23:03,853 - INFO - HTTP Request: POST http://localhost:8001/v1/chat/completions "HTTP/1.1 200 OK"

2026-08-18 05:23:07,768 - INFO - HTTP Request: POST http://localhost:8001/v1/chat/completions "HTTP/1.1 200 OK"

2026-08-18 05:23:08,421 - INFO - HTTP Request: POST http://localhost:8001/v1/chat/completions "HTTP/1.1 200 OK"
2026-08-18 05:23:08,637 - INFO - HTTP Request: POST http://localhost:8001/v1/chat/completions "HTTP/1.1 200 OK"
2026-08-18 05:23:21,560 - INFO - HTTP Request: POST http://localhost:8001/v1/chat/completions "HTTP/1.1 200 OK"

2026-08-18 05:23:22,439 - INFO - HTTP Request: POST http://localhost:8001/v1/chat/completions "HTTP/1.1 200 OK"

2026-08-18 05:23:28,953 - INFO - HTTP Request: POST http://localhost:8001/v1/chat/completions "HTTP/1.1 200 OK"
2026-08-18 05:23:32,092 - INFO - HTTP Request: POST http://localhost:8001/v1/chat/completions "HTTP/1.1 200 OK"
2026-08-18 05:23:39,157 - INFO - HTTP Request: POST http://localhost:8001/v1/chat/completions "HTTP/1.1 200 OK"

2026-08-18 05:23:41,991 - INFO - HTTP Request: POST http://localhost:8001/v1/chat/completions "HTTP/1.1 200 OK"
2026-08-18 05:23:45,187 - INFO - HTTP Request: POST http://localhost:8001/v1/chat/completions "HTTP/1.1 200 OK"

2026-08-18 05:23:47,585 - INFO - HTTP Request: POST http://localhost:8001/v1/chat/completions "HTTP/1.1 200 OK"
2026-08-18 05:23:52,465 - INFO - HTTP Request: POST http://localhost:8001/v1/chat/completions "HTTP/1.1 200 OK"

2026-08-18 05:24:00,070 - INFO - HTTP Request: POST http://localhost:8001/v1/chat/completions "HTTP/1.1 200 OK"

2026-08-18 05:24:03,767 - INFO - HTTP Request: POST http://localhost:8001/v1/chat/completions "HTTP/1.1 200 OK"
2026-08-18 05:24:09,728 - INFO - HTTP Request: POST http://localhost:8001/v1/chat/completions "HTTP/1.1 200 OK"
2026-08-18 05:24:16,787 - INFO - HTTP Request: POST http://localhost:8001/v1/chat/completions "HTTP/1.1 200 OK"

2026-08-18 05:24:20,491 - INFO - HTTP Request: POST http://localhost:8001/v1/chat/completions "HTTP/1.1 200 OK"
2026-08-18 05:24:22,112 - INFO - HTTP Request: POST http://localhost:8001/v1/chat/completions "HTTP/1.1 200 OK"
2026-08-18 05:24:22,829 - INFO - HTTP Request: POST http://localhost:8001/v1/chat/completions "HTTP/1.1 200 OK"

2026-08-18 05:24:31,791 - INFO - HTTP Request: POST http://localhost:8001/v1/chat/completions "HTTP/1.1 200 OK"

2026-08-18 05:24:34,619 - INFO - HTTP Request: POST http://localhost:8001/v1/chat/completions "HTTP/1.1 200 OK"

2026-08-18 05:24:37,224 - INFO - HTTP Request: POST http://localhost:8001/v1/chat/completions "HTTP/1.1 200 OK"
2026-08-18 05:24:42,535 - INFO - HTTP Request: POST http://localhost:8001/v1/chat/completions "HTTP/1.1 200 OK"
2026-08-18 05:24:48,624 - INFO - HTTP Request: POST http://localhost:8001/v1/chat/completions "HTTP/1.1 200 OK"

2026-08-18 05:24:54,494 - INFO - HTTP Request: POST http://localhost:8001/v1/chat/completions "HTTP/1.1 200 OK"

2026-08-18 05:24:55,363 - INFO - HTTP Request: POST http://localhost:8001/v1/chat/completions "HTTP/1.1 200 OK"
2026-08-18 05:25:01,597 - INFO - HTTP Request: POST http://localhost:8001/v1/chat/completions "HTTP/1.1 200 OK"
2026-08-18 05:25:13,007 - INFO - HTTP Request: POST http://localhost:8001/v1/chat/completions "HTTP/1.1 200 OK"

2026-08-18 05:25:17,139 - INFO - HTTP Request: POST http://localhost:8001/v1/chat/completions "HTTP/1.1 200 OK"

2026-08-18 05:25:18,009 - INFO - HTTP Request: POST http://localhost:8001/v1/chat/completions "HTTP/1.1 200 OK"
2026-08-18 05:25:24,189 - INFO - HTTP Request: POST http://localhost:8001/v1/chat/completions "HTTP/1.1 200 OK"
2026-08-18 05:25:33,424 - INFO - HTTP Request: POST http://localhost:8001/v1/chat/completions "HTTP/1.1 200 OK"

2026-08-18 05:25:37,775 - INFO - HTTP Request: POST http://localhost:8001/v1/chat/completions "HTTP/1.1 200 OK"
2026-08-18 05:25:39,833 - INFO - HTTP Request: POST http://localhost:8001/v1/chat/completions "HTTP/1.1 200 OK"

2026-08-18 05:25:43,098 - INFO - HTTP Request: POST http://localhost:8001/v1/chat/completions "HTTP/1.1 200 OK"
2026-08-18 05:25:51,518 - INFO - HTTP Request: POST http://localhost:8001/v1/chat/completions "HTTP/1.1 200 OK"

2026-08-18 05:25:54,130 - INFO - HTTP Request: POST http://localhost:8001/v1/chat/completions "HTTP/1.1 200 OK"
2026-08-18 05:25:56,405 - INFO - HTTP Request: POST http://localhost:8001/v1/chat/completions "HTTP/1.1 200 OK"

2026-08-18 05:26:00,546 - INFO - HTTP Request: POST http://localhost:8001/v1/chat/completions "HTTP/1.1 200 OK"
2026-08-18 05:26:10,002 - INFO - HTTP Request: POST http://localhost:8001/v1/chat/completions "HTTP/1.1 200 OK"

2026-08-18 05:26:15,224 - INFO - HTTP Request: POST http://localhost:8001/v1/chat/completions "HTTP/1.1 200 OK"

2026-08-18 05:26:21,304 - INFO - HTTP Request: POST http://localhost:8001/v1/chat/completions "HTTP/1.1 200 OK"
2026-08-18 05:26:29,015 - INFO - HTTP Request: POST http://localhost:8001/v1/chat/completions "HTTP/1.1 200 OK"
2026-08-18 05:26:33,956 - INFO - HTTP Request: POST http://localhost:8001/v1/chat/completions "HTTP/1.1 200 OK"

2026-08-18 05:26:39,836 - INFO - HTTP Request: POST http://localhost:8001/v1/chat/completions "HTTP/1.1 200 OK"
2026-08-18 05:26:45,378 - INFO - HTTP Request: POST http://localhost:8001/v1/chat/completions "HTTP/1.1 200 OK"
2026-08-18 05:26:45,596 - INFO - HTTP Request: POST http://localhost:8001/v1/chat/completions "HTTP/1.1 200 OK"

r5_cfg1:  90%|█████████ | 45/50 [1:09:52<10:28, 125.60s/it]2026-08-18 05:26:52,440 - INFO - HTTP Request: POST http://localhost:8001/v1/chat/completions "HTTP/1.1 200 OK"

2026-08-18 05:26:59,189 - INFO - HTTP Request: POST http://localhost:8001/v1/chat/completions "HTTP/1.1 200 OK"

2026-08-18 05:27:06,575 - INFO - HTTP Request: POST http://localhost:8001/v1/chat/completions "HTTP/1.1 200 OK"
2026-08-18 05:27:08,029 - INFO - HTTP Request: POST http://localhost:8001/v1/chat/completions "HTTP/1.1 200 OK"
2026-08-18 05:27:18,631 - INFO - HTTP Request: POST http://localhost:8001/v1/chat/completions "HTTP/1.1 200 OK"

r5_cfg1:  92%|█████████▏| 46/50 [1:10:25<06:31, 97.83s/it] 2026-08-18 05:27:20,155 - INFO - HTTP Request: POST http://localhost:8001/v1/chat/completions "HTTP/1.1 200 OK"

2026-08-18 05:27:25,148 - INFO - HTTP Request: POST http://localhost:8001/v1/chat/completions "HTTP/1.1 200 OK"
2026-08-18 05:27:32,203 - INFO - HTTP Request: POST http://localhost:8001/v1/chat/completions "HTTP/1.1 200 OK"
2026-08-18 05:27:36,001 - INFO - HTTP Request: POST http://localhost:8001/v1/chat/completions "HTTP/1.1 200 OK"

r5_cfg1:  94%|█████████▍| 47/50 [1:10:43<03:41, 73.69s/it]2026-08-18 05:27:41,216 - INFO - HTTP Request: POST http://localhost:8001/v1/chat/completions "HTTP/1.1 200 OK"
2026-08-18 05:27:45,664 - INFO - HTTP Request: POST http://localhost:8001/v1/chat/completions "HTTP/1.1 200 OK"

r5_cfg1:  96%|█████████▌| 48/50 [1:10:52<01:48, 54.48s/it]2026-08-18 05:27:47,182 - INFO - HTTP Request: POST http://localhost:8001/v1/chat/completions "HTTP/1.1 200 OK"
2026-08-18 05:27:53,896 - INFO - HTTP Request: POST http://localhost:8001/v1/chat/completions "HTTP/1.1 200 OK"

2026-08-18 05:27:57,838 - INFO - HTTP Request: POST http://localhost:8001/v1/chat/completions "HTTP/1.1 200 OK"

2026-08-18 05:28:19,519 - INFO - HTTP Request: POST http://localhost:8001/v1/chat/completions "HTTP/1.1 200 OK"
2026-08-18 05:28:22,039 - INFO - HTTP Request: POST http://localhost:8001/v1/chat/completions "HTTP/1.1 200 OK"
2026-08-18 05:28:32,012 - INFO - HTTP Request: POST http://localhost:8001/v1/chat/completions "HTTP/1.1 200 OK"

2026-08-18 05:28:35,522 - INFO - HTTP Request: POST http://localhost:8001/v1/chat/completions "HTTP/1.1 200 OK"

2026-08-18 05:28:55,907 - INFO - HTTP Request: POST http://localhost:8001/v1/chat/completions "HTTP/1.1 200 OK"
2026-08-18 05:28:59,514 - INFO - HTTP Request: POST http://localhost:8001/v1/chat/completions "HTTP/1.1 200 OK"
2026-08-18 05:29:06,867 - INFO - HTTP Request: POST http://localhost:8001/v1/chat/completions "HTTP/1.1 200 OK"

2026-08-18 05:29:12,546 - INFO - HTTP Request: POST http://localhost:8001/v1/chat/completions "HTTP/1.1 200 OK"

2026-08-18 05:29:30,339 - INFO - HTTP Request: POST http://localhost:8001/v1/chat/completions "HTTP/1.1 200 OK"
2026-08-18 05:29:32,205 - INFO - HTTP Request: POST http://localhost:8001/v1/chat/completions "HTTP/1.1 200 OK"
2026-08-18 05:29:42,604 - INFO - HTTP Request: POST http://localhost:8001/v1/chat/completions "HTTP/1.1 200 OK"

2026-08-18 05:29:42,821 - INFO - HTTP Request: POST http://localhost:8001/v1/chat/completions "HTTP/1.1 200 OK"

2026-08-18 05:30:02,383 - INFO - HTTP Request: POST http://localhost:8001/v1/chat/completions "HTTP/1.1 200 OK"
2026-08-18 05:30:10,980 - INFO - HTTP Request: POST http://localhost:8001/v1/chat/completions "HTTP/1.1 200 OK"
2026-08-18 05:30:11,531 - INFO - HTTP Request: POST http://localhost:8001/v1/chat/completions "HTTP/1.1 200 OK"

2026-08-18 05:30:26,178 - INFO - HTTP Request: POST http://localhost:8001/v1/chat/completions "HTTP/1.1 200 OK"

2026-08-18 05:30:39,855 - INFO - HTTP Request: POST http://localhost:8001/v1/chat/completions "HTTP/1.1 200 OK"
2026-08-18 05:30:46,060 - INFO - HTTP Request: POST http://localhost:8001/v1/chat/completions "HTTP/1.1 200 OK"
2026-08-18 05:30:50,168 - INFO - HTTP Request: POST http://localhost:8001/v1/chat/completions "HTTP/1.1 200 OK"

2026-08-18 05:30:59,968 - INFO - HTTP Request: POST http://localhost:8001/v1/chat/completions "HTTP/1.1 200 OK"

2026-08-18 05:31:09,748 - INFO - HTTP Request: POST http://localhost:8001/v1/chat/completions "HTTP/1.1 200 OK"
2026-08-18 05:31:24,204 - INFO - HTTP Request: POST http://localhost:8001/v1/chat/completions "HTTP/1.1 200 OK"

2026-08-18 05:31:28,788 - INFO - HTTP Request: POST http://localhost:8001/v1/chat/completions "HTTP/1.1 200 OK"
2026-08-18 05:31:42,655 - INFO - HTTP Request: POST http://localhost:8001/v1/chat/completions "HTTP/1.1 200 OK"

2026-08-18 05:31:53,087 - INFO - HTTP Request: POST http://localhost:8001/v1/chat/completions "HTTP/1.1 200 OK"
2026-08-18 05:32:07,111 - INFO - HTTP Request: POST http://localhost:8001/v1/chat/completions "HTTP/1.1 200 OK"

2026-08-18 05:32:14,944 - INFO - HTTP Request: POST http://localhost:8001/v1/chat/completions "HTTP/1.1 200 OK"
2026-08-18 05:32:26,663 - INFO - HTTP Request: POST http://localhost:8001/v1/chat/completions "HTTP/1.1 200 OK"

r5_cfg1:  98%|█████████▊| 49/50 [1:15:33<02:02, 122.44s/it]2026-08-18 05:32:29,163 - INFO - HTTP Request: POST http://localhost:8001/v1/chat/completions "HTTP/1.1 200 OK"
2026-08-18 05:32:31,768 - INFO - HTTP Request: POST http://localhost:8001/v1/chat/completions "HTTP/1.1 200 OK"

r5_cfg1: 100%|██████████| 50/50 [1:15:38<00:00, 87.24s/it] r5_cfg1: 100%|██████████| 50/50 [1:15:39<00:00, 90.78s/it]
  done in 4539.1s (valid 50/50, invalid {})

Scored 1 model/s.
Report:  /LAB/Swiss-Knife/tribunal/bayes_search_honesty/eval_results/round5/r5_cfg1/report/index.html
Tables:  /LAB/Swiss-Knife/tribunal/bayes_search_honesty/eval_results/round5/r5_cfg1/model_summary.csv, /LAB/Swiss-Knife/tribunal/bayes_search_honesty/eval_results/round5/r5_cfg1/summary.csv
