2026-08-17 16:00:18,766 - INFO - Judge client pointed at http://localhost:8001/v1
2026-08-17 16:00:21,969 - INFO - Loading Detoxify model (CPU)
2026-08-17 16:00:25,573 - INFO - HTTP Request: HEAD https://huggingface.co/bert-base-uncased/resolve/main/config.json "HTTP/1.1 200 OK"
Warning: You are sending unauthenticated requests to the HF Hub. Please set a HF_TOKEN to enable higher rate limits and faster downloads.
2026-08-17 16:00:25,573 - WARNING - Warning: You are sending unauthenticated requests to the HF Hub. Please set a HF_TOKEN to enable higher rate limits and faster downloads.
input:  /LAB/Swiss-Knife/tribunal/bayes_search_honesty/eval_results/round0/r0_cfg41/_tribunal_input_tmp (1 model file/s)
output: /LAB/Swiss-Knife/tribunal/bayes_search_honesty/eval_results/round0/r0_cfg41
judge:  Qwen/Qwen2.5-32B-Instruct @ http://localhost:8001/v1
detoxify cross-check: True
Loading weights:   0%|          | 0/201 [00:00<?, ?it/s]Loading weights: 100%|██████████| 201/201 [00:00<00:00, 28205.26it/s]
2026-08-17 16:00:25,901 - INFO - HTTP Request: HEAD https://huggingface.co/bert-base-uncased/resolve/main/tokenizer_config.json "HTTP/1.1 200 OK"
2026-08-17 16:00:26,126 - INFO - HTTP Request: GET https://huggingface.co/api/models/bert-base-uncased/tree/main/additional_chat_templates?recursive=false&expand=false "HTTP/1.1 307 Temporary Redirect"
2026-08-17 16:00:26,340 - INFO - HTTP Request: GET https://huggingface.co/api/models/google-bert/bert-base-uncased/tree/main/additional_chat_templates?recursive=false&expand=false "HTTP/1.1 404 Not Found"
2026-08-17 16:00:26,563 - INFO - HTTP Request: GET https://huggingface.co/api/models/bert-base-uncased/tree/main?recursive=true&expand=false "HTTP/1.1 307 Temporary Redirect"
2026-08-17 16:00:26,801 - INFO - HTTP Request: GET https://huggingface.co/api/models/google-bert/bert-base-uncased/tree/main?recursive=true&expand=false "HTTP/1.1 200 OK"

[1/1] r0_cfg41
  scoring 50 records (0 skipped or cached) [workers=4]
r0_cfg41:   0%|          | 0/50 [00:00<?, ?it/s]2026-08-17 16:00:48,748 - INFO - HTTP Request: POST http://localhost:8001/v1/chat/completions "HTTP/1.1 200 OK"
2026-08-17 16:00:48,963 - INFO - HTTP Request: POST http://localhost:8001/v1/chat/completions "HTTP/1.1 200 OK"
2026-08-17 16:00:48,967 - INFO - HTTP Request: POST http://localhost:8001/v1/chat/completions "HTTP/1.1 200 OK"
2026-08-17 16:00:49,563 - INFO - HTTP Request: POST http://localhost:8001/v1/chat/completions "HTTP/1.1 200 OK"
2026-08-17 16:01:01,200 - INFO - HTTP Request: POST http://localhost:8001/v1/chat/completions "HTTP/1.1 200 OK"

2026-08-17 16:01:03,010 - INFO - HTTP Request: POST http://localhost:8001/v1/chat/completions "HTTP/1.1 200 OK"

2026-08-17 16:01:06,712 - INFO - HTTP Request: POST http://localhost:8001/v1/chat/completions "HTTP/1.1 200 OK"

2026-08-17 16:01:08,234 - INFO - HTTP Request: POST http://localhost:8001/v1/chat/completions "HTTP/1.1 200 OK"

2026-08-17 16:01:27,307 - INFO - HTTP Request: POST http://localhost:8001/v1/chat/completions "HTTP/1.1 200 OK"
2026-08-17 16:01:29,351 - INFO - HTTP Request: POST http://localhost:8001/v1/chat/completions "HTTP/1.1 200 OK"
2026-08-17 16:01:33,141 - INFO - HTTP Request: POST http://localhost:8001/v1/chat/completions "HTTP/1.1 200 OK"
2026-08-17 16:01:35,314 - INFO - HTTP Request: POST http://localhost:8001/v1/chat/completions "HTTP/1.1 200 OK"
2026-08-17 16:01:39,822 - INFO - HTTP Request: POST http://localhost:8001/v1/chat/completions "HTTP/1.1 200 OK"

2026-08-17 16:01:42,050 - INFO - HTTP Request: POST http://localhost:8001/v1/chat/completions "HTTP/1.1 200 OK"

2026-08-17 16:01:45,752 - INFO - HTTP Request: POST http://localhost:8001/v1/chat/completions "HTTP/1.1 200 OK"

2026-08-17 16:01:47,926 - INFO - HTTP Request: POST http://localhost:8001/v1/chat/completions "HTTP/1.1 200 OK"

2026-08-17 16:02:03,111 - INFO - HTTP Request: POST http://localhost:8001/v1/chat/completions "HTTP/1.1 200 OK"
2026-08-17 16:02:06,808 - INFO - HTTP Request: POST http://localhost:8001/v1/chat/completions "HTTP/1.1 200 OK"
2026-08-17 16:02:09,711 - INFO - HTTP Request: POST http://localhost:8001/v1/chat/completions "HTTP/1.1 200 OK"
2026-08-17 16:02:13,346 - INFO - HTTP Request: POST http://localhost:8001/v1/chat/completions "HTTP/1.1 200 OK"
2026-08-17 16:02:17,854 - INFO - HTTP Request: POST http://localhost:8001/v1/chat/completions "HTTP/1.1 200 OK"

2026-08-17 16:02:20,083 - INFO - HTTP Request: POST http://localhost:8001/v1/chat/completions "HTTP/1.1 200 OK"

2026-08-17 16:02:20,517 - INFO - HTTP Request: POST http://localhost:8001/v1/chat/completions "HTTP/1.1 200 OK"

2026-08-17 16:02:23,793 - INFO - HTTP Request: POST http://localhost:8001/v1/chat/completions "HTTP/1.1 200 OK"

2026-08-17 16:02:41,808 - INFO - HTTP Request: POST http://localhost:8001/v1/chat/completions "HTTP/1.1 200 OK"
2026-08-17 16:02:44,630 - INFO - HTTP Request: POST http://localhost:8001/v1/chat/completions "HTTP/1.1 200 OK"
2026-08-17 16:02:44,848 - INFO - HTTP Request: POST http://localhost:8001/v1/chat/completions "HTTP/1.1 200 OK"
2026-08-17 16:02:48,877 - INFO - HTTP Request: POST http://localhost:8001/v1/chat/completions "HTTP/1.1 200 OK"
2026-08-17 16:02:55,412 - INFO - HTTP Request: POST http://localhost:8001/v1/chat/completions "HTTP/1.1 200 OK"

2026-08-17 16:02:58,081 - INFO - HTTP Request: POST http://localhost:8001/v1/chat/completions "HTTP/1.1 200 OK"

2026-08-17 16:02:58,082 - INFO - HTTP Request: POST http://localhost:8001/v1/chat/completions "HTTP/1.1 200 OK"

2026-08-17 16:03:01,785 - INFO - HTTP Request: POST http://localhost:8001/v1/chat/completions "HTTP/1.1 200 OK"

2026-08-17 16:03:15,244 - INFO - HTTP Request: POST http://localhost:8001/v1/chat/completions "HTTP/1.1 200 OK"
2026-08-17 16:03:18,288 - INFO - HTTP Request: POST http://localhost:8001/v1/chat/completions "HTTP/1.1 200 OK"
2026-08-17 16:03:18,289 - INFO - HTTP Request: POST http://localhost:8001/v1/chat/completions "HTTP/1.1 200 OK"
2026-08-17 16:03:22,519 - INFO - HTTP Request: POST http://localhost:8001/v1/chat/completions "HTTP/1.1 200 OK"
2026-08-17 16:03:29,210 - INFO - HTTP Request: POST http://localhost:8001/v1/chat/completions "HTTP/1.1 200 OK"

2026-08-17 16:03:31,239 - INFO - HTTP Request: POST http://localhost:8001/v1/chat/completions "HTTP/1.1 200 OK"

2026-08-17 16:03:31,674 - INFO - HTTP Request: POST http://localhost:8001/v1/chat/completions "HTTP/1.1 200 OK"

2026-08-17 16:03:37,767 - INFO - HTTP Request: POST http://localhost:8001/v1/chat/completions "HTTP/1.1 200 OK"

2026-08-17 16:03:57,956 - INFO - HTTP Request: POST http://localhost:8001/v1/chat/completions "HTTP/1.1 200 OK"
2026-08-17 16:04:00,213 - INFO - HTTP Request: POST http://localhost:8001/v1/chat/completions "HTTP/1.1 200 OK"
2026-08-17 16:04:00,951 - INFO - HTTP Request: POST http://localhost:8001/v1/chat/completions "HTTP/1.1 200 OK"
2026-08-17 16:04:07,382 - INFO - HTTP Request: POST http://localhost:8001/v1/chat/completions "HTTP/1.1 200 OK"
2026-08-17 16:04:12,061 - INFO - HTTP Request: POST http://localhost:8001/v1/chat/completions "HTTP/1.1 200 OK"

2026-08-17 16:04:14,531 - INFO - HTTP Request: POST http://localhost:8001/v1/chat/completions "HTTP/1.1 200 OK"

2026-08-17 16:04:15,188 - INFO - HTTP Request: POST http://localhost:8001/v1/chat/completions "HTTP/1.1 200 OK"

2026-08-17 16:04:23,014 - INFO - HTTP Request: POST http://localhost:8001/v1/chat/completions "HTTP/1.1 200 OK"

2026-08-17 16:04:32,132 - INFO - HTTP Request: POST http://localhost:8001/v1/chat/completions "HTTP/1.1 200 OK"
2026-08-17 16:04:34,842 - INFO - HTTP Request: POST http://localhost:8001/v1/chat/completions "HTTP/1.1 200 OK"
2026-08-17 16:04:35,868 - INFO - HTTP Request: POST http://localhost:8001/v1/chat/completions "HTTP/1.1 200 OK"
2026-08-17 16:04:44,029 - INFO - HTTP Request: POST http://localhost:8001/v1/chat/completions "HTTP/1.1 200 OK"
2026-08-17 16:04:46,799 - INFO - HTTP Request: POST http://localhost:8001/v1/chat/completions "HTTP/1.1 200 OK"

2026-08-17 16:04:50,210 - INFO - HTTP Request: POST http://localhost:8001/v1/chat/completions "HTTP/1.1 200 OK"

2026-08-17 16:04:50,211 - INFO - HTTP Request: POST http://localhost:8001/v1/chat/completions "HTTP/1.1 200 OK"

2026-08-17 16:04:56,304 - INFO - HTTP Request: POST http://localhost:8001/v1/chat/completions "HTTP/1.1 200 OK"

2026-08-17 16:05:16,066 - INFO - HTTP Request: POST http://localhost:8001/v1/chat/completions "HTTP/1.1 200 OK"
2026-08-17 16:05:19,701 - INFO - HTTP Request: POST http://localhost:8001/v1/chat/completions "HTTP/1.1 200 OK"
2026-08-17 16:05:19,702 - INFO - HTTP Request: POST http://localhost:8001/v1/chat/completions "HTTP/1.1 200 OK"
2026-08-17 16:05:26,483 - INFO - HTTP Request: POST http://localhost:8001/v1/chat/completions "HTTP/1.1 200 OK"
2026-08-17 16:05:34,487 - INFO - HTTP Request: POST http://localhost:8001/v1/chat/completions "HTTP/1.1 200 OK"

2026-08-17 16:05:36,586 - INFO - HTTP Request: POST http://localhost:8001/v1/chat/completions "HTTP/1.1 200 OK"

2026-08-17 16:05:38,120 - INFO - HTTP Request: POST http://localhost:8001/v1/chat/completions "HTTP/1.1 200 OK"

2026-08-17 16:05:40,522 - INFO - HTTP Request: POST http://localhost:8001/v1/chat/completions "HTTP/1.1 200 OK"

2026-08-17 16:06:05,715 - INFO - HTTP Request: POST http://localhost:8001/v1/chat/completions "HTTP/1.1 200 OK"
2026-08-17 16:06:08,047 - INFO - HTTP Request: POST http://localhost:8001/v1/chat/completions "HTTP/1.1 200 OK"
2026-08-17 16:06:11,470 - INFO - HTTP Request: POST http://localhost:8001/v1/chat/completions "HTTP/1.1 200 OK"
2026-08-17 16:06:14,753 - INFO - HTTP Request: POST http://localhost:8001/v1/chat/completions "HTTP/1.1 200 OK"
2026-08-17 16:06:19,204 - INFO - HTTP Request: POST http://localhost:8001/v1/chat/completions "HTTP/1.1 200 OK"

r0_cfg41:   2%|▏         | 1/50 [05:52<4:47:44, 352.33s/it]2026-08-17 16:06:21,605 - INFO - HTTP Request: POST http://localhost:8001/v1/chat/completions "HTTP/1.1 200 OK"

r0_cfg41:   4%|▍         | 2/50 [05:54<1:57:11, 146.49s/it]2026-08-17 16:06:25,312 - INFO - HTTP Request: POST http://localhost:8001/v1/chat/completions "HTTP/1.1 200 OK"

r0_cfg41:   6%|▌         | 3/50 [05:58<1:03:40, 81.29s/it] 2026-08-17 16:06:26,836 - INFO - HTTP Request: POST http://localhost:8001/v1/chat/completions "HTTP/1.1 200 OK"

r0_cfg41:   8%|▊         | 4/50 [05:59<38:10, 49.80s/it]  2026-08-17 16:06:41,159 - INFO - HTTP Request: POST http://localhost:8001/v1/chat/completions "HTTP/1.1 200 OK"
2026-08-17 16:06:43,701 - INFO - HTTP Request: POST http://localhost:8001/v1/chat/completions "HTTP/1.1 200 OK"
2026-08-17 16:06:47,934 - INFO - HTTP Request: POST http://localhost:8001/v1/chat/completions "HTTP/1.1 200 OK"
2026-08-17 16:06:49,778 - INFO - HTTP Request: POST http://localhost:8001/v1/chat/completions "HTTP/1.1 200 OK"
2026-08-17 16:06:57,070 - INFO - HTTP Request: POST http://localhost:8001/v1/chat/completions "HTTP/1.1 200 OK"

2026-08-17 16:06:58,163 - INFO - HTTP Request: POST http://localhost:8001/v1/chat/completions "HTTP/1.1 200 OK"

2026-08-17 16:07:00,997 - INFO - HTTP Request: POST http://localhost:8001/v1/chat/completions "HTTP/1.1 200 OK"
2026-08-17 16:07:00,998 - INFO - HTTP Request: POST http://localhost:8001/v1/chat/completions "HTTP/1.1 200 OK"


2026-08-17 16:07:23,138 - INFO - HTTP Request: POST http://localhost:8001/v1/chat/completions "HTTP/1.1 200 OK"
2026-08-17 16:07:24,542 - INFO - HTTP Request: POST http://localhost:8001/v1/chat/completions "HTTP/1.1 200 OK"
2026-08-17 16:07:27,747 - INFO - HTTP Request: POST http://localhost:8001/v1/chat/completions "HTTP/1.1 200 OK"
2026-08-17 16:07:27,748 - INFO - HTTP Request: POST http://localhost:8001/v1/chat/completions "HTTP/1.1 200 OK"
2026-08-17 16:07:37,583 - INFO - HTTP Request: POST http://localhost:8001/v1/chat/completions "HTTP/1.1 200 OK"

2026-08-17 16:07:39,547 - INFO - HTTP Request: POST http://localhost:8001/v1/chat/completions "HTTP/1.1 200 OK"

2026-08-17 16:07:39,983 - INFO - HTTP Request: POST http://localhost:8001/v1/chat/completions "HTTP/1.1 200 OK"

2026-08-17 16:07:41,076 - INFO - HTTP Request: POST http://localhost:8001/v1/chat/completions "HTTP/1.1 200 OK"

2026-08-17 16:08:01,915 - INFO - HTTP Request: POST http://localhost:8001/v1/chat/completions "HTTP/1.1 200 OK"
2026-08-17 16:08:04,189 - INFO - HTTP Request: POST http://localhost:8001/v1/chat/completions "HTTP/1.1 200 OK"
2026-08-17 16:08:04,925 - INFO - HTTP Request: POST http://localhost:8001/v1/chat/completions "HTTP/1.1 200 OK"
2026-08-17 16:08:06,403 - INFO - HTTP Request: POST http://localhost:8001/v1/chat/completions "HTTP/1.1 200 OK"
2026-08-17 16:08:18,283 - INFO - HTTP Request: POST http://localhost:8001/v1/chat/completions "HTTP/1.1 200 OK"

2026-08-17 16:08:18,719 - INFO - HTTP Request: POST http://localhost:8001/v1/chat/completions "HTTP/1.1 200 OK"

2026-08-17 16:08:19,393 - INFO - HTTP Request: POST http://localhost:8001/v1/chat/completions "HTTP/1.1 200 OK"

2026-08-17 16:08:20,271 - INFO - HTTP Request: POST http://localhost:8001/v1/chat/completions "HTTP/1.1 200 OK"

2026-08-17 16:08:42,413 - INFO - HTTP Request: POST http://localhost:8001/v1/chat/completions "HTTP/1.1 200 OK"
2026-08-17 16:08:42,631 - INFO - HTTP Request: POST http://localhost:8001/v1/chat/completions "HTTP/1.1 200 OK"
2026-08-17 16:08:44,126 - INFO - HTTP Request: POST http://localhost:8001/v1/chat/completions "HTTP/1.1 200 OK"
2026-08-17 16:08:45,381 - INFO - HTTP Request: POST http://localhost:8001/v1/chat/completions "HTTP/1.1 200 OK"
2026-08-17 16:08:56,173 - INFO - HTTP Request: POST http://localhost:8001/v1/chat/completions "HTTP/1.1 200 OK"

2026-08-17 16:08:57,273 - INFO - HTTP Request: POST http://localhost:8001/v1/chat/completions "HTTP/1.1 200 OK"

2026-08-17 16:08:57,708 - INFO - HTTP Request: POST http://localhost:8001/v1/chat/completions "HTTP/1.1 200 OK"

2026-08-17 16:08:58,815 - INFO - HTTP Request: POST http://localhost:8001/v1/chat/completions "HTTP/1.1 200 OK"

2026-08-17 16:09:15,961 - INFO - HTTP Request: POST http://localhost:8001/v1/chat/completions "HTTP/1.1 200 OK"
2026-08-17 16:09:17,364 - INFO - HTTP Request: POST http://localhost:8001/v1/chat/completions "HTTP/1.1 200 OK"
2026-08-17 16:09:18,083 - INFO - HTTP Request: POST http://localhost:8001/v1/chat/completions "HTTP/1.1 200 OK"
2026-08-17 16:09:19,521 - INFO - HTTP Request: POST http://localhost:8001/v1/chat/completions "HTTP/1.1 200 OK"
2026-08-17 16:09:27,088 - INFO - HTTP Request: POST http://localhost:8001/v1/chat/completions "HTTP/1.1 200 OK"

2026-08-17 16:09:28,834 - INFO - HTTP Request: POST http://localhost:8001/v1/chat/completions "HTTP/1.1 200 OK"

2026-08-17 16:09:29,491 - INFO - HTTP Request: POST http://localhost:8001/v1/chat/completions "HTTP/1.1 200 OK"

2026-08-17 16:09:32,320 - INFO - HTTP Request: POST http://localhost:8001/v1/chat/completions "HTTP/1.1 200 OK"

2026-08-17 16:09:55,778 - INFO - HTTP Request: POST http://localhost:8001/v1/chat/completions "HTTP/1.1 200 OK"
2026-08-17 16:09:57,833 - INFO - HTTP Request: POST http://localhost:8001/v1/chat/completions "HTTP/1.1 200 OK"
2026-08-17 16:09:58,801 - INFO - HTTP Request: POST http://localhost:8001/v1/chat/completions "HTTP/1.1 200 OK"
2026-08-17 16:10:01,944 - INFO - HTTP Request: POST http://localhost:8001/v1/chat/completions "HTTP/1.1 200 OK"
2026-08-17 16:10:08,586 - INFO - HTTP Request: POST http://localhost:8001/v1/chat/completions "HTTP/1.1 200 OK"

2026-08-17 16:10:11,205 - INFO - HTTP Request: POST http://localhost:8001/v1/chat/completions "HTTP/1.1 200 OK"

2026-08-17 16:10:12,950 - INFO - HTTP Request: POST http://localhost:8001/v1/chat/completions "HTTP/1.1 200 OK"

2026-08-17 16:10:17,299 - INFO - HTTP Request: POST http://localhost:8001/v1/chat/completions "HTTP/1.1 200 OK"

2026-08-17 16:10:28,587 - INFO - HTTP Request: POST http://localhost:8001/v1/chat/completions "HTTP/1.1 200 OK"
2026-08-17 16:10:31,513 - INFO - HTTP Request: POST http://localhost:8001/v1/chat/completions "HTTP/1.1 200 OK"
2026-08-17 16:10:33,571 - INFO - HTTP Request: POST http://localhost:8001/v1/chat/completions "HTTP/1.1 200 OK"
2026-08-17 16:10:38,249 - INFO - HTTP Request: POST http://localhost:8001/v1/chat/completions "HTTP/1.1 200 OK"
2026-08-17 16:10:46,036 - INFO - HTTP Request: POST http://localhost:8001/v1/chat/completions "HTTP/1.1 200 OK"

2026-08-17 16:10:48,655 - INFO - HTTP Request: POST http://localhost:8001/v1/chat/completions "HTTP/1.1 200 OK"

2026-08-17 16:10:49,091 - INFO - HTTP Request: POST http://localhost:8001/v1/chat/completions "HTTP/1.1 200 OK"

2026-08-17 16:10:49,529 - INFO - HTTP Request: POST http://localhost:8001/v1/chat/completions "HTTP/1.1 200 OK"

2026-08-17 16:11:15,155 - INFO - HTTP Request: POST http://localhost:8001/v1/chat/completions "HTTP/1.1 200 OK"
2026-08-17 16:11:18,084 - INFO - HTTP Request: POST http://localhost:8001/v1/chat/completions "HTTP/1.1 200 OK"
2026-08-17 16:11:18,817 - INFO - HTTP Request: POST http://localhost:8001/v1/chat/completions "HTTP/1.1 200 OK"
2026-08-17 16:11:19,570 - INFO - HTTP Request: POST http://localhost:8001/v1/chat/completions "HTTP/1.1 200 OK"
2026-08-17 16:11:29,990 - INFO - HTTP Request: POST http://localhost:8001/v1/chat/completions "HTTP/1.1 200 OK"

2026-08-17 16:11:32,398 - INFO - HTTP Request: POST http://localhost:8001/v1/chat/completions "HTTP/1.1 200 OK"

2026-08-17 16:11:33,062 - INFO - HTTP Request: POST http://localhost:8001/v1/chat/completions "HTTP/1.1 200 OK"

2026-08-17 16:11:35,898 - INFO - HTTP Request: POST http://localhost:8001/v1/chat/completions "HTTP/1.1 200 OK"

2026-08-17 16:12:01,308 - INFO - HTTP Request: POST http://localhost:8001/v1/chat/completions "HTTP/1.1 200 OK"
2026-08-17 16:12:04,798 - INFO - HTTP Request: POST http://localhost:8001/v1/chat/completions "HTTP/1.1 200 OK"
2026-08-17 16:12:05,827 - INFO - HTTP Request: POST http://localhost:8001/v1/chat/completions "HTTP/1.1 200 OK"
2026-08-17 16:12:10,067 - INFO - HTTP Request: POST http://localhost:8001/v1/chat/completions "HTTP/1.1 200 OK"
2026-08-17 16:12:12,570 - INFO - HTTP Request: POST http://localhost:8001/v1/chat/completions "HTTP/1.1 200 OK"

r0_cfg41:  10%|█         | 5/50 [11:45<1:57:23, 156.52s/it]2026-08-17 16:12:16,498 - INFO - HTTP Request: POST http://localhost:8001/v1/chat/completions "HTTP/1.1 200 OK"

r0_cfg41:  12%|█▏        | 6/50 [11:49<1:16:44, 104.64s/it]2026-08-17 16:12:17,152 - INFO - HTTP Request: POST http://localhost:8001/v1/chat/completions "HTTP/1.1 200 OK"

r0_cfg41:  14%|█▍        | 7/50 [11:50<50:37, 70.64s/it]   2026-08-17 16:12:23,026 - INFO - HTTP Request: POST http://localhost:8001/v1/chat/completions "HTTP/1.1 200 OK"

r0_cfg41:  16%|█▌        | 8/50 [11:56<35:00, 50.02s/it]2026-08-17 16:12:34,310 - INFO - HTTP Request: POST http://localhost:8001/v1/chat/completions "HTTP/1.1 200 OK"
2026-08-17 16:12:38,592 - INFO - HTTP Request: POST http://localhost:8001/v1/chat/completions "HTTP/1.1 200 OK"
2026-08-17 16:12:39,831 - INFO - HTTP Request: POST http://localhost:8001/v1/chat/completions "HTTP/1.1 200 OK"
2026-08-17 16:12:46,032 - INFO - HTTP Request: POST http://localhost:8001/v1/chat/completions "HTTP/1.1 200 OK"
2026-08-17 16:12:51,150 - INFO - HTTP Request: POST http://localhost:8001/v1/chat/completions "HTTP/1.1 200 OK"

2026-08-17 16:12:52,460 - INFO - HTTP Request: POST http://localhost:8001/v1/chat/completions "HTTP/1.1 200 OK"

2026-08-17 16:12:56,163 - INFO - HTTP Request: POST http://localhost:8001/v1/chat/completions "HTTP/1.1 200 OK"

2026-08-17 16:12:57,903 - INFO - HTTP Request: POST http://localhost:8001/v1/chat/completions "HTTP/1.1 200 OK"

2026-08-17 16:13:17,216 - INFO - HTTP Request: POST http://localhost:8001/v1/chat/completions "HTTP/1.1 200 OK"
2026-08-17 16:13:18,893 - INFO - HTTP Request: POST http://localhost:8001/v1/chat/completions "HTTP/1.1 200 OK"
2026-08-17 16:13:22,909 - INFO - HTTP Request: POST http://localhost:8001/v1/chat/completions "HTTP/1.1 200 OK"
2026-08-17 16:13:25,023 - INFO - HTTP Request: POST http://localhost:8001/v1/chat/completions "HTTP/1.1 200 OK"
2026-08-17 16:13:32,374 - INFO - HTTP Request: POST http://localhost:8001/v1/chat/completions "HTTP/1.1 200 OK"

2026-08-17 16:13:33,032 - INFO - HTTP Request: POST http://localhost:8001/v1/chat/completions "HTTP/1.1 200 OK"

2026-08-17 16:13:34,994 - INFO - HTTP Request: POST http://localhost:8001/v1/chat/completions "HTTP/1.1 200 OK"

2026-08-17 16:13:35,866 - INFO - HTTP Request: POST http://localhost:8001/v1/chat/completions "HTTP/1.1 200 OK"

2026-08-17 16:13:56,267 - INFO - HTTP Request: POST http://localhost:8001/v1/chat/completions "HTTP/1.1 200 OK"
2026-08-17 16:13:57,000 - INFO - HTTP Request: POST http://localhost:8001/v1/chat/completions "HTTP/1.1 200 OK"
2026-08-17 16:13:59,997 - INFO - HTTP Request: POST http://localhost:8001/v1/chat/completions "HTTP/1.1 200 OK"
2026-08-17 16:14:01,237 - INFO - HTTP Request: POST http://localhost:8001/v1/chat/completions "HTTP/1.1 200 OK"
2026-08-17 16:14:09,680 - INFO - HTTP Request: POST http://localhost:8001/v1/chat/completions "HTTP/1.1 200 OK"

2026-08-17 16:14:11,215 - INFO - HTTP Request: POST http://localhost:8001/v1/chat/completions "HTTP/1.1 200 OK"

2026-08-17 16:14:14,273 - INFO - HTTP Request: POST http://localhost:8001/v1/chat/completions "HTTP/1.1 200 OK"

2026-08-17 16:14:15,369 - INFO - HTTP Request: POST http://localhost:8001/v1/chat/completions "HTTP/1.1 200 OK"

2026-08-17 16:14:33,819 - INFO - HTTP Request: POST http://localhost:8001/v1/chat/completions "HTTP/1.1 200 OK"
2026-08-17 16:14:35,059 - INFO - HTTP Request: POST http://localhost:8001/v1/chat/completions "HTTP/1.1 200 OK"
2026-08-17 16:14:39,190 - INFO - HTTP Request: POST http://localhost:8001/v1/chat/completions "HTTP/1.1 200 OK"
2026-08-17 16:14:40,597 - INFO - HTTP Request: POST http://localhost:8001/v1/chat/completions "HTTP/1.1 200 OK"
2026-08-17 16:14:47,243 - INFO - HTTP Request: POST http://localhost:8001/v1/chat/completions "HTTP/1.1 200 OK"

2026-08-17 16:14:50,085 - INFO - HTTP Request: POST http://localhost:8001/v1/chat/completions "HTTP/1.1 200 OK"

2026-08-17 16:14:52,055 - INFO - HTTP Request: POST http://localhost:8001/v1/chat/completions "HTTP/1.1 200 OK"

2026-08-17 16:14:53,368 - INFO - HTTP Request: POST http://localhost:8001/v1/chat/completions "HTTP/1.1 200 OK"

2026-08-17 16:15:07,039 - INFO - HTTP Request: POST http://localhost:8001/v1/chat/completions "HTTP/1.1 200 OK"
2026-08-17 16:15:09,801 - INFO - HTTP Request: POST http://localhost:8001/v1/chat/completions "HTTP/1.1 200 OK"
2026-08-17 16:15:12,621 - INFO - HTTP Request: POST http://localhost:8001/v1/chat/completions "HTTP/1.1 200 OK"
2026-08-17 16:15:14,295 - INFO - HTTP Request: POST http://localhost:8001/v1/chat/completions "HTTP/1.1 200 OK"
2026-08-17 16:15:18,587 - INFO - HTTP Request: POST http://localhost:8001/v1/chat/completions "HTTP/1.1 200 OK"

2026-08-17 16:15:23,819 - INFO - HTTP Request: POST http://localhost:8001/v1/chat/completions "HTTP/1.1 200 OK"

2026-08-17 16:15:25,128 - INFO - HTTP Request: POST http://localhost:8001/v1/chat/completions "HTTP/1.1 200 OK"

2026-08-17 16:15:27,739 - INFO - HTTP Request: POST http://localhost:8001/v1/chat/completions "HTTP/1.1 200 OK"

2026-08-17 16:15:47,271 - INFO - HTTP Request: POST http://localhost:8001/v1/chat/completions "HTTP/1.1 200 OK"
2026-08-17 16:15:52,854 - INFO - HTTP Request: POST http://localhost:8001/v1/chat/completions "HTTP/1.1 200 OK"
2026-08-17 16:15:54,475 - INFO - HTTP Request: POST http://localhost:8001/v1/chat/completions "HTTP/1.1 200 OK"
2026-08-17 16:15:57,400 - INFO - HTTP Request: POST http://localhost:8001/v1/chat/completions "HTTP/1.1 200 OK"
2026-08-17 16:16:04,476 - INFO - HTTP Request: POST http://localhost:8001/v1/chat/completions "HTTP/1.1 200 OK"

2026-08-17 16:16:06,005 - INFO - HTTP Request: POST http://localhost:8001/v1/chat/completions "HTTP/1.1 200 OK"

2026-08-17 16:16:09,707 - INFO - HTTP Request: POST http://localhost:8001/v1/chat/completions "HTTP/1.1 200 OK"

2026-08-17 16:16:09,925 - INFO - HTTP Request: POST http://localhost:8001/v1/chat/completions "HTTP/1.1 200 OK"

2026-08-17 16:16:24,467 - INFO - HTTP Request: POST http://localhost:8001/v1/chat/completions "HTTP/1.1 200 OK"
2026-08-17 16:16:26,360 - INFO - HTTP Request: POST http://localhost:8001/v1/chat/completions "HTTP/1.1 200 OK"
2026-08-17 16:16:30,428 - INFO - HTTP Request: POST http://localhost:8001/v1/chat/completions "HTTP/1.1 200 OK"
2026-08-17 16:16:30,646 - INFO - HTTP Request: POST http://localhost:8001/v1/chat/completions "HTTP/1.1 200 OK"
2026-08-17 16:16:39,616 - INFO - HTTP Request: POST http://localhost:8001/v1/chat/completions "HTTP/1.1 200 OK"

2026-08-17 16:16:41,145 - INFO - HTTP Request: POST http://localhost:8001/v1/chat/completions "HTTP/1.1 200 OK"

2026-08-17 16:16:43,108 - INFO - HTTP Request: POST http://localhost:8001/v1/chat/completions "HTTP/1.1 200 OK"

2026-08-17 16:16:47,459 - INFO - HTTP Request: POST http://localhost:8001/v1/chat/completions "HTTP/1.1 200 OK"

2026-08-17 16:17:08,735 - INFO - HTTP Request: POST http://localhost:8001/v1/chat/completions "HTTP/1.1 200 OK"
2026-08-17 16:17:10,628 - INFO - HTTP Request: POST http://localhost:8001/v1/chat/completions "HTTP/1.1 200 OK"
2026-08-17 16:17:12,957 - INFO - HTTP Request: POST http://localhost:8001/v1/chat/completions "HTTP/1.1 200 OK"
2026-08-17 16:17:17,634 - INFO - HTTP Request: POST http://localhost:8001/v1/chat/completions "HTTP/1.1 200 OK"
2026-08-17 16:17:23,022 - INFO - HTTP Request: POST http://localhost:8001/v1/chat/completions "HTTP/1.1 200 OK"

2026-08-17 16:17:24,556 - INFO - HTTP Request: POST http://localhost:8001/v1/chat/completions "HTTP/1.1 200 OK"

2026-08-17 16:17:30,010 - INFO - HTTP Request: POST http://localhost:8001/v1/chat/completions "HTTP/1.1 200 OK"

2026-08-17 16:17:30,673 - INFO - HTTP Request: POST http://localhost:8001/v1/chat/completions "HTTP/1.1 200 OK"

2026-08-17 16:17:55,651 - INFO - HTTP Request: POST http://localhost:8001/v1/chat/completions "HTTP/1.1 200 OK"
2026-08-17 16:17:57,980 - INFO - HTTP Request: POST http://localhost:8001/v1/chat/completions "HTTP/1.1 200 OK"
2026-08-17 16:18:03,369 - INFO - HTTP Request: POST http://localhost:8001/v1/chat/completions "HTTP/1.1 200 OK"
2026-08-17 16:18:04,830 - INFO - HTTP Request: POST http://localhost:8001/v1/chat/completions "HTTP/1.1 200 OK"
2026-08-17 16:18:08,639 - INFO - HTTP Request: POST http://localhost:8001/v1/chat/completions "HTTP/1.1 200 OK"

r0_cfg41:  18%|█▊        | 9/50 [17:41<1:37:19, 142.43s/it]2026-08-17 16:18:12,129 - INFO - HTTP Request: POST http://localhost:8001/v1/chat/completions "HTTP/1.1 200 OK"

r0_cfg41:  20%|██        | 10/50 [17:45<1:06:21, 99.53s/it]2026-08-17 16:18:16,925 - INFO - HTTP Request: POST http://localhost:8001/v1/chat/completions "HTTP/1.1 200 OK"

r0_cfg41:  22%|██▏       | 11/50 [17:50<45:51, 70.54s/it]  2026-08-17 16:18:22,140 - INFO - HTTP Request: POST http://localhost:8001/v1/chat/completions "HTTP/1.1 200 OK"

r0_cfg41:  24%|██▍       | 12/50 [17:55<32:05, 50.67s/it]2026-08-17 16:18:30,390 - INFO - HTTP Request: POST http://localhost:8001/v1/chat/completions "HTTP/1.1 200 OK"
2026-08-17 16:18:34,397 - INFO - HTTP Request: POST http://localhost:8001/v1/chat/completions "HTTP/1.1 200 OK"
2026-08-17 16:18:39,552 - INFO - HTTP Request: POST http://localhost:8001/v1/chat/completions "HTTP/1.1 200 OK"
2026-08-17 16:18:45,096 - INFO - HTTP Request: POST http://localhost:8001/v1/chat/completions "HTTP/1.1 200 OK"
2026-08-17 16:18:47,806 - INFO - HTTP Request: POST http://localhost:8001/v1/chat/completions "HTTP/1.1 200 OK"

2026-08-17 16:18:49,769 - INFO - HTTP Request: POST http://localhost:8001/v1/chat/completions "HTTP/1.1 200 OK"

2026-08-17 16:18:52,384 - INFO - HTTP Request: POST http://localhost:8001/v1/chat/completions "HTTP/1.1 200 OK"

2026-08-17 16:18:55,643 - INFO - HTTP Request: POST http://localhost:8001/v1/chat/completions "HTTP/1.1 200 OK"

2026-08-17 16:19:13,872 - INFO - HTTP Request: POST http://localhost:8001/v1/chat/completions "HTTP/1.1 200 OK"
2026-08-17 16:19:16,146 - INFO - HTTP Request: POST http://localhost:8001/v1/chat/completions "HTTP/1.1 200 OK"
2026-08-17 16:19:19,130 - INFO - HTTP Request: POST http://localhost:8001/v1/chat/completions "HTTP/1.1 200 OK"
2026-08-17 16:19:22,712 - INFO - HTTP Request: POST http://localhost:8001/v1/chat/completions "HTTP/1.1 200 OK"
2026-08-17 16:19:28,916 - INFO - HTTP Request: POST http://localhost:8001/v1/chat/completions "HTTP/1.1 200 OK"

2026-08-17 16:19:30,227 - INFO - HTTP Request: POST http://localhost:8001/v1/chat/completions "HTTP/1.1 200 OK"

2026-08-17 16:19:31,319 - INFO - HTTP Request: POST http://localhost:8001/v1/chat/completions "HTTP/1.1 200 OK"

2026-08-17 16:19:32,843 - INFO - HTTP Request: POST http://localhost:8001/v1/chat/completions "HTTP/1.1 200 OK"

2026-08-17 16:19:53,243 - INFO - HTTP Request: POST http://localhost:8001/v1/chat/completions "HTTP/1.1 200 OK"
2026-08-17 16:19:54,866 - INFO - HTTP Request: POST http://localhost:8001/v1/chat/completions "HTTP/1.1 200 OK"
2026-08-17 16:19:56,267 - INFO - HTTP Request: POST http://localhost:8001/v1/chat/completions "HTTP/1.1 200 OK"
2026-08-17 16:19:58,163 - INFO - HTTP Request: POST http://localhost:8001/v1/chat/completions "HTTP/1.1 200 OK"
2026-08-17 16:20:08,070 - INFO - HTTP Request: POST http://localhost:8001/v1/chat/completions "HTTP/1.1 200 OK"

2026-08-17 16:20:09,170 - INFO - HTTP Request: POST http://localhost:8001/v1/chat/completions "HTTP/1.1 200 OK"

2026-08-17 16:20:09,388 - INFO - HTTP Request: POST http://localhost:8001/v1/chat/completions "HTTP/1.1 200 OK"

2026-08-17 16:20:09,825 - INFO - HTTP Request: POST http://localhost:8001/v1/chat/completions "HTTP/1.1 200 OK"

2026-08-17 16:20:32,187 - INFO - HTTP Request: POST http://localhost:8001/v1/chat/completions "HTTP/1.1 200 OK"
2026-08-17 16:20:33,366 - INFO - HTTP Request: POST http://localhost:8001/v1/chat/completions "HTTP/1.1 200 OK"
2026-08-17 16:20:34,333 - INFO - HTTP Request: POST http://localhost:8001/v1/chat/completions "HTTP/1.1 200 OK"
2026-08-17 16:20:34,549 - INFO - HTTP Request: POST http://localhost:8001/v1/chat/completions "HTTP/1.1 200 OK"
2026-08-17 16:20:45,543 - INFO - HTTP Request: POST http://localhost:8001/v1/chat/completions "HTTP/1.1 200 OK"

2026-08-17 16:20:47,297 - INFO - HTTP Request: POST http://localhost:8001/v1/chat/completions "HTTP/1.1 200 OK"

2026-08-17 16:20:47,298 - INFO - HTTP Request: POST http://localhost:8001/v1/chat/completions "HTTP/1.1 200 OK"

2026-08-17 16:20:47,731 - INFO - HTTP Request: POST http://localhost:8001/v1/chat/completions "HTTP/1.1 200 OK"

2026-08-17 16:21:05,317 - INFO - HTTP Request: POST http://localhost:8001/v1/chat/completions "HTTP/1.1 200 OK"
2026-08-17 16:21:07,371 - INFO - HTTP Request: POST http://localhost:8001/v1/chat/completions "HTTP/1.1 200 OK"
2026-08-17 16:21:07,372 - INFO - HTTP Request: POST http://localhost:8001/v1/chat/completions "HTTP/1.1 200 OK"
2026-08-17 16:21:08,252 - INFO - HTTP Request: POST http://localhost:8001/v1/chat/completions "HTTP/1.1 200 OK"
2026-08-17 16:21:16,905 - INFO - HTTP Request: POST http://localhost:8001/v1/chat/completions "HTTP/1.1 200 OK"

2026-08-17 16:21:17,123 - INFO - HTTP Request: POST http://localhost:8001/v1/chat/completions "HTTP/1.1 200 OK"

2026-08-17 16:21:17,784 - INFO - HTTP Request: POST http://localhost:8001/v1/chat/completions "HTTP/1.1 200 OK"

2026-08-17 16:21:21,478 - INFO - HTTP Request: POST http://localhost:8001/v1/chat/completions "HTTP/1.1 200 OK"

2026-08-17 16:21:45,564 - INFO - HTTP Request: POST http://localhost:8001/v1/chat/completions "HTTP/1.1 200 OK"
2026-08-17 16:21:45,781 - INFO - HTTP Request: POST http://localhost:8001/v1/chat/completions "HTTP/1.1 200 OK"
2026-08-17 16:21:47,051 - INFO - HTTP Request: POST http://localhost:8001/v1/chat/completions "HTTP/1.1 200 OK"
2026-08-17 16:21:51,067 - INFO - HTTP Request: POST http://localhost:8001/v1/chat/completions "HTTP/1.1 200 OK"
2026-08-17 16:22:01,627 - INFO - HTTP Request: POST http://localhost:8001/v1/chat/completions "HTTP/1.1 200 OK"

2026-08-17 16:22:02,502 - INFO - HTTP Request: POST http://localhost:8001/v1/chat/completions "HTTP/1.1 200 OK"

2026-08-17 16:22:03,810 - INFO - HTTP Request: POST http://localhost:8001/v1/chat/completions "HTTP/1.1 200 OK"

2026-08-17 16:22:07,939 - INFO - HTTP Request: POST http://localhost:8001/v1/chat/completions "HTTP/1.1 200 OK"

2026-08-17 16:22:21,609 - INFO - HTTP Request: POST http://localhost:8001/v1/chat/completions "HTTP/1.1 200 OK"
2026-08-17 16:22:22,793 - INFO - HTTP Request: POST http://localhost:8001/v1/chat/completions "HTTP/1.1 200 OK"
2026-08-17 16:22:24,414 - INFO - HTTP Request: POST http://localhost:8001/v1/chat/completions "HTTP/1.1 200 OK"
2026-08-17 16:22:28,920 - INFO - HTTP Request: POST http://localhost:8001/v1/chat/completions "HTTP/1.1 200 OK"
2026-08-17 16:22:33,654 - INFO - HTTP Request: POST http://localhost:8001/v1/chat/completions "HTTP/1.1 200 OK"

2026-08-17 16:22:35,183 - INFO - HTTP Request: POST http://localhost:8001/v1/chat/completions "HTTP/1.1 200 OK"

2026-08-17 16:22:38,671 - INFO - HTTP Request: POST http://localhost:8001/v1/chat/completions "HTTP/1.1 200 OK"

2026-08-17 16:22:42,589 - INFO - HTTP Request: POST http://localhost:8001/v1/chat/completions "HTTP/1.1 200 OK"

2026-08-17 16:23:02,777 - INFO - HTTP Request: POST http://localhost:8001/v1/chat/completions "HTTP/1.1 200 OK"
2026-08-17 16:23:04,615 - INFO - HTTP Request: POST http://localhost:8001/v1/chat/completions "HTTP/1.1 200 OK"
2026-08-17 16:23:08,406 - INFO - HTTP Request: POST http://localhost:8001/v1/chat/completions "HTTP/1.1 200 OK"
2026-08-17 16:23:12,646 - INFO - HTTP Request: POST http://localhost:8001/v1/chat/completions "HTTP/1.1 200 OK"
2026-08-17 16:23:16,941 - INFO - HTTP Request: POST http://localhost:8001/v1/chat/completions "HTTP/1.1 200 OK"

2026-08-17 16:23:20,219 - INFO - HTTP Request: POST http://localhost:8001/v1/chat/completions "HTTP/1.1 200 OK"

2026-08-17 16:23:22,406 - INFO - HTTP Request: POST http://localhost:8001/v1/chat/completions "HTTP/1.1 200 OK"

2026-08-17 16:23:26,110 - INFO - HTTP Request: POST http://localhost:8001/v1/chat/completions "HTTP/1.1 200 OK"

2026-08-17 16:23:49,338 - INFO - HTTP Request: POST http://localhost:8001/v1/chat/completions "HTTP/1.1 200 OK"
2026-08-17 16:23:53,038 - INFO - HTTP Request: POST http://localhost:8001/v1/chat/completions "HTTP/1.1 200 OK"
2026-08-17 16:23:55,529 - INFO - HTTP Request: POST http://localhost:8001/v1/chat/completions "HTTP/1.1 200 OK"
2026-08-17 16:24:00,208 - INFO - HTTP Request: POST http://localhost:8001/v1/chat/completions "HTTP/1.1 200 OK"
2026-08-17 16:24:01,886 - INFO - HTTP Request: POST http://localhost:8001/v1/chat/completions "HTTP/1.1 200 OK"

r0_cfg41:  26%|██▌       | 13/50 [23:35<1:25:14, 138.24s/it]2026-08-17 16:24:05,816 - INFO - HTTP Request: POST http://localhost:8001/v1/chat/completions "HTTP/1.1 200 OK"

r0_cfg41:  28%|██▊       | 14/50 [23:38<58:36, 97.67s/it]   2026-08-17 16:24:08,650 - INFO - HTTP Request: POST http://localhost:8001/v1/chat/completions "HTTP/1.1 200 OK"

r0_cfg41:  30%|███       | 15/50 [23:41<40:17, 69.08s/it]2026-08-17 16:24:21,694 - INFO - HTTP Request: POST http://localhost:8001/v1/chat/completions "HTTP/1.1 200 OK"

r0_cfg41:  32%|███▏      | 16/50 [23:54<29:35, 52.22s/it]2026-08-17 16:24:23,647 - INFO - HTTP Request: POST http://localhost:8001/v1/chat/completions "HTTP/1.1 200 OK"
2026-08-17 16:24:27,923 - INFO - HTTP Request: POST http://localhost:8001/v1/chat/completions "HTTP/1.1 200 OK"
2026-08-17 16:24:31,277 - INFO - HTTP Request: POST http://localhost:8001/v1/chat/completions "HTTP/1.1 200 OK"
2026-08-17 16:24:39,644 - INFO - HTTP Request: POST http://localhost:8001/v1/chat/completions "HTTP/1.1 200 OK"

2026-08-17 16:24:42,041 - INFO - HTTP Request: POST http://localhost:8001/v1/chat/completions "HTTP/1.1 200 OK"

2026-08-17 16:24:43,130 - INFO - HTTP Request: POST http://localhost:8001/v1/chat/completions "HTTP/1.1 200 OK"

2026-08-17 16:24:44,649 - INFO - HTTP Request: POST http://localhost:8001/v1/chat/completions "HTTP/1.1 200 OK"
2026-08-17 16:24:58,430 - INFO - HTTP Request: POST http://localhost:8001/v1/chat/completions "HTTP/1.1 200 OK"

2026-08-17 16:25:06,025 - INFO - HTTP Request: POST http://localhost:8001/v1/chat/completions "HTTP/1.1 200 OK"
2026-08-17 16:25:08,724 - INFO - HTTP Request: POST http://localhost:8001/v1/chat/completions "HTTP/1.1 200 OK"
2026-08-17 16:25:10,122 - INFO - HTTP Request: POST http://localhost:8001/v1/chat/completions "HTTP/1.1 200 OK"
2026-08-17 16:25:18,985 - INFO - HTTP Request: POST http://localhost:8001/v1/chat/completions "HTTP/1.1 200 OK"

2026-08-17 16:25:21,818 - INFO - HTTP Request: POST http://localhost:8001/v1/chat/completions "HTTP/1.1 200 OK"

2026-08-17 16:25:25,080 - INFO - HTTP Request: POST http://localhost:8001/v1/chat/completions "HTTP/1.1 200 OK"

2026-08-17 16:25:25,514 - INFO - HTTP Request: POST http://localhost:8001/v1/chat/completions "HTTP/1.1 200 OK"
2026-08-17 16:25:37,179 - INFO - HTTP Request: POST http://localhost:8001/v1/chat/completions "HTTP/1.1 200 OK"

2026-08-17 16:25:43,689 - INFO - HTTP Request: POST http://localhost:8001/v1/chat/completions "HTTP/1.1 200 OK"
2026-08-17 16:25:46,826 - INFO - HTTP Request: POST http://localhost:8001/v1/chat/completions "HTTP/1.1 200 OK"
2026-08-17 16:25:50,400 - INFO - HTTP Request: POST http://localhost:8001/v1/chat/completions "HTTP/1.1 200 OK"
2026-08-17 16:25:55,994 - INFO - HTTP Request: POST http://localhost:8001/v1/chat/completions "HTTP/1.1 200 OK"

2026-08-17 16:25:58,397 - INFO - HTTP Request: POST http://localhost:8001/v1/chat/completions "HTTP/1.1 200 OK"

2026-08-17 16:26:02,535 - INFO - HTTP Request: POST http://localhost:8001/v1/chat/completions "HTTP/1.1 200 OK"
2026-08-17 16:26:03,252 - INFO - HTTP Request: POST http://localhost:8001/v1/chat/completions "HTTP/1.1 200 OK"

2026-08-17 16:26:17,202 - INFO - HTTP Request: POST http://localhost:8001/v1/chat/completions "HTTP/1.1 200 OK"

2026-08-17 16:26:20,465 - INFO - HTTP Request: POST http://localhost:8001/v1/chat/completions "HTTP/1.1 200 OK"
2026-08-17 16:26:22,511 - INFO - HTTP Request: POST http://localhost:8001/v1/chat/completions "HTTP/1.1 200 OK"
2026-08-17 16:26:28,040 - INFO - HTTP Request: POST http://localhost:8001/v1/chat/completions "HTTP/1.1 200 OK"
2026-08-17 16:26:34,019 - INFO - HTTP Request: POST http://localhost:8001/v1/chat/completions "HTTP/1.1 200 OK"

2026-08-17 16:26:35,552 - INFO - HTTP Request: POST http://localhost:8001/v1/chat/completions "HTTP/1.1 200 OK"

2026-08-17 16:26:40,123 - INFO - HTTP Request: POST http://localhost:8001/v1/chat/completions "HTTP/1.1 200 OK"

2026-08-17 16:26:42,300 - INFO - HTTP Request: POST http://localhost:8001/v1/chat/completions "HTTP/1.1 200 OK"
2026-08-17 16:26:54,125 - INFO - HTTP Request: POST http://localhost:8001/v1/chat/completions "HTTP/1.1 200 OK"
2026-08-17 16:26:55,090 - INFO - HTTP Request: POST http://localhost:8001/v1/chat/completions "HTTP/1.1 200 OK"

2026-08-17 16:26:55,966 - INFO - HTTP Request: POST http://localhost:8001/v1/chat/completions "HTTP/1.1 200 OK"
2026-08-17 16:27:00,405 - INFO - HTTP Request: POST http://localhost:8001/v1/chat/completions "HTTP/1.1 200 OK"
2026-08-17 16:27:07,307 - INFO - HTTP Request: POST http://localhost:8001/v1/chat/completions "HTTP/1.1 200 OK"

2026-08-17 16:27:07,525 - INFO - HTTP Request: POST http://localhost:8001/v1/chat/completions "HTTP/1.1 200 OK"

2026-08-17 16:27:13,179 - INFO - HTTP Request: POST http://localhost:8001/v1/chat/completions "HTTP/1.1 200 OK"

2026-08-17 16:27:15,134 - INFO - HTTP Request: POST http://localhost:8001/v1/chat/completions "HTTP/1.1 200 OK"
2026-08-17 16:27:29,839 - INFO - HTTP Request: POST http://localhost:8001/v1/chat/completions "HTTP/1.1 200 OK"

2026-08-17 16:27:36,350 - INFO - HTTP Request: POST http://localhost:8001/v1/chat/completions "HTTP/1.1 200 OK"
2026-08-17 16:27:36,567 - INFO - HTTP Request: POST http://localhost:8001/v1/chat/completions "HTTP/1.1 200 OK"
2026-08-17 16:27:42,834 - INFO - HTTP Request: POST http://localhost:8001/v1/chat/completions "HTTP/1.1 200 OK"
2026-08-17 16:27:50,775 - INFO - HTTP Request: POST http://localhost:8001/v1/chat/completions "HTTP/1.1 200 OK"

2026-08-17 16:27:51,210 - INFO - HTTP Request: POST http://localhost:8001/v1/chat/completions "HTTP/1.1 200 OK"

2026-08-17 16:27:56,867 - INFO - HTTP Request: POST http://localhost:8001/v1/chat/completions "HTTP/1.1 200 OK"

2026-08-17 16:27:59,476 - INFO - HTTP Request: POST http://localhost:8001/v1/chat/completions "HTTP/1.1 200 OK"
2026-08-17 16:28:11,084 - INFO - HTTP Request: POST http://localhost:8001/v1/chat/completions "HTTP/1.1 200 OK"
2026-08-17 16:28:11,815 - INFO - HTTP Request: POST http://localhost:8001/v1/chat/completions "HTTP/1.1 200 OK"
2026-08-17 16:28:13,012 - INFO - HTTP Request: POST http://localhost:8001/v1/chat/completions "HTTP/1.1 200 OK"

2026-08-17 16:28:17,801 - INFO - HTTP Request: POST http://localhost:8001/v1/chat/completions "HTTP/1.1 200 OK"
2026-08-17 16:28:23,182 - INFO - HTTP Request: POST http://localhost:8001/v1/chat/completions "HTTP/1.1 200 OK"

2026-08-17 16:28:24,708 - INFO - HTTP Request: POST http://localhost:8001/v1/chat/completions "HTTP/1.1 200 OK"

2026-08-17 16:28:29,275 - INFO - HTTP Request: POST http://localhost:8001/v1/chat/completions "HTTP/1.1 200 OK"

2026-08-17 16:28:33,401 - INFO - HTTP Request: POST http://localhost:8001/v1/chat/completions "HTTP/1.1 200 OK"
2026-08-17 16:28:52,634 - INFO - HTTP Request: POST http://localhost:8001/v1/chat/completions "HTTP/1.1 200 OK"
2026-08-17 16:28:54,033 - INFO - HTTP Request: POST http://localhost:8001/v1/chat/completions "HTTP/1.1 200 OK"

2026-08-17 16:28:54,469 - INFO - HTTP Request: POST http://localhost:8001/v1/chat/completions "HTTP/1.1 200 OK"
2026-08-17 16:28:59,353 - INFO - HTTP Request: POST http://localhost:8001/v1/chat/completions "HTTP/1.1 200 OK"
2026-08-17 16:29:02,772 - INFO - HTTP Request: POST http://localhost:8001/v1/chat/completions "HTTP/1.1 200 OK"

2026-08-17 16:29:09,093 - INFO - HTTP Request: POST http://localhost:8001/v1/chat/completions "HTTP/1.1 200 OK"

2026-08-17 16:29:13,668 - INFO - HTTP Request: POST http://localhost:8001/v1/chat/completions "HTTP/1.1 200 OK"

2026-08-17 16:29:23,880 - INFO - HTTP Request: POST http://localhost:8001/v1/chat/completions "HTTP/1.1 200 OK"
2026-08-17 16:29:36,153 - INFO - HTTP Request: POST http://localhost:8001/v1/chat/completions "HTTP/1.1 200 OK"
2026-08-17 16:29:41,907 - INFO - HTTP Request: POST http://localhost:8001/v1/chat/completions "HTTP/1.1 200 OK"

2026-08-17 16:29:42,786 - INFO - HTTP Request: POST http://localhost:8001/v1/chat/completions "HTTP/1.1 200 OK"
2026-08-17 16:29:47,666 - INFO - HTTP Request: POST http://localhost:8001/v1/chat/completions "HTTP/1.1 200 OK"
2026-08-17 16:29:48,690 - INFO - HTTP Request: POST http://localhost:8001/v1/chat/completions "HTTP/1.1 200 OK"

r0_cfg41:  34%|███▍      | 17/50 [29:21<1:14:09, 134.84s/it]2026-08-17 16:29:56,744 - INFO - HTTP Request: POST http://localhost:8001/v1/chat/completions "HTTP/1.1 200 OK"

r0_cfg41:  36%|███▌      | 18/50 [29:29<51:35, 96.74s/it]   2026-08-17 16:29:59,790 - INFO - HTTP Request: POST http://localhost:8001/v1/chat/completions "HTTP/1.1 200 OK"

r0_cfg41:  38%|███▊      | 19/50 [29:32<35:26, 68.60s/it]2026-08-17 16:30:10,425 - INFO - HTTP Request: POST http://localhost:8001/v1/chat/completions "HTTP/1.1 200 OK"
2026-08-17 16:30:13,994 - INFO - HTTP Request: POST http://localhost:8001/v1/chat/completions "HTTP/1.1 200 OK"
2026-08-17 16:30:19,225 - INFO - HTTP Request: POST http://localhost:8001/v1/chat/completions "HTTP/1.1 200 OK"
2026-08-17 16:30:22,806 - INFO - HTTP Request: POST http://localhost:8001/v1/chat/completions "HTTP/1.1 200 OK"
2026-08-17 16:30:24,262 - INFO - HTTP Request: POST http://localhost:8001/v1/chat/completions "HTTP/1.1 200 OK"

2026-08-17 16:30:29,276 - INFO - HTTP Request: POST http://localhost:8001/v1/chat/completions "HTTP/1.1 200 OK"

r0_cfg41:  40%|████      | 20/50 [30:02<28:25, 56.86s/it]2026-08-17 16:30:30,801 - INFO - HTTP Request: POST http://localhost:8001/v1/chat/completions "HTTP/1.1 200 OK"

2026-08-17 16:30:41,884 - INFO - HTTP Request: POST http://localhost:8001/v1/chat/completions "HTTP/1.1 200 OK"

2026-08-17 16:30:50,131 - INFO - HTTP Request: POST http://localhost:8001/v1/chat/completions "HTTP/1.1 200 OK"
2026-08-17 16:30:51,645 - INFO - HTTP Request: POST http://localhost:8001/v1/chat/completions "HTTP/1.1 200 OK"
2026-08-17 16:30:57,617 - INFO - HTTP Request: POST http://localhost:8001/v1/chat/completions "HTTP/1.1 200 OK"
2026-08-17 16:31:02,780 - INFO - HTTP Request: POST http://localhost:8001/v1/chat/completions "HTTP/1.1 200 OK"

2026-08-17 16:31:04,742 - INFO - HTTP Request: POST http://localhost:8001/v1/chat/completions "HTTP/1.1 200 OK"

2026-08-17 16:31:09,090 - INFO - HTTP Request: POST http://localhost:8001/v1/chat/completions "HTTP/1.1 200 OK"
2026-08-17 16:31:10,764 - INFO - HTTP Request: POST http://localhost:8001/v1/chat/completions "HTTP/1.1 200 OK"

2026-08-17 16:31:24,889 - INFO - HTTP Request: POST http://localhost:8001/v1/chat/completions "HTTP/1.1 200 OK"

2026-08-17 16:31:29,230 - INFO - HTTP Request: POST http://localhost:8001/v1/chat/completions "HTTP/1.1 200 OK"
2026-08-17 16:31:29,447 - INFO - HTTP Request: POST http://localhost:8001/v1/chat/completions "HTTP/1.1 200 OK"
2026-08-17 16:31:35,730 - INFO - HTTP Request: POST http://localhost:8001/v1/chat/completions "HTTP/1.1 200 OK"
2026-08-17 16:31:40,405 - INFO - HTTP Request: POST http://localhost:8001/v1/chat/completions "HTTP/1.1 200 OK"

2026-08-17 16:31:44,107 - INFO - HTTP Request: POST http://localhost:8001/v1/chat/completions "HTTP/1.1 200 OK"

2026-08-17 16:31:48,247 - INFO - HTTP Request: POST http://localhost:8001/v1/chat/completions "HTTP/1.1 200 OK"

2026-08-17 16:31:50,207 - INFO - HTTP Request: POST http://localhost:8001/v1/chat/completions "HTTP/1.1 200 OK"
2026-08-17 16:32:04,917 - INFO - HTTP Request: POST http://localhost:8001/v1/chat/completions "HTTP/1.1 200 OK"

2026-08-17 16:32:05,135 - INFO - HTTP Request: POST http://localhost:8001/v1/chat/completions "HTTP/1.1 200 OK"
2026-08-17 16:32:08,274 - INFO - HTTP Request: POST http://localhost:8001/v1/chat/completions "HTTP/1.1 200 OK"
2026-08-17 16:32:12,720 - INFO - HTTP Request: POST http://localhost:8001/v1/chat/completions "HTTP/1.1 200 OK"
2026-08-17 16:32:15,868 - INFO - HTTP Request: POST http://localhost:8001/v1/chat/completions "HTTP/1.1 200 OK"

2026-08-17 16:32:21,316 - INFO - HTTP Request: POST http://localhost:8001/v1/chat/completions "HTTP/1.1 200 OK"

2026-08-17 16:32:25,455 - INFO - HTTP Request: POST http://localhost:8001/v1/chat/completions "HTTP/1.1 200 OK"

2026-08-17 16:32:29,800 - INFO - HTTP Request: POST http://localhost:8001/v1/chat/completions "HTTP/1.1 200 OK"
2026-08-17 16:32:40,329 - INFO - HTTP Request: POST http://localhost:8001/v1/chat/completions "HTTP/1.1 200 OK"
2026-08-17 16:32:41,730 - INFO - HTTP Request: POST http://localhost:8001/v1/chat/completions "HTTP/1.1 200 OK"
2026-08-17 16:32:43,790 - INFO - HTTP Request: POST http://localhost:8001/v1/chat/completions "HTTP/1.1 200 OK"

2026-08-17 16:32:46,193 - INFO - HTTP Request: POST http://localhost:8001/v1/chat/completions "HTTP/1.1 200 OK"
2026-08-17 16:32:53,482 - INFO - HTTP Request: POST http://localhost:8001/v1/chat/completions "HTTP/1.1 200 OK"

2026-08-17 16:32:57,626 - INFO - HTTP Request: POST http://localhost:8001/v1/chat/completions "HTTP/1.1 200 OK"

2026-08-17 16:32:58,060 - INFO - HTTP Request: POST http://localhost:8001/v1/chat/completions "HTTP/1.1 200 OK"

2026-08-17 16:33:03,923 - INFO - HTTP Request: POST http://localhost:8001/v1/chat/completions "HTTP/1.1 200 OK"
2026-08-17 16:33:13,198 - INFO - HTTP Request: POST http://localhost:8001/v1/chat/completions "HTTP/1.1 200 OK"
2026-08-17 16:33:16,998 - INFO - HTTP Request: POST http://localhost:8001/v1/chat/completions "HTTP/1.1 200 OK"

2026-08-17 16:33:23,086 - INFO - HTTP Request: POST http://localhost:8001/v1/chat/completions "HTTP/1.1 200 OK"

2026-08-17 16:33:26,993 - INFO - HTTP Request: POST http://localhost:8001/v1/chat/completions "HTTP/1.1 200 OK"
2026-08-17 16:33:27,708 - INFO - HTTP Request: POST http://localhost:8001/v1/chat/completions "HTTP/1.1 200 OK"
2026-08-17 16:33:38,271 - INFO - HTTP Request: POST http://localhost:8001/v1/chat/completions "HTTP/1.1 200 OK"

2026-08-17 16:33:41,751 - INFO - HTTP Request: POST http://localhost:8001/v1/chat/completions "HTTP/1.1 200 OK"

2026-08-17 16:33:46,309 - INFO - HTTP Request: POST http://localhost:8001/v1/chat/completions "HTTP/1.1 200 OK"
2026-08-17 16:33:52,710 - INFO - HTTP Request: POST http://localhost:8001/v1/chat/completions "HTTP/1.1 200 OK"
2026-08-17 16:33:58,898 - INFO - HTTP Request: POST http://localhost:8001/v1/chat/completions "HTTP/1.1 200 OK"
2026-08-17 16:34:01,834 - INFO - HTTP Request: POST http://localhost:8001/v1/chat/completions "HTTP/1.1 200 OK"

2026-08-17 16:34:02,708 - INFO - HTTP Request: POST http://localhost:8001/v1/chat/completions "HTTP/1.1 200 OK"
2026-08-17 16:34:04,767 - INFO - HTTP Request: POST http://localhost:8001/v1/chat/completions "HTTP/1.1 200 OK"

2026-08-17 16:34:11,731 - INFO - HTTP Request: POST http://localhost:8001/v1/chat/completions "HTTP/1.1 200 OK"

2026-08-17 16:34:13,908 - INFO - HTTP Request: POST http://localhost:8001/v1/chat/completions "HTTP/1.1 200 OK"

2026-08-17 16:34:22,157 - INFO - HTTP Request: POST http://localhost:8001/v1/chat/completions "HTTP/1.1 200 OK"
2026-08-17 16:34:25,134 - INFO - HTTP Request: POST http://localhost:8001/v1/chat/completions "HTTP/1.1 200 OK"
2026-08-17 16:34:35,028 - INFO - HTTP Request: POST http://localhost:8001/v1/chat/completions "HTTP/1.1 200 OK"

2026-08-17 16:34:40,033 - INFO - HTTP Request: POST http://localhost:8001/v1/chat/completions "HTTP/1.1 200 OK"

2026-08-17 16:34:41,554 - INFO - HTTP Request: POST http://localhost:8001/v1/chat/completions "HTTP/1.1 200 OK"
2026-08-17 16:34:44,043 - INFO - HTTP Request: POST http://localhost:8001/v1/chat/completions "HTTP/1.1 200 OK"
2026-08-17 16:34:54,151 - INFO - HTTP Request: POST http://localhost:8001/v1/chat/completions "HTTP/1.1 200 OK"

2026-08-17 16:34:55,682 - INFO - HTTP Request: POST http://localhost:8001/v1/chat/completions "HTTP/1.1 200 OK"

2026-08-17 16:35:04,810 - INFO - HTTP Request: POST http://localhost:8001/v1/chat/completions "HTTP/1.1 200 OK"
2026-08-17 16:35:10,127 - INFO - HTTP Request: POST http://localhost:8001/v1/chat/completions "HTTP/1.1 200 OK"
2026-08-17 16:35:17,247 - INFO - HTTP Request: POST http://localhost:8001/v1/chat/completions "HTTP/1.1 200 OK"

2026-08-17 16:35:25,951 - INFO - HTTP Request: POST http://localhost:8001/v1/chat/completions "HTTP/1.1 200 OK"
2026-08-17 16:35:27,359 - INFO - HTTP Request: POST http://localhost:8001/v1/chat/completions "HTTP/1.1 200 OK"

2026-08-17 16:35:29,760 - INFO - HTTP Request: POST http://localhost:8001/v1/chat/completions "HTTP/1.1 200 OK"
2026-08-17 16:35:36,605 - INFO - HTTP Request: POST http://localhost:8001/v1/chat/completions "HTTP/1.1 200 OK"

r0_cfg41:  42%|████▏     | 21/50 [35:09<1:03:49, 132.04s/it]2026-08-17 16:35:44,214 - INFO - HTTP Request: POST http://localhost:8001/v1/chat/completions "HTTP/1.1 200 OK"

r0_cfg41:  44%|████▍     | 22/50 [35:17<44:11, 94.70s/it]   2026-08-17 16:35:50,946 - INFO - HTTP Request: POST http://localhost:8001/v1/chat/completions "HTTP/1.1 200 OK"
2026-08-17 16:35:58,871 - INFO - HTTP Request: POST http://localhost:8001/v1/chat/completions "HTTP/1.1 200 OK"
2026-08-17 16:36:00,981 - INFO - HTTP Request: POST http://localhost:8001/v1/chat/completions "HTTP/1.1 200 OK"
2026-08-17 16:36:04,332 - INFO - HTTP Request: POST http://localhost:8001/v1/chat/completions "HTTP/1.1 200 OK"

r0_cfg41:  46%|████▌     | 23/50 [35:37<32:32, 72.32s/it]2026-08-17 16:36:07,382 - INFO - HTTP Request: POST http://localhost:8001/v1/chat/completions "HTTP/1.1 200 OK"
2026-08-17 16:36:13,143 - INFO - HTTP Request: POST http://localhost:8001/v1/chat/completions "HTTP/1.1 200 OK"

2026-08-17 16:36:15,977 - INFO - HTTP Request: POST http://localhost:8001/v1/chat/completions "HTTP/1.1 200 OK"

r0_cfg41:  48%|████▊     | 24/50 [35:49<23:26, 54.11s/it]2026-08-17 16:36:18,368 - INFO - HTTP Request: POST http://localhost:8001/v1/chat/completions "HTTP/1.1 200 OK"

2026-08-17 16:36:26,394 - INFO - HTTP Request: POST http://localhost:8001/v1/chat/completions "HTTP/1.1 200 OK"
2026-08-17 16:36:38,230 - INFO - HTTP Request: POST http://localhost:8001/v1/chat/completions "HTTP/1.1 200 OK"
2026-08-17 16:36:39,851 - INFO - HTTP Request: POST http://localhost:8001/v1/chat/completions "HTTP/1.1 200 OK"
2026-08-17 16:36:43,705 - INFO - HTTP Request: POST http://localhost:8001/v1/chat/completions "HTTP/1.1 200 OK"

2026-08-17 16:36:45,449 - INFO - HTTP Request: POST http://localhost:8001/v1/chat/completions "HTTP/1.1 200 OK"
2026-08-17 16:36:49,685 - INFO - HTTP Request: POST http://localhost:8001/v1/chat/completions "HTTP/1.1 200 OK"

2026-08-17 16:36:55,345 - INFO - HTTP Request: POST http://localhost:8001/v1/chat/completions "HTTP/1.1 200 OK"

2026-08-17 16:36:57,303 - INFO - HTTP Request: POST http://localhost:8001/v1/chat/completions "HTTP/1.1 200 OK"

2026-08-17 16:37:10,106 - INFO - HTTP Request: POST http://localhost:8001/v1/chat/completions "HTTP/1.1 200 OK"
2026-08-17 16:37:16,125 - INFO - HTTP Request: POST http://localhost:8001/v1/chat/completions "HTTP/1.1 200 OK"
2026-08-17 16:37:20,407 - INFO - HTTP Request: POST http://localhost:8001/v1/chat/completions "HTTP/1.1 200 OK"
2026-08-17 16:37:22,523 - INFO - HTTP Request: POST http://localhost:8001/v1/chat/completions "HTTP/1.1 200 OK"

2026-08-17 16:37:22,740 - INFO - HTTP Request: POST http://localhost:8001/v1/chat/completions "HTTP/1.1 200 OK"
2026-08-17 16:37:30,471 - INFO - HTTP Request: POST http://localhost:8001/v1/chat/completions "HTTP/1.1 200 OK"

2026-08-17 16:37:35,260 - INFO - HTTP Request: POST http://localhost:8001/v1/chat/completions "HTTP/1.1 200 OK"

2026-08-17 16:37:35,478 - INFO - HTTP Request: POST http://localhost:8001/v1/chat/completions "HTTP/1.1 200 OK"

2026-08-17 16:37:47,199 - INFO - HTTP Request: POST http://localhost:8001/v1/chat/completions "HTTP/1.1 200 OK"
2026-08-17 16:37:55,173 - INFO - HTTP Request: POST http://localhost:8001/v1/chat/completions "HTTP/1.1 200 OK"
2026-08-17 16:37:58,971 - INFO - HTTP Request: POST http://localhost:8001/v1/chat/completions "HTTP/1.1 200 OK"

2026-08-17 16:37:59,404 - INFO - HTTP Request: POST http://localhost:8001/v1/chat/completions "HTTP/1.1 200 OK"
2026-08-17 16:38:00,652 - INFO - HTTP Request: POST http://localhost:8001/v1/chat/completions "HTTP/1.1 200 OK"
2026-08-17 16:38:06,628 - INFO - HTTP Request: POST http://localhost:8001/v1/chat/completions "HTTP/1.1 200 OK"

2026-08-17 16:38:12,730 - INFO - HTTP Request: POST http://localhost:8001/v1/chat/completions "HTTP/1.1 200 OK"

2026-08-17 16:38:13,393 - INFO - HTTP Request: POST http://localhost:8001/v1/chat/completions "HTTP/1.1 200 OK"

2026-08-17 16:38:23,807 - INFO - HTTP Request: POST http://localhost:8001/v1/chat/completions "HTTP/1.1 200 OK"
2026-08-17 16:38:30,535 - INFO - HTTP Request: POST http://localhost:8001/v1/chat/completions "HTTP/1.1 200 OK"
2026-08-17 16:38:33,240 - INFO - HTTP Request: POST http://localhost:8001/v1/chat/completions "HTTP/1.1 200 OK"
2026-08-17 16:38:33,457 - INFO - HTTP Request: POST http://localhost:8001/v1/chat/completions "HTTP/1.1 200 OK"
2026-08-17 16:38:38,065 - INFO - HTTP Request: POST http://localhost:8001/v1/chat/completions "HTTP/1.1 200 OK"

2026-08-17 16:38:42,432 - INFO - HTTP Request: POST http://localhost:8001/v1/chat/completions "HTTP/1.1 200 OK"

2026-08-17 16:38:43,523 - INFO - HTTP Request: POST http://localhost:8001/v1/chat/completions "HTTP/1.1 200 OK"

2026-08-17 16:38:45,482 - INFO - HTTP Request: POST http://localhost:8001/v1/chat/completions "HTTP/1.1 200 OK"

2026-08-17 16:38:57,856 - INFO - HTTP Request: POST http://localhost:8001/v1/chat/completions "HTTP/1.1 200 OK"
2026-08-17 16:39:05,612 - INFO - HTTP Request: POST http://localhost:8001/v1/chat/completions "HTTP/1.1 200 OK"
2026-08-17 16:39:09,189 - INFO - HTTP Request: POST http://localhost:8001/v1/chat/completions "HTTP/1.1 200 OK"

2026-08-17 16:39:11,799 - INFO - HTTP Request: POST http://localhost:8001/v1/chat/completions "HTTP/1.1 200 OK"
2026-08-17 16:39:13,255 - INFO - HTTP Request: POST http://localhost:8001/v1/chat/completions "HTTP/1.1 200 OK"
2026-08-17 16:39:15,527 - INFO - HTTP Request: POST http://localhost:8001/v1/chat/completions "HTTP/1.1 200 OK"

2026-08-17 16:39:22,709 - INFO - HTTP Request: POST http://localhost:8001/v1/chat/completions "HTTP/1.1 200 OK"

2026-08-17 16:39:26,623 - INFO - HTTP Request: POST http://localhost:8001/v1/chat/completions "HTTP/1.1 200 OK"

2026-08-17 16:39:38,562 - INFO - HTTP Request: POST http://localhost:8001/v1/chat/completions "HTTP/1.1 200 OK"
2026-08-17 16:39:43,009 - INFO - HTTP Request: POST http://localhost:8001/v1/chat/completions "HTTP/1.1 200 OK"
2026-08-17 16:39:44,846 - INFO - HTTP Request: POST http://localhost:8001/v1/chat/completions "HTTP/1.1 200 OK"
2026-08-17 16:39:47,555 - INFO - HTTP Request: POST http://localhost:8001/v1/chat/completions "HTTP/1.1 200 OK"
2026-08-17 16:39:49,017 - INFO - HTTP Request: POST http://localhost:8001/v1/chat/completions "HTTP/1.1 200 OK"

2026-08-17 16:39:55,772 - INFO - HTTP Request: POST http://localhost:8001/v1/chat/completions "HTTP/1.1 200 OK"

2026-08-17 16:39:59,694 - INFO - HTTP Request: POST http://localhost:8001/v1/chat/completions "HTTP/1.1 200 OK"

2026-08-17 16:40:02,306 - INFO - HTTP Request: POST http://localhost:8001/v1/chat/completions "HTTP/1.1 200 OK"

2026-08-17 16:40:09,034 - INFO - HTTP Request: POST http://localhost:8001/v1/chat/completions "HTTP/1.1 200 OK"
2026-08-17 16:40:20,058 - INFO - HTTP Request: POST http://localhost:8001/v1/chat/completions "HTTP/1.1 200 OK"
2026-08-17 16:40:25,603 - INFO - HTTP Request: POST http://localhost:8001/v1/chat/completions "HTTP/1.1 200 OK"
2026-08-17 16:40:27,007 - INFO - HTTP Request: POST http://localhost:8001/v1/chat/completions "HTTP/1.1 200 OK"

2026-08-17 16:40:32,453 - INFO - HTTP Request: POST http://localhost:8001/v1/chat/completions "HTTP/1.1 200 OK"
2026-08-17 16:40:34,569 - INFO - HTTP Request: POST http://localhost:8001/v1/chat/completions "HTTP/1.1 200 OK"

2026-08-17 16:40:42,409 - INFO - HTTP Request: POST http://localhost:8001/v1/chat/completions "HTTP/1.1 200 OK"

2026-08-17 16:40:50,030 - INFO - HTTP Request: POST http://localhost:8001/v1/chat/completions "HTTP/1.1 200 OK"

2026-08-17 16:40:56,550 - INFO - HTTP Request: POST http://localhost:8001/v1/chat/completions "HTTP/1.1 200 OK"
2026-08-17 16:41:04,093 - INFO - HTTP Request: POST http://localhost:8001/v1/chat/completions "HTTP/1.1 200 OK"
2026-08-17 16:41:12,468 - INFO - HTTP Request: POST http://localhost:8001/v1/chat/completions "HTTP/1.1 200 OK"

2026-08-17 16:41:14,652 - INFO - HTTP Request: POST http://localhost:8001/v1/chat/completions "HTTP/1.1 200 OK"

2026-08-17 16:41:16,180 - INFO - HTTP Request: POST http://localhost:8001/v1/chat/completions "HTTP/1.1 200 OK"
2026-08-17 16:41:22,364 - INFO - HTTP Request: POST http://localhost:8001/v1/chat/completions "HTTP/1.1 200 OK"
2026-08-17 16:41:30,499 - INFO - HTTP Request: POST http://localhost:8001/v1/chat/completions "HTTP/1.1 200 OK"

r0_cfg41:  50%|█████     | 25/50 [41:03<55:06, 132.24s/it]2026-08-17 16:41:36,588 - INFO - HTTP Request: POST http://localhost:8001/v1/chat/completions "HTTP/1.1 200 OK"

r0_cfg41:  52%|█████▏    | 26/50 [41:09<37:45, 94.40s/it] 2026-08-17 16:41:45,926 - INFO - HTTP Request: POST http://localhost:8001/v1/chat/completions "HTTP/1.1 200 OK"
2026-08-17 16:41:47,161 - INFO - HTTP Request: POST http://localhost:8001/v1/chat/completions "HTTP/1.1 200 OK"
2026-08-17 16:41:52,920 - INFO - HTTP Request: POST http://localhost:8001/v1/chat/completions "HTTP/1.1 200 OK"
2026-08-17 16:41:59,605 - INFO - HTTP Request: POST http://localhost:8001/v1/chat/completions "HTTP/1.1 200 OK"
2026-08-17 16:42:00,560 - INFO - HTTP Request: POST http://localhost:8001/v1/chat/completions "HTTP/1.1 200 OK"

r0_cfg41:  54%|█████▍    | 27/50 [41:33<28:05, 73.27s/it]2026-08-17 16:42:04,918 - INFO - HTTP Request: POST http://localhost:8001/v1/chat/completions "HTTP/1.1 200 OK"

r0_cfg41:  56%|█████▌    | 28/50 [41:38<19:17, 52.59s/it]2026-08-17 16:42:06,009 - INFO - HTTP Request: POST http://localhost:8001/v1/chat/completions "HTTP/1.1 200 OK"

2026-08-17 16:42:08,182 - INFO - HTTP Request: POST http://localhost:8001/v1/chat/completions "HTTP/1.1 200 OK"

2026-08-17 16:42:22,283 - INFO - HTTP Request: POST http://localhost:8001/v1/chat/completions "HTTP/1.1 200 OK"
2026-08-17 16:42:27,214 - INFO - HTTP Request: POST http://localhost:8001/v1/chat/completions "HTTP/1.1 200 OK"
2026-08-17 16:42:32,748 - INFO - HTTP Request: POST http://localhost:8001/v1/chat/completions "HTTP/1.1 200 OK"
2026-08-17 16:42:34,860 - INFO - HTTP Request: POST http://localhost:8001/v1/chat/completions "HTTP/1.1 200 OK"

2026-08-17 16:42:35,295 - INFO - HTTP Request: POST http://localhost:8001/v1/chat/completions "HTTP/1.1 200 OK"
2026-08-17 16:42:41,926 - INFO - HTTP Request: POST http://localhost:8001/v1/chat/completions "HTTP/1.1 200 OK"

2026-08-17 16:42:47,368 - INFO - HTTP Request: POST http://localhost:8001/v1/chat/completions "HTTP/1.1 200 OK"

2026-08-17 16:42:51,063 - INFO - HTTP Request: POST http://localhost:8001/v1/chat/completions "HTTP/1.1 200 OK"

2026-08-17 16:43:01,262 - INFO - HTTP Request: POST http://localhost:8001/v1/chat/completions "HTTP/1.1 200 OK"
2026-08-17 16:43:08,369 - INFO - HTTP Request: POST http://localhost:8001/v1/chat/completions "HTTP/1.1 200 OK"
2026-08-17 16:43:12,386 - INFO - HTTP Request: POST http://localhost:8001/v1/chat/completions "HTTP/1.1 200 OK"
2026-08-17 16:43:16,460 - INFO - HTTP Request: POST http://localhost:8001/v1/chat/completions "HTTP/1.1 200 OK"
2026-08-17 16:43:17,634 - INFO - HTTP Request: POST http://localhost:8001/v1/chat/completions "HTTP/1.1 200 OK"

2026-08-17 16:43:23,954 - INFO - HTTP Request: POST http://localhost:8001/v1/chat/completions "HTTP/1.1 200 OK"

2026-08-17 16:43:27,221 - INFO - HTTP Request: POST http://localhost:8001/v1/chat/completions "HTTP/1.1 200 OK"

2026-08-17 16:43:29,620 - INFO - HTTP Request: POST http://localhost:8001/v1/chat/completions "HTTP/1.1 200 OK"

2026-08-17 16:43:41,993 - INFO - HTTP Request: POST http://localhost:8001/v1/chat/completions "HTTP/1.1 200 OK"
2026-08-17 16:43:48,664 - INFO - HTTP Request: POST http://localhost:8001/v1/chat/completions "HTTP/1.1 200 OK"
2026-08-17 16:43:52,025 - INFO - HTTP Request: POST http://localhost:8001/v1/chat/completions "HTTP/1.1 200 OK"
2026-08-17 16:43:54,741 - INFO - HTTP Request: POST http://localhost:8001/v1/chat/completions "HTTP/1.1 200 OK"
2026-08-17 16:44:00,926 - INFO - HTTP Request: POST http://localhost:8001/v1/chat/completions "HTTP/1.1 200 OK"

2026-08-17 16:44:04,203 - INFO - HTTP Request: POST http://localhost:8001/v1/chat/completions "HTTP/1.1 200 OK"

2026-08-17 16:44:04,422 - INFO - HTTP Request: POST http://localhost:8001/v1/chat/completions "HTTP/1.1 200 OK"

2026-08-17 16:44:07,473 - INFO - HTTP Request: POST http://localhost:8001/v1/chat/completions "HTTP/1.1 200 OK"

2026-08-17 16:44:24,184 - INFO - HTTP Request: POST http://localhost:8001/v1/chat/completions "HTTP/1.1 200 OK"
2026-08-17 16:44:25,420 - INFO - HTTP Request: POST http://localhost:8001/v1/chat/completions "HTTP/1.1 200 OK"
2026-08-17 16:44:27,917 - INFO - HTTP Request: POST http://localhost:8001/v1/chat/completions "HTTP/1.1 200 OK"
2026-08-17 16:44:29,307 - INFO - HTTP Request: POST http://localhost:8001/v1/chat/completions "HTTP/1.1 200 OK"
2026-08-17 16:44:38,777 - INFO - HTTP Request: POST http://localhost:8001/v1/chat/completions "HTTP/1.1 200 OK"

2026-08-17 16:44:38,778 - INFO - HTTP Request: POST http://localhost:8001/v1/chat/completions "HTTP/1.1 200 OK"

2026-08-17 16:44:40,741 - INFO - HTTP Request: POST http://localhost:8001/v1/chat/completions "HTTP/1.1 200 OK"

2026-08-17 16:44:41,397 - INFO - HTTP Request: POST http://localhost:8001/v1/chat/completions "HTTP/1.1 200 OK"

2026-08-17 16:44:58,540 - INFO - HTTP Request: POST http://localhost:8001/v1/chat/completions "HTTP/1.1 200 OK"
2026-08-17 16:45:01,513 - INFO - HTTP Request: POST http://localhost:8001/v1/chat/completions "HTTP/1.1 200 OK"
2026-08-17 16:45:08,136 - INFO - HTTP Request: POST http://localhost:8001/v1/chat/completions "HTTP/1.1 200 OK"
2026-08-17 16:45:10,412 - INFO - HTTP Request: POST http://localhost:8001/v1/chat/completions "HTTP/1.1 200 OK"
2026-08-17 16:45:12,456 - INFO - HTTP Request: POST http://localhost:8001/v1/chat/completions "HTTP/1.1 200 OK"

2026-08-17 16:45:15,510 - INFO - HTTP Request: POST http://localhost:8001/v1/chat/completions "HTTP/1.1 200 OK"

2026-08-17 16:45:20,081 - INFO - HTTP Request: POST http://localhost:8001/v1/chat/completions "HTTP/1.1 200 OK"

2026-08-17 16:45:23,126 - INFO - HTTP Request: POST http://localhost:8001/v1/chat/completions "HTTP/1.1 200 OK"

2026-08-17 16:45:40,055 - INFO - HTTP Request: POST http://localhost:8001/v1/chat/completions "HTTP/1.1 200 OK"
2026-08-17 16:45:41,442 - INFO - HTTP Request: POST http://localhost:8001/v1/chat/completions "HTTP/1.1 200 OK"
2026-08-17 16:45:43,720 - INFO - HTTP Request: POST http://localhost:8001/v1/chat/completions "HTTP/1.1 200 OK"
2026-08-17 16:45:45,183 - INFO - HTTP Request: POST http://localhost:8001/v1/chat/completions "HTTP/1.1 200 OK"
2026-08-17 16:45:52,911 - INFO - HTTP Request: POST http://localhost:8001/v1/chat/completions "HTTP/1.1 200 OK"

2026-08-17 16:45:58,142 - INFO - HTTP Request: POST http://localhost:8001/v1/chat/completions "HTTP/1.1 200 OK"

2026-08-17 16:45:58,800 - INFO - HTTP Request: POST http://localhost:8001/v1/chat/completions "HTTP/1.1 200 OK"

2026-08-17 16:46:00,541 - INFO - HTTP Request: POST http://localhost:8001/v1/chat/completions "HTTP/1.1 200 OK"

2026-08-17 16:46:18,124 - INFO - HTTP Request: POST http://localhost:8001/v1/chat/completions "HTTP/1.1 200 OK"
2026-08-17 16:46:20,884 - INFO - HTTP Request: POST http://localhost:8001/v1/chat/completions "HTTP/1.1 200 OK"
2026-08-17 16:46:22,722 - INFO - HTTP Request: POST http://localhost:8001/v1/chat/completions "HTTP/1.1 200 OK"
2026-08-17 16:46:28,904 - INFO - HTTP Request: POST http://localhost:8001/v1/chat/completions "HTTP/1.1 200 OK"
2026-08-17 16:46:32,765 - INFO - HTTP Request: POST http://localhost:8001/v1/chat/completions "HTTP/1.1 200 OK"

2026-08-17 16:46:34,083 - INFO - HTTP Request: POST http://localhost:8001/v1/chat/completions "HTTP/1.1 200 OK"

2026-08-17 16:46:38,441 - INFO - HTTP Request: POST http://localhost:8001/v1/chat/completions "HTTP/1.1 200 OK"

2026-08-17 16:46:40,183 - INFO - HTTP Request: POST http://localhost:8001/v1/chat/completions "HTTP/1.1 200 OK"

2026-08-17 16:47:03,214 - INFO - HTTP Request: POST http://localhost:8001/v1/chat/completions "HTTP/1.1 200 OK"
2026-08-17 16:47:06,194 - INFO - HTTP Request: POST http://localhost:8001/v1/chat/completions "HTTP/1.1 200 OK"
2026-08-17 16:47:08,237 - INFO - HTTP Request: POST http://localhost:8001/v1/chat/completions "HTTP/1.1 200 OK"
2026-08-17 16:47:14,220 - INFO - HTTP Request: POST http://localhost:8001/v1/chat/completions "HTTP/1.1 200 OK"
2026-08-17 16:47:17,864 - INFO - HTTP Request: POST http://localhost:8001/v1/chat/completions "HTTP/1.1 200 OK"

2026-08-17 16:47:20,054 - INFO - HTTP Request: POST http://localhost:8001/v1/chat/completions "HTTP/1.1 200 OK"

r0_cfg41:  58%|█████▊    | 29/50 [46:53<45:58, 131.36s/it]2026-08-17 16:47:21,363 - INFO - HTTP Request: POST http://localhost:8001/v1/chat/completions "HTTP/1.1 200 OK"

2026-08-17 16:47:26,807 - INFO - HTTP Request: POST http://localhost:8001/v1/chat/completions "HTTP/1.1 200 OK"

r0_cfg41:  60%|██████    | 30/50 [46:59<31:19, 93.98s/it] 2026-08-17 16:47:41,783 - INFO - HTTP Request: POST http://localhost:8001/v1/chat/completions "HTTP/1.1 200 OK"
2026-08-17 16:47:49,049 - INFO - HTTP Request: POST http://localhost:8001/v1/chat/completions "HTTP/1.1 200 OK"
2026-08-17 16:47:51,537 - INFO - HTTP Request: POST http://localhost:8001/v1/chat/completions "HTTP/1.1 200 OK"
2026-08-17 16:47:55,393 - INFO - HTTP Request: POST http://localhost:8001/v1/chat/completions "HTTP/1.1 200 OK"
2026-08-17 16:47:57,671 - INFO - HTTP Request: POST http://localhost:8001/v1/chat/completions "HTTP/1.1 200 OK"

2026-08-17 16:47:59,853 - INFO - HTTP Request: POST http://localhost:8001/v1/chat/completions "HTTP/1.1 200 OK"

2026-08-17 16:48:07,692 - INFO - HTTP Request: POST http://localhost:8001/v1/chat/completions "HTTP/1.1 200 OK"

r0_cfg41:  62%|██████▏   | 31/50 [47:40<24:42, 78.05s/it]2026-08-17 16:48:07,910 - INFO - HTTP Request: POST http://localhost:8001/v1/chat/completions "HTTP/1.1 200 OK"

r0_cfg41:  64%|██████▍   | 32/50 [47:41<16:24, 54.70s/it]2026-08-17 16:48:23,749 - INFO - HTTP Request: POST http://localhost:8001/v1/chat/completions "HTTP/1.1 200 OK"
2026-08-17 16:48:26,231 - INFO - HTTP Request: POST http://localhost:8001/v1/chat/completions "HTTP/1.1 200 OK"
2026-08-17 16:48:30,243 - INFO - HTTP Request: POST http://localhost:8001/v1/chat/completions "HTTP/1.1 200 OK"
2026-08-17 16:48:30,462 - INFO - HTTP Request: POST http://localhost:8001/v1/chat/completions "HTTP/1.1 200 OK"
2026-08-17 16:48:39,632 - INFO - HTTP Request: POST http://localhost:8001/v1/chat/completions "HTTP/1.1 200 OK"

2026-08-17 16:48:40,942 - INFO - HTTP Request: POST http://localhost:8001/v1/chat/completions "HTTP/1.1 200 OK"

2026-08-17 16:48:43,336 - INFO - HTTP Request: POST http://localhost:8001/v1/chat/completions "HTTP/1.1 200 OK"

2026-08-17 16:48:46,813 - INFO - HTTP Request: POST http://localhost:8001/v1/chat/completions "HTTP/1.1 200 OK"

2026-08-17 16:49:03,955 - INFO - HTTP Request: POST http://localhost:8001/v1/chat/completions "HTTP/1.1 200 OK"
2026-08-17 16:49:05,570 - INFO - HTTP Request: POST http://localhost:8001/v1/chat/completions "HTTP/1.1 200 OK"
2026-08-17 16:49:10,014 - INFO - HTTP Request: POST http://localhost:8001/v1/chat/completions "HTTP/1.1 200 OK"
2026-08-17 16:49:13,641 - INFO - HTTP Request: POST http://localhost:8001/v1/chat/completions "HTTP/1.1 200 OK"
2026-08-17 16:49:19,237 - INFO - HTTP Request: POST http://localhost:8001/v1/chat/completions "HTTP/1.1 200 OK"

2026-08-17 16:49:20,555 - INFO - HTTP Request: POST http://localhost:8001/v1/chat/completions "HTTP/1.1 200 OK"

2026-08-17 16:49:21,434 - INFO - HTTP Request: POST http://localhost:8001/v1/chat/completions "HTTP/1.1 200 OK"

2026-08-17 16:49:32,081 - INFO - HTTP Request: POST http://localhost:8001/v1/chat/completions "HTTP/1.1 200 OK"

2026-08-17 16:49:42,715 - INFO - HTTP Request: POST http://localhost:8001/v1/chat/completions "HTTP/1.1 200 OK"
2026-08-17 16:49:44,762 - INFO - HTTP Request: POST http://localhost:8001/v1/chat/completions "HTTP/1.1 200 OK"
2026-08-17 16:49:46,442 - INFO - HTTP Request: POST http://localhost:8001/v1/chat/completions "HTTP/1.1 200 OK"
2026-08-17 16:49:57,036 - INFO - HTTP Request: POST http://localhost:8001/v1/chat/completions "HTTP/1.1 200 OK"

2026-08-17 16:49:57,254 - INFO - HTTP Request: POST http://localhost:8001/v1/chat/completions "HTTP/1.1 200 OK"
2026-08-17 16:49:57,997 - INFO - HTTP Request: POST http://localhost:8001/v1/chat/completions "HTTP/1.1 200 OK"

2026-08-17 16:49:59,766 - INFO - HTTP Request: POST http://localhost:8001/v1/chat/completions "HTTP/1.1 200 OK"

2026-08-17 16:50:14,546 - INFO - HTTP Request: POST http://localhost:8001/v1/chat/completions "HTTP/1.1 200 OK"

2026-08-17 16:50:16,724 - INFO - HTTP Request: POST http://localhost:8001/v1/chat/completions "HTTP/1.1 200 OK"
2026-08-17 16:50:17,803 - INFO - HTTP Request: POST http://localhost:8001/v1/chat/completions "HTTP/1.1 200 OK"
2026-08-17 16:50:24,640 - INFO - HTTP Request: POST http://localhost:8001/v1/chat/completions "HTTP/1.1 200 OK"
2026-08-17 16:50:25,075 - INFO - HTTP Request: POST http://localhost:8001/v1/chat/completions "HTTP/1.1 200 OK"

2026-08-17 16:50:28,482 - INFO - HTTP Request: POST http://localhost:8001/v1/chat/completions "HTTP/1.1 200 OK"

2026-08-17 16:50:36,740 - INFO - HTTP Request: POST http://localhost:8001/v1/chat/completions "HTTP/1.1 200 OK"

2026-08-17 16:50:39,569 - INFO - HTTP Request: POST http://localhost:8001/v1/chat/completions "HTTP/1.1 200 OK"
2026-08-17 16:50:52,279 - INFO - HTTP Request: POST http://localhost:8001/v1/chat/completions "HTTP/1.1 200 OK"

2026-08-17 16:50:54,239 - INFO - HTTP Request: POST http://localhost:8001/v1/chat/completions "HTTP/1.1 200 OK"
2026-08-17 16:50:56,720 - INFO - HTTP Request: POST http://localhost:8001/v1/chat/completions "HTTP/1.1 200 OK"
2026-08-17 16:50:57,948 - INFO - HTTP Request: POST http://localhost:8001/v1/chat/completions "HTTP/1.1 200 OK"
2026-08-17 16:51:05,662 - INFO - HTTP Request: POST http://localhost:8001/v1/chat/completions "HTTP/1.1 200 OK"

2026-08-17 16:51:06,317 - INFO - HTTP Request: POST http://localhost:8001/v1/chat/completions "HTTP/1.1 200 OK"

2026-08-17 16:51:11,969 - INFO - HTTP Request: POST http://localhost:8001/v1/chat/completions "HTTP/1.1 200 OK"

2026-08-17 16:51:12,838 - INFO - HTTP Request: POST http://localhost:8001/v1/chat/completions "HTTP/1.1 200 OK"
2026-08-17 16:51:25,325 - INFO - HTTP Request: POST http://localhost:8001/v1/chat/completions "HTTP/1.1 200 OK"

2026-08-17 16:51:25,979 - INFO - HTTP Request: POST http://localhost:8001/v1/chat/completions "HTTP/1.1 200 OK"
2026-08-17 16:51:32,592 - INFO - HTTP Request: POST http://localhost:8001/v1/chat/completions "HTTP/1.1 200 OK"
2026-08-17 16:51:35,948 - INFO - HTTP Request: POST http://localhost:8001/v1/chat/completions "HTTP/1.1 200 OK"
2026-08-17 16:51:39,141 - INFO - HTTP Request: POST http://localhost:8001/v1/chat/completions "HTTP/1.1 200 OK"

2026-08-17 16:51:45,670 - INFO - HTTP Request: POST http://localhost:8001/v1/chat/completions "HTTP/1.1 200 OK"

2026-08-17 16:51:50,890 - INFO - HTTP Request: POST http://localhost:8001/v1/chat/completions "HTTP/1.1 200 OK"

2026-08-17 16:51:54,800 - INFO - HTTP Request: POST http://localhost:8001/v1/chat/completions "HTTP/1.1 200 OK"
2026-08-17 16:52:05,983 - INFO - HTTP Request: POST http://localhost:8001/v1/chat/completions "HTTP/1.1 200 OK"
2026-08-17 16:52:08,734 - INFO - HTTP Request: POST http://localhost:8001/v1/chat/completions "HTTP/1.1 200 OK"
2026-08-17 16:52:10,134 - INFO - HTTP Request: POST http://localhost:8001/v1/chat/completions "HTTP/1.1 200 OK"

2026-08-17 16:52:20,582 - INFO - HTTP Request: POST http://localhost:8001/v1/chat/completions "HTTP/1.1 200 OK"

2026-08-17 16:52:20,801 - INFO - HTTP Request: POST http://localhost:8001/v1/chat/completions "HTTP/1.1 200 OK"
2026-08-17 16:52:21,536 - INFO - HTTP Request: POST http://localhost:8001/v1/chat/completions "HTTP/1.1 200 OK"

2026-08-17 16:52:30,475 - INFO - HTTP Request: POST http://localhost:8001/v1/chat/completions "HTTP/1.1 200 OK"
2026-08-17 16:52:36,236 - INFO - HTTP Request: POST http://localhost:8001/v1/chat/completions "HTTP/1.1 200 OK"

2026-08-17 16:52:48,855 - INFO - HTTP Request: POST http://localhost:8001/v1/chat/completions "HTTP/1.1 200 OK"

2026-08-17 16:52:50,375 - INFO - HTTP Request: POST http://localhost:8001/v1/chat/completions "HTTP/1.1 200 OK"
2026-08-17 16:52:54,646 - INFO - HTTP Request: POST http://localhost:8001/v1/chat/completions "HTTP/1.1 200 OK"
2026-08-17 16:53:04,750 - INFO - HTTP Request: POST http://localhost:8001/v1/chat/completions "HTTP/1.1 200 OK"

r0_cfg41:  66%|██████▌   | 33/50 [52:37<36:04, 127.34s/it]2026-08-17 16:53:09,754 - INFO - HTTP Request: POST http://localhost:8001/v1/chat/completions "HTTP/1.1 200 OK"
2026-08-17 16:53:12,244 - INFO - HTTP Request: POST http://localhost:8001/v1/chat/completions "HTTP/1.1 200 OK"

2026-08-17 16:53:18,778 - INFO - HTTP Request: POST http://localhost:8001/v1/chat/completions "HTTP/1.1 200 OK"
2026-08-17 16:53:21,274 - INFO - HTTP Request: POST http://localhost:8001/v1/chat/completions "HTTP/1.1 200 OK"

r0_cfg41:  68%|██████▊   | 34/50 [52:54<25:05, 94.10s/it] 2026-08-17 16:53:27,146 - INFO - HTTP Request: POST http://localhost:8001/v1/chat/completions "HTTP/1.1 200 OK"
2026-08-17 16:53:33,176 - INFO - HTTP Request: POST http://localhost:8001/v1/chat/completions "HTTP/1.1 200 OK"

2026-08-17 16:53:38,621 - INFO - HTTP Request: POST http://localhost:8001/v1/chat/completions "HTTP/1.1 200 OK"

2026-08-17 16:53:43,614 - INFO - HTTP Request: POST http://localhost:8001/v1/chat/completions "HTTP/1.1 200 OK"
2026-08-17 16:53:46,315 - INFO - HTTP Request: POST http://localhost:8001/v1/chat/completions "HTTP/1.1 200 OK"
2026-08-17 16:53:56,028 - INFO - HTTP Request: POST http://localhost:8001/v1/chat/completions "HTTP/1.1 200 OK"

r0_cfg41:  70%|███████   | 35/50 [53:29<19:04, 76.29s/it]2026-08-17 16:53:56,900 - INFO - HTTP Request: POST http://localhost:8001/v1/chat/completions "HTTP/1.1 200 OK"

2026-08-17 16:54:05,149 - INFO - HTTP Request: POST http://localhost:8001/v1/chat/completions "HTTP/1.1 200 OK"
2026-08-17 16:54:07,042 - INFO - HTTP Request: POST http://localhost:8001/v1/chat/completions "HTTP/1.1 200 OK"
2026-08-17 16:54:18,240 - INFO - HTTP Request: POST http://localhost:8001/v1/chat/completions "HTTP/1.1 200 OK"
2026-08-17 16:54:21,214 - INFO - HTTP Request: POST http://localhost:8001/v1/chat/completions "HTTP/1.1 200 OK"

2026-08-17 16:54:21,216 - INFO - HTTP Request: POST http://localhost:8001/v1/chat/completions "HTTP/1.1 200 OK"

r0_cfg41:  72%|███████▏  | 36/50 [53:54<14:13, 60.96s/it]2026-08-17 16:54:23,823 - INFO - HTTP Request: POST http://localhost:8001/v1/chat/completions "HTTP/1.1 200 OK"
2026-08-17 16:54:31,310 - INFO - HTTP Request: POST http://localhost:8001/v1/chat/completions "HTTP/1.1 200 OK"

2026-08-17 16:54:38,049 - INFO - HTTP Request: POST http://localhost:8001/v1/chat/completions "HTTP/1.1 200 OK"

2026-08-17 16:54:43,476 - INFO - HTTP Request: POST http://localhost:8001/v1/chat/completions "HTTP/1.1 200 OK"
2026-08-17 16:54:45,139 - INFO - HTTP Request: POST http://localhost:8001/v1/chat/completions "HTTP/1.1 200 OK"
2026-08-17 16:54:53,187 - INFO - HTTP Request: POST http://localhost:8001/v1/chat/completions "HTTP/1.1 200 OK"

2026-08-17 16:54:57,971 - INFO - HTTP Request: POST http://localhost:8001/v1/chat/completions "HTTP/1.1 200 OK"
2026-08-17 16:54:58,405 - INFO - HTTP Request: POST http://localhost:8001/v1/chat/completions "HTTP/1.1 200 OK"

2026-08-17 16:55:03,118 - INFO - HTTP Request: POST http://localhost:8001/v1/chat/completions "HTTP/1.1 200 OK"
2026-08-17 16:55:10,389 - INFO - HTTP Request: POST http://localhost:8001/v1/chat/completions "HTTP/1.1 200 OK"

2026-08-17 16:55:18,868 - INFO - HTTP Request: POST http://localhost:8001/v1/chat/completions "HTTP/1.1 200 OK"

2026-08-17 16:55:19,745 - INFO - HTTP Request: POST http://localhost:8001/v1/chat/completions "HTTP/1.1 200 OK"
2026-08-17 16:55:22,929 - INFO - HTTP Request: POST http://localhost:8001/v1/chat/completions "HTTP/1.1 200 OK"
2026-08-17 16:55:29,824 - INFO - HTTP Request: POST http://localhost:8001/v1/chat/completions "HTTP/1.1 200 OK"

2026-08-17 16:55:35,042 - INFO - HTTP Request: POST http://localhost:8001/v1/chat/completions "HTTP/1.1 200 OK"

2026-08-17 16:55:35,260 - INFO - HTTP Request: POST http://localhost:8001/v1/chat/completions "HTTP/1.1 200 OK"
2026-08-17 16:55:43,881 - INFO - HTTP Request: POST http://localhost:8001/v1/chat/completions "HTTP/1.1 200 OK"
2026-08-17 16:55:47,517 - INFO - HTTP Request: POST http://localhost:8001/v1/chat/completions "HTTP/1.1 200 OK"

2026-08-17 16:55:54,698 - INFO - HTTP Request: POST http://localhost:8001/v1/chat/completions "HTTP/1.1 200 OK"
2026-08-17 16:55:55,495 - INFO - HTTP Request: POST http://localhost:8001/v1/chat/completions "HTTP/1.1 200 OK"
2026-08-17 16:55:57,171 - INFO - HTTP Request: POST http://localhost:8001/v1/chat/completions "HTTP/1.1 200 OK"

2026-08-17 16:56:05,229 - INFO - HTTP Request: POST http://localhost:8001/v1/chat/completions "HTTP/1.1 200 OK"

2026-08-17 16:56:05,884 - INFO - HTTP Request: POST http://localhost:8001/v1/chat/completions "HTTP/1.1 200 OK"

2026-08-17 16:56:11,532 - INFO - HTTP Request: POST http://localhost:8001/v1/chat/completions "HTTP/1.1 200 OK"
2026-08-17 16:56:17,102 - INFO - HTTP Request: POST http://localhost:8001/v1/chat/completions "HTTP/1.1 200 OK"
2026-08-17 16:56:24,157 - INFO - HTTP Request: POST http://localhost:8001/v1/chat/completions "HTTP/1.1 200 OK"

2026-08-17 16:56:28,946 - INFO - HTTP Request: POST http://localhost:8001/v1/chat/completions "HTTP/1.1 200 OK"

2026-08-17 16:56:30,250 - INFO - HTTP Request: POST http://localhost:8001/v1/chat/completions "HTTP/1.1 200 OK"
2026-08-17 16:56:34,520 - INFO - HTTP Request: POST http://localhost:8001/v1/chat/completions "HTTP/1.1 200 OK"
2026-08-17 16:56:43,152 - INFO - HTTP Request: POST http://localhost:8001/v1/chat/completions "HTTP/1.1 200 OK"

2026-08-17 16:56:44,031 - INFO - HTTP Request: POST http://localhost:8001/v1/chat/completions "HTTP/1.1 200 OK"
2026-08-17 16:56:48,959 - INFO - HTTP Request: POST http://localhost:8001/v1/chat/completions "HTTP/1.1 200 OK"

2026-08-17 16:56:55,910 - INFO - HTTP Request: POST http://localhost:8001/v1/chat/completions "HTTP/1.1 200 OK"

2026-08-17 16:56:58,298 - INFO - HTTP Request: POST http://localhost:8001/v1/chat/completions "HTTP/1.1 200 OK"
2026-08-17 16:57:03,388 - INFO - HTTP Request: POST http://localhost:8001/v1/chat/completions "HTTP/1.1 200 OK"
2026-08-17 16:57:09,406 - INFO - HTTP Request: POST http://localhost:8001/v1/chat/completions "HTTP/1.1 200 OK"
2026-08-17 16:57:13,263 - INFO - HTTP Request: POST http://localhost:8001/v1/chat/completions "HTTP/1.1 200 OK"

2026-08-17 16:57:14,355 - INFO - HTTP Request: POST http://localhost:8001/v1/chat/completions "HTTP/1.1 200 OK"

2026-08-17 16:57:19,791 - INFO - HTTP Request: POST http://localhost:8001/v1/chat/completions "HTTP/1.1 200 OK"

2026-08-17 16:57:25,435 - INFO - HTTP Request: POST http://localhost:8001/v1/chat/completions "HTTP/1.1 200 OK"
2026-08-17 16:57:33,399 - INFO - HTTP Request: POST http://localhost:8001/v1/chat/completions "HTTP/1.1 200 OK"
2026-08-17 16:57:36,325 - INFO - HTTP Request: POST http://localhost:8001/v1/chat/completions "HTTP/1.1 200 OK"

2026-08-17 16:57:43,502 - INFO - HTTP Request: POST http://localhost:8001/v1/chat/completions "HTTP/1.1 200 OK"
2026-08-17 16:57:49,518 - INFO - HTTP Request: POST http://localhost:8001/v1/chat/completions "HTTP/1.1 200 OK"
2026-08-17 16:57:50,548 - INFO - HTTP Request: POST http://localhost:8001/v1/chat/completions "HTTP/1.1 200 OK"

2026-08-17 16:57:55,772 - INFO - HTTP Request: POST http://localhost:8001/v1/chat/completions "HTTP/1.1 200 OK"

2026-08-17 16:57:56,862 - INFO - HTTP Request: POST http://localhost:8001/v1/chat/completions "HTTP/1.1 200 OK"
2026-08-17 16:58:01,792 - INFO - HTTP Request: POST http://localhost:8001/v1/chat/completions "HTTP/1.1 200 OK"

2026-08-17 16:58:09,408 - INFO - HTTP Request: POST http://localhost:8001/v1/chat/completions "HTTP/1.1 200 OK"

2026-08-17 16:58:15,923 - INFO - HTTP Request: POST http://localhost:8001/v1/chat/completions "HTTP/1.1 200 OK"
2026-08-17 16:58:19,980 - INFO - HTTP Request: POST http://localhost:8001/v1/chat/completions "HTTP/1.1 200 OK"
2026-08-17 16:58:26,823 - INFO - HTTP Request: POST http://localhost:8001/v1/chat/completions "HTTP/1.1 200 OK"

2026-08-17 16:58:34,876 - INFO - HTTP Request: POST http://localhost:8001/v1/chat/completions "HTTP/1.1 200 OK"

2026-08-17 16:58:34,877 - INFO - HTTP Request: POST http://localhost:8001/v1/chat/completions "HTTP/1.1 200 OK"
2026-08-17 16:58:39,376 - INFO - HTTP Request: POST http://localhost:8001/v1/chat/completions "HTTP/1.1 200 OK"
2026-08-17 16:58:46,701 - INFO - HTTP Request: POST http://localhost:8001/v1/chat/completions "HTTP/1.1 200 OK"

r0_cfg41:  74%|███████▍  | 37/50 [58:19<26:30, 122.32s/it]2026-08-17 16:58:55,399 - INFO - HTTP Request: POST http://localhost:8001/v1/chat/completions "HTTP/1.1 200 OK"

2026-08-17 16:58:56,493 - INFO - HTTP Request: POST http://localhost:8001/v1/chat/completions "HTTP/1.1 200 OK"
2026-08-17 16:59:05,981 - INFO - HTTP Request: POST http://localhost:8001/v1/chat/completions "HTTP/1.1 200 OK"

2026-08-17 16:59:06,858 - INFO - HTTP Request: POST http://localhost:8001/v1/chat/completions "HTTP/1.1 200 OK"
2026-08-17 16:59:09,254 - INFO - HTTP Request: POST http://localhost:8001/v1/chat/completions "HTTP/1.1 200 OK"
2026-08-17 16:59:20,881 - INFO - HTTP Request: POST http://localhost:8001/v1/chat/completions "HTTP/1.1 200 OK"

r0_cfg41:  76%|███████▌  | 38/50 [58:54<19:10, 95.88s/it] 2026-08-17 16:59:21,315 - INFO - HTTP Request: POST http://localhost:8001/v1/chat/completions "HTTP/1.1 200 OK"

2026-08-17 16:59:28,703 - INFO - HTTP Request: POST http://localhost:8001/v1/chat/completions "HTTP/1.1 200 OK"
2026-08-17 16:59:39,229 - INFO - HTTP Request: POST http://localhost:8001/v1/chat/completions "HTTP/1.1 200 OK"

r0_cfg41:  78%|███████▊  | 39/50 [59:12<13:18, 72.62s/it]2026-08-17 16:59:40,097 - INFO - HTTP Request: POST http://localhost:8001/v1/chat/completions "HTTP/1.1 200 OK"
2026-08-17 16:59:43,285 - INFO - HTTP Request: POST http://localhost:8001/v1/chat/completions "HTTP/1.1 200 OK"
2026-08-17 16:59:48,165 - INFO - HTTP Request: POST http://localhost:8001/v1/chat/completions "HTTP/1.1 200 OK"
2026-08-17 16:59:52,451 - INFO - HTTP Request: POST http://localhost:8001/v1/chat/completions "HTTP/1.1 200 OK"

r0_cfg41:  80%|████████  | 40/50 [59:25<09:07, 54.80s/it]2026-08-17 16:59:54,195 - INFO - HTTP Request: POST http://localhost:8001/v1/chat/completions "HTTP/1.1 200 OK"

2026-08-17 16:59:59,629 - INFO - HTTP Request: POST http://localhost:8001/v1/chat/completions "HTTP/1.1 200 OK"

2026-08-17 17:00:02,016 - INFO - HTTP Request: POST http://localhost:8001/v1/chat/completions "HTTP/1.1 200 OK"
2026-08-17 17:00:14,714 - INFO - HTTP Request: POST http://localhost:8001/v1/chat/completions "HTTP/1.1 200 OK"
2026-08-17 17:00:16,547 - INFO - HTTP Request: POST http://localhost:8001/v1/chat/completions "HTTP/1.1 200 OK"

2026-08-17 17:00:20,894 - INFO - HTTP Request: POST http://localhost:8001/v1/chat/completions "HTTP/1.1 200 OK"
2026-08-17 17:00:24,906 - INFO - HTTP Request: POST http://localhost:8001/v1/chat/completions "HTTP/1.1 200 OK"
2026-08-17 17:00:30,671 - INFO - HTTP Request: POST http://localhost:8001/v1/chat/completions "HTTP/1.1 200 OK"

2026-08-17 17:00:31,327 - INFO - HTTP Request: POST http://localhost:8001/v1/chat/completions "HTTP/1.1 200 OK"

2026-08-17 17:00:36,542 - INFO - HTTP Request: POST http://localhost:8001/v1/chat/completions "HTTP/1.1 200 OK"

2026-08-17 17:00:43,276 - INFO - HTTP Request: POST http://localhost:8001/v1/chat/completions "HTTP/1.1 200 OK"
2026-08-17 17:00:55,980 - INFO - HTTP Request: POST http://localhost:8001/v1/chat/completions "HTTP/1.1 200 OK"
2026-08-17 17:00:57,379 - INFO - HTTP Request: POST http://localhost:8001/v1/chat/completions "HTTP/1.1 200 OK"
2026-08-17 17:00:57,597 - INFO - HTTP Request: POST http://localhost:8001/v1/chat/completions "HTTP/1.1 200 OK"

2026-08-17 17:01:01,615 - INFO - HTTP Request: POST http://localhost:8001/v1/chat/completions "HTTP/1.1 200 OK"
2026-08-17 17:01:10,427 - INFO - HTTP Request: POST http://localhost:8001/v1/chat/completions "HTTP/1.1 200 OK"

2026-08-17 17:01:13,919 - INFO - HTTP Request: POST http://localhost:8001/v1/chat/completions "HTTP/1.1 200 OK"

2026-08-17 17:01:14,353 - INFO - HTTP Request: POST http://localhost:8001/v1/chat/completions "HTTP/1.1 200 OK"

2026-08-17 17:01:22,608 - INFO - HTTP Request: POST http://localhost:8001/v1/chat/completions "HTTP/1.1 200 OK"
2026-08-17 17:01:34,442 - INFO - HTTP Request: POST http://localhost:8001/v1/chat/completions "HTTP/1.1 200 OK"
2026-08-17 17:01:35,160 - INFO - HTTP Request: POST http://localhost:8001/v1/chat/completions "HTTP/1.1 200 OK"
2026-08-17 17:01:38,552 - INFO - HTTP Request: POST http://localhost:8001/v1/chat/completions "HTTP/1.1 200 OK"

2026-08-17 17:01:39,215 - INFO - HTTP Request: POST http://localhost:8001/v1/chat/completions "HTTP/1.1 200 OK"
2026-08-17 17:01:45,845 - INFO - HTTP Request: POST http://localhost:8001/v1/chat/completions "HTTP/1.1 200 OK"

2026-08-17 17:01:48,242 - INFO - HTTP Request: POST http://localhost:8001/v1/chat/completions "HTTP/1.1 200 OK"

2026-08-17 17:01:51,730 - INFO - HTTP Request: POST http://localhost:8001/v1/chat/completions "HTTP/1.1 200 OK"

2026-08-17 17:02:02,368 - INFO - HTTP Request: POST http://localhost:8001/v1/chat/completions "HTTP/1.1 200 OK"
2026-08-17 17:02:07,894 - INFO - HTTP Request: POST http://localhost:8001/v1/chat/completions "HTTP/1.1 200 OK"
2026-08-17 17:02:15,170 - INFO - HTTP Request: POST http://localhost:8001/v1/chat/completions "HTTP/1.1 200 OK"
2026-08-17 17:02:15,388 - INFO - HTTP Request: POST http://localhost:8001/v1/chat/completions "HTTP/1.1 200 OK"

2026-08-17 17:02:16,580 - INFO - HTTP Request: POST http://localhost:8001/v1/chat/completions "HTTP/1.1 200 OK"
2026-08-17 17:02:20,812 - INFO - HTTP Request: POST http://localhost:8001/v1/chat/completions "HTTP/1.1 200 OK"

2026-08-17 17:02:28,430 - INFO - HTTP Request: POST http://localhost:8001/v1/chat/completions "HTTP/1.1 200 OK"

2026-08-17 17:02:29,303 - INFO - HTTP Request: POST http://localhost:8001/v1/chat/completions "HTTP/1.1 200 OK"

2026-08-17 17:02:35,387 - INFO - HTTP Request: POST http://localhost:8001/v1/chat/completions "HTTP/1.1 200 OK"
2026-08-17 17:02:46,568 - INFO - HTTP Request: POST http://localhost:8001/v1/chat/completions "HTTP/1.1 200 OK"

2026-08-17 17:02:48,740 - INFO - HTTP Request: POST http://localhost:8001/v1/chat/completions "HTTP/1.1 200 OK"
2026-08-17 17:02:49,714 - INFO - HTTP Request: POST http://localhost:8001/v1/chat/completions "HTTP/1.1 200 OK"
2026-08-17 17:02:50,442 - INFO - HTTP Request: POST http://localhost:8001/v1/chat/completions "HTTP/1.1 200 OK"
2026-08-17 17:02:59,263 - INFO - HTTP Request: POST http://localhost:8001/v1/chat/completions "HTTP/1.1 200 OK"

2026-08-17 17:02:59,921 - INFO - HTTP Request: POST http://localhost:8001/v1/chat/completions "HTTP/1.1 200 OK"

2026-08-17 17:03:01,444 - INFO - HTTP Request: POST http://localhost:8001/v1/chat/completions "HTTP/1.1 200 OK"

2026-08-17 17:03:16,202 - INFO - HTTP Request: POST http://localhost:8001/v1/chat/completions "HTTP/1.1 200 OK"
2026-08-17 17:03:19,557 - INFO - HTTP Request: POST http://localhost:8001/v1/chat/completions "HTTP/1.1 200 OK"
2026-08-17 17:03:28,365 - INFO - HTTP Request: POST http://localhost:8001/v1/chat/completions "HTTP/1.1 200 OK"

2026-08-17 17:03:29,238 - INFO - HTTP Request: POST http://localhost:8001/v1/chat/completions "HTTP/1.1 200 OK"
2026-08-17 17:03:31,504 - INFO - HTTP Request: POST http://localhost:8001/v1/chat/completions "HTTP/1.1 200 OK"
2026-08-17 17:03:33,567 - INFO - HTTP Request: POST http://localhost:8001/v1/chat/completions "HTTP/1.1 200 OK"

2026-08-17 17:03:42,494 - INFO - HTTP Request: POST http://localhost:8001/v1/chat/completions "HTTP/1.1 200 OK"

2026-08-17 17:03:43,150 - INFO - HTTP Request: POST http://localhost:8001/v1/chat/completions "HTTP/1.1 200 OK"

2026-08-17 17:03:49,018 - INFO - HTTP Request: POST http://localhost:8001/v1/chat/completions "HTTP/1.1 200 OK"
2026-08-17 17:04:00,205 - INFO - HTTP Request: POST http://localhost:8001/v1/chat/completions "HTTP/1.1 200 OK"

2026-08-17 17:04:02,814 - INFO - HTTP Request: POST http://localhost:8001/v1/chat/completions "HTTP/1.1 200 OK"
2026-08-17 17:04:03,032 - INFO - HTTP Request: POST http://localhost:8001/v1/chat/completions "HTTP/1.1 200 OK"
2026-08-17 17:04:12,367 - INFO - HTTP Request: POST http://localhost:8001/v1/chat/completions "HTTP/1.1 200 OK"

2026-08-17 17:04:14,545 - INFO - HTTP Request: POST http://localhost:8001/v1/chat/completions "HTTP/1.1 200 OK"

2026-08-17 17:04:17,158 - INFO - HTTP Request: POST http://localhost:8001/v1/chat/completions "HTTP/1.1 200 OK"
2026-08-17 17:04:30,306 - INFO - HTTP Request: POST http://localhost:8001/v1/chat/completions "HTTP/1.1 200 OK"
2026-08-17 17:04:30,523 - INFO - HTTP Request: POST http://localhost:8001/v1/chat/completions "HTTP/1.1 200 OK"

r0_cfg41:  82%|████████▏ | 41/50 [1:04:03<18:16, 121.78s/it]2026-08-17 17:04:42,149 - INFO - HTTP Request: POST http://localhost:8001/v1/chat/completions "HTTP/1.1 200 OK"
2026-08-17 17:04:44,641 - INFO - HTTP Request: POST http://localhost:8001/v1/chat/completions "HTTP/1.1 200 OK"

2026-08-17 17:04:48,134 - INFO - HTTP Request: POST http://localhost:8001/v1/chat/completions "HTTP/1.1 200 OK"
2026-08-17 17:04:53,235 - INFO - HTTP Request: POST http://localhost:8001/v1/chat/completions "HTTP/1.1 200 OK"
2026-08-17 17:04:55,131 - INFO - HTTP Request: POST http://localhost:8001/v1/chat/completions "HTTP/1.1 200 OK"

2026-08-17 17:05:02,106 - INFO - HTTP Request: POST http://localhost:8001/v1/chat/completions "HTTP/1.1 200 OK"

r0_cfg41:  84%|████████▍ | 42/50 [1:04:35<12:37, 94.72s/it] 2026-08-17 17:05:05,370 - INFO - HTTP Request: POST http://localhost:8001/v1/chat/completions "HTTP/1.1 200 OK"

2026-08-17 17:05:17,959 - INFO - HTTP Request: POST http://localhost:8001/v1/chat/completions "HTTP/1.1 200 OK"
2026-08-17 17:05:24,360 - INFO - HTTP Request: POST http://localhost:8001/v1/chat/completions "HTTP/1.1 200 OK"
2026-08-17 17:05:28,804 - INFO - HTTP Request: POST http://localhost:8001/v1/chat/completions "HTTP/1.1 200 OK"
2026-08-17 17:05:32,391 - INFO - HTTP Request: POST http://localhost:8001/v1/chat/completions "HTTP/1.1 200 OK"
2026-08-17 17:05:34,288 - INFO - HTTP Request: POST http://localhost:8001/v1/chat/completions "HTTP/1.1 200 OK"

r0_cfg41:  86%|████████▌ | 43/50 [1:05:07<08:51, 75.96s/it]2026-08-17 17:05:39,086 - INFO - HTTP Request: POST http://localhost:8001/v1/chat/completions "HTTP/1.1 200 OK"

2026-08-17 17:05:39,960 - INFO - HTTP Request: POST http://localhost:8001/v1/chat/completions "HTTP/1.1 200 OK"

r0_cfg41:  88%|████████▊ | 44/50 [1:05:13<05:29, 54.87s/it]2026-08-17 17:05:45,392 - INFO - HTTP Request: POST http://localhost:8001/v1/chat/completions "HTTP/1.1 200 OK"

2026-08-17 17:05:56,244 - INFO - HTTP Request: POST http://localhost:8001/v1/chat/completions "HTTP/1.1 200 OK"
2026-08-17 17:06:02,033 - INFO - HTTP Request: POST http://localhost:8001/v1/chat/completions "HTTP/1.1 200 OK"
2026-08-17 17:06:05,661 - INFO - HTTP Request: POST http://localhost:8001/v1/chat/completions "HTTP/1.1 200 OK"
2026-08-17 17:06:09,453 - INFO - HTTP Request: POST http://localhost:8001/v1/chat/completions "HTTP/1.1 200 OK"
2026-08-17 17:06:10,478 - INFO - HTTP Request: POST http://localhost:8001/v1/chat/completions "HTTP/1.1 200 OK"

2026-08-17 17:06:22,899 - INFO - HTTP Request: POST http://localhost:8001/v1/chat/completions "HTTP/1.1 200 OK"

2026-08-17 17:06:23,557 - INFO - HTTP Request: POST http://localhost:8001/v1/chat/completions "HTTP/1.1 200 OK"

2026-08-17 17:06:23,990 - INFO - HTTP Request: POST http://localhost:8001/v1/chat/completions "HTTP/1.1 200 OK"

2026-08-17 17:06:36,365 - INFO - HTTP Request: POST http://localhost:8001/v1/chat/completions "HTTP/1.1 200 OK"
2026-08-17 17:06:48,173 - INFO - HTTP Request: POST http://localhost:8001/v1/chat/completions "HTTP/1.1 200 OK"
2026-08-17 17:06:48,391 - INFO - HTTP Request: POST http://localhost:8001/v1/chat/completions "HTTP/1.1 200 OK"
2026-08-17 17:06:49,934 - INFO - HTTP Request: POST http://localhost:8001/v1/chat/completions "HTTP/1.1 200 OK"
2026-08-17 17:06:52,267 - INFO - HTTP Request: POST http://localhost:8001/v1/chat/completions "HTTP/1.1 200 OK"

2026-08-17 17:07:01,857 - INFO - HTTP Request: POST http://localhost:8001/v1/chat/completions "HTTP/1.1 200 OK"

2026-08-17 17:07:02,292 - INFO - HTTP Request: POST http://localhost:8001/v1/chat/completions "HTTP/1.1 200 OK"

2026-08-17 17:07:05,137 - INFO - HTTP Request: POST http://localhost:8001/v1/chat/completions "HTTP/1.1 200 OK"

2026-08-17 17:07:16,636 - INFO - HTTP Request: POST http://localhost:8001/v1/chat/completions "HTTP/1.1 200 OK"
2026-08-17 17:07:21,775 - INFO - HTTP Request: POST http://localhost:8001/v1/chat/completions "HTTP/1.1 200 OK"
2026-08-17 17:07:26,714 - INFO - HTTP Request: POST http://localhost:8001/v1/chat/completions "HTTP/1.1 200 OK"
2026-08-17 17:07:29,845 - INFO - HTTP Request: POST http://localhost:8001/v1/chat/completions "HTTP/1.1 200 OK"

2026-08-17 17:07:30,280 - INFO - HTTP Request: POST http://localhost:8001/v1/chat/completions "HTTP/1.1 200 OK"
2026-08-17 17:07:38,503 - INFO - HTTP Request: POST http://localhost:8001/v1/chat/completions "HTTP/1.1 200 OK"

2026-08-17 17:07:39,160 - INFO - HTTP Request: POST http://localhost:8001/v1/chat/completions "HTTP/1.1 200 OK"

2026-08-17 17:07:42,213 - INFO - HTTP Request: POST http://localhost:8001/v1/chat/completions "HTTP/1.1 200 OK"

2026-08-17 17:07:53,717 - INFO - HTTP Request: POST http://localhost:8001/v1/chat/completions "HTTP/1.1 200 OK"
2026-08-17 17:07:59,068 - INFO - HTTP Request: POST http://localhost:8001/v1/chat/completions "HTTP/1.1 200 OK"
2026-08-17 17:08:06,555 - INFO - HTTP Request: POST http://localhost:8001/v1/chat/completions "HTTP/1.1 200 OK"

2026-08-17 17:08:06,772 - INFO - HTTP Request: POST http://localhost:8001/v1/chat/completions "HTTP/1.1 200 OK"
2026-08-17 17:08:08,019 - INFO - HTTP Request: POST http://localhost:8001/v1/chat/completions "HTTP/1.1 200 OK"
2026-08-17 17:08:11,654 - INFO - HTTP Request: POST http://localhost:8001/v1/chat/completions "HTTP/1.1 200 OK"

2026-08-17 17:08:19,926 - INFO - HTTP Request: POST http://localhost:8001/v1/chat/completions "HTTP/1.1 200 OK"

2026-08-17 17:08:22,327 - INFO - HTTP Request: POST http://localhost:8001/v1/chat/completions "HTTP/1.1 200 OK"

2026-08-17 17:08:27,101 - INFO - HTTP Request: POST http://localhost:8001/v1/chat/completions "HTTP/1.1 200 OK"
2026-08-17 17:08:39,193 - INFO - HTTP Request: POST http://localhost:8001/v1/chat/completions "HTTP/1.1 200 OK"

2026-08-17 17:08:39,847 - INFO - HTTP Request: POST http://localhost:8001/v1/chat/completions "HTTP/1.1 200 OK"
2026-08-17 17:08:40,870 - INFO - HTTP Request: POST http://localhost:8001/v1/chat/completions "HTTP/1.1 200 OK"
2026-08-17 17:08:43,124 - INFO - HTTP Request: POST http://localhost:8001/v1/chat/completions "HTTP/1.1 200 OK"
2026-08-17 17:08:51,775 - INFO - HTTP Request: POST http://localhost:8001/v1/chat/completions "HTTP/1.1 200 OK"

2026-08-17 17:08:54,391 - INFO - HTTP Request: POST http://localhost:8001/v1/chat/completions "HTTP/1.1 200 OK"

2026-08-17 17:08:56,132 - INFO - HTTP Request: POST http://localhost:8001/v1/chat/completions "HTTP/1.1 200 OK"

2026-08-17 17:09:08,939 - INFO - HTTP Request: POST http://localhost:8001/v1/chat/completions "HTTP/1.1 200 OK"
2026-08-17 17:09:16,252 - INFO - HTTP Request: POST http://localhost:8001/v1/chat/completions "HTTP/1.1 200 OK"
2026-08-17 17:09:20,915 - INFO - HTTP Request: POST http://localhost:8001/v1/chat/completions "HTTP/1.1 200 OK"
2026-08-17 17:09:23,680 - INFO - HTTP Request: POST http://localhost:8001/v1/chat/completions "HTTP/1.1 200 OK"

2026-08-17 17:09:24,336 - INFO - HTTP Request: POST http://localhost:8001/v1/chat/completions "HTTP/1.1 200 OK"
2026-08-17 17:09:31,900 - INFO - HTTP Request: POST http://localhost:8001/v1/chat/completions "HTTP/1.1 200 OK"

2026-08-17 17:09:36,694 - INFO - HTTP Request: POST http://localhost:8001/v1/chat/completions "HTTP/1.1 200 OK"

2026-08-17 17:09:37,784 - INFO - HTTP Request: POST http://localhost:8001/v1/chat/completions "HTTP/1.1 200 OK"

2026-08-17 17:09:44,087 - INFO - HTTP Request: POST http://localhost:8001/v1/chat/completions "HTTP/1.1 200 OK"
2026-08-17 17:09:54,880 - INFO - HTTP Request: POST http://localhost:8001/v1/chat/completions "HTTP/1.1 200 OK"

2026-08-17 17:09:56,836 - INFO - HTTP Request: POST http://localhost:8001/v1/chat/completions "HTTP/1.1 200 OK"
2026-08-17 17:10:01,556 - INFO - HTTP Request: POST http://localhost:8001/v1/chat/completions "HTTP/1.1 200 OK"
2026-08-17 17:10:09,704 - INFO - HTTP Request: POST http://localhost:8001/v1/chat/completions "HTTP/1.1 200 OK"

2026-08-17 17:10:11,663 - INFO - HTTP Request: POST http://localhost:8001/v1/chat/completions "HTTP/1.1 200 OK"
2026-08-17 17:10:17,910 - INFO - HTTP Request: POST http://localhost:8001/v1/chat/completions "HTTP/1.1 200 OK"

2026-08-17 17:10:22,922 - INFO - HTTP Request: POST http://localhost:8001/v1/chat/completions "HTTP/1.1 200 OK"

r0_cfg41:  90%|█████████ | 45/50 [1:09:56<10:16, 123.30s/it]2026-08-17 17:10:25,095 - INFO - HTTP Request: POST http://localhost:8001/v1/chat/completions "HTTP/1.1 200 OK"
2026-08-17 17:10:38,716 - INFO - HTTP Request: POST http://localhost:8001/v1/chat/completions "HTTP/1.1 200 OK"

2026-08-17 17:10:39,376 - INFO - HTTP Request: POST http://localhost:8001/v1/chat/completions "HTTP/1.1 200 OK"
2026-08-17 17:10:45,398 - INFO - HTTP Request: POST http://localhost:8001/v1/chat/completions "HTTP/1.1 200 OK"
2026-08-17 17:10:51,199 - INFO - HTTP Request: POST http://localhost:8001/v1/chat/completions "HTTP/1.1 200 OK"
2026-08-17 17:10:54,779 - INFO - HTTP Request: POST http://localhost:8001/v1/chat/completions "HTTP/1.1 200 OK"

2026-08-17 17:10:58,706 - INFO - HTTP Request: POST http://localhost:8001/v1/chat/completions "HTTP/1.1 200 OK"

2026-08-17 17:11:06,966 - INFO - HTTP Request: POST http://localhost:8001/v1/chat/completions "HTTP/1.1 200 OK"

r0_cfg41:  92%|█████████▏| 46/50 [1:10:40<06:38, 99.52s/it] 2026-08-17 17:11:12,614 - INFO - HTTP Request: POST http://localhost:8001/v1/chat/completions "HTTP/1.1 200 OK"
2026-08-17 17:11:24,056 - INFO - HTTP Request: POST http://localhost:8001/v1/chat/completions "HTTP/1.1 200 OK"

r0_cfg41:  94%|█████████▍| 47/50 [1:10:57<03:44, 74.79s/it]2026-08-17 17:11:24,924 - INFO - HTTP Request: POST http://localhost:8001/v1/chat/completions "HTTP/1.1 200 OK"
2026-08-17 17:11:27,531 - INFO - HTTP Request: POST http://localhost:8001/v1/chat/completions "HTTP/1.1 200 OK"
2026-08-17 17:11:29,639 - INFO - HTTP Request: POST http://localhost:8001/v1/chat/completions "HTTP/1.1 200 OK"
2026-08-17 17:11:35,830 - INFO - HTTP Request: POST http://localhost:8001/v1/chat/completions "HTTP/1.1 200 OK"

2026-08-17 17:11:40,618 - INFO - HTTP Request: POST http://localhost:8001/v1/chat/completions "HTTP/1.1 200 OK"

r0_cfg41:  96%|█████████▌| 48/50 [1:11:13<01:54, 57.32s/it]2026-08-17 17:11:42,136 - INFO - HTTP Request: POST http://localhost:8001/v1/chat/completions "HTTP/1.1 200 OK"

2026-08-17 17:11:59,928 - INFO - HTTP Request: POST http://localhost:8001/v1/chat/completions "HTTP/1.1 200 OK"
2026-08-17 17:12:07,984 - INFO - HTTP Request: POST http://localhost:8001/v1/chat/completions "HTTP/1.1 200 OK"
2026-08-17 17:12:12,896 - INFO - HTTP Request: POST http://localhost:8001/v1/chat/completions "HTTP/1.1 200 OK"

2026-08-17 17:12:19,228 - INFO - HTTP Request: POST http://localhost:8001/v1/chat/completions "HTTP/1.1 200 OK"

2026-08-17 17:12:36,584 - INFO - HTTP Request: POST http://localhost:8001/v1/chat/completions "HTTP/1.1 200 OK"
2026-08-17 17:12:43,267 - INFO - HTTP Request: POST http://localhost:8001/v1/chat/completions "HTTP/1.1 200 OK"
2026-08-17 17:12:48,826 - INFO - HTTP Request: POST http://localhost:8001/v1/chat/completions "HTTP/1.1 200 OK"

2026-08-17 17:12:55,381 - INFO - HTTP Request: POST http://localhost:8001/v1/chat/completions "HTTP/1.1 200 OK"

2026-08-17 17:13:08,188 - INFO - HTTP Request: POST http://localhost:8001/v1/chat/completions "HTTP/1.1 200 OK"
2026-08-17 17:13:17,545 - INFO - HTTP Request: POST http://localhost:8001/v1/chat/completions "HTTP/1.1 200 OK"

2026-08-17 17:13:19,099 - INFO - HTTP Request: POST http://localhost:8001/v1/chat/completions "HTTP/1.1 200 OK"
2026-08-17 17:13:33,330 - INFO - HTTP Request: POST http://localhost:8001/v1/chat/completions "HTTP/1.1 200 OK"

2026-08-17 17:13:45,931 - INFO - HTTP Request: POST http://localhost:8001/v1/chat/completions "HTTP/1.1 200 OK"
2026-08-17 17:13:52,829 - INFO - HTTP Request: POST http://localhost:8001/v1/chat/completions "HTTP/1.1 200 OK"
2026-08-17 17:13:58,174 - INFO - HTTP Request: POST http://localhost:8001/v1/chat/completions "HTTP/1.1 200 OK"

2026-08-17 17:14:05,589 - INFO - HTTP Request: POST http://localhost:8001/v1/chat/completions "HTTP/1.1 200 OK"

2026-08-17 17:14:17,752 - INFO - HTTP Request: POST http://localhost:8001/v1/chat/completions "HTTP/1.1 200 OK"
2026-08-17 17:14:30,370 - INFO - HTTP Request: POST http://localhost:8001/v1/chat/completions "HTTP/1.1 200 OK"

2026-08-17 17:14:33,873 - INFO - HTTP Request: POST http://localhost:8001/v1/chat/completions "HTTP/1.1 200 OK"
2026-08-17 17:14:45,502 - INFO - HTTP Request: POST http://localhost:8001/v1/chat/completions "HTTP/1.1 200 OK"

2026-08-17 17:14:59,183 - INFO - HTTP Request: POST http://localhost:8001/v1/chat/completions "HTTP/1.1 200 OK"
2026-08-17 17:15:05,297 - INFO - HTTP Request: POST http://localhost:8001/v1/chat/completions "HTTP/1.1 200 OK"
2026-08-17 17:15:10,213 - INFO - HTTP Request: POST http://localhost:8001/v1/chat/completions "HTTP/1.1 200 OK"

2026-08-17 17:15:20,019 - INFO - HTTP Request: POST http://localhost:8001/v1/chat/completions "HTTP/1.1 200 OK"

2026-08-17 17:15:42,365 - INFO - HTTP Request: POST http://localhost:8001/v1/chat/completions "HTTP/1.1 200 OK"
2026-08-17 17:15:48,914 - INFO - HTTP Request: POST http://localhost:8001/v1/chat/completions "HTTP/1.1 200 OK"
2026-08-17 17:15:54,913 - INFO - HTTP Request: POST http://localhost:8001/v1/chat/completions "HTTP/1.1 200 OK"

r0_cfg41:  98%|█████████▊| 49/50 [1:15:28<01:56, 116.41s/it]2026-08-17 17:15:56,504 - INFO - HTTP Request: POST http://localhost:8001/v1/chat/completions "HTTP/1.1 200 OK"

2026-08-17 17:16:02,413 - INFO - HTTP Request: POST http://localhost:8001/v1/chat/completions "HTTP/1.1 200 OK"
2026-08-17 17:16:05,193 - INFO - HTTP Request: POST http://localhost:8001/v1/chat/completions "HTTP/1.1 200 OK"

r0_cfg41: 100%|██████████| 50/50 [1:15:38<00:00, 84.57s/it] r0_cfg41: 100%|██████████| 50/50 [1:15:38<00:00, 90.77s/it]
  done in 4538.6s (valid 50/50, invalid {})

Scored 1 model/s.
Report:  /LAB/Swiss-Knife/tribunal/bayes_search_honesty/eval_results/round0/r0_cfg41/report/index.html
Tables:  /LAB/Swiss-Knife/tribunal/bayes_search_honesty/eval_results/round0/r0_cfg41/model_summary.csv, /LAB/Swiss-Knife/tribunal/bayes_search_honesty/eval_results/round0/r0_cfg41/summary.csv
