2026-08-18 04:34:57,989 - INFO - Judge client pointed at http://localhost:8003/v1
2026-08-18 04:35:01,174 - INFO - Loading Detoxify model (CPU)
2026-08-18 04:35:05,024 - INFO - HTTP Request: HEAD https://huggingface.co/bert-base-uncased/resolve/main/config.json "HTTP/1.1 200 OK"
Warning: You are sending unauthenticated requests to the HF Hub. Please set a HF_TOKEN to enable higher rate limits and faster downloads.
2026-08-18 04:35:05,025 - WARNING - Warning: You are sending unauthenticated requests to the HF Hub. Please set a HF_TOKEN to enable higher rate limits and faster downloads.
input:  /LAB/Swiss-Knife/tribunal/bayes_search_honesty/eval_results/round5/r5_cfg3/_tribunal_input_tmp (1 model file/s)
output: /LAB/Swiss-Knife/tribunal/bayes_search_honesty/eval_results/round5/r5_cfg3
judge:  Qwen/Qwen2.5-32B-Instruct @ http://localhost:8003/v1
detoxify cross-check: True
Loading weights:   0%|          | 0/201 [00:00<?, ?it/s]Loading weights: 100%|██████████| 201/201 [00:00<00:00, 32915.13it/s]
2026-08-18 04:35:05,354 - INFO - HTTP Request: HEAD https://huggingface.co/bert-base-uncased/resolve/main/tokenizer_config.json "HTTP/1.1 200 OK"
2026-08-18 04:35:05,566 - INFO - HTTP Request: GET https://huggingface.co/api/models/bert-base-uncased/tree/main/additional_chat_templates?recursive=false&expand=false "HTTP/1.1 307 Temporary Redirect"
2026-08-18 04:35:05,776 - INFO - HTTP Request: GET https://huggingface.co/api/models/google-bert/bert-base-uncased/tree/main/additional_chat_templates?recursive=false&expand=false "HTTP/1.1 404 Not Found"
2026-08-18 04:35:05,987 - INFO - HTTP Request: GET https://huggingface.co/api/models/bert-base-uncased/tree/main?recursive=true&expand=false "HTTP/1.1 307 Temporary Redirect"
2026-08-18 04:35:06,199 - INFO - HTTP Request: GET https://huggingface.co/api/models/google-bert/bert-base-uncased/tree/main?recursive=true&expand=false "HTTP/1.1 200 OK"

[1/1] r5_cfg3
  scoring 50 records (0 skipped or cached) [workers=4]
r5_cfg3:   0%|          | 0/50 [00:00<?, ?it/s]2026-08-18 04:35:28,202 - INFO - HTTP Request: POST http://localhost:8003/v1/chat/completions "HTTP/1.1 200 OK"
2026-08-18 04:35:28,418 - INFO - HTTP Request: POST http://localhost:8003/v1/chat/completions "HTTP/1.1 200 OK"
2026-08-18 04:35:28,419 - INFO - HTTP Request: POST http://localhost:8003/v1/chat/completions "HTTP/1.1 200 OK"
2026-08-18 04:35:29,002 - INFO - HTTP Request: POST http://localhost:8003/v1/chat/completions "HTTP/1.1 200 OK"
2026-08-18 04:35:40,331 - INFO - HTTP Request: POST http://localhost:8003/v1/chat/completions "HTTP/1.1 200 OK"

2026-08-18 04:35:40,766 - INFO - HTTP Request: POST http://localhost:8003/v1/chat/completions "HTTP/1.1 200 OK"

2026-08-18 04:35:43,011 - INFO - HTTP Request: POST http://localhost:8003/v1/chat/completions "HTTP/1.1 200 OK"

2026-08-18 04:35:46,917 - INFO - HTTP Request: POST http://localhost:8003/v1/chat/completions "HTTP/1.1 200 OK"

2026-08-18 04:36:06,429 - INFO - HTTP Request: POST http://localhost:8003/v1/chat/completions "HTTP/1.1 200 OK"
2026-08-18 04:36:07,191 - INFO - HTTP Request: POST http://localhost:8003/v1/chat/completions "HTTP/1.1 200 OK"
2026-08-18 04:36:09,833 - INFO - HTTP Request: POST http://localhost:8003/v1/chat/completions "HTTP/1.1 200 OK"
2026-08-18 04:36:14,067 - INFO - HTTP Request: POST http://localhost:8003/v1/chat/completions "HTTP/1.1 200 OK"
2026-08-18 04:36:22,934 - INFO - HTTP Request: POST http://localhost:8003/v1/chat/completions "HTTP/1.1 200 OK"

2026-08-18 04:36:22,935 - INFO - HTTP Request: POST http://localhost:8003/v1/chat/completions "HTTP/1.1 200 OK"

2026-08-18 04:36:23,639 - INFO - HTTP Request: POST http://localhost:8003/v1/chat/completions "HTTP/1.1 200 OK"

2026-08-18 04:36:30,371 - INFO - HTTP Request: POST http://localhost:8003/v1/chat/completions "HTTP/1.1 200 OK"

2026-08-18 04:36:47,290 - INFO - HTTP Request: POST http://localhost:8003/v1/chat/completions "HTTP/1.1 200 OK"
2026-08-18 04:36:47,291 - INFO - HTTP Request: POST http://localhost:8003/v1/chat/completions "HTTP/1.1 200 OK"
2026-08-18 04:36:48,763 - INFO - HTTP Request: POST http://localhost:8003/v1/chat/completions "HTTP/1.1 200 OK"
2026-08-18 04:36:55,826 - INFO - HTTP Request: POST http://localhost:8003/v1/chat/completions "HTTP/1.1 200 OK"
2026-08-18 04:36:59,029 - INFO - HTTP Request: POST http://localhost:8003/v1/chat/completions "HTTP/1.1 200 OK"

2026-08-18 04:37:01,910 - INFO - HTTP Request: POST http://localhost:8003/v1/chat/completions "HTTP/1.1 200 OK"

2026-08-18 04:37:04,748 - INFO - HTTP Request: POST http://localhost:8003/v1/chat/completions "HTTP/1.1 200 OK"

2026-08-18 04:37:12,143 - INFO - HTTP Request: POST http://localhost:8003/v1/chat/completions "HTTP/1.1 200 OK"

2026-08-18 04:37:23,000 - INFO - HTTP Request: POST http://localhost:8003/v1/chat/completions "HTTP/1.1 200 OK"
2026-08-18 04:37:26,259 - INFO - HTTP Request: POST http://localhost:8003/v1/chat/completions "HTTP/1.1 200 OK"
2026-08-18 04:37:28,965 - INFO - HTTP Request: POST http://localhost:8003/v1/chat/completions "HTTP/1.1 200 OK"
2026-08-18 04:37:36,368 - INFO - HTTP Request: POST http://localhost:8003/v1/chat/completions "HTTP/1.1 200 OK"

2026-08-18 04:37:37,290 - INFO - HTTP Request: POST http://localhost:8003/v1/chat/completions "HTTP/1.1 200 OK"
2026-08-18 04:37:39,570 - INFO - HTTP Request: POST http://localhost:8003/v1/chat/completions "HTTP/1.1 200 OK"

2026-08-18 04:37:42,191 - INFO - HTTP Request: POST http://localhost:8003/v1/chat/completions "HTTP/1.1 200 OK"

2026-08-18 04:37:50,453 - INFO - HTTP Request: POST http://localhost:8003/v1/chat/completions "HTTP/1.1 200 OK"

2026-08-18 04:37:56,103 - INFO - HTTP Request: POST http://localhost:8003/v1/chat/completions "HTTP/1.1 200 OK"
2026-08-18 04:37:59,798 - INFO - HTTP Request: POST http://localhost:8003/v1/chat/completions "HTTP/1.1 200 OK"
2026-08-18 04:38:02,838 - INFO - HTTP Request: POST http://localhost:8003/v1/chat/completions "HTTP/1.1 200 OK"
2026-08-18 04:38:08,819 - INFO - HTTP Request: POST http://localhost:8003/v1/chat/completions "HTTP/1.1 200 OK"

2026-08-18 04:38:11,061 - INFO - HTTP Request: POST http://localhost:8003/v1/chat/completions "HTTP/1.1 200 OK"

2026-08-18 04:38:11,496 - INFO - HTTP Request: POST http://localhost:8003/v1/chat/completions "HTTP/1.1 200 OK"
2026-08-18 04:38:15,129 - INFO - HTTP Request: POST http://localhost:8003/v1/chat/completions "HTTP/1.1 200 OK"

2026-08-18 04:38:24,907 - INFO - HTTP Request: POST http://localhost:8003/v1/chat/completions "HTTP/1.1 200 OK"

2026-08-18 04:38:37,929 - INFO - HTTP Request: POST http://localhost:8003/v1/chat/completions "HTTP/1.1 200 OK"
2026-08-18 04:38:40,543 - INFO - HTTP Request: POST http://localhost:8003/v1/chat/completions "HTTP/1.1 200 OK"
2026-08-18 04:38:44,556 - INFO - HTTP Request: POST http://localhost:8003/v1/chat/completions "HTTP/1.1 200 OK"
2026-08-18 04:38:53,589 - INFO - HTTP Request: POST http://localhost:8003/v1/chat/completions "HTTP/1.1 200 OK"

2026-08-18 04:38:54,749 - INFO - HTTP Request: POST http://localhost:8003/v1/chat/completions "HTTP/1.1 200 OK"
2026-08-18 04:38:56,160 - INFO - HTTP Request: POST http://localhost:8003/v1/chat/completions "HTTP/1.1 200 OK"

2026-08-18 04:39:00,515 - INFO - HTTP Request: POST http://localhost:8003/v1/chat/completions "HTTP/1.1 200 OK"

2026-08-18 04:39:05,949 - INFO - HTTP Request: POST http://localhost:8003/v1/chat/completions "HTTP/1.1 200 OK"

2026-08-18 04:39:13,980 - INFO - HTTP Request: POST http://localhost:8003/v1/chat/completions "HTTP/1.1 200 OK"
2026-08-18 04:39:16,671 - INFO - HTTP Request: POST http://localhost:8003/v1/chat/completions "HTTP/1.1 200 OK"
2026-08-18 04:39:21,340 - INFO - HTTP Request: POST http://localhost:8003/v1/chat/completions "HTTP/1.1 200 OK"
2026-08-18 04:39:27,112 - INFO - HTTP Request: POST http://localhost:8003/v1/chat/completions "HTTP/1.1 200 OK"
2026-08-18 04:39:27,331 - INFO - HTTP Request: POST http://localhost:8003/v1/chat/completions "HTTP/1.1 200 OK"

2026-08-18 04:39:29,585 - INFO - HTTP Request: POST http://localhost:8003/v1/chat/completions "HTTP/1.1 200 OK"

2026-08-18 04:39:35,901 - INFO - HTTP Request: POST http://localhost:8003/v1/chat/completions "HTTP/1.1 200 OK"

2026-08-18 04:39:39,383 - INFO - HTTP Request: POST http://localhost:8003/v1/chat/completions "HTTP/1.1 200 OK"

2026-08-18 04:39:56,969 - INFO - HTTP Request: POST http://localhost:8003/v1/chat/completions "HTTP/1.1 200 OK"
2026-08-18 04:39:59,233 - INFO - HTTP Request: POST http://localhost:8003/v1/chat/completions "HTTP/1.1 200 OK"
2026-08-18 04:40:05,863 - INFO - HTTP Request: POST http://localhost:8003/v1/chat/completions "HTTP/1.1 200 OK"
2026-08-18 04:40:09,236 - INFO - HTTP Request: POST http://localhost:8003/v1/chat/completions "HTTP/1.1 200 OK"

2026-08-18 04:40:09,673 - INFO - HTTP Request: POST http://localhost:8003/v1/chat/completions "HTTP/1.1 200 OK"

2026-08-18 04:40:09,674 - INFO - HTTP Request: POST http://localhost:8003/v1/chat/completions "HTTP/1.1 200 OK"
2026-08-18 04:40:22,365 - INFO - HTTP Request: POST http://localhost:8003/v1/chat/completions "HTTP/1.1 200 OK"

2026-08-18 04:40:23,898 - INFO - HTTP Request: POST http://localhost:8003/v1/chat/completions "HTTP/1.1 200 OK"

2026-08-18 04:40:40,838 - INFO - HTTP Request: POST http://localhost:8003/v1/chat/completions "HTTP/1.1 200 OK"
2026-08-18 04:40:43,316 - INFO - HTTP Request: POST http://localhost:8003/v1/chat/completions "HTTP/1.1 200 OK"
2026-08-18 04:40:53,631 - INFO - HTTP Request: POST http://localhost:8003/v1/chat/completions "HTTP/1.1 200 OK"

r5_cfg3:   2%|▏         | 1/50 [05:47<4:43:40, 347.36s/it]2026-08-18 04:40:55,592 - INFO - HTTP Request: POST http://localhost:8003/v1/chat/completions "HTTP/1.1 200 OK"

r5_cfg3:   4%|▍         | 2/50 [05:49<1:55:20, 144.18s/it]2026-08-18 04:40:56,027 - INFO - HTTP Request: POST http://localhost:8003/v1/chat/completions "HTTP/1.1 200 OK"
2026-08-18 04:40:58,354 - INFO - HTTP Request: POST http://localhost:8003/v1/chat/completions "HTTP/1.1 200 OK"
2026-08-18 04:41:09,754 - INFO - HTTP Request: POST http://localhost:8003/v1/chat/completions "HTTP/1.1 200 OK"

r5_cfg3:   6%|▌         | 3/50 [06:03<1:06:26, 84.81s/it] 2026-08-18 04:41:10,406 - INFO - HTTP Request: POST http://localhost:8003/v1/chat/completions "HTTP/1.1 200 OK"

r5_cfg3:   8%|▊         | 4/50 [06:04<39:32, 51.59s/it]  2026-08-18 04:41:16,265 - INFO - HTTP Request: POST http://localhost:8003/v1/chat/completions "HTTP/1.1 200 OK"
2026-08-18 04:41:18,534 - INFO - HTTP Request: POST http://localhost:8003/v1/chat/completions "HTTP/1.1 200 OK"
2026-08-18 04:41:26,245 - INFO - HTTP Request: POST http://localhost:8003/v1/chat/completions "HTTP/1.1 200 OK"

2026-08-18 04:41:31,463 - INFO - HTTP Request: POST http://localhost:8003/v1/chat/completions "HTTP/1.1 200 OK"

2026-08-18 04:41:32,116 - INFO - HTTP Request: POST http://localhost:8003/v1/chat/completions "HTTP/1.1 200 OK"
2026-08-18 04:41:33,355 - INFO - HTTP Request: POST http://localhost:8003/v1/chat/completions "HTTP/1.1 200 OK"
2026-08-18 04:41:47,374 - INFO - HTTP Request: POST http://localhost:8003/v1/chat/completions "HTTP/1.1 200 OK"

2026-08-18 04:41:50,203 - INFO - HTTP Request: POST http://localhost:8003/v1/chat/completions "HTTP/1.1 200 OK"

2026-08-18 04:41:53,023 - INFO - HTTP Request: POST http://localhost:8003/v1/chat/completions "HTTP/1.1 200 OK"
2026-08-18 04:41:58,552 - INFO - HTTP Request: POST http://localhost:8003/v1/chat/completions "HTTP/1.1 200 OK"
2026-08-18 04:42:03,441 - INFO - HTTP Request: POST http://localhost:8003/v1/chat/completions "HTTP/1.1 200 OK"

2026-08-18 04:42:08,877 - INFO - HTTP Request: POST http://localhost:8003/v1/chat/completions "HTTP/1.1 200 OK"

2026-08-18 04:42:14,086 - INFO - HTTP Request: POST http://localhost:8003/v1/chat/completions "HTTP/1.1 200 OK"
2026-08-18 04:42:17,226 - INFO - HTTP Request: POST http://localhost:8003/v1/chat/completions "HTTP/1.1 200 OK"
2026-08-18 04:42:23,911 - INFO - HTTP Request: POST http://localhost:8003/v1/chat/completions "HTTP/1.1 200 OK"

2026-08-18 04:42:28,479 - INFO - HTTP Request: POST http://localhost:8003/v1/chat/completions "HTTP/1.1 200 OK"
2026-08-18 04:42:32,056 - INFO - HTTP Request: POST http://localhost:8003/v1/chat/completions "HTTP/1.1 200 OK"

2026-08-18 04:42:34,232 - INFO - HTTP Request: POST http://localhost:8003/v1/chat/completions "HTTP/1.1 200 OK"
2026-08-18 04:42:42,169 - INFO - HTTP Request: POST http://localhost:8003/v1/chat/completions "HTTP/1.1 200 OK"

2026-08-18 04:42:45,216 - INFO - HTTP Request: POST http://localhost:8003/v1/chat/completions "HTTP/1.1 200 OK"

2026-08-18 04:42:48,912 - INFO - HTTP Request: POST http://localhost:8003/v1/chat/completions "HTTP/1.1 200 OK"
2026-08-18 04:42:57,053 - INFO - HTTP Request: POST http://localhost:8003/v1/chat/completions "HTTP/1.1 200 OK"
2026-08-18 04:43:00,688 - INFO - HTTP Request: POST http://localhost:8003/v1/chat/completions "HTTP/1.1 200 OK"

2026-08-18 04:43:06,784 - INFO - HTTP Request: POST http://localhost:8003/v1/chat/completions "HTTP/1.1 200 OK"
2026-08-18 04:43:09,706 - INFO - HTTP Request: POST http://localhost:8003/v1/chat/completions "HTTP/1.1 200 OK"
2026-08-18 04:43:13,942 - INFO - HTTP Request: POST http://localhost:8003/v1/chat/completions "HTTP/1.1 200 OK"

2026-08-18 04:43:19,828 - INFO - HTTP Request: POST http://localhost:8003/v1/chat/completions "HTTP/1.1 200 OK"

2026-08-18 04:43:22,228 - INFO - HTTP Request: POST http://localhost:8003/v1/chat/completions "HTTP/1.1 200 OK"

2026-08-18 04:43:25,489 - INFO - HTTP Request: POST http://localhost:8003/v1/chat/completions "HTTP/1.1 200 OK"
2026-08-18 04:43:37,872 - INFO - HTTP Request: POST http://localhost:8003/v1/chat/completions "HTTP/1.1 200 OK"

2026-08-18 04:43:38,532 - INFO - HTTP Request: POST http://localhost:8003/v1/chat/completions "HTTP/1.1 200 OK"
2026-08-18 04:43:39,985 - INFO - HTTP Request: POST http://localhost:8003/v1/chat/completions "HTTP/1.1 200 OK"
2026-08-18 04:43:43,131 - INFO - HTTP Request: POST http://localhost:8003/v1/chat/completions "HTTP/1.1 200 OK"
2026-08-18 04:43:52,381 - INFO - HTTP Request: POST http://localhost:8003/v1/chat/completions "HTTP/1.1 200 OK"

2026-08-18 04:43:52,598 - INFO - HTTP Request: POST http://localhost:8003/v1/chat/completions "HTTP/1.1 200 OK"

2026-08-18 04:43:54,131 - INFO - HTTP Request: POST http://localhost:8003/v1/chat/completions "HTTP/1.1 200 OK"

2026-08-18 04:43:58,689 - INFO - HTTP Request: POST http://localhost:8003/v1/chat/completions "HTTP/1.1 200 OK"
2026-08-18 04:44:09,001 - INFO - HTTP Request: POST http://localhost:8003/v1/chat/completions "HTTP/1.1 200 OK"

2026-08-18 04:44:12,475 - INFO - HTTP Request: POST http://localhost:8003/v1/chat/completions "HTTP/1.1 200 OK"
2026-08-18 04:44:21,973 - INFO - HTTP Request: POST http://localhost:8003/v1/chat/completions "HTTP/1.1 200 OK"
2026-08-18 04:44:22,191 - INFO - HTTP Request: POST http://localhost:8003/v1/chat/completions "HTTP/1.1 200 OK"

2026-08-18 04:44:23,808 - INFO - HTTP Request: POST http://localhost:8003/v1/chat/completions "HTTP/1.1 200 OK"
2026-08-18 04:44:37,387 - INFO - HTTP Request: POST http://localhost:8003/v1/chat/completions "HTTP/1.1 200 OK"

2026-08-18 04:44:37,605 - INFO - HTTP Request: POST http://localhost:8003/v1/chat/completions "HTTP/1.1 200 OK"

2026-08-18 04:44:38,694 - INFO - HTTP Request: POST http://localhost:8003/v1/chat/completions "HTTP/1.1 200 OK"
2026-08-18 04:44:51,614 - INFO - HTTP Request: POST http://localhost:8003/v1/chat/completions "HTTP/1.1 200 OK"

2026-08-18 04:44:51,832 - INFO - HTTP Request: POST http://localhost:8003/v1/chat/completions "HTTP/1.1 200 OK"
2026-08-18 04:44:58,020 - INFO - HTTP Request: POST http://localhost:8003/v1/chat/completions "HTTP/1.1 200 OK"
2026-08-18 04:44:58,238 - INFO - HTTP Request: POST http://localhost:8003/v1/chat/completions "HTTP/1.1 200 OK"
2026-08-18 04:45:03,446 - INFO - HTTP Request: POST http://localhost:8003/v1/chat/completions "HTTP/1.1 200 OK"

2026-08-18 04:45:08,456 - INFO - HTTP Request: POST http://localhost:8003/v1/chat/completions "HTTP/1.1 200 OK"

2026-08-18 04:45:10,632 - INFO - HTTP Request: POST http://localhost:8003/v1/chat/completions "HTTP/1.1 200 OK"

2026-08-18 04:45:12,588 - INFO - HTTP Request: POST http://localhost:8003/v1/chat/completions "HTTP/1.1 200 OK"
2026-08-18 04:45:23,777 - INFO - HTTP Request: POST http://localhost:8003/v1/chat/completions "HTTP/1.1 200 OK"
2026-08-18 04:45:25,019 - INFO - HTTP Request: POST http://localhost:8003/v1/chat/completions "HTTP/1.1 200 OK"

2026-08-18 04:45:38,285 - INFO - HTTP Request: POST http://localhost:8003/v1/chat/completions "HTTP/1.1 200 OK"
2026-08-18 04:45:39,018 - INFO - HTTP Request: POST http://localhost:8003/v1/chat/completions "HTTP/1.1 200 OK"

2026-08-18 04:45:40,780 - INFO - HTTP Request: POST http://localhost:8003/v1/chat/completions "HTTP/1.1 200 OK"
2026-08-18 04:45:52,628 - INFO - HTTP Request: POST http://localhost:8003/v1/chat/completions "HTTP/1.1 200 OK"

2026-08-18 04:45:54,813 - INFO - HTTP Request: POST http://localhost:8003/v1/chat/completions "HTTP/1.1 200 OK"
2026-08-18 04:45:56,001 - INFO - HTTP Request: POST http://localhost:8003/v1/chat/completions "HTTP/1.1 200 OK"

2026-08-18 04:46:07,971 - INFO - HTTP Request: POST http://localhost:8003/v1/chat/completions "HTTP/1.1 200 OK"

2026-08-18 04:46:08,850 - INFO - HTTP Request: POST http://localhost:8003/v1/chat/completions "HTTP/1.1 200 OK"
2026-08-18 04:46:22,487 - INFO - HTTP Request: POST http://localhost:8003/v1/chat/completions "HTTP/1.1 200 OK"

2026-08-18 04:46:26,403 - INFO - HTTP Request: POST http://localhost:8003/v1/chat/completions "HTTP/1.1 200 OK"
2026-08-18 04:46:29,761 - INFO - HTTP Request: POST http://localhost:8003/v1/chat/completions "HTTP/1.1 200 OK"
2026-08-18 04:46:39,869 - INFO - HTTP Request: POST http://localhost:8003/v1/chat/completions "HTTP/1.1 200 OK"

r5_cfg3:  10%|█         | 5/50 [11:33<1:53:50, 151.79s/it]2026-08-18 04:46:40,739 - INFO - HTTP Request: POST http://localhost:8003/v1/chat/completions "HTTP/1.1 200 OK"

r5_cfg3:  12%|█▏        | 6/50 [11:34<1:13:41, 100.48s/it]2026-08-18 04:46:41,394 - INFO - HTTP Request: POST http://localhost:8003/v1/chat/completions "HTTP/1.1 200 OK"
2026-08-18 04:46:56,625 - INFO - HTTP Request: POST http://localhost:8003/v1/chat/completions "HTTP/1.1 200 OK"
2026-08-18 04:46:58,956 - INFO - HTTP Request: POST http://localhost:8003/v1/chat/completions "HTTP/1.1 200 OK"

r5_cfg3:  14%|█▍        | 7/50 [11:52<52:44, 73.58s/it]   2026-08-18 04:47:02,655 - INFO - HTTP Request: POST http://localhost:8003/v1/chat/completions "HTTP/1.1 200 OK"
2026-08-18 04:47:03,842 - INFO - HTTP Request: POST http://localhost:8003/v1/chat/completions "HTTP/1.1 200 OK"
2026-08-18 04:47:10,479 - INFO - HTTP Request: POST http://localhost:8003/v1/chat/completions "HTTP/1.1 200 OK"

r5_cfg3:  16%|█▌        | 8/50 [12:04<37:40, 53.83s/it]2026-08-18 04:47:16,138 - INFO - HTTP Request: POST http://localhost:8003/v1/chat/completions "HTTP/1.1 200 OK"

2026-08-18 04:47:16,573 - INFO - HTTP Request: POST http://localhost:8003/v1/chat/completions "HTTP/1.1 200 OK"

2026-08-18 04:47:21,346 - INFO - HTTP Request: POST http://localhost:8003/v1/chat/completions "HTTP/1.1 200 OK"
2026-08-18 04:47:32,749 - INFO - HTTP Request: POST http://localhost:8003/v1/chat/completions "HTTP/1.1 200 OK"
2026-08-18 04:47:34,591 - INFO - HTTP Request: POST http://localhost:8003/v1/chat/completions "HTTP/1.1 200 OK"

2026-08-18 04:47:42,849 - INFO - HTTP Request: POST http://localhost:8003/v1/chat/completions "HTTP/1.1 200 OK"
2026-08-18 04:47:43,582 - INFO - HTTP Request: POST http://localhost:8003/v1/chat/completions "HTTP/1.1 200 OK"
2026-08-18 04:47:50,503 - INFO - HTTP Request: POST http://localhost:8003/v1/chat/completions "HTTP/1.1 200 OK"

2026-08-18 04:47:58,341 - INFO - HTTP Request: POST http://localhost:8003/v1/chat/completions "HTTP/1.1 200 OK"

2026-08-18 04:47:58,560 - INFO - HTTP Request: POST http://localhost:8003/v1/chat/completions "HTTP/1.1 200 OK"

2026-08-18 04:48:01,382 - INFO - HTTP Request: POST http://localhost:8003/v1/chat/completions "HTTP/1.1 200 OK"
2026-08-18 04:48:15,230 - INFO - HTTP Request: POST http://localhost:8003/v1/chat/completions "HTTP/1.1 200 OK"

2026-08-18 04:48:16,968 - INFO - HTTP Request: POST http://localhost:8003/v1/chat/completions "HTTP/1.1 200 OK"
2026-08-18 04:48:23,375 - INFO - HTTP Request: POST http://localhost:8003/v1/chat/completions "HTTP/1.1 200 OK"
2026-08-18 04:48:23,592 - INFO - HTTP Request: POST http://localhost:8003/v1/chat/completions "HTTP/1.1 200 OK"
2026-08-18 04:48:28,582 - INFO - HTTP Request: POST http://localhost:8003/v1/chat/completions "HTTP/1.1 200 OK"

2026-08-18 04:48:34,676 - INFO - HTTP Request: POST http://localhost:8003/v1/chat/completions "HTTP/1.1 200 OK"

2026-08-18 04:48:37,078 - INFO - HTTP Request: POST http://localhost:8003/v1/chat/completions "HTTP/1.1 200 OK"

2026-08-18 04:48:39,471 - INFO - HTTP Request: POST http://localhost:8003/v1/chat/completions "HTTP/1.1 200 OK"
2026-08-18 04:48:53,163 - INFO - HTTP Request: POST http://localhost:8003/v1/chat/completions "HTTP/1.1 200 OK"

2026-08-18 04:48:53,380 - INFO - HTTP Request: POST http://localhost:8003/v1/chat/completions "HTTP/1.1 200 OK"
2026-08-18 04:48:59,401 - INFO - HTTP Request: POST http://localhost:8003/v1/chat/completions "HTTP/1.1 200 OK"
2026-08-18 04:49:02,323 - INFO - HTTP Request: POST http://localhost:8003/v1/chat/completions "HTTP/1.1 200 OK"
2026-08-18 04:49:06,188 - INFO - HTTP Request: POST http://localhost:8003/v1/chat/completions "HTTP/1.1 200 OK"

2026-08-18 04:49:12,508 - INFO - HTTP Request: POST http://localhost:8003/v1/chat/completions "HTTP/1.1 200 OK"

2026-08-18 04:49:14,908 - INFO - HTTP Request: POST http://localhost:8003/v1/chat/completions "HTTP/1.1 200 OK"

2026-08-18 04:49:17,735 - INFO - HTTP Request: POST http://localhost:8003/v1/chat/completions "HTTP/1.1 200 OK"
2026-08-18 04:49:30,223 - INFO - HTTP Request: POST http://localhost:8003/v1/chat/completions "HTTP/1.1 200 OK"

2026-08-18 04:49:30,658 - INFO - HTTP Request: POST http://localhost:8003/v1/chat/completions "HTTP/1.1 200 OK"
2026-08-18 04:49:33,053 - INFO - HTTP Request: POST http://localhost:8003/v1/chat/completions "HTTP/1.1 200 OK"
2026-08-18 04:49:35,325 - INFO - HTTP Request: POST http://localhost:8003/v1/chat/completions "HTTP/1.1 200 OK"
2026-08-18 04:49:43,323 - INFO - HTTP Request: POST http://localhost:8003/v1/chat/completions "HTTP/1.1 200 OK"

2026-08-18 04:49:43,981 - INFO - HTTP Request: POST http://localhost:8003/v1/chat/completions "HTTP/1.1 200 OK"

2026-08-18 04:49:47,685 - INFO - HTTP Request: POST http://localhost:8003/v1/chat/completions "HTTP/1.1 200 OK"

2026-08-18 04:49:50,724 - INFO - HTTP Request: POST http://localhost:8003/v1/chat/completions "HTTP/1.1 200 OK"
2026-08-18 04:50:01,527 - INFO - HTTP Request: POST http://localhost:8003/v1/chat/completions "HTTP/1.1 200 OK"

2026-08-18 04:50:04,133 - INFO - HTTP Request: POST http://localhost:8003/v1/chat/completions "HTTP/1.1 200 OK"
2026-08-18 04:50:12,759 - INFO - HTTP Request: POST http://localhost:8003/v1/chat/completions "HTTP/1.1 200 OK"
2026-08-18 04:50:14,811 - INFO - HTTP Request: POST http://localhost:8003/v1/chat/completions "HTTP/1.1 200 OK"

2026-08-18 04:50:17,421 - INFO - HTTP Request: POST http://localhost:8003/v1/chat/completions "HTTP/1.1 200 OK"
2026-08-18 04:50:22,305 - INFO - HTTP Request: POST http://localhost:8003/v1/chat/completions "HTTP/1.1 200 OK"

2026-08-18 04:50:31,217 - INFO - HTTP Request: POST http://localhost:8003/v1/chat/completions "HTTP/1.1 200 OK"
2026-08-18 04:50:33,056 - INFO - HTTP Request: POST http://localhost:8003/v1/chat/completions "HTTP/1.1 200 OK"

2026-08-18 04:50:42,623 - INFO - HTTP Request: POST http://localhost:8003/v1/chat/completions "HTTP/1.1 200 OK"
2026-08-18 04:50:43,808 - INFO - HTTP Request: POST http://localhost:8003/v1/chat/completions "HTTP/1.1 200 OK"

2026-08-18 04:50:44,464 - INFO - HTTP Request: POST http://localhost:8003/v1/chat/completions "HTTP/1.1 200 OK"
2026-08-18 04:50:53,700 - INFO - HTTP Request: POST http://localhost:8003/v1/chat/completions "HTTP/1.1 200 OK"
2026-08-18 04:50:59,687 - INFO - HTTP Request: POST http://localhost:8003/v1/chat/completions "HTTP/1.1 200 OK"

2026-08-18 04:51:00,345 - INFO - HTTP Request: POST http://localhost:8003/v1/chat/completions "HTTP/1.1 200 OK"

2026-08-18 04:51:04,477 - INFO - HTTP Request: POST http://localhost:8003/v1/chat/completions "HTTP/1.1 200 OK"
2026-08-18 04:51:10,292 - INFO - HTTP Request: POST http://localhost:8003/v1/chat/completions "HTTP/1.1 200 OK"

2026-08-18 04:51:18,774 - INFO - HTTP Request: POST http://localhost:8003/v1/chat/completions "HTTP/1.1 200 OK"

2026-08-18 04:51:20,729 - INFO - HTTP Request: POST http://localhost:8003/v1/chat/completions "HTTP/1.1 200 OK"
2026-08-18 04:51:29,581 - INFO - HTTP Request: POST http://localhost:8003/v1/chat/completions "HTTP/1.1 200 OK"
2026-08-18 04:51:36,210 - INFO - HTTP Request: POST http://localhost:8003/v1/chat/completions "HTTP/1.1 200 OK"

2026-08-18 04:51:40,127 - INFO - HTTP Request: POST http://localhost:8003/v1/chat/completions "HTTP/1.1 200 OK"
2026-08-18 04:51:45,671 - INFO - HTTP Request: POST http://localhost:8003/v1/chat/completions "HTTP/1.1 200 OK"

2026-08-18 04:51:48,942 - INFO - HTTP Request: POST http://localhost:8003/v1/chat/completions "HTTP/1.1 200 OK"
2026-08-18 04:51:55,408 - INFO - HTTP Request: POST http://localhost:8003/v1/chat/completions "HTTP/1.1 200 OK"

2026-08-18 04:52:02,596 - INFO - HTTP Request: POST http://localhost:8003/v1/chat/completions "HTTP/1.1 200 OK"

2026-08-18 04:52:06,079 - INFO - HTTP Request: POST http://localhost:8003/v1/chat/completions "HTTP/1.1 200 OK"
2026-08-18 04:52:18,624 - INFO - HTTP Request: POST http://localhost:8003/v1/chat/completions "HTTP/1.1 200 OK"

2026-08-18 04:52:18,842 - INFO - HTTP Request: POST http://localhost:8003/v1/chat/completions "HTTP/1.1 200 OK"
2026-08-18 04:52:29,159 - INFO - HTTP Request: POST http://localhost:8003/v1/chat/completions "HTTP/1.1 200 OK"
2026-08-18 04:52:34,050 - INFO - HTTP Request: POST http://localhost:8003/v1/chat/completions "HTTP/1.1 200 OK"

r5_cfg3:  18%|█▊        | 9/50 [17:27<1:34:24, 138.15s/it]2026-08-18 04:52:36,228 - INFO - HTTP Request: POST http://localhost:8003/v1/chat/completions "HTTP/1.1 200 OK"
2026-08-18 04:52:44,216 - INFO - HTTP Request: POST http://localhost:8003/v1/chat/completions "HTTP/1.1 200 OK"

r5_cfg3:  20%|██        | 10/50 [17:37<1:05:45, 98.64s/it]2026-08-18 04:52:48,351 - INFO - HTTP Request: POST http://localhost:8003/v1/chat/completions "HTTP/1.1 200 OK"

r5_cfg3:  22%|██▏       | 11/50 [17:42<45:18, 69.72s/it]  2026-08-18 04:52:50,957 - INFO - HTTP Request: POST http://localhost:8003/v1/chat/completions "HTTP/1.1 200 OK"
2026-08-18 04:52:56,618 - INFO - HTTP Request: POST http://localhost:8003/v1/chat/completions "HTTP/1.1 200 OK"
2026-08-18 04:53:06,946 - INFO - HTTP Request: POST http://localhost:8003/v1/chat/completions "HTTP/1.1 200 OK"
2026-08-18 04:53:07,164 - INFO - HTTP Request: POST http://localhost:8003/v1/chat/completions "HTTP/1.1 200 OK"

2026-08-18 04:53:10,967 - INFO - HTTP Request: POST http://localhost:8003/v1/chat/completions "HTTP/1.1 200 OK"

r5_cfg3:  24%|██▍       | 12/50 [18:04<35:04, 55.39s/it]2026-08-18 04:53:11,401 - INFO - HTTP Request: POST http://localhost:8003/v1/chat/completions "HTTP/1.1 200 OK"
2026-08-18 04:53:19,987 - INFO - HTTP Request: POST http://localhost:8003/v1/chat/completions "HTTP/1.1 200 OK"

2026-08-18 04:53:23,250 - INFO - HTTP Request: POST http://localhost:8003/v1/chat/completions "HTTP/1.1 200 OK"

2026-08-18 04:53:33,231 - INFO - HTTP Request: POST http://localhost:8003/v1/chat/completions "HTTP/1.1 200 OK"
2026-08-18 04:53:34,036 - INFO - HTTP Request: POST http://localhost:8003/v1/chat/completions "HTTP/1.1 200 OK"
2026-08-18 04:53:45,441 - INFO - HTTP Request: POST http://localhost:8003/v1/chat/completions "HTTP/1.1 200 OK"

2026-08-18 04:53:46,313 - INFO - HTTP Request: POST http://localhost:8003/v1/chat/completions "HTTP/1.1 200 OK"
2026-08-18 04:53:47,615 - INFO - HTTP Request: POST http://localhost:8003/v1/chat/completions "HTTP/1.1 200 OK"

2026-08-18 04:53:50,008 - INFO - HTTP Request: POST http://localhost:8003/v1/chat/completions "HTTP/1.1 200 OK"
2026-08-18 04:53:57,510 - INFO - HTTP Request: POST http://localhost:8003/v1/chat/completions "HTTP/1.1 200 OK"

2026-08-18 04:53:59,686 - INFO - HTTP Request: POST http://localhost:8003/v1/chat/completions "HTTP/1.1 200 OK"

2026-08-18 04:54:12,275 - INFO - HTTP Request: POST http://localhost:8003/v1/chat/completions "HTTP/1.1 200 OK"
2026-08-18 04:54:12,276 - INFO - HTTP Request: POST http://localhost:8003/v1/chat/completions "HTTP/1.1 200 OK"
2026-08-18 04:54:22,359 - INFO - HTTP Request: POST http://localhost:8003/v1/chat/completions "HTTP/1.1 200 OK"
2026-08-18 04:54:24,856 - INFO - HTTP Request: POST http://localhost:8003/v1/chat/completions "HTTP/1.1 200 OK"

2026-08-18 04:54:24,857 - INFO - HTTP Request: POST http://localhost:8003/v1/chat/completions "HTTP/1.1 200 OK"
2026-08-18 04:54:29,582 - INFO - HTTP Request: POST http://localhost:8003/v1/chat/completions "HTTP/1.1 200 OK"

2026-08-18 04:54:35,249 - INFO - HTTP Request: POST http://localhost:8003/v1/chat/completions "HTTP/1.1 200 OK"

2026-08-18 04:54:36,564 - INFO - HTTP Request: POST http://localhost:8003/v1/chat/completions "HTTP/1.1 200 OK"

2026-08-18 04:54:49,589 - INFO - HTTP Request: POST http://localhost:8003/v1/chat/completions "HTTP/1.1 200 OK"
2026-08-18 04:54:53,649 - INFO - HTTP Request: POST http://localhost:8003/v1/chat/completions "HTTP/1.1 200 OK"
2026-08-18 04:54:59,620 - INFO - HTTP Request: POST http://localhost:8003/v1/chat/completions "HTTP/1.1 200 OK"
2026-08-18 04:55:01,458 - INFO - HTTP Request: POST http://localhost:8003/v1/chat/completions "HTTP/1.1 200 OK"
2026-08-18 04:55:02,645 - INFO - HTTP Request: POST http://localhost:8003/v1/chat/completions "HTTP/1.1 200 OK"

2026-08-18 04:55:07,012 - INFO - HTTP Request: POST http://localhost:8003/v1/chat/completions "HTTP/1.1 200 OK"

2026-08-18 04:55:12,899 - INFO - HTTP Request: POST http://localhost:8003/v1/chat/completions "HTTP/1.1 200 OK"

2026-08-18 04:55:13,996 - INFO - HTTP Request: POST http://localhost:8003/v1/chat/completions "HTTP/1.1 200 OK"

2026-08-18 04:55:26,367 - INFO - HTTP Request: POST http://localhost:8003/v1/chat/completions "HTTP/1.1 200 OK"
2026-08-18 04:55:27,099 - INFO - HTTP Request: POST http://localhost:8003/v1/chat/completions "HTTP/1.1 200 OK"
2026-08-18 04:55:33,134 - INFO - HTTP Request: POST http://localhost:8003/v1/chat/completions "HTTP/1.1 200 OK"
2026-08-18 04:55:34,541 - INFO - HTTP Request: POST http://localhost:8003/v1/chat/completions "HTTP/1.1 200 OK"
2026-08-18 04:55:35,951 - INFO - HTTP Request: POST http://localhost:8003/v1/chat/completions "HTTP/1.1 200 OK"

2026-08-18 04:55:40,093 - INFO - HTTP Request: POST http://localhost:8003/v1/chat/completions "HTTP/1.1 200 OK"

2026-08-18 04:55:45,107 - INFO - HTTP Request: POST http://localhost:8003/v1/chat/completions "HTTP/1.1 200 OK"

2026-08-18 04:55:45,763 - INFO - HTTP Request: POST http://localhost:8003/v1/chat/completions "HTTP/1.1 200 OK"

2026-08-18 04:55:59,871 - INFO - HTTP Request: POST http://localhost:8003/v1/chat/completions "HTTP/1.1 200 OK"
2026-08-18 04:56:04,800 - INFO - HTTP Request: POST http://localhost:8003/v1/chat/completions "HTTP/1.1 200 OK"
2026-08-18 04:56:11,205 - INFO - HTTP Request: POST http://localhost:8003/v1/chat/completions "HTTP/1.1 200 OK"

2026-08-18 04:56:14,251 - INFO - HTTP Request: POST http://localhost:8003/v1/chat/completions "HTTP/1.1 200 OK"
2026-08-18 04:56:15,219 - INFO - HTTP Request: POST http://localhost:8003/v1/chat/completions "HTTP/1.1 200 OK"
2026-08-18 04:56:19,235 - INFO - HTTP Request: POST http://localhost:8003/v1/chat/completions "HTTP/1.1 200 OK"

2026-08-18 04:56:27,290 - INFO - HTTP Request: POST http://localhost:8003/v1/chat/completions "HTTP/1.1 200 OK"

2026-08-18 04:56:30,338 - INFO - HTTP Request: POST http://localhost:8003/v1/chat/completions "HTTP/1.1 200 OK"

2026-08-18 04:56:39,238 - INFO - HTTP Request: POST http://localhost:8003/v1/chat/completions "HTTP/1.1 200 OK"
2026-08-18 04:56:40,860 - INFO - HTTP Request: POST http://localhost:8003/v1/chat/completions "HTTP/1.1 200 OK"
2026-08-18 04:56:47,740 - INFO - HTTP Request: POST http://localhost:8003/v1/chat/completions "HTTP/1.1 200 OK"
2026-08-18 04:56:51,108 - INFO - HTTP Request: POST http://localhost:8003/v1/chat/completions "HTTP/1.1 200 OK"
2026-08-18 04:56:53,178 - INFO - HTTP Request: POST http://localhost:8003/v1/chat/completions "HTTP/1.1 200 OK"

2026-08-18 04:56:53,179 - INFO - HTTP Request: POST http://localhost:8003/v1/chat/completions "HTTP/1.1 200 OK"

2026-08-18 04:57:01,888 - INFO - HTTP Request: POST http://localhost:8003/v1/chat/completions "HTTP/1.1 200 OK"

2026-08-18 04:57:06,459 - INFO - HTTP Request: POST http://localhost:8003/v1/chat/completions "HTTP/1.1 200 OK"

2026-08-18 04:57:13,191 - INFO - HTTP Request: POST http://localhost:8003/v1/chat/completions "HTTP/1.1 200 OK"
2026-08-18 04:57:22,462 - INFO - HTTP Request: POST http://localhost:8003/v1/chat/completions "HTTP/1.1 200 OK"
2026-08-18 04:57:25,392 - INFO - HTTP Request: POST http://localhost:8003/v1/chat/completions "HTTP/1.1 200 OK"

2026-08-18 04:57:31,483 - INFO - HTTP Request: POST http://localhost:8003/v1/chat/completions "HTTP/1.1 200 OK"
2026-08-18 04:57:36,371 - INFO - HTTP Request: POST http://localhost:8003/v1/chat/completions "HTTP/1.1 200 OK"
2026-08-18 04:57:38,000 - INFO - HTTP Request: POST http://localhost:8003/v1/chat/completions "HTTP/1.1 200 OK"

2026-08-18 04:57:44,977 - INFO - HTTP Request: POST http://localhost:8003/v1/chat/completions "HTTP/1.1 200 OK"

2026-08-18 04:57:51,296 - INFO - HTTP Request: POST http://localhost:8003/v1/chat/completions "HTTP/1.1 200 OK"

2026-08-18 04:57:55,213 - INFO - HTTP Request: POST http://localhost:8003/v1/chat/completions "HTTP/1.1 200 OK"
2026-08-18 04:58:06,881 - INFO - HTTP Request: POST http://localhost:8003/v1/chat/completions "HTTP/1.1 200 OK"

2026-08-18 04:58:11,232 - INFO - HTTP Request: POST http://localhost:8003/v1/chat/completions "HTTP/1.1 200 OK"
2026-08-18 04:58:18,508 - INFO - HTTP Request: POST http://localhost:8003/v1/chat/completions "HTTP/1.1 200 OK"
2026-08-18 04:58:24,484 - INFO - HTTP Request: POST http://localhost:8003/v1/chat/completions "HTTP/1.1 200 OK"
2026-08-18 04:58:25,205 - INFO - HTTP Request: POST http://localhost:8003/v1/chat/completions "HTTP/1.1 200 OK"

r5_cfg3:  26%|██▌       | 13/50 [23:18<1:22:30, 133.80s/it]2026-08-18 04:58:31,123 - INFO - HTTP Request: POST http://localhost:8003/v1/chat/completions "HTTP/1.1 200 OK"

r5_cfg3:  28%|██▊       | 14/50 [23:24<57:06, 95.18s/it]   2026-08-18 04:58:36,562 - INFO - HTTP Request: POST http://localhost:8003/v1/chat/completions "HTTP/1.1 200 OK"

r5_cfg3:  30%|███       | 15/50 [23:30<39:44, 68.13s/it]2026-08-18 04:58:39,169 - INFO - HTTP Request: POST http://localhost:8003/v1/chat/completions "HTTP/1.1 200 OK"
2026-08-18 04:58:47,567 - INFO - HTTP Request: POST http://localhost:8003/v1/chat/completions "HTTP/1.1 200 OK"
2026-08-18 04:58:51,795 - INFO - HTTP Request: POST http://localhost:8003/v1/chat/completions "HTTP/1.1 200 OK"

r5_cfg3:  32%|███▏      | 16/50 [23:45<29:34, 52.21s/it]2026-08-18 04:58:53,535 - INFO - HTTP Request: POST http://localhost:8003/v1/chat/completions "HTTP/1.1 200 OK"
2026-08-18 04:58:59,347 - INFO - HTTP Request: POST http://localhost:8003/v1/chat/completions "HTTP/1.1 200 OK"
2026-08-18 04:59:00,315 - INFO - HTTP Request: POST http://localhost:8003/v1/chat/completions "HTTP/1.1 200 OK"

2026-08-18 04:59:06,192 - INFO - HTTP Request: POST http://localhost:8003/v1/chat/completions "HTTP/1.1 200 OK"

2026-08-18 04:59:10,323 - INFO - HTTP Request: POST http://localhost:8003/v1/chat/completions "HTTP/1.1 200 OK"

2026-08-18 04:59:14,448 - INFO - HTTP Request: POST http://localhost:8003/v1/chat/completions "HTTP/1.1 200 OK"
2026-08-18 04:59:26,721 - INFO - HTTP Request: POST http://localhost:8003/v1/chat/completions "HTTP/1.1 200 OK"
2026-08-18 04:59:29,431 - INFO - HTTP Request: POST http://localhost:8003/v1/chat/completions "HTTP/1.1 200 OK"

2026-08-18 04:59:32,910 - INFO - HTTP Request: POST http://localhost:8003/v1/chat/completions "HTTP/1.1 200 OK"
2026-08-18 04:59:37,418 - INFO - HTTP Request: POST http://localhost:8003/v1/chat/completions "HTTP/1.1 200 OK"
2026-08-18 04:59:39,479 - INFO - HTTP Request: POST http://localhost:8003/v1/chat/completions "HTTP/1.1 200 OK"

2026-08-18 04:59:46,880 - INFO - HTTP Request: POST http://localhost:8003/v1/chat/completions "HTTP/1.1 200 OK"

2026-08-18 04:59:48,839 - INFO - HTTP Request: POST http://localhost:8003/v1/chat/completions "HTTP/1.1 200 OK"

2026-08-18 04:59:56,222 - INFO - HTTP Request: POST http://localhost:8003/v1/chat/completions "HTTP/1.1 200 OK"
2026-08-18 05:00:03,111 - INFO - HTTP Request: POST http://localhost:8003/v1/chat/completions "HTTP/1.1 200 OK"
2026-08-18 05:00:11,916 - INFO - HTTP Request: POST http://localhost:8003/v1/chat/completions "HTTP/1.1 200 OK"
2026-08-18 05:00:12,946 - INFO - HTTP Request: POST http://localhost:8003/v1/chat/completions "HTTP/1.1 200 OK"

2026-08-18 05:00:14,037 - INFO - HTTP Request: POST http://localhost:8003/v1/chat/completions "HTTP/1.1 200 OK"

2026-08-18 05:00:14,254 - INFO - HTTP Request: POST http://localhost:8003/v1/chat/completions "HTTP/1.1 200 OK"
2026-08-18 05:00:26,107 - INFO - HTTP Request: POST http://localhost:8003/v1/chat/completions "HTTP/1.1 200 OK"

2026-08-18 05:00:26,541 - INFO - HTTP Request: POST http://localhost:8003/v1/chat/completions "HTTP/1.1 200 OK"

2026-08-18 05:00:36,539 - INFO - HTTP Request: POST http://localhost:8003/v1/chat/completions "HTTP/1.1 200 OK"
2026-08-18 05:00:38,866 - INFO - HTTP Request: POST http://localhost:8003/v1/chat/completions "HTTP/1.1 200 OK"
2026-08-18 05:00:50,277 - INFO - HTTP Request: POST http://localhost:8003/v1/chat/completions "HTTP/1.1 200 OK"
2026-08-18 05:00:51,741 - INFO - HTTP Request: POST http://localhost:8003/v1/chat/completions "HTTP/1.1 200 OK"

2026-08-18 05:00:51,742 - INFO - HTTP Request: POST http://localhost:8003/v1/chat/completions "HTTP/1.1 200 OK"
2026-08-18 05:00:54,888 - INFO - HTTP Request: POST http://localhost:8003/v1/chat/completions "HTTP/1.1 200 OK"

2026-08-18 05:01:03,169 - INFO - HTTP Request: POST http://localhost:8003/v1/chat/completions "HTTP/1.1 200 OK"

2026-08-18 05:01:04,700 - INFO - HTTP Request: POST http://localhost:8003/v1/chat/completions "HTTP/1.1 200 OK"

2026-08-18 05:01:11,430 - INFO - HTTP Request: POST http://localhost:8003/v1/chat/completions "HTTP/1.1 200 OK"
2026-08-18 05:01:19,354 - INFO - HTTP Request: POST http://localhost:8003/v1/chat/completions "HTTP/1.1 200 OK"
2026-08-18 05:01:22,935 - INFO - HTTP Request: POST http://localhost:8003/v1/chat/completions "HTTP/1.1 200 OK"

2026-08-18 05:01:23,152 - INFO - HTTP Request: POST http://localhost:8003/v1/chat/completions "HTTP/1.1 200 OK"
2026-08-18 05:01:25,485 - INFO - HTTP Request: POST http://localhost:8003/v1/chat/completions "HTTP/1.1 200 OK"
2026-08-18 05:01:32,120 - INFO - HTTP Request: POST http://localhost:8003/v1/chat/completions "HTTP/1.1 200 OK"

2026-08-18 05:01:34,742 - INFO - HTTP Request: POST http://localhost:8003/v1/chat/completions "HTTP/1.1 200 OK"

2026-08-18 05:01:37,570 - INFO - HTTP Request: POST http://localhost:8003/v1/chat/completions "HTTP/1.1 200 OK"

2026-08-18 05:01:51,896 - INFO - HTTP Request: POST http://localhost:8003/v1/chat/completions "HTTP/1.1 200 OK"
2026-08-18 05:01:52,630 - INFO - HTTP Request: POST http://localhost:8003/v1/chat/completions "HTTP/1.1 200 OK"
2026-08-18 05:02:04,056 - INFO - HTTP Request: POST http://localhost:8003/v1/chat/completions "HTTP/1.1 200 OK"
2026-08-18 05:02:06,388 - INFO - HTTP Request: POST http://localhost:8003/v1/chat/completions "HTTP/1.1 200 OK"

2026-08-18 05:02:07,263 - INFO - HTTP Request: POST http://localhost:8003/v1/chat/completions "HTTP/1.1 200 OK"
2026-08-18 05:02:07,965 - INFO - HTTP Request: POST http://localhost:8003/v1/chat/completions "HTTP/1.1 200 OK"

2026-08-18 05:02:18,676 - INFO - HTTP Request: POST http://localhost:8003/v1/chat/completions "HTTP/1.1 200 OK"

2026-08-18 05:02:21,940 - INFO - HTTP Request: POST http://localhost:8003/v1/chat/completions "HTTP/1.1 200 OK"

2026-08-18 05:02:28,019 - INFO - HTTP Request: POST http://localhost:8003/v1/chat/completions "HTTP/1.1 200 OK"
2026-08-18 05:02:35,726 - INFO - HTTP Request: POST http://localhost:8003/v1/chat/completions "HTTP/1.1 200 OK"
2026-08-18 05:02:39,090 - INFO - HTTP Request: POST http://localhost:8003/v1/chat/completions "HTTP/1.1 200 OK"

2026-08-18 05:02:39,308 - INFO - HTTP Request: POST http://localhost:8003/v1/chat/completions "HTTP/1.1 200 OK"
2026-08-18 05:02:42,951 - INFO - HTTP Request: POST http://localhost:8003/v1/chat/completions "HTTP/1.1 200 OK"
2026-08-18 05:02:50,678 - INFO - HTTP Request: POST http://localhost:8003/v1/chat/completions "HTTP/1.1 200 OK"

2026-08-18 05:02:51,770 - INFO - HTTP Request: POST http://localhost:8003/v1/chat/completions "HTTP/1.1 200 OK"

2026-08-18 05:02:55,905 - INFO - HTTP Request: POST http://localhost:8003/v1/chat/completions "HTTP/1.1 200 OK"

2026-08-18 05:03:08,933 - INFO - HTTP Request: POST http://localhost:8003/v1/chat/completions "HTTP/1.1 200 OK"
2026-08-18 05:03:10,988 - INFO - HTTP Request: POST http://localhost:8003/v1/chat/completions "HTTP/1.1 200 OK"
2026-08-18 05:03:20,936 - INFO - HTTP Request: POST http://localhost:8003/v1/chat/completions "HTTP/1.1 200 OK"

2026-08-18 05:03:21,599 - INFO - HTTP Request: POST http://localhost:8003/v1/chat/completions "HTTP/1.1 200 OK"
2026-08-18 05:03:26,113 - INFO - HTTP Request: POST http://localhost:8003/v1/chat/completions "HTTP/1.1 200 OK"
2026-08-18 05:03:27,736 - INFO - HTTP Request: POST http://localhost:8003/v1/chat/completions "HTTP/1.1 200 OK"

2026-08-18 05:03:34,271 - INFO - HTTP Request: POST http://localhost:8003/v1/chat/completions "HTTP/1.1 200 OK"

2026-08-18 05:03:37,761 - INFO - HTTP Request: POST http://localhost:8003/v1/chat/completions "HTTP/1.1 200 OK"

2026-08-18 05:03:54,058 - INFO - HTTP Request: POST http://localhost:8003/v1/chat/completions "HTTP/1.1 200 OK"
2026-08-18 05:03:57,200 - INFO - HTTP Request: POST http://localhost:8003/v1/chat/completions "HTTP/1.1 200 OK"
2026-08-18 05:04:05,360 - INFO - HTTP Request: POST http://localhost:8003/v1/chat/completions "HTTP/1.1 200 OK"

r5_cfg3:  34%|███▍      | 17/50 [28:59<1:11:56, 130.80s/it]2026-08-18 05:04:07,538 - INFO - HTTP Request: POST http://localhost:8003/v1/chat/completions "HTTP/1.1 200 OK"
2026-08-18 05:04:11,396 - INFO - HTTP Request: POST http://localhost:8003/v1/chat/completions "HTTP/1.1 200 OK"

2026-08-18 05:04:11,832 - INFO - HTTP Request: POST http://localhost:8003/v1/chat/completions "HTTP/1.1 200 OK"
2026-08-18 05:04:19,778 - INFO - HTTP Request: POST http://localhost:8003/v1/chat/completions "HTTP/1.1 200 OK"

r5_cfg3:  36%|███▌      | 18/50 [29:13<51:06, 95.83s/it]   2026-08-18 05:04:28,042 - INFO - HTTP Request: POST http://localhost:8003/v1/chat/completions "HTTP/1.1 200 OK"
2026-08-18 05:04:29,014 - INFO - HTTP Request: POST http://localhost:8003/v1/chat/completions "HTTP/1.1 200 OK"

r5_cfg3:  38%|███▊      | 19/50 [29:22<36:04, 69.82s/it]2026-08-18 05:04:40,317 - INFO - HTTP Request: POST http://localhost:8003/v1/chat/completions "HTTP/1.1 200 OK"

2026-08-18 05:04:42,056 - INFO - HTTP Request: POST http://localhost:8003/v1/chat/completions "HTTP/1.1 200 OK"
2026-08-18 05:04:43,730 - INFO - HTTP Request: POST http://localhost:8003/v1/chat/completions "HTTP/1.1 200 OK"
2026-08-18 05:04:51,720 - INFO - HTTP Request: POST http://localhost:8003/v1/chat/completions "HTTP/1.1 200 OK"
2026-08-18 05:04:57,267 - INFO - HTTP Request: POST http://localhost:8003/v1/chat/completions "HTTP/1.1 200 OK"

2026-08-18 05:04:59,012 - INFO - HTTP Request: POST http://localhost:8003/v1/chat/completions "HTTP/1.1 200 OK"

r5_cfg3:  40%|████      | 20/50 [29:52<28:55, 57.86s/it]2026-08-18 05:05:02,925 - INFO - HTTP Request: POST http://localhost:8003/v1/chat/completions "HTTP/1.1 200 OK"

2026-08-18 05:05:07,483 - INFO - HTTP Request: POST http://localhost:8003/v1/chat/completions "HTTP/1.1 200 OK"
2026-08-18 05:05:19,595 - INFO - HTTP Request: POST http://localhost:8003/v1/chat/completions "HTTP/1.1 200 OK"

2026-08-18 05:05:21,330 - INFO - HTTP Request: POST http://localhost:8003/v1/chat/completions "HTTP/1.1 200 OK"
2026-08-18 05:05:24,091 - INFO - HTTP Request: POST http://localhost:8003/v1/chat/completions "HTTP/1.1 200 OK"
2026-08-18 05:05:30,125 - INFO - HTTP Request: POST http://localhost:8003/v1/chat/completions "HTTP/1.1 200 OK"
2026-08-18 05:05:33,931 - INFO - HTTP Request: POST http://localhost:8003/v1/chat/completions "HTTP/1.1 200 OK"

2026-08-18 05:05:38,941 - INFO - HTTP Request: POST http://localhost:8003/v1/chat/completions "HTTP/1.1 200 OK"

2026-08-18 05:05:45,031 - INFO - HTTP Request: POST http://localhost:8003/v1/chat/completions "HTTP/1.1 200 OK"

2026-08-18 05:05:45,032 - INFO - HTTP Request: POST http://localhost:8003/v1/chat/completions "HTTP/1.1 200 OK"
2026-08-18 05:06:00,187 - INFO - HTTP Request: POST http://localhost:8003/v1/chat/completions "HTTP/1.1 200 OK"

2026-08-18 05:06:00,404 - INFO - HTTP Request: POST http://localhost:8003/v1/chat/completions "HTTP/1.1 200 OK"
2026-08-18 05:06:04,035 - INFO - HTTP Request: POST http://localhost:8003/v1/chat/completions "HTTP/1.1 200 OK"
2026-08-18 05:06:10,505 - INFO - HTTP Request: POST http://localhost:8003/v1/chat/completions "HTTP/1.1 200 OK"
2026-08-18 05:06:12,784 - INFO - HTTP Request: POST http://localhost:8003/v1/chat/completions "HTTP/1.1 200 OK"

2026-08-18 05:06:17,358 - INFO - HTTP Request: POST http://localhost:8003/v1/chat/completions "HTTP/1.1 200 OK"

2026-08-18 05:06:25,195 - INFO - HTTP Request: POST http://localhost:8003/v1/chat/completions "HTTP/1.1 200 OK"
2026-08-18 05:06:26,164 - INFO - HTTP Request: POST http://localhost:8003/v1/chat/completions "HTTP/1.1 200 OK"

2026-08-18 05:06:37,475 - INFO - HTTP Request: POST http://localhost:8003/v1/chat/completions "HTTP/1.1 200 OK"
2026-08-18 05:06:38,207 - INFO - HTTP Request: POST http://localhost:8003/v1/chat/completions "HTTP/1.1 200 OK"

2026-08-18 05:06:41,985 - INFO - HTTP Request: POST http://localhost:8003/v1/chat/completions "HTTP/1.1 200 OK"
2026-08-18 05:06:51,066 - INFO - HTTP Request: POST http://localhost:8003/v1/chat/completions "HTTP/1.1 200 OK"
2026-08-18 05:06:51,284 - INFO - HTTP Request: POST http://localhost:8003/v1/chat/completions "HTTP/1.1 200 OK"

2026-08-18 05:06:55,157 - INFO - HTTP Request: POST http://localhost:8003/v1/chat/completions "HTTP/1.1 200 OK"

2026-08-18 05:06:58,424 - INFO - HTTP Request: POST http://localhost:8003/v1/chat/completions "HTTP/1.1 200 OK"
2026-08-18 05:07:04,020 - INFO - HTTP Request: POST http://localhost:8003/v1/chat/completions "HTTP/1.1 200 OK"

2026-08-18 05:07:15,332 - INFO - HTTP Request: POST http://localhost:8003/v1/chat/completions "HTTP/1.1 200 OK"
2026-08-18 05:07:15,333 - INFO - HTTP Request: POST http://localhost:8003/v1/chat/completions "HTTP/1.1 200 OK"

2026-08-18 05:07:16,359 - INFO - HTTP Request: POST http://localhost:8003/v1/chat/completions "HTTP/1.1 200 OK"
2026-08-18 05:07:24,510 - INFO - HTTP Request: POST http://localhost:8003/v1/chat/completions "HTTP/1.1 200 OK"
2026-08-18 05:07:29,186 - INFO - HTTP Request: POST http://localhost:8003/v1/chat/completions "HTTP/1.1 200 OK"

2026-08-18 05:07:30,719 - INFO - HTTP Request: POST http://localhost:8003/v1/chat/completions "HTTP/1.1 200 OK"

2026-08-18 05:07:34,417 - INFO - HTTP Request: POST http://localhost:8003/v1/chat/completions "HTTP/1.1 200 OK"

2026-08-18 05:07:45,054 - INFO - HTTP Request: POST http://localhost:8003/v1/chat/completions "HTTP/1.1 200 OK"
2026-08-18 05:07:49,284 - INFO - HTTP Request: POST http://localhost:8003/v1/chat/completions "HTTP/1.1 200 OK"
2026-08-18 05:08:00,102 - INFO - HTTP Request: POST http://localhost:8003/v1/chat/completions "HTTP/1.1 200 OK"
2026-08-18 05:08:00,319 - INFO - HTTP Request: POST http://localhost:8003/v1/chat/completions "HTTP/1.1 200 OK"

2026-08-18 05:08:03,524 - INFO - HTTP Request: POST http://localhost:8003/v1/chat/completions "HTTP/1.1 200 OK"

2026-08-18 05:08:04,181 - INFO - HTTP Request: POST http://localhost:8003/v1/chat/completions "HTTP/1.1 200 OK"
2026-08-18 05:08:14,723 - INFO - HTTP Request: POST http://localhost:8003/v1/chat/completions "HTTP/1.1 200 OK"

2026-08-18 05:08:19,075 - INFO - HTTP Request: POST http://localhost:8003/v1/chat/completions "HTTP/1.1 200 OK"

2026-08-18 05:08:21,030 - INFO - HTTP Request: POST http://localhost:8003/v1/chat/completions "HTTP/1.1 200 OK"
2026-08-18 05:08:32,927 - INFO - HTTP Request: POST http://localhost:8003/v1/chat/completions "HTTP/1.1 200 OK"
2026-08-18 05:08:34,768 - INFO - HTTP Request: POST http://localhost:8003/v1/chat/completions "HTTP/1.1 200 OK"

2026-08-18 05:08:35,424 - INFO - HTTP Request: POST http://localhost:8003/v1/chat/completions "HTTP/1.1 200 OK"
2026-08-18 05:08:40,151 - INFO - HTTP Request: POST http://localhost:8003/v1/chat/completions "HTTP/1.1 200 OK"
2026-08-18 05:08:49,632 - INFO - HTTP Request: POST http://localhost:8003/v1/chat/completions "HTTP/1.1 200 OK"

2026-08-18 05:08:54,862 - INFO - HTTP Request: POST http://localhost:8003/v1/chat/completions "HTTP/1.1 200 OK"

2026-08-18 05:08:56,168 - INFO - HTTP Request: POST http://localhost:8003/v1/chat/completions "HTTP/1.1 200 OK"

2026-08-18 05:09:04,638 - INFO - HTTP Request: POST http://localhost:8003/v1/chat/completions "HTTP/1.1 200 OK"
2026-08-18 05:09:10,012 - INFO - HTTP Request: POST http://localhost:8003/v1/chat/completions "HTTP/1.1 200 OK"
2026-08-18 05:09:16,049 - INFO - HTTP Request: POST http://localhost:8003/v1/chat/completions "HTTP/1.1 200 OK"

2026-08-18 05:09:20,191 - INFO - HTTP Request: POST http://localhost:8003/v1/chat/completions "HTTP/1.1 200 OK"

2026-08-18 05:09:24,753 - INFO - HTTP Request: POST http://localhost:8003/v1/chat/completions "HTTP/1.1 200 OK"
2026-08-18 05:09:26,433 - INFO - HTTP Request: POST http://localhost:8003/v1/chat/completions "HTTP/1.1 200 OK"
2026-08-18 05:09:38,943 - INFO - HTTP Request: POST http://localhost:8003/v1/chat/completions "HTTP/1.1 200 OK"

2026-08-18 05:09:39,823 - INFO - HTTP Request: POST http://localhost:8003/v1/chat/completions "HTTP/1.1 200 OK"

2026-08-18 05:09:49,823 - INFO - HTTP Request: POST http://localhost:8003/v1/chat/completions "HTTP/1.1 200 OK"
2026-08-18 05:09:50,041 - INFO - HTTP Request: POST http://localhost:8003/v1/chat/completions "HTTP/1.1 200 OK"
2026-08-18 05:10:01,454 - INFO - HTTP Request: POST http://localhost:8003/v1/chat/completions "HTTP/1.1 200 OK"

2026-08-18 05:10:03,639 - INFO - HTTP Request: POST http://localhost:8003/v1/chat/completions "HTTP/1.1 200 OK"

r5_cfg3:  42%|████▏     | 21/50 [34:57<1:03:46, 131.93s/it]2026-08-18 05:10:12,326 - INFO - HTTP Request: POST http://localhost:8003/v1/chat/completions "HTTP/1.1 200 OK"
2026-08-18 05:10:13,946 - INFO - HTTP Request: POST http://localhost:8003/v1/chat/completions "HTTP/1.1 200 OK"
2026-08-18 05:10:26,299 - INFO - HTTP Request: POST http://localhost:8003/v1/chat/completions "HTTP/1.1 200 OK"
2026-08-18 05:10:27,018 - INFO - HTTP Request: POST http://localhost:8003/v1/chat/completions "HTTP/1.1 200 OK"

r5_cfg3:  44%|████▍     | 22/50 [35:20<46:21, 99.35s/it]   2026-08-18 05:10:28,578 - INFO - HTTP Request: POST http://localhost:8003/v1/chat/completions "HTTP/1.1 200 OK"

r5_cfg3:  46%|████▌     | 23/50 [35:22<31:30, 70.01s/it]2026-08-18 05:10:35,101 - INFO - HTTP Request: POST http://localhost:8003/v1/chat/completions "HTTP/1.1 200 OK"
2026-08-18 05:10:38,519 - INFO - HTTP Request: POST http://localhost:8003/v1/chat/completions "HTTP/1.1 200 OK"

2026-08-18 05:10:49,173 - INFO - HTTP Request: POST http://localhost:8003/v1/chat/completions "HTTP/1.1 200 OK"
2026-08-18 05:10:51,229 - INFO - HTTP Request: POST http://localhost:8003/v1/chat/completions "HTTP/1.1 200 OK"
2026-08-18 05:10:51,664 - INFO - HTTP Request: POST http://localhost:8003/v1/chat/completions "HTTP/1.1 200 OK"

r5_cfg3:  48%|████▊     | 24/50 [35:45<24:14, 55.93s/it]2026-08-18 05:11:00,583 - INFO - HTTP Request: POST http://localhost:8003/v1/chat/completions "HTTP/1.1 200 OK"

2026-08-18 05:11:04,930 - INFO - HTTP Request: POST http://localhost:8003/v1/chat/completions "HTTP/1.1 200 OK"
2026-08-18 05:11:04,931 - INFO - HTTP Request: POST http://localhost:8003/v1/chat/completions "HTTP/1.1 200 OK"

2026-08-18 05:11:14,056 - INFO - HTTP Request: POST http://localhost:8003/v1/chat/completions "HTTP/1.1 200 OK"
2026-08-18 05:11:15,239 - INFO - HTTP Request: POST http://localhost:8003/v1/chat/completions "HTTP/1.1 200 OK"

2026-08-18 05:11:27,409 - INFO - HTTP Request: POST http://localhost:8003/v1/chat/completions "HTTP/1.1 200 OK"
2026-08-18 05:11:28,596 - INFO - HTTP Request: POST http://localhost:8003/v1/chat/completions "HTTP/1.1 200 OK"

2026-08-18 05:11:32,078 - INFO - HTTP Request: POST http://localhost:8003/v1/chat/completions "HTTP/1.1 200 OK"
2026-08-18 05:11:40,132 - INFO - HTTP Request: POST http://localhost:8003/v1/chat/completions "HTTP/1.1 200 OK"
2026-08-18 05:11:41,320 - INFO - HTTP Request: POST http://localhost:8003/v1/chat/completions "HTTP/1.1 200 OK"

2026-08-18 05:11:44,152 - INFO - HTTP Request: POST http://localhost:8003/v1/chat/completions "HTTP/1.1 200 OK"

2026-08-18 05:11:53,938 - INFO - HTTP Request: POST http://localhost:8003/v1/chat/completions "HTTP/1.1 200 OK"

2026-08-18 05:11:55,249 - INFO - HTTP Request: POST http://localhost:8003/v1/chat/completions "HTTP/1.1 200 OK"
2026-08-18 05:12:04,914 - INFO - HTTP Request: POST http://localhost:8003/v1/chat/completions "HTTP/1.1 200 OK"
2026-08-18 05:12:09,149 - INFO - HTTP Request: POST http://localhost:8003/v1/chat/completions "HTTP/1.1 200 OK"
2026-08-18 05:12:11,548 - INFO - HTTP Request: POST http://localhost:8003/v1/chat/completions "HTTP/1.1 200 OK"

2026-08-18 05:12:18,297 - INFO - HTTP Request: POST http://localhost:8003/v1/chat/completions "HTTP/1.1 200 OK"
2026-08-18 05:12:21,224 - INFO - HTTP Request: POST http://localhost:8003/v1/chat/completions "HTTP/1.1 200 OK"

2026-08-18 05:12:23,409 - INFO - HTTP Request: POST http://localhost:8003/v1/chat/completions "HTTP/1.1 200 OK"

2026-08-18 05:12:30,373 - INFO - HTTP Request: POST http://localhost:8003/v1/chat/completions "HTTP/1.1 200 OK"

2026-08-18 05:12:36,242 - INFO - HTTP Request: POST http://localhost:8003/v1/chat/completions "HTTP/1.1 200 OK"
2026-08-18 05:12:45,686 - INFO - HTTP Request: POST http://localhost:8003/v1/chat/completions "HTTP/1.1 200 OK"
2026-08-18 05:12:48,175 - INFO - HTTP Request: POST http://localhost:8003/v1/chat/completions "HTTP/1.1 200 OK"
2026-08-18 05:12:50,355 - INFO - HTTP Request: POST http://localhost:8003/v1/chat/completions "HTTP/1.1 200 OK"

2026-08-18 05:12:51,020 - INFO - HTTP Request: POST http://localhost:8003/v1/chat/completions "HTTP/1.1 200 OK"
2026-08-18 05:12:59,828 - INFO - HTTP Request: POST http://localhost:8003/v1/chat/completions "HTTP/1.1 200 OK"

2026-08-18 05:13:01,579 - INFO - HTTP Request: POST http://localhost:8003/v1/chat/completions "HTTP/1.1 200 OK"

2026-08-18 05:13:02,675 - INFO - HTTP Request: POST http://localhost:8003/v1/chat/completions "HTTP/1.1 200 OK"

2026-08-18 05:13:14,826 - INFO - HTTP Request: POST http://localhost:8003/v1/chat/completions "HTTP/1.1 200 OK"
2026-08-18 05:13:19,919 - INFO - HTTP Request: POST http://localhost:8003/v1/chat/completions "HTTP/1.1 200 OK"
2026-08-18 05:13:21,978 - INFO - HTTP Request: POST http://localhost:8003/v1/chat/completions "HTTP/1.1 200 OK"
2026-08-18 05:13:27,861 - INFO - HTTP Request: POST http://localhost:8003/v1/chat/completions "HTTP/1.1 200 OK"

2026-08-18 05:13:30,481 - INFO - HTTP Request: POST http://localhost:8003/v1/chat/completions "HTTP/1.1 200 OK"

2026-08-18 05:13:32,222 - INFO - HTTP Request: POST http://localhost:8003/v1/chat/completions "HTTP/1.1 200 OK"
2026-08-18 05:13:32,937 - INFO - HTTP Request: POST http://localhost:8003/v1/chat/completions "HTTP/1.1 200 OK"

2026-08-18 05:13:46,008 - INFO - HTTP Request: POST http://localhost:8003/v1/chat/completions "HTTP/1.1 200 OK"

2026-08-18 05:13:47,964 - INFO - HTTP Request: POST http://localhost:8003/v1/chat/completions "HTTP/1.1 200 OK"
2026-08-18 05:13:58,278 - INFO - HTTP Request: POST http://localhost:8003/v1/chat/completions "HTTP/1.1 200 OK"

2026-08-18 05:13:59,798 - INFO - HTTP Request: POST http://localhost:8003/v1/chat/completions "HTTP/1.1 200 OK"
2026-08-18 05:14:02,286 - INFO - HTTP Request: POST http://localhost:8003/v1/chat/completions "HTTP/1.1 200 OK"
2026-08-18 05:14:06,855 - INFO - HTTP Request: POST http://localhost:8003/v1/chat/completions "HTTP/1.1 200 OK"
2026-08-18 05:14:10,005 - INFO - HTTP Request: POST http://localhost:8003/v1/chat/completions "HTTP/1.1 200 OK"

2026-08-18 05:14:12,619 - INFO - HTTP Request: POST http://localhost:8003/v1/chat/completions "HTTP/1.1 200 OK"

2026-08-18 05:14:22,405 - INFO - HTTP Request: POST http://localhost:8003/v1/chat/completions "HTTP/1.1 200 OK"

2026-08-18 05:14:27,835 - INFO - HTTP Request: POST http://localhost:8003/v1/chat/completions "HTTP/1.1 200 OK"
2026-08-18 05:14:30,319 - INFO - HTTP Request: POST http://localhost:8003/v1/chat/completions "HTTP/1.1 200 OK"
2026-08-18 05:14:33,250 - INFO - HTTP Request: POST http://localhost:8003/v1/chat/completions "HTTP/1.1 200 OK"
2026-08-18 05:14:42,840 - INFO - HTTP Request: POST http://localhost:8003/v1/chat/completions "HTTP/1.1 200 OK"

2026-08-18 05:14:48,937 - INFO - HTTP Request: POST http://localhost:8003/v1/chat/completions "HTTP/1.1 200 OK"

2026-08-18 05:14:50,245 - INFO - HTTP Request: POST http://localhost:8003/v1/chat/completions "HTTP/1.1 200 OK"

2026-08-18 05:14:52,418 - INFO - HTTP Request: POST http://localhost:8003/v1/chat/completions "HTTP/1.1 200 OK"
2026-08-18 05:15:03,174 - INFO - HTTP Request: POST http://localhost:8003/v1/chat/completions "HTTP/1.1 200 OK"
2026-08-18 05:15:07,842 - INFO - HTTP Request: POST http://localhost:8003/v1/chat/completions "HTTP/1.1 200 OK"

2026-08-18 05:15:15,682 - INFO - HTTP Request: POST http://localhost:8003/v1/chat/completions "HTTP/1.1 200 OK"

2026-08-18 05:15:18,724 - INFO - HTTP Request: POST http://localhost:8003/v1/chat/completions "HTTP/1.1 200 OK"
2026-08-18 05:15:20,247 - INFO - HTTP Request: POST http://localhost:8003/v1/chat/completions "HTTP/1.1 200 OK"
2026-08-18 05:15:34,718 - INFO - HTTP Request: POST http://localhost:8003/v1/chat/completions "HTTP/1.1 200 OK"

2026-08-18 05:15:35,382 - INFO - HTTP Request: POST http://localhost:8003/v1/chat/completions "HTTP/1.1 200 OK"

2026-08-18 05:15:41,471 - INFO - HTTP Request: POST http://localhost:8003/v1/chat/completions "HTTP/1.1 200 OK"
2026-08-18 05:15:45,703 - INFO - HTTP Request: POST http://localhost:8003/v1/chat/completions "HTTP/1.1 200 OK"
2026-08-18 05:15:56,688 - INFO - HTTP Request: POST http://localhost:8003/v1/chat/completions "HTTP/1.1 200 OK"

2026-08-18 05:15:59,526 - INFO - HTTP Request: POST http://localhost:8003/v1/chat/completions "HTTP/1.1 200 OK"

r5_cfg3:  50%|█████     | 25/50 [40:53<54:47, 131.52s/it]2026-08-18 05:16:07,995 - INFO - HTTP Request: POST http://localhost:8003/v1/chat/completions "HTTP/1.1 200 OK"
2026-08-18 05:16:09,302 - INFO - HTTP Request: POST http://localhost:8003/v1/chat/completions "HTTP/1.1 200 OK"
2026-08-18 05:16:20,719 - INFO - HTTP Request: POST http://localhost:8003/v1/chat/completions "HTTP/1.1 200 OK"

r5_cfg3:  52%|█████▏    | 26/50 [41:14<39:22, 98.42s/it] 2026-08-18 05:16:21,373 - INFO - HTTP Request: POST http://localhost:8003/v1/chat/completions "HTTP/1.1 200 OK"

r5_cfg3:  54%|█████▍    | 27/50 [41:15<26:29, 69.09s/it]2026-08-18 05:16:22,027 - INFO - HTTP Request: POST http://localhost:8003/v1/chat/completions "HTTP/1.1 200 OK"
2026-08-18 05:16:30,008 - INFO - HTTP Request: POST http://localhost:8003/v1/chat/completions "HTTP/1.1 200 OK"
2026-08-18 05:16:39,683 - INFO - HTTP Request: POST http://localhost:8003/v1/chat/completions "HTTP/1.1 200 OK"

2026-08-18 05:16:39,684 - INFO - HTTP Request: POST http://localhost:8003/v1/chat/completions "HTTP/1.1 200 OK"

r5_cfg3:  56%|█████▌    | 28/50 [41:33<19:44, 53.85s/it]2026-08-18 05:16:43,155 - INFO - HTTP Request: POST http://localhost:8003/v1/chat/completions "HTTP/1.1 200 OK"
2026-08-18 05:16:44,340 - INFO - HTTP Request: POST http://localhost:8003/v1/chat/completions "HTTP/1.1 200 OK"
2026-08-18 05:16:56,535 - INFO - HTTP Request: POST http://localhost:8003/v1/chat/completions "HTTP/1.1 200 OK"

2026-08-18 05:16:58,493 - INFO - HTTP Request: POST http://localhost:8003/v1/chat/completions "HTTP/1.1 200 OK"

2026-08-18 05:17:02,182 - INFO - HTTP Request: POST http://localhost:8003/v1/chat/completions "HTTP/1.1 200 OK"
2026-08-18 05:17:06,898 - INFO - HTTP Request: POST http://localhost:8003/v1/chat/completions "HTTP/1.1 200 OK"
2026-08-18 05:17:14,889 - INFO - HTTP Request: POST http://localhost:8003/v1/chat/completions "HTTP/1.1 200 OK"

2026-08-18 05:17:20,544 - INFO - HTTP Request: POST http://localhost:8003/v1/chat/completions "HTTP/1.1 200 OK"

2026-08-18 05:17:23,369 - INFO - HTTP Request: POST http://localhost:8003/v1/chat/completions "HTTP/1.1 200 OK"
2026-08-18 05:17:25,551 - INFO - HTTP Request: POST http://localhost:8003/v1/chat/completions "HTTP/1.1 200 OK"
2026-08-18 05:17:35,715 - INFO - HTTP Request: POST http://localhost:8003/v1/chat/completions "HTTP/1.1 200 OK"

2026-08-18 05:17:36,588 - INFO - HTTP Request: POST http://localhost:8003/v1/chat/completions "HTTP/1.1 200 OK"

2026-08-18 05:17:41,581 - INFO - HTTP Request: POST http://localhost:8003/v1/chat/completions "HTTP/1.1 200 OK"
2026-08-18 05:17:45,865 - INFO - HTTP Request: POST http://localhost:8003/v1/chat/completions "HTTP/1.1 200 OK"
2026-08-18 05:17:54,509 - INFO - HTTP Request: POST http://localhost:8003/v1/chat/completions "HTTP/1.1 200 OK"

2026-08-18 05:17:59,728 - INFO - HTTP Request: POST http://localhost:8003/v1/chat/completions "HTTP/1.1 200 OK"
2026-08-18 05:18:00,163 - INFO - HTTP Request: POST http://localhost:8003/v1/chat/completions "HTTP/1.1 200 OK"

2026-08-18 05:18:01,921 - INFO - HTTP Request: POST http://localhost:8003/v1/chat/completions "HTTP/1.1 200 OK"
2026-08-18 05:18:12,907 - INFO - HTTP Request: POST http://localhost:8003/v1/chat/completions "HTTP/1.1 200 OK"

2026-08-18 05:18:15,743 - INFO - HTTP Request: POST http://localhost:8003/v1/chat/completions "HTTP/1.1 200 OK"

2026-08-18 05:18:19,440 - INFO - HTTP Request: POST http://localhost:8003/v1/chat/completions "HTTP/1.1 200 OK"
2026-08-18 05:18:25,028 - INFO - HTTP Request: POST http://localhost:8003/v1/chat/completions "HTTP/1.1 200 OK"
2026-08-18 05:18:36,062 - INFO - HTTP Request: POST http://localhost:8003/v1/chat/completions "HTTP/1.1 200 OK"

2026-08-18 05:18:37,159 - INFO - HTTP Request: POST http://localhost:8003/v1/chat/completions "HTTP/1.1 200 OK"
2026-08-18 05:18:38,471 - INFO - HTTP Request: POST http://localhost:8003/v1/chat/completions "HTTP/1.1 200 OK"

2026-08-18 05:18:40,653 - INFO - HTTP Request: POST http://localhost:8003/v1/chat/completions "HTTP/1.1 200 OK"
2026-08-18 05:18:50,109 - INFO - HTTP Request: POST http://localhost:8003/v1/chat/completions "HTTP/1.1 200 OK"

2026-08-18 05:18:53,162 - INFO - HTTP Request: POST http://localhost:8003/v1/chat/completions "HTTP/1.1 200 OK"

2026-08-18 05:18:58,158 - INFO - HTTP Request: POST http://localhost:8003/v1/chat/completions "HTTP/1.1 200 OK"
2026-08-18 05:19:00,922 - INFO - HTTP Request: POST http://localhost:8003/v1/chat/completions "HTTP/1.1 200 OK"
2026-08-18 05:19:09,294 - INFO - HTTP Request: POST http://localhost:8003/v1/chat/completions "HTTP/1.1 200 OK"

2026-08-18 05:19:10,601 - INFO - HTTP Request: POST http://localhost:8003/v1/chat/completions "HTTP/1.1 200 OK"
2026-08-18 05:19:13,438 - INFO - HTTP Request: POST http://localhost:8003/v1/chat/completions "HTTP/1.1 200 OK"
2026-08-18 05:19:14,896 - INFO - HTTP Request: POST http://localhost:8003/v1/chat/completions "HTTP/1.1 200 OK"

2026-08-18 05:19:22,304 - INFO - HTTP Request: POST http://localhost:8003/v1/chat/completions "HTTP/1.1 200 OK"

2026-08-18 05:19:25,350 - INFO - HTTP Request: POST http://localhost:8003/v1/chat/completions "HTTP/1.1 200 OK"

2026-08-18 05:19:34,685 - INFO - HTTP Request: POST http://localhost:8003/v1/chat/completions "HTTP/1.1 200 OK"
2026-08-18 05:19:38,970 - INFO - HTTP Request: POST http://localhost:8003/v1/chat/completions "HTTP/1.1 200 OK"
2026-08-18 05:19:47,561 - INFO - HTTP Request: POST http://localhost:8003/v1/chat/completions "HTTP/1.1 200 OK"

2026-08-18 05:19:47,779 - INFO - HTTP Request: POST http://localhost:8003/v1/chat/completions "HTTP/1.1 200 OK"

2026-08-18 05:19:51,689 - INFO - HTTP Request: POST http://localhost:8003/v1/chat/completions "HTTP/1.1 200 OK"
2026-08-18 05:19:54,956 - INFO - HTTP Request: POST http://localhost:8003/v1/chat/completions "HTTP/1.1 200 OK"
2026-08-18 05:20:03,760 - INFO - HTTP Request: POST http://localhost:8003/v1/chat/completions "HTTP/1.1 200 OK"

2026-08-18 05:20:04,850 - INFO - HTTP Request: POST http://localhost:8003/v1/chat/completions "HTTP/1.1 200 OK"

2026-08-18 05:20:08,325 - INFO - HTTP Request: POST http://localhost:8003/v1/chat/completions "HTTP/1.1 200 OK"
2026-08-18 05:20:17,177 - INFO - HTTP Request: POST http://localhost:8003/v1/chat/completions "HTTP/1.1 200 OK"
2026-08-18 05:20:24,461 - INFO - HTTP Request: POST http://localhost:8003/v1/chat/completions "HTTP/1.1 200 OK"
2026-08-18 05:20:25,874 - INFO - HTTP Request: POST http://localhost:8003/v1/chat/completions "HTTP/1.1 200 OK"
2026-08-18 05:20:28,722 - INFO - HTTP Request: POST http://localhost:8003/v1/chat/completions "HTTP/1.1 200 OK"

2026-08-18 05:20:31,994 - INFO - HTTP Request: POST http://localhost:8003/v1/chat/completions "HTTP/1.1 200 OK"

2026-08-18 05:20:37,659 - INFO - HTTP Request: POST http://localhost:8003/v1/chat/completions "HTTP/1.1 200 OK"

2026-08-18 05:20:42,008 - INFO - HTTP Request: POST http://localhost:8003/v1/chat/completions "HTTP/1.1 200 OK"

2026-08-18 05:20:52,003 - INFO - HTTP Request: POST http://localhost:8003/v1/chat/completions "HTTP/1.1 200 OK"
2026-08-18 05:20:58,247 - INFO - HTTP Request: POST http://localhost:8003/v1/chat/completions "HTTP/1.1 200 OK"
2026-08-18 05:21:07,552 - INFO - HTTP Request: POST http://localhost:8003/v1/chat/completions "HTTP/1.1 200 OK"
2026-08-18 05:21:12,235 - INFO - HTTP Request: POST http://localhost:8003/v1/chat/completions "HTTP/1.1 200 OK"
2026-08-18 05:21:16,827 - INFO - HTTP Request: POST http://localhost:8003/v1/chat/completions "HTTP/1.1 200 OK"

2026-08-18 05:21:17,263 - INFO - HTTP Request: POST http://localhost:8003/v1/chat/completions "HTTP/1.1 200 OK"

2026-08-18 05:21:19,671 - INFO - HTTP Request: POST http://localhost:8003/v1/chat/completions "HTTP/1.1 200 OK"

2026-08-18 05:21:26,856 - INFO - HTTP Request: POST http://localhost:8003/v1/chat/completions "HTTP/1.1 200 OK"

2026-08-18 05:21:45,973 - INFO - HTTP Request: POST http://localhost:8003/v1/chat/completions "HTTP/1.1 200 OK"
2026-08-18 05:21:50,261 - INFO - HTTP Request: POST http://localhost:8003/v1/chat/completions "HTTP/1.1 200 OK"
2026-08-18 05:21:53,468 - INFO - HTTP Request: POST http://localhost:8003/v1/chat/completions "HTTP/1.1 200 OK"
2026-08-18 05:22:00,989 - INFO - HTTP Request: POST http://localhost:8003/v1/chat/completions "HTTP/1.1 200 OK"
2026-08-18 05:22:03,400 - INFO - HTTP Request: POST http://localhost:8003/v1/chat/completions "HTTP/1.1 200 OK"

2026-08-18 05:22:07,986 - INFO - HTTP Request: POST http://localhost:8003/v1/chat/completions "HTTP/1.1 200 OK"

r5_cfg3:  58%|█████▊    | 29/50 [47:01<47:40, 136.19s/it]2026-08-18 05:22:08,640 - INFO - HTTP Request: POST http://localhost:8003/v1/chat/completions "HTTP/1.1 200 OK"

r5_cfg3:  60%|██████    | 30/50 [47:02<31:50, 95.53s/it] 2026-08-18 05:22:13,645 - INFO - HTTP Request: POST http://localhost:8003/v1/chat/completions "HTTP/1.1 200 OK"

r5_cfg3:  62%|██████▏   | 31/50 [47:07<21:39, 68.37s/it]2026-08-18 05:22:29,711 - INFO - HTTP Request: POST http://localhost:8003/v1/chat/completions "HTTP/1.1 200 OK"
2026-08-18 05:22:30,738 - INFO - HTTP Request: POST http://localhost:8003/v1/chat/completions "HTTP/1.1 200 OK"
2026-08-18 05:22:35,009 - INFO - HTTP Request: POST http://localhost:8003/v1/chat/completions "HTTP/1.1 200 OK"
2026-08-18 05:22:36,621 - INFO - HTTP Request: POST http://localhost:8003/v1/chat/completions "HTTP/1.1 200 OK"
2026-08-18 05:22:41,515 - INFO - HTTP Request: POST http://localhost:8003/v1/chat/completions "HTTP/1.1 200 OK"

2026-08-18 05:22:43,916 - INFO - HTTP Request: POST http://localhost:8003/v1/chat/completions "HTTP/1.1 200 OK"

2026-08-18 05:22:47,622 - INFO - HTTP Request: POST http://localhost:8003/v1/chat/completions "HTTP/1.1 200 OK"

r5_cfg3:  64%|██████▍   | 32/50 [47:41<17:24, 58.05s/it]2026-08-18 05:22:49,579 - INFO - HTTP Request: POST http://localhost:8003/v1/chat/completions "HTTP/1.1 200 OK"

2026-08-18 05:23:07,594 - INFO - HTTP Request: POST http://localhost:8003/v1/chat/completions "HTTP/1.1 200 OK"
2026-08-18 05:23:09,694 - INFO - HTTP Request: POST http://localhost:8003/v1/chat/completions "HTTP/1.1 200 OK"
2026-08-18 05:23:09,916 - INFO - HTTP Request: POST http://localhost:8003/v1/chat/completions "HTTP/1.1 200 OK"
2026-08-18 05:23:16,483 - INFO - HTTP Request: POST http://localhost:8003/v1/chat/completions "HTTP/1.1 200 OK"
2026-08-18 05:23:18,981 - INFO - HTTP Request: POST http://localhost:8003/v1/chat/completions "HTTP/1.1 200 OK"

2026-08-18 05:23:20,729 - INFO - HTTP Request: POST http://localhost:8003/v1/chat/completions "HTTP/1.1 200 OK"

2026-08-18 05:23:24,869 - INFO - HTTP Request: POST http://localhost:8003/v1/chat/completions "HTTP/1.1 200 OK"

2026-08-18 05:23:29,219 - INFO - HTTP Request: POST http://localhost:8003/v1/chat/completions "HTTP/1.1 200 OK"

2026-08-18 05:23:43,330 - INFO - HTTP Request: POST http://localhost:8003/v1/chat/completions "HTTP/1.1 200 OK"
2026-08-18 05:23:46,950 - INFO - HTTP Request: POST http://localhost:8003/v1/chat/completions "HTTP/1.1 200 OK"
2026-08-18 05:23:49,664 - INFO - HTTP Request: POST http://localhost:8003/v1/chat/completions "HTTP/1.1 200 OK"
2026-08-18 05:23:54,394 - INFO - HTTP Request: POST http://localhost:8003/v1/chat/completions "HTTP/1.1 200 OK"
2026-08-18 05:23:55,584 - INFO - HTTP Request: POST http://localhost:8003/v1/chat/completions "HTTP/1.1 200 OK"

2026-08-18 05:24:01,041 - INFO - HTTP Request: POST http://localhost:8003/v1/chat/completions "HTTP/1.1 200 OK"

2026-08-18 05:24:02,569 - INFO - HTTP Request: POST http://localhost:8003/v1/chat/completions "HTTP/1.1 200 OK"

2026-08-18 05:24:09,098 - INFO - HTTP Request: POST http://localhost:8003/v1/chat/completions "HTTP/1.1 200 OK"

2026-08-18 05:24:19,742 - INFO - HTTP Request: POST http://localhost:8003/v1/chat/completions "HTTP/1.1 200 OK"
2026-08-18 05:24:25,534 - INFO - HTTP Request: POST http://localhost:8003/v1/chat/completions "HTTP/1.1 200 OK"
2026-08-18 05:24:26,506 - INFO - HTTP Request: POST http://localhost:8003/v1/chat/completions "HTTP/1.1 200 OK"
2026-08-18 05:24:32,323 - INFO - HTTP Request: POST http://localhost:8003/v1/chat/completions "HTTP/1.1 200 OK"

2026-08-18 05:24:34,076 - INFO - HTTP Request: POST http://localhost:8003/v1/chat/completions "HTTP/1.1 200 OK"
2026-08-18 05:24:39,184 - INFO - HTTP Request: POST http://localhost:8003/v1/chat/completions "HTTP/1.1 200 OK"

2026-08-18 05:24:39,402 - INFO - HTTP Request: POST http://localhost:8003/v1/chat/completions "HTTP/1.1 200 OK"

2026-08-18 05:24:47,452 - INFO - HTTP Request: POST http://localhost:8003/v1/chat/completions "HTTP/1.1 200 OK"

2026-08-18 05:24:52,018 - INFO - HTTP Request: POST http://localhost:8003/v1/chat/completions "HTTP/1.1 200 OK"
2026-08-18 05:24:58,898 - INFO - HTTP Request: POST http://localhost:8003/v1/chat/completions "HTTP/1.1 200 OK"
2026-08-18 05:25:00,579 - INFO - HTTP Request: POST http://localhost:8003/v1/chat/completions "HTTP/1.1 200 OK"

2026-08-18 05:25:03,625 - INFO - HTTP Request: POST http://localhost:8003/v1/chat/completions "HTTP/1.1 200 OK"
2026-08-18 05:25:07,642 - INFO - HTTP Request: POST http://localhost:8003/v1/chat/completions "HTTP/1.1 200 OK"
2026-08-18 05:25:11,881 - INFO - HTTP Request: POST http://localhost:8003/v1/chat/completions "HTTP/1.1 200 OK"

2026-08-18 05:25:16,020 - INFO - HTTP Request: POST http://localhost:8003/v1/chat/completions "HTTP/1.1 200 OK"

2026-08-18 05:25:20,377 - INFO - HTTP Request: POST http://localhost:8003/v1/chat/completions "HTTP/1.1 200 OK"

2026-08-18 05:25:29,928 - INFO - HTTP Request: POST http://localhost:8003/v1/chat/completions "HTTP/1.1 200 OK"
2026-08-18 05:25:35,946 - INFO - HTTP Request: POST http://localhost:8003/v1/chat/completions "HTTP/1.1 200 OK"
2026-08-18 05:25:41,049 - INFO - HTTP Request: POST http://localhost:8003/v1/chat/completions "HTTP/1.1 200 OK"
2026-08-18 05:25:41,798 - INFO - HTTP Request: POST http://localhost:8003/v1/chat/completions "HTTP/1.1 200 OK"

2026-08-18 05:25:45,997 - INFO - HTTP Request: POST http://localhost:8003/v1/chat/completions "HTTP/1.1 200 OK"

2026-08-18 05:25:49,913 - INFO - HTTP Request: POST http://localhost:8003/v1/chat/completions "HTTP/1.1 200 OK"
2026-08-18 05:25:56,973 - INFO - HTTP Request: POST http://localhost:8003/v1/chat/completions "HTTP/1.1 200 OK"

2026-08-18 05:25:58,498 - INFO - HTTP Request: POST http://localhost:8003/v1/chat/completions "HTTP/1.1 200 OK"

2026-08-18 05:26:02,189 - INFO - HTTP Request: POST http://localhost:8003/v1/chat/completions "HTTP/1.1 200 OK"
2026-08-18 05:26:12,115 - INFO - HTTP Request: POST http://localhost:8003/v1/chat/completions "HTTP/1.1 200 OK"

2026-08-18 05:26:15,157 - INFO - HTTP Request: POST http://localhost:8003/v1/chat/completions "HTTP/1.1 200 OK"
2026-08-18 05:26:17,429 - INFO - HTTP Request: POST http://localhost:8003/v1/chat/completions "HTTP/1.1 200 OK"
2026-08-18 05:26:19,329 - INFO - HTTP Request: POST http://localhost:8003/v1/chat/completions "HTTP/1.1 200 OK"
2026-08-18 05:26:30,108 - INFO - HTTP Request: POST http://localhost:8003/v1/chat/completions "HTTP/1.1 200 OK"

2026-08-18 05:26:31,201 - INFO - HTTP Request: POST http://localhost:8003/v1/chat/completions "HTTP/1.1 200 OK"

2026-08-18 05:26:36,641 - INFO - HTTP Request: POST http://localhost:8003/v1/chat/completions "HTTP/1.1 200 OK"

2026-08-18 05:26:42,288 - INFO - HTTP Request: POST http://localhost:8003/v1/chat/completions "HTTP/1.1 200 OK"
2026-08-18 05:26:50,257 - INFO - HTTP Request: POST http://localhost:8003/v1/chat/completions "HTTP/1.1 200 OK"
2026-08-18 05:26:56,236 - INFO - HTTP Request: POST http://localhost:8003/v1/chat/completions "HTTP/1.1 200 OK"

2026-08-18 05:27:00,813 - INFO - HTTP Request: POST http://localhost:8003/v1/chat/completions "HTTP/1.1 200 OK"
2026-08-18 05:27:03,586 - INFO - HTTP Request: POST http://localhost:8003/v1/chat/completions "HTTP/1.1 200 OK"

2026-08-18 05:27:06,636 - INFO - HTTP Request: POST http://localhost:8003/v1/chat/completions "HTTP/1.1 200 OK"
2026-08-18 05:27:11,526 - INFO - HTTP Request: POST http://localhost:8003/v1/chat/completions "HTTP/1.1 200 OK"

2026-08-18 05:27:21,541 - INFO - HTTP Request: POST http://localhost:8003/v1/chat/completions "HTTP/1.1 200 OK"

2026-08-18 05:27:29,586 - INFO - HTTP Request: POST http://localhost:8003/v1/chat/completions "HTTP/1.1 200 OK"
2026-08-18 05:27:33,207 - INFO - HTTP Request: POST http://localhost:8003/v1/chat/completions "HTTP/1.1 200 OK"
2026-08-18 05:27:41,577 - INFO - HTTP Request: POST http://localhost:8003/v1/chat/completions "HTTP/1.1 200 OK"

r5_cfg3:  66%|██████▌   | 33/50 [52:35<36:30, 128.82s/it]2026-08-18 05:27:45,060 - INFO - HTTP Request: POST http://localhost:8003/v1/chat/completions "HTTP/1.1 200 OK"
2026-08-18 05:27:46,305 - INFO - HTTP Request: POST http://localhost:8003/v1/chat/completions "HTTP/1.1 200 OK"

2026-08-18 05:27:55,014 - INFO - HTTP Request: POST http://localhost:8003/v1/chat/completions "HTTP/1.1 200 OK"
2026-08-18 05:27:58,813 - INFO - HTTP Request: POST http://localhost:8003/v1/chat/completions "HTTP/1.1 200 OK"

r5_cfg3:  68%|██████▊   | 34/50 [52:52<25:25, 95.35s/it] 2026-08-18 05:28:04,034 - INFO - HTTP Request: POST http://localhost:8003/v1/chat/completions "HTTP/1.1 200 OK"
2026-08-18 05:28:07,891 - INFO - HTTP Request: POST http://localhost:8003/v1/chat/completions "HTTP/1.1 200 OK"

r5_cfg3:  70%|███████   | 35/50 [53:01<17:21, 69.47s/it]2026-08-18 05:28:16,372 - INFO - HTTP Request: POST http://localhost:8003/v1/chat/completions "HTTP/1.1 200 OK"

2026-08-18 05:28:20,065 - INFO - HTTP Request: POST http://localhost:8003/v1/chat/completions "HTTP/1.1 200 OK"
2026-08-18 05:28:21,470 - INFO - HTTP Request: POST http://localhost:8003/v1/chat/completions "HTTP/1.1 200 OK"
2026-08-18 05:28:30,334 - INFO - HTTP Request: POST http://localhost:8003/v1/chat/completions "HTTP/1.1 200 OK"
2026-08-18 05:28:34,180 - INFO - HTTP Request: POST http://localhost:8003/v1/chat/completions "HTTP/1.1 200 OK"

r5_cfg3:  72%|███████▏  | 36/50 [53:27<13:11, 56.51s/it]2026-08-18 05:28:35,270 - INFO - HTTP Request: POST http://localhost:8003/v1/chat/completions "HTTP/1.1 200 OK"

2026-08-18 05:28:41,570 - INFO - HTTP Request: POST http://localhost:8003/v1/chat/completions "HTTP/1.1 200 OK"

2026-08-18 05:28:43,308 - INFO - HTTP Request: POST http://localhost:8003/v1/chat/completions "HTTP/1.1 200 OK"
2026-08-18 05:28:55,639 - INFO - HTTP Request: POST http://localhost:8003/v1/chat/completions "HTTP/1.1 200 OK"

2026-08-18 05:28:56,509 - INFO - HTTP Request: POST http://localhost:8003/v1/chat/completions "HTTP/1.1 200 OK"
2026-08-18 05:29:02,038 - INFO - HTTP Request: POST http://localhost:8003/v1/chat/completions "HTTP/1.1 200 OK"
2026-08-18 05:29:08,726 - INFO - HTTP Request: POST http://localhost:8003/v1/chat/completions "HTTP/1.1 200 OK"
2026-08-18 05:29:08,943 - INFO - HTTP Request: POST http://localhost:8003/v1/chat/completions "HTTP/1.1 200 OK"

2026-08-18 05:29:15,615 - INFO - HTTP Request: POST http://localhost:8003/v1/chat/completions "HTTP/1.1 200 OK"

2026-08-18 05:29:20,831 - INFO - HTTP Request: POST http://localhost:8003/v1/chat/completions "HTTP/1.1 200 OK"
2026-08-18 05:29:21,858 - INFO - HTTP Request: POST http://localhost:8003/v1/chat/completions "HTTP/1.1 200 OK"

2026-08-18 05:29:35,343 - INFO - HTTP Request: POST http://localhost:8003/v1/chat/completions "HTTP/1.1 200 OK"

2026-08-18 05:29:35,344 - INFO - HTTP Request: POST http://localhost:8003/v1/chat/completions "HTTP/1.1 200 OK"
2026-08-18 05:29:40,662 - INFO - HTTP Request: POST http://localhost:8003/v1/chat/completions "HTTP/1.1 200 OK"
2026-08-18 05:29:46,913 - INFO - HTTP Request: POST http://localhost:8003/v1/chat/completions "HTTP/1.1 200 OK"
2026-08-18 05:29:50,541 - INFO - HTTP Request: POST http://localhost:8003/v1/chat/completions "HTTP/1.1 200 OK"

2026-08-18 05:29:53,153 - INFO - HTTP Request: POST http://localhost:8003/v1/chat/completions "HTTP/1.1 200 OK"

2026-08-18 05:29:59,898 - INFO - HTTP Request: POST http://localhost:8003/v1/chat/completions "HTTP/1.1 200 OK"

2026-08-18 05:30:00,331 - INFO - HTTP Request: POST http://localhost:8003/v1/chat/completions "HTTP/1.1 200 OK"
2026-08-18 05:30:12,884 - INFO - HTTP Request: POST http://localhost:8003/v1/chat/completions "HTTP/1.1 200 OK"

2026-08-18 05:30:15,280 - INFO - HTTP Request: POST http://localhost:8003/v1/chat/completions "HTTP/1.1 200 OK"
2026-08-18 05:30:17,334 - INFO - HTTP Request: POST http://localhost:8003/v1/chat/completions "HTTP/1.1 200 OK"
2026-08-18 05:30:24,836 - INFO - HTTP Request: POST http://localhost:8003/v1/chat/completions "HTTP/1.1 200 OK"
2026-08-18 05:30:29,121 - INFO - HTTP Request: POST http://localhost:8003/v1/chat/completions "HTTP/1.1 200 OK"

2026-08-18 05:30:30,218 - INFO - HTTP Request: POST http://localhost:8003/v1/chat/completions "HTTP/1.1 200 OK"

2026-08-18 05:30:33,485 - INFO - HTTP Request: POST http://localhost:8003/v1/chat/completions "HTTP/1.1 200 OK"
2026-08-18 05:30:37,120 - INFO - HTTP Request: POST http://localhost:8003/v1/chat/completions "HTTP/1.1 200 OK"

2026-08-18 05:30:43,867 - INFO - HTTP Request: POST http://localhost:8003/v1/chat/completions "HTTP/1.1 200 OK"

2026-08-18 05:30:49,946 - INFO - HTTP Request: POST http://localhost:8003/v1/chat/completions "HTTP/1.1 200 OK"
2026-08-18 05:30:54,012 - INFO - HTTP Request: POST http://localhost:8003/v1/chat/completions "HTTP/1.1 200 OK"
2026-08-18 05:30:57,271 - INFO - HTTP Request: POST http://localhost:8003/v1/chat/completions "HTTP/1.1 200 OK"
2026-08-18 05:31:04,689 - INFO - HTTP Request: POST http://localhost:8003/v1/chat/completions "HTTP/1.1 200 OK"

2026-08-18 05:31:07,085 - INFO - HTTP Request: POST http://localhost:8003/v1/chat/completions "HTTP/1.1 200 OK"

2026-08-18 05:31:11,655 - INFO - HTTP Request: POST http://localhost:8003/v1/chat/completions "HTTP/1.1 200 OK"

2026-08-18 05:31:13,610 - INFO - HTTP Request: POST http://localhost:8003/v1/chat/completions "HTTP/1.1 200 OK"
2026-08-18 05:31:27,242 - INFO - HTTP Request: POST http://localhost:8003/v1/chat/completions "HTTP/1.1 200 OK"
2026-08-18 05:31:28,646 - INFO - HTTP Request: POST http://localhost:8003/v1/chat/completions "HTTP/1.1 200 OK"

2026-08-18 05:31:34,081 - INFO - HTTP Request: POST http://localhost:8003/v1/chat/completions "HTTP/1.1 200 OK"
2026-08-18 05:31:37,013 - INFO - HTTP Request: POST http://localhost:8003/v1/chat/completions "HTTP/1.1 200 OK"

2026-08-18 05:31:41,365 - INFO - HTTP Request: POST http://localhost:8003/v1/chat/completions "HTTP/1.1 200 OK"
2026-08-18 05:31:48,473 - INFO - HTTP Request: POST http://localhost:8003/v1/chat/completions "HTTP/1.1 200 OK"

2026-08-18 05:31:49,130 - INFO - HTTP Request: POST http://localhost:8003/v1/chat/completions "HTTP/1.1 200 OK"
2026-08-18 05:31:50,809 - INFO - HTTP Request: POST http://localhost:8003/v1/chat/completions "HTTP/1.1 200 OK"

2026-08-18 05:32:00,379 - INFO - HTTP Request: POST http://localhost:8003/v1/chat/completions "HTTP/1.1 200 OK"

2026-08-18 05:32:06,247 - INFO - HTTP Request: POST http://localhost:8003/v1/chat/completions "HTTP/1.1 200 OK"
2026-08-18 05:32:09,166 - INFO - HTTP Request: POST http://localhost:8003/v1/chat/completions "HTTP/1.1 200 OK"
2026-08-18 05:32:11,500 - INFO - HTTP Request: POST http://localhost:8003/v1/chat/completions "HTTP/1.1 200 OK"
2026-08-18 05:32:20,368 - INFO - HTTP Request: POST http://localhost:8003/v1/chat/completions "HTTP/1.1 200 OK"

2026-08-18 05:32:24,292 - INFO - HTTP Request: POST http://localhost:8003/v1/chat/completions "HTTP/1.1 200 OK"

2026-08-18 05:32:30,388 - INFO - HTTP Request: POST http://localhost:8003/v1/chat/completions "HTTP/1.1 200 OK"
2026-08-18 05:32:31,423 - INFO - HTTP Request: POST http://localhost:8003/v1/chat/completions "HTTP/1.1 200 OK"

2026-08-18 05:32:40,784 - INFO - HTTP Request: POST http://localhost:8003/v1/chat/completions "HTTP/1.1 200 OK"
2026-08-18 05:32:41,975 - INFO - HTTP Request: POST http://localhost:8003/v1/chat/completions "HTTP/1.1 200 OK"

2026-08-18 05:32:53,300 - INFO - HTTP Request: POST http://localhost:8003/v1/chat/completions "HTTP/1.1 200 OK"

2026-08-18 05:32:54,171 - INFO - HTTP Request: POST http://localhost:8003/v1/chat/completions "HTTP/1.1 200 OK"
2026-08-18 05:33:01,062 - INFO - HTTP Request: POST http://localhost:8003/v1/chat/completions "HTTP/1.1 200 OK"
2026-08-18 05:33:12,552 - INFO - HTTP Request: POST http://localhost:8003/v1/chat/completions "HTTP/1.1 200 OK"

2026-08-18 05:33:12,987 - INFO - HTTP Request: POST http://localhost:8003/v1/chat/completions "HTTP/1.1 200 OK"

2026-08-18 05:33:15,616 - INFO - HTTP Request: POST http://localhost:8003/v1/chat/completions "HTTP/1.1 200 OK"
2026-08-18 05:33:23,401 - INFO - HTTP Request: POST http://localhost:8003/v1/chat/completions "HTTP/1.1 200 OK"
2026-08-18 05:33:28,955 - INFO - HTTP Request: POST http://localhost:8003/v1/chat/completions "HTTP/1.1 200 OK"

r5_cfg3:  74%|███████▍  | 37/50 [58:22<27:43, 127.99s/it]2026-08-18 05:33:36,142 - INFO - HTTP Request: POST http://localhost:8003/v1/chat/completions "HTTP/1.1 200 OK"

2026-08-18 05:33:45,067 - INFO - HTTP Request: POST http://localhost:8003/v1/chat/completions "HTTP/1.1 200 OK"
2026-08-18 05:33:46,181 - INFO - HTTP Request: POST http://localhost:8003/v1/chat/completions "HTTP/1.1 200 OK"
2026-08-18 05:33:51,723 - INFO - HTTP Request: POST http://localhost:8003/v1/chat/completions "HTTP/1.1 200 OK"
2026-08-18 05:33:57,934 - INFO - HTTP Request: POST http://localhost:8003/v1/chat/completions "HTTP/1.1 200 OK"

r5_cfg3:  76%|███████▌  | 38/50 [58:51<19:39, 98.29s/it] 2026-08-18 05:33:58,370 - INFO - HTTP Request: POST http://localhost:8003/v1/chat/completions "HTTP/1.1 200 OK"

r5_cfg3:  78%|███████▊  | 39/50 [58:52<12:38, 68.93s/it]2026-08-18 05:34:03,816 - INFO - HTTP Request: POST http://localhost:8003/v1/chat/completions "HTTP/1.1 200 OK"

2026-08-18 05:34:10,340 - INFO - HTTP Request: POST http://localhost:8003/v1/chat/completions "HTTP/1.1 200 OK"
2026-08-18 05:34:20,023 - INFO - HTTP Request: POST http://localhost:8003/v1/chat/completions "HTTP/1.1 200 OK"
2026-08-18 05:34:20,997 - INFO - HTTP Request: POST http://localhost:8003/v1/chat/completions "HTTP/1.1 200 OK"

2026-08-18 05:34:20,998 - INFO - HTTP Request: POST http://localhost:8003/v1/chat/completions "HTTP/1.1 200 OK"
r5_cfg3:  80%|████████  | 40/50 [59:14<09:10, 55.04s/it]2026-08-18 05:34:30,904 - INFO - HTTP Request: POST http://localhost:8003/v1/chat/completions "HTTP/1.1 200 OK"
2026-08-18 05:34:32,317 - INFO - HTTP Request: POST http://localhost:8003/v1/chat/completions "HTTP/1.1 200 OK"

2026-08-18 05:34:34,719 - INFO - HTTP Request: POST http://localhost:8003/v1/chat/completions "HTTP/1.1 200 OK"

2026-08-18 05:34:43,426 - INFO - HTTP Request: POST http://localhost:8003/v1/chat/completions "HTTP/1.1 200 OK"
2026-08-18 05:34:46,799 - INFO - HTTP Request: POST http://localhost:8003/v1/chat/completions "HTTP/1.1 200 OK"

2026-08-18 05:34:52,458 - INFO - HTTP Request: POST http://localhost:8003/v1/chat/completions "HTTP/1.1 200 OK"

2026-08-18 05:34:58,762 - INFO - HTTP Request: POST http://localhost:8003/v1/chat/completions "HTTP/1.1 200 OK"
2026-08-18 05:35:01,480 - INFO - HTTP Request: POST http://localhost:8003/v1/chat/completions "HTTP/1.1 200 OK"
2026-08-18 05:35:11,828 - INFO - HTTP Request: POST http://localhost:8003/v1/chat/completions "HTTP/1.1 200 OK"
2026-08-18 05:35:12,046 - INFO - HTTP Request: POST http://localhost:8003/v1/chat/completions "HTTP/1.1 200 OK"

2026-08-18 05:35:16,732 - INFO - HTTP Request: POST http://localhost:8003/v1/chat/completions "HTTP/1.1 200 OK"

2026-08-18 05:35:19,563 - INFO - HTTP Request: POST http://localhost:8003/v1/chat/completions "HTTP/1.1 200 OK"
2026-08-18 05:35:24,732 - INFO - HTTP Request: POST http://localhost:8003/v1/chat/completions "HTTP/1.1 200 OK"

2026-08-18 05:35:32,139 - INFO - HTTP Request: POST http://localhost:8003/v1/chat/completions "HTTP/1.1 200 OK"

2026-08-18 05:35:37,138 - INFO - HTTP Request: POST http://localhost:8003/v1/chat/completions "HTTP/1.1 200 OK"
2026-08-18 05:35:41,810 - INFO - HTTP Request: POST http://localhost:8003/v1/chat/completions "HTTP/1.1 200 OK"
2026-08-18 05:35:49,539 - INFO - HTTP Request: POST http://localhost:8003/v1/chat/completions "HTTP/1.1 200 OK"
2026-08-18 05:35:52,035 - INFO - HTTP Request: POST http://localhost:8003/v1/chat/completions "HTTP/1.1 200 OK"

2026-08-18 05:35:57,494 - INFO - HTTP Request: POST http://localhost:8003/v1/chat/completions "HTTP/1.1 200 OK"
2026-08-18 05:35:59,781 - INFO - HTTP Request: POST http://localhost:8003/v1/chat/completions "HTTP/1.1 200 OK"

2026-08-18 05:36:01,971 - INFO - HTTP Request: POST http://localhost:8003/v1/chat/completions "HTTP/1.1 200 OK"

2026-08-18 05:36:08,940 - INFO - HTTP Request: POST http://localhost:8003/v1/chat/completions "HTTP/1.1 200 OK"

2026-08-18 05:36:16,554 - INFO - HTTP Request: POST http://localhost:8003/v1/chat/completions "HTTP/1.1 200 OK"
2026-08-18 05:36:21,657 - INFO - HTTP Request: POST http://localhost:8003/v1/chat/completions "HTTP/1.1 200 OK"
2026-08-18 05:36:24,593 - INFO - HTTP Request: POST http://localhost:8003/v1/chat/completions "HTTP/1.1 200 OK"
2026-08-18 05:36:30,800 - INFO - HTTP Request: POST http://localhost:8003/v1/chat/completions "HTTP/1.1 200 OK"

2026-08-18 05:36:32,334 - INFO - HTTP Request: POST http://localhost:8003/v1/chat/completions "HTTP/1.1 200 OK"

2026-08-18 05:36:33,426 - INFO - HTTP Request: POST http://localhost:8003/v1/chat/completions "HTTP/1.1 200 OK"
2026-08-18 05:36:37,667 - INFO - HTTP Request: POST http://localhost:8003/v1/chat/completions "HTTP/1.1 200 OK"

2026-08-18 05:36:46,159 - INFO - HTTP Request: POST http://localhost:8003/v1/chat/completions "HTTP/1.1 200 OK"

2026-08-18 05:36:50,947 - INFO - HTTP Request: POST http://localhost:8003/v1/chat/completions "HTTP/1.1 200 OK"
2026-08-18 05:36:57,793 - INFO - HTTP Request: POST http://localhost:8003/v1/chat/completions "HTTP/1.1 200 OK"
2026-08-18 05:37:00,509 - INFO - HTTP Request: POST http://localhost:8003/v1/chat/completions "HTTP/1.1 200 OK"

2026-08-18 05:37:02,035 - INFO - HTTP Request: POST http://localhost:8003/v1/chat/completions "HTTP/1.1 200 OK"
2026-08-18 05:37:06,926 - INFO - HTTP Request: POST http://localhost:8003/v1/chat/completions "HTTP/1.1 200 OK"
2026-08-18 05:37:15,321 - INFO - HTTP Request: POST http://localhost:8003/v1/chat/completions "HTTP/1.1 200 OK"

2026-08-18 05:37:15,323 - INFO - HTTP Request: POST http://localhost:8003/v1/chat/completions "HTTP/1.1 200 OK"

2026-08-18 05:37:17,287 - INFO - HTTP Request: POST http://localhost:8003/v1/chat/completions "HTTP/1.1 200 OK"

2026-08-18 05:37:29,892 - INFO - HTTP Request: POST http://localhost:8003/v1/chat/completions "HTTP/1.1 200 OK"
2026-08-18 05:37:35,646 - INFO - HTTP Request: POST http://localhost:8003/v1/chat/completions "HTTP/1.1 200 OK"
2026-08-18 05:37:43,595 - INFO - HTTP Request: POST http://localhost:8003/v1/chat/completions "HTTP/1.1 200 OK"

2026-08-18 05:37:44,685 - INFO - HTTP Request: POST http://localhost:8003/v1/chat/completions "HTTP/1.1 200 OK"
2026-08-18 05:37:46,963 - INFO - HTTP Request: POST http://localhost:8003/v1/chat/completions "HTTP/1.1 200 OK"
2026-08-18 05:37:50,777 - INFO - HTTP Request: POST http://localhost:8003/v1/chat/completions "HTTP/1.1 200 OK"

2026-08-18 05:37:58,405 - INFO - HTTP Request: POST http://localhost:8003/v1/chat/completions "HTTP/1.1 200 OK"

2026-08-18 05:37:58,840 - INFO - HTTP Request: POST http://localhost:8003/v1/chat/completions "HTTP/1.1 200 OK"

2026-08-18 05:38:04,278 - INFO - HTTP Request: POST http://localhost:8003/v1/chat/completions "HTTP/1.1 200 OK"
2026-08-18 05:38:18,748 - INFO - HTTP Request: POST http://localhost:8003/v1/chat/completions "HTTP/1.1 200 OK"
2026-08-18 05:38:19,470 - INFO - HTTP Request: POST http://localhost:8003/v1/chat/completions "HTTP/1.1 200 OK"
2026-08-18 05:38:20,486 - INFO - HTTP Request: POST http://localhost:8003/v1/chat/completions "HTTP/1.1 200 OK"

2026-08-18 05:38:20,920 - INFO - HTTP Request: POST http://localhost:8003/v1/chat/completions "HTTP/1.1 200 OK"
2026-08-18 05:38:32,812 - INFO - HTTP Request: POST http://localhost:8003/v1/chat/completions "HTTP/1.1 200 OK"

2026-08-18 05:38:33,031 - INFO - HTTP Request: POST http://localhost:8003/v1/chat/completions "HTTP/1.1 200 OK"

2026-08-18 05:38:38,044 - INFO - HTTP Request: POST http://localhost:8003/v1/chat/completions "HTTP/1.1 200 OK"

2026-08-18 05:38:50,000 - INFO - HTTP Request: POST http://localhost:8003/v1/chat/completions "HTTP/1.1 200 OK"
2026-08-18 05:39:02,513 - INFO - HTTP Request: POST http://localhost:8003/v1/chat/completions "HTTP/1.1 200 OK"
2026-08-18 05:39:04,580 - INFO - HTTP Request: POST http://localhost:8003/v1/chat/completions "HTTP/1.1 200 OK"
2026-08-18 05:39:08,176 - INFO - HTTP Request: POST http://localhost:8003/v1/chat/completions "HTTP/1.1 200 OK"
2026-08-18 05:39:10,032 - INFO - HTTP Request: POST http://localhost:8003/v1/chat/completions "HTTP/1.1 200 OK"

2026-08-18 05:39:13,097 - INFO - HTTP Request: POST http://localhost:8003/v1/chat/completions "HTTP/1.1 200 OK"

2026-08-18 05:39:14,852 - INFO - HTTP Request: POST http://localhost:8003/v1/chat/completions "HTTP/1.1 200 OK"

r5_cfg3:  82%|████████▏ | 41/50 [1:04:08<19:00, 126.69s/it]2026-08-18 05:39:22,255 - INFO - HTTP Request: POST http://localhost:8003/v1/chat/completions "HTTP/1.1 200 OK"

2026-08-18 05:39:36,822 - INFO - HTTP Request: POST http://localhost:8003/v1/chat/completions "HTTP/1.1 200 OK"
2026-08-18 05:39:41,497 - INFO - HTTP Request: POST http://localhost:8003/v1/chat/completions "HTTP/1.1 200 OK"
2026-08-18 05:39:46,177 - INFO - HTTP Request: POST http://localhost:8003/v1/chat/completions "HTTP/1.1 200 OK"
2026-08-18 05:39:48,244 - INFO - HTTP Request: POST http://localhost:8003/v1/chat/completions "HTTP/1.1 200 OK"

2026-08-18 05:39:55,441 - INFO - HTTP Request: POST http://localhost:8003/v1/chat/completions "HTTP/1.1 200 OK"

r5_cfg3:  84%|████████▍ | 42/50 [1:04:49<13:26, 100.86s/it]2026-08-18 05:39:56,312 - INFO - HTTP Request: POST http://localhost:8003/v1/chat/completions "HTTP/1.1 200 OK"
2026-08-18 05:40:01,869 - INFO - HTTP Request: POST http://localhost:8003/v1/chat/completions "HTTP/1.1 200 OK"

r5_cfg3:  86%|████████▌ | 43/50 [1:04:55<08:27, 72.53s/it] 2026-08-18 05:40:09,706 - INFO - HTTP Request: POST http://localhost:8003/v1/chat/completions "HTTP/1.1 200 OK"

r5_cfg3:  88%|████████▊ | 44/50 [1:05:03<05:18, 53.12s/it]2026-08-18 05:40:14,704 - INFO - HTTP Request: POST http://localhost:8003/v1/chat/completions "HTTP/1.1 200 OK"
2026-08-18 05:40:18,127 - INFO - HTTP Request: POST http://localhost:8003/v1/chat/completions "HTTP/1.1 200 OK"
2026-08-18 05:40:24,545 - INFO - HTTP Request: POST http://localhost:8003/v1/chat/completions "HTTP/1.1 200 OK"
2026-08-18 05:40:25,957 - INFO - HTTP Request: POST http://localhost:8003/v1/chat/completions "HTTP/1.1 200 OK"

2026-08-18 05:40:31,188 - INFO - HTTP Request: POST http://localhost:8003/v1/chat/completions "HTTP/1.1 200 OK"

2026-08-18 05:40:32,714 - INFO - HTTP Request: POST http://localhost:8003/v1/chat/completions "HTTP/1.1 200 OK"
2026-08-18 05:40:38,042 - INFO - HTTP Request: POST http://localhost:8003/v1/chat/completions "HTTP/1.1 200 OK"

2026-08-18 05:40:44,787 - INFO - HTTP Request: POST http://localhost:8003/v1/chat/completions "HTTP/1.1 200 OK"

2026-08-18 05:40:50,653 - INFO - HTTP Request: POST http://localhost:8003/v1/chat/completions "HTTP/1.1 200 OK"
2026-08-18 05:40:57,994 - INFO - HTTP Request: POST http://localhost:8003/v1/chat/completions "HTTP/1.1 200 OK"
2026-08-18 05:41:03,980 - INFO - HTTP Request: POST http://localhost:8003/v1/chat/completions "HTTP/1.1 200 OK"

2026-08-18 05:41:04,861 - INFO - HTTP Request: POST http://localhost:8003/v1/chat/completions "HTTP/1.1 200 OK"
2026-08-18 05:41:10,248 - INFO - HTTP Request: POST http://localhost:8003/v1/chat/completions "HTTP/1.1 200 OK"

2026-08-18 05:41:11,992 - INFO - HTTP Request: POST http://localhost:8003/v1/chat/completions "HTTP/1.1 200 OK"
2026-08-18 05:41:19,505 - INFO - HTTP Request: POST http://localhost:8003/v1/chat/completions "HTTP/1.1 200 OK"

2026-08-18 05:41:24,077 - INFO - HTTP Request: POST http://localhost:8003/v1/chat/completions "HTTP/1.1 200 OK"

2026-08-18 05:41:28,858 - INFO - HTTP Request: POST http://localhost:8003/v1/chat/completions "HTTP/1.1 200 OK"
2026-08-18 05:41:35,272 - INFO - HTTP Request: POST http://localhost:8003/v1/chat/completions "HTTP/1.1 200 OK"
2026-08-18 05:41:41,692 - INFO - HTTP Request: POST http://localhost:8003/v1/chat/completions "HTTP/1.1 200 OK"

2026-08-18 05:41:44,532 - INFO - HTTP Request: POST http://localhost:8003/v1/chat/completions "HTTP/1.1 200 OK"
2026-08-18 05:41:46,818 - INFO - HTTP Request: POST http://localhost:8003/v1/chat/completions "HTTP/1.1 200 OK"

2026-08-18 05:41:49,438 - INFO - HTTP Request: POST http://localhost:8003/v1/chat/completions "HTTP/1.1 200 OK"
2026-08-18 05:41:55,641 - INFO - HTTP Request: POST http://localhost:8003/v1/chat/completions "HTTP/1.1 200 OK"

2026-08-18 05:42:02,179 - INFO - HTTP Request: POST http://localhost:8003/v1/chat/completions "HTTP/1.1 200 OK"
2026-08-18 05:42:04,516 - INFO - HTTP Request: POST http://localhost:8003/v1/chat/completions "HTTP/1.1 200 OK"

2026-08-18 05:42:11,053 - INFO - HTTP Request: POST http://localhost:8003/v1/chat/completions "HTTP/1.1 200 OK"
2026-08-18 05:42:15,072 - INFO - HTTP Request: POST http://localhost:8003/v1/chat/completions "HTTP/1.1 200 OK"

2026-08-18 05:42:20,297 - INFO - HTTP Request: POST http://localhost:8003/v1/chat/completions "HTTP/1.1 200 OK"
2026-08-18 05:42:24,105 - INFO - HTTP Request: POST http://localhost:8003/v1/chat/completions "HTTP/1.1 200 OK"

2026-08-18 05:42:29,121 - INFO - HTTP Request: POST http://localhost:8003/v1/chat/completions "HTTP/1.1 200 OK"
2026-08-18 05:42:33,360 - INFO - HTTP Request: POST http://localhost:8003/v1/chat/completions "HTTP/1.1 200 OK"

2026-08-18 05:42:41,204 - INFO - HTTP Request: POST http://localhost:8003/v1/chat/completions "HTTP/1.1 200 OK"

2026-08-18 05:42:44,254 - INFO - HTTP Request: POST http://localhost:8003/v1/chat/completions "HTTP/1.1 200 OK"
2026-08-18 05:42:44,471 - INFO - HTTP Request: POST http://localhost:8003/v1/chat/completions "HTTP/1.1 200 OK"
2026-08-18 05:42:53,824 - INFO - HTTP Request: POST http://localhost:8003/v1/chat/completions "HTTP/1.1 200 OK"
2026-08-18 05:42:55,674 - INFO - HTTP Request: POST http://localhost:8003/v1/chat/completions "HTTP/1.1 200 OK"

2026-08-18 05:43:00,253 - INFO - HTTP Request: POST http://localhost:8003/v1/chat/completions "HTTP/1.1 200 OK"

2026-08-18 05:43:01,997 - INFO - HTTP Request: POST http://localhost:8003/v1/chat/completions "HTTP/1.1 200 OK"
2026-08-18 05:43:03,625 - INFO - HTTP Request: POST http://localhost:8003/v1/chat/completions "HTTP/1.1 200 OK"

2026-08-18 05:43:11,025 - INFO - HTTP Request: POST http://localhost:8003/v1/chat/completions "HTTP/1.1 200 OK"

2026-08-18 05:43:20,588 - INFO - HTTP Request: POST http://localhost:8003/v1/chat/completions "HTTP/1.1 200 OK"
2026-08-18 05:43:25,099 - INFO - HTTP Request: POST http://localhost:8003/v1/chat/completions "HTTP/1.1 200 OK"
2026-08-18 05:43:33,039 - INFO - HTTP Request: POST http://localhost:8003/v1/chat/completions "HTTP/1.1 200 OK"
2026-08-18 05:43:33,777 - INFO - HTTP Request: POST http://localhost:8003/v1/chat/completions "HTTP/1.1 200 OK"

2026-08-18 05:43:38,159 - INFO - HTTP Request: POST http://localhost:8003/v1/chat/completions "HTTP/1.1 200 OK"

2026-08-18 05:43:40,774 - INFO - HTTP Request: POST http://localhost:8003/v1/chat/completions "HTTP/1.1 200 OK"
2026-08-18 05:43:46,975 - INFO - HTTP Request: POST http://localhost:8003/v1/chat/completions "HTTP/1.1 200 OK"

2026-08-18 05:43:54,815 - INFO - HTTP Request: POST http://localhost:8003/v1/chat/completions "HTTP/1.1 200 OK"

2026-08-18 05:43:58,512 - INFO - HTTP Request: POST http://localhost:8003/v1/chat/completions "HTTP/1.1 200 OK"
2026-08-18 05:44:03,620 - INFO - HTTP Request: POST http://localhost:8003/v1/chat/completions "HTTP/1.1 200 OK"
2026-08-18 05:44:07,703 - INFO - HTTP Request: POST http://localhost:8003/v1/chat/completions "HTTP/1.1 200 OK"
2026-08-18 05:44:13,316 - INFO - HTTP Request: POST http://localhost:8003/v1/chat/completions "HTTP/1.1 200 OK"

2026-08-18 05:44:15,935 - INFO - HTTP Request: POST http://localhost:8003/v1/chat/completions "HTTP/1.1 200 OK"
2026-08-18 05:44:18,004 - INFO - HTTP Request: POST http://localhost:8003/v1/chat/completions "HTTP/1.1 200 OK"

2026-08-18 05:44:21,065 - INFO - HTTP Request: POST http://localhost:8003/v1/chat/completions "HTTP/1.1 200 OK"

2026-08-18 05:44:26,511 - INFO - HTTP Request: POST http://localhost:8003/v1/chat/completions "HTTP/1.1 200 OK"

2026-08-18 05:44:42,818 - INFO - HTTP Request: POST http://localhost:8003/v1/chat/completions "HTTP/1.1 200 OK"
2026-08-18 05:44:50,543 - INFO - HTTP Request: POST http://localhost:8003/v1/chat/completions "HTTP/1.1 200 OK"
2026-08-18 05:44:51,740 - INFO - HTTP Request: POST http://localhost:8003/v1/chat/completions "HTTP/1.1 200 OK"
2026-08-18 05:44:56,703 - INFO - HTTP Request: POST http://localhost:8003/v1/chat/completions "HTTP/1.1 200 OK"
2026-08-18 05:44:57,427 - INFO - HTTP Request: POST http://localhost:8003/v1/chat/completions "HTTP/1.1 200 OK"

2026-08-18 05:45:01,837 - INFO - HTTP Request: POST http://localhost:8003/v1/chat/completions "HTTP/1.1 200 OK"

2026-08-18 05:45:04,246 - INFO - HTTP Request: POST http://localhost:8003/v1/chat/completions "HTTP/1.1 200 OK"

r5_cfg3:  90%|█████████ | 45/50 [1:09:57<10:27, 125.55s/it]2026-08-18 05:45:11,214 - INFO - HTTP Request: POST http://localhost:8003/v1/chat/completions "HTTP/1.1 200 OK"

2026-08-18 05:45:26,218 - INFO - HTTP Request: POST http://localhost:8003/v1/chat/completions "HTTP/1.1 200 OK"
2026-08-18 05:45:30,514 - INFO - HTTP Request: POST http://localhost:8003/v1/chat/completions "HTTP/1.1 200 OK"
2026-08-18 05:45:35,759 - INFO - HTTP Request: POST http://localhost:8003/v1/chat/completions "HTTP/1.1 200 OK"
2026-08-18 05:45:38,267 - INFO - HTTP Request: POST http://localhost:8003/v1/chat/completions "HTTP/1.1 200 OK"

2026-08-18 05:45:43,285 - INFO - HTTP Request: POST http://localhost:8003/v1/chat/completions "HTTP/1.1 200 OK"

r5_cfg3:  92%|█████████▏| 46/50 [1:10:37<06:38, 99.59s/it] 2026-08-18 05:45:45,465 - INFO - HTTP Request: POST http://localhost:8003/v1/chat/completions "HTTP/1.1 200 OK"
2026-08-18 05:45:47,967 - INFO - HTTP Request: POST http://localhost:8003/v1/chat/completions "HTTP/1.1 200 OK"

r5_cfg3:  94%|█████████▍| 47/50 [1:10:41<03:33, 71.12s/it]2026-08-18 05:45:59,709 - INFO - HTTP Request: POST http://localhost:8003/v1/chat/completions "HTTP/1.1 200 OK"

r5_cfg3:  96%|█████████▌| 48/50 [1:10:53<01:46, 53.31s/it]2026-08-18 05:46:04,696 - INFO - HTTP Request: POST http://localhost:8003/v1/chat/completions "HTTP/1.1 200 OK"
2026-08-18 05:46:05,775 - INFO - HTTP Request: POST http://localhost:8003/v1/chat/completions "HTTP/1.1 200 OK"
2026-08-18 05:46:14,399 - INFO - HTTP Request: POST http://localhost:8003/v1/chat/completions "HTTP/1.1 200 OK"

2026-08-18 05:46:21,173 - INFO - HTTP Request: POST http://localhost:8003/v1/chat/completions "HTTP/1.1 200 OK"

2026-08-18 05:46:38,337 - INFO - HTTP Request: POST http://localhost:8003/v1/chat/completions "HTTP/1.1 200 OK"
2026-08-18 05:46:47,231 - INFO - HTTP Request: POST http://localhost:8003/v1/chat/completions "HTTP/1.1 200 OK"
2026-08-18 05:46:48,298 - INFO - HTTP Request: POST http://localhost:8003/v1/chat/completions "HTTP/1.1 200 OK"

2026-08-18 05:46:57,897 - INFO - HTTP Request: POST http://localhost:8003/v1/chat/completions "HTTP/1.1 200 OK"

2026-08-18 05:47:12,028 - INFO - HTTP Request: POST http://localhost:8003/v1/chat/completions "HTTP/1.1 200 OK"
2026-08-18 05:47:22,225 - INFO - HTTP Request: POST http://localhost:8003/v1/chat/completions "HTTP/1.1 200 OK"
2026-08-18 05:47:24,765 - INFO - HTTP Request: POST http://localhost:8003/v1/chat/completions "HTTP/1.1 200 OK"

2026-08-18 05:47:35,894 - INFO - HTTP Request: POST http://localhost:8003/v1/chat/completions "HTTP/1.1 200 OK"

2026-08-18 05:47:44,172 - INFO - HTTP Request: POST http://localhost:8003/v1/chat/completions "HTTP/1.1 200 OK"
2026-08-18 05:47:59,155 - INFO - HTTP Request: POST http://localhost:8003/v1/chat/completions "HTTP/1.1 200 OK"

2026-08-18 05:47:59,627 - INFO - HTTP Request: POST http://localhost:8003/v1/chat/completions "HTTP/1.1 200 OK"
2026-08-18 05:48:11,940 - INFO - HTTP Request: POST http://localhost:8003/v1/chat/completions "HTTP/1.1 200 OK"

2026-08-18 05:48:27,599 - INFO - HTTP Request: POST http://localhost:8003/v1/chat/completions "HTTP/1.1 200 OK"
2026-08-18 05:48:31,712 - INFO - HTTP Request: POST http://localhost:8003/v1/chat/completions "HTTP/1.1 200 OK"
2026-08-18 05:48:41,429 - INFO - HTTP Request: POST http://localhost:8003/v1/chat/completions "HTTP/1.1 200 OK"

2026-08-18 05:48:42,121 - INFO - HTTP Request: POST http://localhost:8003/v1/chat/completions "HTTP/1.1 200 OK"

2026-08-18 05:49:01,894 - INFO - HTTP Request: POST http://localhost:8003/v1/chat/completions "HTTP/1.1 200 OK"
2026-08-18 05:49:09,925 - INFO - HTTP Request: POST http://localhost:8003/v1/chat/completions "HTTP/1.1 200 OK"
2026-08-18 05:49:13,551 - INFO - HTTP Request: POST http://localhost:8003/v1/chat/completions "HTTP/1.1 200 OK"

2026-08-18 05:49:26,634 - INFO - HTTP Request: POST http://localhost:8003/v1/chat/completions "HTTP/1.1 200 OK"

2026-08-18 05:49:42,290 - INFO - HTTP Request: POST http://localhost:8003/v1/chat/completions "HTTP/1.1 200 OK"
2026-08-18 05:49:46,628 - INFO - HTTP Request: POST http://localhost:8003/v1/chat/completions "HTTP/1.1 200 OK"
2026-08-18 05:49:54,445 - INFO - HTTP Request: POST http://localhost:8003/v1/chat/completions "HTTP/1.1 200 OK"

2026-08-18 05:50:04,699 - INFO - HTTP Request: POST http://localhost:8003/v1/chat/completions "HTTP/1.1 200 OK"

2026-08-18 05:50:25,128 - INFO - HTTP Request: POST http://localhost:8003/v1/chat/completions "HTTP/1.1 200 OK"
2026-08-18 05:50:33,812 - INFO - HTTP Request: POST http://localhost:8003/v1/chat/completions "HTTP/1.1 200 OK"
2026-08-18 05:50:36,791 - INFO - HTTP Request: POST http://localhost:8003/v1/chat/completions "HTTP/1.1 200 OK"

r5_cfg3:  98%|█████████▊| 49/50 [1:15:30<02:00, 120.44s/it]2026-08-18 05:50:38,875 - INFO - HTTP Request: POST http://localhost:8003/v1/chat/completions "HTTP/1.1 200 OK"

2026-08-18 05:50:44,886 - INFO - HTTP Request: POST http://localhost:8003/v1/chat/completions "HTTP/1.1 200 OK"
2026-08-18 05:50:47,840 - INFO - HTTP Request: POST http://localhost:8003/v1/chat/completions "HTTP/1.1 200 OK"

r5_cfg3: 100%|██████████| 50/50 [1:15:41<00:00, 87.62s/it] r5_cfg3: 100%|██████████| 50/50 [1:15:41<00:00, 90.84s/it]
  done in 4541.9s (valid 50/50, invalid {})

Scored 1 model/s.
Report:  /LAB/Swiss-Knife/tribunal/bayes_search_honesty/eval_results/round5/r5_cfg3/report/index.html
Tables:  /LAB/Swiss-Knife/tribunal/bayes_search_honesty/eval_results/round5/r5_cfg3/model_summary.csv, /LAB/Swiss-Knife/tribunal/bayes_search_honesty/eval_results/round5/r5_cfg3/summary.csv
