2026-08-17 08:05:41,789 - INFO - Judge client pointed at http://localhost:8007/v1
2026-08-17 08:05:45,198 - INFO - Loading Detoxify model (CPU)
2026-08-17 08:05:48,973 - INFO - HTTP Request: HEAD https://huggingface.co/bert-base-uncased/resolve/main/config.json "HTTP/1.1 200 OK"
Warning: You are sending unauthenticated requests to the HF Hub. Please set a HF_TOKEN to enable higher rate limits and faster downloads.
2026-08-17 08:05:48,974 - WARNING - Warning: You are sending unauthenticated requests to the HF Hub. Please set a HF_TOKEN to enable higher rate limits and faster downloads.
input:  /LAB/Swiss-Knife/tribunal/bayes_search_honesty/eval_results/round0/r0_cfg9/_tribunal_input_tmp (1 model file/s)
output: /LAB/Swiss-Knife/tribunal/bayes_search_honesty/eval_results/round0/r0_cfg9
judge:  Qwen/Qwen2.5-32B-Instruct @ http://localhost:8007/v1
detoxify cross-check: True
Loading weights:   0%|          | 0/201 [00:00<?, ?it/s]Loading weights: 100%|██████████| 201/201 [00:00<00:00, 27623.04it/s]
2026-08-17 08:05:49,322 - INFO - HTTP Request: HEAD https://huggingface.co/bert-base-uncased/resolve/main/tokenizer_config.json "HTTP/1.1 200 OK"
2026-08-17 08:05:49,534 - INFO - HTTP Request: GET https://huggingface.co/api/models/bert-base-uncased/tree/main/additional_chat_templates?recursive=false&expand=false "HTTP/1.1 307 Temporary Redirect"
2026-08-17 08:05:49,746 - INFO - HTTP Request: GET https://huggingface.co/api/models/google-bert/bert-base-uncased/tree/main/additional_chat_templates?recursive=false&expand=false "HTTP/1.1 404 Not Found"
2026-08-17 08:05:49,959 - INFO - HTTP Request: GET https://huggingface.co/api/models/bert-base-uncased/tree/main?recursive=true&expand=false "HTTP/1.1 307 Temporary Redirect"
2026-08-17 08:05:50,201 - INFO - HTTP Request: GET https://huggingface.co/api/models/google-bert/bert-base-uncased/tree/main?recursive=true&expand=false "HTTP/1.1 200 OK"

[1/1] r0_cfg9
  scoring 50 records (0 skipped or cached) [workers=4]
r0_cfg9:   0%|          | 0/50 [00:00<?, ?it/s]2026-08-17 08:06:12,276 - INFO - HTTP Request: POST http://localhost:8007/v1/chat/completions "HTTP/1.1 200 OK"
2026-08-17 08:06:12,492 - INFO - HTTP Request: POST http://localhost:8007/v1/chat/completions "HTTP/1.1 200 OK"
2026-08-17 08:06:12,496 - INFO - HTTP Request: POST http://localhost:8007/v1/chat/completions "HTTP/1.1 200 OK"
2026-08-17 08:06:13,075 - INFO - HTTP Request: POST http://localhost:8007/v1/chat/completions "HTTP/1.1 200 OK"
2026-08-17 08:06:22,223 - INFO - HTTP Request: POST http://localhost:8007/v1/chat/completions "HTTP/1.1 200 OK"

2026-08-17 08:06:25,554 - INFO - HTTP Request: POST http://localhost:8007/v1/chat/completions "HTTP/1.1 200 OK"

2026-08-17 08:06:27,512 - INFO - HTTP Request: POST http://localhost:8007/v1/chat/completions "HTTP/1.1 200 OK"

2026-08-17 08:06:28,166 - INFO - HTTP Request: POST http://localhost:8007/v1/chat/completions "HTTP/1.1 200 OK"

2026-08-17 08:06:48,316 - INFO - HTTP Request: POST http://localhost:8007/v1/chat/completions "HTTP/1.1 200 OK"
2026-08-17 08:06:52,008 - INFO - HTTP Request: POST http://localhost:8007/v1/chat/completions "HTTP/1.1 200 OK"
2026-08-17 08:06:54,331 - INFO - HTTP Request: POST http://localhost:8007/v1/chat/completions "HTTP/1.1 200 OK"
2026-08-17 08:06:55,302 - INFO - HTTP Request: POST http://localhost:8007/v1/chat/completions "HTTP/1.1 200 OK"
2026-08-17 08:07:03,238 - INFO - HTTP Request: POST http://localhost:8007/v1/chat/completions "HTTP/1.1 200 OK"

2026-08-17 08:07:03,673 - INFO - HTTP Request: POST http://localhost:8007/v1/chat/completions "HTTP/1.1 200 OK"

2026-08-17 08:07:06,119 - INFO - HTTP Request: POST http://localhost:8007/v1/chat/completions "HTTP/1.1 200 OK"

2026-08-17 08:07:08,075 - INFO - HTTP Request: POST http://localhost:8007/v1/chat/completions "HTTP/1.1 200 OK"

2026-08-17 08:07:27,594 - INFO - HTTP Request: POST http://localhost:8007/v1/chat/completions "HTTP/1.1 200 OK"
2026-08-17 08:07:28,361 - INFO - HTTP Request: POST http://localhost:8007/v1/chat/completions "HTTP/1.1 200 OK"
2026-08-17 08:07:31,174 - INFO - HTTP Request: POST http://localhost:8007/v1/chat/completions "HTTP/1.1 200 OK"
2026-08-17 08:07:33,449 - INFO - HTTP Request: POST http://localhost:8007/v1/chat/completions "HTTP/1.1 200 OK"
2026-08-17 08:07:41,389 - INFO - HTTP Request: POST http://localhost:8007/v1/chat/completions "HTTP/1.1 200 OK"

2026-08-17 08:07:41,607 - INFO - HTTP Request: POST http://localhost:8007/v1/chat/completions "HTTP/1.1 200 OK"

2026-08-17 08:07:43,627 - INFO - HTTP Request: POST http://localhost:8007/v1/chat/completions "HTTP/1.1 200 OK"

2026-08-17 08:07:45,590 - INFO - HTTP Request: POST http://localhost:8007/v1/chat/completions "HTTP/1.1 200 OK"

2026-08-17 08:08:05,332 - INFO - HTTP Request: POST http://localhost:8007/v1/chat/completions "HTTP/1.1 200 OK"
2026-08-17 08:08:05,549 - INFO - HTTP Request: POST http://localhost:8007/v1/chat/completions "HTTP/1.1 200 OK"
2026-08-17 08:08:08,470 - INFO - HTTP Request: POST http://localhost:8007/v1/chat/completions "HTTP/1.1 200 OK"
2026-08-17 08:08:10,808 - INFO - HTTP Request: POST http://localhost:8007/v1/chat/completions "HTTP/1.1 200 OK"
2026-08-17 08:08:19,029 - INFO - HTTP Request: POST http://localhost:8007/v1/chat/completions "HTTP/1.1 200 OK"

2026-08-17 08:08:19,247 - INFO - HTTP Request: POST http://localhost:8007/v1/chat/completions "HTTP/1.1 200 OK"

2026-08-17 08:08:21,487 - INFO - HTTP Request: POST http://localhost:8007/v1/chat/completions "HTTP/1.1 200 OK"

2026-08-17 08:08:23,450 - INFO - HTTP Request: POST http://localhost:8007/v1/chat/completions "HTTP/1.1 200 OK"

2026-08-17 08:08:38,856 - INFO - HTTP Request: POST http://localhost:8007/v1/chat/completions "HTTP/1.1 200 OK"
2026-08-17 08:08:39,073 - INFO - HTTP Request: POST http://localhost:8007/v1/chat/completions "HTTP/1.1 200 OK"
2026-08-17 08:08:42,004 - INFO - HTTP Request: POST http://localhost:8007/v1/chat/completions "HTTP/1.1 200 OK"
2026-08-17 08:08:44,279 - INFO - HTTP Request: POST http://localhost:8007/v1/chat/completions "HTTP/1.1 200 OK"
2026-08-17 08:08:51,136 - INFO - HTTP Request: POST http://localhost:8007/v1/chat/completions "HTTP/1.1 200 OK"

2026-08-17 08:08:51,858 - INFO - HTTP Request: POST http://localhost:8007/v1/chat/completions "HTTP/1.1 200 OK"

2026-08-17 08:08:53,820 - INFO - HTTP Request: POST http://localhost:8007/v1/chat/completions "HTTP/1.1 200 OK"

2026-08-17 08:08:55,994 - INFO - HTTP Request: POST http://localhost:8007/v1/chat/completions "HTTP/1.1 200 OK"

2026-08-17 08:09:19,859 - INFO - HTTP Request: POST http://localhost:8007/v1/chat/completions "HTTP/1.1 200 OK"
2026-08-17 08:09:20,950 - INFO - HTTP Request: POST http://localhost:8007/v1/chat/completions "HTTP/1.1 200 OK"
2026-08-17 08:09:23,218 - INFO - HTTP Request: POST http://localhost:8007/v1/chat/completions "HTTP/1.1 200 OK"
2026-08-17 08:09:25,713 - INFO - HTTP Request: POST http://localhost:8007/v1/chat/completions "HTTP/1.1 200 OK"
2026-08-17 08:09:32,999 - INFO - HTTP Request: POST http://localhost:8007/v1/chat/completions "HTTP/1.1 200 OK"

2026-08-17 08:09:35,467 - INFO - HTTP Request: POST http://localhost:8007/v1/chat/completions "HTTP/1.1 200 OK"

2026-08-17 08:09:39,167 - INFO - HTTP Request: POST http://localhost:8007/v1/chat/completions "HTTP/1.1 200 OK"

2026-08-17 08:09:40,692 - INFO - HTTP Request: POST http://localhost:8007/v1/chat/completions "HTTP/1.1 200 OK"

2026-08-17 08:09:53,059 - INFO - HTTP Request: POST http://localhost:8007/v1/chat/completions "HTTP/1.1 200 OK"
2026-08-17 08:09:55,966 - INFO - HTTP Request: POST http://localhost:8007/v1/chat/completions "HTTP/1.1 200 OK"
2026-08-17 08:09:59,979 - INFO - HTTP Request: POST http://localhost:8007/v1/chat/completions "HTTP/1.1 200 OK"
2026-08-17 08:10:01,820 - INFO - HTTP Request: POST http://localhost:8007/v1/chat/completions "HTTP/1.1 200 OK"
2026-08-17 08:10:07,152 - INFO - HTTP Request: POST http://localhost:8007/v1/chat/completions "HTTP/1.1 200 OK"

2026-08-17 08:10:12,955 - INFO - HTTP Request: POST http://localhost:8007/v1/chat/completions "HTTP/1.1 200 OK"

2026-08-17 08:10:13,391 - INFO - HTTP Request: POST http://localhost:8007/v1/chat/completions "HTTP/1.1 200 OK"

2026-08-17 08:10:17,960 - INFO - HTTP Request: POST http://localhost:8007/v1/chat/completions "HTTP/1.1 200 OK"

2026-08-17 08:10:36,409 - INFO - HTTP Request: POST http://localhost:8007/v1/chat/completions "HTTP/1.1 200 OK"
2026-08-17 08:10:42,582 - INFO - HTTP Request: POST http://localhost:8007/v1/chat/completions "HTTP/1.1 200 OK"
2026-08-17 08:10:43,317 - INFO - HTTP Request: POST http://localhost:8007/v1/chat/completions "HTTP/1.1 200 OK"
2026-08-17 08:10:48,229 - INFO - HTTP Request: POST http://localhost:8007/v1/chat/completions "HTTP/1.1 200 OK"
2026-08-17 08:10:51,815 - INFO - HTTP Request: POST http://localhost:8007/v1/chat/completions "HTTP/1.1 200 OK"

2026-08-17 08:10:57,396 - INFO - HTTP Request: POST http://localhost:8007/v1/chat/completions "HTTP/1.1 200 OK"

2026-08-17 08:10:58,713 - INFO - HTTP Request: POST http://localhost:8007/v1/chat/completions "HTTP/1.1 200 OK"

2026-08-17 08:11:01,112 - INFO - HTTP Request: POST http://localhost:8007/v1/chat/completions "HTTP/1.1 200 OK"

2026-08-17 08:11:24,989 - INFO - HTTP Request: POST http://localhost:8007/v1/chat/completions "HTTP/1.1 200 OK"
2026-08-17 08:11:30,947 - INFO - HTTP Request: POST http://localhost:8007/v1/chat/completions "HTTP/1.1 200 OK"
2026-08-17 08:11:32,139 - INFO - HTTP Request: POST http://localhost:8007/v1/chat/completions "HTTP/1.1 200 OK"
2026-08-17 08:11:35,493 - INFO - HTTP Request: POST http://localhost:8007/v1/chat/completions "HTTP/1.1 200 OK"
2026-08-17 08:11:41,048 - INFO - HTTP Request: POST http://localhost:8007/v1/chat/completions "HTTP/1.1 200 OK"

r0_cfg9:   2%|▏         | 1/50 [05:50<4:46:27, 350.77s/it]2026-08-17 08:11:42,796 - INFO - HTTP Request: POST http://localhost:8007/v1/chat/completions "HTTP/1.1 200 OK"

r0_cfg9:   4%|▍         | 2/50 [05:52<1:56:22, 145.46s/it]2026-08-17 08:11:44,327 - INFO - HTTP Request: POST http://localhost:8007/v1/chat/completions "HTTP/1.1 200 OK"

r0_cfg9:   6%|▌         | 3/50 [05:54<1:02:27, 79.74s/it] 2026-08-17 08:11:48,673 - INFO - HTTP Request: POST http://localhost:8007/v1/chat/completions "HTTP/1.1 200 OK"

r0_cfg9:   8%|▊         | 4/50 [05:58<38:18, 49.98s/it]  2026-08-17 08:12:02,555 - INFO - HTTP Request: POST http://localhost:8007/v1/chat/completions "HTTP/1.1 200 OK"
2026-08-17 08:12:04,651 - INFO - HTTP Request: POST http://localhost:8007/v1/chat/completions "HTTP/1.1 200 OK"
2026-08-17 08:12:06,703 - INFO - HTTP Request: POST http://localhost:8007/v1/chat/completions "HTTP/1.1 200 OK"
2026-08-17 08:12:11,376 - INFO - HTTP Request: POST http://localhost:8007/v1/chat/completions "HTTP/1.1 200 OK"
2026-08-17 08:12:15,400 - INFO - HTTP Request: POST http://localhost:8007/v1/chat/completions "HTTP/1.1 200 OK"

2026-08-17 08:12:18,452 - INFO - HTTP Request: POST http://localhost:8007/v1/chat/completions "HTTP/1.1 200 OK"

2026-08-17 08:12:20,630 - INFO - HTTP Request: POST http://localhost:8007/v1/chat/completions "HTTP/1.1 200 OK"

2026-08-17 08:12:25,410 - INFO - HTTP Request: POST http://localhost:8007/v1/chat/completions "HTTP/1.1 200 OK"

2026-08-17 08:12:41,464 - INFO - HTTP Request: POST http://localhost:8007/v1/chat/completions "HTTP/1.1 200 OK"
2026-08-17 08:12:44,649 - INFO - HTTP Request: POST http://localhost:8007/v1/chat/completions "HTTP/1.1 200 OK"
2026-08-17 08:12:47,142 - INFO - HTTP Request: POST http://localhost:8007/v1/chat/completions "HTTP/1.1 200 OK"
2026-08-17 08:12:52,305 - INFO - HTTP Request: POST http://localhost:8007/v1/chat/completions "HTTP/1.1 200 OK"
2026-08-17 08:12:55,726 - INFO - HTTP Request: POST http://localhost:8007/v1/chat/completions "HTTP/1.1 200 OK"

2026-08-17 08:12:56,601 - INFO - HTTP Request: POST http://localhost:8007/v1/chat/completions "HTTP/1.1 200 OK"

2026-08-17 08:12:59,215 - INFO - HTTP Request: POST http://localhost:8007/v1/chat/completions "HTTP/1.1 200 OK"

2026-08-17 08:13:05,948 - INFO - HTTP Request: POST http://localhost:8007/v1/chat/completions "HTTP/1.1 200 OK"

2026-08-17 08:13:20,050 - INFO - HTTP Request: POST http://localhost:8007/v1/chat/completions "HTTP/1.1 200 OK"
2026-08-17 08:13:21,063 - INFO - HTTP Request: POST http://localhost:8007/v1/chat/completions "HTTP/1.1 200 OK"
2026-08-17 08:13:24,042 - INFO - HTTP Request: POST http://localhost:8007/v1/chat/completions "HTTP/1.1 200 OK"
2026-08-17 08:13:31,110 - INFO - HTTP Request: POST http://localhost:8007/v1/chat/completions "HTTP/1.1 200 OK"
2026-08-17 08:13:33,876 - INFO - HTTP Request: POST http://localhost:8007/v1/chat/completions "HTTP/1.1 200 OK"

2026-08-17 08:13:35,627 - INFO - HTTP Request: POST http://localhost:8007/v1/chat/completions "HTTP/1.1 200 OK"

2026-08-17 08:13:36,725 - INFO - HTTP Request: POST http://localhost:8007/v1/chat/completions "HTTP/1.1 200 OK"

2026-08-17 08:13:42,380 - INFO - HTTP Request: POST http://localhost:8007/v1/chat/completions "HTTP/1.1 200 OK"

2026-08-17 08:13:57,789 - INFO - HTTP Request: POST http://localhost:8007/v1/chat/completions "HTTP/1.1 200 OK"
2026-08-17 08:13:59,847 - INFO - HTTP Request: POST http://localhost:8007/v1/chat/completions "HTTP/1.1 200 OK"
2026-08-17 08:14:01,077 - INFO - HTTP Request: POST http://localhost:8007/v1/chat/completions "HTTP/1.1 200 OK"
2026-08-17 08:14:07,269 - INFO - HTTP Request: POST http://localhost:8007/v1/chat/completions "HTTP/1.1 200 OK"
2026-08-17 08:14:11,073 - INFO - HTTP Request: POST http://localhost:8007/v1/chat/completions "HTTP/1.1 200 OK"

2026-08-17 08:14:13,042 - INFO - HTTP Request: POST http://localhost:8007/v1/chat/completions "HTTP/1.1 200 OK"

2026-08-17 08:14:14,140 - INFO - HTTP Request: POST http://localhost:8007/v1/chat/completions "HTTP/1.1 200 OK"

2026-08-17 08:14:20,010 - INFO - HTTP Request: POST http://localhost:8007/v1/chat/completions "HTTP/1.1 200 OK"

2026-08-17 08:14:30,428 - INFO - HTTP Request: POST http://localhost:8007/v1/chat/completions "HTTP/1.1 200 OK"
2026-08-17 08:14:33,253 - INFO - HTTP Request: POST http://localhost:8007/v1/chat/completions "HTTP/1.1 200 OK"
2026-08-17 08:14:34,484 - INFO - HTTP Request: POST http://localhost:8007/v1/chat/completions "HTTP/1.1 200 OK"
2026-08-17 08:14:40,242 - INFO - HTTP Request: POST http://localhost:8007/v1/chat/completions "HTTP/1.1 200 OK"
2026-08-17 08:14:43,883 - INFO - HTTP Request: POST http://localhost:8007/v1/chat/completions "HTTP/1.1 200 OK"

2026-08-17 08:14:45,412 - INFO - HTTP Request: POST http://localhost:8007/v1/chat/completions "HTTP/1.1 200 OK"

2026-08-17 08:14:45,846 - INFO - HTTP Request: POST http://localhost:8007/v1/chat/completions "HTTP/1.1 200 OK"

2026-08-17 08:14:53,893 - INFO - HTTP Request: POST http://localhost:8007/v1/chat/completions "HTTP/1.1 200 OK"

2026-08-17 08:15:12,548 - INFO - HTTP Request: POST http://localhost:8007/v1/chat/completions "HTTP/1.1 200 OK"
2026-08-17 08:15:14,208 - INFO - HTTP Request: POST http://localhost:8007/v1/chat/completions "HTTP/1.1 200 OK"
2026-08-17 08:15:14,927 - INFO - HTTP Request: POST http://localhost:8007/v1/chat/completions "HTTP/1.1 200 OK"
2026-08-17 08:15:23,326 - INFO - HTTP Request: POST http://localhost:8007/v1/chat/completions "HTTP/1.1 200 OK"
2026-08-17 08:15:26,692 - INFO - HTTP Request: POST http://localhost:8007/v1/chat/completions "HTTP/1.1 200 OK"

2026-08-17 08:15:28,872 - INFO - HTTP Request: POST http://localhost:8007/v1/chat/completions "HTTP/1.1 200 OK"

2026-08-17 08:15:30,182 - INFO - HTTP Request: POST http://localhost:8007/v1/chat/completions "HTTP/1.1 200 OK"

2026-08-17 08:15:39,088 - INFO - HTTP Request: POST http://localhost:8007/v1/chat/completions "HTTP/1.1 200 OK"

2026-08-17 08:15:46,682 - INFO - HTTP Request: POST http://localhost:8007/v1/chat/completions "HTTP/1.1 200 OK"
2026-08-17 08:15:48,998 - INFO - HTTP Request: POST http://localhost:8007/v1/chat/completions "HTTP/1.1 200 OK"
2026-08-17 08:15:50,621 - INFO - HTTP Request: POST http://localhost:8007/v1/chat/completions "HTTP/1.1 200 OK"
2026-08-17 08:15:57,307 - INFO - HTTP Request: POST http://localhost:8007/v1/chat/completions "HTTP/1.1 200 OK"

2026-08-17 08:15:59,269 - INFO - HTTP Request: POST http://localhost:8007/v1/chat/completions "HTTP/1.1 200 OK"

2026-08-17 08:15:59,925 - INFO - HTTP Request: POST http://localhost:8007/v1/chat/completions "HTTP/1.1 200 OK"
2026-08-17 08:16:03,990 - INFO - HTTP Request: POST http://localhost:8007/v1/chat/completions "HTTP/1.1 200 OK"

2026-08-17 08:16:12,250 - INFO - HTTP Request: POST http://localhost:8007/v1/chat/completions "HTTP/1.1 200 OK"

2026-08-17 08:16:26,792 - INFO - HTTP Request: POST http://localhost:8007/v1/chat/completions "HTTP/1.1 200 OK"
2026-08-17 08:16:28,889 - INFO - HTTP Request: POST http://localhost:8007/v1/chat/completions "HTTP/1.1 200 OK"
2026-08-17 08:16:33,559 - INFO - HTTP Request: POST http://localhost:8007/v1/chat/completions "HTTP/1.1 200 OK"
2026-08-17 08:16:39,376 - INFO - HTTP Request: POST http://localhost:8007/v1/chat/completions "HTTP/1.1 200 OK"

2026-08-17 08:16:39,811 - INFO - HTTP Request: POST http://localhost:8007/v1/chat/completions "HTTP/1.1 200 OK"

2026-08-17 08:16:42,223 - INFO - HTTP Request: POST http://localhost:8007/v1/chat/completions "HTTP/1.1 200 OK"
2026-08-17 08:16:49,772 - INFO - HTTP Request: POST http://localhost:8007/v1/chat/completions "HTTP/1.1 200 OK"

2026-08-17 08:16:54,997 - INFO - HTTP Request: POST http://localhost:8007/v1/chat/completions "HTTP/1.1 200 OK"

2026-08-17 08:17:12,801 - INFO - HTTP Request: POST http://localhost:8007/v1/chat/completions "HTTP/1.1 200 OK"
2026-08-17 08:17:12,802 - INFO - HTTP Request: POST http://localhost:8007/v1/chat/completions "HTTP/1.1 200 OK"
2026-08-17 08:17:23,329 - INFO - HTTP Request: POST http://localhost:8007/v1/chat/completions "HTTP/1.1 200 OK"
2026-08-17 08:17:25,662 - INFO - HTTP Request: POST http://localhost:8007/v1/chat/completions "HTTP/1.1 200 OK"

r0_cfg9:  10%|█         | 5/50 [11:35<1:55:06, 153.48s/it]2026-08-17 08:17:27,846 - INFO - HTTP Request: POST http://localhost:8007/v1/chat/completions "HTTP/1.1 200 OK"

r0_cfg9:  12%|█▏        | 6/50 [11:37<1:14:49, 102.04s/it]2026-08-17 08:17:28,931 - INFO - HTTP Request: POST http://localhost:8007/v1/chat/completions "HTTP/1.1 200 OK"
2026-08-17 08:17:39,739 - INFO - HTTP Request: POST http://localhost:8007/v1/chat/completions "HTTP/1.1 200 OK"

r0_cfg9:  14%|█▍        | 7/50 [11:49<52:00, 72.57s/it]   2026-08-17 08:17:44,087 - INFO - HTTP Request: POST http://localhost:8007/v1/chat/completions "HTTP/1.1 200 OK"

r0_cfg9:  16%|█▌        | 8/50 [11:53<35:35, 50.85s/it]2026-08-17 08:17:47,992 - INFO - HTTP Request: POST http://localhost:8007/v1/chat/completions "HTTP/1.1 200 OK"
2026-08-17 08:17:50,303 - INFO - HTTP Request: POST http://localhost:8007/v1/chat/completions "HTTP/1.1 200 OK"
2026-08-17 08:18:00,019 - INFO - HTTP Request: POST http://localhost:8007/v1/chat/completions "HTTP/1.1 200 OK"

2026-08-17 08:18:02,196 - INFO - HTTP Request: POST http://localhost:8007/v1/chat/completions "HTTP/1.1 200 OK"
2026-08-17 08:18:02,895 - INFO - HTTP Request: POST http://localhost:8007/v1/chat/completions "HTTP/1.1 200 OK"

2026-08-17 08:18:06,851 - INFO - HTTP Request: POST http://localhost:8007/v1/chat/completions "HTTP/1.1 200 OK"
2026-08-17 08:18:15,428 - INFO - HTTP Request: POST http://localhost:8007/v1/chat/completions "HTTP/1.1 200 OK"

2026-08-17 08:18:18,906 - INFO - HTTP Request: POST http://localhost:8007/v1/chat/completions "HTTP/1.1 200 OK"

2026-08-17 08:18:26,715 - INFO - HTTP Request: POST http://localhost:8007/v1/chat/completions "HTTP/1.1 200 OK"
2026-08-17 08:18:29,463 - INFO - HTTP Request: POST http://localhost:8007/v1/chat/completions "HTTP/1.1 200 OK"
2026-08-17 08:18:40,705 - INFO - HTTP Request: POST http://localhost:8007/v1/chat/completions "HTTP/1.1 200 OK"

2026-08-17 08:18:41,141 - INFO - HTTP Request: POST http://localhost:8007/v1/chat/completions "HTTP/1.1 200 OK"

2026-08-17 08:18:42,013 - INFO - HTTP Request: POST http://localhost:8007/v1/chat/completions "HTTP/1.1 200 OK"
2026-08-17 08:18:45,804 - INFO - HTTP Request: POST http://localhost:8007/v1/chat/completions "HTTP/1.1 200 OK"
2026-08-17 08:18:53,730 - INFO - HTTP Request: POST http://localhost:8007/v1/chat/completions "HTTP/1.1 200 OK"

2026-08-17 08:18:56,124 - INFO - HTTP Request: POST http://localhost:8007/v1/chat/completions "HTTP/1.1 200 OK"

2026-08-17 08:19:05,671 - INFO - HTTP Request: POST http://localhost:8007/v1/chat/completions "HTTP/1.1 200 OK"
2026-08-17 08:19:06,104 - INFO - HTTP Request: POST http://localhost:8007/v1/chat/completions "HTTP/1.1 200 OK"
2026-08-17 08:19:17,699 - INFO - HTTP Request: POST http://localhost:8007/v1/chat/completions "HTTP/1.1 200 OK"

2026-08-17 08:19:18,578 - INFO - HTTP Request: POST http://localhost:8007/v1/chat/completions "HTTP/1.1 200 OK"
2026-08-17 08:19:19,763 - INFO - HTTP Request: POST http://localhost:8007/v1/chat/completions "HTTP/1.1 200 OK"

2026-08-17 08:19:20,198 - INFO - HTTP Request: POST http://localhost:8007/v1/chat/completions "HTTP/1.1 200 OK"
2026-08-17 08:19:32,600 - INFO - HTTP Request: POST http://localhost:8007/v1/chat/completions "HTTP/1.1 200 OK"

2026-08-17 08:19:33,262 - INFO - HTTP Request: POST http://localhost:8007/v1/chat/completions "HTTP/1.1 200 OK"

2026-08-17 08:19:42,379 - INFO - HTTP Request: POST http://localhost:8007/v1/chat/completions "HTTP/1.1 200 OK"
2026-08-17 08:19:44,477 - INFO - HTTP Request: POST http://localhost:8007/v1/chat/completions "HTTP/1.1 200 OK"
2026-08-17 08:19:54,577 - INFO - HTTP Request: POST http://localhost:8007/v1/chat/completions "HTTP/1.1 200 OK"

2026-08-17 08:19:57,194 - INFO - HTTP Request: POST http://localhost:8007/v1/chat/completions "HTTP/1.1 200 OK"
2026-08-17 08:19:57,195 - INFO - HTTP Request: POST http://localhost:8007/v1/chat/completions "HTTP/1.1 200 OK"

2026-08-17 08:19:57,926 - INFO - HTTP Request: POST http://localhost:8007/v1/chat/completions "HTTP/1.1 200 OK"
2026-08-17 08:20:10,210 - INFO - HTTP Request: POST http://localhost:8007/v1/chat/completions "HTTP/1.1 200 OK"

2026-08-17 08:20:12,394 - INFO - HTTP Request: POST http://localhost:8007/v1/chat/completions "HTTP/1.1 200 OK"

2026-08-17 08:20:14,569 - INFO - HTTP Request: POST http://localhost:8007/v1/chat/completions "HTTP/1.1 200 OK"
2026-08-17 08:20:17,747 - INFO - HTTP Request: POST http://localhost:8007/v1/chat/completions "HTTP/1.1 200 OK"
2026-08-17 08:20:24,857 - INFO - HTTP Request: POST http://localhost:8007/v1/chat/completions "HTTP/1.1 200 OK"

2026-08-17 08:20:30,508 - INFO - HTTP Request: POST http://localhost:8007/v1/chat/completions "HTTP/1.1 200 OK"
2026-08-17 08:20:31,694 - INFO - HTTP Request: POST http://localhost:8007/v1/chat/completions "HTTP/1.1 200 OK"

2026-08-17 08:20:32,566 - INFO - HTTP Request: POST http://localhost:8007/v1/chat/completions "HTTP/1.1 200 OK"
2026-08-17 08:20:44,409 - INFO - HTTP Request: POST http://localhost:8007/v1/chat/completions "HTTP/1.1 200 OK"

2026-08-17 08:20:45,064 - INFO - HTTP Request: POST http://localhost:8007/v1/chat/completions "HTTP/1.1 200 OK"

2026-08-17 08:20:54,176 - INFO - HTTP Request: POST http://localhost:8007/v1/chat/completions "HTTP/1.1 200 OK"
2026-08-17 08:21:00,836 - INFO - HTTP Request: POST http://localhost:8007/v1/chat/completions "HTTP/1.1 200 OK"
2026-08-17 08:21:06,157 - INFO - HTTP Request: POST http://localhost:8007/v1/chat/completions "HTTP/1.1 200 OK"

2026-08-17 08:21:13,552 - INFO - HTTP Request: POST http://localhost:8007/v1/chat/completions "HTTP/1.1 200 OK"
2026-08-17 08:21:14,516 - INFO - HTTP Request: POST http://localhost:8007/v1/chat/completions "HTTP/1.1 200 OK"
2026-08-17 08:21:17,219 - INFO - HTTP Request: POST http://localhost:8007/v1/chat/completions "HTTP/1.1 200 OK"

2026-08-17 08:21:25,270 - INFO - HTTP Request: POST http://localhost:8007/v1/chat/completions "HTTP/1.1 200 OK"

2026-08-17 08:21:26,796 - INFO - HTTP Request: POST http://localhost:8007/v1/chat/completions "HTTP/1.1 200 OK"
2026-08-17 08:21:26,800 - INFO - HTTP Request: POST http://localhost:8007/v1/chat/completions "HTTP/1.1 200 OK"

2026-08-17 08:21:37,355 - INFO - HTTP Request: POST http://localhost:8007/v1/chat/completions "HTTP/1.1 200 OK"
2026-08-17 08:21:41,856 - INFO - HTTP Request: POST http://localhost:8007/v1/chat/completions "HTTP/1.1 200 OK"

2026-08-17 08:21:45,772 - INFO - HTTP Request: POST http://localhost:8007/v1/chat/completions "HTTP/1.1 200 OK"
2026-08-17 08:21:47,611 - INFO - HTTP Request: POST http://localhost:8007/v1/chat/completions "HTTP/1.1 200 OK"
2026-08-17 08:21:49,454 - INFO - HTTP Request: POST http://localhost:8007/v1/chat/completions "HTTP/1.1 200 OK"

2026-08-17 08:21:57,509 - INFO - HTTP Request: POST http://localhost:8007/v1/chat/completions "HTTP/1.1 200 OK"

2026-08-17 08:22:00,772 - INFO - HTTP Request: POST http://localhost:8007/v1/chat/completions "HTTP/1.1 200 OK"

2026-08-17 08:22:11,625 - INFO - HTTP Request: POST http://localhost:8007/v1/chat/completions "HTTP/1.1 200 OK"
2026-08-17 08:22:18,720 - INFO - HTTP Request: POST http://localhost:8007/v1/chat/completions "HTTP/1.1 200 OK"
2026-08-17 08:22:23,007 - INFO - HTTP Request: POST http://localhost:8007/v1/chat/completions "HTTP/1.1 200 OK"

2026-08-17 08:22:27,148 - INFO - HTTP Request: POST http://localhost:8007/v1/chat/completions "HTTP/1.1 200 OK"
2026-08-17 08:22:30,731 - INFO - HTTP Request: POST http://localhost:8007/v1/chat/completions "HTTP/1.1 200 OK"

2026-08-17 08:22:30,732 - INFO - HTTP Request: POST http://localhost:8007/v1/chat/completions "HTTP/1.1 200 OK"
2026-08-17 08:22:40,190 - INFO - HTTP Request: POST http://localhost:8007/v1/chat/completions "HTTP/1.1 200 OK"

2026-08-17 08:22:41,504 - INFO - HTTP Request: POST http://localhost:8007/v1/chat/completions "HTTP/1.1 200 OK"

2026-08-17 08:22:56,702 - INFO - HTTP Request: POST http://localhost:8007/v1/chat/completions "HTTP/1.1 200 OK"
2026-08-17 08:23:04,232 - INFO - HTTP Request: POST http://localhost:8007/v1/chat/completions "HTTP/1.1 200 OK"
2026-08-17 08:23:08,955 - INFO - HTTP Request: POST http://localhost:8007/v1/chat/completions "HTTP/1.1 200 OK"

r0_cfg9:  18%|█▊        | 9/50 [17:18<1:33:16, 136.51s/it]2026-08-17 08:23:13,305 - INFO - HTTP Request: POST http://localhost:8007/v1/chat/completions "HTTP/1.1 200 OK"
2026-08-17 08:23:15,362 - INFO - HTTP Request: POST http://localhost:8007/v1/chat/completions "HTTP/1.1 200 OK"
2026-08-17 08:23:17,861 - INFO - HTTP Request: POST http://localhost:8007/v1/chat/completions "HTTP/1.1 200 OK"

r0_cfg9:  20%|██        | 10/50 [17:27<1:04:44, 97.12s/it]2026-08-17 08:23:25,481 - INFO - HTTP Request: POST http://localhost:8007/v1/chat/completions "HTTP/1.1 200 OK"

r0_cfg9:  22%|██▏       | 11/50 [17:35<45:19, 69.73s/it]  2026-08-17 08:23:26,786 - INFO - HTTP Request: POST http://localhost:8007/v1/chat/completions "HTTP/1.1 200 OK"

r0_cfg9:  24%|██▍       | 12/50 [17:36<30:58, 48.91s/it]2026-08-17 08:23:31,557 - INFO - HTTP Request: POST http://localhost:8007/v1/chat/completions "HTTP/1.1 200 OK"
2026-08-17 08:23:40,177 - INFO - HTTP Request: POST http://localhost:8007/v1/chat/completions "HTTP/1.1 200 OK"
2026-08-17 08:23:45,061 - INFO - HTTP Request: POST http://localhost:8007/v1/chat/completions "HTTP/1.1 200 OK"

2026-08-17 08:23:48,105 - INFO - HTTP Request: POST http://localhost:8007/v1/chat/completions "HTTP/1.1 200 OK"
2026-08-17 08:23:49,724 - INFO - HTTP Request: POST http://localhost:8007/v1/chat/completions "HTTP/1.1 200 OK"
2026-08-17 08:23:53,090 - INFO - HTTP Request: POST http://localhost:8007/v1/chat/completions "HTTP/1.1 200 OK"

2026-08-17 08:23:58,964 - INFO - HTTP Request: POST http://localhost:8007/v1/chat/completions "HTTP/1.1 200 OK"

2026-08-17 08:24:02,661 - INFO - HTTP Request: POST http://localhost:8007/v1/chat/completions "HTTP/1.1 200 OK"

2026-08-17 08:24:11,772 - INFO - HTTP Request: POST http://localhost:8007/v1/chat/completions "HTTP/1.1 200 OK"
2026-08-17 08:24:19,528 - INFO - HTTP Request: POST http://localhost:8007/v1/chat/completions "HTTP/1.1 200 OK"
2026-08-17 08:24:22,672 - INFO - HTTP Request: POST http://localhost:8007/v1/chat/completions "HTTP/1.1 200 OK"

2026-08-17 08:24:25,715 - INFO - HTTP Request: POST http://localhost:8007/v1/chat/completions "HTTP/1.1 200 OK"
2026-08-17 08:24:29,734 - INFO - HTTP Request: POST http://localhost:8007/v1/chat/completions "HTTP/1.1 200 OK"
2026-08-17 08:24:35,712 - INFO - HTTP Request: POST http://localhost:8007/v1/chat/completions "HTTP/1.1 200 OK"

2026-08-17 08:24:36,586 - INFO - HTTP Request: POST http://localhost:8007/v1/chat/completions "HTTP/1.1 200 OK"

2026-08-17 08:24:43,103 - INFO - HTTP Request: POST http://localhost:8007/v1/chat/completions "HTTP/1.1 200 OK"

2026-08-17 08:24:47,660 - INFO - HTTP Request: POST http://localhost:8007/v1/chat/completions "HTTP/1.1 200 OK"
2026-08-17 08:25:00,196 - INFO - HTTP Request: POST http://localhost:8007/v1/chat/completions "HTTP/1.1 200 OK"

2026-08-17 08:25:00,413 - INFO - HTTP Request: POST http://localhost:8007/v1/chat/completions "HTTP/1.1 200 OK"
2026-08-17 08:25:01,598 - INFO - HTTP Request: POST http://localhost:8007/v1/chat/completions "HTTP/1.1 200 OK"
2026-08-17 08:25:08,442 - INFO - HTTP Request: POST http://localhost:8007/v1/chat/completions "HTTP/1.1 200 OK"
2026-08-17 08:25:12,459 - INFO - HTTP Request: POST http://localhost:8007/v1/chat/completions "HTTP/1.1 200 OK"

2026-08-17 08:25:20,082 - INFO - HTTP Request: POST http://localhost:8007/v1/chat/completions "HTTP/1.1 200 OK"

2026-08-17 08:25:20,299 - INFO - HTTP Request: POST http://localhost:8007/v1/chat/completions "HTTP/1.1 200 OK"

2026-08-17 08:25:25,077 - INFO - HTTP Request: POST http://localhost:8007/v1/chat/completions "HTTP/1.1 200 OK"
2026-08-17 08:25:36,910 - INFO - HTTP Request: POST http://localhost:8007/v1/chat/completions "HTTP/1.1 200 OK"
2026-08-17 08:25:37,879 - INFO - HTTP Request: POST http://localhost:8007/v1/chat/completions "HTTP/1.1 200 OK"

2026-08-17 08:25:44,838 - INFO - HTTP Request: POST http://localhost:8007/v1/chat/completions "HTTP/1.1 200 OK"
2026-08-17 08:25:44,839 - INFO - HTTP Request: POST http://localhost:8007/v1/chat/completions "HTTP/1.1 200 OK"
2026-08-17 08:25:50,298 - INFO - HTTP Request: POST http://localhost:8007/v1/chat/completions "HTTP/1.1 200 OK"

2026-08-17 08:25:57,921 - INFO - HTTP Request: POST http://localhost:8007/v1/chat/completions "HTTP/1.1 200 OK"

2026-08-17 08:25:58,356 - INFO - HTTP Request: POST http://localhost:8007/v1/chat/completions "HTTP/1.1 200 OK"
2026-08-17 08:26:00,042 - INFO - HTTP Request: POST http://localhost:8007/v1/chat/completions "HTTP/1.1 200 OK"

2026-08-17 08:26:08,736 - INFO - HTTP Request: POST http://localhost:8007/v1/chat/completions "HTTP/1.1 200 OK"

2026-08-17 08:26:10,473 - INFO - HTTP Request: POST http://localhost:8007/v1/chat/completions "HTTP/1.1 200 OK"
2026-08-17 08:26:18,391 - INFO - HTTP Request: POST http://localhost:8007/v1/chat/completions "HTTP/1.1 200 OK"
2026-08-17 08:26:20,446 - INFO - HTTP Request: POST http://localhost:8007/v1/chat/completions "HTTP/1.1 200 OK"
2026-08-17 08:26:22,719 - INFO - HTTP Request: POST http://localhost:8007/v1/chat/completions "HTTP/1.1 200 OK"

2026-08-17 08:26:29,681 - INFO - HTTP Request: POST http://localhost:8007/v1/chat/completions "HTTP/1.1 200 OK"

2026-08-17 08:26:31,639 - INFO - HTTP Request: POST http://localhost:8007/v1/chat/completions "HTTP/1.1 200 OK"

2026-08-17 08:26:38,365 - INFO - HTTP Request: POST http://localhost:8007/v1/chat/completions "HTTP/1.1 200 OK"
2026-08-17 08:26:49,764 - INFO - HTTP Request: POST http://localhost:8007/v1/chat/completions "HTTP/1.1 200 OK"

2026-08-17 08:26:51,718 - INFO - HTTP Request: POST http://localhost:8007/v1/chat/completions "HTTP/1.1 200 OK"
2026-08-17 08:26:58,987 - INFO - HTTP Request: POST http://localhost:8007/v1/chat/completions "HTTP/1.1 200 OK"
2026-08-17 08:27:01,258 - INFO - HTTP Request: POST http://localhost:8007/v1/chat/completions "HTTP/1.1 200 OK"
2026-08-17 08:27:05,706 - INFO - HTTP Request: POST http://localhost:8007/v1/chat/completions "HTTP/1.1 200 OK"

2026-08-17 08:27:10,712 - INFO - HTTP Request: POST http://localhost:8007/v1/chat/completions "HTTP/1.1 200 OK"
2026-08-17 08:27:15,221 - INFO - HTTP Request: POST http://localhost:8007/v1/chat/completions "HTTP/1.1 200 OK"

2026-08-17 08:27:16,095 - INFO - HTTP Request: POST http://localhost:8007/v1/chat/completions "HTTP/1.1 200 OK"

2026-08-17 08:27:22,180 - INFO - HTTP Request: POST http://localhost:8007/v1/chat/completions "HTTP/1.1 200 OK"

2026-08-17 08:27:26,086 - INFO - HTTP Request: POST http://localhost:8007/v1/chat/completions "HTTP/1.1 200 OK"
2026-08-17 08:27:35,530 - INFO - HTTP Request: POST http://localhost:8007/v1/chat/completions "HTTP/1.1 200 OK"
2026-08-17 08:27:36,717 - INFO - HTTP Request: POST http://localhost:8007/v1/chat/completions "HTTP/1.1 200 OK"
2026-08-17 08:27:42,479 - INFO - HTTP Request: POST http://localhost:8007/v1/chat/completions "HTTP/1.1 200 OK"

2026-08-17 08:27:50,314 - INFO - HTTP Request: POST http://localhost:8007/v1/chat/completions "HTTP/1.1 200 OK"

2026-08-17 08:27:51,621 - INFO - HTTP Request: POST http://localhost:8007/v1/chat/completions "HTTP/1.1 200 OK"

2026-08-17 08:27:52,275 - INFO - HTTP Request: POST http://localhost:8007/v1/chat/completions "HTTP/1.1 200 OK"
2026-08-17 08:28:03,948 - INFO - HTTP Request: POST http://localhost:8007/v1/chat/completions "HTTP/1.1 200 OK"

2026-08-17 08:28:11,986 - INFO - HTTP Request: POST http://localhost:8007/v1/chat/completions "HTTP/1.1 200 OK"
2026-08-17 08:28:20,130 - INFO - HTTP Request: POST http://localhost:8007/v1/chat/completions "HTTP/1.1 200 OK"
2026-08-17 08:28:21,754 - INFO - HTTP Request: POST http://localhost:8007/v1/chat/completions "HTTP/1.1 200 OK"
2026-08-17 08:28:25,558 - INFO - HTTP Request: POST http://localhost:8007/v1/chat/completions "HTTP/1.1 200 OK"

2026-08-17 08:28:33,616 - INFO - HTTP Request: POST http://localhost:8007/v1/chat/completions "HTTP/1.1 200 OK"

2026-08-17 08:28:36,016 - INFO - HTTP Request: POST http://localhost:8007/v1/chat/completions "HTTP/1.1 200 OK"
2026-08-17 08:28:37,624 - INFO - HTTP Request: POST http://localhost:8007/v1/chat/completions "HTTP/1.1 200 OK"

2026-08-17 08:28:47,844 - INFO - HTTP Request: POST http://localhost:8007/v1/chat/completions "HTTP/1.1 200 OK"

r0_cfg9:  26%|██▌       | 13/50 [22:57<1:21:00, 131.35s/it]2026-08-17 08:28:57,176 - INFO - HTTP Request: POST http://localhost:8007/v1/chat/completions "HTTP/1.1 200 OK"
2026-08-17 08:29:06,842 - INFO - HTTP Request: POST http://localhost:8007/v1/chat/completions "HTTP/1.1 200 OK"
2026-08-17 08:29:09,682 - INFO - HTTP Request: POST http://localhost:8007/v1/chat/completions "HTTP/1.1 200 OK"
2026-08-17 08:29:10,994 - INFO - HTTP Request: POST http://localhost:8007/v1/chat/completions "HTTP/1.1 200 OK"
2026-08-17 08:29:15,890 - INFO - HTTP Request: POST http://localhost:8007/v1/chat/completions "HTTP/1.1 200 OK"

r0_cfg9:  28%|██▊       | 14/50 [23:25<1:00:05, 100.15s/it]2026-08-17 08:29:20,467 - INFO - HTTP Request: POST http://localhost:8007/v1/chat/completions "HTTP/1.1 200 OK"

2026-08-17 08:29:20,468 - INFO - HTTP Request: POST http://localhost:8007/v1/chat/completions "HTTP/1.1 200 OK"

r0_cfg9:  30%|███       | 15/50 [23:30<41:37, 71.34s/it]   2026-08-17 08:29:21,338 - INFO - HTTP Request: POST http://localhost:8007/v1/chat/completions "HTTP/1.1 200 OK"

r0_cfg9:  32%|███▏      | 16/50 [23:31<28:24, 50.13s/it]2026-08-17 08:29:37,606 - INFO - HTTP Request: POST http://localhost:8007/v1/chat/completions "HTTP/1.1 200 OK"
2026-08-17 08:29:42,757 - INFO - HTTP Request: POST http://localhost:8007/v1/chat/completions "HTTP/1.1 200 OK"
2026-08-17 08:29:43,943 - INFO - HTTP Request: POST http://localhost:8007/v1/chat/completions "HTTP/1.1 200 OK"
2026-08-17 08:29:47,525 - INFO - HTTP Request: POST http://localhost:8007/v1/chat/completions "HTTP/1.1 200 OK"
2026-08-17 08:29:50,894 - INFO - HTTP Request: POST http://localhost:8007/v1/chat/completions "HTTP/1.1 200 OK"

2026-08-17 08:29:55,688 - INFO - HTTP Request: POST http://localhost:8007/v1/chat/completions "HTTP/1.1 200 OK"

2026-08-17 08:29:58,521 - INFO - HTTP Request: POST http://localhost:8007/v1/chat/completions "HTTP/1.1 200 OK"

2026-08-17 08:30:00,043 - INFO - HTTP Request: POST http://localhost:8007/v1/chat/completions "HTTP/1.1 200 OK"

2026-08-17 08:30:16,963 - INFO - HTTP Request: POST http://localhost:8007/v1/chat/completions "HTTP/1.1 200 OK"
2026-08-17 08:30:22,116 - INFO - HTTP Request: POST http://localhost:8007/v1/chat/completions "HTTP/1.1 200 OK"
2026-08-17 08:30:23,957 - INFO - HTTP Request: POST http://localhost:8007/v1/chat/completions "HTTP/1.1 200 OK"
2026-08-17 08:30:25,364 - INFO - HTTP Request: POST http://localhost:8007/v1/chat/completions "HTTP/1.1 200 OK"
2026-08-17 08:30:27,764 - INFO - HTTP Request: POST http://localhost:8007/v1/chat/completions "HTTP/1.1 200 OK"

2026-08-17 08:30:35,172 - INFO - HTTP Request: POST http://localhost:8007/v1/chat/completions "HTTP/1.1 200 OK"

2026-08-17 08:30:36,705 - INFO - HTTP Request: POST http://localhost:8007/v1/chat/completions "HTTP/1.1 200 OK"

2026-08-17 08:30:39,749 - INFO - HTTP Request: POST http://localhost:8007/v1/chat/completions "HTTP/1.1 200 OK"

2026-08-17 08:30:52,117 - INFO - HTTP Request: POST http://localhost:8007/v1/chat/completions "HTTP/1.1 200 OK"
2026-08-17 08:30:59,663 - INFO - HTTP Request: POST http://localhost:8007/v1/chat/completions "HTTP/1.1 200 OK"
2026-08-17 08:31:01,834 - INFO - HTTP Request: POST http://localhost:8007/v1/chat/completions "HTTP/1.1 200 OK"
2026-08-17 08:31:05,201 - INFO - HTTP Request: POST http://localhost:8007/v1/chat/completions "HTTP/1.1 200 OK"
2026-08-17 08:31:06,394 - INFO - HTTP Request: POST http://localhost:8007/v1/chat/completions "HTTP/1.1 200 OK"

2026-08-17 08:31:12,065 - INFO - HTTP Request: POST http://localhost:8007/v1/chat/completions "HTTP/1.1 200 OK"

2026-08-17 08:31:16,860 - INFO - HTTP Request: POST http://localhost:8007/v1/chat/completions "HTTP/1.1 200 OK"

2026-08-17 08:31:20,346 - INFO - HTTP Request: POST http://localhost:8007/v1/chat/completions "HTTP/1.1 200 OK"

2026-08-17 08:31:29,898 - INFO - HTTP Request: POST http://localhost:8007/v1/chat/completions "HTTP/1.1 200 OK"
2026-08-17 08:31:31,860 - INFO - HTTP Request: POST http://localhost:8007/v1/chat/completions "HTTP/1.1 200 OK"
2026-08-17 08:31:41,749 - INFO - HTTP Request: POST http://localhost:8007/v1/chat/completions "HTTP/1.1 200 OK"
2026-08-17 08:31:43,807 - INFO - HTTP Request: POST http://localhost:8007/v1/chat/completions "HTTP/1.1 200 OK"

2026-08-17 08:31:45,558 - INFO - HTTP Request: POST http://localhost:8007/v1/chat/completions "HTTP/1.1 200 OK"
2026-08-17 08:31:47,297 - INFO - HTTP Request: POST http://localhost:8007/v1/chat/completions "HTTP/1.1 200 OK"

2026-08-17 08:31:55,783 - INFO - HTTP Request: POST http://localhost:8007/v1/chat/completions "HTTP/1.1 200 OK"

2026-08-17 08:31:58,184 - INFO - HTTP Request: POST http://localhost:8007/v1/chat/completions "HTTP/1.1 200 OK"

2026-08-17 08:32:03,610 - INFO - HTTP Request: POST http://localhost:8007/v1/chat/completions "HTTP/1.1 200 OK"
2026-08-17 08:32:15,935 - INFO - HTTP Request: POST http://localhost:8007/v1/chat/completions "HTTP/1.1 200 OK"
2026-08-17 08:32:16,652 - INFO - HTTP Request: POST http://localhost:8007/v1/chat/completions "HTTP/1.1 200 OK"
2026-08-17 08:32:17,382 - INFO - HTTP Request: POST http://localhost:8007/v1/chat/completions "HTTP/1.1 200 OK"

2026-08-17 08:32:18,518 - INFO - HTTP Request: POST http://localhost:8007/v1/chat/completions "HTTP/1.1 200 OK"
2026-08-17 08:32:27,601 - INFO - HTTP Request: POST http://localhost:8007/v1/chat/completions "HTTP/1.1 200 OK"

2026-08-17 08:32:31,087 - INFO - HTTP Request: POST http://localhost:8007/v1/chat/completions "HTTP/1.1 200 OK"

2026-08-17 08:32:32,611 - INFO - HTTP Request: POST http://localhost:8007/v1/chat/completions "HTTP/1.1 200 OK"

2026-08-17 08:32:46,499 - INFO - HTTP Request: POST http://localhost:8007/v1/chat/completions "HTTP/1.1 200 OK"
2026-08-17 08:32:51,434 - INFO - HTTP Request: POST http://localhost:8007/v1/chat/completions "HTTP/1.1 200 OK"
2026-08-17 08:32:56,972 - INFO - HTTP Request: POST http://localhost:8007/v1/chat/completions "HTTP/1.1 200 OK"
2026-08-17 08:33:00,556 - INFO - HTTP Request: POST http://localhost:8007/v1/chat/completions "HTTP/1.1 200 OK"

2026-08-17 08:33:02,300 - INFO - HTTP Request: POST http://localhost:8007/v1/chat/completions "HTTP/1.1 200 OK"
2026-08-17 08:33:04,141 - INFO - HTTP Request: POST http://localhost:8007/v1/chat/completions "HTTP/1.1 200 OK"

2026-08-17 08:33:13,281 - INFO - HTTP Request: POST http://localhost:8007/v1/chat/completions "HTTP/1.1 200 OK"

2026-08-17 08:33:16,543 - INFO - HTTP Request: POST http://localhost:8007/v1/chat/completions "HTTP/1.1 200 OK"

2026-08-17 08:33:20,884 - INFO - HTTP Request: POST http://localhost:8007/v1/chat/completions "HTTP/1.1 200 OK"
2026-08-17 08:33:32,127 - INFO - HTTP Request: POST http://localhost:8007/v1/chat/completions "HTTP/1.1 200 OK"

2026-08-17 08:33:33,649 - INFO - HTTP Request: POST http://localhost:8007/v1/chat/completions "HTTP/1.1 200 OK"
2026-08-17 08:33:33,650 - INFO - HTTP Request: POST http://localhost:8007/v1/chat/completions "HTTP/1.1 200 OK"
2026-08-17 08:33:37,589 - INFO - HTTP Request: POST http://localhost:8007/v1/chat/completions "HTTP/1.1 200 OK"
2026-08-17 08:33:43,143 - INFO - HTTP Request: POST http://localhost:8007/v1/chat/completions "HTTP/1.1 200 OK"

2026-08-17 08:33:52,294 - INFO - HTTP Request: POST http://localhost:8007/v1/chat/completions "HTTP/1.1 200 OK"

2026-08-17 08:33:52,950 - INFO - HTTP Request: POST http://localhost:8007/v1/chat/completions "HTTP/1.1 200 OK"

2026-08-17 08:34:02,283 - INFO - HTTP Request: POST http://localhost:8007/v1/chat/completions "HTTP/1.1 200 OK"
2026-08-17 08:34:16,573 - INFO - HTTP Request: POST http://localhost:8007/v1/chat/completions "HTTP/1.1 200 OK"
2026-08-17 08:34:19,285 - INFO - HTTP Request: POST http://localhost:8007/v1/chat/completions "HTTP/1.1 200 OK"

2026-08-17 08:34:22,122 - INFO - HTTP Request: POST http://localhost:8007/v1/chat/completions "HTTP/1.1 200 OK"
2026-08-17 08:34:23,097 - INFO - HTTP Request: POST http://localhost:8007/v1/chat/completions "HTTP/1.1 200 OK"
2026-08-17 08:34:30,602 - INFO - HTTP Request: POST http://localhost:8007/v1/chat/completions "HTTP/1.1 200 OK"

r0_cfg9:  34%|███▍      | 17/50 [28:40<1:10:25, 128.05s/it]2026-08-17 08:34:36,267 - INFO - HTTP Request: POST http://localhost:8007/v1/chat/completions "HTTP/1.1 200 OK"

2026-08-17 08:34:36,480 - INFO - HTTP Request: POST http://localhost:8007/v1/chat/completions "HTTP/1.1 200 OK"

2026-08-17 08:34:52,549 - INFO - HTTP Request: POST http://localhost:8007/v1/chat/completions "HTTP/1.1 200 OK"
2026-08-17 08:34:52,554 - INFO - HTTP Request: POST http://localhost:8007/v1/chat/completions "HTTP/1.1 200 OK"
2026-08-17 08:35:04,758 - INFO - HTTP Request: POST http://localhost:8007/v1/chat/completions "HTTP/1.1 200 OK"

r0_cfg9:  36%|███▌      | 18/50 [29:14<53:14, 99.84s/it]   2026-08-17 08:35:07,587 - INFO - HTTP Request: POST http://localhost:8007/v1/chat/completions "HTTP/1.1 200 OK"

2026-08-17 08:35:08,240 - INFO - HTTP Request: POST http://localhost:8007/v1/chat/completions "HTTP/1.1 200 OK"
2026-08-17 08:35:10,511 - INFO - HTTP Request: POST http://localhost:8007/v1/chat/completions "HTTP/1.1 200 OK"
2026-08-17 08:35:19,316 - INFO - HTTP Request: POST http://localhost:8007/v1/chat/completions "HTTP/1.1 200 OK"

r0_cfg9:  38%|███▊      | 19/50 [29:29<38:20, 74.22s/it]2026-08-17 08:35:23,230 - INFO - HTTP Request: POST http://localhost:8007/v1/chat/completions "HTTP/1.1 200 OK"

r0_cfg9:  40%|████      | 20/50 [29:32<26:33, 53.11s/it]2026-08-17 08:35:27,352 - INFO - HTTP Request: POST http://localhost:8007/v1/chat/completions "HTTP/1.1 200 OK"
2026-08-17 08:35:34,675 - INFO - HTTP Request: POST http://localhost:8007/v1/chat/completions "HTTP/1.1 200 OK"
2026-08-17 08:35:41,955 - INFO - HTTP Request: POST http://localhost:8007/v1/chat/completions "HTTP/1.1 200 OK"
2026-08-17 08:35:42,173 - INFO - HTTP Request: POST http://localhost:8007/v1/chat/completions "HTTP/1.1 200 OK"

2026-08-17 08:35:46,196 - INFO - HTTP Request: POST http://localhost:8007/v1/chat/completions "HTTP/1.1 200 OK"
2026-08-17 08:35:49,127 - INFO - HTTP Request: POST http://localhost:8007/v1/chat/completions "HTTP/1.1 200 OK"

2026-08-17 08:35:52,175 - INFO - HTTP Request: POST http://localhost:8007/v1/chat/completions "HTTP/1.1 200 OK"

2026-08-17 08:35:55,436 - INFO - HTTP Request: POST http://localhost:8007/v1/chat/completions "HTTP/1.1 200 OK"

2026-08-17 08:36:08,884 - INFO - HTTP Request: POST http://localhost:8007/v1/chat/completions "HTTP/1.1 200 OK"
2026-08-17 08:36:13,821 - INFO - HTTP Request: POST http://localhost:8007/v1/chat/completions "HTTP/1.1 200 OK"
2026-08-17 08:36:18,924 - INFO - HTTP Request: POST http://localhost:8007/v1/chat/completions "HTTP/1.1 200 OK"
2026-08-17 08:36:22,566 - INFO - HTTP Request: POST http://localhost:8007/v1/chat/completions "HTTP/1.1 200 OK"
2026-08-17 08:36:23,975 - INFO - HTTP Request: POST http://localhost:8007/v1/chat/completions "HTTP/1.1 200 OK"

2026-08-17 08:36:26,816 - INFO - HTTP Request: POST http://localhost:8007/v1/chat/completions "HTTP/1.1 200 OK"

2026-08-17 08:36:31,388 - INFO - HTTP Request: POST http://localhost:8007/v1/chat/completions "HTTP/1.1 200 OK"

2026-08-17 08:36:38,993 - INFO - HTTP Request: POST http://localhost:8007/v1/chat/completions "HTTP/1.1 200 OK"

2026-08-17 08:36:47,891 - INFO - HTTP Request: POST http://localhost:8007/v1/chat/completions "HTTP/1.1 200 OK"
2026-08-17 08:36:51,463 - INFO - HTTP Request: POST http://localhost:8007/v1/chat/completions "HTTP/1.1 200 OK"
2026-08-17 08:36:56,405 - INFO - HTTP Request: POST http://localhost:8007/v1/chat/completions "HTTP/1.1 200 OK"
2026-08-17 08:37:01,132 - INFO - HTTP Request: POST http://localhost:8007/v1/chat/completions "HTTP/1.1 200 OK"

2026-08-17 08:37:04,408 - INFO - HTTP Request: POST http://localhost:8007/v1/chat/completions "HTTP/1.1 200 OK"
2026-08-17 08:37:05,598 - INFO - HTTP Request: POST http://localhost:8007/v1/chat/completions "HTTP/1.1 200 OK"

2026-08-17 08:37:10,176 - INFO - HTTP Request: POST http://localhost:8007/v1/chat/completions "HTTP/1.1 200 OK"

2026-08-17 08:37:18,223 - INFO - HTTP Request: POST http://localhost:8007/v1/chat/completions "HTTP/1.1 200 OK"

2026-08-17 08:37:21,268 - INFO - HTTP Request: POST http://localhost:8007/v1/chat/completions "HTTP/1.1 200 OK"
2026-08-17 08:37:29,839 - INFO - HTTP Request: POST http://localhost:8007/v1/chat/completions "HTTP/1.1 200 OK"
2026-08-17 08:37:34,125 - INFO - HTTP Request: POST http://localhost:8007/v1/chat/completions "HTTP/1.1 200 OK"

2026-08-17 08:37:34,998 - INFO - HTTP Request: POST http://localhost:8007/v1/chat/completions "HTTP/1.1 200 OK"
2026-08-17 08:37:42,712 - INFO - HTTP Request: POST http://localhost:8007/v1/chat/completions "HTTP/1.1 200 OK"

2026-08-17 08:37:43,147 - INFO - HTTP Request: POST http://localhost:8007/v1/chat/completions "HTTP/1.1 200 OK"
2026-08-17 08:37:47,822 - INFO - HTTP Request: POST http://localhost:8007/v1/chat/completions "HTTP/1.1 200 OK"

2026-08-17 08:37:55,870 - INFO - HTTP Request: POST http://localhost:8007/v1/chat/completions "HTTP/1.1 200 OK"

2026-08-17 08:38:02,820 - INFO - HTTP Request: POST http://localhost:8007/v1/chat/completions "HTTP/1.1 200 OK"
2026-08-17 08:38:03,847 - INFO - HTTP Request: POST http://localhost:8007/v1/chat/completions "HTTP/1.1 200 OK"
2026-08-17 08:38:07,851 - INFO - HTTP Request: POST http://localhost:8007/v1/chat/completions "HTTP/1.1 200 OK"
2026-08-17 08:38:14,758 - INFO - HTTP Request: POST http://localhost:8007/v1/chat/completions "HTTP/1.1 200 OK"

2026-08-17 08:38:16,720 - INFO - HTTP Request: POST http://localhost:8007/v1/chat/completions "HTTP/1.1 200 OK"
2026-08-17 08:38:18,563 - INFO - HTTP Request: POST http://localhost:8007/v1/chat/completions "HTTP/1.1 200 OK"

2026-08-17 08:38:20,743 - INFO - HTTP Request: POST http://localhost:8007/v1/chat/completions "HTTP/1.1 200 OK"

2026-08-17 08:38:27,915 - INFO - HTTP Request: POST http://localhost:8007/v1/chat/completions "HTTP/1.1 200 OK"

2026-08-17 08:38:38,548 - INFO - HTTP Request: POST http://localhost:8007/v1/chat/completions "HTTP/1.1 200 OK"
2026-08-17 08:38:44,079 - INFO - HTTP Request: POST http://localhost:8007/v1/chat/completions "HTTP/1.1 200 OK"
2026-08-17 08:38:50,106 - INFO - HTTP Request: POST http://localhost:8007/v1/chat/completions "HTTP/1.1 200 OK"
2026-08-17 08:38:51,514 - INFO - HTTP Request: POST http://localhost:8007/v1/chat/completions "HTTP/1.1 200 OK"

2026-08-17 08:38:57,610 - INFO - HTTP Request: POST http://localhost:8007/v1/chat/completions "HTTP/1.1 200 OK"
2026-08-17 08:38:57,828 - INFO - HTTP Request: POST http://localhost:8007/v1/chat/completions "HTTP/1.1 200 OK"

2026-08-17 08:39:05,326 - INFO - HTTP Request: POST http://localhost:8007/v1/chat/completions "HTTP/1.1 200 OK"

2026-08-17 08:39:12,068 - INFO - HTTP Request: POST http://localhost:8007/v1/chat/completions "HTTP/1.1 200 OK"

2026-08-17 08:39:18,145 - INFO - HTTP Request: POST http://localhost:8007/v1/chat/completions "HTTP/1.1 200 OK"
2026-08-17 08:39:21,343 - INFO - HTTP Request: POST http://localhost:8007/v1/chat/completions "HTTP/1.1 200 OK"
2026-08-17 08:39:26,013 - INFO - HTTP Request: POST http://localhost:8007/v1/chat/completions "HTTP/1.1 200 OK"
2026-08-17 08:39:33,142 - INFO - HTTP Request: POST http://localhost:8007/v1/chat/completions "HTTP/1.1 200 OK"
2026-08-17 08:39:33,863 - INFO - HTTP Request: POST http://localhost:8007/v1/chat/completions "HTTP/1.1 200 OK"

2026-08-17 08:39:34,993 - INFO - HTTP Request: POST http://localhost:8007/v1/chat/completions "HTTP/1.1 200 OK"

2026-08-17 08:39:42,617 - INFO - HTTP Request: POST http://localhost:8007/v1/chat/completions "HTTP/1.1 200 OK"

2026-08-17 08:39:46,533 - INFO - HTTP Request: POST http://localhost:8007/v1/chat/completions "HTTP/1.1 200 OK"

2026-08-17 08:40:03,033 - INFO - HTTP Request: POST http://localhost:8007/v1/chat/completions "HTTP/1.1 200 OK"
2026-08-17 08:40:08,410 - INFO - HTTP Request: POST http://localhost:8007/v1/chat/completions "HTTP/1.1 200 OK"
2026-08-17 08:40:12,430 - INFO - HTTP Request: POST http://localhost:8007/v1/chat/completions "HTTP/1.1 200 OK"
2026-08-17 08:40:16,726 - INFO - HTTP Request: POST http://localhost:8007/v1/chat/completions "HTTP/1.1 200 OK"
2026-08-17 08:40:16,945 - INFO - HTTP Request: POST http://localhost:8007/v1/chat/completions "HTTP/1.1 200 OK"

2026-08-17 08:40:22,504 - INFO - HTTP Request: POST http://localhost:8007/v1/chat/completions "HTTP/1.1 200 OK"

r0_cfg9:  42%|████▏     | 21/50 [34:32<1:01:23, 127.00s/it]2026-08-17 08:40:25,338 - INFO - HTTP Request: POST http://localhost:8007/v1/chat/completions "HTTP/1.1 200 OK"

2026-08-17 08:40:29,260 - INFO - HTTP Request: POST http://localhost:8007/v1/chat/completions "HTTP/1.1 200 OK"

2026-08-17 08:40:44,458 - INFO - HTTP Request: POST http://localhost:8007/v1/chat/completions "HTTP/1.1 200 OK"
2026-08-17 08:40:50,646 - INFO - HTTP Request: POST http://localhost:8007/v1/chat/completions "HTTP/1.1 200 OK"
2026-08-17 08:40:57,332 - INFO - HTTP Request: POST http://localhost:8007/v1/chat/completions "HTTP/1.1 200 OK"

2026-08-17 08:40:58,639 - INFO - HTTP Request: POST http://localhost:8007/v1/chat/completions "HTTP/1.1 200 OK"
2026-08-17 08:41:03,364 - INFO - HTTP Request: POST http://localhost:8007/v1/chat/completions "HTTP/1.1 200 OK"
2026-08-17 08:41:03,583 - INFO - HTTP Request: POST http://localhost:8007/v1/chat/completions "HTTP/1.1 200 OK"

r0_cfg9:  44%|████▍     | 22/50 [35:13<47:14, 101.22s/it]  2026-08-17 08:41:11,520 - INFO - HTTP Request: POST http://localhost:8007/v1/chat/completions "HTTP/1.1 200 OK"

r0_cfg9:  46%|████▌     | 23/50 [35:21<32:57, 73.22s/it] 2026-08-17 08:41:14,131 - INFO - HTTP Request: POST http://localhost:8007/v1/chat/completions "HTTP/1.1 200 OK"

r0_cfg9:  48%|████▊     | 24/50 [35:23<22:32, 52.04s/it]2026-08-17 08:41:24,109 - INFO - HTTP Request: POST http://localhost:8007/v1/chat/completions "HTTP/1.1 200 OK"
2026-08-17 08:41:25,999 - INFO - HTTP Request: POST http://localhost:8007/v1/chat/completions "HTTP/1.1 200 OK"
2026-08-17 08:41:34,144 - INFO - HTTP Request: POST http://localhost:8007/v1/chat/completions "HTTP/1.1 200 OK"
2026-08-17 08:41:37,071 - INFO - HTTP Request: POST http://localhost:8007/v1/chat/completions "HTTP/1.1 200 OK"
2026-08-17 08:41:39,611 - INFO - HTTP Request: POST http://localhost:8007/v1/chat/completions "HTTP/1.1 200 OK"

2026-08-17 08:41:39,830 - INFO - HTTP Request: POST http://localhost:8007/v1/chat/completions "HTTP/1.1 200 OK"

2026-08-17 08:41:48,745 - INFO - HTTP Request: POST http://localhost:8007/v1/chat/completions "HTTP/1.1 200 OK"

2026-08-17 08:41:50,920 - INFO - HTTP Request: POST http://localhost:8007/v1/chat/completions "HTTP/1.1 200 OK"

2026-08-17 08:42:03,933 - INFO - HTTP Request: POST http://localhost:8007/v1/chat/completions "HTTP/1.1 200 OK"
2026-08-17 08:42:06,208 - INFO - HTTP Request: POST http://localhost:8007/v1/chat/completions "HTTP/1.1 200 OK"
2026-08-17 08:42:15,446 - INFO - HTTP Request: POST http://localhost:8007/v1/chat/completions "HTTP/1.1 200 OK"
2026-08-17 08:42:17,769 - INFO - HTTP Request: POST http://localhost:8007/v1/chat/completions "HTTP/1.1 200 OK"
2026-08-17 08:42:20,268 - INFO - HTTP Request: POST http://localhost:8007/v1/chat/completions "HTTP/1.1 200 OK"

2026-08-17 08:42:21,802 - INFO - HTTP Request: POST http://localhost:8007/v1/chat/completions "HTTP/1.1 200 OK"

2026-08-17 08:42:25,720 - INFO - HTTP Request: POST http://localhost:8007/v1/chat/completions "HTTP/1.1 200 OK"

2026-08-17 08:42:27,893 - INFO - HTTP Request: POST http://localhost:8007/v1/chat/completions "HTTP/1.1 200 OK"

2026-08-17 08:42:44,166 - INFO - HTTP Request: POST http://localhost:8007/v1/chat/completions "HTTP/1.1 200 OK"
2026-08-17 08:42:46,437 - INFO - HTTP Request: POST http://localhost:8007/v1/chat/completions "HTTP/1.1 200 OK"
2026-08-17 08:42:50,721 - INFO - HTTP Request: POST http://localhost:8007/v1/chat/completions "HTTP/1.1 200 OK"
2026-08-17 08:42:53,044 - INFO - HTTP Request: POST http://localhost:8007/v1/chat/completions "HTTP/1.1 200 OK"
2026-08-17 08:42:57,720 - INFO - HTTP Request: POST http://localhost:8007/v1/chat/completions "HTTP/1.1 200 OK"

2026-08-17 08:42:58,601 - INFO - HTTP Request: POST http://localhost:8007/v1/chat/completions "HTTP/1.1 200 OK"

2026-08-17 08:43:01,219 - INFO - HTTP Request: POST http://localhost:8007/v1/chat/completions "HTTP/1.1 200 OK"

2026-08-17 08:43:06,657 - INFO - HTTP Request: POST http://localhost:8007/v1/chat/completions "HTTP/1.1 200 OK"

2026-08-17 08:43:17,078 - INFO - HTTP Request: POST http://localhost:8007/v1/chat/completions "HTTP/1.1 200 OK"
2026-08-17 08:43:23,047 - INFO - HTTP Request: POST http://localhost:8007/v1/chat/completions "HTTP/1.1 200 OK"
2026-08-17 08:43:25,756 - INFO - HTTP Request: POST http://localhost:8007/v1/chat/completions "HTTP/1.1 200 OK"
2026-08-17 08:43:25,974 - INFO - HTTP Request: POST http://localhost:8007/v1/chat/completions "HTTP/1.1 200 OK"

2026-08-17 08:43:31,338 - INFO - HTTP Request: POST http://localhost:8007/v1/chat/completions "HTTP/1.1 200 OK"
2026-08-17 08:43:37,531 - INFO - HTTP Request: POST http://localhost:8007/v1/chat/completions "HTTP/1.1 200 OK"

2026-08-17 08:43:39,932 - INFO - HTTP Request: POST http://localhost:8007/v1/chat/completions "HTTP/1.1 200 OK"

2026-08-17 08:43:43,851 - INFO - HTTP Request: POST http://localhost:8007/v1/chat/completions "HTTP/1.1 200 OK"

2026-08-17 08:43:55,136 - INFO - HTTP Request: POST http://localhost:8007/v1/chat/completions "HTTP/1.1 200 OK"
2026-08-17 08:43:57,190 - INFO - HTTP Request: POST http://localhost:8007/v1/chat/completions "HTTP/1.1 200 OK"
2026-08-17 08:44:00,339 - INFO - HTTP Request: POST http://localhost:8007/v1/chat/completions "HTTP/1.1 200 OK"
2026-08-17 08:44:04,403 - INFO - HTTP Request: POST http://localhost:8007/v1/chat/completions "HTTP/1.1 200 OK"
2026-08-17 08:44:06,461 - INFO - HTTP Request: POST http://localhost:8007/v1/chat/completions "HTTP/1.1 200 OK"

2026-08-17 08:44:09,731 - INFO - HTTP Request: POST http://localhost:8007/v1/chat/completions "HTTP/1.1 200 OK"

2026-08-17 08:44:09,949 - INFO - HTTP Request: POST http://localhost:8007/v1/chat/completions "HTTP/1.1 200 OK"

2026-08-17 08:44:15,383 - INFO - HTTP Request: POST http://localhost:8007/v1/chat/completions "HTTP/1.1 200 OK"

2026-08-17 08:44:29,923 - INFO - HTTP Request: POST http://localhost:8007/v1/chat/completions "HTTP/1.1 200 OK"
2026-08-17 08:44:35,459 - INFO - HTTP Request: POST http://localhost:8007/v1/chat/completions "HTTP/1.1 200 OK"
2026-08-17 08:44:39,037 - INFO - HTTP Request: POST http://localhost:8007/v1/chat/completions "HTTP/1.1 200 OK"
2026-08-17 08:44:42,232 - INFO - HTTP Request: POST http://localhost:8007/v1/chat/completions "HTTP/1.1 200 OK"

2026-08-17 08:44:44,845 - INFO - HTTP Request: POST http://localhost:8007/v1/chat/completions "HTTP/1.1 200 OK"
2026-08-17 08:44:44,846 - INFO - HTTP Request: POST http://localhost:8007/v1/chat/completions "HTTP/1.1 200 OK"

2026-08-17 08:44:52,985 - INFO - HTTP Request: POST http://localhost:8007/v1/chat/completions "HTTP/1.1 200 OK"

2026-08-17 08:44:58,638 - INFO - HTTP Request: POST http://localhost:8007/v1/chat/completions "HTTP/1.1 200 OK"

2026-08-17 08:45:05,151 - INFO - HTTP Request: POST http://localhost:8007/v1/chat/completions "HTTP/1.1 200 OK"
2026-08-17 08:45:12,045 - INFO - HTTP Request: POST http://localhost:8007/v1/chat/completions "HTTP/1.1 200 OK"
2026-08-17 08:45:13,670 - INFO - HTTP Request: POST http://localhost:8007/v1/chat/completions "HTTP/1.1 200 OK"
2026-08-17 08:45:15,779 - INFO - HTTP Request: POST http://localhost:8007/v1/chat/completions "HTTP/1.1 200 OK"

2026-08-17 08:45:19,480 - INFO - HTTP Request: POST http://localhost:8007/v1/chat/completions "HTTP/1.1 200 OK"
2026-08-17 08:45:25,895 - INFO - HTTP Request: POST http://localhost:8007/v1/chat/completions "HTTP/1.1 200 OK"

2026-08-17 08:45:27,423 - INFO - HTTP Request: POST http://localhost:8007/v1/chat/completions "HTTP/1.1 200 OK"

2026-08-17 08:45:32,214 - INFO - HTTP Request: POST http://localhost:8007/v1/chat/completions "HTTP/1.1 200 OK"

2026-08-17 08:45:45,240 - INFO - HTTP Request: POST http://localhost:8007/v1/chat/completions "HTTP/1.1 200 OK"
2026-08-17 08:45:55,396 - INFO - HTTP Request: POST http://localhost:8007/v1/chat/completions "HTTP/1.1 200 OK"
2026-08-17 08:45:57,933 - INFO - HTTP Request: POST http://localhost:8007/v1/chat/completions "HTTP/1.1 200 OK"

2026-08-17 08:46:00,335 - INFO - HTTP Request: POST http://localhost:8007/v1/chat/completions "HTTP/1.1 200 OK"
2026-08-17 08:46:02,305 - INFO - HTTP Request: POST http://localhost:8007/v1/chat/completions "HTTP/1.1 200 OK"
2026-08-17 08:46:08,069 - INFO - HTTP Request: POST http://localhost:8007/v1/chat/completions "HTTP/1.1 200 OK"

2026-08-17 08:46:14,392 - INFO - HTTP Request: POST http://localhost:8007/v1/chat/completions "HTTP/1.1 200 OK"

2026-08-17 08:46:16,140 - INFO - HTTP Request: POST http://localhost:8007/v1/chat/completions "HTTP/1.1 200 OK"

r0_cfg9:  50%|█████     | 25/50 [40:25<52:55, 127.04s/it]2026-08-17 08:46:31,768 - INFO - HTTP Request: POST http://localhost:8007/v1/chat/completions "HTTP/1.1 200 OK"
2026-08-17 08:46:38,437 - INFO - HTTP Request: POST http://localhost:8007/v1/chat/completions "HTTP/1.1 200 OK"
2026-08-17 08:46:41,802 - INFO - HTTP Request: POST http://localhost:8007/v1/chat/completions "HTTP/1.1 200 OK"
2026-08-17 08:46:44,999 - INFO - HTTP Request: POST http://localhost:8007/v1/chat/completions "HTTP/1.1 200 OK"

r0_cfg9:  52%|█████▏    | 26/50 [40:54<39:01, 97.58s/it] 2026-08-17 08:46:46,307 - INFO - HTTP Request: POST http://localhost:8007/v1/chat/completions "HTTP/1.1 200 OK"
2026-08-17 08:46:50,667 - INFO - HTTP Request: POST http://localhost:8007/v1/chat/completions "HTTP/1.1 200 OK"

2026-08-17 08:46:53,715 - INFO - HTTP Request: POST http://localhost:8007/v1/chat/completions "HTTP/1.1 200 OK"

r0_cfg9:  54%|█████▍    | 27/50 [41:03<27:11, 70.92s/it]2026-08-17 08:46:58,280 - INFO - HTTP Request: POST http://localhost:8007/v1/chat/completions "HTTP/1.1 200 OK"

r0_cfg9:  56%|█████▌    | 28/50 [41:08<18:42, 51.01s/it]2026-08-17 08:47:07,392 - INFO - HTTP Request: POST http://localhost:8007/v1/chat/completions "HTTP/1.1 200 OK"
2026-08-17 08:47:15,650 - INFO - HTTP Request: POST http://localhost:8007/v1/chat/completions "HTTP/1.1 200 OK"
2026-08-17 08:47:15,868 - INFO - HTTP Request: POST http://localhost:8007/v1/chat/completions "HTTP/1.1 200 OK"

2026-08-17 08:47:17,329 - INFO - HTTP Request: POST http://localhost:8007/v1/chat/completions "HTTP/1.1 200 OK"
2026-08-17 08:47:21,181 - INFO - HTTP Request: POST http://localhost:8007/v1/chat/completions "HTTP/1.1 200 OK"
2026-08-17 08:47:30,427 - INFO - HTTP Request: POST http://localhost:8007/v1/chat/completions "HTTP/1.1 200 OK"

2026-08-17 08:47:33,694 - INFO - HTTP Request: POST http://localhost:8007/v1/chat/completions "HTTP/1.1 200 OK"

2026-08-17 08:47:35,651 - INFO - HTTP Request: POST http://localhost:8007/v1/chat/completions "HTTP/1.1 200 OK"

2026-08-17 08:47:43,028 - INFO - HTTP Request: POST http://localhost:8007/v1/chat/completions "HTTP/1.1 200 OK"
2026-08-17 08:47:56,069 - INFO - HTTP Request: POST http://localhost:8007/v1/chat/completions "HTTP/1.1 200 OK"

2026-08-17 08:47:56,503 - INFO - HTTP Request: POST http://localhost:8007/v1/chat/completions "HTTP/1.1 200 OK"
2026-08-17 08:47:58,683 - INFO - HTTP Request: POST http://localhost:8007/v1/chat/completions "HTTP/1.1 200 OK"
2026-08-17 08:48:02,700 - INFO - HTTP Request: POST http://localhost:8007/v1/chat/completions "HTTP/1.1 200 OK"
2026-08-17 08:48:10,645 - INFO - HTTP Request: POST http://localhost:8007/v1/chat/completions "HTTP/1.1 200 OK"

2026-08-17 08:48:15,654 - INFO - HTTP Request: POST http://localhost:8007/v1/chat/completions "HTTP/1.1 200 OK"

2026-08-17 08:48:16,750 - INFO - HTTP Request: POST http://localhost:8007/v1/chat/completions "HTTP/1.1 200 OK"

2026-08-17 08:48:21,523 - INFO - HTTP Request: POST http://localhost:8007/v1/chat/completions "HTTP/1.1 200 OK"
2026-08-17 08:48:35,213 - INFO - HTTP Request: POST http://localhost:8007/v1/chat/completions "HTTP/1.1 200 OK"
2026-08-17 08:48:35,962 - INFO - HTTP Request: POST http://localhost:8007/v1/chat/completions "HTTP/1.1 200 OK"

2026-08-17 08:48:40,159 - INFO - HTTP Request: POST http://localhost:8007/v1/chat/completions "HTTP/1.1 200 OK"
2026-08-17 08:48:42,000 - INFO - HTTP Request: POST http://localhost:8007/v1/chat/completions "HTTP/1.1 200 OK"
2026-08-17 08:48:51,251 - INFO - HTTP Request: POST http://localhost:8007/v1/chat/completions "HTTP/1.1 200 OK"

2026-08-17 08:48:53,002 - INFO - HTTP Request: POST http://localhost:8007/v1/chat/completions "HTTP/1.1 200 OK"

2026-08-17 08:48:54,532 - INFO - HTTP Request: POST http://localhost:8007/v1/chat/completions "HTTP/1.1 200 OK"

2026-08-17 08:49:00,827 - INFO - HTTP Request: POST http://localhost:8007/v1/chat/completions "HTTP/1.1 200 OK"
2026-08-17 08:49:12,993 - INFO - HTTP Request: POST http://localhost:8007/v1/chat/completions "HTTP/1.1 200 OK"
2026-08-17 08:49:13,711 - INFO - HTTP Request: POST http://localhost:8007/v1/chat/completions "HTTP/1.1 200 OK"

2026-08-17 08:49:15,710 - INFO - HTTP Request: POST http://localhost:8007/v1/chat/completions "HTTP/1.1 200 OK"
2026-08-17 08:49:19,346 - INFO - HTTP Request: POST http://localhost:8007/v1/chat/completions "HTTP/1.1 200 OK"
2026-08-17 08:49:27,934 - INFO - HTTP Request: POST http://localhost:8007/v1/chat/completions "HTTP/1.1 200 OK"

2026-08-17 08:49:28,592 - INFO - HTTP Request: POST http://localhost:8007/v1/chat/completions "HTTP/1.1 200 OK"

2026-08-17 08:49:31,859 - INFO - HTTP Request: POST http://localhost:8007/v1/chat/completions "HTTP/1.1 200 OK"

2026-08-17 08:49:34,251 - INFO - HTTP Request: POST http://localhost:8007/v1/chat/completions "HTTP/1.1 200 OK"
2026-08-17 08:49:45,984 - INFO - HTTP Request: POST http://localhost:8007/v1/chat/completions "HTTP/1.1 200 OK"

2026-08-17 08:49:48,155 - INFO - HTTP Request: POST http://localhost:8007/v1/chat/completions "HTTP/1.1 200 OK"
2026-08-17 08:49:52,221 - INFO - HTTP Request: POST http://localhost:8007/v1/chat/completions "HTTP/1.1 200 OK"
2026-08-17 08:49:57,539 - INFO - HTTP Request: POST http://localhost:8007/v1/chat/completions "HTTP/1.1 200 OK"
2026-08-17 08:49:59,815 - INFO - HTTP Request: POST http://localhost:8007/v1/chat/completions "HTTP/1.1 200 OK"

2026-08-17 08:50:03,735 - INFO - HTTP Request: POST http://localhost:8007/v1/chat/completions "HTTP/1.1 200 OK"

2026-08-17 08:50:10,905 - INFO - HTTP Request: POST http://localhost:8007/v1/chat/completions "HTTP/1.1 200 OK"

2026-08-17 08:50:15,681 - INFO - HTTP Request: POST http://localhost:8007/v1/chat/completions "HTTP/1.1 200 OK"
2026-08-17 08:50:26,328 - INFO - HTTP Request: POST http://localhost:8007/v1/chat/completions "HTTP/1.1 200 OK"

2026-08-17 08:50:28,714 - INFO - HTTP Request: POST http://localhost:8007/v1/chat/completions "HTTP/1.1 200 OK"
2026-08-17 08:50:31,476 - INFO - HTTP Request: POST http://localhost:8007/v1/chat/completions "HTTP/1.1 200 OK"
2026-08-17 08:50:33,320 - INFO - HTTP Request: POST http://localhost:8007/v1/chat/completions "HTTP/1.1 200 OK"
2026-08-17 08:50:44,092 - INFO - HTTP Request: POST http://localhost:8007/v1/chat/completions "HTTP/1.1 200 OK"

2026-08-17 08:50:47,361 - INFO - HTTP Request: POST http://localhost:8007/v1/chat/completions "HTTP/1.1 200 OK"
2026-08-17 08:50:48,239 - INFO - HTTP Request: POST http://localhost:8007/v1/chat/completions "HTTP/1.1 200 OK"

2026-08-17 08:50:53,459 - INFO - HTTP Request: POST http://localhost:8007/v1/chat/completions "HTTP/1.1 200 OK"

2026-08-17 08:51:01,715 - INFO - HTTP Request: POST http://localhost:8007/v1/chat/completions "HTTP/1.1 200 OK"

2026-08-17 08:51:04,321 - INFO - HTTP Request: POST http://localhost:8007/v1/chat/completions "HTTP/1.1 200 OK"
2026-08-17 08:51:08,606 - INFO - HTTP Request: POST http://localhost:8007/v1/chat/completions "HTTP/1.1 200 OK"
2026-08-17 08:51:17,630 - INFO - HTTP Request: POST http://localhost:8007/v1/chat/completions "HTTP/1.1 200 OK"

2026-08-17 08:51:23,283 - INFO - HTTP Request: POST http://localhost:8007/v1/chat/completions "HTTP/1.1 200 OK"
2026-08-17 08:51:27,304 - INFO - HTTP Request: POST http://localhost:8007/v1/chat/completions "HTTP/1.1 200 OK"

2026-08-17 08:51:31,874 - INFO - HTTP Request: POST http://localhost:8007/v1/chat/completions "HTTP/1.1 200 OK"
2026-08-17 08:51:39,496 - INFO - HTTP Request: POST http://localhost:8007/v1/chat/completions "HTTP/1.1 200 OK"

2026-08-17 08:51:46,024 - INFO - HTTP Request: POST http://localhost:8007/v1/chat/completions "HTTP/1.1 200 OK"

2026-08-17 08:51:47,335 - INFO - HTTP Request: POST http://localhost:8007/v1/chat/completions "HTTP/1.1 200 OK"
2026-08-17 08:51:57,057 - INFO - HTTP Request: POST http://localhost:8007/v1/chat/completions "HTTP/1.1 200 OK"
2026-08-17 08:51:58,246 - INFO - HTTP Request: POST http://localhost:8007/v1/chat/completions "HTTP/1.1 200 OK"

2026-08-17 08:52:12,598 - INFO - HTTP Request: POST http://localhost:8007/v1/chat/completions "HTTP/1.1 200 OK"
2026-08-17 08:52:14,875 - INFO - HTTP Request: POST http://localhost:8007/v1/chat/completions "HTTP/1.1 200 OK"

2026-08-17 08:52:19,450 - INFO - HTTP Request: POST http://localhost:8007/v1/chat/completions "HTTP/1.1 200 OK"
2026-08-17 08:52:26,630 - INFO - HTTP Request: POST http://localhost:8007/v1/chat/completions "HTTP/1.1 200 OK"

r0_cfg9:  58%|█████▊    | 29/50 [46:36<46:58, 134.22s/it]2026-08-17 08:52:31,852 - INFO - HTTP Request: POST http://localhost:8007/v1/chat/completions "HTTP/1.1 200 OK"
2026-08-17 08:52:33,092 - INFO - HTTP Request: POST http://localhost:8007/v1/chat/completions "HTTP/1.1 200 OK"

r0_cfg9:  60%|██████    | 30/50 [46:42<31:57, 95.89s/it] 2026-08-17 08:52:44,833 - INFO - HTTP Request: POST http://localhost:8007/v1/chat/completions "HTTP/1.1 200 OK"

r0_cfg9:  62%|██████▏   | 31/50 [46:54<22:22, 70.64s/it]2026-08-17 08:52:48,090 - INFO - HTTP Request: POST http://localhost:8007/v1/chat/completions "HTTP/1.1 200 OK"
2026-08-17 08:52:49,491 - INFO - HTTP Request: POST http://localhost:8007/v1/chat/completions "HTTP/1.1 200 OK"
2026-08-17 08:52:55,664 - INFO - HTTP Request: POST http://localhost:8007/v1/chat/completions "HTTP/1.1 200 OK"
2026-08-17 08:53:01,204 - INFO - HTTP Request: POST http://localhost:8007/v1/chat/completions "HTTP/1.1 200 OK"

2026-08-17 08:53:06,648 - INFO - HTTP Request: POST http://localhost:8007/v1/chat/completions "HTTP/1.1 200 OK"

r0_cfg9:  64%|██████▍   | 32/50 [47:16<16:47, 56.00s/it]2026-08-17 08:53:07,738 - INFO - HTTP Request: POST http://localhost:8007/v1/chat/completions "HTTP/1.1 200 OK"
2026-08-17 08:53:09,254 - INFO - HTTP Request: POST http://localhost:8007/v1/chat/completions "HTTP/1.1 200 OK"

2026-08-17 08:53:23,365 - INFO - HTTP Request: POST http://localhost:8007/v1/chat/completions "HTTP/1.1 200 OK"

2026-08-17 08:53:27,271 - INFO - HTTP Request: POST http://localhost:8007/v1/chat/completions "HTTP/1.1 200 OK"
2026-08-17 08:53:29,170 - INFO - HTTP Request: POST http://localhost:8007/v1/chat/completions "HTTP/1.1 200 OK"
2026-08-17 08:53:36,014 - INFO - HTTP Request: POST http://localhost:8007/v1/chat/completions "HTTP/1.1 200 OK"
2026-08-17 08:53:38,730 - INFO - HTTP Request: POST http://localhost:8007/v1/chat/completions "HTTP/1.1 200 OK"

2026-08-17 08:53:40,256 - INFO - HTTP Request: POST http://localhost:8007/v1/chat/completions "HTTP/1.1 200 OK"

2026-08-17 08:53:46,124 - INFO - HTTP Request: POST http://localhost:8007/v1/chat/completions "HTTP/1.1 200 OK"

2026-08-17 08:53:50,464 - INFO - HTTP Request: POST http://localhost:8007/v1/chat/completions "HTTP/1.1 200 OK"
2026-08-17 08:54:01,322 - INFO - HTTP Request: POST http://localhost:8007/v1/chat/completions "HTTP/1.1 200 OK"

2026-08-17 08:54:03,276 - INFO - HTTP Request: POST http://localhost:8007/v1/chat/completions "HTTP/1.1 200 OK"
2026-08-17 08:54:06,837 - INFO - HTTP Request: POST http://localhost:8007/v1/chat/completions "HTTP/1.1 200 OK"
2026-08-17 08:54:11,339 - INFO - HTTP Request: POST http://localhost:8007/v1/chat/completions "HTTP/1.1 200 OK"
2026-08-17 08:54:17,318 - INFO - HTTP Request: POST http://localhost:8007/v1/chat/completions "HTTP/1.1 200 OK"

2026-08-17 08:54:20,157 - INFO - HTTP Request: POST http://localhost:8007/v1/chat/completions "HTTP/1.1 200 OK"

2026-08-17 08:54:24,940 - INFO - HTTP Request: POST http://localhost:8007/v1/chat/completions "HTTP/1.1 200 OK"

2026-08-17 08:54:26,682 - INFO - HTTP Request: POST http://localhost:8007/v1/chat/completions "HTTP/1.1 200 OK"
2026-08-17 08:54:39,931 - INFO - HTTP Request: POST http://localhost:8007/v1/chat/completions "HTTP/1.1 200 OK"

2026-08-17 08:54:41,023 - INFO - HTTP Request: POST http://localhost:8007/v1/chat/completions "HTTP/1.1 200 OK"
2026-08-17 08:54:45,093 - INFO - HTTP Request: POST http://localhost:8007/v1/chat/completions "HTTP/1.1 200 OK"
2026-08-17 08:54:49,815 - INFO - HTTP Request: POST http://localhost:8007/v1/chat/completions "HTTP/1.1 200 OK"
2026-08-17 08:54:55,355 - INFO - HTTP Request: POST http://localhost:8007/v1/chat/completions "HTTP/1.1 200 OK"

2026-08-17 08:54:57,540 - INFO - HTTP Request: POST http://localhost:8007/v1/chat/completions "HTTP/1.1 200 OK"

2026-08-17 08:55:02,327 - INFO - HTTP Request: POST http://localhost:8007/v1/chat/completions "HTTP/1.1 200 OK"

2026-08-17 08:55:05,155 - INFO - HTTP Request: POST http://localhost:8007/v1/chat/completions "HTTP/1.1 200 OK"
2026-08-17 08:55:15,293 - INFO - HTTP Request: POST http://localhost:8007/v1/chat/completions "HTTP/1.1 200 OK"
2026-08-17 08:55:18,421 - INFO - HTTP Request: POST http://localhost:8007/v1/chat/completions "HTTP/1.1 200 OK"

2026-08-17 08:55:21,903 - INFO - HTTP Request: POST http://localhost:8007/v1/chat/completions "HTTP/1.1 200 OK"
2026-08-17 08:55:22,875 - INFO - HTTP Request: POST http://localhost:8007/v1/chat/completions "HTTP/1.1 200 OK"
2026-08-17 08:55:27,321 - INFO - HTTP Request: POST http://localhost:8007/v1/chat/completions "HTTP/1.1 200 OK"

2026-08-17 08:55:31,895 - INFO - HTTP Request: POST http://localhost:8007/v1/chat/completions "HTTP/1.1 200 OK"

2026-08-17 08:55:35,156 - INFO - HTTP Request: POST http://localhost:8007/v1/chat/completions "HTTP/1.1 200 OK"

2026-08-17 08:55:38,853 - INFO - HTTP Request: POST http://localhost:8007/v1/chat/completions "HTTP/1.1 200 OK"
2026-08-17 08:55:49,926 - INFO - HTTP Request: POST http://localhost:8007/v1/chat/completions "HTTP/1.1 200 OK"

2026-08-17 08:55:55,135 - INFO - HTTP Request: POST http://localhost:8007/v1/chat/completions "HTTP/1.1 200 OK"
2026-08-17 08:55:56,590 - INFO - HTTP Request: POST http://localhost:8007/v1/chat/completions "HTTP/1.1 200 OK"
2026-08-17 08:56:01,457 - INFO - HTTP Request: POST http://localhost:8007/v1/chat/completions "HTTP/1.1 200 OK"
2026-08-17 08:56:08,302 - INFO - HTTP Request: POST http://localhost:8007/v1/chat/completions "HTTP/1.1 200 OK"

2026-08-17 08:56:10,917 - INFO - HTTP Request: POST http://localhost:8007/v1/chat/completions "HTTP/1.1 200 OK"

2026-08-17 08:56:12,659 - INFO - HTTP Request: POST http://localhost:8007/v1/chat/completions "HTTP/1.1 200 OK"

2026-08-17 08:56:19,602 - INFO - HTTP Request: POST http://localhost:8007/v1/chat/completions "HTTP/1.1 200 OK"
2026-08-17 08:56:28,221 - INFO - HTTP Request: POST http://localhost:8007/v1/chat/completions "HTTP/1.1 200 OK"

2026-08-17 08:56:28,439 - INFO - HTTP Request: POST http://localhost:8007/v1/chat/completions "HTTP/1.1 200 OK"
2026-08-17 08:56:33,088 - INFO - HTTP Request: POST http://localhost:8007/v1/chat/completions "HTTP/1.1 200 OK"
2026-08-17 08:56:40,368 - INFO - HTTP Request: POST http://localhost:8007/v1/chat/completions "HTTP/1.1 200 OK"
2026-08-17 08:56:44,171 - INFO - HTTP Request: POST http://localhost:8007/v1/chat/completions "HTTP/1.1 200 OK"

2026-08-17 08:56:45,046 - INFO - HTTP Request: POST http://localhost:8007/v1/chat/completions "HTTP/1.1 200 OK"

2026-08-17 08:56:49,178 - INFO - HTTP Request: POST http://localhost:8007/v1/chat/completions "HTTP/1.1 200 OK"
2026-08-17 08:56:51,133 - INFO - HTTP Request: POST http://localhost:8007/v1/chat/completions "HTTP/1.1 200 OK"

2026-08-17 08:57:01,127 - INFO - HTTP Request: POST http://localhost:8007/v1/chat/completions "HTTP/1.1 200 OK"

2026-08-17 08:57:11,113 - INFO - HTTP Request: POST http://localhost:8007/v1/chat/completions "HTTP/1.1 200 OK"
2026-08-17 08:57:13,874 - INFO - HTTP Request: POST http://localhost:8007/v1/chat/completions "HTTP/1.1 200 OK"
2026-08-17 08:57:15,048 - INFO - HTTP Request: POST http://localhost:8007/v1/chat/completions "HTTP/1.1 200 OK"
2026-08-17 08:57:22,335 - INFO - HTTP Request: POST http://localhost:8007/v1/chat/completions "HTTP/1.1 200 OK"

2026-08-17 08:57:27,780 - INFO - HTTP Request: POST http://localhost:8007/v1/chat/completions "HTTP/1.1 200 OK"

2026-08-17 08:57:27,997 - INFO - HTTP Request: POST http://localhost:8007/v1/chat/completions "HTTP/1.1 200 OK"

2026-08-17 08:57:31,263 - INFO - HTTP Request: POST http://localhost:8007/v1/chat/completions "HTTP/1.1 200 OK"
2026-08-17 08:57:46,039 - INFO - HTTP Request: POST http://localhost:8007/v1/chat/completions "HTTP/1.1 200 OK"

2026-08-17 08:57:51,690 - INFO - HTTP Request: POST http://localhost:8007/v1/chat/completions "HTTP/1.1 200 OK"
2026-08-17 08:58:00,756 - INFO - HTTP Request: POST http://localhost:8007/v1/chat/completions "HTTP/1.1 200 OK"
2026-08-17 08:58:01,453 - INFO - HTTP Request: POST http://localhost:8007/v1/chat/completions "HTTP/1.1 200 OK"
2026-08-17 08:58:05,293 - INFO - HTTP Request: POST http://localhost:8007/v1/chat/completions "HTTP/1.1 200 OK"

2026-08-17 08:58:14,660 - INFO - HTTP Request: POST http://localhost:8007/v1/chat/completions "HTTP/1.1 200 OK"

r0_cfg9:  66%|██████▌   | 33/50 [52:24<37:17, 131.60s/it]2026-08-17 08:58:17,271 - INFO - HTTP Request: POST http://localhost:8007/v1/chat/completions "HTTP/1.1 200 OK"

r0_cfg9:  68%|██████▊   | 34/50 [52:26<24:46, 92.90s/it] 2026-08-17 08:58:20,092 - INFO - HTTP Request: POST http://localhost:8007/v1/chat/completions "HTTP/1.1 200 OK"
2026-08-17 08:58:34,867 - INFO - HTTP Request: POST http://localhost:8007/v1/chat/completions "HTTP/1.1 200 OK"

r0_cfg9:  70%|███████   | 35/50 [52:44<17:34, 70.31s/it]2026-08-17 08:58:36,604 - INFO - HTTP Request: POST http://localhost:8007/v1/chat/completions "HTTP/1.1 200 OK"
2026-08-17 08:58:38,872 - INFO - HTTP Request: POST http://localhost:8007/v1/chat/completions "HTTP/1.1 200 OK"
2026-08-17 08:58:40,114 - INFO - HTTP Request: POST http://localhost:8007/v1/chat/completions "HTTP/1.1 200 OK"
2026-08-17 08:58:49,416 - INFO - HTTP Request: POST http://localhost:8007/v1/chat/completions "HTTP/1.1 200 OK"

2026-08-17 08:58:49,633 - INFO - HTTP Request: POST http://localhost:8007/v1/chat/completions "HTTP/1.1 200 OK"

2026-08-17 08:58:52,246 - INFO - HTTP Request: POST http://localhost:8007/v1/chat/completions "HTTP/1.1 200 OK"

r0_cfg9:  72%|███████▏  | 36/50 [53:01<12:42, 54.43s/it]2026-08-17 08:58:57,885 - INFO - HTTP Request: POST http://localhost:8007/v1/chat/completions "HTTP/1.1 200 OK"
2026-08-17 08:59:08,414 - INFO - HTTP Request: POST http://localhost:8007/v1/chat/completions "HTTP/1.1 200 OK"

2026-08-17 08:59:14,489 - INFO - HTTP Request: POST http://localhost:8007/v1/chat/completions "HTTP/1.1 200 OK"
2026-08-17 08:59:15,945 - INFO - HTTP Request: POST http://localhost:8007/v1/chat/completions "HTTP/1.1 200 OK"
2026-08-17 08:59:16,162 - INFO - HTTP Request: POST http://localhost:8007/v1/chat/completions "HTTP/1.1 200 OK"
2026-08-17 08:59:27,308 - INFO - HTTP Request: POST http://localhost:8007/v1/chat/completions "HTTP/1.1 200 OK"

2026-08-17 08:59:27,745 - INFO - HTTP Request: POST http://localhost:8007/v1/chat/completions "HTTP/1.1 200 OK"

2026-08-17 08:59:30,140 - INFO - HTTP Request: POST http://localhost:8007/v1/chat/completions "HTTP/1.1 200 OK"

2026-08-17 08:59:35,563 - INFO - HTTP Request: POST http://localhost:8007/v1/chat/completions "HTTP/1.1 200 OK"
2026-08-17 08:59:50,224 - INFO - HTTP Request: POST http://localhost:8007/v1/chat/completions "HTTP/1.1 200 OK"

2026-08-17 08:59:52,395 - INFO - HTTP Request: POST http://localhost:8007/v1/chat/completions "HTTP/1.1 200 OK"
2026-08-17 08:59:54,015 - INFO - HTTP Request: POST http://localhost:8007/v1/chat/completions "HTTP/1.1 200 OK"
2026-08-17 08:59:55,476 - INFO - HTTP Request: POST http://localhost:8007/v1/chat/completions "HTTP/1.1 200 OK"
2026-08-17 09:00:05,654 - INFO - HTTP Request: POST http://localhost:8007/v1/chat/completions "HTTP/1.1 200 OK"

2026-08-17 09:00:05,872 - INFO - HTTP Request: POST http://localhost:8007/v1/chat/completions "HTTP/1.1 200 OK"

2026-08-17 09:00:06,310 - INFO - HTTP Request: POST http://localhost:8007/v1/chat/completions "HTTP/1.1 200 OK"

2026-08-17 09:00:15,644 - INFO - HTTP Request: POST http://localhost:8007/v1/chat/completions "HTTP/1.1 200 OK"
2026-08-17 09:00:30,086 - INFO - HTTP Request: POST http://localhost:8007/v1/chat/completions "HTTP/1.1 200 OK"
2026-08-17 09:00:30,087 - INFO - HTTP Request: POST http://localhost:8007/v1/chat/completions "HTTP/1.1 200 OK"
2026-08-17 09:00:31,633 - INFO - HTTP Request: POST http://localhost:8007/v1/chat/completions "HTTP/1.1 200 OK"
2026-08-17 09:00:31,634 - INFO - HTTP Request: POST http://localhost:8007/v1/chat/completions "HTTP/1.1 200 OK"

2026-08-17 09:00:42,460 - INFO - HTTP Request: POST http://localhost:8007/v1/chat/completions "HTTP/1.1 200 OK"

2026-08-17 09:00:42,895 - INFO - HTTP Request: POST http://localhost:8007/v1/chat/completions "HTTP/1.1 200 OK"

2026-08-17 09:00:43,340 - INFO - HTTP Request: POST http://localhost:8007/v1/chat/completions "HTTP/1.1 200 OK"

2026-08-17 09:00:56,149 - INFO - HTTP Request: POST http://localhost:8007/v1/chat/completions "HTTP/1.1 200 OK"
2026-08-17 09:01:02,663 - INFO - HTTP Request: POST http://localhost:8007/v1/chat/completions "HTTP/1.1 200 OK"
2026-08-17 09:01:03,972 - INFO - HTTP Request: POST http://localhost:8007/v1/chat/completions "HTTP/1.1 200 OK"
2026-08-17 09:01:07,773 - INFO - HTTP Request: POST http://localhost:8007/v1/chat/completions "HTTP/1.1 200 OK"
2026-08-17 09:01:09,888 - INFO - HTTP Request: POST http://localhost:8007/v1/chat/completions "HTTP/1.1 200 OK"

2026-08-17 09:01:13,819 - INFO - HTTP Request: POST http://localhost:8007/v1/chat/completions "HTTP/1.1 200 OK"

2026-08-17 09:01:19,915 - INFO - HTTP Request: POST http://localhost:8007/v1/chat/completions "HTTP/1.1 200 OK"

2026-08-17 09:01:20,132 - INFO - HTTP Request: POST http://localhost:8007/v1/chat/completions "HTTP/1.1 200 OK"

2026-08-17 09:01:29,688 - INFO - HTTP Request: POST http://localhost:8007/v1/chat/completions "HTTP/1.1 200 OK"
2026-08-17 09:01:40,218 - INFO - HTTP Request: POST http://localhost:8007/v1/chat/completions "HTTP/1.1 200 OK"
2026-08-17 09:01:42,983 - INFO - HTTP Request: POST http://localhost:8007/v1/chat/completions "HTTP/1.1 200 OK"

2026-08-17 09:01:43,200 - INFO - HTTP Request: POST http://localhost:8007/v1/chat/completions "HTTP/1.1 200 OK"
2026-08-17 09:01:49,170 - INFO - HTTP Request: POST http://localhost:8007/v1/chat/completions "HTTP/1.1 200 OK"

2026-08-17 09:01:49,605 - INFO - HTTP Request: POST http://localhost:8007/v1/chat/completions "HTTP/1.1 200 OK"
2026-08-17 09:01:58,407 - INFO - HTTP Request: POST http://localhost:8007/v1/chat/completions "HTTP/1.1 200 OK"

2026-08-17 09:02:04,276 - INFO - HTTP Request: POST http://localhost:8007/v1/chat/completions "HTTP/1.1 200 OK"

2026-08-17 09:02:12,306 - INFO - HTTP Request: POST http://localhost:8007/v1/chat/completions "HTTP/1.1 200 OK"
2026-08-17 09:02:18,489 - INFO - HTTP Request: POST http://localhost:8007/v1/chat/completions "HTTP/1.1 200 OK"
2026-08-17 09:02:18,706 - INFO - HTTP Request: POST http://localhost:8007/v1/chat/completions "HTTP/1.1 200 OK"
2026-08-17 09:02:24,839 - INFO - HTTP Request: POST http://localhost:8007/v1/chat/completions "HTTP/1.1 200 OK"

2026-08-17 09:02:25,275 - INFO - HTTP Request: POST http://localhost:8007/v1/chat/completions "HTTP/1.1 200 OK"
2026-08-17 09:02:31,753 - INFO - HTTP Request: POST http://localhost:8007/v1/chat/completions "HTTP/1.1 200 OK"

2026-08-17 09:02:31,754 - INFO - HTTP Request: POST http://localhost:8007/v1/chat/completions "HTTP/1.1 200 OK"

2026-08-17 09:02:40,887 - INFO - HTTP Request: POST http://localhost:8007/v1/chat/completions "HTTP/1.1 200 OK"

2026-08-17 09:02:45,229 - INFO - HTTP Request: POST http://localhost:8007/v1/chat/completions "HTTP/1.1 200 OK"
2026-08-17 09:02:52,068 - INFO - HTTP Request: POST http://localhost:8007/v1/chat/completions "HTTP/1.1 200 OK"
2026-08-17 09:03:01,584 - INFO - HTTP Request: POST http://localhost:8007/v1/chat/completions "HTTP/1.1 200 OK"
2026-08-17 09:03:03,864 - INFO - HTTP Request: POST http://localhost:8007/v1/chat/completions "HTTP/1.1 200 OK"

2026-08-17 09:03:04,082 - INFO - HTTP Request: POST http://localhost:8007/v1/chat/completions "HTTP/1.1 200 OK"

2026-08-17 09:03:11,044 - INFO - HTTP Request: POST http://localhost:8007/v1/chat/completions "HTTP/1.1 200 OK"
2026-08-17 09:03:15,334 - INFO - HTTP Request: POST http://localhost:8007/v1/chat/completions "HTTP/1.1 200 OK"

2026-08-17 09:03:26,429 - INFO - HTTP Request: POST http://localhost:8007/v1/chat/completions "HTTP/1.1 200 OK"

2026-08-17 09:03:33,385 - INFO - HTTP Request: POST http://localhost:8007/v1/chat/completions "HTTP/1.1 200 OK"
2026-08-17 09:03:33,602 - INFO - HTTP Request: POST http://localhost:8007/v1/chat/completions "HTTP/1.1 200 OK"
2026-08-17 09:03:45,613 - INFO - HTTP Request: POST http://localhost:8007/v1/chat/completions "HTTP/1.1 200 OK"

2026-08-17 09:03:46,277 - INFO - HTTP Request: POST http://localhost:8007/v1/chat/completions "HTTP/1.1 200 OK"

2026-08-17 09:03:49,105 - INFO - HTTP Request: POST http://localhost:8007/v1/chat/completions "HTTP/1.1 200 OK"
2026-08-17 09:03:59,635 - INFO - HTTP Request: POST http://localhost:8007/v1/chat/completions "HTTP/1.1 200 OK"

r0_cfg9:  74%|███████▍  | 37/50 [58:09<28:14, 130.32s/it]2026-08-17 09:04:00,504 - INFO - HTTP Request: POST http://localhost:8007/v1/chat/completions "HTTP/1.1 200 OK"
2026-08-17 09:04:13,485 - INFO - HTTP Request: POST http://localhost:8007/v1/chat/completions "HTTP/1.1 200 OK"

r0_cfg9:  76%|███████▌  | 38/50 [58:23<19:04, 95.38s/it] 2026-08-17 09:04:18,045 - INFO - HTTP Request: POST http://localhost:8007/v1/chat/completions "HTTP/1.1 200 OK"
2026-08-17 09:04:19,216 - INFO - HTTP Request: POST http://localhost:8007/v1/chat/completions "HTTP/1.1 200 OK"
2026-08-17 09:04:22,796 - INFO - HTTP Request: POST http://localhost:8007/v1/chat/completions "HTTP/1.1 200 OK"
2026-08-17 09:04:32,540 - INFO - HTTP Request: POST http://localhost:8007/v1/chat/completions "HTTP/1.1 200 OK"

r0_cfg9:  78%|███████▊  | 39/50 [58:42<13:17, 72.48s/it]2026-08-17 09:04:36,244 - INFO - HTTP Request: POST http://localhost:8007/v1/chat/completions "HTTP/1.1 200 OK"

r0_cfg9:  80%|████████  | 40/50 [58:45<08:38, 51.85s/it]2026-08-17 09:04:36,680 - INFO - HTTP Request: POST http://localhost:8007/v1/chat/completions "HTTP/1.1 200 OK"
2026-08-17 09:04:42,647 - INFO - HTTP Request: POST http://localhost:8007/v1/chat/completions "HTTP/1.1 200 OK"

2026-08-17 09:04:50,904 - INFO - HTTP Request: POST http://localhost:8007/v1/chat/completions "HTTP/1.1 200 OK"

2026-08-17 09:04:54,810 - INFO - HTTP Request: POST http://localhost:8007/v1/chat/completions "HTTP/1.1 200 OK"
2026-08-17 09:04:58,874 - INFO - HTTP Request: POST http://localhost:8007/v1/chat/completions "HTTP/1.1 200 OK"
2026-08-17 09:05:06,585 - INFO - HTTP Request: POST http://localhost:8007/v1/chat/completions "HTTP/1.1 200 OK"

2026-08-17 09:05:09,410 - INFO - HTTP Request: POST http://localhost:8007/v1/chat/completions "HTTP/1.1 200 OK"
2026-08-17 09:05:17,397 - INFO - HTTP Request: POST http://localhost:8007/v1/chat/completions "HTTP/1.1 200 OK"

2026-08-17 09:05:18,056 - INFO - HTTP Request: POST http://localhost:8007/v1/chat/completions "HTTP/1.1 200 OK"
2026-08-17 09:05:22,282 - INFO - HTTP Request: POST http://localhost:8007/v1/chat/completions "HTTP/1.1 200 OK"

2026-08-17 09:05:30,538 - INFO - HTTP Request: POST http://localhost:8007/v1/chat/completions "HTTP/1.1 200 OK"

2026-08-17 09:05:33,359 - INFO - HTTP Request: POST http://localhost:8007/v1/chat/completions "HTTP/1.1 200 OK"
2026-08-17 09:05:44,165 - INFO - HTTP Request: POST http://localhost:8007/v1/chat/completions "HTTP/1.1 200 OK"
2026-08-17 09:05:47,363 - INFO - HTTP Request: POST http://localhost:8007/v1/chat/completions "HTTP/1.1 200 OK"
2026-08-17 09:05:52,965 - INFO - HTTP Request: POST http://localhost:8007/v1/chat/completions "HTTP/1.1 200 OK"

2026-08-17 09:05:55,581 - INFO - HTTP Request: POST http://localhost:8007/v1/chat/completions "HTTP/1.1 200 OK"

2026-08-17 09:05:56,015 - INFO - HTTP Request: POST http://localhost:8007/v1/chat/completions "HTTP/1.1 200 OK"
2026-08-17 09:05:59,160 - INFO - HTTP Request: POST http://localhost:8007/v1/chat/completions "HTTP/1.1 200 OK"

2026-08-17 09:06:08,944 - INFO - HTTP Request: POST http://localhost:8007/v1/chat/completions "HTTP/1.1 200 OK"

2026-08-17 09:06:17,631 - INFO - HTTP Request: POST http://localhost:8007/v1/chat/completions "HTTP/1.1 200 OK"
2026-08-17 09:06:20,610 - INFO - HTTP Request: POST http://localhost:8007/v1/chat/completions "HTTP/1.1 200 OK"
2026-08-17 09:06:24,024 - INFO - HTTP Request: POST http://localhost:8007/v1/chat/completions "HTTP/1.1 200 OK"
2026-08-17 09:06:31,145 - INFO - HTTP Request: POST http://localhost:8007/v1/chat/completions "HTTP/1.1 200 OK"

2026-08-17 09:06:33,985 - INFO - HTTP Request: POST http://localhost:8007/v1/chat/completions "HTTP/1.1 200 OK"
2026-08-17 09:06:33,986 - INFO - HTTP Request: POST http://localhost:8007/v1/chat/completions "HTTP/1.1 200 OK"

2026-08-17 09:06:36,475 - INFO - HTTP Request: POST http://localhost:8007/v1/chat/completions "HTTP/1.1 200 OK"

2026-08-17 09:06:47,128 - INFO - HTTP Request: POST http://localhost:8007/v1/chat/completions "HTTP/1.1 200 OK"

2026-08-17 09:06:55,597 - INFO - HTTP Request: POST http://localhost:8007/v1/chat/completions "HTTP/1.1 200 OK"
2026-08-17 09:06:56,621 - INFO - HTTP Request: POST http://localhost:8007/v1/chat/completions "HTTP/1.1 200 OK"
2026-08-17 09:06:58,948 - INFO - HTTP Request: POST http://localhost:8007/v1/chat/completions "HTTP/1.1 200 OK"
2026-08-17 09:07:07,981 - INFO - HTTP Request: POST http://localhost:8007/v1/chat/completions "HTTP/1.1 200 OK"
2026-08-17 09:07:09,170 - INFO - HTTP Request: POST http://localhost:8007/v1/chat/completions "HTTP/1.1 200 OK"

2026-08-17 09:07:09,606 - INFO - HTTP Request: POST http://localhost:8007/v1/chat/completions "HTTP/1.1 200 OK"

2026-08-17 09:07:11,796 - INFO - HTTP Request: POST http://localhost:8007/v1/chat/completions "HTTP/1.1 200 OK"

2026-08-17 09:07:19,623 - INFO - HTTP Request: POST http://localhost:8007/v1/chat/completions "HTTP/1.1 200 OK"

2026-08-17 09:07:28,955 - INFO - HTTP Request: POST http://localhost:8007/v1/chat/completions "HTTP/1.1 200 OK"
2026-08-17 09:07:31,495 - INFO - HTTP Request: POST http://localhost:8007/v1/chat/completions "HTTP/1.1 200 OK"
2026-08-17 09:07:39,110 - INFO - HTTP Request: POST http://localhost:8007/v1/chat/completions "HTTP/1.1 200 OK"
2026-08-17 09:07:39,831 - INFO - HTTP Request: POST http://localhost:8007/v1/chat/completions "HTTP/1.1 200 OK"

2026-08-17 09:07:41,828 - INFO - HTTP Request: POST http://localhost:8007/v1/chat/completions "HTTP/1.1 200 OK"

2026-08-17 09:07:49,437 - INFO - HTTP Request: POST http://localhost:8007/v1/chat/completions "HTTP/1.1 200 OK"
2026-08-17 09:07:52,357 - INFO - HTTP Request: POST http://localhost:8007/v1/chat/completions "HTTP/1.1 200 OK"

2026-08-17 09:08:03,444 - INFO - HTTP Request: POST http://localhost:8007/v1/chat/completions "HTTP/1.1 200 OK"

2026-08-17 09:08:08,870 - INFO - HTTP Request: POST http://localhost:8007/v1/chat/completions "HTTP/1.1 200 OK"
2026-08-17 09:08:11,147 - INFO - HTTP Request: POST http://localhost:8007/v1/chat/completions "HTTP/1.1 200 OK"
2026-08-17 09:08:12,987 - INFO - HTTP Request: POST http://localhost:8007/v1/chat/completions "HTTP/1.1 200 OK"
2026-08-17 09:08:24,477 - INFO - HTTP Request: POST http://localhost:8007/v1/chat/completions "HTTP/1.1 200 OK"
2026-08-17 09:08:24,478 - INFO - HTTP Request: POST http://localhost:8007/v1/chat/completions "HTTP/1.1 200 OK"

2026-08-17 09:08:25,882 - INFO - HTTP Request: POST http://localhost:8007/v1/chat/completions "HTTP/1.1 200 OK"

2026-08-17 09:08:28,061 - INFO - HTTP Request: POST http://localhost:8007/v1/chat/completions "HTTP/1.1 200 OK"

2026-08-17 09:08:36,976 - INFO - HTTP Request: POST http://localhost:8007/v1/chat/completions "HTTP/1.1 200 OK"

2026-08-17 09:08:44,791 - INFO - HTTP Request: POST http://localhost:8007/v1/chat/completions "HTTP/1.1 200 OK"
2026-08-17 09:08:48,423 - INFO - HTTP Request: POST http://localhost:8007/v1/chat/completions "HTTP/1.1 200 OK"
2026-08-17 09:08:54,452 - INFO - HTTP Request: POST http://localhost:8007/v1/chat/completions "HTTP/1.1 200 OK"

2026-08-17 09:08:55,759 - INFO - HTTP Request: POST http://localhost:8007/v1/chat/completions "HTTP/1.1 200 OK"
2026-08-17 09:09:03,315 - INFO - HTTP Request: POST http://localhost:8007/v1/chat/completions "HTTP/1.1 200 OK"

2026-08-17 09:09:07,233 - INFO - HTTP Request: POST http://localhost:8007/v1/chat/completions "HTTP/1.1 200 OK"
2026-08-17 09:09:13,857 - INFO - HTTP Request: POST http://localhost:8007/v1/chat/completions "HTTP/1.1 200 OK"

2026-08-17 09:09:17,128 - INFO - HTTP Request: POST http://localhost:8007/v1/chat/completions "HTTP/1.1 200 OK"

2026-08-17 09:09:24,298 - INFO - HTTP Request: POST http://localhost:8007/v1/chat/completions "HTTP/1.1 200 OK"
2026-08-17 09:09:33,149 - INFO - HTTP Request: POST http://localhost:8007/v1/chat/completions "HTTP/1.1 200 OK"
2026-08-17 09:09:37,873 - INFO - HTTP Request: POST http://localhost:8007/v1/chat/completions "HTTP/1.1 200 OK"

2026-08-17 09:09:47,011 - INFO - HTTP Request: POST http://localhost:8007/v1/chat/completions "HTTP/1.1 200 OK"
2026-08-17 09:09:50,868 - INFO - HTTP Request: POST http://localhost:8007/v1/chat/completions "HTTP/1.1 200 OK"
2026-08-17 09:09:51,604 - INFO - HTTP Request: POST http://localhost:8007/v1/chat/completions "HTTP/1.1 200 OK"

2026-08-17 09:10:01,209 - INFO - HTTP Request: POST http://localhost:8007/v1/chat/completions "HTTP/1.1 200 OK"

r0_cfg9:  82%|████████▏ | 41/50 [1:04:10<20:04, 133.78s/it]2026-08-17 09:10:01,645 - INFO - HTTP Request: POST http://localhost:8007/v1/chat/completions "HTTP/1.1 200 OK"

r0_cfg9:  84%|████████▍ | 42/50 [1:04:11<12:30, 93.78s/it] 2026-08-17 09:10:11,628 - INFO - HTTP Request: POST http://localhost:8007/v1/chat/completions "HTTP/1.1 200 OK"
2026-08-17 09:10:23,085 - INFO - HTTP Request: POST http://localhost:8007/v1/chat/completions "HTTP/1.1 200 OK"
2026-08-17 09:10:24,110 - INFO - HTTP Request: POST http://localhost:8007/v1/chat/completions "HTTP/1.1 200 OK"
2026-08-17 09:10:24,327 - INFO - HTTP Request: POST http://localhost:8007/v1/chat/completions "HTTP/1.1 200 OK"

2026-08-17 09:10:24,328 - INFO - HTTP Request: POST http://localhost:8007/v1/chat/completions "HTTP/1.1 200 OK"
r0_cfg9:  86%|████████▌ | 43/50 [1:04:34<08:27, 72.45s/it]2026-08-17 09:10:37,425 - INFO - HTTP Request: POST http://localhost:8007/v1/chat/completions "HTTP/1.1 200 OK"

2026-08-17 09:10:37,642 - INFO - HTTP Request: POST http://localhost:8007/v1/chat/completions "HTTP/1.1 200 OK"

r0_cfg9:  88%|████████▊ | 44/50 [1:04:47<05:28, 54.71s/it]2026-08-17 09:10:39,385 - INFO - HTTP Request: POST http://localhost:8007/v1/chat/completions "HTTP/1.1 200 OK"

2026-08-17 09:10:46,757 - INFO - HTTP Request: POST http://localhost:8007/v1/chat/completions "HTTP/1.1 200 OK"
2026-08-17 09:10:58,149 - INFO - HTTP Request: POST http://localhost:8007/v1/chat/completions "HTTP/1.1 200 OK"

2026-08-17 09:10:59,886 - INFO - HTTP Request: POST http://localhost:8007/v1/chat/completions "HTTP/1.1 200 OK"
2026-08-17 09:11:04,115 - INFO - HTTP Request: POST http://localhost:8007/v1/chat/completions "HTTP/1.1 200 OK"
2026-08-17 09:11:06,440 - INFO - HTTP Request: POST http://localhost:8007/v1/chat/completions "HTTP/1.1 200 OK"
2026-08-17 09:11:12,641 - INFO - HTTP Request: POST http://localhost:8007/v1/chat/completions "HTTP/1.1 200 OK"

2026-08-17 09:11:17,866 - INFO - HTTP Request: POST http://localhost:8007/v1/chat/completions "HTTP/1.1 200 OK"

2026-08-17 09:11:20,910 - INFO - HTTP Request: POST http://localhost:8007/v1/chat/completions "HTTP/1.1 200 OK"

2026-08-17 09:11:25,250 - INFO - HTTP Request: POST http://localhost:8007/v1/chat/completions "HTTP/1.1 200 OK"
2026-08-17 09:11:38,602 - INFO - HTTP Request: POST http://localhost:8007/v1/chat/completions "HTTP/1.1 200 OK"

2026-08-17 09:11:39,035 - INFO - HTTP Request: POST http://localhost:8007/v1/chat/completions "HTTP/1.1 200 OK"
2026-08-17 09:11:42,831 - INFO - HTTP Request: POST http://localhost:8007/v1/chat/completions "HTTP/1.1 200 OK"
2026-08-17 09:11:46,246 - INFO - HTTP Request: POST http://localhost:8007/v1/chat/completions "HTTP/1.1 200 OK"
2026-08-17 09:11:53,973 - INFO - HTTP Request: POST http://localhost:8007/v1/chat/completions "HTTP/1.1 200 OK"

2026-08-17 09:11:56,804 - INFO - HTTP Request: POST http://localhost:8007/v1/chat/completions "HTTP/1.1 200 OK"

2026-08-17 09:12:02,461 - INFO - HTTP Request: POST http://localhost:8007/v1/chat/completions "HTTP/1.1 200 OK"

2026-08-17 09:12:02,895 - INFO - HTTP Request: POST http://localhost:8007/v1/chat/completions "HTTP/1.1 200 OK"
2026-08-17 09:12:16,320 - INFO - HTTP Request: POST http://localhost:8007/v1/chat/completions "HTTP/1.1 200 OK"

2026-08-17 09:12:18,714 - INFO - HTTP Request: POST http://localhost:8007/v1/chat/completions "HTTP/1.1 200 OK"
2026-08-17 09:12:21,423 - INFO - HTTP Request: POST http://localhost:8007/v1/chat/completions "HTTP/1.1 200 OK"
2026-08-17 09:12:27,397 - INFO - HTTP Request: POST http://localhost:8007/v1/chat/completions "HTTP/1.1 200 OK"
2026-08-17 09:12:33,376 - INFO - HTTP Request: POST http://localhost:8007/v1/chat/completions "HTTP/1.1 200 OK"

2026-08-17 09:12:34,038 - INFO - HTTP Request: POST http://localhost:8007/v1/chat/completions "HTTP/1.1 200 OK"

2026-08-17 09:12:40,562 - INFO - HTTP Request: POST http://localhost:8007/v1/chat/completions "HTTP/1.1 200 OK"

2026-08-17 09:12:41,436 - INFO - HTTP Request: POST http://localhost:8007/v1/chat/completions "HTTP/1.1 200 OK"
2026-08-17 09:12:53,699 - INFO - HTTP Request: POST http://localhost:8007/v1/chat/completions "HTTP/1.1 200 OK"

2026-08-17 09:12:53,702 - INFO - HTTP Request: POST http://localhost:8007/v1/chat/completions "HTTP/1.1 200 OK"
2026-08-17 09:12:57,981 - INFO - HTTP Request: POST http://localhost:8007/v1/chat/completions "HTTP/1.1 200 OK"
2026-08-17 09:13:01,344 - INFO - HTTP Request: POST http://localhost:8007/v1/chat/completions "HTTP/1.1 200 OK"
2026-08-17 09:13:06,891 - INFO - HTTP Request: POST http://localhost:8007/v1/chat/completions "HTTP/1.1 200 OK"

2026-08-17 09:13:11,027 - INFO - HTTP Request: POST http://localhost:8007/v1/chat/completions "HTTP/1.1 200 OK"

2026-08-17 09:13:14,080 - INFO - HTTP Request: POST http://localhost:8007/v1/chat/completions "HTTP/1.1 200 OK"
2026-08-17 09:13:15,701 - INFO - HTTP Request: POST http://localhost:8007/v1/chat/completions "HTTP/1.1 200 OK"

2026-08-17 09:13:28,303 - INFO - HTTP Request: POST http://localhost:8007/v1/chat/completions "HTTP/1.1 200 OK"

2026-08-17 09:13:31,125 - INFO - HTTP Request: POST http://localhost:8007/v1/chat/completions "HTTP/1.1 200 OK"
2026-08-17 09:13:36,222 - INFO - HTTP Request: POST http://localhost:8007/v1/chat/completions "HTTP/1.1 200 OK"
2026-08-17 09:13:40,890 - INFO - HTTP Request: POST http://localhost:8007/v1/chat/completions "HTTP/1.1 200 OK"

2026-08-17 09:13:45,020 - INFO - HTTP Request: POST http://localhost:8007/v1/chat/completions "HTTP/1.1 200 OK"
2026-08-17 09:13:53,381 - INFO - HTTP Request: POST http://localhost:8007/v1/chat/completions "HTTP/1.1 200 OK"

2026-08-17 09:13:57,946 - INFO - HTTP Request: POST http://localhost:8007/v1/chat/completions "HTTP/1.1 200 OK"
2026-08-17 09:13:59,998 - INFO - HTTP Request: POST http://localhost:8007/v1/chat/completions "HTTP/1.1 200 OK"

2026-08-17 09:14:08,692 - INFO - HTTP Request: POST http://localhost:8007/v1/chat/completions "HTTP/1.1 200 OK"

2026-08-17 09:14:10,213 - INFO - HTTP Request: POST http://localhost:8007/v1/chat/completions "HTTP/1.1 200 OK"
2026-08-17 09:14:14,007 - INFO - HTTP Request: POST http://localhost:8007/v1/chat/completions "HTTP/1.1 200 OK"
2026-08-17 09:14:20,686 - INFO - HTTP Request: POST http://localhost:8007/v1/chat/completions "HTTP/1.1 200 OK"
2026-08-17 09:14:25,363 - INFO - HTTP Request: POST http://localhost:8007/v1/chat/completions "HTTP/1.1 200 OK"

2026-08-17 09:14:26,890 - INFO - HTTP Request: POST http://localhost:8007/v1/chat/completions "HTTP/1.1 200 OK"

2026-08-17 09:14:29,718 - INFO - HTTP Request: POST http://localhost:8007/v1/chat/completions "HTTP/1.1 200 OK"
2026-08-17 09:14:35,474 - INFO - HTTP Request: POST http://localhost:8007/v1/chat/completions "HTTP/1.1 200 OK"

2026-08-17 09:14:42,431 - INFO - HTTP Request: POST http://localhost:8007/v1/chat/completions "HTTP/1.1 200 OK"

2026-08-17 09:14:45,689 - INFO - HTTP Request: POST http://localhost:8007/v1/chat/completions "HTTP/1.1 200 OK"
2026-08-17 09:14:56,665 - INFO - HTTP Request: POST http://localhost:8007/v1/chat/completions "HTTP/1.1 200 OK"
2026-08-17 09:14:59,866 - INFO - HTTP Request: POST http://localhost:8007/v1/chat/completions "HTTP/1.1 200 OK"

2026-08-17 09:15:05,304 - INFO - HTTP Request: POST http://localhost:8007/v1/chat/completions "HTTP/1.1 200 OK"
2026-08-17 09:15:11,277 - INFO - HTTP Request: POST http://localhost:8007/v1/chat/completions "HTTP/1.1 200 OK"

2026-08-17 09:15:12,592 - INFO - HTTP Request: POST http://localhost:8007/v1/chat/completions "HTTP/1.1 200 OK"
2026-08-17 09:15:19,872 - INFO - HTTP Request: POST http://localhost:8007/v1/chat/completions "HTTP/1.1 200 OK"

2026-08-17 09:15:29,450 - INFO - HTTP Request: POST http://localhost:8007/v1/chat/completions "HTTP/1.1 200 OK"

2026-08-17 09:15:29,669 - INFO - HTTP Request: POST http://localhost:8007/v1/chat/completions "HTTP/1.1 200 OK"
2026-08-17 09:15:43,688 - INFO - HTTP Request: POST http://localhost:8007/v1/chat/completions "HTTP/1.1 200 OK"

2026-08-17 09:15:44,565 - INFO - HTTP Request: POST http://localhost:8007/v1/chat/completions "HTTP/1.1 200 OK"
2026-08-17 09:15:53,631 - INFO - HTTP Request: POST http://localhost:8007/v1/chat/completions "HTTP/1.1 200 OK"
2026-08-17 09:15:54,819 - INFO - HTTP Request: POST http://localhost:8007/v1/chat/completions "HTTP/1.1 200 OK"

r0_cfg9:  90%|█████████ | 45/50 [1:10:04<11:07, 133.45s/it]2026-08-17 09:16:02,863 - INFO - HTTP Request: POST http://localhost:8007/v1/chat/completions "HTTP/1.1 200 OK"
2026-08-17 09:16:04,268 - INFO - HTTP Request: POST http://localhost:8007/v1/chat/completions "HTTP/1.1 200 OK"

r0_cfg9:  92%|█████████▏| 46/50 [1:10:13<06:24, 96.25s/it] 2026-08-17 09:16:12,748 - INFO - HTTP Request: POST http://localhost:8007/v1/chat/completions "HTTP/1.1 200 OK"

r0_cfg9:  94%|█████████▍| 47/50 [1:10:22<03:29, 69.92s/it]2026-08-17 09:16:16,000 - INFO - HTTP Request: POST http://localhost:8007/v1/chat/completions "HTTP/1.1 200 OK"
2026-08-17 09:16:17,314 - INFO - HTTP Request: POST http://localhost:8007/v1/chat/completions "HTTP/1.1 200 OK"
2026-08-17 09:16:26,987 - INFO - HTTP Request: POST http://localhost:8007/v1/chat/completions "HTTP/1.1 200 OK"
2026-08-17 09:16:27,703 - INFO - HTTP Request: POST http://localhost:8007/v1/chat/completions "HTTP/1.1 200 OK"

r0_cfg9:  96%|█████████▌| 48/50 [1:10:37<01:46, 53.43s/it]2026-08-17 09:16:29,907 - INFO - HTTP Request: POST http://localhost:8007/v1/chat/completions "HTTP/1.1 200 OK"

2026-08-17 09:16:39,490 - INFO - HTTP Request: POST http://localhost:8007/v1/chat/completions "HTTP/1.1 200 OK"

2026-08-17 09:16:55,546 - INFO - HTTP Request: POST http://localhost:8007/v1/chat/completions "HTTP/1.1 200 OK"
2026-08-17 09:17:05,502 - INFO - HTTP Request: POST http://localhost:8007/v1/chat/completions "HTTP/1.1 200 OK"
2026-08-17 09:17:05,719 - INFO - HTTP Request: POST http://localhost:8007/v1/chat/completions "HTTP/1.1 200 OK"

2026-08-17 09:17:16,273 - INFO - HTTP Request: POST http://localhost:8007/v1/chat/completions "HTTP/1.1 200 OK"

2026-08-17 09:17:29,947 - INFO - HTTP Request: POST http://localhost:8007/v1/chat/completions "HTTP/1.1 200 OK"
2026-08-17 09:17:40,555 - INFO - HTTP Request: POST http://localhost:8007/v1/chat/completions "HTTP/1.1 200 OK"
2026-08-17 09:17:45,468 - INFO - HTTP Request: POST http://localhost:8007/v1/chat/completions "HTTP/1.1 200 OK"

2026-08-17 09:17:51,364 - INFO - HTTP Request: POST http://localhost:8007/v1/chat/completions "HTTP/1.1 200 OK"

2026-08-17 09:18:08,931 - INFO - HTTP Request: POST http://localhost:8007/v1/chat/completions "HTTP/1.1 200 OK"
2026-08-17 09:18:15,144 - INFO - HTTP Request: POST http://localhost:8007/v1/chat/completions "HTTP/1.1 200 OK"
2026-08-17 09:18:21,355 - INFO - HTTP Request: POST http://localhost:8007/v1/chat/completions "HTTP/1.1 200 OK"

2026-08-17 09:18:27,257 - INFO - HTTP Request: POST http://localhost:8007/v1/chat/completions "HTTP/1.1 200 OK"

2026-08-17 09:18:40,719 - INFO - HTTP Request: POST http://localhost:8007/v1/chat/completions "HTTP/1.1 200 OK"
2026-08-17 09:18:46,987 - INFO - HTTP Request: POST http://localhost:8007/v1/chat/completions "HTTP/1.1 200 OK"
2026-08-17 09:18:52,115 - INFO - HTTP Request: POST http://localhost:8007/v1/chat/completions "HTTP/1.1 200 OK"

2026-08-17 09:18:56,492 - INFO - HTTP Request: POST http://localhost:8007/v1/chat/completions "HTTP/1.1 200 OK"

2026-08-17 09:19:20,339 - INFO - HTTP Request: POST http://localhost:8007/v1/chat/completions "HTTP/1.1 200 OK"
2026-08-17 09:19:25,031 - INFO - HTTP Request: POST http://localhost:8007/v1/chat/completions "HTTP/1.1 200 OK"
2026-08-17 09:19:29,938 - INFO - HTTP Request: POST http://localhost:8007/v1/chat/completions "HTTP/1.1 200 OK"

2026-08-17 09:19:34,317 - INFO - HTTP Request: POST http://localhost:8007/v1/chat/completions "HTTP/1.1 200 OK"

2026-08-17 09:19:49,507 - INFO - HTTP Request: POST http://localhost:8007/v1/chat/completions "HTTP/1.1 200 OK"
2026-08-17 09:19:54,255 - INFO - HTTP Request: POST http://localhost:8007/v1/chat/completions "HTTP/1.1 200 OK"
2026-08-17 09:20:05,469 - INFO - HTTP Request: POST http://localhost:8007/v1/chat/completions "HTTP/1.1 200 OK"

2026-08-17 09:20:05,942 - INFO - HTTP Request: POST http://localhost:8007/v1/chat/completions "HTTP/1.1 200 OK"

2026-08-17 09:20:34,130 - INFO - HTTP Request: POST http://localhost:8007/v1/chat/completions "HTTP/1.1 200 OK"
2026-08-17 09:20:34,916 - INFO - HTTP Request: POST http://localhost:8007/v1/chat/completions "HTTP/1.1 200 OK"
2026-08-17 09:20:47,052 - INFO - HTTP Request: POST http://localhost:8007/v1/chat/completions "HTTP/1.1 200 OK"

2026-08-17 09:20:51,864 - INFO - HTTP Request: POST http://localhost:8007/v1/chat/completions "HTTP/1.1 200 OK"

2026-08-17 09:21:18,963 - INFO - HTTP Request: POST http://localhost:8007/v1/chat/completions "HTTP/1.1 200 OK"
2026-08-17 09:21:24,090 - INFO - HTTP Request: POST http://localhost:8007/v1/chat/completions "HTTP/1.1 200 OK"
2026-08-17 09:21:30,799 - INFO - HTTP Request: POST http://localhost:8007/v1/chat/completions "HTTP/1.1 200 OK"

r0_cfg9:  98%|█████████▊| 49/50 [1:15:40<02:08, 128.33s/it]2026-08-17 09:21:32,560 - INFO - HTTP Request: POST http://localhost:8007/v1/chat/completions "HTTP/1.1 200 OK"

r0_cfg9: 100%|██████████| 50/50 [1:15:42<00:00, 90.36s/it] r0_cfg9: 100%|██████████| 50/50 [1:15:42<00:00, 90.85s/it]
  done in 4542.6s (valid 50/50, invalid {})

Scored 1 model/s.
Report:  /LAB/Swiss-Knife/tribunal/bayes_search_honesty/eval_results/round0/r0_cfg9/report/index.html
Tables:  /LAB/Swiss-Knife/tribunal/bayes_search_honesty/eval_results/round0/r0_cfg9/model_summary.csv, /LAB/Swiss-Knife/tribunal/bayes_search_honesty/eval_results/round0/r0_cfg9/summary.csv
