2026-08-17 16:25:27,078 - INFO - Judge client pointed at http://localhost:8002/v1
2026-08-17 16:25:30,205 - INFO - Loading Detoxify model (CPU)
2026-08-17 16:25:33,812 - INFO - HTTP Request: HEAD https://huggingface.co/bert-base-uncased/resolve/main/config.json "HTTP/1.1 200 OK"
Warning: You are sending unauthenticated requests to the HF Hub. Please set a HF_TOKEN to enable higher rate limits and faster downloads.
2026-08-17 16:25:33,812 - WARNING - Warning: You are sending unauthenticated requests to the HF Hub. Please set a HF_TOKEN to enable higher rate limits and faster downloads.
input:  /LAB/Swiss-Knife/tribunal/bayes_search_honesty/eval_results/round0/r0_cfg42/_tribunal_input_tmp (1 model file/s)
output: /LAB/Swiss-Knife/tribunal/bayes_search_honesty/eval_results/round0/r0_cfg42
judge:  Qwen/Qwen2.5-32B-Instruct @ http://localhost:8002/v1
detoxify cross-check: True
Loading weights:   0%|          | 0/201 [00:00<?, ?it/s]Loading weights: 100%|██████████| 201/201 [00:00<00:00, 32762.91it/s]
2026-08-17 16:25:34,143 - INFO - HTTP Request: HEAD https://huggingface.co/bert-base-uncased/resolve/main/tokenizer_config.json "HTTP/1.1 200 OK"
2026-08-17 16:25:34,357 - INFO - HTTP Request: GET https://huggingface.co/api/models/bert-base-uncased/tree/main/additional_chat_templates?recursive=false&expand=false "HTTP/1.1 307 Temporary Redirect"
2026-08-17 16:25:34,568 - INFO - HTTP Request: GET https://huggingface.co/api/models/google-bert/bert-base-uncased/tree/main/additional_chat_templates?recursive=false&expand=false "HTTP/1.1 404 Not Found"
2026-08-17 16:25:34,870 - INFO - HTTP Request: GET https://huggingface.co/api/models/bert-base-uncased/tree/main?recursive=true&expand=false "HTTP/1.1 307 Temporary Redirect"
2026-08-17 16:25:35,084 - INFO - HTTP Request: GET https://huggingface.co/api/models/google-bert/bert-base-uncased/tree/main?recursive=true&expand=false "HTTP/1.1 200 OK"

[1/1] r0_cfg42
  scoring 50 records (0 skipped or cached) [workers=4]
r0_cfg42:   0%|          | 0/50 [00:00<?, ?it/s]2026-08-17 16:25:56,999 - INFO - HTTP Request: POST http://localhost:8002/v1/chat/completions "HTTP/1.1 200 OK"
2026-08-17 16:25:57,217 - INFO - HTTP Request: POST http://localhost:8002/v1/chat/completions "HTTP/1.1 200 OK"
2026-08-17 16:25:57,218 - INFO - HTTP Request: POST http://localhost:8002/v1/chat/completions "HTTP/1.1 200 OK"
2026-08-17 16:25:57,734 - INFO - HTTP Request: POST http://localhost:8002/v1/chat/completions "HTTP/1.1 200 OK"
2026-08-17 16:26:08,094 - INFO - HTTP Request: POST http://localhost:8002/v1/chat/completions "HTTP/1.1 200 OK"

2026-08-17 16:26:09,467 - INFO - HTTP Request: POST http://localhost:8002/v1/chat/completions "HTTP/1.1 200 OK"

2026-08-17 16:26:12,512 - INFO - HTTP Request: POST http://localhost:8002/v1/chat/completions "HTTP/1.1 200 OK"

2026-08-17 16:26:28,577 - INFO - HTTP Request: POST http://localhost:8002/v1/chat/completions "HTTP/1.1 200 OK"

2026-08-17 16:26:33,998 - INFO - HTTP Request: POST http://localhost:8002/v1/chat/completions "HTTP/1.1 200 OK"
2026-08-17 16:26:35,955 - INFO - HTTP Request: POST http://localhost:8002/v1/chat/completions "HTTP/1.1 200 OK"
2026-08-17 16:26:39,215 - INFO - HTTP Request: POST http://localhost:8002/v1/chat/completions "HTTP/1.1 200 OK"
2026-08-17 16:26:44,369 - INFO - HTTP Request: POST http://localhost:8002/v1/chat/completions "HTTP/1.1 200 OK"

2026-08-17 16:26:46,375 - INFO - HTTP Request: POST http://localhost:8002/v1/chat/completions "HTTP/1.1 200 OK"

2026-08-17 16:26:52,676 - INFO - HTTP Request: POST http://localhost:8002/v1/chat/completions "HTTP/1.1 200 OK"

2026-08-17 16:26:55,714 - INFO - HTTP Request: POST http://localhost:8002/v1/chat/completions "HTTP/1.1 200 OK"
2026-08-17 16:27:08,684 - INFO - HTTP Request: POST http://localhost:8002/v1/chat/completions "HTTP/1.1 200 OK"

2026-08-17 16:27:09,117 - INFO - HTTP Request: POST http://localhost:8002/v1/chat/completions "HTTP/1.1 200 OK"
2026-08-17 16:27:10,428 - INFO - HTTP Request: POST http://localhost:8002/v1/chat/completions "HTTP/1.1 200 OK"
2026-08-17 16:27:18,040 - INFO - HTTP Request: POST http://localhost:8002/v1/chat/completions "HTTP/1.1 200 OK"
2026-08-17 16:27:22,494 - INFO - HTTP Request: POST http://localhost:8002/v1/chat/completions "HTTP/1.1 200 OK"

2026-08-17 16:27:22,928 - INFO - HTTP Request: POST http://localhost:8002/v1/chat/completions "HTTP/1.1 200 OK"

2026-08-17 16:27:28,855 - INFO - HTTP Request: POST http://localhost:8002/v1/chat/completions "HTTP/1.1 200 OK"

2026-08-17 16:27:34,070 - INFO - HTTP Request: POST http://localhost:8002/v1/chat/completions "HTTP/1.1 200 OK"
2026-08-17 16:27:46,390 - INFO - HTTP Request: POST http://localhost:8002/v1/chat/completions "HTTP/1.1 200 OK"
2026-08-17 16:27:47,914 - INFO - HTTP Request: POST http://localhost:8002/v1/chat/completions "HTTP/1.1 200 OK"
2026-08-17 16:27:48,131 - INFO - HTTP Request: POST http://localhost:8002/v1/chat/completions "HTTP/1.1 200 OK"

2026-08-17 16:27:54,017 - INFO - HTTP Request: POST http://localhost:8002/v1/chat/completions "HTTP/1.1 200 OK"
2026-08-17 16:27:59,457 - INFO - HTTP Request: POST http://localhost:8002/v1/chat/completions "HTTP/1.1 200 OK"

2026-08-17 16:27:59,675 - INFO - HTTP Request: POST http://localhost:8002/v1/chat/completions "HTTP/1.1 200 OK"

2026-08-17 16:28:06,906 - INFO - HTTP Request: POST http://localhost:8002/v1/chat/completions "HTTP/1.1 200 OK"

2026-08-17 16:28:12,337 - INFO - HTTP Request: POST http://localhost:8002/v1/chat/completions "HTTP/1.1 200 OK"
2026-08-17 16:28:19,610 - INFO - HTTP Request: POST http://localhost:8002/v1/chat/completions "HTTP/1.1 200 OK"
2026-08-17 16:28:19,828 - INFO - HTTP Request: POST http://localhost:8002/v1/chat/completions "HTTP/1.1 200 OK"
2026-08-17 16:28:25,423 - INFO - HTTP Request: POST http://localhost:8002/v1/chat/completions "HTTP/1.1 200 OK"

2026-08-17 16:28:27,606 - INFO - HTTP Request: POST http://localhost:8002/v1/chat/completions "HTTP/1.1 200 OK"
2026-08-17 16:28:30,972 - INFO - HTTP Request: POST http://localhost:8002/v1/chat/completions "HTTP/1.1 200 OK"

2026-08-17 16:28:32,781 - INFO - HTTP Request: POST http://localhost:8002/v1/chat/completions "HTTP/1.1 200 OK"

2026-08-17 16:28:39,085 - INFO - HTTP Request: POST http://localhost:8002/v1/chat/completions "HTTP/1.1 200 OK"

2026-08-17 16:28:45,595 - INFO - HTTP Request: POST http://localhost:8002/v1/chat/completions "HTTP/1.1 200 OK"
2026-08-17 16:28:55,745 - INFO - HTTP Request: POST http://localhost:8002/v1/chat/completions "HTTP/1.1 200 OK"

2026-08-17 16:29:00,087 - INFO - HTTP Request: POST http://localhost:8002/v1/chat/completions "HTTP/1.1 200 OK"
2026-08-17 16:29:02,262 - INFO - HTTP Request: POST http://localhost:8002/v1/chat/completions "HTTP/1.1 200 OK"
2026-08-17 16:29:08,704 - INFO - HTTP Request: POST http://localhost:8002/v1/chat/completions "HTTP/1.1 200 OK"
2026-08-17 16:29:14,466 - INFO - HTTP Request: POST http://localhost:8002/v1/chat/completions "HTTP/1.1 200 OK"

2026-08-17 16:29:15,190 - INFO - HTTP Request: POST http://localhost:8002/v1/chat/completions "HTTP/1.1 200 OK"

2026-08-17 16:29:25,410 - INFO - HTTP Request: POST http://localhost:8002/v1/chat/completions "HTTP/1.1 200 OK"
2026-08-17 16:29:26,815 - INFO - HTTP Request: POST http://localhost:8002/v1/chat/completions "HTTP/1.1 200 OK"

2026-08-17 16:29:34,861 - INFO - HTTP Request: POST http://localhost:8002/v1/chat/completions "HTTP/1.1 200 OK"
2026-08-17 16:29:35,814 - INFO - HTTP Request: POST http://localhost:8002/v1/chat/completions "HTTP/1.1 200 OK"
2026-08-17 16:29:39,837 - INFO - HTTP Request: POST http://localhost:8002/v1/chat/completions "HTTP/1.1 200 OK"

2026-08-17 16:29:45,060 - INFO - HTTP Request: POST http://localhost:8002/v1/chat/completions "HTTP/1.1 200 OK"

2026-08-17 16:29:47,592 - INFO - HTTP Request: POST http://localhost:8002/v1/chat/completions "HTTP/1.1 200 OK"
2026-08-17 16:29:54,880 - INFO - HTTP Request: POST http://localhost:8002/v1/chat/completions "HTTP/1.1 200 OK"

2026-08-17 16:30:00,319 - INFO - HTTP Request: POST http://localhost:8002/v1/chat/completions "HTTP/1.1 200 OK"
2026-08-17 16:30:01,069 - INFO - HTTP Request: POST http://localhost:8002/v1/chat/completions "HTTP/1.1 200 OK"

2026-08-17 16:30:12,656 - INFO - HTTP Request: POST http://localhost:8002/v1/chat/completions "HTTP/1.1 200 OK"

2026-08-17 16:30:15,046 - INFO - HTTP Request: POST http://localhost:8002/v1/chat/completions "HTTP/1.1 200 OK"
2026-08-17 16:30:24,708 - INFO - HTTP Request: POST http://localhost:8002/v1/chat/completions "HTTP/1.1 200 OK"
2026-08-17 16:30:27,640 - INFO - HTTP Request: POST http://localhost:8002/v1/chat/completions "HTTP/1.1 200 OK"

2026-08-17 16:30:31,034 - INFO - HTTP Request: POST http://localhost:8002/v1/chat/completions "HTTP/1.1 200 OK"
2026-08-17 16:30:39,195 - INFO - HTTP Request: POST http://localhost:8002/v1/chat/completions "HTTP/1.1 200 OK"

2026-08-17 16:30:42,903 - INFO - HTTP Request: POST http://localhost:8002/v1/chat/completions "HTTP/1.1 200 OK"
2026-08-17 16:30:43,930 - INFO - HTTP Request: POST http://localhost:8002/v1/chat/completions "HTTP/1.1 200 OK"

2026-08-17 16:30:56,984 - INFO - HTTP Request: POST http://localhost:8002/v1/chat/completions "HTTP/1.1 200 OK"

2026-08-17 16:30:59,816 - INFO - HTTP Request: POST http://localhost:8002/v1/chat/completions "HTTP/1.1 200 OK"
2026-08-17 16:31:12,302 - INFO - HTTP Request: POST http://localhost:8002/v1/chat/completions "HTTP/1.1 200 OK"

r0_cfg42:   2%|▏         | 1/50 [05:37<4:35:20, 337.15s/it]2026-08-17 16:31:12,518 - INFO - HTTP Request: POST http://localhost:8002/v1/chat/completions "HTTP/1.1 200 OK"
2026-08-17 16:31:17,822 - INFO - HTTP Request: POST http://localhost:8002/v1/chat/completions "HTTP/1.1 200 OK"
2026-08-17 16:31:27,054 - INFO - HTTP Request: POST http://localhost:8002/v1/chat/completions "HTTP/1.1 200 OK"

r0_cfg42:   4%|▍         | 2/50 [05:51<1:58:00, 147.50s/it]2026-08-17 16:31:28,147 - INFO - HTTP Request: POST http://localhost:8002/v1/chat/completions "HTTP/1.1 200 OK"

r0_cfg42:   6%|▌         | 3/50 [05:52<1:03:10, 80.65s/it] 2026-08-17 16:31:31,404 - INFO - HTTP Request: POST http://localhost:8002/v1/chat/completions "HTTP/1.1 200 OK"
2026-08-17 16:31:35,254 - INFO - HTTP Request: POST http://localhost:8002/v1/chat/completions "HTTP/1.1 200 OK"
2026-08-17 16:31:43,960 - INFO - HTTP Request: POST http://localhost:8002/v1/chat/completions "HTTP/1.1 200 OK"

r0_cfg42:   8%|▊         | 4/50 [06:08<42:12, 55.05s/it]  2026-08-17 16:31:49,609 - INFO - HTTP Request: POST http://localhost:8002/v1/chat/completions "HTTP/1.1 200 OK"
2026-08-17 16:31:51,014 - INFO - HTTP Request: POST http://localhost:8002/v1/chat/completions "HTTP/1.1 200 OK"
2026-08-17 16:31:53,726 - INFO - HTTP Request: POST http://localhost:8002/v1/chat/completions "HTTP/1.1 200 OK"

2026-08-17 16:32:01,783 - INFO - HTTP Request: POST http://localhost:8002/v1/chat/completions "HTTP/1.1 200 OK"

2026-08-17 16:32:04,828 - INFO - HTTP Request: POST http://localhost:8002/v1/chat/completions "HTTP/1.1 200 OK"

2026-08-17 16:32:06,565 - INFO - HTTP Request: POST http://localhost:8002/v1/chat/completions "HTTP/1.1 200 OK"
2026-08-17 16:32:18,181 - INFO - HTTP Request: POST http://localhost:8002/v1/chat/completions "HTTP/1.1 200 OK"

2026-08-17 16:32:20,136 - INFO - HTTP Request: POST http://localhost:8002/v1/chat/completions "HTTP/1.1 200 OK"
2026-08-17 16:32:28,402 - INFO - HTTP Request: POST http://localhost:8002/v1/chat/completions "HTTP/1.1 200 OK"
2026-08-17 16:32:31,820 - INFO - HTTP Request: POST http://localhost:8002/v1/chat/completions "HTTP/1.1 200 OK"
2026-08-17 16:32:35,627 - INFO - HTTP Request: POST http://localhost:8002/v1/chat/completions "HTTP/1.1 200 OK"

2026-08-17 16:32:43,248 - INFO - HTTP Request: POST http://localhost:8002/v1/chat/completions "HTTP/1.1 200 OK"

2026-08-17 16:32:44,991 - INFO - HTTP Request: POST http://localhost:8002/v1/chat/completions "HTTP/1.1 200 OK"

2026-08-17 16:32:45,208 - INFO - HTTP Request: POST http://localhost:8002/v1/chat/completions "HTTP/1.1 200 OK"
2026-08-17 16:32:54,222 - INFO - HTTP Request: POST http://localhost:8002/v1/chat/completions "HTTP/1.1 200 OK"

2026-08-17 16:33:00,301 - INFO - HTTP Request: POST http://localhost:8002/v1/chat/completions "HTTP/1.1 200 OK"
2026-08-17 16:33:08,131 - INFO - HTTP Request: POST http://localhost:8002/v1/chat/completions "HTTP/1.1 200 OK"
2026-08-17 16:33:10,188 - INFO - HTTP Request: POST http://localhost:8002/v1/chat/completions "HTTP/1.1 200 OK"
2026-08-17 16:33:13,779 - INFO - HTTP Request: POST http://localhost:8002/v1/chat/completions "HTTP/1.1 200 OK"

2026-08-17 16:33:19,449 - INFO - HTTP Request: POST http://localhost:8002/v1/chat/completions "HTTP/1.1 200 OK"
2026-08-17 16:33:22,599 - INFO - HTTP Request: POST http://localhost:8002/v1/chat/completions "HTTP/1.1 200 OK"

2026-08-17 16:33:24,568 - INFO - HTTP Request: POST http://localhost:8002/v1/chat/completions "HTTP/1.1 200 OK"

2026-08-17 16:33:32,618 - INFO - HTTP Request: POST http://localhost:8002/v1/chat/completions "HTTP/1.1 200 OK"

2026-08-17 16:33:38,271 - INFO - HTTP Request: POST http://localhost:8002/v1/chat/completions "HTTP/1.1 200 OK"
2026-08-17 16:33:46,748 - INFO - HTTP Request: POST http://localhost:8002/v1/chat/completions "HTTP/1.1 200 OK"
2026-08-17 16:33:49,302 - INFO - HTTP Request: POST http://localhost:8002/v1/chat/completions "HTTP/1.1 200 OK"
2026-08-17 16:33:52,131 - INFO - HTTP Request: POST http://localhost:8002/v1/chat/completions "HTTP/1.1 200 OK"

2026-08-17 16:33:57,148 - INFO - HTTP Request: POST http://localhost:8002/v1/chat/completions "HTTP/1.1 200 OK"
2026-08-17 16:34:00,078 - INFO - HTTP Request: POST http://localhost:8002/v1/chat/completions "HTTP/1.1 200 OK"

2026-08-17 16:34:02,482 - INFO - HTTP Request: POST http://localhost:8002/v1/chat/completions "HTTP/1.1 200 OK"

2026-08-17 16:34:09,225 - INFO - HTTP Request: POST http://localhost:8002/v1/chat/completions "HTTP/1.1 200 OK"

2026-08-17 16:34:12,272 - INFO - HTTP Request: POST http://localhost:8002/v1/chat/completions "HTTP/1.1 200 OK"
2026-08-17 16:34:19,662 - INFO - HTTP Request: POST http://localhost:8002/v1/chat/completions "HTTP/1.1 200 OK"
2026-08-17 16:34:22,923 - INFO - HTTP Request: POST http://localhost:8002/v1/chat/completions "HTTP/1.1 200 OK"
2026-08-17 16:34:25,638 - INFO - HTTP Request: POST http://localhost:8002/v1/chat/completions "HTTP/1.1 200 OK"

2026-08-17 16:34:29,995 - INFO - HTTP Request: POST http://localhost:8002/v1/chat/completions "HTTP/1.1 200 OK"
2026-08-17 16:34:35,326 - INFO - HTTP Request: POST http://localhost:8002/v1/chat/completions "HTTP/1.1 200 OK"

2026-08-17 16:34:35,544 - INFO - HTTP Request: POST http://localhost:8002/v1/chat/completions "HTTP/1.1 200 OK"

2026-08-17 16:34:42,288 - INFO - HTTP Request: POST http://localhost:8002/v1/chat/completions "HTTP/1.1 200 OK"

2026-08-17 16:34:54,658 - INFO - HTTP Request: POST http://localhost:8002/v1/chat/completions "HTTP/1.1 200 OK"
2026-08-17 16:35:04,224 - INFO - HTTP Request: POST http://localhost:8002/v1/chat/completions "HTTP/1.1 200 OK"
2026-08-17 16:35:04,441 - INFO - HTTP Request: POST http://localhost:8002/v1/chat/completions "HTTP/1.1 200 OK"
2026-08-17 16:35:08,771 - INFO - HTTP Request: POST http://localhost:8002/v1/chat/completions "HTTP/1.1 200 OK"

2026-08-17 16:35:11,822 - INFO - HTTP Request: POST http://localhost:8002/v1/chat/completions "HTTP/1.1 200 OK"
2026-08-17 16:35:18,236 - INFO - HTTP Request: POST http://localhost:8002/v1/chat/completions "HTTP/1.1 200 OK"

2026-08-17 16:35:19,111 - INFO - HTTP Request: POST http://localhost:8002/v1/chat/completions "HTTP/1.1 200 OK"

2026-08-17 16:35:26,505 - INFO - HTTP Request: POST http://localhost:8002/v1/chat/completions "HTTP/1.1 200 OK"

2026-08-17 16:35:29,111 - INFO - HTTP Request: POST http://localhost:8002/v1/chat/completions "HTTP/1.1 200 OK"
2026-08-17 16:35:38,462 - INFO - HTTP Request: POST http://localhost:8002/v1/chat/completions "HTTP/1.1 200 OK"
2026-08-17 16:35:39,650 - INFO - HTTP Request: POST http://localhost:8002/v1/chat/completions "HTTP/1.1 200 OK"
2026-08-17 16:35:41,983 - INFO - HTTP Request: POST http://localhost:8002/v1/chat/completions "HTTP/1.1 200 OK"

2026-08-17 16:35:47,428 - INFO - HTTP Request: POST http://localhost:8002/v1/chat/completions "HTTP/1.1 200 OK"
2026-08-17 16:35:51,452 - INFO - HTTP Request: POST http://localhost:8002/v1/chat/completions "HTTP/1.1 200 OK"

2026-08-17 16:35:54,286 - INFO - HTTP Request: POST http://localhost:8002/v1/chat/completions "HTTP/1.1 200 OK"

2026-08-17 16:36:01,464 - INFO - HTTP Request: POST http://localhost:8002/v1/chat/completions "HTTP/1.1 200 OK"

2026-08-17 16:36:11,454 - INFO - HTTP Request: POST http://localhost:8002/v1/chat/completions "HTTP/1.1 200 OK"
2026-08-17 16:36:20,808 - INFO - HTTP Request: POST http://localhost:8002/v1/chat/completions "HTTP/1.1 200 OK"
2026-08-17 16:36:23,955 - INFO - HTTP Request: POST http://localhost:8002/v1/chat/completions "HTTP/1.1 200 OK"
2026-08-17 16:36:26,021 - INFO - HTTP Request: POST http://localhost:8002/v1/chat/completions "HTTP/1.1 200 OK"

2026-08-17 16:36:31,474 - INFO - HTTP Request: POST http://localhost:8002/v1/chat/completions "HTTP/1.1 200 OK"
2026-08-17 16:36:35,500 - INFO - HTTP Request: POST http://localhost:8002/v1/chat/completions "HTTP/1.1 200 OK"

2026-08-17 16:36:41,389 - INFO - HTTP Request: POST http://localhost:8002/v1/chat/completions "HTTP/1.1 200 OK"

2026-08-17 16:36:46,400 - INFO - HTTP Request: POST http://localhost:8002/v1/chat/completions "HTTP/1.1 200 OK"

2026-08-17 16:36:58,784 - INFO - HTTP Request: POST http://localhost:8002/v1/chat/completions "HTTP/1.1 200 OK"
2026-08-17 16:37:08,508 - INFO - HTTP Request: POST http://localhost:8002/v1/chat/completions "HTTP/1.1 200 OK"
2026-08-17 16:37:12,524 - INFO - HTTP Request: POST http://localhost:8002/v1/chat/completions "HTTP/1.1 200 OK"

r0_cfg42:  10%|█         | 5/50 [11:37<1:55:15, 153.68s/it]2026-08-17 16:37:14,484 - INFO - HTTP Request: POST http://localhost:8002/v1/chat/completions "HTTP/1.1 200 OK"
2026-08-17 16:37:20,465 - INFO - HTTP Request: POST http://localhost:8002/v1/chat/completions "HTTP/1.1 200 OK"
2026-08-17 16:37:21,658 - INFO - HTTP Request: POST http://localhost:8002/v1/chat/completions "HTTP/1.1 200 OK"

r0_cfg42:  12%|█▏        | 6/50 [11:46<1:16:39, 104.54s/it]2026-08-17 16:37:29,498 - INFO - HTTP Request: POST http://localhost:8002/v1/chat/completions "HTTP/1.1 200 OK"

r0_cfg42:  14%|█▍        | 7/50 [11:54<52:15, 72.92s/it]   2026-08-17 16:37:32,108 - INFO - HTTP Request: POST http://localhost:8002/v1/chat/completions "HTTP/1.1 200 OK"

r0_cfg42:  16%|█▌        | 8/50 [11:56<35:22, 50.54s/it]2026-08-17 16:37:35,146 - INFO - HTTP Request: POST http://localhost:8002/v1/chat/completions "HTTP/1.1 200 OK"
2026-08-17 16:37:43,719 - INFO - HTTP Request: POST http://localhost:8002/v1/chat/completions "HTTP/1.1 200 OK"
2026-08-17 16:37:47,084 - INFO - HTTP Request: POST http://localhost:8002/v1/chat/completions "HTTP/1.1 200 OK"

2026-08-17 16:37:52,085 - INFO - HTTP Request: POST http://localhost:8002/v1/chat/completions "HTTP/1.1 200 OK"
2026-08-17 16:37:53,540 - INFO - HTTP Request: POST http://localhost:8002/v1/chat/completions "HTTP/1.1 200 OK"

2026-08-17 16:37:55,064 - INFO - HTTP Request: POST http://localhost:8002/v1/chat/completions "HTTP/1.1 200 OK"
2026-08-17 16:38:03,643 - INFO - HTTP Request: POST http://localhost:8002/v1/chat/completions "HTTP/1.1 200 OK"

2026-08-17 16:38:11,685 - INFO - HTTP Request: POST http://localhost:8002/v1/chat/completions "HTTP/1.1 200 OK"

2026-08-17 16:38:13,639 - INFO - HTTP Request: POST http://localhost:8002/v1/chat/completions "HTTP/1.1 200 OK"
2026-08-17 16:38:20,376 - INFO - HTTP Request: POST http://localhost:8002/v1/chat/completions "HTTP/1.1 200 OK"
2026-08-17 16:38:29,887 - INFO - HTTP Request: POST http://localhost:8002/v1/chat/completions "HTTP/1.1 200 OK"

2026-08-17 16:38:30,543 - INFO - HTTP Request: POST http://localhost:8002/v1/chat/completions "HTTP/1.1 200 OK"
2026-08-17 16:38:31,944 - INFO - HTTP Request: POST http://localhost:8002/v1/chat/completions "HTTP/1.1 200 OK"

2026-08-17 16:38:38,903 - INFO - HTTP Request: POST http://localhost:8002/v1/chat/completions "HTTP/1.1 200 OK"
2026-08-17 16:38:41,670 - INFO - HTTP Request: POST http://localhost:8002/v1/chat/completions "HTTP/1.1 200 OK"

2026-08-17 16:38:54,282 - INFO - HTTP Request: POST http://localhost:8002/v1/chat/completions "HTTP/1.1 200 OK"

2026-08-17 16:38:54,936 - INFO - HTTP Request: POST http://localhost:8002/v1/chat/completions "HTTP/1.1 200 OK"
2026-08-17 16:38:56,994 - INFO - HTTP Request: POST http://localhost:8002/v1/chat/completions "HTTP/1.1 200 OK"
2026-08-17 16:39:06,670 - INFO - HTTP Request: POST http://localhost:8002/v1/chat/completions "HTTP/1.1 200 OK"
2026-08-17 16:39:11,126 - INFO - HTTP Request: POST http://localhost:8002/v1/chat/completions "HTTP/1.1 200 OK"

2026-08-17 16:39:11,562 - INFO - HTTP Request: POST http://localhost:8002/v1/chat/completions "HTTP/1.1 200 OK"

2026-08-17 16:39:19,623 - INFO - HTTP Request: POST http://localhost:8002/v1/chat/completions "HTTP/1.1 200 OK"
2026-08-17 16:39:20,864 - INFO - HTTP Request: POST http://localhost:8002/v1/chat/completions "HTTP/1.1 200 OK"

2026-08-17 16:39:30,869 - INFO - HTTP Request: POST http://localhost:8002/v1/chat/completions "HTTP/1.1 200 OK"

2026-08-17 16:39:35,436 - INFO - HTTP Request: POST http://localhost:8002/v1/chat/completions "HTTP/1.1 200 OK"
2026-08-17 16:39:35,437 - INFO - HTTP Request: POST http://localhost:8002/v1/chat/completions "HTTP/1.1 200 OK"
2026-08-17 16:39:45,899 - INFO - HTTP Request: POST http://localhost:8002/v1/chat/completions "HTTP/1.1 200 OK"
2026-08-17 16:39:48,674 - INFO - HTTP Request: POST http://localhost:8002/v1/chat/completions "HTTP/1.1 200 OK"

2026-08-17 16:39:48,892 - INFO - HTTP Request: POST http://localhost:8002/v1/chat/completions "HTTP/1.1 200 OK"

2026-08-17 16:39:55,863 - INFO - HTTP Request: POST http://localhost:8002/v1/chat/completions "HTTP/1.1 200 OK"
2026-08-17 16:39:59,007 - INFO - HTTP Request: POST http://localhost:8002/v1/chat/completions "HTTP/1.1 200 OK"

2026-08-17 16:40:08,800 - INFO - HTTP Request: POST http://localhost:8002/v1/chat/completions "HTTP/1.1 200 OK"
2026-08-17 16:40:09,018 - INFO - HTTP Request: POST http://localhost:8002/v1/chat/completions "HTTP/1.1 200 OK"
2026-08-17 16:40:09,534 - INFO - HTTP Request: POST http://localhost:8002/v1/chat/completions "HTTP/1.1 200 OK"

2026-08-17 16:40:19,454 - INFO - HTTP Request: POST http://localhost:8002/v1/chat/completions "HTTP/1.1 200 OK"
2026-08-17 16:40:20,427 - INFO - HTTP Request: POST http://localhost:8002/v1/chat/completions "HTTP/1.1 200 OK"

2026-08-17 16:40:22,605 - INFO - HTTP Request: POST http://localhost:8002/v1/chat/completions "HTTP/1.1 200 OK"

2026-08-17 16:40:29,564 - INFO - HTTP Request: POST http://localhost:8002/v1/chat/completions "HTTP/1.1 200 OK"

2026-08-17 16:40:29,997 - INFO - HTTP Request: POST http://localhost:8002/v1/chat/completions "HTTP/1.1 200 OK"
2026-08-17 16:40:42,757 - INFO - HTTP Request: POST http://localhost:8002/v1/chat/completions "HTTP/1.1 200 OK"

2026-08-17 16:40:49,488 - INFO - HTTP Request: POST http://localhost:8002/v1/chat/completions "HTTP/1.1 200 OK"
2026-08-17 16:40:51,979 - INFO - HTTP Request: POST http://localhost:8002/v1/chat/completions "HTTP/1.1 200 OK"
2026-08-17 16:40:59,258 - INFO - HTTP Request: POST http://localhost:8002/v1/chat/completions "HTTP/1.1 200 OK"
2026-08-17 16:41:04,582 - INFO - HTTP Request: POST http://localhost:8002/v1/chat/completions "HTTP/1.1 200 OK"

2026-08-17 16:41:06,762 - INFO - HTTP Request: POST http://localhost:8002/v1/chat/completions "HTTP/1.1 200 OK"

2026-08-17 16:41:12,419 - INFO - HTTP Request: POST http://localhost:8002/v1/chat/completions "HTTP/1.1 200 OK"
2026-08-17 16:41:15,784 - INFO - HTTP Request: POST http://localhost:8002/v1/chat/completions "HTTP/1.1 200 OK"

2026-08-17 16:41:24,919 - INFO - HTTP Request: POST http://localhost:8002/v1/chat/completions "HTTP/1.1 200 OK"

2026-08-17 16:41:24,921 - INFO - HTTP Request: POST http://localhost:8002/v1/chat/completions "HTTP/1.1 200 OK"
2026-08-17 16:41:27,461 - INFO - HTTP Request: POST http://localhost:8002/v1/chat/completions "HTTP/1.1 200 OK"
2026-08-17 16:41:36,489 - INFO - HTTP Request: POST http://localhost:8002/v1/chat/completions "HTTP/1.1 200 OK"
2026-08-17 16:41:40,294 - INFO - HTTP Request: POST http://localhost:8002/v1/chat/completions "HTTP/1.1 200 OK"

2026-08-17 16:41:44,653 - INFO - HTTP Request: POST http://localhost:8002/v1/chat/completions "HTTP/1.1 200 OK"

2026-08-17 16:41:45,961 - INFO - HTTP Request: POST http://localhost:8002/v1/chat/completions "HTTP/1.1 200 OK"
2026-08-17 16:41:47,203 - INFO - HTTP Request: POST http://localhost:8002/v1/chat/completions "HTTP/1.1 200 OK"

2026-08-17 16:42:00,250 - INFO - HTTP Request: POST http://localhost:8002/v1/chat/completions "HTTP/1.1 200 OK"

2026-08-17 16:42:09,807 - INFO - HTTP Request: POST http://localhost:8002/v1/chat/completions "HTTP/1.1 200 OK"
2026-08-17 16:42:14,477 - INFO - HTTP Request: POST http://localhost:8002/v1/chat/completions "HTTP/1.1 200 OK"
2026-08-17 16:42:16,977 - INFO - HTTP Request: POST http://localhost:8002/v1/chat/completions "HTTP/1.1 200 OK"
2026-08-17 16:42:23,180 - INFO - HTTP Request: POST http://localhost:8002/v1/chat/completions "HTTP/1.1 200 OK"

2026-08-17 16:42:27,328 - INFO - HTTP Request: POST http://localhost:8002/v1/chat/completions "HTTP/1.1 200 OK"

2026-08-17 16:42:27,763 - INFO - HTTP Request: POST http://localhost:8002/v1/chat/completions "HTTP/1.1 200 OK"

2026-08-17 16:42:30,387 - INFO - HTTP Request: POST http://localhost:8002/v1/chat/completions "HTTP/1.1 200 OK"
2026-08-17 16:42:46,414 - INFO - HTTP Request: POST http://localhost:8002/v1/chat/completions "HTTP/1.1 200 OK"

2026-08-17 16:42:55,976 - INFO - HTTP Request: POST http://localhost:8002/v1/chat/completions "HTTP/1.1 200 OK"
2026-08-17 16:43:00,430 - INFO - HTTP Request: POST http://localhost:8002/v1/chat/completions "HTTP/1.1 200 OK"
2026-08-17 16:43:01,840 - INFO - HTTP Request: POST http://localhost:8002/v1/chat/completions "HTTP/1.1 200 OK"
2026-08-17 16:43:10,663 - INFO - HTTP Request: POST http://localhost:8002/v1/chat/completions "HTTP/1.1 200 OK"

r0_cfg42:  18%|█▊        | 9/50 [17:35<1:36:03, 140.58s/it]2026-08-17 16:43:13,716 - INFO - HTTP Request: POST http://localhost:8002/v1/chat/completions "HTTP/1.1 200 OK"

r0_cfg42:  20%|██        | 10/50 [17:38<1:05:24, 98.12s/it]2026-08-17 16:43:15,241 - INFO - HTTP Request: POST http://localhost:8002/v1/chat/completions "HTTP/1.1 200 OK"

r0_cfg42:  22%|██▏       | 11/50 [17:40<44:33, 68.56s/it]  2026-08-17 16:43:18,715 - INFO - HTTP Request: POST http://localhost:8002/v1/chat/completions "HTTP/1.1 200 OK"
2026-08-17 16:43:32,998 - INFO - HTTP Request: POST http://localhost:8002/v1/chat/completions "HTTP/1.1 200 OK"
2026-08-17 16:43:36,201 - INFO - HTTP Request: POST http://localhost:8002/v1/chat/completions "HTTP/1.1 200 OK"
2026-08-17 16:43:36,419 - INFO - HTTP Request: POST http://localhost:8002/v1/chat/completions "HTTP/1.1 200 OK"

r0_cfg42:  24%|██▍       | 12/50 [18:01<34:17, 54.14s/it]2026-08-17 16:43:38,263 - INFO - HTTP Request: POST http://localhost:8002/v1/chat/completions "HTTP/1.1 200 OK"
2026-08-17 16:43:46,395 - INFO - HTTP Request: POST http://localhost:8002/v1/chat/completions "HTTP/1.1 200 OK"

2026-08-17 16:43:46,830 - INFO - HTTP Request: POST http://localhost:8002/v1/chat/completions "HTTP/1.1 200 OK"

2026-08-17 16:43:48,357 - INFO - HTTP Request: POST http://localhost:8002/v1/chat/completions "HTTP/1.1 200 OK"

2026-08-17 16:43:58,555 - INFO - HTTP Request: POST http://localhost:8002/v1/chat/completions "HTTP/1.1 200 OK"
2026-08-17 16:44:08,654 - INFO - HTTP Request: POST http://localhost:8002/v1/chat/completions "HTTP/1.1 200 OK"

2026-08-17 16:44:12,779 - INFO - HTTP Request: POST http://localhost:8002/v1/chat/completions "HTTP/1.1 200 OK"
2026-08-17 16:44:12,997 - INFO - HTTP Request: POST http://localhost:8002/v1/chat/completions "HTTP/1.1 200 OK"
2026-08-17 16:44:15,326 - INFO - HTTP Request: POST http://localhost:8002/v1/chat/completions "HTTP/1.1 200 OK"
2026-08-17 16:44:23,922 - INFO - HTTP Request: POST http://localhost:8002/v1/chat/completions "HTTP/1.1 200 OK"

2026-08-17 16:44:25,885 - INFO - HTTP Request: POST http://localhost:8002/v1/chat/completions "HTTP/1.1 200 OK"

2026-08-17 16:44:26,976 - INFO - HTTP Request: POST http://localhost:8002/v1/chat/completions "HTTP/1.1 200 OK"

2026-08-17 16:44:35,659 - INFO - HTTP Request: POST http://localhost:8002/v1/chat/completions "HTTP/1.1 200 OK"
2026-08-17 16:44:48,638 - INFO - HTTP Request: POST http://localhost:8002/v1/chat/completions "HTTP/1.1 200 OK"
2026-08-17 16:44:50,673 - INFO - HTTP Request: POST http://localhost:8002/v1/chat/completions "HTTP/1.1 200 OK"
2026-08-17 16:44:50,891 - INFO - HTTP Request: POST http://localhost:8002/v1/chat/completions "HTTP/1.1 200 OK"

2026-08-17 16:44:52,140 - INFO - HTTP Request: POST http://localhost:8002/v1/chat/completions "HTTP/1.1 200 OK"
2026-08-17 16:44:59,429 - INFO - HTTP Request: POST http://localhost:8002/v1/chat/completions "HTTP/1.1 200 OK"

2026-08-17 16:45:02,051 - INFO - HTTP Request: POST http://localhost:8002/v1/chat/completions "HTTP/1.1 200 OK"

2026-08-17 16:45:03,800 - INFO - HTTP Request: POST http://localhost:8002/v1/chat/completions "HTTP/1.1 200 OK"

2026-08-17 16:45:15,961 - INFO - HTTP Request: POST http://localhost:8002/v1/chat/completions "HTTP/1.1 200 OK"
2026-08-17 16:45:23,673 - INFO - HTTP Request: POST http://localhost:8002/v1/chat/completions "HTTP/1.1 200 OK"
2026-08-17 16:45:26,576 - INFO - HTTP Request: POST http://localhost:8002/v1/chat/completions "HTTP/1.1 200 OK"
2026-08-17 16:45:26,794 - INFO - HTTP Request: POST http://localhost:8002/v1/chat/completions "HTTP/1.1 200 OK"

2026-08-17 16:45:28,640 - INFO - HTTP Request: POST http://localhost:8002/v1/chat/completions "HTTP/1.1 200 OK"
2026-08-17 16:45:36,202 - INFO - HTTP Request: POST http://localhost:8002/v1/chat/completions "HTTP/1.1 200 OK"

2026-08-17 16:45:39,695 - INFO - HTTP Request: POST http://localhost:8002/v1/chat/completions "HTTP/1.1 200 OK"

2026-08-17 16:45:41,226 - INFO - HTTP Request: POST http://localhost:8002/v1/chat/completions "HTTP/1.1 200 OK"

2026-08-17 16:45:51,647 - INFO - HTTP Request: POST http://localhost:8002/v1/chat/completions "HTTP/1.1 200 OK"
2026-08-17 16:45:56,421 - INFO - HTTP Request: POST http://localhost:8002/v1/chat/completions "HTTP/1.1 200 OK"
2026-08-17 16:45:59,544 - INFO - HTTP Request: POST http://localhost:8002/v1/chat/completions "HTTP/1.1 200 OK"
2026-08-17 16:46:01,503 - INFO - HTTP Request: POST http://localhost:8002/v1/chat/completions "HTTP/1.1 200 OK"
2026-08-17 16:46:05,144 - INFO - HTTP Request: POST http://localhost:8002/v1/chat/completions "HTTP/1.1 200 OK"

2026-08-17 16:46:07,115 - INFO - HTTP Request: POST http://localhost:8002/v1/chat/completions "HTTP/1.1 200 OK"

2026-08-17 16:46:11,907 - INFO - HTTP Request: POST http://localhost:8002/v1/chat/completions "HTTP/1.1 200 OK"

2026-08-17 16:46:13,649 - INFO - HTTP Request: POST http://localhost:8002/v1/chat/completions "HTTP/1.1 200 OK"

2026-08-17 16:46:24,504 - INFO - HTTP Request: POST http://localhost:8002/v1/chat/completions "HTTP/1.1 200 OK"
2026-08-17 16:46:35,091 - INFO - HTTP Request: POST http://localhost:8002/v1/chat/completions "HTTP/1.1 200 OK"

2026-08-17 16:46:36,178 - INFO - HTTP Request: POST http://localhost:8002/v1/chat/completions "HTTP/1.1 200 OK"
2026-08-17 16:46:41,032 - INFO - HTTP Request: POST http://localhost:8002/v1/chat/completions "HTTP/1.1 200 OK"
2026-08-17 16:46:43,084 - INFO - HTTP Request: POST http://localhost:8002/v1/chat/completions "HTTP/1.1 200 OK"
2026-08-17 16:46:50,865 - INFO - HTTP Request: POST http://localhost:8002/v1/chat/completions "HTTP/1.1 200 OK"

2026-08-17 16:46:57,620 - INFO - HTTP Request: POST http://localhost:8002/v1/chat/completions "HTTP/1.1 200 OK"

2026-08-17 16:46:57,839 - INFO - HTTP Request: POST http://localhost:8002/v1/chat/completions "HTTP/1.1 200 OK"

2026-08-17 16:47:04,577 - INFO - HTTP Request: POST http://localhost:8002/v1/chat/completions "HTTP/1.1 200 OK"
2026-08-17 16:47:11,199 - INFO - HTTP Request: POST http://localhost:8002/v1/chat/completions "HTTP/1.1 200 OK"
2026-08-17 16:47:18,081 - INFO - HTTP Request: POST http://localhost:8002/v1/chat/completions "HTTP/1.1 200 OK"
2026-08-17 16:47:18,300 - INFO - HTTP Request: POST http://localhost:8002/v1/chat/completions "HTTP/1.1 200 OK"

2026-08-17 16:47:18,301 - INFO - HTTP Request: POST http://localhost:8002/v1/chat/completions "HTTP/1.1 200 OK"
2026-08-17 16:47:22,035 - INFO - HTTP Request: POST http://localhost:8002/v1/chat/completions "HTTP/1.1 200 OK"

2026-08-17 16:47:33,142 - INFO - HTTP Request: POST http://localhost:8002/v1/chat/completions "HTTP/1.1 200 OK"

2026-08-17 16:47:33,143 - INFO - HTTP Request: POST http://localhost:8002/v1/chat/completions "HTTP/1.1 200 OK"

2026-08-17 16:47:39,009 - INFO - HTTP Request: POST http://localhost:8002/v1/chat/completions "HTTP/1.1 200 OK"
2026-08-17 16:47:50,689 - INFO - HTTP Request: POST http://localhost:8002/v1/chat/completions "HTTP/1.1 200 OK"

2026-08-17 16:47:51,560 - INFO - HTTP Request: POST http://localhost:8002/v1/chat/completions "HTTP/1.1 200 OK"
2026-08-17 16:48:02,725 - INFO - HTTP Request: POST http://localhost:8002/v1/chat/completions "HTTP/1.1 200 OK"
2026-08-17 16:48:02,726 - INFO - HTTP Request: POST http://localhost:8002/v1/chat/completions "HTTP/1.1 200 OK"
2026-08-17 16:48:06,532 - INFO - HTTP Request: POST http://localhost:8002/v1/chat/completions "HTTP/1.1 200 OK"

2026-08-17 16:48:14,599 - INFO - HTTP Request: POST http://localhost:8002/v1/chat/completions "HTTP/1.1 200 OK"

2026-08-17 16:48:17,872 - INFO - HTTP Request: POST http://localhost:8002/v1/chat/completions "HTTP/1.1 200 OK"

2026-08-17 16:48:20,702 - INFO - HTTP Request: POST http://localhost:8002/v1/chat/completions "HTTP/1.1 200 OK"
2026-08-17 16:48:31,242 - INFO - HTTP Request: POST http://localhost:8002/v1/chat/completions "HTTP/1.1 200 OK"

2026-08-17 16:48:39,285 - INFO - HTTP Request: POST http://localhost:8002/v1/chat/completions "HTTP/1.1 200 OK"
2026-08-17 16:48:47,405 - INFO - HTTP Request: POST http://localhost:8002/v1/chat/completions "HTTP/1.1 200 OK"
2026-08-17 16:48:50,827 - INFO - HTTP Request: POST http://localhost:8002/v1/chat/completions "HTTP/1.1 200 OK"

r0_cfg42:  26%|██▌       | 13/50 [23:15<1:22:00, 132.99s/it]2026-08-17 16:48:51,261 - INFO - HTTP Request: POST http://localhost:8002/v1/chat/completions "HTTP/1.1 200 OK"
2026-08-17 16:49:03,125 - INFO - HTTP Request: POST http://localhost:8002/v1/chat/completions "HTTP/1.1 200 OK"

r0_cfg42:  28%|██▊       | 14/50 [23:27<57:55, 96.53s/it]   2026-08-17 16:49:05,086 - INFO - HTTP Request: POST http://localhost:8002/v1/chat/completions "HTTP/1.1 200 OK"
2026-08-17 16:49:06,274 - INFO - HTTP Request: POST http://localhost:8002/v1/chat/completions "HTTP/1.1 200 OK"

r0_cfg42:  30%|███       | 15/50 [23:31<39:53, 68.38s/it]2026-08-17 16:49:13,231 - INFO - HTTP Request: POST http://localhost:8002/v1/chat/completions "HTTP/1.1 200 OK"
2026-08-17 16:49:15,992 - INFO - HTTP Request: POST http://localhost:8002/v1/chat/completions "HTTP/1.1 200 OK"

r0_cfg42:  32%|███▏      | 16/50 [23:40<28:44, 50.73s/it]2026-08-17 16:49:25,120 - INFO - HTTP Request: POST http://localhost:8002/v1/chat/completions "HTTP/1.1 200 OK"

2026-08-17 16:49:25,772 - INFO - HTTP Request: POST http://localhost:8002/v1/chat/completions "HTTP/1.1 200 OK"
2026-08-17 16:49:28,968 - INFO - HTTP Request: POST http://localhost:8002/v1/chat/completions "HTTP/1.1 200 OK"
2026-08-17 16:49:38,697 - INFO - HTTP Request: POST http://localhost:8002/v1/chat/completions "HTTP/1.1 200 OK"
2026-08-17 16:49:40,318 - INFO - HTTP Request: POST http://localhost:8002/v1/chat/completions "HTTP/1.1 200 OK"

2026-08-17 16:49:41,410 - INFO - HTTP Request: POST http://localhost:8002/v1/chat/completions "HTTP/1.1 200 OK"

2026-08-17 16:49:49,015 - INFO - HTTP Request: POST http://localhost:8002/v1/chat/completions "HTTP/1.1 200 OK"

2026-08-17 16:49:52,271 - INFO - HTTP Request: POST http://localhost:8002/v1/chat/completions "HTTP/1.1 200 OK"
2026-08-17 16:50:01,769 - INFO - HTTP Request: POST http://localhost:8002/v1/chat/completions "HTTP/1.1 200 OK"

2026-08-17 16:50:06,763 - INFO - HTTP Request: POST http://localhost:8002/v1/chat/completions "HTTP/1.1 200 OK"
2026-08-17 16:50:08,220 - INFO - HTTP Request: POST http://localhost:8002/v1/chat/completions "HTTP/1.1 200 OK"
2026-08-17 16:50:16,214 - INFO - HTTP Request: POST http://localhost:8002/v1/chat/completions "HTTP/1.1 200 OK"
2026-08-17 16:50:21,325 - INFO - HTTP Request: POST http://localhost:8002/v1/chat/completions "HTTP/1.1 200 OK"

2026-08-17 16:50:23,723 - INFO - HTTP Request: POST http://localhost:8002/v1/chat/completions "HTTP/1.1 200 OK"

2026-08-17 16:50:27,203 - INFO - HTTP Request: POST http://localhost:8002/v1/chat/completions "HTTP/1.1 200 OK"
2026-08-17 16:50:31,491 - INFO - HTTP Request: POST http://localhost:8002/v1/chat/completions "HTTP/1.1 200 OK"

2026-08-17 16:50:37,582 - INFO - HTTP Request: POST http://localhost:8002/v1/chat/completions "HTTP/1.1 200 OK"

2026-08-17 16:50:46,060 - INFO - HTTP Request: POST http://localhost:8002/v1/chat/completions "HTTP/1.1 200 OK"
2026-08-17 16:50:48,825 - INFO - HTTP Request: POST http://localhost:8002/v1/chat/completions "HTTP/1.1 200 OK"
2026-08-17 16:50:56,597 - INFO - HTTP Request: POST http://localhost:8002/v1/chat/completions "HTTP/1.1 200 OK"
2026-08-17 16:51:00,837 - INFO - HTTP Request: POST http://localhost:8002/v1/chat/completions "HTTP/1.1 200 OK"

2026-08-17 16:51:02,587 - INFO - HTTP Request: POST http://localhost:8002/v1/chat/completions "HTTP/1.1 200 OK"
2026-08-17 16:51:03,994 - INFO - HTTP Request: POST http://localhost:8002/v1/chat/completions "HTTP/1.1 200 OK"

2026-08-17 16:51:10,970 - INFO - HTTP Request: POST http://localhost:8002/v1/chat/completions "HTTP/1.1 200 OK"

2026-08-17 16:51:15,109 - INFO - HTTP Request: POST http://localhost:8002/v1/chat/completions "HTTP/1.1 200 OK"

2026-08-17 16:51:25,318 - INFO - HTTP Request: POST http://localhost:8002/v1/chat/completions "HTTP/1.1 200 OK"
2026-08-17 16:51:28,511 - INFO - HTTP Request: POST http://localhost:8002/v1/chat/completions "HTTP/1.1 200 OK"
2026-08-17 16:51:35,579 - INFO - HTTP Request: POST http://localhost:8002/v1/chat/completions "HTTP/1.1 200 OK"
2026-08-17 16:51:35,797 - INFO - HTTP Request: POST http://localhost:8002/v1/chat/completions "HTTP/1.1 200 OK"
2026-08-17 16:51:38,509 - INFO - HTTP Request: POST http://localhost:8002/v1/chat/completions "HTTP/1.1 200 OK"

2026-08-17 16:51:41,787 - INFO - HTTP Request: POST http://localhost:8002/v1/chat/completions "HTTP/1.1 200 OK"

2026-08-17 16:51:45,497 - INFO - HTTP Request: POST http://localhost:8002/v1/chat/completions "HTTP/1.1 200 OK"

2026-08-17 16:51:48,976 - INFO - HTTP Request: POST http://localhost:8002/v1/chat/completions "HTTP/1.1 200 OK"

2026-08-17 16:51:58,319 - INFO - HTTP Request: POST http://localhost:8002/v1/chat/completions "HTTP/1.1 200 OK"
2026-08-17 16:52:01,949 - INFO - HTTP Request: POST http://localhost:8002/v1/chat/completions "HTTP/1.1 200 OK"
2026-08-17 16:52:09,068 - INFO - HTTP Request: POST http://localhost:8002/v1/chat/completions "HTTP/1.1 200 OK"
2026-08-17 16:52:13,308 - INFO - HTTP Request: POST http://localhost:8002/v1/chat/completions "HTTP/1.1 200 OK"

2026-08-17 16:52:14,617 - INFO - HTTP Request: POST http://localhost:8002/v1/chat/completions "HTTP/1.1 200 OK"

2026-08-17 16:52:15,273 - INFO - HTTP Request: POST http://localhost:8002/v1/chat/completions "HTTP/1.1 200 OK"
2026-08-17 16:52:21,031 - INFO - HTTP Request: POST http://localhost:8002/v1/chat/completions "HTTP/1.1 200 OK"

2026-08-17 16:52:27,118 - INFO - HTTP Request: POST http://localhost:8002/v1/chat/completions "HTTP/1.1 200 OK"

2026-08-17 16:52:42,314 - INFO - HTTP Request: POST http://localhost:8002/v1/chat/completions "HTTP/1.1 200 OK"
2026-08-17 16:52:43,987 - INFO - HTTP Request: POST http://localhost:8002/v1/chat/completions "HTTP/1.1 200 OK"
2026-08-17 16:52:47,788 - INFO - HTTP Request: POST http://localhost:8002/v1/chat/completions "HTTP/1.1 200 OK"
2026-08-17 16:52:50,773 - INFO - HTTP Request: POST http://localhost:8002/v1/chat/completions "HTTP/1.1 200 OK"
2026-08-17 16:52:57,848 - INFO - HTTP Request: POST http://localhost:8002/v1/chat/completions "HTTP/1.1 200 OK"

2026-08-17 16:53:00,249 - INFO - HTTP Request: POST http://localhost:8002/v1/chat/completions "HTTP/1.1 200 OK"

2026-08-17 16:53:01,342 - INFO - HTTP Request: POST http://localhost:8002/v1/chat/completions "HTTP/1.1 200 OK"

2026-08-17 16:53:06,996 - INFO - HTTP Request: POST http://localhost:8002/v1/chat/completions "HTTP/1.1 200 OK"

2026-08-17 16:53:17,854 - INFO - HTTP Request: POST http://localhost:8002/v1/chat/completions "HTTP/1.1 200 OK"
2026-08-17 16:53:20,619 - INFO - HTTP Request: POST http://localhost:8002/v1/chat/completions "HTTP/1.1 200 OK"
2026-08-17 16:53:27,740 - INFO - HTTP Request: POST http://localhost:8002/v1/chat/completions "HTTP/1.1 200 OK"
2026-08-17 16:53:31,544 - INFO - HTTP Request: POST http://localhost:8002/v1/chat/completions "HTTP/1.1 200 OK"
2026-08-17 16:53:31,762 - INFO - HTTP Request: POST http://localhost:8002/v1/chat/completions "HTTP/1.1 200 OK"

2026-08-17 16:53:33,225 - INFO - HTTP Request: POST http://localhost:8002/v1/chat/completions "HTTP/1.1 200 OK"

2026-08-17 16:53:42,376 - INFO - HTTP Request: POST http://localhost:8002/v1/chat/completions "HTTP/1.1 200 OK"

2026-08-17 16:53:43,690 - INFO - HTTP Request: POST http://localhost:8002/v1/chat/completions "HTTP/1.1 200 OK"

2026-08-17 16:54:01,286 - INFO - HTTP Request: POST http://localhost:8002/v1/chat/completions "HTTP/1.1 200 OK"
2026-08-17 16:54:02,746 - INFO - HTTP Request: POST http://localhost:8002/v1/chat/completions "HTTP/1.1 200 OK"
2026-08-17 16:54:13,578 - INFO - HTTP Request: POST http://localhost:8002/v1/chat/completions "HTTP/1.1 200 OK"
2026-08-17 16:54:15,856 - INFO - HTTP Request: POST http://localhost:8002/v1/chat/completions "HTTP/1.1 200 OK"
2026-08-17 16:54:16,887 - INFO - HTTP Request: POST http://localhost:8002/v1/chat/completions "HTTP/1.1 200 OK"

2026-08-17 16:54:19,513 - INFO - HTTP Request: POST http://localhost:8002/v1/chat/completions "HTTP/1.1 200 OK"

2026-08-17 16:54:26,928 - INFO - HTTP Request: POST http://localhost:8002/v1/chat/completions "HTTP/1.1 200 OK"

r0_cfg42:  34%|███▍      | 17/50 [28:51<1:10:56, 128.97s/it]2026-08-17 16:54:31,279 - INFO - HTTP Request: POST http://localhost:8002/v1/chat/completions "HTTP/1.1 200 OK"

2026-08-17 16:54:48,879 - INFO - HTTP Request: POST http://localhost:8002/v1/chat/completions "HTTP/1.1 200 OK"
2026-08-17 16:54:50,339 - INFO - HTTP Request: POST http://localhost:8002/v1/chat/completions "HTTP/1.1 200 OK"
2026-08-17 16:54:52,668 - INFO - HTTP Request: POST http://localhost:8002/v1/chat/completions "HTTP/1.1 200 OK"
2026-08-17 16:55:03,075 - INFO - HTTP Request: POST http://localhost:8002/v1/chat/completions "HTTP/1.1 200 OK"

r0_cfg42:  36%|███▌      | 18/50 [29:27<53:54, 101.08s/it]  2026-08-17 16:55:03,728 - INFO - HTTP Request: POST http://localhost:8002/v1/chat/completions "HTTP/1.1 200 OK"

2026-08-17 16:55:05,475 - INFO - HTTP Request: POST http://localhost:8002/v1/chat/completions "HTTP/1.1 200 OK"
2026-08-17 16:55:05,693 - INFO - HTTP Request: POST http://localhost:8002/v1/chat/completions "HTTP/1.1 200 OK"

r0_cfg42:  38%|███▊      | 19/50 [29:30<36:56, 71.51s/it] 2026-08-17 16:55:19,269 - INFO - HTTP Request: POST http://localhost:8002/v1/chat/completions "HTTP/1.1 200 OK"

r0_cfg42:  40%|████      | 20/50 [29:44<27:03, 54.11s/it]2026-08-17 16:55:25,131 - INFO - HTTP Request: POST http://localhost:8002/v1/chat/completions "HTTP/1.1 200 OK"
2026-08-17 16:55:28,038 - INFO - HTTP Request: POST http://localhost:8002/v1/chat/completions "HTTP/1.1 200 OK"
2026-08-17 16:55:30,742 - INFO - HTTP Request: POST http://localhost:8002/v1/chat/completions "HTTP/1.1 200 OK"
2026-08-17 16:55:40,045 - INFO - HTTP Request: POST http://localhost:8002/v1/chat/completions "HTTP/1.1 200 OK"

2026-08-17 16:55:42,226 - INFO - HTTP Request: POST http://localhost:8002/v1/chat/completions "HTTP/1.1 200 OK"

2026-08-17 16:55:42,227 - INFO - HTTP Request: POST http://localhost:8002/v1/chat/completions "HTTP/1.1 200 OK"
2026-08-17 16:55:42,444 - INFO - HTTP Request: POST http://localhost:8002/v1/chat/completions "HTTP/1.1 200 OK"

2026-08-17 16:55:54,711 - INFO - HTTP Request: POST http://localhost:8002/v1/chat/completions "HTTP/1.1 200 OK"

2026-08-17 16:56:06,434 - INFO - HTTP Request: POST http://localhost:8002/v1/chat/completions "HTTP/1.1 200 OK"
2026-08-17 16:56:07,404 - INFO - HTTP Request: POST http://localhost:8002/v1/chat/completions "HTTP/1.1 200 OK"
2026-08-17 16:56:09,298 - INFO - HTTP Request: POST http://localhost:8002/v1/chat/completions "HTTP/1.1 200 OK"
2026-08-17 16:56:17,454 - INFO - HTTP Request: POST http://localhost:8002/v1/chat/completions "HTTP/1.1 200 OK"

2026-08-17 16:56:21,811 - INFO - HTTP Request: POST http://localhost:8002/v1/chat/completions "HTTP/1.1 200 OK"
2026-08-17 16:56:24,746 - INFO - HTTP Request: POST http://localhost:8002/v1/chat/completions "HTTP/1.1 200 OK"

2026-08-17 16:56:24,964 - INFO - HTTP Request: POST http://localhost:8002/v1/chat/completions "HTTP/1.1 200 OK"

2026-08-17 16:56:34,314 - INFO - HTTP Request: POST http://localhost:8002/v1/chat/completions "HTTP/1.1 200 OK"

2026-08-17 16:56:42,130 - INFO - HTTP Request: POST http://localhost:8002/v1/chat/completions "HTTP/1.1 200 OK"
2026-08-17 16:56:48,971 - INFO - HTTP Request: POST http://localhost:8002/v1/chat/completions "HTTP/1.1 200 OK"
2026-08-17 16:56:49,995 - INFO - HTTP Request: POST http://localhost:8002/v1/chat/completions "HTTP/1.1 200 OK"
2026-08-17 16:56:57,496 - INFO - HTTP Request: POST http://localhost:8002/v1/chat/completions "HTTP/1.1 200 OK"

2026-08-17 16:56:59,683 - INFO - HTTP Request: POST http://localhost:8002/v1/chat/completions "HTTP/1.1 200 OK"
2026-08-17 16:57:02,399 - INFO - HTTP Request: POST http://localhost:8002/v1/chat/completions "HTTP/1.1 200 OK"

2026-08-17 16:57:04,804 - INFO - HTTP Request: POST http://localhost:8002/v1/chat/completions "HTTP/1.1 200 OK"

2026-08-17 16:57:14,375 - INFO - HTTP Request: POST http://localhost:8002/v1/chat/completions "HTTP/1.1 200 OK"

2026-08-17 16:57:21,764 - INFO - HTTP Request: POST http://localhost:8002/v1/chat/completions "HTTP/1.1 200 OK"
2026-08-17 16:57:21,765 - INFO - HTTP Request: POST http://localhost:8002/v1/chat/completions "HTTP/1.1 200 OK"
2026-08-17 16:57:29,402 - INFO - HTTP Request: POST http://localhost:8002/v1/chat/completions "HTTP/1.1 200 OK"
2026-08-17 16:57:34,496 - INFO - HTTP Request: POST http://localhost:8002/v1/chat/completions "HTTP/1.1 200 OK"

2026-08-17 16:57:34,714 - INFO - HTTP Request: POST http://localhost:8002/v1/chat/completions "HTTP/1.1 200 OK"

2026-08-17 16:57:39,507 - INFO - HTTP Request: POST http://localhost:8002/v1/chat/completions "HTTP/1.1 200 OK"
2026-08-17 16:57:42,215 - INFO - HTTP Request: POST http://localhost:8002/v1/chat/completions "HTTP/1.1 200 OK"

2026-08-17 16:57:52,005 - INFO - HTTP Request: POST http://localhost:8002/v1/chat/completions "HTTP/1.1 200 OK"

2026-08-17 16:57:54,618 - INFO - HTTP Request: POST http://localhost:8002/v1/chat/completions "HTTP/1.1 200 OK"
2026-08-17 16:58:02,324 - INFO - HTTP Request: POST http://localhost:8002/v1/chat/completions "HTTP/1.1 200 OK"
2026-08-17 16:58:04,368 - INFO - HTTP Request: POST http://localhost:8002/v1/chat/completions "HTTP/1.1 200 OK"
2026-08-17 16:58:06,479 - INFO - HTTP Request: POST http://localhost:8002/v1/chat/completions "HTTP/1.1 200 OK"

2026-08-17 16:58:12,796 - INFO - HTTP Request: POST http://localhost:8002/v1/chat/completions "HTTP/1.1 200 OK"
2026-08-17 16:58:18,567 - INFO - HTTP Request: POST http://localhost:8002/v1/chat/completions "HTTP/1.1 200 OK"

2026-08-17 16:58:20,312 - INFO - HTTP Request: POST http://localhost:8002/v1/chat/completions "HTTP/1.1 200 OK"

2026-08-17 16:58:24,010 - INFO - HTTP Request: POST http://localhost:8002/v1/chat/completions "HTTP/1.1 200 OK"

2026-08-17 16:58:35,517 - INFO - HTTP Request: POST http://localhost:8002/v1/chat/completions "HTTP/1.1 200 OK"
2026-08-17 16:58:40,612 - INFO - HTTP Request: POST http://localhost:8002/v1/chat/completions "HTTP/1.1 200 OK"
2026-08-17 16:58:47,950 - INFO - HTTP Request: POST http://localhost:8002/v1/chat/completions "HTTP/1.1 200 OK"
2026-08-17 16:58:50,867 - INFO - HTTP Request: POST http://localhost:8002/v1/chat/completions "HTTP/1.1 200 OK"

2026-08-17 16:58:53,702 - INFO - HTTP Request: POST http://localhost:8002/v1/chat/completions "HTTP/1.1 200 OK"
2026-08-17 16:58:54,672 - INFO - HTTP Request: POST http://localhost:8002/v1/chat/completions "HTTP/1.1 200 OK"

2026-08-17 16:59:01,854 - INFO - HTTP Request: POST http://localhost:8002/v1/chat/completions "HTTP/1.1 200 OK"

2026-08-17 16:59:09,032 - INFO - HTTP Request: POST http://localhost:8002/v1/chat/completions "HTTP/1.1 200 OK"

2026-08-17 16:59:11,206 - INFO - HTTP Request: POST http://localhost:8002/v1/chat/completions "HTTP/1.1 200 OK"
2026-08-17 16:59:22,179 - INFO - HTTP Request: POST http://localhost:8002/v1/chat/completions "HTTP/1.1 200 OK"
2026-08-17 16:59:23,361 - INFO - HTTP Request: POST http://localhost:8002/v1/chat/completions "HTTP/1.1 200 OK"

2026-08-17 16:59:24,452 - INFO - HTTP Request: POST http://localhost:8002/v1/chat/completions "HTTP/1.1 200 OK"
2026-08-17 16:59:30,054 - INFO - HTTP Request: POST http://localhost:8002/v1/chat/completions "HTTP/1.1 200 OK"
2026-08-17 16:59:37,571 - INFO - HTTP Request: POST http://localhost:8002/v1/chat/completions "HTTP/1.1 200 OK"

2026-08-17 16:59:37,789 - INFO - HTTP Request: POST http://localhost:8002/v1/chat/completions "HTTP/1.1 200 OK"

2026-08-17 16:59:39,325 - INFO - HTTP Request: POST http://localhost:8002/v1/chat/completions "HTTP/1.1 200 OK"

2026-08-17 16:59:53,224 - INFO - HTTP Request: POST http://localhost:8002/v1/chat/completions "HTTP/1.1 200 OK"
2026-08-17 17:00:07,032 - INFO - HTTP Request: POST http://localhost:8002/v1/chat/completions "HTTP/1.1 200 OK"
2026-08-17 17:00:08,429 - INFO - HTTP Request: POST http://localhost:8002/v1/chat/completions "HTTP/1.1 200 OK"

2026-08-17 17:00:09,093 - INFO - HTTP Request: POST http://localhost:8002/v1/chat/completions "HTTP/1.1 200 OK"
2026-08-17 17:00:11,372 - INFO - HTTP Request: POST http://localhost:8002/v1/chat/completions "HTTP/1.1 200 OK"
2026-08-17 17:00:20,685 - INFO - HTTP Request: POST http://localhost:8002/v1/chat/completions "HTTP/1.1 200 OK"

2026-08-17 17:00:22,002 - INFO - HTTP Request: POST http://localhost:8002/v1/chat/completions "HTTP/1.1 200 OK"

2026-08-17 17:00:23,100 - INFO - HTTP Request: POST http://localhost:8002/v1/chat/completions "HTTP/1.1 200 OK"

r0_cfg42:  42%|████▏     | 21/50 [34:47<1:02:23, 129.07s/it]2026-08-17 17:00:41,557 - INFO - HTTP Request: POST http://localhost:8002/v1/chat/completions "HTTP/1.1 200 OK"
2026-08-17 17:00:45,350 - INFO - HTTP Request: POST http://localhost:8002/v1/chat/completions "HTTP/1.1 200 OK"
2026-08-17 17:00:53,937 - INFO - HTTP Request: POST http://localhost:8002/v1/chat/completions "HTTP/1.1 200 OK"
2026-08-17 17:00:55,566 - INFO - HTTP Request: POST http://localhost:8002/v1/chat/completions "HTTP/1.1 200 OK"

r0_cfg42:  44%|████▍     | 22/50 [35:20<46:42, 100.08s/it]  2026-08-17 17:00:56,003 - INFO - HTTP Request: POST http://localhost:8002/v1/chat/completions "HTTP/1.1 200 OK"
2026-08-17 17:00:57,624 - INFO - HTTP Request: POST http://localhost:8002/v1/chat/completions "HTTP/1.1 200 OK"

2026-08-17 17:01:07,860 - INFO - HTTP Request: POST http://localhost:8002/v1/chat/completions "HTTP/1.1 200 OK"

r0_cfg42:  46%|████▌     | 23/50 [35:32<33:10, 73.74s/it] 2026-08-17 17:01:08,511 - INFO - HTTP Request: POST http://localhost:8002/v1/chat/completions "HTTP/1.1 200 OK"

r0_cfg42:  48%|████▊     | 24/50 [35:33<22:26, 51.81s/it]2026-08-17 17:01:17,629 - INFO - HTTP Request: POST http://localhost:8002/v1/chat/completions "HTTP/1.1 200 OK"
2026-08-17 17:01:24,027 - INFO - HTTP Request: POST http://localhost:8002/v1/chat/completions "HTTP/1.1 200 OK"
2026-08-17 17:01:28,911 - INFO - HTTP Request: POST http://localhost:8002/v1/chat/completions "HTTP/1.1 200 OK"

2026-08-17 17:01:30,219 - INFO - HTTP Request: POST http://localhost:8002/v1/chat/completions "HTTP/1.1 200 OK"
2026-08-17 17:01:31,400 - INFO - HTTP Request: POST http://localhost:8002/v1/chat/completions "HTTP/1.1 200 OK"
2026-08-17 17:01:37,606 - INFO - HTTP Request: POST http://localhost:8002/v1/chat/completions "HTTP/1.1 200 OK"

2026-08-17 17:01:44,790 - INFO - HTTP Request: POST http://localhost:8002/v1/chat/completions "HTTP/1.1 200 OK"

2026-08-17 17:01:45,445 - INFO - HTTP Request: POST http://localhost:8002/v1/chat/completions "HTTP/1.1 200 OK"

2026-08-17 17:01:55,642 - INFO - HTTP Request: POST http://localhost:8002/v1/chat/completions "HTTP/1.1 200 OK"
2026-08-17 17:02:02,262 - INFO - HTTP Request: POST http://localhost:8002/v1/chat/completions "HTTP/1.1 200 OK"
2026-08-17 17:02:08,235 - INFO - HTTP Request: POST http://localhost:8002/v1/chat/completions "HTTP/1.1 200 OK"

2026-08-17 17:02:11,498 - INFO - HTTP Request: POST http://localhost:8002/v1/chat/completions "HTTP/1.1 200 OK"
2026-08-17 17:02:12,523 - INFO - HTTP Request: POST http://localhost:8002/v1/chat/completions "HTTP/1.1 200 OK"
2026-08-17 17:02:20,467 - INFO - HTTP Request: POST http://localhost:8002/v1/chat/completions "HTTP/1.1 200 OK"

2026-08-17 17:02:25,048 - INFO - HTTP Request: POST http://localhost:8002/v1/chat/completions "HTTP/1.1 200 OK"

2026-08-17 17:02:28,746 - INFO - HTTP Request: POST http://localhost:8002/v1/chat/completions "HTTP/1.1 200 OK"

2026-08-17 17:02:33,305 - INFO - HTTP Request: POST http://localhost:8002/v1/chat/completions "HTTP/1.1 200 OK"
2026-08-17 17:02:44,272 - INFO - HTTP Request: POST http://localhost:8002/v1/chat/completions "HTTP/1.1 200 OK"
2026-08-17 17:02:46,223 - INFO - HTTP Request: POST http://localhost:8002/v1/chat/completions "HTTP/1.1 200 OK"

2026-08-17 17:02:49,057 - INFO - HTTP Request: POST http://localhost:8002/v1/chat/completions "HTTP/1.1 200 OK"
2026-08-17 17:02:54,277 - INFO - HTTP Request: POST http://localhost:8002/v1/chat/completions "HTTP/1.1 200 OK"
2026-08-17 17:02:57,862 - INFO - HTTP Request: POST http://localhost:8002/v1/chat/completions "HTTP/1.1 200 OK"

2026-08-17 17:03:04,185 - INFO - HTTP Request: POST http://localhost:8002/v1/chat/completions "HTTP/1.1 200 OK"

2026-08-17 17:03:10,934 - INFO - HTTP Request: POST http://localhost:8002/v1/chat/completions "HTTP/1.1 200 OK"
2026-08-17 17:03:11,151 - INFO - HTTP Request: POST http://localhost:8002/v1/chat/completions "HTTP/1.1 200 OK"

2026-08-17 17:03:17,987 - INFO - HTTP Request: POST http://localhost:8002/v1/chat/completions "HTTP/1.1 200 OK"
2026-08-17 17:03:25,262 - INFO - HTTP Request: POST http://localhost:8002/v1/chat/completions "HTTP/1.1 200 OK"

2026-08-17 17:03:28,316 - INFO - HTTP Request: POST http://localhost:8002/v1/chat/completions "HTTP/1.1 200 OK"
2026-08-17 17:03:32,770 - INFO - HTTP Request: POST http://localhost:8002/v1/chat/completions "HTTP/1.1 200 OK"

2026-08-17 17:03:35,599 - INFO - HTTP Request: POST http://localhost:8002/v1/chat/completions "HTTP/1.1 200 OK"
2026-08-17 17:03:42,657 - INFO - HTTP Request: POST http://localhost:8002/v1/chat/completions "HTTP/1.1 200 OK"

2026-08-17 17:03:45,276 - INFO - HTTP Request: POST http://localhost:8002/v1/chat/completions "HTTP/1.1 200 OK"
2026-08-17 17:03:52,124 - INFO - HTTP Request: POST http://localhost:8002/v1/chat/completions "HTTP/1.1 200 OK"

2026-08-17 17:03:58,872 - INFO - HTTP Request: POST http://localhost:8002/v1/chat/completions "HTTP/1.1 200 OK"

2026-08-17 17:04:02,131 - INFO - HTTP Request: POST http://localhost:8002/v1/chat/completions "HTTP/1.1 200 OK"
2026-08-17 17:04:03,094 - INFO - HTTP Request: POST http://localhost:8002/v1/chat/completions "HTTP/1.1 200 OK"
2026-08-17 17:04:12,120 - INFO - HTTP Request: POST http://localhost:8002/v1/chat/completions "HTTP/1.1 200 OK"
2026-08-17 17:04:13,962 - INFO - HTTP Request: POST http://localhost:8002/v1/chat/completions "HTTP/1.1 200 OK"

2026-08-17 17:04:15,925 - INFO - HTTP Request: POST http://localhost:8002/v1/chat/completions "HTTP/1.1 200 OK"

2026-08-17 17:04:22,448 - INFO - HTTP Request: POST http://localhost:8002/v1/chat/completions "HTTP/1.1 200 OK"

2026-08-17 17:04:28,528 - INFO - HTTP Request: POST http://localhost:8002/v1/chat/completions "HTTP/1.1 200 OK"
2026-08-17 17:04:36,231 - INFO - HTTP Request: POST http://localhost:8002/v1/chat/completions "HTTP/1.1 200 OK"
2026-08-17 17:04:38,724 - INFO - HTTP Request: POST http://localhost:8002/v1/chat/completions "HTTP/1.1 200 OK"

2026-08-17 17:04:43,293 - INFO - HTTP Request: POST http://localhost:8002/v1/chat/completions "HTTP/1.1 200 OK"
2026-08-17 17:04:52,101 - INFO - HTTP Request: POST http://localhost:8002/v1/chat/completions "HTTP/1.1 200 OK"
2026-08-17 17:04:52,803 - INFO - HTTP Request: POST http://localhost:8002/v1/chat/completions "HTTP/1.1 200 OK"

2026-08-17 17:04:58,075 - INFO - HTTP Request: POST http://localhost:8002/v1/chat/completions "HTTP/1.1 200 OK"

2026-08-17 17:04:59,383 - INFO - HTTP Request: POST http://localhost:8002/v1/chat/completions "HTTP/1.1 200 OK"
2026-08-17 17:05:08,847 - INFO - HTTP Request: POST http://localhost:8002/v1/chat/completions "HTTP/1.1 200 OK"

2026-08-17 17:05:11,678 - INFO - HTTP Request: POST http://localhost:8002/v1/chat/completions "HTTP/1.1 200 OK"

2026-08-17 17:05:18,412 - INFO - HTTP Request: POST http://localhost:8002/v1/chat/completions "HTTP/1.1 200 OK"
2026-08-17 17:05:22,696 - INFO - HTTP Request: POST http://localhost:8002/v1/chat/completions "HTTP/1.1 200 OK"
2026-08-17 17:05:31,072 - INFO - HTTP Request: POST http://localhost:8002/v1/chat/completions "HTTP/1.1 200 OK"

2026-08-17 17:05:32,381 - INFO - HTTP Request: POST http://localhost:8002/v1/chat/completions "HTTP/1.1 200 OK"
2026-08-17 17:05:37,272 - INFO - HTTP Request: POST http://localhost:8002/v1/chat/completions "HTTP/1.1 200 OK"

2026-08-17 17:05:39,022 - INFO - HTTP Request: POST http://localhost:8002/v1/chat/completions "HTTP/1.1 200 OK"
2026-08-17 17:05:48,920 - INFO - HTTP Request: POST http://localhost:8002/v1/chat/completions "HTTP/1.1 200 OK"

2026-08-17 17:05:52,187 - INFO - HTTP Request: POST http://localhost:8002/v1/chat/completions "HTTP/1.1 200 OK"

2026-08-17 17:06:00,882 - INFO - HTTP Request: POST http://localhost:8002/v1/chat/completions "HTTP/1.1 200 OK"
2026-08-17 17:06:10,554 - INFO - HTTP Request: POST http://localhost:8002/v1/chat/completions "HTTP/1.1 200 OK"
2026-08-17 17:06:14,573 - INFO - HTTP Request: POST http://localhost:8002/v1/chat/completions "HTTP/1.1 200 OK"

2026-08-17 17:06:18,717 - INFO - HTTP Request: POST http://localhost:8002/v1/chat/completions "HTTP/1.1 200 OK"
2026-08-17 17:06:23,386 - INFO - HTTP Request: POST http://localhost:8002/v1/chat/completions "HTTP/1.1 200 OK"

r0_cfg42:  50%|█████     | 25/50 [40:48<54:28, 130.74s/it]2026-08-17 17:06:26,217 - INFO - HTTP Request: POST http://localhost:8002/v1/chat/completions "HTTP/1.1 200 OK"
2026-08-17 17:06:38,511 - INFO - HTTP Request: POST http://localhost:8002/v1/chat/completions "HTTP/1.1 200 OK"

r0_cfg42:  52%|█████▏    | 26/50 [41:03<38:25, 96.05s/it] 2026-08-17 17:06:39,387 - INFO - HTTP Request: POST http://localhost:8002/v1/chat/completions "HTTP/1.1 200 OK"

2026-08-17 17:06:45,690 - INFO - HTTP Request: POST http://localhost:8002/v1/chat/completions "HTTP/1.1 200 OK"
2026-08-17 17:06:48,611 - INFO - HTTP Request: POST http://localhost:8002/v1/chat/completions "HTTP/1.1 200 OK"
2026-08-17 17:06:59,383 - INFO - HTTP Request: POST http://localhost:8002/v1/chat/completions "HTTP/1.1 200 OK"

2026-08-17 17:07:01,126 - INFO - HTTP Request: POST http://localhost:8002/v1/chat/completions "HTTP/1.1 200 OK"
2026-08-17 17:07:03,185 - INFO - HTTP Request: POST http://localhost:8002/v1/chat/completions "HTTP/1.1 200 OK"

r0_cfg42:  54%|█████▍    | 27/50 [41:28<28:36, 74.64s/it]2026-08-17 17:07:13,405 - INFO - HTTP Request: POST http://localhost:8002/v1/chat/completions "HTTP/1.1 200 OK"
2026-08-17 17:07:15,681 - INFO - HTTP Request: POST http://localhost:8002/v1/chat/completions "HTTP/1.1 200 OK"

2026-08-17 17:07:25,249 - INFO - HTTP Request: POST http://localhost:8002/v1/chat/completions "HTTP/1.1 200 OK"
2026-08-17 17:07:26,216 - INFO - HTTP Request: POST http://localhost:8002/v1/chat/completions "HTTP/1.1 200 OK"
2026-08-17 17:07:28,828 - INFO - HTTP Request: POST http://localhost:8002/v1/chat/completions "HTTP/1.1 200 OK"

r0_cfg42:  56%|█████▌    | 28/50 [41:53<21:58, 59.94s/it]2026-08-17 17:07:36,232 - INFO - HTTP Request: POST http://localhost:8002/v1/chat/completions "HTTP/1.1 200 OK"

2026-08-17 17:07:41,016 - INFO - HTTP Request: POST http://localhost:8002/v1/chat/completions "HTTP/1.1 200 OK"

2026-08-17 17:07:42,537 - INFO - HTTP Request: POST http://localhost:8002/v1/chat/completions "HTTP/1.1 200 OK"
2026-08-17 17:07:51,169 - INFO - HTTP Request: POST http://localhost:8002/v1/chat/completions "HTTP/1.1 200 OK"
2026-08-17 17:07:54,648 - INFO - HTTP Request: POST http://localhost:8002/v1/chat/completions "HTTP/1.1 200 OK"

2026-08-17 17:08:01,167 - INFO - HTTP Request: POST http://localhost:8002/v1/chat/completions "HTTP/1.1 200 OK"
2026-08-17 17:08:03,659 - INFO - HTTP Request: POST http://localhost:8002/v1/chat/completions "HTTP/1.1 200 OK"

2026-08-17 17:08:08,009 - INFO - HTTP Request: POST http://localhost:8002/v1/chat/completions "HTTP/1.1 200 OK"
2026-08-17 17:08:18,557 - INFO - HTTP Request: POST http://localhost:8002/v1/chat/completions "HTTP/1.1 200 OK"

2026-08-17 17:08:18,558 - INFO - HTTP Request: POST http://localhost:8002/v1/chat/completions "HTTP/1.1 200 OK"
2026-08-17 17:08:20,231 - INFO - HTTP Request: POST http://localhost:8002/v1/chat/completions "HTTP/1.1 200 OK"

2026-08-17 17:08:30,449 - INFO - HTTP Request: POST http://localhost:8002/v1/chat/completions "HTTP/1.1 200 OK"
2026-08-17 17:08:32,188 - INFO - HTTP Request: POST http://localhost:8002/v1/chat/completions "HTTP/1.1 200 OK"

2026-08-17 17:08:42,409 - INFO - HTTP Request: POST http://localhost:8002/v1/chat/completions "HTTP/1.1 200 OK"

2026-08-17 17:08:43,279 - INFO - HTTP Request: POST http://localhost:8002/v1/chat/completions "HTTP/1.1 200 OK"
2026-08-17 17:08:45,112 - INFO - HTTP Request: POST http://localhost:8002/v1/chat/completions "HTTP/1.1 200 OK"
2026-08-17 17:08:55,220 - INFO - HTTP Request: POST http://localhost:8002/v1/chat/completions "HTTP/1.1 200 OK"

2026-08-17 17:08:56,317 - INFO - HTTP Request: POST http://localhost:8002/v1/chat/completions "HTTP/1.1 200 OK"

2026-08-17 17:08:56,976 - INFO - HTTP Request: POST http://localhost:8002/v1/chat/completions "HTTP/1.1 200 OK"
2026-08-17 17:09:07,841 - INFO - HTTP Request: POST http://localhost:8002/v1/chat/completions "HTTP/1.1 200 OK"
2026-08-17 17:09:11,103 - INFO - HTTP Request: POST http://localhost:8002/v1/chat/completions "HTTP/1.1 200 OK"

2026-08-17 17:09:16,762 - INFO - HTTP Request: POST http://localhost:8002/v1/chat/completions "HTTP/1.1 200 OK"
2026-08-17 17:09:20,345 - INFO - HTTP Request: POST http://localhost:8002/v1/chat/completions "HTTP/1.1 200 OK"
2026-08-17 17:09:22,399 - INFO - HTTP Request: POST http://localhost:8002/v1/chat/completions "HTTP/1.1 200 OK"

2026-08-17 17:09:27,633 - INFO - HTTP Request: POST http://localhost:8002/v1/chat/completions "HTTP/1.1 200 OK"

2026-08-17 17:09:31,113 - INFO - HTTP Request: POST http://localhost:8002/v1/chat/completions "HTTP/1.1 200 OK"
2026-08-17 17:09:32,786 - INFO - HTTP Request: POST http://localhost:8002/v1/chat/completions "HTTP/1.1 200 OK"

2026-08-17 17:09:42,795 - INFO - HTTP Request: POST http://localhost:8002/v1/chat/completions "HTTP/1.1 200 OK"

2026-08-17 17:09:46,704 - INFO - HTTP Request: POST http://localhost:8002/v1/chat/completions "HTTP/1.1 200 OK"
2026-08-17 17:09:52,719 - INFO - HTTP Request: POST http://localhost:8002/v1/chat/completions "HTTP/1.1 200 OK"
2026-08-17 17:09:57,165 - INFO - HTTP Request: POST http://localhost:8002/v1/chat/completions "HTTP/1.1 200 OK"
2026-08-17 17:09:59,223 - INFO - HTTP Request: POST http://localhost:8002/v1/chat/completions "HTTP/1.1 200 OK"

2026-08-17 17:10:05,546 - INFO - HTTP Request: POST http://localhost:8002/v1/chat/completions "HTTP/1.1 200 OK"

2026-08-17 17:10:08,592 - INFO - HTTP Request: POST http://localhost:8002/v1/chat/completions "HTTP/1.1 200 OK"

2026-08-17 17:10:12,283 - INFO - HTTP Request: POST http://localhost:8002/v1/chat/completions "HTTP/1.1 200 OK"
2026-08-17 17:10:19,339 - INFO - HTTP Request: POST http://localhost:8002/v1/chat/completions "HTTP/1.1 200 OK"
2026-08-17 17:10:21,728 - INFO - HTTP Request: POST http://localhost:8002/v1/chat/completions "HTTP/1.1 200 OK"

2026-08-17 17:10:29,119 - INFO - HTTP Request: POST http://localhost:8002/v1/chat/completions "HTTP/1.1 200 OK"
2026-08-17 17:10:32,482 - INFO - HTTP Request: POST http://localhost:8002/v1/chat/completions "HTTP/1.1 200 OK"

2026-08-17 17:10:35,095 - INFO - HTTP Request: POST http://localhost:8002/v1/chat/completions "HTTP/1.1 200 OK"
2026-08-17 17:10:42,371 - INFO - HTTP Request: POST http://localhost:8002/v1/chat/completions "HTTP/1.1 200 OK"
2026-08-17 17:10:45,526 - INFO - HTTP Request: POST http://localhost:8002/v1/chat/completions "HTTP/1.1 200 OK"

2026-08-17 17:10:49,884 - INFO - HTTP Request: POST http://localhost:8002/v1/chat/completions "HTTP/1.1 200 OK"

2026-08-17 17:10:55,325 - INFO - HTTP Request: POST http://localhost:8002/v1/chat/completions "HTTP/1.1 200 OK"

2026-08-17 17:11:01,843 - INFO - HTTP Request: POST http://localhost:8002/v1/chat/completions "HTTP/1.1 200 OK"
2026-08-17 17:11:10,033 - INFO - HTTP Request: POST http://localhost:8002/v1/chat/completions "HTTP/1.1 200 OK"
2026-08-17 17:11:12,525 - INFO - HTTP Request: POST http://localhost:8002/v1/chat/completions "HTTP/1.1 200 OK"

2026-08-17 17:11:15,138 - INFO - HTTP Request: POST http://localhost:8002/v1/chat/completions "HTTP/1.1 200 OK"
2026-08-17 17:11:24,165 - INFO - HTTP Request: POST http://localhost:8002/v1/chat/completions "HTTP/1.1 200 OK"

2026-08-17 17:11:25,255 - INFO - HTTP Request: POST http://localhost:8002/v1/chat/completions "HTTP/1.1 200 OK"
2026-08-17 17:11:27,969 - INFO - HTTP Request: POST http://localhost:8002/v1/chat/completions "HTTP/1.1 200 OK"

2026-08-17 17:11:33,201 - INFO - HTTP Request: POST http://localhost:8002/v1/chat/completions "HTTP/1.1 200 OK"
2026-08-17 17:11:36,465 - INFO - HTTP Request: POST http://localhost:8002/v1/chat/completions "HTTP/1.1 200 OK"

2026-08-17 17:11:46,477 - INFO - HTTP Request: POST http://localhost:8002/v1/chat/completions "HTTP/1.1 200 OK"

2026-08-17 17:11:53,865 - INFO - HTTP Request: POST http://localhost:8002/v1/chat/completions "HTTP/1.1 200 OK"
2026-08-17 17:12:01,575 - INFO - HTTP Request: POST http://localhost:8002/v1/chat/completions "HTTP/1.1 200 OK"
2026-08-17 17:12:09,954 - INFO - HTTP Request: POST http://localhost:8002/v1/chat/completions "HTTP/1.1 200 OK"

2026-08-17 17:12:10,172 - INFO - HTTP Request: POST http://localhost:8002/v1/chat/completions "HTTP/1.1 200 OK"
2026-08-17 17:12:16,595 - INFO - HTTP Request: POST http://localhost:8002/v1/chat/completions "HTTP/1.1 200 OK"
2026-08-17 17:12:17,465 - INFO - HTTP Request: POST http://localhost:8002/v1/chat/completions "HTTP/1.1 200 OK"

r0_cfg42:  58%|█████▊    | 29/50 [46:42<44:59, 128.55s/it]2026-08-17 17:12:20,516 - INFO - HTTP Request: POST http://localhost:8002/v1/chat/completions "HTTP/1.1 200 OK"

r0_cfg42:  60%|██████    | 30/50 [46:45<30:17, 90.90s/it] 2026-08-17 17:12:35,299 - INFO - HTTP Request: POST http://localhost:8002/v1/chat/completions "HTTP/1.1 200 OK"

2026-08-17 17:12:39,431 - INFO - HTTP Request: POST http://localhost:8002/v1/chat/completions "HTTP/1.1 200 OK"
2026-08-17 17:12:42,792 - INFO - HTTP Request: POST http://localhost:8002/v1/chat/completions "HTTP/1.1 200 OK"
2026-08-17 17:12:43,767 - INFO - HTTP Request: POST http://localhost:8002/v1/chat/completions "HTTP/1.1 200 OK"
2026-08-17 17:12:53,449 - INFO - HTTP Request: POST http://localhost:8002/v1/chat/completions "HTTP/1.1 200 OK"

2026-08-17 17:12:54,979 - INFO - HTTP Request: POST http://localhost:8002/v1/chat/completions "HTTP/1.1 200 OK"

r0_cfg42:  62%|██████▏   | 31/50 [47:19<23:25, 73.97s/it]2026-08-17 17:12:56,286 - INFO - HTTP Request: POST http://localhost:8002/v1/chat/completions "HTTP/1.1 200 OK"

2026-08-17 17:13:08,879 - INFO - HTTP Request: POST http://localhost:8002/v1/chat/completions "HTTP/1.1 200 OK"
2026-08-17 17:13:17,136 - INFO - HTTP Request: POST http://localhost:8002/v1/chat/completions "HTTP/1.1 200 OK"
2026-08-17 17:13:20,064 - INFO - HTTP Request: POST http://localhost:8002/v1/chat/completions "HTTP/1.1 200 OK"
2026-08-17 17:13:23,218 - INFO - HTTP Request: POST http://localhost:8002/v1/chat/completions "HTTP/1.1 200 OK"
2026-08-17 17:13:26,207 - INFO - HTTP Request: POST http://localhost:8002/v1/chat/completions "HTTP/1.1 200 OK"

r0_cfg42:  64%|██████▍   | 32/50 [47:51<18:20, 61.15s/it]2026-08-17 17:13:29,262 - INFO - HTTP Request: POST http://localhost:8002/v1/chat/completions "HTTP/1.1 200 OK"

2026-08-17 17:13:32,531 - INFO - HTTP Request: POST http://localhost:8002/v1/chat/completions "HTTP/1.1 200 OK"

2026-08-17 17:13:33,403 - INFO - HTTP Request: POST http://localhost:8002/v1/chat/completions "HTTP/1.1 200 OK"

2026-08-17 17:13:48,165 - INFO - HTTP Request: POST http://localhost:8002/v1/chat/completions "HTTP/1.1 200 OK"
2026-08-17 17:13:55,656 - INFO - HTTP Request: POST http://localhost:8002/v1/chat/completions "HTTP/1.1 200 OK"
2026-08-17 17:13:57,333 - INFO - HTTP Request: POST http://localhost:8002/v1/chat/completions "HTTP/1.1 200 OK"
2026-08-17 17:13:57,550 - INFO - HTTP Request: POST http://localhost:8002/v1/chat/completions "HTTP/1.1 200 OK"
2026-08-17 17:14:00,590 - INFO - HTTP Request: POST http://localhost:8002/v1/chat/completions "HTTP/1.1 200 OK"

2026-08-17 17:14:08,221 - INFO - HTTP Request: POST http://localhost:8002/v1/chat/completions "HTTP/1.1 200 OK"

2026-08-17 17:14:08,887 - INFO - HTTP Request: POST http://localhost:8002/v1/chat/completions "HTTP/1.1 200 OK"

2026-08-17 17:14:08,888 - INFO - HTTP Request: POST http://localhost:8002/v1/chat/completions "HTTP/1.1 200 OK"

2026-08-17 17:14:23,649 - INFO - HTTP Request: POST http://localhost:8002/v1/chat/completions "HTTP/1.1 200 OK"
2026-08-17 17:14:32,783 - INFO - HTTP Request: POST http://localhost:8002/v1/chat/completions "HTTP/1.1 200 OK"
2026-08-17 17:14:33,501 - INFO - HTTP Request: POST http://localhost:8002/v1/chat/completions "HTTP/1.1 200 OK"
2026-08-17 17:14:34,265 - INFO - HTTP Request: POST http://localhost:8002/v1/chat/completions "HTTP/1.1 200 OK"
2026-08-17 17:14:35,018 - INFO - HTTP Request: POST http://localhost:8002/v1/chat/completions "HTTP/1.1 200 OK"

2026-08-17 17:14:45,937 - INFO - HTTP Request: POST http://localhost:8002/v1/chat/completions "HTTP/1.1 200 OK"

2026-08-17 17:14:46,372 - INFO - HTTP Request: POST http://localhost:8002/v1/chat/completions "HTTP/1.1 200 OK"

2026-08-17 17:14:46,818 - INFO - HTTP Request: POST http://localhost:8002/v1/chat/completions "HTTP/1.1 200 OK"

2026-08-17 17:14:59,419 - INFO - HTTP Request: POST http://localhost:8002/v1/chat/completions "HTTP/1.1 200 OK"
2026-08-17 17:15:06,044 - INFO - HTTP Request: POST http://localhost:8002/v1/chat/completions "HTTP/1.1 200 OK"
2026-08-17 17:15:07,230 - INFO - HTTP Request: POST http://localhost:8002/v1/chat/completions "HTTP/1.1 200 OK"
2026-08-17 17:15:11,259 - INFO - HTTP Request: POST http://localhost:8002/v1/chat/completions "HTTP/1.1 200 OK"
2026-08-17 17:15:16,377 - INFO - HTTP Request: POST http://localhost:8002/v1/chat/completions "HTTP/1.1 200 OK"

2026-08-17 17:15:18,131 - INFO - HTTP Request: POST http://localhost:8002/v1/chat/completions "HTTP/1.1 200 OK"

2026-08-17 17:15:18,786 - INFO - HTTP Request: POST http://localhost:8002/v1/chat/completions "HTTP/1.1 200 OK"

2026-08-17 17:15:24,006 - INFO - HTTP Request: POST http://localhost:8002/v1/chat/completions "HTTP/1.1 200 OK"

2026-08-17 17:15:40,512 - INFO - HTTP Request: POST http://localhost:8002/v1/chat/completions "HTTP/1.1 200 OK"
2026-08-17 17:15:44,091 - INFO - HTTP Request: POST http://localhost:8002/v1/chat/completions "HTTP/1.1 200 OK"
2026-08-17 17:15:47,458 - INFO - HTTP Request: POST http://localhost:8002/v1/chat/completions "HTTP/1.1 200 OK"
2026-08-17 17:15:48,434 - INFO - HTTP Request: POST http://localhost:8002/v1/chat/completions "HTTP/1.1 200 OK"
2026-08-17 17:15:53,981 - INFO - HTTP Request: POST http://localhost:8002/v1/chat/completions "HTTP/1.1 200 OK"

2026-08-17 17:15:57,477 - INFO - HTTP Request: POST http://localhost:8002/v1/chat/completions "HTTP/1.1 200 OK"

2026-08-17 17:16:01,617 - INFO - HTTP Request: POST http://localhost:8002/v1/chat/completions "HTTP/1.1 200 OK"

2026-08-17 17:16:04,445 - INFO - HTTP Request: POST http://localhost:8002/v1/chat/completions "HTTP/1.1 200 OK"

2026-08-17 17:16:13,349 - INFO - HTTP Request: POST http://localhost:8002/v1/chat/completions "HTTP/1.1 200 OK"
2026-08-17 17:16:21,981 - INFO - HTTP Request: POST http://localhost:8002/v1/chat/completions "HTTP/1.1 200 OK"
2026-08-17 17:16:25,181 - INFO - HTTP Request: POST http://localhost:8002/v1/chat/completions "HTTP/1.1 200 OK"
2026-08-17 17:16:27,027 - INFO - HTTP Request: POST http://localhost:8002/v1/chat/completions "HTTP/1.1 200 OK"

2026-08-17 17:16:27,244 - INFO - HTTP Request: POST http://localhost:8002/v1/chat/completions "HTTP/1.1 200 OK"
2026-08-17 17:16:41,729 - INFO - HTTP Request: POST http://localhost:8002/v1/chat/completions "HTTP/1.1 200 OK"

2026-08-17 17:16:42,386 - INFO - HTTP Request: POST http://localhost:8002/v1/chat/completions "HTTP/1.1 200 OK"

2026-08-17 17:16:44,565 - INFO - HTTP Request: POST http://localhost:8002/v1/chat/completions "HTTP/1.1 200 OK"

2026-08-17 17:16:56,078 - INFO - HTTP Request: POST http://localhost:8002/v1/chat/completions "HTTP/1.1 200 OK"
2026-08-17 17:17:02,703 - INFO - HTTP Request: POST http://localhost:8002/v1/chat/completions "HTTP/1.1 200 OK"
2026-08-17 17:17:06,075 - INFO - HTTP Request: POST http://localhost:8002/v1/chat/completions "HTTP/1.1 200 OK"

2026-08-17 17:17:11,514 - INFO - HTTP Request: POST http://localhost:8002/v1/chat/completions "HTTP/1.1 200 OK"
2026-08-17 17:17:14,665 - INFO - HTTP Request: POST http://localhost:8002/v1/chat/completions "HTTP/1.1 200 OK"
2026-08-17 17:17:14,883 - INFO - HTTP Request: POST http://localhost:8002/v1/chat/completions "HTTP/1.1 200 OK"

2026-08-17 17:17:25,001 - INFO - HTTP Request: POST http://localhost:8002/v1/chat/completions "HTTP/1.1 200 OK"

2026-08-17 17:17:26,751 - INFO - HTTP Request: POST http://localhost:8002/v1/chat/completions "HTTP/1.1 200 OK"
2026-08-17 17:17:30,822 - INFO - HTTP Request: POST http://localhost:8002/v1/chat/completions "HTTP/1.1 200 OK"

2026-08-17 17:17:44,751 - INFO - HTTP Request: POST http://localhost:8002/v1/chat/completions "HTTP/1.1 200 OK"
2026-08-17 17:17:48,119 - INFO - HTTP Request: POST http://localhost:8002/v1/chat/completions "HTTP/1.1 200 OK"

2026-08-17 17:17:56,823 - INFO - HTTP Request: POST http://localhost:8002/v1/chat/completions "HTTP/1.1 200 OK"

2026-08-17 17:17:58,134 - INFO - HTTP Request: POST http://localhost:8002/v1/chat/completions "HTTP/1.1 200 OK"
2026-08-17 17:18:04,669 - INFO - HTTP Request: POST http://localhost:8002/v1/chat/completions "HTTP/1.1 200 OK"
2026-08-17 17:18:12,395 - INFO - HTTP Request: POST http://localhost:8002/v1/chat/completions "HTTP/1.1 200 OK"

r0_cfg42:  66%|██████▌   | 33/50 [52:37<36:27, 128.66s/it]2026-08-17 17:18:18,055 - INFO - HTTP Request: POST http://localhost:8002/v1/chat/completions "HTTP/1.1 200 OK"
2026-08-17 17:18:19,899 - INFO - HTTP Request: POST http://localhost:8002/v1/chat/completions "HTTP/1.1 200 OK"

r0_cfg42:  68%|██████▊   | 34/50 [52:44<24:37, 92.31s/it] 2026-08-17 17:18:30,344 - INFO - HTTP Request: POST http://localhost:8002/v1/chat/completions "HTTP/1.1 200 OK"
2026-08-17 17:18:31,062 - INFO - HTTP Request: POST http://localhost:8002/v1/chat/completions "HTTP/1.1 200 OK"

2026-08-17 17:18:34,803 - INFO - HTTP Request: POST http://localhost:8002/v1/chat/completions "HTTP/1.1 200 OK"
2026-08-17 17:18:42,434 - INFO - HTTP Request: POST http://localhost:8002/v1/chat/completions "HTTP/1.1 200 OK"
2026-08-17 17:18:43,894 - INFO - HTTP Request: POST http://localhost:8002/v1/chat/completions "HTTP/1.1 200 OK"

r0_cfg42:  70%|███████   | 35/50 [53:08<17:57, 71.82s/it]2026-08-17 17:18:51,947 - INFO - HTTP Request: POST http://localhost:8002/v1/chat/completions "HTTP/1.1 200 OK"

2026-08-17 17:18:55,210 - INFO - HTTP Request: POST http://localhost:8002/v1/chat/completions "HTTP/1.1 200 OK"

2026-08-17 17:19:04,331 - INFO - HTTP Request: POST http://localhost:8002/v1/chat/completions "HTTP/1.1 200 OK"
2026-08-17 17:19:06,171 - INFO - HTTP Request: POST http://localhost:8002/v1/chat/completions "HTTP/1.1 200 OK"
2026-08-17 17:19:16,771 - INFO - HTTP Request: POST http://localhost:8002/v1/chat/completions "HTTP/1.1 200 OK"

r0_cfg42:  72%|███████▏  | 36/50 [53:41<14:01, 60.13s/it]2026-08-17 17:19:18,731 - INFO - HTTP Request: POST http://localhost:8002/v1/chat/completions "HTTP/1.1 200 OK"
2026-08-17 17:19:19,438 - INFO - HTTP Request: POST http://localhost:8002/v1/chat/completions "HTTP/1.1 200 OK"

2026-08-17 17:19:22,287 - INFO - HTTP Request: POST http://localhost:8002/v1/chat/completions "HTTP/1.1 200 OK"
2026-08-17 17:19:33,973 - INFO - HTTP Request: POST http://localhost:8002/v1/chat/completions "HTTP/1.1 200 OK"

2026-08-17 17:19:38,761 - INFO - HTTP Request: POST http://localhost:8002/v1/chat/completions "HTTP/1.1 200 OK"

2026-08-17 17:19:39,414 - INFO - HTTP Request: POST http://localhost:8002/v1/chat/completions "HTTP/1.1 200 OK"
2026-08-17 17:19:46,305 - INFO - HTTP Request: POST http://localhost:8002/v1/chat/completions "HTTP/1.1 200 OK"
2026-08-17 17:19:49,940 - INFO - HTTP Request: POST http://localhost:8002/v1/chat/completions "HTTP/1.1 200 OK"

2026-08-17 17:19:59,072 - INFO - HTTP Request: POST http://localhost:8002/v1/chat/completions "HTTP/1.1 200 OK"
2026-08-17 17:20:00,235 - INFO - HTTP Request: POST http://localhost:8002/v1/chat/completions "HTTP/1.1 200 OK"

2026-08-17 17:20:04,149 - INFO - HTTP Request: POST http://localhost:8002/v1/chat/completions "HTTP/1.1 200 OK"
2026-08-17 17:20:15,623 - INFO - HTTP Request: POST http://localhost:8002/v1/chat/completions "HTTP/1.1 200 OK"

2026-08-17 17:20:16,721 - INFO - HTTP Request: POST http://localhost:8002/v1/chat/completions "HTTP/1.1 200 OK"
2026-08-17 17:20:17,964 - INFO - HTTP Request: POST http://localhost:8002/v1/chat/completions "HTTP/1.1 200 OK"

2026-08-17 17:20:25,364 - INFO - HTTP Request: POST http://localhost:8002/v1/chat/completions "HTTP/1.1 200 OK"
2026-08-17 17:20:28,130 - INFO - HTTP Request: POST http://localhost:8002/v1/chat/completions "HTTP/1.1 200 OK"

2026-08-17 17:20:40,305 - INFO - HTTP Request: POST http://localhost:8002/v1/chat/completions "HTTP/1.1 200 OK"
2026-08-17 17:20:40,523 - INFO - HTTP Request: POST http://localhost:8002/v1/chat/completions "HTTP/1.1 200 OK"

2026-08-17 17:20:42,497 - INFO - HTTP Request: POST http://localhost:8002/v1/chat/completions "HTTP/1.1 200 OK"
2026-08-17 17:20:53,102 - INFO - HTTP Request: POST http://localhost:8002/v1/chat/completions "HTTP/1.1 200 OK"
2026-08-17 17:20:53,103 - INFO - HTTP Request: POST http://localhost:8002/v1/chat/completions "HTTP/1.1 200 OK"

2026-08-17 17:20:55,651 - INFO - HTTP Request: POST http://localhost:8002/v1/chat/completions "HTTP/1.1 200 OK"

2026-08-17 17:21:03,484 - INFO - HTTP Request: POST http://localhost:8002/v1/chat/completions "HTTP/1.1 200 OK"

2026-08-17 17:21:05,445 - INFO - HTTP Request: POST http://localhost:8002/v1/chat/completions "HTTP/1.1 200 OK"
2026-08-17 17:21:13,641 - INFO - HTTP Request: POST http://localhost:8002/v1/chat/completions "HTTP/1.1 200 OK"
2026-08-17 17:21:15,612 - INFO - HTTP Request: POST http://localhost:8002/v1/chat/completions "HTTP/1.1 200 OK"
2026-08-17 17:21:18,601 - INFO - HTTP Request: POST http://localhost:8002/v1/chat/completions "HTTP/1.1 200 OK"

2026-08-17 17:21:24,488 - INFO - HTTP Request: POST http://localhost:8002/v1/chat/completions "HTTP/1.1 200 OK"

2026-08-17 17:21:28,622 - INFO - HTTP Request: POST http://localhost:8002/v1/chat/completions "HTTP/1.1 200 OK"
2026-08-17 17:21:29,401 - INFO - HTTP Request: POST http://localhost:8002/v1/chat/completions "HTTP/1.1 200 OK"

2026-08-17 17:21:38,404 - INFO - HTTP Request: POST http://localhost:8002/v1/chat/completions "HTTP/1.1 200 OK"
2026-08-17 17:21:40,733 - INFO - HTTP Request: POST http://localhost:8002/v1/chat/completions "HTTP/1.1 200 OK"

2026-08-17 17:21:49,219 - INFO - HTTP Request: POST http://localhost:8002/v1/chat/completions "HTTP/1.1 200 OK"

2026-08-17 17:21:53,996 - INFO - HTTP Request: POST http://localhost:8002/v1/chat/completions "HTTP/1.1 200 OK"
2026-08-17 17:21:58,785 - INFO - HTTP Request: POST http://localhost:8002/v1/chat/completions "HTTP/1.1 200 OK"
2026-08-17 17:22:01,112 - INFO - HTTP Request: POST http://localhost:8002/v1/chat/completions "HTTP/1.1 200 OK"
2026-08-17 17:22:08,457 - INFO - HTTP Request: POST http://localhost:8002/v1/chat/completions "HTTP/1.1 200 OK"

2026-08-17 17:22:11,509 - INFO - HTTP Request: POST http://localhost:8002/v1/chat/completions "HTTP/1.1 200 OK"

2026-08-17 17:22:13,470 - INFO - HTTP Request: POST http://localhost:8002/v1/chat/completions "HTTP/1.1 200 OK"

2026-08-17 17:22:18,897 - INFO - HTTP Request: POST http://localhost:8002/v1/chat/completions "HTTP/1.1 200 OK"
2026-08-17 17:22:28,833 - INFO - HTTP Request: POST http://localhost:8002/v1/chat/completions "HTTP/1.1 200 OK"
2026-08-17 17:22:33,265 - INFO - HTTP Request: POST http://localhost:8002/v1/chat/completions "HTTP/1.1 200 OK"

2026-08-17 17:22:34,138 - INFO - HTTP Request: POST http://localhost:8002/v1/chat/completions "HTTP/1.1 200 OK"
2026-08-17 17:22:41,258 - INFO - HTTP Request: POST http://localhost:8002/v1/chat/completions "HTTP/1.1 200 OK"
2026-08-17 17:22:47,512 - INFO - HTTP Request: POST http://localhost:8002/v1/chat/completions "HTTP/1.1 200 OK"

2026-08-17 17:22:47,513 - INFO - HTTP Request: POST http://localhost:8002/v1/chat/completions "HTTP/1.1 200 OK"

2026-08-17 17:22:54,040 - INFO - HTTP Request: POST http://localhost:8002/v1/chat/completions "HTTP/1.1 200 OK"
2026-08-17 17:22:55,719 - INFO - HTTP Request: POST http://localhost:8002/v1/chat/completions "HTTP/1.1 200 OK"

2026-08-17 17:23:08,115 - INFO - HTTP Request: POST http://localhost:8002/v1/chat/completions "HTTP/1.1 200 OK"

2026-08-17 17:23:15,719 - INFO - HTTP Request: POST http://localhost:8002/v1/chat/completions "HTTP/1.1 200 OK"
2026-08-17 17:23:17,398 - INFO - HTTP Request: POST http://localhost:8002/v1/chat/completions "HTTP/1.1 200 OK"
2026-08-17 17:23:17,399 - INFO - HTTP Request: POST http://localhost:8002/v1/chat/completions "HTTP/1.1 200 OK"
2026-08-17 17:23:27,440 - INFO - HTTP Request: POST http://localhost:8002/v1/chat/completions "HTTP/1.1 200 OK"

2026-08-17 17:23:31,581 - INFO - HTTP Request: POST http://localhost:8002/v1/chat/completions "HTTP/1.1 200 OK"

2026-08-17 17:23:31,582 - INFO - HTTP Request: POST http://localhost:8002/v1/chat/completions "HTTP/1.1 200 OK"

2026-08-17 17:23:38,317 - INFO - HTTP Request: POST http://localhost:8002/v1/chat/completions "HTTP/1.1 200 OK"
2026-08-17 17:23:54,134 - INFO - HTTP Request: POST http://localhost:8002/v1/chat/completions "HTTP/1.1 200 OK"

2026-08-17 17:23:56,966 - INFO - HTTP Request: POST http://localhost:8002/v1/chat/completions "HTTP/1.1 200 OK"
2026-08-17 17:24:04,950 - INFO - HTTP Request: POST http://localhost:8002/v1/chat/completions "HTTP/1.1 200 OK"
2026-08-17 17:24:04,951 - INFO - HTTP Request: POST http://localhost:8002/v1/chat/completions "HTTP/1.1 200 OK"
2026-08-17 17:24:07,800 - INFO - HTTP Request: POST http://localhost:8002/v1/chat/completions "HTTP/1.1 200 OK"

2026-08-17 17:24:15,866 - INFO - HTTP Request: POST http://localhost:8002/v1/chat/completions "HTTP/1.1 200 OK"

r0_cfg42:  74%|███████▍  | 37/50 [58:40<28:33, 131.82s/it]2026-08-17 17:24:16,147 - INFO - HTTP Request: POST http://localhost:8002/v1/chat/completions "HTTP/1.1 200 OK"

r0_cfg42:  76%|███████▌  | 38/50 [58:40<18:28, 92.36s/it] 2026-08-17 17:24:27,808 - INFO - HTTP Request: POST http://localhost:8002/v1/chat/completions "HTTP/1.1 200 OK"
2026-08-17 17:24:38,403 - INFO - HTTP Request: POST http://localhost:8002/v1/chat/completions "HTTP/1.1 200 OK"
2026-08-17 17:24:38,621 - INFO - HTTP Request: POST http://localhost:8002/v1/chat/completions "HTTP/1.1 200 OK"
2026-08-17 17:24:41,921 - INFO - HTTP Request: POST http://localhost:8002/v1/chat/completions "HTTP/1.1 200 OK"
2026-08-17 17:24:43,384 - INFO - HTTP Request: POST http://localhost:8002/v1/chat/completions "HTTP/1.1 200 OK"

r0_cfg42:  78%|███████▊  | 39/50 [59:08<13:21, 72.82s/it]2026-08-17 17:24:48,182 - INFO - HTTP Request: POST http://localhost:8002/v1/chat/completions "HTTP/1.1 200 OK"

2026-08-17 17:24:53,627 - INFO - HTTP Request: POST http://localhost:8002/v1/chat/completions "HTTP/1.1 200 OK"

2026-08-17 17:24:55,588 - INFO - HTTP Request: POST http://localhost:8002/v1/chat/completions "HTTP/1.1 200 OK"

r0_cfg42:  80%|████████  | 40/50 [59:20<09:06, 54.64s/it]2026-08-17 17:25:05,354 - INFO - HTTP Request: POST http://localhost:8002/v1/chat/completions "HTTP/1.1 200 OK"
2026-08-17 17:25:14,583 - INFO - HTTP Request: POST http://localhost:8002/v1/chat/completions "HTTP/1.1 200 OK"
2026-08-17 17:25:18,221 - INFO - HTTP Request: POST http://localhost:8002/v1/chat/completions "HTTP/1.1 200 OK"
2026-08-17 17:25:18,439 - INFO - HTTP Request: POST http://localhost:8002/v1/chat/completions "HTTP/1.1 200 OK"

2026-08-17 17:25:20,718 - INFO - HTTP Request: POST http://localhost:8002/v1/chat/completions "HTTP/1.1 200 OK"
2026-08-17 17:25:29,321 - INFO - HTTP Request: POST http://localhost:8002/v1/chat/completions "HTTP/1.1 200 OK"

2026-08-17 17:25:32,155 - INFO - HTTP Request: POST http://localhost:8002/v1/chat/completions "HTTP/1.1 200 OK"

2026-08-17 17:25:33,680 - INFO - HTTP Request: POST http://localhost:8002/v1/chat/completions "HTTP/1.1 200 OK"

2026-08-17 17:25:45,182 - INFO - HTTP Request: POST http://localhost:8002/v1/chat/completions "HTTP/1.1 200 OK"
2026-08-17 17:25:52,943 - INFO - HTTP Request: POST http://localhost:8002/v1/chat/completions "HTTP/1.1 200 OK"
2026-08-17 17:25:57,669 - INFO - HTTP Request: POST http://localhost:8002/v1/chat/completions "HTTP/1.1 200 OK"
2026-08-17 17:25:57,887 - INFO - HTTP Request: POST http://localhost:8002/v1/chat/completions "HTTP/1.1 200 OK"

2026-08-17 17:25:59,299 - INFO - HTTP Request: POST http://localhost:8002/v1/chat/completions "HTTP/1.1 200 OK"
2026-08-17 17:26:05,503 - INFO - HTTP Request: POST http://localhost:8002/v1/chat/completions "HTTP/1.1 200 OK"

2026-08-17 17:26:10,737 - INFO - HTTP Request: POST http://localhost:8002/v1/chat/completions "HTTP/1.1 200 OK"

2026-08-17 17:26:13,784 - INFO - HTTP Request: POST http://localhost:8002/v1/chat/completions "HTTP/1.1 200 OK"

2026-08-17 17:26:22,907 - INFO - HTTP Request: POST http://localhost:8002/v1/chat/completions "HTTP/1.1 200 OK"
2026-08-17 17:26:29,750 - INFO - HTTP Request: POST http://localhost:8002/v1/chat/completions "HTTP/1.1 200 OK"
2026-08-17 17:26:35,780 - INFO - HTTP Request: POST http://localhost:8002/v1/chat/completions "HTTP/1.1 200 OK"
2026-08-17 17:26:38,712 - INFO - HTTP Request: POST http://localhost:8002/v1/chat/completions "HTTP/1.1 200 OK"
2026-08-17 17:26:39,683 - INFO - HTTP Request: POST http://localhost:8002/v1/chat/completions "HTTP/1.1 200 OK"

2026-08-17 17:26:43,179 - INFO - HTTP Request: POST http://localhost:8002/v1/chat/completions "HTTP/1.1 200 OK"

2026-08-17 17:26:51,244 - INFO - HTTP Request: POST http://localhost:8002/v1/chat/completions "HTTP/1.1 200 OK"

2026-08-17 17:26:51,462 - INFO - HTTP Request: POST http://localhost:8002/v1/chat/completions "HTTP/1.1 200 OK"

2026-08-17 17:27:02,971 - INFO - HTTP Request: POST http://localhost:8002/v1/chat/completions "HTTP/1.1 200 OK"
2026-08-17 17:27:04,214 - INFO - HTTP Request: POST http://localhost:8002/v1/chat/completions "HTTP/1.1 200 OK"
2026-08-17 17:27:11,936 - INFO - HTTP Request: POST http://localhost:8002/v1/chat/completions "HTTP/1.1 200 OK"
2026-08-17 17:27:15,742 - INFO - HTTP Request: POST http://localhost:8002/v1/chat/completions "HTTP/1.1 200 OK"
2026-08-17 17:27:15,743 - INFO - HTTP Request: POST http://localhost:8002/v1/chat/completions "HTTP/1.1 200 OK"

2026-08-17 17:27:17,697 - INFO - HTTP Request: POST http://localhost:8002/v1/chat/completions "HTTP/1.1 200 OK"

2026-08-17 17:27:25,326 - INFO - HTTP Request: POST http://localhost:8002/v1/chat/completions "HTTP/1.1 200 OK"

2026-08-17 17:27:28,590 - INFO - HTTP Request: POST http://localhost:8002/v1/chat/completions "HTTP/1.1 200 OK"

2026-08-17 17:27:37,498 - INFO - HTTP Request: POST http://localhost:8002/v1/chat/completions "HTTP/1.1 200 OK"
2026-08-17 17:27:45,208 - INFO - HTTP Request: POST http://localhost:8002/v1/chat/completions "HTTP/1.1 200 OK"
2026-08-17 17:27:49,058 - INFO - HTTP Request: POST http://localhost:8002/v1/chat/completions "HTTP/1.1 200 OK"
2026-08-17 17:27:52,426 - INFO - HTTP Request: POST http://localhost:8002/v1/chat/completions "HTTP/1.1 200 OK"

2026-08-17 17:27:55,043 - INFO - HTTP Request: POST http://localhost:8002/v1/chat/completions "HTTP/1.1 200 OK"
2026-08-17 17:27:58,843 - INFO - HTTP Request: POST http://localhost:8002/v1/chat/completions "HTTP/1.1 200 OK"

2026-08-17 17:28:01,895 - INFO - HTTP Request: POST http://localhost:8002/v1/chat/completions "HTTP/1.1 200 OK"

2026-08-17 17:28:09,071 - INFO - HTTP Request: POST http://localhost:8002/v1/chat/completions "HTTP/1.1 200 OK"

2026-08-17 17:28:18,842 - INFO - HTTP Request: POST http://localhost:8002/v1/chat/completions "HTTP/1.1 200 OK"
2026-08-17 17:28:21,826 - INFO - HTTP Request: POST http://localhost:8002/v1/chat/completions "HTTP/1.1 200 OK"
2026-08-17 17:28:29,762 - INFO - HTTP Request: POST http://localhost:8002/v1/chat/completions "HTTP/1.1 200 OK"
2026-08-17 17:28:31,609 - INFO - HTTP Request: POST http://localhost:8002/v1/chat/completions "HTTP/1.1 200 OK"
2026-08-17 17:28:34,098 - INFO - HTTP Request: POST http://localhost:8002/v1/chat/completions "HTTP/1.1 200 OK"

2026-08-17 17:28:35,191 - INFO - HTTP Request: POST http://localhost:8002/v1/chat/completions "HTTP/1.1 200 OK"

2026-08-17 17:28:42,816 - INFO - HTTP Request: POST http://localhost:8002/v1/chat/completions "HTTP/1.1 200 OK"

2026-08-17 17:28:45,646 - INFO - HTTP Request: POST http://localhost:8002/v1/chat/completions "HTTP/1.1 200 OK"

2026-08-17 17:28:54,115 - INFO - HTTP Request: POST http://localhost:8002/v1/chat/completions "HTTP/1.1 200 OK"
2026-08-17 17:29:03,136 - INFO - HTTP Request: POST http://localhost:8002/v1/chat/completions "HTTP/1.1 200 OK"
2026-08-17 17:29:04,980 - INFO - HTTP Request: POST http://localhost:8002/v1/chat/completions "HTTP/1.1 200 OK"
2026-08-17 17:29:08,840 - INFO - HTTP Request: POST http://localhost:8002/v1/chat/completions "HTTP/1.1 200 OK"

2026-08-17 17:29:15,813 - INFO - HTTP Request: POST http://localhost:8002/v1/chat/completions "HTTP/1.1 200 OK"
2026-08-17 17:29:18,528 - INFO - HTTP Request: POST http://localhost:8002/v1/chat/completions "HTTP/1.1 200 OK"

2026-08-17 17:29:18,964 - INFO - HTTP Request: POST http://localhost:8002/v1/chat/completions "HTTP/1.1 200 OK"

2026-08-17 17:29:29,415 - INFO - HTTP Request: POST http://localhost:8002/v1/chat/completions "HTTP/1.1 200 OK"

2026-08-17 17:29:38,328 - INFO - HTTP Request: POST http://localhost:8002/v1/chat/completions "HTTP/1.1 200 OK"
2026-08-17 17:29:48,000 - INFO - HTTP Request: POST http://localhost:8002/v1/chat/completions "HTTP/1.1 200 OK"
2026-08-17 17:29:52,675 - INFO - HTTP Request: POST http://localhost:8002/v1/chat/completions "HTTP/1.1 200 OK"

2026-08-17 17:29:52,676 - INFO - HTTP Request: POST http://localhost:8002/v1/chat/completions "HTTP/1.1 200 OK"
2026-08-17 17:30:00,453 - INFO - HTTP Request: POST http://localhost:8002/v1/chat/completions "HTTP/1.1 200 OK"

2026-08-17 17:30:03,508 - INFO - HTTP Request: POST http://localhost:8002/v1/chat/completions "HTTP/1.1 200 OK"
2026-08-17 17:30:07,308 - INFO - HTTP Request: POST http://localhost:8002/v1/chat/completions "HTTP/1.1 200 OK"

r0_cfg42:  82%|████████▏ | 41/50 [1:04:32<19:45, 131.76s/it]2026-08-17 17:30:16,009 - INFO - HTTP Request: POST http://localhost:8002/v1/chat/completions "HTTP/1.1 200 OK"

r0_cfg42:  84%|████████▍ | 42/50 [1:04:40<12:38, 94.84s/it] 2026-08-17 17:30:25,999 - INFO - HTTP Request: POST http://localhost:8002/v1/chat/completions "HTTP/1.1 200 OK"
2026-08-17 17:30:29,580 - INFO - HTTP Request: POST http://localhost:8002/v1/chat/completions "HTTP/1.1 200 OK"
2026-08-17 17:30:33,819 - INFO - HTTP Request: POST http://localhost:8002/v1/chat/completions "HTTP/1.1 200 OK"
2026-08-17 17:30:38,934 - INFO - HTTP Request: POST http://localhost:8002/v1/chat/completions "HTTP/1.1 200 OK"
2026-08-17 17:30:41,271 - INFO - HTTP Request: POST http://localhost:8002/v1/chat/completions "HTTP/1.1 200 OK"

r0_cfg42:  86%|████████▌ | 43/50 [1:05:06<08:37, 73.97s/it]2026-08-17 17:30:42,143 - INFO - HTTP Request: POST http://localhost:8002/v1/chat/completions "HTTP/1.1 200 OK"

2026-08-17 17:30:46,940 - INFO - HTTP Request: POST http://localhost:8002/v1/chat/completions "HTTP/1.1 200 OK"

r0_cfg42:  88%|████████▊ | 44/50 [1:05:11<05:20, 53.48s/it]2026-08-17 17:30:48,682 - INFO - HTTP Request: POST http://localhost:8002/v1/chat/completions "HTTP/1.1 200 OK"

2026-08-17 17:31:03,223 - INFO - HTTP Request: POST http://localhost:8002/v1/chat/completions "HTTP/1.1 200 OK"
2026-08-17 17:31:08,543 - INFO - HTTP Request: POST http://localhost:8002/v1/chat/completions "HTTP/1.1 200 OK"
2026-08-17 17:31:09,571 - INFO - HTTP Request: POST http://localhost:8002/v1/chat/completions "HTTP/1.1 200 OK"
2026-08-17 17:31:15,775 - INFO - HTTP Request: POST http://localhost:8002/v1/chat/completions "HTTP/1.1 200 OK"

2026-08-17 17:31:15,776 - INFO - HTTP Request: POST http://localhost:8002/v1/chat/completions "HTTP/1.1 200 OK"
2026-08-17 17:31:18,763 - INFO - HTTP Request: POST http://localhost:8002/v1/chat/completions "HTTP/1.1 200 OK"

2026-08-17 17:31:24,644 - INFO - HTTP Request: POST http://localhost:8002/v1/chat/completions "HTTP/1.1 200 OK"

2026-08-17 17:31:30,953 - INFO - HTTP Request: POST http://localhost:8002/v1/chat/completions "HTTP/1.1 200 OK"

2026-08-17 17:31:42,242 - INFO - HTTP Request: POST http://localhost:8002/v1/chat/completions "HTTP/1.1 200 OK"
2026-08-17 17:31:45,219 - INFO - HTTP Request: POST http://localhost:8002/v1/chat/completions "HTTP/1.1 200 OK"
2026-08-17 17:31:49,672 - INFO - HTTP Request: POST http://localhost:8002/v1/chat/completions "HTTP/1.1 200 OK"
2026-08-17 17:31:56,366 - INFO - HTTP Request: POST http://localhost:8002/v1/chat/completions "HTTP/1.1 200 OK"
2026-08-17 17:31:58,485 - INFO - HTTP Request: POST http://localhost:8002/v1/chat/completions "HTTP/1.1 200 OK"

2026-08-17 17:31:59,142 - INFO - HTTP Request: POST http://localhost:8002/v1/chat/completions "HTTP/1.1 200 OK"

2026-08-17 17:32:06,545 - INFO - HTTP Request: POST http://localhost:8002/v1/chat/completions "HTTP/1.1 200 OK"

2026-08-17 17:32:06,763 - INFO - HTTP Request: POST http://localhost:8002/v1/chat/completions "HTTP/1.1 200 OK"

2026-08-17 17:32:22,397 - INFO - HTTP Request: POST http://localhost:8002/v1/chat/completions "HTTP/1.1 200 OK"
2026-08-17 17:32:23,143 - INFO - HTTP Request: POST http://localhost:8002/v1/chat/completions "HTTP/1.1 200 OK"
2026-08-17 17:32:30,748 - INFO - HTTP Request: POST http://localhost:8002/v1/chat/completions "HTTP/1.1 200 OK"
2026-08-17 17:32:31,938 - INFO - HTTP Request: POST http://localhost:8002/v1/chat/completions "HTTP/1.1 200 OK"
2026-08-17 17:32:35,650 - INFO - HTTP Request: POST http://localhost:8002/v1/chat/completions "HTTP/1.1 200 OK"

2026-08-17 17:32:36,532 - INFO - HTTP Request: POST http://localhost:8002/v1/chat/completions "HTTP/1.1 200 OK"

2026-08-17 17:32:43,943 - INFO - HTTP Request: POST http://localhost:8002/v1/chat/completions "HTTP/1.1 200 OK"

2026-08-17 17:32:44,606 - INFO - HTTP Request: POST http://localhost:8002/v1/chat/completions "HTTP/1.1 200 OK"

2026-08-17 17:32:59,149 - INFO - HTTP Request: POST http://localhost:8002/v1/chat/completions "HTTP/1.1 200 OK"
2026-08-17 17:33:00,989 - INFO - HTTP Request: POST http://localhost:8002/v1/chat/completions "HTTP/1.1 200 OK"
2026-08-17 17:33:04,350 - INFO - HTTP Request: POST http://localhost:8002/v1/chat/completions "HTTP/1.1 200 OK"
2026-08-17 17:33:05,376 - INFO - HTTP Request: POST http://localhost:8002/v1/chat/completions "HTTP/1.1 200 OK"
2026-08-17 17:33:12,946 - INFO - HTTP Request: POST http://localhost:8002/v1/chat/completions "HTTP/1.1 200 OK"

2026-08-17 17:33:13,830 - INFO - HTTP Request: POST http://localhost:8002/v1/chat/completions "HTTP/1.1 200 OK"

2026-08-17 17:33:15,144 - INFO - HTTP Request: POST http://localhost:8002/v1/chat/completions "HTTP/1.1 200 OK"

2026-08-17 17:33:17,320 - INFO - HTTP Request: POST http://localhost:8002/v1/chat/completions "HTTP/1.1 200 OK"

2026-08-17 17:33:32,295 - INFO - HTTP Request: POST http://localhost:8002/v1/chat/completions "HTTP/1.1 200 OK"
2026-08-17 17:33:34,032 - INFO - HTTP Request: POST http://localhost:8002/v1/chat/completions "HTTP/1.1 200 OK"
2026-08-17 17:33:43,055 - INFO - HTTP Request: POST http://localhost:8002/v1/chat/completions "HTTP/1.1 200 OK"

2026-08-17 17:33:44,580 - INFO - HTTP Request: POST http://localhost:8002/v1/chat/completions "HTTP/1.1 200 OK"
2026-08-17 17:33:46,857 - INFO - HTTP Request: POST http://localhost:8002/v1/chat/completions "HTTP/1.1 200 OK"

2026-08-17 17:33:47,074 - INFO - HTTP Request: POST http://localhost:8002/v1/chat/completions "HTTP/1.1 200 OK"
2026-08-17 17:33:57,021 - INFO - HTTP Request: POST http://localhost:8002/v1/chat/completions "HTTP/1.1 200 OK"

2026-08-17 17:33:58,546 - INFO - HTTP Request: POST http://localhost:8002/v1/chat/completions "HTTP/1.1 200 OK"

2026-08-17 17:34:12,441 - INFO - HTTP Request: POST http://localhost:8002/v1/chat/completions "HTTP/1.1 200 OK"
2026-08-17 17:34:16,236 - INFO - HTTP Request: POST http://localhost:8002/v1/chat/completions "HTTP/1.1 200 OK"
2026-08-17 17:34:17,637 - INFO - HTTP Request: POST http://localhost:8002/v1/chat/completions "HTTP/1.1 200 OK"
2026-08-17 17:34:19,539 - INFO - HTTP Request: POST http://localhost:8002/v1/chat/completions "HTTP/1.1 200 OK"
2026-08-17 17:34:28,201 - INFO - HTTP Request: POST http://localhost:8002/v1/chat/completions "HTTP/1.1 200 OK"

2026-08-17 17:34:32,128 - INFO - HTTP Request: POST http://localhost:8002/v1/chat/completions "HTTP/1.1 200 OK"

2026-08-17 17:34:32,564 - INFO - HTTP Request: POST http://localhost:8002/v1/chat/completions "HTTP/1.1 200 OK"

2026-08-17 17:34:32,785 - INFO - HTTP Request: POST http://localhost:8002/v1/chat/completions "HTTP/1.1 200 OK"

2026-08-17 17:34:48,203 - INFO - HTTP Request: POST http://localhost:8002/v1/chat/completions "HTTP/1.1 200 OK"
2026-08-17 17:34:52,488 - INFO - HTTP Request: POST http://localhost:8002/v1/chat/completions "HTTP/1.1 200 OK"
2026-08-17 17:35:00,701 - INFO - HTTP Request: POST http://localhost:8002/v1/chat/completions "HTTP/1.1 200 OK"

2026-08-17 17:35:02,445 - INFO - HTTP Request: POST http://localhost:8002/v1/chat/completions "HTTP/1.1 200 OK"
2026-08-17 17:35:02,662 - INFO - HTTP Request: POST http://localhost:8002/v1/chat/completions "HTTP/1.1 200 OK"
2026-08-17 17:35:07,984 - INFO - HTTP Request: POST http://localhost:8002/v1/chat/completions "HTTP/1.1 200 OK"

2026-08-17 17:35:14,302 - INFO - HTTP Request: POST http://localhost:8002/v1/chat/completions "HTTP/1.1 200 OK"

2026-08-17 17:35:16,705 - INFO - HTTP Request: POST http://localhost:8002/v1/chat/completions "HTTP/1.1 200 OK"

2026-08-17 17:35:30,613 - INFO - HTTP Request: POST http://localhost:8002/v1/chat/completions "HTTP/1.1 200 OK"
2026-08-17 17:35:37,460 - INFO - HTTP Request: POST http://localhost:8002/v1/chat/completions "HTTP/1.1 200 OK"
2026-08-17 17:35:46,267 - INFO - HTTP Request: POST http://localhost:8002/v1/chat/completions "HTTP/1.1 200 OK"

2026-08-17 17:35:47,365 - INFO - HTTP Request: POST http://localhost:8002/v1/chat/completions "HTTP/1.1 200 OK"
2026-08-17 17:35:50,132 - INFO - HTTP Request: POST http://localhost:8002/v1/chat/completions "HTTP/1.1 200 OK"

2026-08-17 17:35:50,797 - INFO - HTTP Request: POST http://localhost:8002/v1/chat/completions "HTTP/1.1 200 OK"
2026-08-17 17:36:04,883 - INFO - HTTP Request: POST http://localhost:8002/v1/chat/completions "HTTP/1.1 200 OK"

r0_cfg42:  90%|█████████ | 45/50 [1:10:29<11:04, 132.82s/it]2026-08-17 17:36:05,757 - INFO - HTTP Request: POST http://localhost:8002/v1/chat/completions "HTTP/1.1 200 OK"

r0_cfg42:  92%|█████████▏| 46/50 [1:10:30<06:12, 93.23s/it] 2026-08-17 17:36:19,437 - INFO - HTTP Request: POST http://localhost:8002/v1/chat/completions "HTTP/1.1 200 OK"
2026-08-17 17:36:23,234 - INFO - HTTP Request: POST http://localhost:8002/v1/chat/completions "HTTP/1.1 200 OK"
2026-08-17 17:36:27,255 - INFO - HTTP Request: POST http://localhost:8002/v1/chat/completions "HTTP/1.1 200 OK"
2026-08-17 17:36:28,658 - INFO - HTTP Request: POST http://localhost:8002/v1/chat/completions "HTTP/1.1 200 OK"
2026-08-17 17:36:30,069 - INFO - HTTP Request: POST http://localhost:8002/v1/chat/completions "HTTP/1.1 200 OK"

r0_cfg42:  94%|█████████▍| 47/50 [1:10:54<03:37, 72.56s/it]2026-08-17 17:36:35,952 - INFO - HTTP Request: POST http://localhost:8002/v1/chat/completions "HTTP/1.1 200 OK"

r0_cfg42:  96%|█████████▌| 48/50 [1:11:00<01:45, 52.56s/it]2026-08-17 17:36:38,776 - INFO - HTTP Request: POST http://localhost:8002/v1/chat/completions "HTTP/1.1 200 OK"

2026-08-17 17:36:42,507 - INFO - HTTP Request: POST http://localhost:8002/v1/chat/completions "HTTP/1.1 200 OK"

2026-08-17 17:37:04,413 - INFO - HTTP Request: POST http://localhost:8002/v1/chat/completions "HTTP/1.1 200 OK"
2026-08-17 17:37:08,512 - INFO - HTTP Request: POST http://localhost:8002/v1/chat/completions "HTTP/1.1 200 OK"
2026-08-17 17:37:15,654 - INFO - HTTP Request: POST http://localhost:8002/v1/chat/completions "HTTP/1.1 200 OK"

2026-08-17 17:37:23,725 - INFO - HTTP Request: POST http://localhost:8002/v1/chat/completions "HTTP/1.1 200 OK"

2026-08-17 17:37:39,569 - INFO - HTTP Request: POST http://localhost:8002/v1/chat/completions "HTTP/1.1 200 OK"
2026-08-17 17:37:48,008 - INFO - HTTP Request: POST http://localhost:8002/v1/chat/completions "HTTP/1.1 200 OK"
2026-08-17 17:37:52,711 - INFO - HTTP Request: POST http://localhost:8002/v1/chat/completions "HTTP/1.1 200 OK"

2026-08-17 17:37:58,610 - INFO - HTTP Request: POST http://localhost:8002/v1/chat/completions "HTTP/1.1 200 OK"

2026-08-17 17:38:16,186 - INFO - HTTP Request: POST http://localhost:8002/v1/chat/completions "HTTP/1.1 200 OK"
2026-08-17 17:38:22,611 - INFO - HTTP Request: POST http://localhost:8002/v1/chat/completions "HTTP/1.1 200 OK"
2026-08-17 17:38:28,724 - INFO - HTTP Request: POST http://localhost:8002/v1/chat/completions "HTTP/1.1 200 OK"

2026-08-17 17:38:34,412 - INFO - HTTP Request: POST http://localhost:8002/v1/chat/completions "HTTP/1.1 200 OK"

2026-08-17 17:38:48,097 - INFO - HTTP Request: POST http://localhost:8002/v1/chat/completions "HTTP/1.1 200 OK"
2026-08-17 17:38:54,146 - INFO - HTTP Request: POST http://localhost:8002/v1/chat/completions "HTTP/1.1 200 OK"
2026-08-17 17:38:57,760 - INFO - HTTP Request: POST http://localhost:8002/v1/chat/completions "HTTP/1.1 200 OK"

2026-08-17 17:39:05,395 - INFO - HTTP Request: POST http://localhost:8002/v1/chat/completions "HTTP/1.1 200 OK"

2026-08-17 17:39:26,005 - INFO - HTTP Request: POST http://localhost:8002/v1/chat/completions "HTTP/1.1 200 OK"
2026-08-17 17:39:33,949 - INFO - HTTP Request: POST http://localhost:8002/v1/chat/completions "HTTP/1.1 200 OK"
2026-08-17 17:39:39,948 - INFO - HTTP Request: POST http://localhost:8002/v1/chat/completions "HTTP/1.1 200 OK"

2026-08-17 17:39:44,763 - INFO - HTTP Request: POST http://localhost:8002/v1/chat/completions "HTTP/1.1 200 OK"

2026-08-17 17:39:59,528 - INFO - HTTP Request: POST http://localhost:8002/v1/chat/completions "HTTP/1.1 200 OK"
2026-08-17 17:40:04,713 - INFO - HTTP Request: POST http://localhost:8002/v1/chat/completions "HTTP/1.1 200 OK"
2026-08-17 17:40:15,118 - INFO - HTTP Request: POST http://localhost:8002/v1/chat/completions "HTTP/1.1 200 OK"

2026-08-17 17:40:19,499 - INFO - HTTP Request: POST http://localhost:8002/v1/chat/completions "HTTP/1.1 200 OK"

2026-08-17 17:40:43,803 - INFO - HTTP Request: POST http://localhost:8002/v1/chat/completions "HTTP/1.1 200 OK"
2026-08-17 17:40:48,558 - INFO - HTTP Request: POST http://localhost:8002/v1/chat/completions "HTTP/1.1 200 OK"
2026-08-17 17:40:53,699 - INFO - HTTP Request: POST http://localhost:8002/v1/chat/completions "HTTP/1.1 200 OK"

2026-08-17 17:41:02,641 - INFO - HTTP Request: POST http://localhost:8002/v1/chat/completions "HTTP/1.1 200 OK"

2026-08-17 17:41:26,299 - INFO - HTTP Request: POST http://localhost:8002/v1/chat/completions "HTTP/1.1 200 OK"
2026-08-17 17:41:34,965 - INFO - HTTP Request: POST http://localhost:8002/v1/chat/completions "HTTP/1.1 200 OK"
2026-08-17 17:41:37,717 - INFO - HTTP Request: POST http://localhost:8002/v1/chat/completions "HTTP/1.1 200 OK"

r0_cfg42:  98%|█████████▊| 49/50 [1:16:02<02:07, 127.32s/it]2026-08-17 17:41:39,285 - INFO - HTTP Request: POST http://localhost:8002/v1/chat/completions "HTTP/1.1 200 OK"

r0_cfg42: 100%|██████████| 50/50 [1:16:04<00:00, 89.59s/it] r0_cfg42: 100%|██████████| 50/50 [1:16:04<00:00, 91.29s/it]
  done in 4564.4s (valid 50/50, invalid {})

Scored 1 model/s.
Report:  /LAB/Swiss-Knife/tribunal/bayes_search_honesty/eval_results/round0/r0_cfg42/report/index.html
Tables:  /LAB/Swiss-Knife/tribunal/bayes_search_honesty/eval_results/round0/r0_cfg42/model_summary.csv, /LAB/Swiss-Knife/tribunal/bayes_search_honesty/eval_results/round0/r0_cfg42/summary.csv
