2026-08-17 06:03:14,751 - INFO - Judge client pointed at http://localhost:8001/v1
2026-08-17 06:03:18,081 - INFO - Loading Detoxify model (CPU)
2026-08-17 06:03:21,879 - INFO - HTTP Request: HEAD https://huggingface.co/bert-base-uncased/resolve/main/config.json "HTTP/1.1 200 OK"
Warning: You are sending unauthenticated requests to the HF Hub. Please set a HF_TOKEN to enable higher rate limits and faster downloads.
2026-08-17 06:03:21,880 - WARNING - Warning: You are sending unauthenticated requests to the HF Hub. Please set a HF_TOKEN to enable higher rate limits and faster downloads.
input:  /LAB/Swiss-Knife/tribunal/bayes_search_honesty/eval_results/round0/r0_cfg1/_tribunal_input_tmp (1 model file/s)
output: /LAB/Swiss-Knife/tribunal/bayes_search_honesty/eval_results/round0/r0_cfg1
judge:  Qwen/Qwen2.5-32B-Instruct @ http://localhost:8001/v1
detoxify cross-check: True
Loading weights:   0%|          | 0/201 [00:00<?, ?it/s]Loading weights: 100%|██████████| 201/201 [00:00<00:00, 32312.10it/s]
2026-08-17 06:03:22,209 - INFO - HTTP Request: HEAD https://huggingface.co/bert-base-uncased/resolve/main/tokenizer_config.json "HTTP/1.1 200 OK"
2026-08-17 06:03:22,419 - INFO - HTTP Request: GET https://huggingface.co/api/models/bert-base-uncased/tree/main/additional_chat_templates?recursive=false&expand=false "HTTP/1.1 307 Temporary Redirect"
2026-08-17 06:03:22,628 - INFO - HTTP Request: GET https://huggingface.co/api/models/google-bert/bert-base-uncased/tree/main/additional_chat_templates?recursive=false&expand=false "HTTP/1.1 404 Not Found"
2026-08-17 06:03:22,840 - INFO - HTTP Request: GET https://huggingface.co/api/models/bert-base-uncased/tree/main?recursive=true&expand=false "HTTP/1.1 307 Temporary Redirect"
2026-08-17 06:03:23,054 - INFO - HTTP Request: GET https://huggingface.co/api/models/google-bert/bert-base-uncased/tree/main?recursive=true&expand=false "HTTP/1.1 200 OK"

[1/1] r0_cfg1
  scoring 50 records (0 skipped or cached) [workers=4]
r0_cfg1:   0%|          | 0/50 [00:00<?, ?it/s]2026-08-17 06:03:45,050 - INFO - HTTP Request: POST http://localhost:8001/v1/chat/completions "HTTP/1.1 200 OK"
2026-08-17 06:03:45,267 - INFO - HTTP Request: POST http://localhost:8001/v1/chat/completions "HTTP/1.1 200 OK"
2026-08-17 06:03:45,268 - INFO - HTTP Request: POST http://localhost:8001/v1/chat/completions "HTTP/1.1 200 OK"
2026-08-17 06:03:45,847 - INFO - HTTP Request: POST http://localhost:8001/v1/chat/completions "HTTP/1.1 200 OK"
2026-08-17 06:03:57,157 - INFO - HTTP Request: POST http://localhost:8001/v1/chat/completions "HTTP/1.1 200 OK"

2026-08-17 06:03:59,400 - INFO - HTTP Request: POST http://localhost:8001/v1/chat/completions "HTTP/1.1 200 OK"

2026-08-17 06:03:59,401 - INFO - HTTP Request: POST http://localhost:8001/v1/chat/completions "HTTP/1.1 200 OK"

2026-08-17 06:04:00,927 - INFO - HTTP Request: POST http://localhost:8001/v1/chat/completions "HTTP/1.1 200 OK"

2026-08-17 06:04:23,241 - INFO - HTTP Request: POST http://localhost:8001/v1/chat/completions "HTTP/1.1 200 OK"
2026-08-17 06:04:25,845 - INFO - HTTP Request: POST http://localhost:8001/v1/chat/completions "HTTP/1.1 200 OK"
2026-08-17 06:04:25,846 - INFO - HTTP Request: POST http://localhost:8001/v1/chat/completions "HTTP/1.1 200 OK"
2026-08-17 06:04:28,032 - INFO - HTTP Request: POST http://localhost:8001/v1/chat/completions "HTTP/1.1 200 OK"
2026-08-17 06:04:35,530 - INFO - HTTP Request: POST http://localhost:8001/v1/chat/completions "HTTP/1.1 200 OK"

2026-08-17 06:04:40,369 - INFO - HTTP Request: POST http://localhost:8001/v1/chat/completions "HTTP/1.1 200 OK"

2026-08-17 06:04:40,587 - INFO - HTTP Request: POST http://localhost:8001/v1/chat/completions "HTTP/1.1 200 OK"

2026-08-17 06:04:41,244 - INFO - HTTP Request: POST http://localhost:8001/v1/chat/completions "HTTP/1.1 200 OK"

2026-08-17 06:04:59,888 - INFO - HTTP Request: POST http://localhost:8001/v1/chat/completions "HTTP/1.1 200 OK"
2026-08-17 06:05:05,097 - INFO - HTTP Request: POST http://localhost:8001/v1/chat/completions "HTTP/1.1 200 OK"
2026-08-17 06:05:05,314 - INFO - HTTP Request: POST http://localhost:8001/v1/chat/completions "HTTP/1.1 200 OK"
2026-08-17 06:05:06,593 - INFO - HTTP Request: POST http://localhost:8001/v1/chat/completions "HTTP/1.1 200 OK"
2026-08-17 06:05:14,747 - INFO - HTTP Request: POST http://localhost:8001/v1/chat/completions "HTTP/1.1 200 OK"

2026-08-17 06:05:16,756 - INFO - HTTP Request: POST http://localhost:8001/v1/chat/completions "HTTP/1.1 200 OK"

2026-08-17 06:05:19,594 - INFO - HTTP Request: POST http://localhost:8001/v1/chat/completions "HTTP/1.1 200 OK"

2026-08-17 06:05:20,905 - INFO - HTTP Request: POST http://localhost:8001/v1/chat/completions "HTTP/1.1 200 OK"

2026-08-17 06:05:38,909 - INFO - HTTP Request: POST http://localhost:8001/v1/chat/completions "HTTP/1.1 200 OK"
2026-08-17 06:05:41,289 - INFO - HTTP Request: POST http://localhost:8001/v1/chat/completions "HTTP/1.1 200 OK"
2026-08-17 06:05:44,211 - INFO - HTTP Request: POST http://localhost:8001/v1/chat/completions "HTTP/1.1 200 OK"
2026-08-17 06:05:46,160 - INFO - HTTP Request: POST http://localhost:8001/v1/chat/completions "HTTP/1.1 200 OK"
2026-08-17 06:05:52,910 - INFO - HTTP Request: POST http://localhost:8001/v1/chat/completions "HTTP/1.1 200 OK"

2026-08-17 06:05:54,706 - INFO - HTTP Request: POST http://localhost:8001/v1/chat/completions "HTTP/1.1 200 OK"

2026-08-17 06:05:57,328 - INFO - HTTP Request: POST http://localhost:8001/v1/chat/completions "HTTP/1.1 200 OK"

2026-08-17 06:05:59,075 - INFO - HTTP Request: POST http://localhost:8001/v1/chat/completions "HTTP/1.1 200 OK"

2026-08-17 06:06:12,311 - INFO - HTTP Request: POST http://localhost:8001/v1/chat/completions "HTTP/1.1 200 OK"
2026-08-17 06:06:14,912 - INFO - HTTP Request: POST http://localhost:8001/v1/chat/completions "HTTP/1.1 200 OK"
2026-08-17 06:06:17,515 - INFO - HTTP Request: POST http://localhost:8001/v1/chat/completions "HTTP/1.1 200 OK"
2026-08-17 06:06:20,010 - INFO - HTTP Request: POST http://localhost:8001/v1/chat/completions "HTTP/1.1 200 OK"
2026-08-17 06:06:25,342 - INFO - HTTP Request: POST http://localhost:8001/v1/chat/completions "HTTP/1.1 200 OK"

2026-08-17 06:06:25,777 - INFO - HTTP Request: POST http://localhost:8001/v1/chat/completions "HTTP/1.1 200 OK"

2026-08-17 06:06:29,326 - INFO - HTTP Request: POST http://localhost:8001/v1/chat/completions "HTTP/1.1 200 OK"

2026-08-17 06:06:31,718 - INFO - HTTP Request: POST http://localhost:8001/v1/chat/completions "HTTP/1.1 200 OK"

2026-08-17 06:06:54,064 - INFO - HTTP Request: POST http://localhost:8001/v1/chat/completions "HTTP/1.1 200 OK"
2026-08-17 06:06:54,845 - INFO - HTTP Request: POST http://localhost:8001/v1/chat/completions "HTTP/1.1 200 OK"
2026-08-17 06:06:58,718 - INFO - HTTP Request: POST http://localhost:8001/v1/chat/completions "HTTP/1.1 200 OK"
2026-08-17 06:07:01,427 - INFO - HTTP Request: POST http://localhost:8001/v1/chat/completions "HTTP/1.1 200 OK"
2026-08-17 06:07:09,368 - INFO - HTTP Request: POST http://localhost:8001/v1/chat/completions "HTTP/1.1 200 OK"

2026-08-17 06:07:11,180 - INFO - HTTP Request: POST http://localhost:8001/v1/chat/completions "HTTP/1.1 200 OK"

2026-08-17 06:07:12,054 - INFO - HTTP Request: POST http://localhost:8001/v1/chat/completions "HTTP/1.1 200 OK"

2026-08-17 06:07:16,833 - INFO - HTTP Request: POST http://localhost:8001/v1/chat/completions "HTTP/1.1 200 OK"

2026-08-17 06:07:29,418 - INFO - HTTP Request: POST http://localhost:8001/v1/chat/completions "HTTP/1.1 200 OK"
2026-08-17 06:07:31,599 - INFO - HTTP Request: POST http://localhost:8001/v1/chat/completions "HTTP/1.1 200 OK"
2026-08-17 06:07:32,783 - INFO - HTTP Request: POST http://localhost:8001/v1/chat/completions "HTTP/1.1 200 OK"
2026-08-17 06:07:37,893 - INFO - HTTP Request: POST http://localhost:8001/v1/chat/completions "HTTP/1.1 200 OK"
2026-08-17 06:07:44,094 - INFO - HTTP Request: POST http://localhost:8001/v1/chat/completions "HTTP/1.1 200 OK"

2026-08-17 06:07:45,541 - INFO - HTTP Request: POST http://localhost:8001/v1/chat/completions "HTTP/1.1 200 OK"

2026-08-17 06:07:50,112 - INFO - HTTP Request: POST http://localhost:8001/v1/chat/completions "HTTP/1.1 200 OK"

2026-08-17 06:07:51,202 - INFO - HTTP Request: POST http://localhost:8001/v1/chat/completions "HTTP/1.1 200 OK"

2026-08-17 06:08:13,339 - INFO - HTTP Request: POST http://localhost:8001/v1/chat/completions "HTTP/1.1 200 OK"
2026-08-17 06:08:15,160 - INFO - HTTP Request: POST http://localhost:8001/v1/chat/completions "HTTP/1.1 200 OK"
2026-08-17 06:08:20,045 - INFO - HTTP Request: POST http://localhost:8001/v1/chat/completions "HTTP/1.1 200 OK"
2026-08-17 06:08:21,450 - INFO - HTTP Request: POST http://localhost:8001/v1/chat/completions "HTTP/1.1 200 OK"
2026-08-17 06:08:27,001 - INFO - HTTP Request: POST http://localhost:8001/v1/chat/completions "HTTP/1.1 200 OK"

2026-08-17 06:08:30,187 - INFO - HTTP Request: POST http://localhost:8001/v1/chat/completions "HTTP/1.1 200 OK"

2026-08-17 06:08:33,897 - INFO - HTTP Request: POST http://localhost:8001/v1/chat/completions "HTTP/1.1 200 OK"

2026-08-17 06:08:38,253 - INFO - HTTP Request: POST http://localhost:8001/v1/chat/completions "HTTP/1.1 200 OK"

2026-08-17 06:08:58,440 - INFO - HTTP Request: POST http://localhost:8001/v1/chat/completions "HTTP/1.1 200 OK"
2026-08-17 06:09:03,087 - INFO - HTTP Request: POST http://localhost:8001/v1/chat/completions "HTTP/1.1 200 OK"
2026-08-17 06:09:07,883 - INFO - HTTP Request: POST http://localhost:8001/v1/chat/completions "HTTP/1.1 200 OK"
2026-08-17 06:09:12,538 - INFO - HTTP Request: POST http://localhost:8001/v1/chat/completions "HTTP/1.1 200 OK"

r0_cfg1:   2%|▏         | 1/50 [05:49<4:45:21, 349.41s/it]2026-08-17 06:09:12,757 - INFO - HTTP Request: POST http://localhost:8001/v1/chat/completions "HTTP/1.1 200 OK"
2026-08-17 06:09:16,825 - INFO - HTTP Request: POST http://localhost:8001/v1/chat/completions "HTTP/1.1 200 OK"

r0_cfg1:   4%|▍         | 2/50 [05:53<1:57:07, 146.40s/it]2026-08-17 06:09:21,834 - INFO - HTTP Request: POST http://localhost:8001/v1/chat/completions "HTTP/1.1 200 OK"

r0_cfg1:   6%|▌         | 3/50 [05:58<1:04:06, 81.84s/it] 2026-08-17 06:09:30,744 - INFO - HTTP Request: POST http://localhost:8001/v1/chat/completions "HTTP/1.1 200 OK"

r0_cfg1:   8%|▊         | 4/50 [06:07<40:40, 53.05s/it]  2026-08-17 06:09:34,648 - INFO - HTTP Request: POST http://localhost:8001/v1/chat/completions "HTTP/1.1 200 OK"
2026-08-17 06:09:38,868 - INFO - HTTP Request: POST http://localhost:8001/v1/chat/completions "HTTP/1.1 200 OK"
2026-08-17 06:09:44,188 - INFO - HTTP Request: POST http://localhost:8001/v1/chat/completions "HTTP/1.1 200 OK"
2026-08-17 06:09:46,514 - INFO - HTTP Request: POST http://localhost:8001/v1/chat/completions "HTTP/1.1 200 OK"

2026-08-17 06:09:51,085 - INFO - HTTP Request: POST http://localhost:8001/v1/chat/completions "HTTP/1.1 200 OK"

2026-08-17 06:09:53,911 - INFO - HTTP Request: POST http://localhost:8001/v1/chat/completions "HTTP/1.1 200 OK"
2026-08-17 06:09:57,919 - INFO - HTTP Request: POST http://localhost:8001/v1/chat/completions "HTTP/1.1 200 OK"

2026-08-17 06:10:07,474 - INFO - HTTP Request: POST http://localhost:8001/v1/chat/completions "HTTP/1.1 200 OK"

2026-08-17 06:10:12,898 - INFO - HTTP Request: POST http://localhost:8001/v1/chat/completions "HTTP/1.1 200 OK"
2026-08-17 06:10:17,774 - INFO - HTTP Request: POST http://localhost:8001/v1/chat/completions "HTTP/1.1 200 OK"
2026-08-17 06:10:24,454 - INFO - HTTP Request: POST http://localhost:8001/v1/chat/completions "HTTP/1.1 200 OK"
2026-08-17 06:10:25,973 - INFO - HTTP Request: POST http://localhost:8001/v1/chat/completions "HTTP/1.1 200 OK"

2026-08-17 06:10:32,721 - INFO - HTTP Request: POST http://localhost:8001/v1/chat/completions "HTTP/1.1 200 OK"

2026-08-17 06:10:34,679 - INFO - HTTP Request: POST http://localhost:8001/v1/chat/completions "HTTP/1.1 200 OK"
2026-08-17 06:10:38,688 - INFO - HTTP Request: POST http://localhost:8001/v1/chat/completions "HTTP/1.1 200 OK"

2026-08-17 06:10:48,029 - INFO - HTTP Request: POST http://localhost:8001/v1/chat/completions "HTTP/1.1 200 OK"

2026-08-17 06:10:50,633 - INFO - HTTP Request: POST http://localhost:8001/v1/chat/completions "HTTP/1.1 200 OK"
2026-08-17 06:10:57,680 - INFO - HTTP Request: POST http://localhost:8001/v1/chat/completions "HTTP/1.1 200 OK"
2026-08-17 06:11:03,702 - INFO - HTTP Request: POST http://localhost:8001/v1/chat/completions "HTTP/1.1 200 OK"

2026-08-17 06:11:03,706 - INFO - HTTP Request: POST http://localhost:8001/v1/chat/completions "HTTP/1.1 200 OK"
2026-08-17 06:11:11,029 - INFO - HTTP Request: POST http://localhost:8001/v1/chat/completions "HTTP/1.1 200 OK"

2026-08-17 06:11:13,429 - INFO - HTTP Request: POST http://localhost:8001/v1/chat/completions "HTTP/1.1 200 OK"
2026-08-17 06:11:14,610 - INFO - HTTP Request: POST http://localhost:8001/v1/chat/completions "HTTP/1.1 200 OK"

2026-08-17 06:11:24,827 - INFO - HTTP Request: POST http://localhost:8001/v1/chat/completions "HTTP/1.1 200 OK"

2026-08-17 06:11:27,872 - INFO - HTTP Request: POST http://localhost:8001/v1/chat/completions "HTTP/1.1 200 OK"
2026-08-17 06:11:35,903 - INFO - HTTP Request: POST http://localhost:8001/v1/chat/completions "HTTP/1.1 200 OK"
2026-08-17 06:11:39,481 - INFO - HTTP Request: POST http://localhost:8001/v1/chat/completions "HTTP/1.1 200 OK"
2026-08-17 06:11:41,323 - INFO - HTTP Request: POST http://localhost:8001/v1/chat/completions "HTTP/1.1 200 OK"

2026-08-17 06:11:48,728 - INFO - HTTP Request: POST http://localhost:8001/v1/chat/completions "HTTP/1.1 200 OK"

2026-08-17 06:11:50,041 - INFO - HTTP Request: POST http://localhost:8001/v1/chat/completions "HTTP/1.1 200 OK"
2026-08-17 06:11:52,524 - INFO - HTTP Request: POST http://localhost:8001/v1/chat/completions "HTTP/1.1 200 OK"

2026-08-17 06:12:01,434 - INFO - HTTP Request: POST http://localhost:8001/v1/chat/completions "HTTP/1.1 200 OK"
2026-08-17 06:12:03,052 - INFO - HTTP Request: POST http://localhost:8001/v1/chat/completions "HTTP/1.1 200 OK"

2026-08-17 06:12:08,707 - INFO - HTTP Request: POST http://localhost:8001/v1/chat/completions "HTTP/1.1 200 OK"
2026-08-17 06:12:12,991 - INFO - HTTP Request: POST http://localhost:8001/v1/chat/completions "HTTP/1.1 200 OK"
2026-08-17 06:12:15,107 - INFO - HTTP Request: POST http://localhost:8001/v1/chat/completions "HTTP/1.1 200 OK"

2026-08-17 06:12:22,066 - INFO - HTTP Request: POST http://localhost:8001/v1/chat/completions "HTTP/1.1 200 OK"

2026-08-17 06:12:23,591 - INFO - HTTP Request: POST http://localhost:8001/v1/chat/completions "HTTP/1.1 200 OK"
2026-08-17 06:12:23,592 - INFO - HTTP Request: POST http://localhost:8001/v1/chat/completions "HTTP/1.1 200 OK"

2026-08-17 06:12:32,800 - INFO - HTTP Request: POST http://localhost:8001/v1/chat/completions "HTTP/1.1 200 OK"

2026-08-17 06:12:44,080 - INFO - HTTP Request: POST http://localhost:8001/v1/chat/completions "HTTP/1.1 200 OK"
2026-08-17 06:12:51,340 - INFO - HTTP Request: POST http://localhost:8001/v1/chat/completions "HTTP/1.1 200 OK"
2026-08-17 06:12:53,177 - INFO - HTTP Request: POST http://localhost:8001/v1/chat/completions "HTTP/1.1 200 OK"
2026-08-17 06:12:58,718 - INFO - HTTP Request: POST http://localhost:8001/v1/chat/completions "HTTP/1.1 200 OK"

2026-08-17 06:13:02,419 - INFO - HTTP Request: POST http://localhost:8001/v1/chat/completions "HTTP/1.1 200 OK"
2026-08-17 06:13:03,132 - INFO - HTTP Request: POST http://localhost:8001/v1/chat/completions "HTTP/1.1 200 OK"

2026-08-17 06:13:05,123 - INFO - HTTP Request: POST http://localhost:8001/v1/chat/completions "HTTP/1.1 200 OK"

2026-08-17 06:13:14,464 - INFO - HTTP Request: POST http://localhost:8001/v1/chat/completions "HTTP/1.1 200 OK"

2026-08-17 06:13:19,020 - INFO - HTTP Request: POST http://localhost:8001/v1/chat/completions "HTTP/1.1 200 OK"
2026-08-17 06:13:23,463 - INFO - HTTP Request: POST http://localhost:8001/v1/chat/completions "HTTP/1.1 200 OK"
2026-08-17 06:13:25,789 - INFO - HTTP Request: POST http://localhost:8001/v1/chat/completions "HTTP/1.1 200 OK"
2026-08-17 06:13:33,344 - INFO - HTTP Request: POST http://localhost:8001/v1/chat/completions "HTTP/1.1 200 OK"

2026-08-17 06:13:35,524 - INFO - HTTP Request: POST http://localhost:8001/v1/chat/completions "HTTP/1.1 200 OK"
2026-08-17 06:13:38,669 - INFO - HTTP Request: POST http://localhost:8001/v1/chat/completions "HTTP/1.1 200 OK"

2026-08-17 06:13:39,979 - INFO - HTTP Request: POST http://localhost:8001/v1/chat/completions "HTTP/1.1 200 OK"

2026-08-17 06:13:49,976 - INFO - HTTP Request: POST http://localhost:8001/v1/chat/completions "HTTP/1.1 200 OK"

2026-08-17 06:14:02,780 - INFO - HTTP Request: POST http://localhost:8001/v1/chat/completions "HTTP/1.1 200 OK"
2026-08-17 06:14:08,093 - INFO - HTTP Request: POST http://localhost:8001/v1/chat/completions "HTTP/1.1 200 OK"
2026-08-17 06:14:09,768 - INFO - HTTP Request: POST http://localhost:8001/v1/chat/completions "HTTP/1.1 200 OK"
2026-08-17 06:14:13,621 - INFO - HTTP Request: POST http://localhost:8001/v1/chat/completions "HTTP/1.1 200 OK"

2026-08-17 06:14:20,160 - INFO - HTTP Request: POST http://localhost:8001/v1/chat/completions "HTTP/1.1 200 OK"
2026-08-17 06:14:23,958 - INFO - HTTP Request: POST http://localhost:8001/v1/chat/completions "HTTP/1.1 200 OK"

2026-08-17 06:14:25,493 - INFO - HTTP Request: POST http://localhost:8001/v1/chat/completions "HTTP/1.1 200 OK"

2026-08-17 06:14:33,539 - INFO - HTTP Request: POST http://localhost:8001/v1/chat/completions "HTTP/1.1 200 OK"

2026-08-17 06:14:46,348 - INFO - HTTP Request: POST http://localhost:8001/v1/chat/completions "HTTP/1.1 200 OK"
2026-08-17 06:14:55,355 - INFO - HTTP Request: POST http://localhost:8001/v1/chat/completions "HTTP/1.1 200 OK"
2026-08-17 06:14:58,846 - INFO - HTTP Request: POST http://localhost:8001/v1/chat/completions "HTTP/1.1 200 OK"
2026-08-17 06:15:01,540 - INFO - HTTP Request: POST http://localhost:8001/v1/chat/completions "HTTP/1.1 200 OK"

r0_cfg1:  10%|█         | 5/50 [11:38<1:54:54, 153.21s/it]2026-08-17 06:15:07,855 - INFO - HTTP Request: POST http://localhost:8001/v1/chat/completions "HTTP/1.1 200 OK"
2026-08-17 06:15:10,128 - INFO - HTTP Request: POST http://localhost:8001/v1/chat/completions "HTTP/1.1 200 OK"

r0_cfg1:  12%|█▏        | 6/50 [11:47<1:16:17, 104.03s/it]2026-08-17 06:15:13,398 - INFO - HTTP Request: POST http://localhost:8001/v1/chat/completions "HTTP/1.1 200 OK"

r0_cfg1:  14%|█▍        | 7/50 [11:50<50:56, 71.09s/it]   2026-08-17 06:15:19,479 - INFO - HTTP Request: POST http://localhost:8001/v1/chat/completions "HTTP/1.1 200 OK"

r0_cfg1:  16%|█▌        | 8/50 [11:56<35:16, 50.40s/it]2026-08-17 06:15:24,251 - INFO - HTTP Request: POST http://localhost:8001/v1/chat/completions "HTTP/1.1 200 OK"
2026-08-17 06:15:32,163 - INFO - HTTP Request: POST http://localhost:8001/v1/chat/completions "HTTP/1.1 200 OK"
2026-08-17 06:15:35,949 - INFO - HTTP Request: POST http://localhost:8001/v1/chat/completions "HTTP/1.1 200 OK"
2026-08-17 06:15:37,784 - INFO - HTTP Request: POST http://localhost:8001/v1/chat/completions "HTTP/1.1 200 OK"

2026-08-17 06:15:42,354 - INFO - HTTP Request: POST http://localhost:8001/v1/chat/completions "HTTP/1.1 200 OK"
2026-08-17 06:15:45,277 - INFO - HTTP Request: POST http://localhost:8001/v1/chat/completions "HTTP/1.1 200 OK"

2026-08-17 06:15:51,368 - INFO - HTTP Request: POST http://localhost:8001/v1/chat/completions "HTTP/1.1 200 OK"

2026-08-17 06:15:55,062 - INFO - HTTP Request: POST http://localhost:8001/v1/chat/completions "HTTP/1.1 200 OK"

2026-08-17 06:16:04,172 - INFO - HTTP Request: POST http://localhost:8001/v1/chat/completions "HTTP/1.1 200 OK"
2026-08-17 06:16:11,651 - INFO - HTTP Request: POST http://localhost:8001/v1/chat/completions "HTTP/1.1 200 OK"
2026-08-17 06:16:18,053 - INFO - HTTP Request: POST http://localhost:8001/v1/chat/completions "HTTP/1.1 200 OK"
2026-08-17 06:16:19,456 - INFO - HTTP Request: POST http://localhost:8001/v1/chat/completions "HTTP/1.1 200 OK"

2026-08-17 06:16:22,069 - INFO - HTTP Request: POST http://localhost:8001/v1/chat/completions "HTTP/1.1 200 OK"
2026-08-17 06:16:25,864 - INFO - HTTP Request: POST http://localhost:8001/v1/chat/completions "HTTP/1.1 200 OK"

2026-08-17 06:16:29,347 - INFO - HTTP Request: POST http://localhost:8001/v1/chat/completions "HTTP/1.1 200 OK"

2026-08-17 06:16:33,476 - INFO - HTTP Request: POST http://localhost:8001/v1/chat/completions "HTTP/1.1 200 OK"

2026-08-17 06:16:44,105 - INFO - HTTP Request: POST http://localhost:8001/v1/chat/completions "HTTP/1.1 200 OK"
2026-08-17 06:16:50,499 - INFO - HTTP Request: POST http://localhost:8001/v1/chat/completions "HTTP/1.1 200 OK"
2026-08-17 06:16:54,292 - INFO - HTTP Request: POST http://localhost:8001/v1/chat/completions "HTTP/1.1 200 OK"
2026-08-17 06:16:58,522 - INFO - HTTP Request: POST http://localhost:8001/v1/chat/completions "HTTP/1.1 200 OK"

2026-08-17 06:16:58,740 - INFO - HTTP Request: POST http://localhost:8001/v1/chat/completions "HTTP/1.1 200 OK"
2026-08-17 06:17:02,325 - INFO - HTTP Request: POST http://localhost:8001/v1/chat/completions "HTTP/1.1 200 OK"

2026-08-17 06:17:09,077 - INFO - HTTP Request: POST http://localhost:8001/v1/chat/completions "HTTP/1.1 200 OK"

2026-08-17 06:17:10,390 - INFO - HTTP Request: POST http://localhost:8001/v1/chat/completions "HTTP/1.1 200 OK"

2026-08-17 06:17:22,759 - INFO - HTTP Request: POST http://localhost:8001/v1/chat/completions "HTTP/1.1 200 OK"
2026-08-17 06:17:26,757 - INFO - HTTP Request: POST http://localhost:8001/v1/chat/completions "HTTP/1.1 200 OK"
2026-08-17 06:17:33,589 - INFO - HTTP Request: POST http://localhost:8001/v1/chat/completions "HTTP/1.1 200 OK"
2026-08-17 06:17:35,421 - INFO - HTTP Request: POST http://localhost:8001/v1/chat/completions "HTTP/1.1 200 OK"
2026-08-17 06:17:36,136 - INFO - HTTP Request: POST http://localhost:8001/v1/chat/completions "HTTP/1.1 200 OK"

2026-08-17 06:17:40,749 - INFO - HTTP Request: POST http://localhost:8001/v1/chat/completions "HTTP/1.1 200 OK"

2026-08-17 06:17:46,631 - INFO - HTTP Request: POST http://localhost:8001/v1/chat/completions "HTTP/1.1 200 OK"

2026-08-17 06:17:47,944 - INFO - HTTP Request: POST http://localhost:8001/v1/chat/completions "HTTP/1.1 200 OK"

2026-08-17 06:17:55,536 - INFO - HTTP Request: POST http://localhost:8001/v1/chat/completions "HTTP/1.1 200 OK"
2026-08-17 06:18:00,841 - INFO - HTTP Request: POST http://localhost:8001/v1/chat/completions "HTTP/1.1 200 OK"
2026-08-17 06:18:07,023 - INFO - HTTP Request: POST http://localhost:8001/v1/chat/completions "HTTP/1.1 200 OK"
2026-08-17 06:18:08,643 - INFO - HTTP Request: POST http://localhost:8001/v1/chat/completions "HTTP/1.1 200 OK"
2026-08-17 06:18:09,612 - INFO - HTTP Request: POST http://localhost:8001/v1/chat/completions "HTTP/1.1 200 OK"

2026-08-17 06:18:14,621 - INFO - HTTP Request: POST http://localhost:8001/v1/chat/completions "HTTP/1.1 200 OK"

2026-08-17 06:18:17,669 - INFO - HTTP Request: POST http://localhost:8001/v1/chat/completions "HTTP/1.1 200 OK"

2026-08-17 06:18:23,535 - INFO - HTTP Request: POST http://localhost:8001/v1/chat/completions "HTTP/1.1 200 OK"

2026-08-17 06:18:38,286 - INFO - HTTP Request: POST http://localhost:8001/v1/chat/completions "HTTP/1.1 200 OK"
2026-08-17 06:18:43,587 - INFO - HTTP Request: POST http://localhost:8001/v1/chat/completions "HTTP/1.1 200 OK"
2026-08-17 06:18:46,940 - INFO - HTTP Request: POST http://localhost:8001/v1/chat/completions "HTTP/1.1 200 OK"
2026-08-17 06:18:50,297 - INFO - HTTP Request: POST http://localhost:8001/v1/chat/completions "HTTP/1.1 200 OK"

2026-08-17 06:18:53,128 - INFO - HTTP Request: POST http://localhost:8001/v1/chat/completions "HTTP/1.1 200 OK"
2026-08-17 06:18:56,703 - INFO - HTTP Request: POST http://localhost:8001/v1/chat/completions "HTTP/1.1 200 OK"

2026-08-17 06:19:00,839 - INFO - HTTP Request: POST http://localhost:8001/v1/chat/completions "HTTP/1.1 200 OK"

2026-08-17 06:19:04,316 - INFO - HTTP Request: POST http://localhost:8001/v1/chat/completions "HTTP/1.1 200 OK"

2026-08-17 06:19:10,608 - INFO - HTTP Request: POST http://localhost:8001/v1/chat/completions "HTTP/1.1 200 OK"
2026-08-17 06:19:17,001 - INFO - HTTP Request: POST http://localhost:8001/v1/chat/completions "HTTP/1.1 200 OK"
2026-08-17 06:19:21,446 - INFO - HTTP Request: POST http://localhost:8001/v1/chat/completions "HTTP/1.1 200 OK"
2026-08-17 06:19:24,809 - INFO - HTTP Request: POST http://localhost:8001/v1/chat/completions "HTTP/1.1 200 OK"

2026-08-17 06:19:25,245 - INFO - HTTP Request: POST http://localhost:8001/v1/chat/completions "HTTP/1.1 200 OK"
2026-08-17 06:19:30,136 - INFO - HTTP Request: POST http://localhost:8001/v1/chat/completions "HTTP/1.1 200 OK"

2026-08-17 06:19:31,446 - INFO - HTTP Request: POST http://localhost:8001/v1/chat/completions "HTTP/1.1 200 OK"

2026-08-17 06:19:37,098 - INFO - HTTP Request: POST http://localhost:8001/v1/chat/completions "HTTP/1.1 200 OK"

2026-08-17 06:19:54,241 - INFO - HTTP Request: POST http://localhost:8001/v1/chat/completions "HTTP/1.1 200 OK"
2026-08-17 06:19:59,554 - INFO - HTTP Request: POST http://localhost:8001/v1/chat/completions "HTTP/1.1 200 OK"
2026-08-17 06:20:01,172 - INFO - HTTP Request: POST http://localhost:8001/v1/chat/completions "HTTP/1.1 200 OK"
2026-08-17 06:20:07,152 - INFO - HTTP Request: POST http://localhost:8001/v1/chat/completions "HTTP/1.1 200 OK"
2026-08-17 06:20:10,298 - INFO - HTTP Request: POST http://localhost:8001/v1/chat/completions "HTTP/1.1 200 OK"

2026-08-17 06:20:12,922 - INFO - HTTP Request: POST http://localhost:8001/v1/chat/completions "HTTP/1.1 200 OK"

2026-08-17 06:20:15,978 - INFO - HTTP Request: POST http://localhost:8001/v1/chat/completions "HTTP/1.1 200 OK"

2026-08-17 06:20:17,510 - INFO - HTTP Request: POST http://localhost:8001/v1/chat/completions "HTTP/1.1 200 OK"

2026-08-17 06:20:41,383 - INFO - HTTP Request: POST http://localhost:8001/v1/chat/completions "HTTP/1.1 200 OK"
2026-08-17 06:20:45,826 - INFO - HTTP Request: POST http://localhost:8001/v1/chat/completions "HTTP/1.1 200 OK"
2026-08-17 06:20:49,187 - INFO - HTTP Request: POST http://localhost:8001/v1/chat/completions "HTTP/1.1 200 OK"
2026-08-17 06:20:51,462 - INFO - HTTP Request: POST http://localhost:8001/v1/chat/completions "HTTP/1.1 200 OK"
2026-08-17 06:20:55,923 - INFO - HTTP Request: POST http://localhost:8001/v1/chat/completions "HTTP/1.1 200 OK"

r0_cfg1:  18%|█▊        | 9/50 [17:32<1:35:32, 139.82s/it]2026-08-17 06:20:57,450 - INFO - HTTP Request: POST http://localhost:8001/v1/chat/completions "HTTP/1.1 200 OK"

r0_cfg1:  20%|██        | 10/50 [17:34<1:04:45, 97.13s/it]2026-08-17 06:21:00,719 - INFO - HTTP Request: POST http://localhost:8001/v1/chat/completions "HTTP/1.1 200 OK"

r0_cfg1:  22%|██▏       | 11/50 [17:37<44:27, 68.40s/it]  2026-08-17 06:21:04,195 - INFO - HTTP Request: POST http://localhost:8001/v1/chat/completions "HTTP/1.1 200 OK"

r0_cfg1:  24%|██▍       | 12/50 [17:41<30:48, 48.65s/it]2026-08-17 06:21:17,860 - INFO - HTTP Request: POST http://localhost:8001/v1/chat/completions "HTTP/1.1 200 OK"
2026-08-17 06:21:19,527 - INFO - HTTP Request: POST http://localhost:8001/v1/chat/completions "HTTP/1.1 200 OK"
2026-08-17 06:21:23,375 - INFO - HTTP Request: POST http://localhost:8001/v1/chat/completions "HTTP/1.1 200 OK"
2026-08-17 06:21:27,225 - INFO - HTTP Request: POST http://localhost:8001/v1/chat/completions "HTTP/1.1 200 OK"
2026-08-17 06:21:31,073 - INFO - HTTP Request: POST http://localhost:8001/v1/chat/completions "HTTP/1.1 200 OK"

2026-08-17 06:21:31,294 - INFO - HTTP Request: POST http://localhost:8001/v1/chat/completions "HTTP/1.1 200 OK"

2026-08-17 06:21:35,649 - INFO - HTTP Request: POST http://localhost:8001/v1/chat/completions "HTTP/1.1 200 OK"

2026-08-17 06:21:36,520 - INFO - HTTP Request: POST http://localhost:8001/v1/chat/completions "HTTP/1.1 200 OK"

2026-08-17 06:21:56,907 - INFO - HTTP Request: POST http://localhost:8001/v1/chat/completions "HTTP/1.1 200 OK"
2026-08-17 06:21:57,672 - INFO - HTTP Request: POST http://localhost:8001/v1/chat/completions "HTTP/1.1 200 OK"
2026-08-17 06:22:02,492 - INFO - HTTP Request: POST http://localhost:8001/v1/chat/completions "HTTP/1.1 200 OK"
2026-08-17 06:22:03,733 - INFO - HTTP Request: POST http://localhost:8001/v1/chat/completions "HTTP/1.1 200 OK"
2026-08-17 06:22:12,605 - INFO - HTTP Request: POST http://localhost:8001/v1/chat/completions "HTTP/1.1 200 OK"

2026-08-17 06:22:13,697 - INFO - HTTP Request: POST http://localhost:8001/v1/chat/completions "HTTP/1.1 200 OK"

2026-08-17 06:22:13,915 - INFO - HTTP Request: POST http://localhost:8001/v1/chat/completions "HTTP/1.1 200 OK"

2026-08-17 06:22:18,263 - INFO - HTTP Request: POST http://localhost:8001/v1/chat/completions "HTTP/1.1 200 OK"

2026-08-17 06:22:36,918 - INFO - HTTP Request: POST http://localhost:8001/v1/chat/completions "HTTP/1.1 200 OK"
2026-08-17 06:22:38,376 - INFO - HTTP Request: POST http://localhost:8001/v1/chat/completions "HTTP/1.1 200 OK"
2026-08-17 06:22:38,593 - INFO - HTTP Request: POST http://localhost:8001/v1/chat/completions "HTTP/1.1 200 OK"
2026-08-17 06:22:43,685 - INFO - HTTP Request: POST http://localhost:8001/v1/chat/completions "HTTP/1.1 200 OK"
2026-08-17 06:22:51,900 - INFO - HTTP Request: POST http://localhost:8001/v1/chat/completions "HTTP/1.1 200 OK"

2026-08-17 06:22:53,217 - INFO - HTTP Request: POST http://localhost:8001/v1/chat/completions "HTTP/1.1 200 OK"

2026-08-17 06:22:54,315 - INFO - HTTP Request: POST http://localhost:8001/v1/chat/completions "HTTP/1.1 200 OK"

2026-08-17 06:22:59,318 - INFO - HTTP Request: POST http://localhost:8001/v1/chat/completions "HTTP/1.1 200 OK"

2026-08-17 06:23:15,811 - INFO - HTTP Request: POST http://localhost:8001/v1/chat/completions "HTTP/1.1 200 OK"
2026-08-17 06:23:17,430 - INFO - HTTP Request: POST http://localhost:8001/v1/chat/completions "HTTP/1.1 200 OK"
2026-08-17 06:23:18,451 - INFO - HTTP Request: POST http://localhost:8001/v1/chat/completions "HTTP/1.1 200 OK"
2026-08-17 06:23:24,477 - INFO - HTTP Request: POST http://localhost:8001/v1/chat/completions "HTTP/1.1 200 OK"
2026-08-17 06:23:29,374 - INFO - HTTP Request: POST http://localhost:8001/v1/chat/completions "HTTP/1.1 200 OK"

2026-08-17 06:23:30,691 - INFO - HTTP Request: POST http://localhost:8001/v1/chat/completions "HTTP/1.1 200 OK"

2026-08-17 06:23:31,354 - INFO - HTTP Request: POST http://localhost:8001/v1/chat/completions "HTTP/1.1 200 OK"

2026-08-17 06:23:37,224 - INFO - HTTP Request: POST http://localhost:8001/v1/chat/completions "HTTP/1.1 200 OK"

2026-08-17 06:23:49,160 - INFO - HTTP Request: POST http://localhost:8001/v1/chat/completions "HTTP/1.1 200 OK"
2026-08-17 06:23:50,393 - INFO - HTTP Request: POST http://localhost:8001/v1/chat/completions "HTTP/1.1 200 OK"
2026-08-17 06:23:51,851 - INFO - HTTP Request: POST http://localhost:8001/v1/chat/completions "HTTP/1.1 200 OK"
2026-08-17 06:23:58,102 - INFO - HTTP Request: POST http://localhost:8001/v1/chat/completions "HTTP/1.1 200 OK"
2026-08-17 06:24:02,396 - INFO - HTTP Request: POST http://localhost:8001/v1/chat/completions "HTTP/1.1 200 OK"

2026-08-17 06:24:02,831 - INFO - HTTP Request: POST http://localhost:8001/v1/chat/completions "HTTP/1.1 200 OK"

2026-08-17 06:24:04,578 - INFO - HTTP Request: POST http://localhost:8001/v1/chat/completions "HTTP/1.1 200 OK"

2026-08-17 06:24:08,272 - INFO - HTTP Request: POST http://localhost:8001/v1/chat/completions "HTTP/1.1 200 OK"

2026-08-17 06:24:31,050 - INFO - HTTP Request: POST http://localhost:8001/v1/chat/completions "HTTP/1.1 200 OK"
2026-08-17 06:24:31,782 - INFO - HTTP Request: POST http://localhost:8001/v1/chat/completions "HTTP/1.1 200 OK"
2026-08-17 06:24:33,904 - INFO - HTTP Request: POST http://localhost:8001/v1/chat/completions "HTTP/1.1 200 OK"
2026-08-17 06:24:37,973 - INFO - HTTP Request: POST http://localhost:8001/v1/chat/completions "HTTP/1.1 200 OK"
2026-08-17 06:24:43,737 - INFO - HTTP Request: POST http://localhost:8001/v1/chat/completions "HTTP/1.1 200 OK"

2026-08-17 06:24:45,265 - INFO - HTTP Request: POST http://localhost:8001/v1/chat/completions "HTTP/1.1 200 OK"

2026-08-17 06:24:47,881 - INFO - HTTP Request: POST http://localhost:8001/v1/chat/completions "HTTP/1.1 200 OK"

2026-08-17 06:24:53,311 - INFO - HTTP Request: POST http://localhost:8001/v1/chat/completions "HTTP/1.1 200 OK"

2026-08-17 06:25:03,724 - INFO - HTTP Request: POST http://localhost:8001/v1/chat/completions "HTTP/1.1 200 OK"
2026-08-17 06:25:05,614 - INFO - HTTP Request: POST http://localhost:8001/v1/chat/completions "HTTP/1.1 200 OK"
2026-08-17 06:25:08,590 - INFO - HTTP Request: POST http://localhost:8001/v1/chat/completions "HTTP/1.1 200 OK"
2026-08-17 06:25:14,404 - INFO - HTTP Request: POST http://localhost:8001/v1/chat/completions "HTTP/1.1 200 OK"
2026-08-17 06:25:20,441 - INFO - HTTP Request: POST http://localhost:8001/v1/chat/completions "HTTP/1.1 200 OK"

2026-08-17 06:25:21,315 - INFO - HTTP Request: POST http://localhost:8001/v1/chat/completions "HTTP/1.1 200 OK"

2026-08-17 06:25:23,277 - INFO - HTTP Request: POST http://localhost:8001/v1/chat/completions "HTTP/1.1 200 OK"

2026-08-17 06:25:26,540 - INFO - HTTP Request: POST http://localhost:8001/v1/chat/completions "HTTP/1.1 200 OK"

2026-08-17 06:25:49,543 - INFO - HTTP Request: POST http://localhost:8001/v1/chat/completions "HTTP/1.1 200 OK"
2026-08-17 06:25:50,783 - INFO - HTTP Request: POST http://localhost:8001/v1/chat/completions "HTTP/1.1 200 OK"
2026-08-17 06:25:53,115 - INFO - HTTP Request: POST http://localhost:8001/v1/chat/completions "HTTP/1.1 200 OK"
2026-08-17 06:25:56,753 - INFO - HTTP Request: POST http://localhost:8001/v1/chat/completions "HTTP/1.1 200 OK"
2026-08-17 06:26:03,882 - INFO - HTTP Request: POST http://localhost:8001/v1/chat/completions "HTTP/1.1 200 OK"

2026-08-17 06:26:05,418 - INFO - HTTP Request: POST http://localhost:8001/v1/chat/completions "HTTP/1.1 200 OK"

2026-08-17 06:26:08,257 - INFO - HTTP Request: POST http://localhost:8001/v1/chat/completions "HTTP/1.1 200 OK"

2026-08-17 06:26:11,093 - INFO - HTTP Request: POST http://localhost:8001/v1/chat/completions "HTTP/1.1 200 OK"

2026-08-17 06:26:35,185 - INFO - HTTP Request: POST http://localhost:8001/v1/chat/completions "HTTP/1.1 200 OK"
2026-08-17 06:26:37,147 - INFO - HTTP Request: POST http://localhost:8001/v1/chat/completions "HTTP/1.1 200 OK"
2026-08-17 06:26:40,345 - INFO - HTTP Request: POST http://localhost:8001/v1/chat/completions "HTTP/1.1 200 OK"
2026-08-17 06:26:45,292 - INFO - HTTP Request: POST http://localhost:8001/v1/chat/completions "HTTP/1.1 200 OK"
2026-08-17 06:26:50,022 - INFO - HTTP Request: POST http://localhost:8001/v1/chat/completions "HTTP/1.1 200 OK"

r0_cfg1:  26%|██▌       | 13/50 [23:26<1:25:30, 138.67s/it]2026-08-17 06:26:52,859 - INFO - HTTP Request: POST http://localhost:8001/v1/chat/completions "HTTP/1.1 200 OK"

r0_cfg1:  28%|██▊       | 14/50 [23:29<58:35, 97.65s/it]   2026-08-17 06:26:53,951 - INFO - HTTP Request: POST http://localhost:8001/v1/chat/completions "HTTP/1.1 200 OK"

r0_cfg1:  30%|███       | 15/50 [23:30<39:58, 68.54s/it]2026-08-17 06:27:05,030 - INFO - HTTP Request: POST http://localhost:8001/v1/chat/completions "HTTP/1.1 200 OK"

r0_cfg1:  32%|███▏      | 16/50 [23:41<29:02, 51.24s/it]2026-08-17 06:27:11,755 - INFO - HTTP Request: POST http://localhost:8001/v1/chat/completions "HTTP/1.1 200 OK"
2026-08-17 06:27:14,894 - INFO - HTTP Request: POST http://localhost:8001/v1/chat/completions "HTTP/1.1 200 OK"
2026-08-17 06:27:16,079 - INFO - HTTP Request: POST http://localhost:8001/v1/chat/completions "HTTP/1.1 200 OK"
2026-08-17 06:27:27,112 - INFO - HTTP Request: POST http://localhost:8001/v1/chat/completions "HTTP/1.1 200 OK"

2026-08-17 06:27:27,547 - INFO - HTTP Request: POST http://localhost:8001/v1/chat/completions "HTTP/1.1 200 OK"

2026-08-17 06:27:27,768 - INFO - HTTP Request: POST http://localhost:8001/v1/chat/completions "HTTP/1.1 200 OK"
2026-08-17 06:27:27,985 - INFO - HTTP Request: POST http://localhost:8001/v1/chat/completions "HTTP/1.1 200 OK"

2026-08-17 06:27:39,153 - INFO - HTTP Request: POST http://localhost:8001/v1/chat/completions "HTTP/1.1 200 OK"

2026-08-17 06:27:50,869 - INFO - HTTP Request: POST http://localhost:8001/v1/chat/completions "HTTP/1.1 200 OK"
2026-08-17 06:27:53,908 - INFO - HTTP Request: POST http://localhost:8001/v1/chat/completions "HTTP/1.1 200 OK"
2026-08-17 06:27:55,090 - INFO - HTTP Request: POST http://localhost:8001/v1/chat/completions "HTTP/1.1 200 OK"
2026-08-17 06:28:06,122 - INFO - HTTP Request: POST http://localhost:8001/v1/chat/completions "HTTP/1.1 200 OK"
2026-08-17 06:28:08,454 - INFO - HTTP Request: POST http://localhost:8001/v1/chat/completions "HTTP/1.1 200 OK"

2026-08-17 06:28:08,455 - INFO - HTTP Request: POST http://localhost:8001/v1/chat/completions "HTTP/1.1 200 OK"

2026-08-17 06:28:10,639 - INFO - HTTP Request: POST http://localhost:8001/v1/chat/completions "HTTP/1.1 200 OK"

2026-08-17 06:28:23,020 - INFO - HTTP Request: POST http://localhost:8001/v1/chat/completions "HTTP/1.1 200 OK"

2026-08-17 06:28:32,785 - INFO - HTTP Request: POST http://localhost:8001/v1/chat/completions "HTTP/1.1 200 OK"
2026-08-17 06:28:32,786 - INFO - HTTP Request: POST http://localhost:8001/v1/chat/completions "HTTP/1.1 200 OK"
2026-08-17 06:28:35,471 - INFO - HTTP Request: POST http://localhost:8001/v1/chat/completions "HTTP/1.1 200 OK"
2026-08-17 06:28:44,931 - INFO - HTTP Request: POST http://localhost:8001/v1/chat/completions "HTTP/1.1 200 OK"

2026-08-17 06:28:46,247 - INFO - HTTP Request: POST http://localhost:8001/v1/chat/completions "HTTP/1.1 200 OK"

2026-08-17 06:28:46,248 - INFO - HTTP Request: POST http://localhost:8001/v1/chat/completions "HTTP/1.1 200 OK"

2026-08-17 06:28:48,202 - INFO - HTTP Request: POST http://localhost:8001/v1/chat/completions "HTTP/1.1 200 OK"
2026-08-17 06:29:04,595 - INFO - HTTP Request: POST http://localhost:8001/v1/chat/completions "HTTP/1.1 200 OK"

2026-08-17 06:29:08,725 - INFO - HTTP Request: POST http://localhost:8001/v1/chat/completions "HTTP/1.1 200 OK"
2026-08-17 06:29:10,999 - INFO - HTTP Request: POST http://localhost:8001/v1/chat/completions "HTTP/1.1 200 OK"
2026-08-17 06:29:11,000 - INFO - HTTP Request: POST http://localhost:8001/v1/chat/completions "HTTP/1.1 200 OK"
2026-08-17 06:29:21,676 - INFO - HTTP Request: POST http://localhost:8001/v1/chat/completions "HTTP/1.1 200 OK"

2026-08-17 06:29:23,643 - INFO - HTTP Request: POST http://localhost:8001/v1/chat/completions "HTTP/1.1 200 OK"

2026-08-17 06:29:23,860 - INFO - HTTP Request: POST http://localhost:8001/v1/chat/completions "HTTP/1.1 200 OK"

2026-08-17 06:29:29,511 - INFO - HTTP Request: POST http://localhost:8001/v1/chat/completions "HTTP/1.1 200 OK"
2026-08-17 06:29:41,835 - INFO - HTTP Request: POST http://localhost:8001/v1/chat/completions "HTTP/1.1 200 OK"
2026-08-17 06:29:42,053 - INFO - HTTP Request: POST http://localhost:8001/v1/chat/completions "HTTP/1.1 200 OK"

2026-08-17 06:29:43,683 - INFO - HTTP Request: POST http://localhost:8001/v1/chat/completions "HTTP/1.1 200 OK"
2026-08-17 06:29:44,650 - INFO - HTTP Request: POST http://localhost:8001/v1/chat/completions "HTTP/1.1 200 OK"
2026-08-17 06:29:54,159 - INFO - HTTP Request: POST http://localhost:8001/v1/chat/completions "HTTP/1.1 200 OK"

2026-08-17 06:29:56,118 - INFO - HTTP Request: POST http://localhost:8001/v1/chat/completions "HTTP/1.1 200 OK"

2026-08-17 06:29:59,160 - INFO - HTTP Request: POST http://localhost:8001/v1/chat/completions "HTTP/1.1 200 OK"

2026-08-17 06:30:02,199 - INFO - HTTP Request: POST http://localhost:8001/v1/chat/completions "HTTP/1.1 200 OK"
2026-08-17 06:30:14,296 - INFO - HTTP Request: POST http://localhost:8001/v1/chat/completions "HTTP/1.1 200 OK"

2026-08-17 06:30:23,192 - INFO - HTTP Request: POST http://localhost:8001/v1/chat/completions "HTTP/1.1 200 OK"
2026-08-17 06:30:25,459 - INFO - HTTP Request: POST http://localhost:8001/v1/chat/completions "HTTP/1.1 200 OK"
2026-08-17 06:30:28,821 - INFO - HTTP Request: POST http://localhost:8001/v1/chat/completions "HTTP/1.1 200 OK"
2026-08-17 06:30:34,415 - INFO - HTTP Request: POST http://localhost:8001/v1/chat/completions "HTTP/1.1 200 OK"

2026-08-17 06:30:39,199 - INFO - HTTP Request: POST http://localhost:8001/v1/chat/completions "HTTP/1.1 200 OK"

2026-08-17 06:30:42,459 - INFO - HTTP Request: POST http://localhost:8001/v1/chat/completions "HTTP/1.1 200 OK"

2026-08-17 06:30:43,762 - INFO - HTTP Request: POST http://localhost:8001/v1/chat/completions "HTTP/1.1 200 OK"
2026-08-17 06:30:54,722 - INFO - HTTP Request: POST http://localhost:8001/v1/chat/completions "HTTP/1.1 200 OK"
2026-08-17 06:30:57,433 - INFO - HTTP Request: POST http://localhost:8001/v1/chat/completions "HTTP/1.1 200 OK"

2026-08-17 06:30:59,829 - INFO - HTTP Request: POST http://localhost:8001/v1/chat/completions "HTTP/1.1 200 OK"
2026-08-17 06:31:03,407 - INFO - HTTP Request: POST http://localhost:8001/v1/chat/completions "HTTP/1.1 200 OK"
2026-08-17 06:31:11,388 - INFO - HTTP Request: POST http://localhost:8001/v1/chat/completions "HTTP/1.1 200 OK"

2026-08-17 06:31:12,480 - INFO - HTTP Request: POST http://localhost:8001/v1/chat/completions "HTTP/1.1 200 OK"

2026-08-17 06:31:17,914 - INFO - HTTP Request: POST http://localhost:8001/v1/chat/completions "HTTP/1.1 200 OK"

2026-08-17 06:31:17,915 - INFO - HTTP Request: POST http://localhost:8001/v1/chat/completions "HTTP/1.1 200 OK"
2026-08-17 06:31:32,186 - INFO - HTTP Request: POST http://localhost:8001/v1/chat/completions "HTTP/1.1 200 OK"

2026-08-17 06:31:40,869 - INFO - HTTP Request: POST http://localhost:8001/v1/chat/completions "HTTP/1.1 200 OK"
2026-08-17 06:31:42,272 - INFO - HTTP Request: POST http://localhost:8001/v1/chat/completions "HTTP/1.1 200 OK"
2026-08-17 06:31:48,036 - INFO - HTTP Request: POST http://localhost:8001/v1/chat/completions "HTTP/1.1 200 OK"
2026-08-17 06:31:56,245 - INFO - HTTP Request: POST http://localhost:8001/v1/chat/completions "HTTP/1.1 200 OK"

2026-08-17 06:31:57,561 - INFO - HTTP Request: POST http://localhost:8001/v1/chat/completions "HTTP/1.1 200 OK"

2026-08-17 06:32:01,483 - INFO - HTTP Request: POST http://localhost:8001/v1/chat/completions "HTTP/1.1 200 OK"

2026-08-17 06:32:02,143 - INFO - HTTP Request: POST http://localhost:8001/v1/chat/completions "HTTP/1.1 200 OK"
2026-08-17 06:32:15,281 - INFO - HTTP Request: POST http://localhost:8001/v1/chat/completions "HTTP/1.1 200 OK"

2026-08-17 06:32:29,179 - INFO - HTTP Request: POST http://localhost:8001/v1/chat/completions "HTTP/1.1 200 OK"
2026-08-17 06:32:30,799 - INFO - HTTP Request: POST http://localhost:8001/v1/chat/completions "HTTP/1.1 200 OK"
2026-08-17 06:32:34,814 - INFO - HTTP Request: POST http://localhost:8001/v1/chat/completions "HTTP/1.1 200 OK"
2026-08-17 06:32:42,949 - INFO - HTTP Request: POST http://localhost:8001/v1/chat/completions "HTTP/1.1 200 OK"

r0_cfg1:  34%|███▍      | 17/50 [29:19<1:15:35, 137.45s/it]2026-08-17 06:32:46,216 - INFO - HTTP Request: POST http://localhost:8001/v1/chat/completions "HTTP/1.1 200 OK"

r0_cfg1:  36%|███▌      | 18/50 [29:23<51:48, 97.13s/it]   2026-08-17 06:32:46,869 - INFO - HTTP Request: POST http://localhost:8001/v1/chat/completions "HTTP/1.1 200 OK"

r0_cfg1:  38%|███▊      | 19/50 [29:23<35:12, 68.15s/it]2026-08-17 06:32:49,260 - INFO - HTTP Request: POST http://localhost:8001/v1/chat/completions "HTTP/1.1 200 OK"
2026-08-17 06:33:05,005 - INFO - HTTP Request: POST http://localhost:8001/v1/chat/completions "HTTP/1.1 200 OK"
2026-08-17 06:33:07,706 - INFO - HTTP Request: POST http://localhost:8001/v1/chat/completions "HTTP/1.1 200 OK"

r0_cfg1:  40%|████      | 20/50 [29:44<26:58, 53.95s/it]2026-08-17 06:33:08,574 - INFO - HTTP Request: POST http://localhost:8001/v1/chat/completions "HTTP/1.1 200 OK"
2026-08-17 06:33:09,764 - INFO - HTTP Request: POST http://localhost:8001/v1/chat/completions "HTTP/1.1 200 OK"
2026-08-17 06:33:17,487 - INFO - HTTP Request: POST http://localhost:8001/v1/chat/completions "HTTP/1.1 200 OK"

2026-08-17 06:33:23,364 - INFO - HTTP Request: POST http://localhost:8001/v1/chat/completions "HTTP/1.1 200 OK"

2026-08-17 06:33:24,887 - INFO - HTTP Request: POST http://localhost:8001/v1/chat/completions "HTTP/1.1 200 OK"

2026-08-17 06:33:30,309 - INFO - HTTP Request: POST http://localhost:8001/v1/chat/completions "HTTP/1.1 200 OK"
2026-08-17 06:33:42,356 - INFO - HTTP Request: POST http://localhost:8001/v1/chat/completions "HTTP/1.1 200 OK"

2026-08-17 06:33:43,877 - INFO - HTTP Request: POST http://localhost:8001/v1/chat/completions "HTTP/1.1 200 OK"
2026-08-17 06:33:49,842 - INFO - HTTP Request: POST http://localhost:8001/v1/chat/completions "HTTP/1.1 200 OK"
2026-08-17 06:33:51,795 - INFO - HTTP Request: POST http://localhost:8001/v1/chat/completions "HTTP/1.1 200 OK"
2026-08-17 06:33:56,956 - INFO - HTTP Request: POST http://localhost:8001/v1/chat/completions "HTTP/1.1 200 OK"

2026-08-17 06:34:07,402 - INFO - HTTP Request: POST http://localhost:8001/v1/chat/completions "HTTP/1.1 200 OK"

2026-08-17 06:34:07,619 - INFO - HTTP Request: POST http://localhost:8001/v1/chat/completions "HTTP/1.1 200 OK"

2026-08-17 06:34:09,574 - INFO - HTTP Request: POST http://localhost:8001/v1/chat/completions "HTTP/1.1 200 OK"
2026-08-17 06:34:18,364 - INFO - HTTP Request: POST http://localhost:8001/v1/chat/completions "HTTP/1.1 200 OK"

2026-08-17 06:34:21,620 - INFO - HTTP Request: POST http://localhost:8001/v1/chat/completions "HTTP/1.1 200 OK"
2026-08-17 06:34:32,361 - INFO - HTTP Request: POST http://localhost:8001/v1/chat/completions "HTTP/1.1 200 OK"
2026-08-17 06:34:32,580 - INFO - HTTP Request: POST http://localhost:8001/v1/chat/completions "HTTP/1.1 200 OK"

2026-08-17 06:34:32,581 - INFO - HTTP Request: POST http://localhost:8001/v1/chat/completions "HTTP/1.1 200 OK"
2026-08-17 06:34:43,272 - INFO - HTTP Request: POST http://localhost:8001/v1/chat/completions "HTTP/1.1 200 OK"

2026-08-17 06:34:43,707 - INFO - HTTP Request: POST http://localhost:8001/v1/chat/completions "HTTP/1.1 200 OK"
2026-08-17 06:34:47,078 - INFO - HTTP Request: POST http://localhost:8001/v1/chat/completions "HTTP/1.1 200 OK"

2026-08-17 06:34:53,821 - INFO - HTTP Request: POST http://localhost:8001/v1/chat/completions "HTTP/1.1 200 OK"

2026-08-17 06:34:57,517 - INFO - HTTP Request: POST http://localhost:8001/v1/chat/completions "HTTP/1.1 200 OK"
2026-08-17 06:35:08,034 - INFO - HTTP Request: POST http://localhost:8001/v1/chat/completions "HTTP/1.1 200 OK"
2026-08-17 06:35:10,310 - INFO - HTTP Request: POST http://localhost:8001/v1/chat/completions "HTTP/1.1 200 OK"

2026-08-17 06:35:11,622 - INFO - HTTP Request: POST http://localhost:8001/v1/chat/completions "HTTP/1.1 200 OK"
2026-08-17 06:35:19,120 - INFO - HTTP Request: POST http://localhost:8001/v1/chat/completions "HTTP/1.1 200 OK"
2026-08-17 06:35:21,242 - INFO - HTTP Request: POST http://localhost:8001/v1/chat/completions "HTTP/1.1 200 OK"

2026-08-17 06:35:24,516 - INFO - HTTP Request: POST http://localhost:8001/v1/chat/completions "HTTP/1.1 200 OK"

2026-08-17 06:35:30,823 - INFO - HTTP Request: POST http://localhost:8001/v1/chat/completions "HTTP/1.1 200 OK"
2026-08-17 06:35:32,004 - INFO - HTTP Request: POST http://localhost:8001/v1/chat/completions "HTTP/1.1 200 OK"

2026-08-17 06:35:41,351 - INFO - HTTP Request: POST http://localhost:8001/v1/chat/completions "HTTP/1.1 200 OK"
2026-08-17 06:35:42,757 - INFO - HTTP Request: POST http://localhost:8001/v1/chat/completions "HTTP/1.1 200 OK"

2026-08-17 06:35:44,932 - INFO - HTTP Request: POST http://localhost:8001/v1/chat/completions "HTTP/1.1 200 OK"
2026-08-17 06:35:52,478 - INFO - HTTP Request: POST http://localhost:8001/v1/chat/completions "HTTP/1.1 200 OK"
2026-08-17 06:35:53,452 - INFO - HTTP Request: POST http://localhost:8001/v1/chat/completions "HTTP/1.1 200 OK"

2026-08-17 06:35:58,892 - INFO - HTTP Request: POST http://localhost:8001/v1/chat/completions "HTTP/1.1 200 OK"

2026-08-17 06:36:01,935 - INFO - HTTP Request: POST http://localhost:8001/v1/chat/completions "HTTP/1.1 200 OK"

2026-08-17 06:36:12,136 - INFO - HTTP Request: POST http://localhost:8001/v1/chat/completions "HTTP/1.1 200 OK"
2026-08-17 06:36:22,437 - INFO - HTTP Request: POST http://localhost:8001/v1/chat/completions "HTTP/1.1 200 OK"
2026-08-17 06:36:26,448 - INFO - HTTP Request: POST http://localhost:8001/v1/chat/completions "HTTP/1.1 200 OK"

2026-08-17 06:36:28,190 - INFO - HTTP Request: POST http://localhost:8001/v1/chat/completions "HTTP/1.1 200 OK"
2026-08-17 06:36:31,551 - INFO - HTTP Request: POST http://localhost:8001/v1/chat/completions "HTTP/1.1 200 OK"
2026-08-17 06:36:37,530 - INFO - HTTP Request: POST http://localhost:8001/v1/chat/completions "HTTP/1.1 200 OK"

2026-08-17 06:36:42,755 - INFO - HTTP Request: POST http://localhost:8001/v1/chat/completions "HTTP/1.1 200 OK"

2026-08-17 06:36:44,496 - INFO - HTTP Request: POST http://localhost:8001/v1/chat/completions "HTTP/1.1 200 OK"

2026-08-17 06:36:47,100 - INFO - HTTP Request: POST http://localhost:8001/v1/chat/completions "HTTP/1.1 200 OK"
2026-08-17 06:36:57,844 - INFO - HTTP Request: POST http://localhost:8001/v1/chat/completions "HTTP/1.1 200 OK"
2026-08-17 06:36:59,731 - INFO - HTTP Request: POST http://localhost:8001/v1/chat/completions "HTTP/1.1 200 OK"

2026-08-17 06:37:03,430 - INFO - HTTP Request: POST http://localhost:8001/v1/chat/completions "HTTP/1.1 200 OK"
2026-08-17 06:37:05,541 - INFO - HTTP Request: POST http://localhost:8001/v1/chat/completions "HTTP/1.1 200 OK"
2026-08-17 06:37:15,444 - INFO - HTTP Request: POST http://localhost:8001/v1/chat/completions "HTTP/1.1 200 OK"

2026-08-17 06:37:18,494 - INFO - HTTP Request: POST http://localhost:8001/v1/chat/completions "HTTP/1.1 200 OK"

2026-08-17 06:37:19,151 - INFO - HTTP Request: POST http://localhost:8001/v1/chat/completions "HTTP/1.1 200 OK"

2026-08-17 06:37:29,568 - INFO - HTTP Request: POST http://localhost:8001/v1/chat/completions "HTTP/1.1 200 OK"
2026-08-17 06:37:43,796 - INFO - HTTP Request: POST http://localhost:8001/v1/chat/completions "HTTP/1.1 200 OK"

2026-08-17 06:37:44,891 - INFO - HTTP Request: POST http://localhost:8001/v1/chat/completions "HTTP/1.1 200 OK"
2026-08-17 06:37:48,256 - INFO - HTTP Request: POST http://localhost:8001/v1/chat/completions "HTTP/1.1 200 OK"
2026-08-17 06:37:49,228 - INFO - HTTP Request: POST http://localhost:8001/v1/chat/completions "HTTP/1.1 200 OK"
2026-08-17 06:37:58,745 - INFO - HTTP Request: POST http://localhost:8001/v1/chat/completions "HTTP/1.1 200 OK"

2026-08-17 06:37:59,627 - INFO - HTTP Request: POST http://localhost:8001/v1/chat/completions "HTTP/1.1 200 OK"

2026-08-17 06:38:02,461 - INFO - HTTP Request: POST http://localhost:8001/v1/chat/completions "HTTP/1.1 200 OK"

2026-08-17 06:38:17,440 - INFO - HTTP Request: POST http://localhost:8001/v1/chat/completions "HTTP/1.1 200 OK"
2026-08-17 06:38:29,929 - INFO - HTTP Request: POST http://localhost:8001/v1/chat/completions "HTTP/1.1 200 OK"

r0_cfg1:  42%|████▏     | 21/50 [35:06<1:04:59, 134.47s/it]2026-08-17 06:38:30,209 - INFO - HTTP Request: POST http://localhost:8001/v1/chat/completions "HTTP/1.1 200 OK"
2026-08-17 06:38:31,460 - INFO - HTTP Request: POST http://localhost:8001/v1/chat/completions "HTTP/1.1 200 OK"
2026-08-17 06:38:36,616 - INFO - HTTP Request: POST http://localhost:8001/v1/chat/completions "HTTP/1.1 200 OK"
2026-08-17 06:38:40,251 - INFO - HTTP Request: POST http://localhost:8001/v1/chat/completions "HTTP/1.1 200 OK"

r0_cfg1:  44%|████▍     | 22/50 [35:17<45:22, 97.21s/it]   2026-08-17 06:38:46,131 - INFO - HTTP Request: POST http://localhost:8001/v1/chat/completions "HTTP/1.1 200 OK"

r0_cfg1:  46%|████▌     | 23/50 [35:23<31:24, 69.81s/it]2026-08-17 06:38:52,653 - INFO - HTTP Request: POST http://localhost:8001/v1/chat/completions "HTTP/1.1 200 OK"

r0_cfg1:  48%|████▊     | 24/50 [35:29<22:01, 50.82s/it]2026-08-17 06:38:53,088 - INFO - HTTP Request: POST http://localhost:8001/v1/chat/completions "HTTP/1.1 200 OK"
2026-08-17 06:39:02,301 - INFO - HTTP Request: POST http://localhost:8001/v1/chat/completions "HTTP/1.1 200 OK"
2026-08-17 06:39:05,658 - INFO - HTTP Request: POST http://localhost:8001/v1/chat/completions "HTTP/1.1 200 OK"

2026-08-17 06:39:08,483 - INFO - HTTP Request: POST http://localhost:8001/v1/chat/completions "HTTP/1.1 200 OK"
2026-08-17 06:39:13,586 - INFO - HTTP Request: POST http://localhost:8001/v1/chat/completions "HTTP/1.1 200 OK"

2026-08-17 06:39:15,543 - INFO - HTTP Request: POST http://localhost:8001/v1/chat/completions "HTTP/1.1 200 OK"
2026-08-17 06:39:19,556 - INFO - HTTP Request: POST http://localhost:8001/v1/chat/completions "HTTP/1.1 200 OK"

2026-08-17 06:39:25,858 - INFO - HTTP Request: POST http://localhost:8001/v1/chat/completions "HTTP/1.1 200 OK"

2026-08-17 06:39:32,367 - INFO - HTTP Request: POST http://localhost:8001/v1/chat/completions "HTTP/1.1 200 OK"
2026-08-17 06:39:40,285 - INFO - HTTP Request: POST http://localhost:8001/v1/chat/completions "HTTP/1.1 200 OK"
2026-08-17 06:39:46,255 - INFO - HTTP Request: POST http://localhost:8001/v1/chat/completions "HTTP/1.1 200 OK"
2026-08-17 06:39:46,473 - INFO - HTTP Request: POST http://localhost:8001/v1/chat/completions "HTTP/1.1 200 OK"

2026-08-17 06:39:50,759 - INFO - HTTP Request: POST http://localhost:8001/v1/chat/completions "HTTP/1.1 200 OK"

2026-08-17 06:39:52,717 - INFO - HTTP Request: POST http://localhost:8001/v1/chat/completions "HTTP/1.1 200 OK"
2026-08-17 06:39:59,891 - INFO - HTTP Request: POST http://localhost:8001/v1/chat/completions "HTTP/1.1 200 OK"

2026-08-17 06:40:06,192 - INFO - HTTP Request: POST http://localhost:8001/v1/chat/completions "HTTP/1.1 200 OK"

2026-08-17 06:40:11,616 - INFO - HTTP Request: POST http://localhost:8001/v1/chat/completions "HTTP/1.1 200 OK"
2026-08-17 06:40:15,841 - INFO - HTTP Request: POST http://localhost:8001/v1/chat/completions "HTTP/1.1 200 OK"
2026-08-17 06:40:22,248 - INFO - HTTP Request: POST http://localhost:8001/v1/chat/completions "HTTP/1.1 200 OK"

2026-08-17 06:40:24,864 - INFO - HTTP Request: POST http://localhost:8001/v1/chat/completions "HTTP/1.1 200 OK"
2026-08-17 06:40:31,492 - INFO - HTTP Request: POST http://localhost:8001/v1/chat/completions "HTTP/1.1 200 OK"
2026-08-17 06:40:34,422 - INFO - HTTP Request: POST http://localhost:8001/v1/chat/completions "HTTP/1.1 200 OK"

2026-08-17 06:40:38,782 - INFO - HTTP Request: POST http://localhost:8001/v1/chat/completions "HTTP/1.1 200 OK"

2026-08-17 06:40:44,221 - INFO - HTTP Request: POST http://localhost:8001/v1/chat/completions "HTTP/1.1 200 OK"

2026-08-17 06:40:46,831 - INFO - HTTP Request: POST http://localhost:8001/v1/chat/completions "HTTP/1.1 200 OK"
2026-08-17 06:40:58,874 - INFO - HTTP Request: POST http://localhost:8001/v1/chat/completions "HTTP/1.1 200 OK"
2026-08-17 06:40:59,589 - INFO - HTTP Request: POST http://localhost:8001/v1/chat/completions "HTTP/1.1 200 OK"

2026-08-17 06:41:03,540 - INFO - HTTP Request: POST http://localhost:8001/v1/chat/completions "HTTP/1.1 200 OK"
2026-08-17 06:41:09,076 - INFO - HTTP Request: POST http://localhost:8001/v1/chat/completions "HTTP/1.1 200 OK"
2026-08-17 06:41:12,873 - INFO - HTTP Request: POST http://localhost:8001/v1/chat/completions "HTTP/1.1 200 OK"

2026-08-17 06:41:16,147 - INFO - HTTP Request: POST http://localhost:8001/v1/chat/completions "HTTP/1.1 200 OK"

2026-08-17 06:41:20,065 - INFO - HTTP Request: POST http://localhost:8001/v1/chat/completions "HTTP/1.1 200 OK"
2026-08-17 06:41:23,421 - INFO - HTTP Request: POST http://localhost:8001/v1/chat/completions "HTTP/1.1 200 OK"

2026-08-17 06:41:32,989 - INFO - HTTP Request: POST http://localhost:8001/v1/chat/completions "HTTP/1.1 200 OK"
2026-08-17 06:41:33,957 - INFO - HTTP Request: POST http://localhost:8001/v1/chat/completions "HTTP/1.1 200 OK"

2026-08-17 06:41:36,131 - INFO - HTTP Request: POST http://localhost:8001/v1/chat/completions "HTTP/1.1 200 OK"
2026-08-17 06:41:42,591 - INFO - HTTP Request: POST http://localhost:8001/v1/chat/completions "HTTP/1.1 200 OK"

2026-08-17 06:41:43,898 - INFO - HTTP Request: POST http://localhost:8001/v1/chat/completions "HTTP/1.1 200 OK"
2026-08-17 06:41:49,866 - INFO - HTTP Request: POST http://localhost:8001/v1/chat/completions "HTTP/1.1 200 OK"

2026-08-17 06:41:54,214 - INFO - HTTP Request: POST http://localhost:8001/v1/chat/completions "HTTP/1.1 200 OK"

2026-08-17 06:42:03,328 - INFO - HTTP Request: POST http://localhost:8001/v1/chat/completions "HTTP/1.1 200 OK"
2026-08-17 06:42:11,896 - INFO - HTTP Request: POST http://localhost:8001/v1/chat/completions "HTTP/1.1 200 OK"
2026-08-17 06:42:16,777 - INFO - HTTP Request: POST http://localhost:8001/v1/chat/completions "HTTP/1.1 200 OK"

2026-08-17 06:42:19,170 - INFO - HTTP Request: POST http://localhost:8001/v1/chat/completions "HTTP/1.1 200 OK"
2026-08-17 06:42:23,836 - INFO - HTTP Request: POST http://localhost:8001/v1/chat/completions "HTTP/1.1 200 OK"
2026-08-17 06:42:24,054 - INFO - HTTP Request: POST http://localhost:8001/v1/chat/completions "HTTP/1.1 200 OK"

2026-08-17 06:42:30,676 - INFO - HTTP Request: POST http://localhost:8001/v1/chat/completions "HTTP/1.1 200 OK"

2026-08-17 06:42:34,152 - INFO - HTTP Request: POST http://localhost:8001/v1/chat/completions "HTTP/1.1 200 OK"

2026-08-17 06:42:37,408 - INFO - HTTP Request: POST http://localhost:8001/v1/chat/completions "HTTP/1.1 200 OK"
2026-08-17 06:42:44,679 - INFO - HTTP Request: POST http://localhost:8001/v1/chat/completions "HTTP/1.1 200 OK"
2026-08-17 06:42:51,309 - INFO - HTTP Request: POST http://localhost:8001/v1/chat/completions "HTTP/1.1 200 OK"
2026-08-17 06:42:54,507 - INFO - HTTP Request: POST http://localhost:8001/v1/chat/completions "HTTP/1.1 200 OK"

2026-08-17 06:42:55,163 - INFO - HTTP Request: POST http://localhost:8001/v1/chat/completions "HTTP/1.1 200 OK"
2026-08-17 06:42:55,897 - INFO - HTTP Request: POST http://localhost:8001/v1/chat/completions "HTTP/1.1 200 OK"

2026-08-17 06:43:06,576 - INFO - HTTP Request: POST http://localhost:8001/v1/chat/completions "HTTP/1.1 200 OK"

2026-08-17 06:43:10,926 - INFO - HTTP Request: POST http://localhost:8001/v1/chat/completions "HTTP/1.1 200 OK"

2026-08-17 06:43:23,948 - INFO - HTTP Request: POST http://localhost:8001/v1/chat/completions "HTTP/1.1 200 OK"
2026-08-17 06:43:25,354 - INFO - HTTP Request: POST http://localhost:8001/v1/chat/completions "HTTP/1.1 200 OK"
2026-08-17 06:43:36,341 - INFO - HTTP Request: POST http://localhost:8001/v1/chat/completions "HTTP/1.1 200 OK"
2026-08-17 06:43:37,964 - INFO - HTTP Request: POST http://localhost:8001/v1/chat/completions "HTTP/1.1 200 OK"

2026-08-17 06:43:40,369 - INFO - HTTP Request: POST http://localhost:8001/v1/chat/completions "HTTP/1.1 200 OK"

2026-08-17 06:43:41,032 - INFO - HTTP Request: POST http://localhost:8001/v1/chat/completions "HTTP/1.1 200 OK"
2026-08-17 06:43:50,052 - INFO - HTTP Request: POST http://localhost:8001/v1/chat/completions "HTTP/1.1 200 OK"

2026-08-17 06:43:55,277 - INFO - HTTP Request: POST http://localhost:8001/v1/chat/completions "HTTP/1.1 200 OK"

2026-08-17 06:44:10,692 - INFO - HTTP Request: POST http://localhost:8001/v1/chat/completions "HTTP/1.1 200 OK"
2026-08-17 06:44:13,617 - INFO - HTTP Request: POST http://localhost:8001/v1/chat/completions "HTTP/1.1 200 OK"
2026-08-17 06:44:23,724 - INFO - HTTP Request: POST http://localhost:8001/v1/chat/completions "HTTP/1.1 200 OK"
2026-08-17 06:44:24,458 - INFO - HTTP Request: POST http://localhost:8001/v1/chat/completions "HTTP/1.1 200 OK"

r0_cfg1:  50%|█████     | 25/50 [41:01<56:18, 135.12s/it]2026-08-17 06:44:25,787 - INFO - HTTP Request: POST http://localhost:8001/v1/chat/completions "HTTP/1.1 200 OK"

r0_cfg1:  52%|█████▏    | 26/50 [41:02<37:59, 94.98s/it] 2026-08-17 06:44:29,268 - INFO - HTTP Request: POST http://localhost:8001/v1/chat/completions "HTTP/1.1 200 OK"
2026-08-17 06:44:35,241 - INFO - HTTP Request: POST http://localhost:8001/v1/chat/completions "HTTP/1.1 200 OK"

r0_cfg1:  54%|█████▍    | 27/50 [41:12<26:34, 69.32s/it]2026-08-17 06:44:43,067 - INFO - HTTP Request: POST http://localhost:8001/v1/chat/completions "HTTP/1.1 200 OK"

r0_cfg1:  56%|█████▌    | 28/50 [41:19<18:39, 50.87s/it]2026-08-17 06:44:46,539 - INFO - HTTP Request: POST http://localhost:8001/v1/chat/completions "HTTP/1.1 200 OK"
2026-08-17 06:44:48,370 - INFO - HTTP Request: POST http://localhost:8001/v1/chat/completions "HTTP/1.1 200 OK"
2026-08-17 06:44:57,595 - INFO - HTTP Request: POST http://localhost:8001/v1/chat/completions "HTTP/1.1 200 OK"
2026-08-17 06:45:03,138 - INFO - HTTP Request: POST http://localhost:8001/v1/chat/completions "HTTP/1.1 200 OK"
2026-08-17 06:45:03,139 - INFO - HTTP Request: POST http://localhost:8001/v1/chat/completions "HTTP/1.1 200 OK"


2026-08-17 06:45:05,970 - INFO - HTTP Request: POST http://localhost:8001/v1/chat/completions "HTTP/1.1 200 OK"
2026-08-17 06:45:10,037 - INFO - HTTP Request: POST http://localhost:8001/v1/chat/completions "HTTP/1.1 200 OK"

2026-08-17 06:45:15,469 - INFO - HTTP Request: POST http://localhost:8001/v1/chat/completions "HTTP/1.1 200 OK"

2026-08-17 06:45:29,572 - INFO - HTTP Request: POST http://localhost:8001/v1/chat/completions "HTTP/1.1 200 OK"
2026-08-17 06:45:29,573 - INFO - HTTP Request: POST http://localhost:8001/v1/chat/completions "HTTP/1.1 200 OK"
2026-08-17 06:45:36,764 - INFO - HTTP Request: POST http://localhost:8001/v1/chat/completions "HTTP/1.1 200 OK"
2026-08-17 06:45:40,567 - INFO - HTTP Request: POST http://localhost:8001/v1/chat/completions "HTTP/1.1 200 OK"

2026-08-17 06:45:42,528 - INFO - HTTP Request: POST http://localhost:8001/v1/chat/completions "HTTP/1.1 200 OK"
2026-08-17 06:45:44,641 - INFO - HTTP Request: POST http://localhost:8001/v1/chat/completions "HTTP/1.1 200 OK"

2026-08-17 06:45:52,912 - INFO - HTTP Request: POST http://localhost:8001/v1/chat/completions "HTTP/1.1 200 OK"

2026-08-17 06:45:55,304 - INFO - HTTP Request: POST http://localhost:8001/v1/chat/completions "HTTP/1.1 200 OK"

2026-08-17 06:46:05,284 - INFO - HTTP Request: POST http://localhost:8001/v1/chat/completions "HTTP/1.1 200 OK"
2026-08-17 06:46:09,288 - INFO - HTTP Request: POST http://localhost:8001/v1/chat/completions "HTTP/1.1 200 OK"
2026-08-17 06:46:16,778 - INFO - HTTP Request: POST http://localhost:8001/v1/chat/completions "HTTP/1.1 200 OK"
2026-08-17 06:46:20,694 - INFO - HTTP Request: POST http://localhost:8001/v1/chat/completions "HTTP/1.1 200 OK"

2026-08-17 06:46:20,695 - INFO - HTTP Request: POST http://localhost:8001/v1/chat/completions "HTTP/1.1 200 OK"
2026-08-17 06:46:23,240 - INFO - HTTP Request: POST http://localhost:8001/v1/chat/completions "HTTP/1.1 200 OK"

2026-08-17 06:46:29,560 - INFO - HTTP Request: POST http://localhost:8001/v1/chat/completions "HTTP/1.1 200 OK"

2026-08-17 06:46:37,826 - INFO - HTTP Request: POST http://localhost:8001/v1/chat/completions "HTTP/1.1 200 OK"

2026-08-17 06:46:45,210 - INFO - HTTP Request: POST http://localhost:8001/v1/chat/completions "HTTP/1.1 200 OK"
2026-08-17 06:46:47,692 - INFO - HTTP Request: POST http://localhost:8001/v1/chat/completions "HTTP/1.1 200 OK"
2026-08-17 06:46:54,375 - INFO - HTTP Request: POST http://localhost:8001/v1/chat/completions "HTTP/1.1 200 OK"
2026-08-17 06:46:58,394 - INFO - HTTP Request: POST http://localhost:8001/v1/chat/completions "HTTP/1.1 200 OK"

2026-08-17 06:47:00,144 - INFO - HTTP Request: POST http://localhost:8001/v1/chat/completions "HTTP/1.1 200 OK"

2026-08-17 06:47:02,977 - INFO - HTTP Request: POST http://localhost:8001/v1/chat/completions "HTTP/1.1 200 OK"
2026-08-17 06:47:07,259 - INFO - HTTP Request: POST http://localhost:8001/v1/chat/completions "HTTP/1.1 200 OK"

2026-08-17 06:47:15,739 - INFO - HTTP Request: POST http://localhost:8001/v1/chat/completions "HTTP/1.1 200 OK"

2026-08-17 06:47:18,567 - INFO - HTTP Request: POST http://localhost:8001/v1/chat/completions "HTTP/1.1 200 OK"
2026-08-17 06:47:20,619 - INFO - HTTP Request: POST http://localhost:8001/v1/chat/completions "HTTP/1.1 200 OK"
2026-08-17 06:47:27,670 - INFO - HTTP Request: POST http://localhost:8001/v1/chat/completions "HTTP/1.1 200 OK"
2026-08-17 06:47:31,906 - INFO - HTTP Request: POST http://localhost:8001/v1/chat/completions "HTTP/1.1 200 OK"

2026-08-17 06:47:32,997 - INFO - HTTP Request: POST http://localhost:8001/v1/chat/completions "HTTP/1.1 200 OK"

2026-08-17 06:47:36,475 - INFO - HTTP Request: POST http://localhost:8001/v1/chat/completions "HTTP/1.1 200 OK"
2026-08-17 06:47:38,367 - INFO - HTTP Request: POST http://localhost:8001/v1/chat/completions "HTTP/1.1 200 OK"

2026-08-17 06:47:51,401 - INFO - HTTP Request: POST http://localhost:8001/v1/chat/completions "HTTP/1.1 200 OK"

2026-08-17 06:48:00,948 - INFO - HTTP Request: POST http://localhost:8001/v1/chat/completions "HTTP/1.1 200 OK"
2026-08-17 06:48:02,341 - INFO - HTTP Request: POST http://localhost:8001/v1/chat/completions "HTTP/1.1 200 OK"
2026-08-17 06:48:07,656 - INFO - HTTP Request: POST http://localhost:8001/v1/chat/completions "HTTP/1.1 200 OK"
2026-08-17 06:48:14,066 - INFO - HTTP Request: POST http://localhost:8001/v1/chat/completions "HTTP/1.1 200 OK"

2026-08-17 06:48:14,501 - INFO - HTTP Request: POST http://localhost:8001/v1/chat/completions "HTTP/1.1 200 OK"

2026-08-17 06:48:21,028 - INFO - HTTP Request: POST http://localhost:8001/v1/chat/completions "HTTP/1.1 200 OK"
2026-08-17 06:48:22,703 - INFO - HTTP Request: POST http://localhost:8001/v1/chat/completions "HTTP/1.1 200 OK"

2026-08-17 06:48:34,441 - INFO - HTTP Request: POST http://localhost:8001/v1/chat/completions "HTTP/1.1 200 OK"
2026-08-17 06:48:35,174 - INFO - HTTP Request: POST http://localhost:8001/v1/chat/completions "HTTP/1.1 200 OK"
2026-08-17 06:48:38,989 - INFO - HTTP Request: POST http://localhost:8001/v1/chat/completions "HTTP/1.1 200 OK"

2026-08-17 06:48:43,344 - INFO - HTTP Request: POST http://localhost:8001/v1/chat/completions "HTTP/1.1 200 OK"
2026-08-17 06:48:45,839 - INFO - HTTP Request: POST http://localhost:8001/v1/chat/completions "HTTP/1.1 200 OK"

2026-08-17 06:48:47,801 - INFO - HTTP Request: POST http://localhost:8001/v1/chat/completions "HTTP/1.1 200 OK"

2026-08-17 06:48:56,715 - INFO - HTTP Request: POST http://localhost:8001/v1/chat/completions "HTTP/1.1 200 OK"

2026-08-17 06:48:59,321 - INFO - HTTP Request: POST http://localhost:8001/v1/chat/completions "HTTP/1.1 200 OK"
2026-08-17 06:49:14,907 - INFO - HTTP Request: POST http://localhost:8001/v1/chat/completions "HTTP/1.1 200 OK"

2026-08-17 06:49:15,341 - INFO - HTTP Request: POST http://localhost:8001/v1/chat/completions "HTTP/1.1 200 OK"
2026-08-17 06:49:17,611 - INFO - HTTP Request: POST http://localhost:8001/v1/chat/completions "HTTP/1.1 200 OK"
2026-08-17 06:49:26,203 - INFO - HTTP Request: POST http://localhost:8001/v1/chat/completions "HTTP/1.1 200 OK"

2026-08-17 06:49:26,866 - INFO - HTTP Request: POST http://localhost:8001/v1/chat/completions "HTTP/1.1 200 OK"
2026-08-17 06:49:29,795 - INFO - HTTP Request: POST http://localhost:8001/v1/chat/completions "HTTP/1.1 200 OK"

2026-08-17 06:49:37,413 - INFO - HTTP Request: POST http://localhost:8001/v1/chat/completions "HTTP/1.1 200 OK"

2026-08-17 06:49:45,016 - INFO - HTTP Request: POST http://localhost:8001/v1/chat/completions "HTTP/1.1 200 OK"
2026-08-17 06:49:59,519 - INFO - HTTP Request: POST http://localhost:8001/v1/chat/completions "HTTP/1.1 200 OK"
2026-08-17 06:50:03,534 - INFO - HTTP Request: POST http://localhost:8001/v1/chat/completions "HTTP/1.1 200 OK"
2026-08-17 06:50:05,813 - INFO - HTTP Request: POST http://localhost:8001/v1/chat/completions "HTTP/1.1 200 OK"

2026-08-17 06:50:11,482 - INFO - HTTP Request: POST http://localhost:8001/v1/chat/completions "HTTP/1.1 200 OK"
2026-08-17 06:50:13,323 - INFO - HTTP Request: POST http://localhost:8001/v1/chat/completions "HTTP/1.1 200 OK"

r0_cfg1:  58%|█████▊    | 29/50 [46:50<47:08, 134.69s/it]2026-08-17 06:50:16,373 - INFO - HTTP Request: POST http://localhost:8001/v1/chat/completions "HTTP/1.1 200 OK"

r0_cfg1:  60%|██████    | 30/50 [46:53<31:43, 95.20s/it] 2026-08-17 06:50:23,333 - INFO - HTTP Request: POST http://localhost:8001/v1/chat/completions "HTTP/1.1 200 OK"

r0_cfg1:  62%|██████▏   | 31/50 [47:00<21:45, 68.73s/it]2026-08-17 06:50:35,266 - INFO - HTTP Request: POST http://localhost:8001/v1/chat/completions "HTTP/1.1 200 OK"
2026-08-17 06:50:38,675 - INFO - HTTP Request: POST http://localhost:8001/v1/chat/completions "HTTP/1.1 200 OK"
2026-08-17 06:50:39,390 - INFO - HTTP Request: POST http://localhost:8001/v1/chat/completions "HTTP/1.1 200 OK"
2026-08-17 06:50:46,324 - INFO - HTTP Request: POST http://localhost:8001/v1/chat/completions "HTTP/1.1 200 OK"
2026-08-17 06:50:49,309 - INFO - HTTP Request: POST http://localhost:8001/v1/chat/completions "HTTP/1.1 200 OK"

2026-08-17 06:50:49,527 - INFO - HTTP Request: POST http://localhost:8001/v1/chat/completions "HTTP/1.1 200 OK"

2026-08-17 06:50:54,757 - INFO - HTTP Request: POST http://localhost:8001/v1/chat/completions "HTTP/1.1 200 OK"

r0_cfg1:  64%|██████▍   | 32/50 [47:31<17:15, 57.53s/it]2026-08-17 06:50:58,670 - INFO - HTTP Request: POST http://localhost:8001/v1/chat/completions "HTTP/1.1 200 OK"

2026-08-17 06:51:15,376 - INFO - HTTP Request: POST http://localhost:8001/v1/chat/completions "HTTP/1.1 200 OK"
2026-08-17 06:51:15,593 - INFO - HTTP Request: POST http://localhost:8001/v1/chat/completions "HTTP/1.1 200 OK"
2026-08-17 06:51:17,361 - INFO - HTTP Request: POST http://localhost:8001/v1/chat/completions "HTTP/1.1 200 OK"
2026-08-17 06:51:25,732 - INFO - HTTP Request: POST http://localhost:8001/v1/chat/completions "HTTP/1.1 200 OK"
2026-08-17 06:51:27,848 - INFO - HTTP Request: POST http://localhost:8001/v1/chat/completions "HTTP/1.1 200 OK"

2026-08-17 06:51:30,248 - INFO - HTTP Request: POST http://localhost:8001/v1/chat/completions "HTTP/1.1 200 OK"

2026-08-17 06:51:33,081 - INFO - HTTP Request: POST http://localhost:8001/v1/chat/completions "HTTP/1.1 200 OK"

2026-08-17 06:51:38,950 - INFO - HTTP Request: POST http://localhost:8001/v1/chat/completions "HTTP/1.1 200 OK"

2026-08-17 06:51:52,185 - INFO - HTTP Request: POST http://localhost:8001/v1/chat/completions "HTTP/1.1 200 OK"
2026-08-17 06:51:54,945 - INFO - HTTP Request: POST http://localhost:8001/v1/chat/completions "HTTP/1.1 200 OK"
2026-08-17 06:51:59,826 - INFO - HTTP Request: POST http://localhost:8001/v1/chat/completions "HTTP/1.1 200 OK"
2026-08-17 06:52:04,278 - INFO - HTTP Request: POST http://localhost:8001/v1/chat/completions "HTTP/1.1 200 OK"
2026-08-17 06:52:07,486 - INFO - HTTP Request: POST http://localhost:8001/v1/chat/completions "HTTP/1.1 200 OK"

2026-08-17 06:52:08,803 - INFO - HTTP Request: POST http://localhost:8001/v1/chat/completions "HTTP/1.1 200 OK"

2026-08-17 06:52:13,383 - INFO - HTTP Request: POST http://localhost:8001/v1/chat/completions "HTTP/1.1 200 OK"

2026-08-17 06:52:19,035 - INFO - HTTP Request: POST http://localhost:8001/v1/chat/completions "HTTP/1.1 200 OK"

2026-08-17 06:52:30,976 - INFO - HTTP Request: POST http://localhost:8001/v1/chat/completions "HTTP/1.1 200 OK"
2026-08-17 06:52:33,356 - INFO - HTTP Request: POST http://localhost:8001/v1/chat/completions "HTTP/1.1 200 OK"
2026-08-17 06:52:38,513 - INFO - HTTP Request: POST http://localhost:8001/v1/chat/completions "HTTP/1.1 200 OK"
2026-08-17 06:52:44,053 - INFO - HTTP Request: POST http://localhost:8001/v1/chat/completions "HTTP/1.1 200 OK"
2026-08-17 06:52:44,801 - INFO - HTTP Request: POST http://localhost:8001/v1/chat/completions "HTTP/1.1 200 OK"

2026-08-17 06:52:46,611 - INFO - HTTP Request: POST http://localhost:8001/v1/chat/completions "HTTP/1.1 200 OK"

2026-08-17 06:52:52,060 - INFO - HTTP Request: POST http://localhost:8001/v1/chat/completions "HTTP/1.1 200 OK"

2026-08-17 06:52:56,197 - INFO - HTTP Request: POST http://localhost:8001/v1/chat/completions "HTTP/1.1 200 OK"

2026-08-17 06:53:04,665 - INFO - HTTP Request: POST http://localhost:8001/v1/chat/completions "HTTP/1.1 200 OK"
2026-08-17 06:53:06,714 - INFO - HTTP Request: POST http://localhost:8001/v1/chat/completions "HTTP/1.1 200 OK"
2026-08-17 06:53:15,133 - INFO - HTTP Request: POST http://localhost:8001/v1/chat/completions "HTTP/1.1 200 OK"

2026-08-17 06:53:16,659 - INFO - HTTP Request: POST http://localhost:8001/v1/chat/completions "HTTP/1.1 200 OK"
2026-08-17 06:53:16,660 - INFO - HTTP Request: POST http://localhost:8001/v1/chat/completions "HTTP/1.1 200 OK"
2026-08-17 06:53:21,904 - INFO - HTTP Request: POST http://localhost:8001/v1/chat/completions "HTTP/1.1 200 OK"

2026-08-17 06:53:25,170 - INFO - HTTP Request: POST http://localhost:8001/v1/chat/completions "HTTP/1.1 200 OK"

2026-08-17 06:53:29,735 - INFO - HTTP Request: POST http://localhost:8001/v1/chat/completions "HTTP/1.1 200 OK"

2026-08-17 06:53:44,496 - INFO - HTTP Request: POST http://localhost:8001/v1/chat/completions "HTTP/1.1 200 OK"
2026-08-17 06:53:49,800 - INFO - HTTP Request: POST http://localhost:8001/v1/chat/completions "HTTP/1.1 200 OK"
2026-08-17 06:53:51,200 - INFO - HTTP Request: POST http://localhost:8001/v1/chat/completions "HTTP/1.1 200 OK"
2026-08-17 06:53:54,837 - INFO - HTTP Request: POST http://localhost:8001/v1/chat/completions "HTTP/1.1 200 OK"
2026-08-17 06:53:59,567 - INFO - HTTP Request: POST http://localhost:8001/v1/chat/completions "HTTP/1.1 200 OK"

2026-08-17 06:54:02,402 - INFO - HTTP Request: POST http://localhost:8001/v1/chat/completions "HTTP/1.1 200 OK"

2026-08-17 06:54:03,494 - INFO - HTTP Request: POST http://localhost:8001/v1/chat/completions "HTTP/1.1 200 OK"

2026-08-17 06:54:07,409 - INFO - HTTP Request: POST http://localhost:8001/v1/chat/completions "HTTP/1.1 200 OK"

2026-08-17 06:54:19,560 - INFO - HTTP Request: POST http://localhost:8001/v1/chat/completions "HTTP/1.1 200 OK"
2026-08-17 06:54:23,787 - INFO - HTTP Request: POST http://localhost:8001/v1/chat/completions "HTTP/1.1 200 OK"
2026-08-17 06:54:28,075 - INFO - HTTP Request: POST http://localhost:8001/v1/chat/completions "HTTP/1.1 200 OK"
2026-08-17 06:54:32,151 - INFO - HTTP Request: POST http://localhost:8001/v1/chat/completions "HTTP/1.1 200 OK"
2026-08-17 06:54:34,203 - INFO - HTTP Request: POST http://localhost:8001/v1/chat/completions "HTTP/1.1 200 OK"

2026-08-17 06:54:44,228 - INFO - HTTP Request: POST http://localhost:8001/v1/chat/completions "HTTP/1.1 200 OK"

2026-08-17 06:54:44,446 - INFO - HTTP Request: POST http://localhost:8001/v1/chat/completions "HTTP/1.1 200 OK"

2026-08-17 06:54:45,538 - INFO - HTTP Request: POST http://localhost:8001/v1/chat/completions "HTTP/1.1 200 OK"

2026-08-17 06:55:03,336 - INFO - HTTP Request: POST http://localhost:8001/v1/chat/completions "HTTP/1.1 200 OK"
2026-08-17 06:55:05,824 - INFO - HTTP Request: POST http://localhost:8001/v1/chat/completions "HTTP/1.1 200 OK"
2026-08-17 06:55:13,976 - INFO - HTTP Request: POST http://localhost:8001/v1/chat/completions "HTTP/1.1 200 OK"
2026-08-17 06:55:14,194 - INFO - HTTP Request: POST http://localhost:8001/v1/chat/completions "HTTP/1.1 200 OK"
2026-08-17 06:55:17,552 - INFO - HTTP Request: POST http://localhost:8001/v1/chat/completions "HTTP/1.1 200 OK"

2026-08-17 06:55:18,871 - INFO - HTTP Request: POST http://localhost:8001/v1/chat/completions "HTTP/1.1 200 OK"

2026-08-17 06:55:26,492 - INFO - HTTP Request: POST http://localhost:8001/v1/chat/completions "HTTP/1.1 200 OK"

2026-08-17 06:55:30,199 - INFO - HTTP Request: POST http://localhost:8001/v1/chat/completions "HTTP/1.1 200 OK"

2026-08-17 06:55:48,004 - INFO - HTTP Request: POST http://localhost:8001/v1/chat/completions "HTTP/1.1 200 OK"
2026-08-17 06:55:50,492 - INFO - HTTP Request: POST http://localhost:8001/v1/chat/completions "HTTP/1.1 200 OK"
2026-08-17 06:55:59,516 - INFO - HTTP Request: POST http://localhost:8001/v1/chat/completions "HTTP/1.1 200 OK"
2026-08-17 06:56:04,248 - INFO - HTTP Request: POST http://localhost:8001/v1/chat/completions "HTTP/1.1 200 OK"
2026-08-17 06:56:05,492 - INFO - HTTP Request: POST http://localhost:8001/v1/chat/completions "HTTP/1.1 200 OK"

r0_cfg1:  66%|██████▌   | 33/50 [52:42<37:49, 133.50s/it]2026-08-17 06:56:08,330 - INFO - HTTP Request: POST http://localhost:8001/v1/chat/completions "HTTP/1.1 200 OK"

2026-08-17 06:56:12,693 - INFO - HTTP Request: POST http://localhost:8001/v1/chat/completions "HTTP/1.1 200 OK"

r0_cfg1:  68%|██████▊   | 34/50 [52:49<25:29, 95.61s/it] 2026-08-17 06:56:24,434 - INFO - HTTP Request: POST http://localhost:8001/v1/chat/completions "HTTP/1.1 200 OK"

r0_cfg1:  70%|███████   | 35/50 [53:01<17:36, 70.45s/it]2026-08-17 06:56:27,256 - INFO - HTTP Request: POST http://localhost:8001/v1/chat/completions "HTTP/1.1 200 OK"
2026-08-17 06:56:34,795 - INFO - HTTP Request: POST http://localhost:8001/v1/chat/completions "HTTP/1.1 200 OK"
2026-08-17 06:56:40,115 - INFO - HTTP Request: POST http://localhost:8001/v1/chat/completions "HTTP/1.1 200 OK"

2026-08-17 06:56:41,639 - INFO - HTTP Request: POST http://localhost:8001/v1/chat/completions "HTTP/1.1 200 OK"
2026-08-17 06:56:47,391 - INFO - HTTP Request: POST http://localhost:8001/v1/chat/completions "HTTP/1.1 200 OK"
2026-08-17 06:56:50,752 - INFO - HTTP Request: POST http://localhost:8001/v1/chat/completions "HTTP/1.1 200 OK"

2026-08-17 06:56:57,718 - INFO - HTTP Request: POST http://localhost:8001/v1/chat/completions "HTTP/1.1 200 OK"

r0_cfg1:  72%|███████▏  | 36/50 [53:34<13:50, 59.30s/it]2026-08-17 06:57:00,763 - INFO - HTTP Request: POST http://localhost:8001/v1/chat/completions "HTTP/1.1 200 OK"

2026-08-17 06:57:06,836 - INFO - HTTP Request: POST http://localhost:8001/v1/chat/completions "HTTP/1.1 200 OK"
2026-08-17 06:57:17,204 - INFO - HTTP Request: POST http://localhost:8001/v1/chat/completions "HTTP/1.1 200 OK"
2026-08-17 06:57:19,045 - INFO - HTTP Request: POST http://localhost:8001/v1/chat/completions "HTTP/1.1 200 OK"

2026-08-17 06:57:20,353 - INFO - HTTP Request: POST http://localhost:8001/v1/chat/completions "HTTP/1.1 200 OK"
2026-08-17 06:57:27,628 - INFO - HTTP Request: POST http://localhost:8001/v1/chat/completions "HTTP/1.1 200 OK"
2026-08-17 06:57:31,542 - INFO - HTTP Request: POST http://localhost:8001/v1/chat/completions "HTTP/1.1 200 OK"

2026-08-17 06:57:33,287 - INFO - HTTP Request: POST http://localhost:8001/v1/chat/completions "HTTP/1.1 200 OK"

2026-08-17 06:57:43,934 - INFO - HTTP Request: POST http://localhost:8001/v1/chat/completions "HTTP/1.1 200 OK"

2026-08-17 06:57:44,152 - INFO - HTTP Request: POST http://localhost:8001/v1/chat/completions "HTTP/1.1 200 OK"
2026-08-17 06:57:57,345 - INFO - HTTP Request: POST http://localhost:8001/v1/chat/completions "HTTP/1.1 200 OK"

2026-08-17 06:57:58,006 - INFO - HTTP Request: POST http://localhost:8001/v1/chat/completions "HTTP/1.1 200 OK"
2026-08-17 06:57:58,007 - INFO - HTTP Request: POST http://localhost:8001/v1/chat/completions "HTTP/1.1 200 OK"
2026-08-17 06:58:09,339 - INFO - HTTP Request: POST http://localhost:8001/v1/chat/completions "HTTP/1.1 200 OK"
2026-08-17 06:58:12,268 - INFO - HTTP Request: POST http://localhost:8001/v1/chat/completions "HTTP/1.1 200 OK"

2026-08-17 06:58:14,229 - INFO - HTTP Request: POST http://localhost:8001/v1/chat/completions "HTTP/1.1 200 OK"

2026-08-17 06:58:21,842 - INFO - HTTP Request: POST http://localhost:8001/v1/chat/completions "HTTP/1.1 200 OK"
2026-08-17 06:58:23,951 - INFO - HTTP Request: POST http://localhost:8001/v1/chat/completions "HTTP/1.1 200 OK"

2026-08-17 06:58:34,389 - INFO - HTTP Request: POST http://localhost:8001/v1/chat/completions "HTTP/1.1 200 OK"

2026-08-17 06:58:37,001 - INFO - HTTP Request: POST http://localhost:8001/v1/chat/completions "HTTP/1.1 200 OK"
2026-08-17 06:58:38,838 - INFO - HTTP Request: POST http://localhost:8001/v1/chat/completions "HTTP/1.1 200 OK"
2026-08-17 06:58:48,071 - INFO - HTTP Request: POST http://localhost:8001/v1/chat/completions "HTTP/1.1 200 OK"
2026-08-17 06:58:48,803 - INFO - HTTP Request: POST http://localhost:8001/v1/chat/completions "HTTP/1.1 200 OK"

2026-08-17 06:58:51,222 - INFO - HTTP Request: POST http://localhost:8001/v1/chat/completions "HTTP/1.1 200 OK"

2026-08-17 06:58:54,706 - INFO - HTTP Request: POST http://localhost:8001/v1/chat/completions "HTTP/1.1 200 OK"
2026-08-17 06:59:01,019 - INFO - HTTP Request: POST http://localhost:8001/v1/chat/completions "HTTP/1.1 200 OK"

2026-08-17 06:59:04,939 - INFO - HTTP Request: POST http://localhost:8001/v1/chat/completions "HTTP/1.1 200 OK"

2026-08-17 06:59:11,449 - INFO - HTTP Request: POST http://localhost:8001/v1/chat/completions "HTTP/1.1 200 OK"
2026-08-17 06:59:13,068 - INFO - HTTP Request: POST http://localhost:8001/v1/chat/completions "HTTP/1.1 200 OK"
2026-08-17 06:59:21,432 - INFO - HTTP Request: POST http://localhost:8001/v1/chat/completions "HTTP/1.1 200 OK"
2026-08-17 06:59:26,103 - INFO - HTTP Request: POST http://localhost:8001/v1/chat/completions "HTTP/1.1 200 OK"

2026-08-17 06:59:29,593 - INFO - HTTP Request: POST http://localhost:8001/v1/chat/completions "HTTP/1.1 200 OK"

2026-08-17 06:59:34,593 - INFO - HTTP Request: POST http://localhost:8001/v1/chat/completions "HTTP/1.1 200 OK"
2026-08-17 06:59:36,701 - INFO - HTTP Request: POST http://localhost:8001/v1/chat/completions "HTTP/1.1 200 OK"

2026-08-17 06:59:46,262 - INFO - HTTP Request: POST http://localhost:8001/v1/chat/completions "HTTP/1.1 200 OK"
2026-08-17 06:59:49,624 - INFO - HTTP Request: POST http://localhost:8001/v1/chat/completions "HTTP/1.1 200 OK"

2026-08-17 06:59:57,884 - INFO - HTTP Request: POST http://localhost:8001/v1/chat/completions "HTTP/1.1 200 OK"

2026-08-17 06:59:58,970 - INFO - HTTP Request: POST http://localhost:8001/v1/chat/completions "HTTP/1.1 200 OK"
2026-08-17 07:00:06,020 - INFO - HTTP Request: POST http://localhost:8001/v1/chat/completions "HTTP/1.1 200 OK"
2026-08-17 07:00:10,246 - INFO - HTTP Request: POST http://localhost:8001/v1/chat/completions "HTTP/1.1 200 OK"
2026-08-17 07:00:14,757 - INFO - HTTP Request: POST http://localhost:8001/v1/chat/completions "HTTP/1.1 200 OK"

2026-08-17 07:00:18,895 - INFO - HTTP Request: POST http://localhost:8001/v1/chat/completions "HTTP/1.1 200 OK"

2026-08-17 07:00:22,160 - INFO - HTTP Request: POST http://localhost:8001/v1/chat/completions "HTTP/1.1 200 OK"

2026-08-17 07:00:27,589 - INFO - HTTP Request: POST http://localhost:8001/v1/chat/completions "HTTP/1.1 200 OK"
2026-08-17 07:00:35,071 - INFO - HTTP Request: POST http://localhost:8001/v1/chat/completions "HTTP/1.1 200 OK"
2026-08-17 07:00:39,526 - INFO - HTTP Request: POST http://localhost:8001/v1/chat/completions "HTTP/1.1 200 OK"
2026-08-17 07:00:41,586 - INFO - HTTP Request: POST http://localhost:8001/v1/chat/completions "HTTP/1.1 200 OK"

2026-08-17 07:00:52,249 - INFO - HTTP Request: POST http://localhost:8001/v1/chat/completions "HTTP/1.1 200 OK"
2026-08-17 07:00:53,927 - INFO - HTTP Request: POST http://localhost:8001/v1/chat/completions "HTTP/1.1 200 OK"

2026-08-17 07:00:53,928 - INFO - HTTP Request: POST http://localhost:8001/v1/chat/completions "HTTP/1.1 200 OK"

2026-08-17 07:01:01,976 - INFO - HTTP Request: POST http://localhost:8001/v1/chat/completions "HTTP/1.1 200 OK"
2026-08-17 07:01:05,776 - INFO - HTTP Request: POST http://localhost:8001/v1/chat/completions "HTTP/1.1 200 OK"

2026-08-17 07:01:11,871 - INFO - HTTP Request: POST http://localhost:8001/v1/chat/completions "HTTP/1.1 200 OK"

2026-08-17 07:01:23,379 - INFO - HTTP Request: POST http://localhost:8001/v1/chat/completions "HTTP/1.1 200 OK"
2026-08-17 07:01:23,380 - INFO - HTTP Request: POST http://localhost:8001/v1/chat/completions "HTTP/1.1 200 OK"
2026-08-17 07:01:37,107 - INFO - HTTP Request: POST http://localhost:8001/v1/chat/completions "HTTP/1.1 200 OK"

2026-08-17 07:01:38,422 - INFO - HTTP Request: POST http://localhost:8001/v1/chat/completions "HTTP/1.1 200 OK"

2026-08-17 07:01:39,517 - INFO - HTTP Request: POST http://localhost:8001/v1/chat/completions "HTTP/1.1 200 OK"
2026-08-17 07:01:42,063 - INFO - HTTP Request: POST http://localhost:8001/v1/chat/completions "HTTP/1.1 200 OK"
2026-08-17 07:01:50,214 - INFO - HTTP Request: POST http://localhost:8001/v1/chat/completions "HTTP/1.1 200 OK"

r0_cfg1:  74%|███████▍  | 37/50 [58:27<28:00, 129.26s/it]2026-08-17 07:01:52,391 - INFO - HTTP Request: POST http://localhost:8001/v1/chat/completions "HTTP/1.1 200 OK"

2026-08-17 07:02:10,847 - INFO - HTTP Request: POST http://localhost:8001/v1/chat/completions "HTTP/1.1 200 OK"
2026-08-17 07:02:12,467 - INFO - HTTP Request: POST http://localhost:8001/v1/chat/completions "HTTP/1.1 200 OK"
2026-08-17 07:02:12,683 - INFO - HTTP Request: POST http://localhost:8001/v1/chat/completions "HTTP/1.1 200 OK"
2026-08-17 07:02:22,025 - INFO - HTTP Request: POST http://localhost:8001/v1/chat/completions "HTTP/1.1 200 OK"

r0_cfg1:  76%|███████▌  | 38/50 [58:58<20:00, 100.02s/it]2026-08-17 07:02:24,640 - INFO - HTTP Request: POST http://localhost:8001/v1/chat/completions "HTTP/1.1 200 OK"

r0_cfg1:  78%|███████▊  | 39/50 [59:01<12:58, 70.80s/it] 2026-08-17 07:02:26,381 - INFO - HTTP Request: POST http://localhost:8001/v1/chat/completions "HTTP/1.1 200 OK"
2026-08-17 07:02:29,960 - INFO - HTTP Request: POST http://localhost:8001/v1/chat/completions "HTTP/1.1 200 OK"

2026-08-17 07:02:41,042 - INFO - HTTP Request: POST http://localhost:8001/v1/chat/completions "HTTP/1.1 200 OK"

r0_cfg1:  80%|████████  | 40/50 [59:17<09:04, 54.48s/it]2026-08-17 07:02:44,079 - INFO - HTTP Request: POST http://localhost:8001/v1/chat/completions "HTTP/1.1 200 OK"
2026-08-17 07:02:47,213 - INFO - HTTP Request: POST http://localhost:8001/v1/chat/completions "HTTP/1.1 200 OK"
2026-08-17 07:02:56,498 - INFO - HTTP Request: POST http://localhost:8001/v1/chat/completions "HTTP/1.1 200 OK"
2026-08-17 07:03:00,300 - INFO - HTTP Request: POST http://localhost:8001/v1/chat/completions "HTTP/1.1 200 OK"

2026-08-17 07:03:00,957 - INFO - HTTP Request: POST http://localhost:8001/v1/chat/completions "HTTP/1.1 200 OK"

2026-08-17 07:03:04,000 - INFO - HTTP Request: POST http://localhost:8001/v1/chat/completions "HTTP/1.1 200 OK"
2026-08-17 07:03:07,195 - INFO - HTTP Request: POST http://localhost:8001/v1/chat/completions "HTTP/1.1 200 OK"

2026-08-17 07:03:18,932 - INFO - HTTP Request: POST http://localhost:8001/v1/chat/completions "HTTP/1.1 200 OK"

2026-08-17 07:03:26,744 - INFO - HTTP Request: POST http://localhost:8001/v1/chat/completions "HTTP/1.1 200 OK"
2026-08-17 07:03:27,709 - INFO - HTTP Request: POST http://localhost:8001/v1/chat/completions "HTTP/1.1 200 OK"
2026-08-17 07:03:32,208 - INFO - HTTP Request: POST http://localhost:8001/v1/chat/completions "HTTP/1.1 200 OK"
2026-08-17 07:03:39,494 - INFO - HTTP Request: POST http://localhost:8001/v1/chat/completions "HTTP/1.1 200 OK"

2026-08-17 07:03:40,150 - INFO - HTTP Request: POST http://localhost:8001/v1/chat/completions "HTTP/1.1 200 OK"

2026-08-17 07:03:45,366 - INFO - HTTP Request: POST http://localhost:8001/v1/chat/completions "HTTP/1.1 200 OK"

2026-08-17 07:03:46,026 - INFO - HTTP Request: POST http://localhost:8001/v1/chat/completions "HTTP/1.1 200 OK"
2026-08-17 07:04:00,738 - INFO - HTTP Request: POST http://localhost:8001/v1/chat/completions "HTTP/1.1 200 OK"

2026-08-17 07:04:04,211 - INFO - HTTP Request: POST http://localhost:8001/v1/chat/completions "HTTP/1.1 200 OK"
2026-08-17 07:04:05,231 - INFO - HTTP Request: POST http://localhost:8001/v1/chat/completions "HTTP/1.1 200 OK"
2026-08-17 07:04:10,545 - INFO - HTTP Request: POST http://localhost:8001/v1/chat/completions "HTTP/1.1 200 OK"
2026-08-17 07:04:19,415 - INFO - HTTP Request: POST http://localhost:8001/v1/chat/completions "HTTP/1.1 200 OK"

2026-08-17 07:04:20,514 - INFO - HTTP Request: POST http://localhost:8001/v1/chat/completions "HTTP/1.1 200 OK"

2026-08-17 07:04:22,696 - INFO - HTTP Request: POST http://localhost:8001/v1/chat/completions "HTTP/1.1 200 OK"

2026-08-17 07:04:26,173 - INFO - HTTP Request: POST http://localhost:8001/v1/chat/completions "HTTP/1.1 200 OK"
2026-08-17 07:04:42,189 - INFO - HTTP Request: POST http://localhost:8001/v1/chat/completions "HTTP/1.1 200 OK"

2026-08-17 07:04:42,407 - INFO - HTTP Request: POST http://localhost:8001/v1/chat/completions "HTTP/1.1 200 OK"
2026-08-17 07:04:44,244 - INFO - HTTP Request: POST http://localhost:8001/v1/chat/completions "HTTP/1.1 200 OK"
2026-08-17 07:04:45,638 - INFO - HTTP Request: POST http://localhost:8001/v1/chat/completions "HTTP/1.1 200 OK"
2026-08-17 07:04:53,146 - INFO - HTTP Request: POST http://localhost:8001/v1/chat/completions "HTTP/1.1 200 OK"

2026-08-17 07:04:57,282 - INFO - HTTP Request: POST http://localhost:8001/v1/chat/completions "HTTP/1.1 200 OK"

2026-08-17 07:04:58,162 - INFO - HTTP Request: POST http://localhost:8001/v1/chat/completions "HTTP/1.1 200 OK"

2026-08-17 07:05:07,060 - INFO - HTTP Request: POST http://localhost:8001/v1/chat/completions "HTTP/1.1 200 OK"
2026-08-17 07:05:17,424 - INFO - HTTP Request: POST http://localhost:8001/v1/chat/completions "HTTP/1.1 200 OK"
2026-08-17 07:05:18,607 - INFO - HTTP Request: POST http://localhost:8001/v1/chat/completions "HTTP/1.1 200 OK"
2026-08-17 07:05:20,283 - INFO - HTTP Request: POST http://localhost:8001/v1/chat/completions "HTTP/1.1 200 OK"

2026-08-17 07:05:22,904 - INFO - HTTP Request: POST http://localhost:8001/v1/chat/completions "HTTP/1.1 200 OK"
2026-08-17 07:05:29,090 - INFO - HTTP Request: POST http://localhost:8001/v1/chat/completions "HTTP/1.1 200 OK"

2026-08-17 07:05:32,575 - INFO - HTTP Request: POST http://localhost:8001/v1/chat/completions "HTTP/1.1 200 OK"

2026-08-17 07:05:35,837 - INFO - HTTP Request: POST http://localhost:8001/v1/chat/completions "HTTP/1.1 200 OK"

2026-08-17 07:05:40,395 - INFO - HTTP Request: POST http://localhost:8001/v1/chat/completions "HTTP/1.1 200 OK"
2026-08-17 07:05:50,106 - INFO - HTTP Request: POST http://localhost:8001/v1/chat/completions "HTTP/1.1 200 OK"

2026-08-17 07:05:56,183 - INFO - HTTP Request: POST http://localhost:8001/v1/chat/completions "HTTP/1.1 200 OK"
2026-08-17 07:05:58,451 - INFO - HTTP Request: POST http://localhost:8001/v1/chat/completions "HTTP/1.1 200 OK"
2026-08-17 07:06:02,241 - INFO - HTTP Request: POST http://localhost:8001/v1/chat/completions "HTTP/1.1 200 OK"
2026-08-17 07:06:11,488 - INFO - HTTP Request: POST http://localhost:8001/v1/chat/completions "HTTP/1.1 200 OK"

2026-08-17 07:06:12,797 - INFO - HTTP Request: POST http://localhost:8001/v1/chat/completions "HTTP/1.1 200 OK"

2026-08-17 07:06:14,322 - INFO - HTTP Request: POST http://localhost:8001/v1/chat/completions "HTTP/1.1 200 OK"

2026-08-17 07:06:19,749 - INFO - HTTP Request: POST http://localhost:8001/v1/chat/completions "HTTP/1.1 200 OK"
2026-08-17 07:06:32,289 - INFO - HTTP Request: POST http://localhost:8001/v1/chat/completions "HTTP/1.1 200 OK"

2026-08-17 07:06:33,158 - INFO - HTTP Request: POST http://localhost:8001/v1/chat/completions "HTTP/1.1 200 OK"
2026-08-17 07:06:34,992 - INFO - HTTP Request: POST http://localhost:8001/v1/chat/completions "HTTP/1.1 200 OK"
2026-08-17 07:06:41,670 - INFO - HTTP Request: POST http://localhost:8001/v1/chat/completions "HTTP/1.1 200 OK"
2026-08-17 07:06:47,650 - INFO - HTTP Request: POST http://localhost:8001/v1/chat/completions "HTTP/1.1 200 OK"

2026-08-17 07:06:49,830 - INFO - HTTP Request: POST http://localhost:8001/v1/chat/completions "HTTP/1.1 200 OK"

2026-08-17 07:06:52,659 - INFO - HTTP Request: POST http://localhost:8001/v1/chat/completions "HTTP/1.1 200 OK"

2026-08-17 07:06:53,321 - INFO - HTTP Request: POST http://localhost:8001/v1/chat/completions "HTTP/1.1 200 OK"
2026-08-17 07:07:11,296 - INFO - HTTP Request: POST http://localhost:8001/v1/chat/completions "HTTP/1.1 200 OK"

2026-08-17 07:07:17,161 - INFO - HTTP Request: POST http://localhost:8001/v1/chat/completions "HTTP/1.1 200 OK"
2026-08-17 07:07:19,645 - INFO - HTTP Request: POST http://localhost:8001/v1/chat/completions "HTTP/1.1 200 OK"
2026-08-17 07:07:26,111 - INFO - HTTP Request: POST http://localhost:8001/v1/chat/completions "HTTP/1.1 200 OK"
2026-08-17 07:07:32,749 - INFO - HTTP Request: POST http://localhost:8001/v1/chat/completions "HTTP/1.1 200 OK"

2026-08-17 07:07:33,185 - INFO - HTTP Request: POST http://localhost:8001/v1/chat/completions "HTTP/1.1 200 OK"

2026-08-17 07:07:35,597 - INFO - HTTP Request: POST http://localhost:8001/v1/chat/completions "HTTP/1.1 200 OK"

r0_cfg1:  82%|████████▏ | 41/50 [1:04:12<18:58, 126.50s/it]2026-08-17 07:07:41,459 - INFO - HTTP Request: POST http://localhost:8001/v1/chat/completions "HTTP/1.1 200 OK"
2026-08-17 07:07:54,875 - INFO - HTTP Request: POST http://localhost:8001/v1/chat/completions "HTTP/1.1 200 OK"

2026-08-17 07:07:57,923 - INFO - HTTP Request: POST http://localhost:8001/v1/chat/completions "HTTP/1.1 200 OK"
2026-08-17 07:08:04,971 - INFO - HTTP Request: POST http://localhost:8001/v1/chat/completions "HTTP/1.1 200 OK"
2026-08-17 07:08:06,281 - INFO - HTTP Request: POST http://localhost:8001/v1/chat/completions "HTTP/1.1 200 OK"
2026-08-17 07:08:11,010 - INFO - HTTP Request: POST http://localhost:8001/v1/chat/completions "HTTP/1.1 200 OK"

2026-08-17 07:08:19,937 - INFO - HTTP Request: POST http://localhost:8001/v1/chat/completions "HTTP/1.1 200 OK"

r0_cfg1:  84%|████████▍ | 42/50 [1:04:56<13:34, 101.85s/it]2026-08-17 07:08:20,809 - INFO - HTTP Request: POST http://localhost:8001/v1/chat/completions "HTTP/1.1 200 OK"

r0_cfg1:  86%|████████▌ | 43/50 [1:04:57<08:20, 71.56s/it] 2026-08-17 07:08:28,622 - INFO - HTTP Request: POST http://localhost:8001/v1/chat/completions "HTTP/1.1 200 OK"
2026-08-17 07:08:37,468 - INFO - HTTP Request: POST http://localhost:8001/v1/chat/completions "HTTP/1.1 200 OK"
2026-08-17 07:08:42,351 - INFO - HTTP Request: POST http://localhost:8001/v1/chat/completions "HTTP/1.1 200 OK"
2026-08-17 07:08:43,085 - INFO - HTTP Request: POST http://localhost:8001/v1/chat/completions "HTTP/1.1 200 OK"

r0_cfg1:  88%|████████▊ | 44/50 [1:05:19<05:40, 56.77s/it]2026-08-17 07:08:43,755 - INFO - HTTP Request: POST http://localhost:8001/v1/chat/completions "HTTP/1.1 200 OK"
2026-08-17 07:08:53,220 - INFO - HTTP Request: POST http://localhost:8001/v1/chat/completions "HTTP/1.1 200 OK"

2026-08-17 07:08:55,616 - INFO - HTTP Request: POST http://localhost:8001/v1/chat/completions "HTTP/1.1 200 OK"

2026-08-17 07:08:57,575 - INFO - HTTP Request: POST http://localhost:8001/v1/chat/completions "HTTP/1.1 200 OK"

2026-08-17 07:09:05,383 - INFO - HTTP Request: POST http://localhost:8001/v1/chat/completions "HTTP/1.1 200 OK"
2026-08-17 07:09:17,862 - INFO - HTTP Request: POST http://localhost:8001/v1/chat/completions "HTTP/1.1 200 OK"
2026-08-17 07:09:18,079 - INFO - HTTP Request: POST http://localhost:8001/v1/chat/completions "HTTP/1.1 200 OK"

2026-08-17 07:09:22,309 - INFO - HTTP Request: POST http://localhost:8001/v1/chat/completions "HTTP/1.1 200 OK"
2026-08-17 07:09:24,586 - INFO - HTTP Request: POST http://localhost:8001/v1/chat/completions "HTTP/1.1 200 OK"
2026-08-17 07:09:30,348 - INFO - HTTP Request: POST http://localhost:8001/v1/chat/completions "HTTP/1.1 200 OK"

2026-08-17 07:09:36,232 - INFO - HTTP Request: POST http://localhost:8001/v1/chat/completions "HTTP/1.1 200 OK"

2026-08-17 07:09:36,667 - INFO - HTTP Request: POST http://localhost:8001/v1/chat/completions "HTTP/1.1 200 OK"

2026-08-17 07:09:45,132 - INFO - HTTP Request: POST http://localhost:8001/v1/chat/completions "HTTP/1.1 200 OK"
2026-08-17 07:09:54,793 - INFO - HTTP Request: POST http://localhost:8001/v1/chat/completions "HTTP/1.1 200 OK"
2026-08-17 07:09:57,343 - INFO - HTTP Request: POST http://localhost:8001/v1/chat/completions "HTTP/1.1 200 OK"

2026-08-17 07:10:01,256 - INFO - HTTP Request: POST http://localhost:8001/v1/chat/completions "HTTP/1.1 200 OK"
2026-08-17 07:10:01,989 - INFO - HTTP Request: POST http://localhost:8001/v1/chat/completions "HTTP/1.1 200 OK"
2026-08-17 07:10:08,200 - INFO - HTTP Request: POST http://localhost:8001/v1/chat/completions "HTTP/1.1 200 OK"

2026-08-17 07:10:15,389 - INFO - HTTP Request: POST http://localhost:8001/v1/chat/completions "HTTP/1.1 200 OK"

2026-08-17 07:10:15,606 - INFO - HTTP Request: POST http://localhost:8001/v1/chat/completions "HTTP/1.1 200 OK"

2026-08-17 07:10:22,338 - INFO - HTTP Request: POST http://localhost:8001/v1/chat/completions "HTTP/1.1 200 OK"
2026-08-17 07:10:28,303 - INFO - HTTP Request: POST http://localhost:8001/v1/chat/completions "HTTP/1.1 200 OK"
2026-08-17 07:10:32,529 - INFO - HTTP Request: POST http://localhost:8001/v1/chat/completions "HTTP/1.1 200 OK"

2026-08-17 07:10:38,187 - INFO - HTTP Request: POST http://localhost:8001/v1/chat/completions "HTTP/1.1 200 OK"

2026-08-17 07:10:40,142 - INFO - HTTP Request: POST http://localhost:8001/v1/chat/completions "HTTP/1.1 200 OK"
2026-08-17 07:10:40,359 - INFO - HTTP Request: POST http://localhost:8001/v1/chat/completions "HTTP/1.1 200 OK"
2026-08-17 07:10:52,293 - INFO - HTTP Request: POST http://localhost:8001/v1/chat/completions "HTTP/1.1 200 OK"

2026-08-17 07:10:52,955 - INFO - HTTP Request: POST http://localhost:8001/v1/chat/completions "HTTP/1.1 200 OK"

2026-08-17 07:10:57,299 - INFO - HTTP Request: POST http://localhost:8001/v1/chat/completions "HTTP/1.1 200 OK"
2026-08-17 07:11:07,827 - INFO - HTTP Request: POST http://localhost:8001/v1/chat/completions "HTTP/1.1 200 OK"
2026-08-17 07:11:10,311 - INFO - HTTP Request: POST http://localhost:8001/v1/chat/completions "HTTP/1.1 200 OK"

2026-08-17 07:11:12,709 - INFO - HTTP Request: POST http://localhost:8001/v1/chat/completions "HTTP/1.1 200 OK"
2026-08-17 07:11:13,672 - INFO - HTTP Request: POST http://localhost:8001/v1/chat/completions "HTTP/1.1 200 OK"
2026-08-17 07:11:22,917 - INFO - HTTP Request: POST http://localhost:8001/v1/chat/completions "HTTP/1.1 200 OK"

2026-08-17 07:11:24,443 - INFO - HTTP Request: POST http://localhost:8001/v1/chat/completions "HTTP/1.1 200 OK"

2026-08-17 07:11:25,750 - INFO - HTTP Request: POST http://localhost:8001/v1/chat/completions "HTTP/1.1 200 OK"

2026-08-17 07:11:30,742 - INFO - HTTP Request: POST http://localhost:8001/v1/chat/completions "HTTP/1.1 200 OK"
2026-08-17 07:11:43,232 - INFO - HTTP Request: POST http://localhost:8001/v1/chat/completions "HTTP/1.1 200 OK"
2026-08-17 07:11:44,204 - INFO - HTTP Request: POST http://localhost:8001/v1/chat/completions "HTTP/1.1 200 OK"

2026-08-17 07:11:53,764 - INFO - HTTP Request: POST http://localhost:8001/v1/chat/completions "HTTP/1.1 200 OK"
2026-08-17 07:11:55,381 - INFO - HTTP Request: POST http://localhost:8001/v1/chat/completions "HTTP/1.1 200 OK"
2026-08-17 07:11:58,963 - INFO - HTTP Request: POST http://localhost:8001/v1/chat/completions "HTTP/1.1 200 OK"

2026-08-17 07:12:05,275 - INFO - HTTP Request: POST http://localhost:8001/v1/chat/completions "HTTP/1.1 200 OK"

2026-08-17 07:12:10,062 - INFO - HTTP Request: POST http://localhost:8001/v1/chat/completions "HTTP/1.1 200 OK"

2026-08-17 07:12:13,537 - INFO - HTTP Request: POST http://localhost:8001/v1/chat/completions "HTTP/1.1 200 OK"
2026-08-17 07:12:25,591 - INFO - HTTP Request: POST http://localhost:8001/v1/chat/completions "HTTP/1.1 200 OK"
2026-08-17 07:12:28,738 - INFO - HTTP Request: POST http://localhost:8001/v1/chat/completions "HTTP/1.1 200 OK"
2026-08-17 07:12:28,742 - INFO - HTTP Request: POST http://localhost:8001/v1/chat/completions "HTTP/1.1 200 OK"

2026-08-17 07:12:31,016 - INFO - HTTP Request: POST http://localhost:8001/v1/chat/completions "HTTP/1.1 200 OK"
2026-08-17 07:12:35,260 - INFO - HTTP Request: POST http://localhost:8001/v1/chat/completions "HTTP/1.1 200 OK"

2026-08-17 07:12:41,359 - INFO - HTTP Request: POST http://localhost:8001/v1/chat/completions "HTTP/1.1 200 OK"

2026-08-17 07:12:43,763 - INFO - HTTP Request: POST http://localhost:8001/v1/chat/completions "HTTP/1.1 200 OK"

2026-08-17 07:12:49,412 - INFO - HTTP Request: POST http://localhost:8001/v1/chat/completions "HTTP/1.1 200 OK"
2026-08-17 07:13:04,351 - INFO - HTTP Request: POST http://localhost:8001/v1/chat/completions "HTTP/1.1 200 OK"

2026-08-17 07:13:04,786 - INFO - HTTP Request: POST http://localhost:8001/v1/chat/completions "HTTP/1.1 200 OK"
2026-08-17 07:13:13,588 - INFO - HTTP Request: POST http://localhost:8001/v1/chat/completions "HTTP/1.1 200 OK"
2026-08-17 07:13:14,993 - INFO - HTTP Request: POST http://localhost:8001/v1/chat/completions "HTTP/1.1 200 OK"
2026-08-17 07:13:20,108 - INFO - HTTP Request: POST http://localhost:8001/v1/chat/completions "HTTP/1.1 200 OK"

2026-08-17 07:13:25,127 - INFO - HTTP Request: POST http://localhost:8001/v1/chat/completions "HTTP/1.1 200 OK"

2026-08-17 07:13:27,528 - INFO - HTTP Request: POST http://localhost:8001/v1/chat/completions "HTTP/1.1 200 OK"

r0_cfg1:  90%|█████████ | 45/50 [1:10:04<10:25, 125.07s/it]2026-08-17 07:13:34,482 - INFO - HTTP Request: POST http://localhost:8001/v1/chat/completions "HTTP/1.1 200 OK"
2026-08-17 07:13:47,423 - INFO - HTTP Request: POST http://localhost:8001/v1/chat/completions "HTTP/1.1 200 OK"

2026-08-17 07:13:49,822 - INFO - HTTP Request: POST http://localhost:8001/v1/chat/completions "HTTP/1.1 200 OK"
2026-08-17 07:13:51,880 - INFO - HTTP Request: POST http://localhost:8001/v1/chat/completions "HTTP/1.1 200 OK"
2026-08-17 07:13:58,729 - INFO - HTTP Request: POST http://localhost:8001/v1/chat/completions "HTTP/1.1 200 OK"
2026-08-17 07:14:05,371 - INFO - HTTP Request: POST http://localhost:8001/v1/chat/completions "HTTP/1.1 200 OK"

2026-08-17 07:14:11,910 - INFO - HTTP Request: POST http://localhost:8001/v1/chat/completions "HTTP/1.1 200 OK"

r0_cfg1:  92%|█████████▏| 46/50 [1:10:48<06:43, 100.87s/it]2026-08-17 07:14:13,002 - INFO - HTTP Request: POST http://localhost:8001/v1/chat/completions "HTTP/1.1 200 OK"

r0_cfg1:  94%|█████████▍| 47/50 [1:10:49<03:32, 70.93s/it] 2026-08-17 07:14:21,462 - INFO - HTTP Request: POST http://localhost:8001/v1/chat/completions "HTTP/1.1 200 OK"
2026-08-17 07:14:31,789 - INFO - HTTP Request: POST http://localhost:8001/v1/chat/completions "HTTP/1.1 200 OK"
2026-08-17 07:14:31,790 - INFO - HTTP Request: POST http://localhost:8001/v1/chat/completions "HTTP/1.1 200 OK"

r0_cfg1:  96%|█████████▌| 48/50 [1:11:08<01:50, 55.29s/it]2026-08-17 07:14:34,375 - INFO - HTTP Request: POST http://localhost:8001/v1/chat/completions "HTTP/1.1 200 OK"
2026-08-17 07:14:44,945 - INFO - HTTP Request: POST http://localhost:8001/v1/chat/completions "HTTP/1.1 200 OK"

2026-08-17 07:14:47,373 - INFO - HTTP Request: POST http://localhost:8001/v1/chat/completions "HTTP/1.1 200 OK"

2026-08-17 07:15:08,858 - INFO - HTTP Request: POST http://localhost:8001/v1/chat/completions "HTTP/1.1 200 OK"
2026-08-17 07:15:13,394 - INFO - HTTP Request: POST http://localhost:8001/v1/chat/completions "HTTP/1.1 200 OK"
2026-08-17 07:15:23,368 - INFO - HTTP Request: POST http://localhost:8001/v1/chat/completions "HTTP/1.1 200 OK"

2026-08-17 07:15:27,534 - INFO - HTTP Request: POST http://localhost:8001/v1/chat/completions "HTTP/1.1 200 OK"

2026-08-17 07:15:47,070 - INFO - HTTP Request: POST http://localhost:8001/v1/chat/completions "HTTP/1.1 200 OK"
2026-08-17 07:15:51,765 - INFO - HTTP Request: POST http://localhost:8001/v1/chat/completions "HTTP/1.1 200 OK"
2026-08-17 07:15:59,076 - INFO - HTTP Request: POST http://localhost:8001/v1/chat/completions "HTTP/1.1 200 OK"

2026-08-17 07:16:04,768 - INFO - HTTP Request: POST http://localhost:8001/v1/chat/completions "HTTP/1.1 200 OK"

2026-08-17 07:16:18,453 - INFO - HTTP Request: POST http://localhost:8001/v1/chat/completions "HTTP/1.1 200 OK"
2026-08-17 07:16:28,635 - INFO - HTTP Request: POST http://localhost:8001/v1/chat/completions "HTTP/1.1 200 OK"
2026-08-17 07:16:30,294 - INFO - HTTP Request: POST http://localhost:8001/v1/chat/completions "HTTP/1.1 200 OK"

2026-08-17 07:16:40,755 - INFO - HTTP Request: POST http://localhost:8001/v1/chat/completions "HTTP/1.1 200 OK"

2026-08-17 07:16:58,566 - INFO - HTTP Request: POST http://localhost:8001/v1/chat/completions "HTTP/1.1 200 OK"
2026-08-17 07:17:00,437 - INFO - HTTP Request: POST http://localhost:8001/v1/chat/completions "HTTP/1.1 200 OK"
2026-08-17 07:17:12,308 - INFO - HTTP Request: POST http://localhost:8001/v1/chat/completions "HTTP/1.1 200 OK"

2026-08-17 07:17:12,782 - INFO - HTTP Request: POST http://localhost:8001/v1/chat/completions "HTTP/1.1 200 OK"

2026-08-17 07:17:31,886 - INFO - HTTP Request: POST http://localhost:8001/v1/chat/completions "HTTP/1.1 200 OK"
2026-08-17 07:17:41,417 - INFO - HTTP Request: POST http://localhost:8001/v1/chat/completions "HTTP/1.1 200 OK"
2026-08-17 07:17:47,640 - INFO - HTTP Request: POST http://localhost:8001/v1/chat/completions "HTTP/1.1 200 OK"

2026-08-17 07:17:52,457 - INFO - HTTP Request: POST http://localhost:8001/v1/chat/completions "HTTP/1.1 200 OK"

2026-08-17 07:18:12,215 - INFO - HTTP Request: POST http://localhost:8001/v1/chat/completions "HTTP/1.1 200 OK"
2026-08-17 07:18:16,483 - INFO - HTTP Request: POST http://localhost:8001/v1/chat/completions "HTTP/1.1 200 OK"
2026-08-17 07:18:27,551 - INFO - HTTP Request: POST http://localhost:8001/v1/chat/completions "HTTP/1.1 200 OK"

2026-08-17 07:18:28,892 - INFO - HTTP Request: POST http://localhost:8001/v1/chat/completions "HTTP/1.1 200 OK"

2026-08-17 07:18:56,242 - INFO - HTTP Request: POST http://localhost:8001/v1/chat/completions "HTTP/1.1 200 OK"
2026-08-17 07:19:01,159 - INFO - HTTP Request: POST http://localhost:8001/v1/chat/completions "HTTP/1.1 200 OK"
2026-08-17 07:19:06,352 - INFO - HTTP Request: POST http://localhost:8001/v1/chat/completions "HTTP/1.1 200 OK"

2026-08-17 07:19:12,252 - INFO - HTTP Request: POST http://localhost:8001/v1/chat/completions "HTTP/1.1 200 OK"

r0_cfg1:  98%|█████████▊| 49/50 [1:15:49<02:02, 122.84s/it]2026-08-17 07:19:17,046 - INFO - HTTP Request: POST http://localhost:8001/v1/chat/completions "HTTP/1.1 200 OK"
2026-08-17 07:19:19,889 - INFO - HTTP Request: POST http://localhost:8001/v1/chat/completions "HTTP/1.1 200 OK"

r0_cfg1: 100%|██████████| 50/50 [1:15:56<00:00, 88.28s/it] r0_cfg1: 100%|██████████| 50/50 [1:15:57<00:00, 91.14s/it]
  done in 4557.0s (valid 50/50, invalid {})

Scored 1 model/s.
Report:  /LAB/Swiss-Knife/tribunal/bayes_search_honesty/eval_results/round0/r0_cfg1/report/index.html
Tables:  /LAB/Swiss-Knife/tribunal/bayes_search_honesty/eval_results/round0/r0_cfg1/model_summary.csv, /LAB/Swiss-Knife/tribunal/bayes_search_honesty/eval_results/round0/r0_cfg1/summary.csv
