2026-08-17 21:34:25,347 - INFO - Judge client pointed at http://localhost:8002/v1
2026-08-17 21:34:28,776 - INFO - Loading Detoxify model (CPU)
2026-08-17 21:34:32,918 - INFO - HTTP Request: HEAD https://huggingface.co/bert-base-uncased/resolve/main/config.json "HTTP/1.1 200 OK"
input:  /LAB/Swiss-Knife/tribunal/bayes_search_honesty/eval_results/round2/r2_cfg2/_tribunal_input_tmp (1 model file/s)
output: /LAB/Swiss-Knife/tribunal/bayes_search_honesty/eval_results/round2/r2_cfg2
judge:  Qwen/Qwen2.5-32B-Instruct @ http://localhost:8002/v1
detoxify cross-check: True
Loading weights:   0%|          | 0/201 [00:00<?, ?it/s]Loading weights: 100%|██████████| 201/201 [00:00<00:00, 26817.29it/s]
2026-08-17 21:34:33,248 - INFO - HTTP Request: HEAD https://huggingface.co/bert-base-uncased/resolve/main/tokenizer_config.json "HTTP/1.1 200 OK"
2026-08-17 21:34:33,461 - INFO - HTTP Request: GET https://huggingface.co/api/models/bert-base-uncased/tree/main/additional_chat_templates?recursive=false&expand=false "HTTP/1.1 307 Temporary Redirect"
2026-08-17 21:34:33,670 - INFO - HTTP Request: GET https://huggingface.co/api/models/google-bert/bert-base-uncased/tree/main/additional_chat_templates?recursive=false&expand=false "HTTP/1.1 404 Not Found"
2026-08-17 21:34:33,878 - INFO - HTTP Request: GET https://huggingface.co/api/models/bert-base-uncased/tree/main?recursive=true&expand=false "HTTP/1.1 307 Temporary Redirect"
2026-08-17 21:34:34,093 - INFO - HTTP Request: GET https://huggingface.co/api/models/google-bert/bert-base-uncased/tree/main?recursive=true&expand=false "HTTP/1.1 200 OK"

[1/1] r2_cfg2
  scoring 50 records (0 skipped or cached) [workers=4]
r2_cfg2:   0%|          | 0/50 [00:00<?, ?it/s]2026-08-17 21:34:56,112 - INFO - HTTP Request: POST http://localhost:8002/v1/chat/completions "HTTP/1.1 200 OK"
2026-08-17 21:34:56,329 - INFO - HTTP Request: POST http://localhost:8002/v1/chat/completions "HTTP/1.1 200 OK"
2026-08-17 21:34:56,330 - INFO - HTTP Request: POST http://localhost:8002/v1/chat/completions "HTTP/1.1 200 OK"
2026-08-17 21:34:56,911 - INFO - HTTP Request: POST http://localhost:8002/v1/chat/completions "HTTP/1.1 200 OK"
2026-08-17 21:35:06,426 - INFO - HTTP Request: POST http://localhost:8002/v1/chat/completions "HTTP/1.1 200 OK"

2026-08-17 21:35:06,644 - INFO - HTTP Request: POST http://localhost:8002/v1/chat/completions "HTTP/1.1 200 OK"

2026-08-17 21:35:08,455 - INFO - HTTP Request: POST http://localhost:8002/v1/chat/completions "HTTP/1.1 200 OK"

2026-08-17 21:35:12,147 - INFO - HTTP Request: POST http://localhost:8002/v1/chat/completions "HTTP/1.1 200 OK"

2026-08-17 21:35:32,541 - INFO - HTTP Request: POST http://localhost:8002/v1/chat/completions "HTTP/1.1 200 OK"
2026-08-17 21:35:32,758 - INFO - HTTP Request: POST http://localhost:8002/v1/chat/completions "HTTP/1.1 200 OK"
2026-08-17 21:35:35,379 - INFO - HTTP Request: POST http://localhost:8002/v1/chat/completions "HTTP/1.1 200 OK"
2026-08-17 21:35:39,403 - INFO - HTTP Request: POST http://localhost:8002/v1/chat/completions "HTTP/1.1 200 OK"
2026-08-17 21:35:44,790 - INFO - HTTP Request: POST http://localhost:8002/v1/chat/completions "HTTP/1.1 200 OK"

2026-08-17 21:35:45,495 - INFO - HTTP Request: POST http://localhost:8002/v1/chat/completions "HTTP/1.1 200 OK"

2026-08-17 21:35:48,762 - INFO - HTTP Request: POST http://localhost:8002/v1/chat/completions "HTTP/1.1 200 OK"

2026-08-17 21:35:50,068 - INFO - HTTP Request: POST http://localhost:8002/v1/chat/completions "HTTP/1.1 200 OK"

2026-08-17 21:36:09,164 - INFO - HTTP Request: POST http://localhost:8002/v1/chat/completions "HTTP/1.1 200 OK"
2026-08-17 21:36:10,261 - INFO - HTTP Request: POST http://localhost:8002/v1/chat/completions "HTTP/1.1 200 OK"
2026-08-17 21:36:13,894 - INFO - HTTP Request: POST http://localhost:8002/v1/chat/completions "HTTP/1.1 200 OK"
2026-08-17 21:36:15,573 - INFO - HTTP Request: POST http://localhost:8002/v1/chat/completions "HTTP/1.1 200 OK"
2026-08-17 21:36:20,743 - INFO - HTTP Request: POST http://localhost:8002/v1/chat/completions "HTTP/1.1 200 OK"

2026-08-17 21:36:24,497 - INFO - HTTP Request: POST http://localhost:8002/v1/chat/completions "HTTP/1.1 200 OK"

2026-08-17 21:36:29,295 - INFO - HTTP Request: POST http://localhost:8002/v1/chat/completions "HTTP/1.1 200 OK"

2026-08-17 21:36:29,514 - INFO - HTTP Request: POST http://localhost:8002/v1/chat/completions "HTTP/1.1 200 OK"

2026-08-17 21:36:44,927 - INFO - HTTP Request: POST http://localhost:8002/v1/chat/completions "HTTP/1.1 200 OK"
2026-08-17 21:36:48,406 - INFO - HTTP Request: POST http://localhost:8002/v1/chat/completions "HTTP/1.1 200 OK"
2026-08-17 21:36:53,631 - INFO - HTTP Request: POST http://localhost:8002/v1/chat/completions "HTTP/1.1 200 OK"
2026-08-17 21:36:54,875 - INFO - HTTP Request: POST http://localhost:8002/v1/chat/completions "HTTP/1.1 200 OK"
2026-08-17 21:36:58,803 - INFO - HTTP Request: POST http://localhost:8002/v1/chat/completions "HTTP/1.1 200 OK"

2026-08-17 21:37:02,125 - INFO - HTTP Request: POST http://localhost:8002/v1/chat/completions "HTTP/1.1 200 OK"

2026-08-17 21:37:06,924 - INFO - HTTP Request: POST http://localhost:8002/v1/chat/completions "HTTP/1.1 200 OK"

2026-08-17 21:37:07,586 - INFO - HTTP Request: POST http://localhost:8002/v1/chat/completions "HTTP/1.1 200 OK"

2026-08-17 21:37:18,654 - INFO - HTTP Request: POST http://localhost:8002/v1/chat/completions "HTTP/1.1 200 OK"
2026-08-17 21:37:22,351 - INFO - HTTP Request: POST http://localhost:8002/v1/chat/completions "HTTP/1.1 200 OK"
2026-08-17 21:37:27,506 - INFO - HTTP Request: POST http://localhost:8002/v1/chat/completions "HTTP/1.1 200 OK"
2026-08-17 21:37:28,536 - INFO - HTTP Request: POST http://localhost:8002/v1/chat/completions "HTTP/1.1 200 OK"
2026-08-17 21:37:34,359 - INFO - HTTP Request: POST http://localhost:8002/v1/chat/completions "HTTP/1.1 200 OK"

2026-08-17 21:37:36,169 - INFO - HTTP Request: POST http://localhost:8002/v1/chat/completions "HTTP/1.1 200 OK"

2026-08-17 21:37:37,044 - INFO - HTTP Request: POST http://localhost:8002/v1/chat/completions "HTTP/1.1 200 OK"

2026-08-17 21:37:42,478 - INFO - HTTP Request: POST http://localhost:8002/v1/chat/completions "HTTP/1.1 200 OK"

2026-08-17 21:38:03,098 - INFO - HTTP Request: POST http://localhost:8002/v1/chat/completions "HTTP/1.1 200 OK"
2026-08-17 21:38:05,276 - INFO - HTTP Request: POST http://localhost:8002/v1/chat/completions "HTTP/1.1 200 OK"
2026-08-17 21:38:06,518 - INFO - HTTP Request: POST http://localhost:8002/v1/chat/completions "HTTP/1.1 200 OK"
2026-08-17 21:38:12,289 - INFO - HTTP Request: POST http://localhost:8002/v1/chat/completions "HTTP/1.1 200 OK"
2026-08-17 21:38:16,754 - INFO - HTTP Request: POST http://localhost:8002/v1/chat/completions "HTTP/1.1 200 OK"

2026-08-17 21:38:17,480 - INFO - HTTP Request: POST http://localhost:8002/v1/chat/completions "HTTP/1.1 200 OK"

2026-08-17 21:38:21,837 - INFO - HTTP Request: POST http://localhost:8002/v1/chat/completions "HTTP/1.1 200 OK"

2026-08-17 21:38:25,534 - INFO - HTTP Request: POST http://localhost:8002/v1/chat/completions "HTTP/1.1 200 OK"

2026-08-17 21:38:36,822 - INFO - HTTP Request: POST http://localhost:8002/v1/chat/completions "HTTP/1.1 200 OK"
2026-08-17 21:38:37,989 - INFO - HTTP Request: POST http://localhost:8002/v1/chat/completions "HTTP/1.1 200 OK"
2026-08-17 21:38:42,718 - INFO - HTTP Request: POST http://localhost:8002/v1/chat/completions "HTTP/1.1 200 OK"
2026-08-17 21:38:46,794 - INFO - HTTP Request: POST http://localhost:8002/v1/chat/completions "HTTP/1.1 200 OK"
2026-08-17 21:38:49,785 - INFO - HTTP Request: POST http://localhost:8002/v1/chat/completions "HTTP/1.1 200 OK"

2026-08-17 21:38:50,581 - INFO - HTTP Request: POST http://localhost:8002/v1/chat/completions "HTTP/1.1 200 OK"

2026-08-17 21:38:56,242 - INFO - HTTP Request: POST http://localhost:8002/v1/chat/completions "HTTP/1.1 200 OK"

2026-08-17 21:38:59,290 - INFO - HTTP Request: POST http://localhost:8002/v1/chat/completions "HTTP/1.1 200 OK"

2026-08-17 21:39:19,048 - INFO - HTTP Request: POST http://localhost:8002/v1/chat/completions "HTTP/1.1 200 OK"
2026-08-17 21:39:20,231 - INFO - HTTP Request: POST http://localhost:8002/v1/chat/completions "HTTP/1.1 200 OK"
2026-08-17 21:39:26,213 - INFO - HTTP Request: POST http://localhost:8002/v1/chat/completions "HTTP/1.1 200 OK"
2026-08-17 21:39:29,637 - INFO - HTTP Request: POST http://localhost:8002/v1/chat/completions "HTTP/1.1 200 OK"
2026-08-17 21:39:33,721 - INFO - HTTP Request: POST http://localhost:8002/v1/chat/completions "HTTP/1.1 200 OK"

2026-08-17 21:39:36,471 - INFO - HTTP Request: POST http://localhost:8002/v1/chat/completions "HTTP/1.1 200 OK"

2026-08-17 21:39:39,313 - INFO - HTTP Request: POST http://localhost:8002/v1/chat/completions "HTTP/1.1 200 OK"

2026-08-17 21:39:40,845 - INFO - HTTP Request: POST http://localhost:8002/v1/chat/completions "HTTP/1.1 200 OK"

2026-08-17 21:40:06,469 - INFO - HTTP Request: POST http://localhost:8002/v1/chat/completions "HTTP/1.1 200 OK"
2026-08-17 21:40:09,383 - INFO - HTTP Request: POST http://localhost:8002/v1/chat/completions "HTTP/1.1 200 OK"
2026-08-17 21:40:12,952 - INFO - HTTP Request: POST http://localhost:8002/v1/chat/completions "HTTP/1.1 200 OK"
2026-08-17 21:40:15,288 - INFO - HTTP Request: POST http://localhost:8002/v1/chat/completions "HTTP/1.1 200 OK"
2026-08-17 21:40:20,175 - INFO - HTTP Request: POST http://localhost:8002/v1/chat/completions "HTTP/1.1 200 OK"

r2_cfg2:   2%|▏         | 1/50 [05:46<4:42:34, 346.01s/it]2026-08-17 21:40:24,322 - INFO - HTTP Request: POST http://localhost:8002/v1/chat/completions "HTTP/1.1 200 OK"

r2_cfg2:   4%|▍         | 2/50 [05:50<1:55:55, 144.91s/it]2026-08-17 21:40:25,632 - INFO - HTTP Request: POST http://localhost:8002/v1/chat/completions "HTTP/1.1 200 OK"

r2_cfg2:   6%|▌         | 3/50 [05:51<1:02:08, 79.34s/it] 2026-08-17 21:40:28,676 - INFO - HTTP Request: POST http://localhost:8002/v1/chat/completions "HTTP/1.1 200 OK"

r2_cfg2:   8%|▊         | 4/50 [05:54<37:44, 49.22s/it]  2026-08-17 21:40:42,130 - INFO - HTTP Request: POST http://localhost:8002/v1/chat/completions "HTTP/1.1 200 OK"
2026-08-17 21:40:46,412 - INFO - HTTP Request: POST http://localhost:8002/v1/chat/completions "HTTP/1.1 200 OK"
2026-08-17 21:40:48,036 - INFO - HTTP Request: POST http://localhost:8002/v1/chat/completions "HTTP/1.1 200 OK"
2026-08-17 21:40:51,621 - INFO - HTTP Request: POST http://localhost:8002/v1/chat/completions "HTTP/1.1 200 OK"
2026-08-17 21:40:56,082 - INFO - HTTP Request: POST http://localhost:8002/v1/chat/completions "HTTP/1.1 200 OK"

2026-08-17 21:40:59,788 - INFO - HTTP Request: POST http://localhost:8002/v1/chat/completions "HTTP/1.1 200 OK"

2026-08-17 21:41:01,315 - INFO - HTTP Request: POST http://localhost:8002/v1/chat/completions "HTTP/1.1 200 OK"

2026-08-17 21:41:02,838 - INFO - HTTP Request: POST http://localhost:8002/v1/chat/completions "HTTP/1.1 200 OK"

2026-08-17 21:41:22,149 - INFO - HTTP Request: POST http://localhost:8002/v1/chat/completions "HTTP/1.1 200 OK"
2026-08-17 21:41:25,999 - INFO - HTTP Request: POST http://localhost:8002/v1/chat/completions "HTTP/1.1 200 OK"
2026-08-17 21:41:27,956 - INFO - HTTP Request: POST http://localhost:8002/v1/chat/completions "HTTP/1.1 200 OK"
2026-08-17 21:41:30,068 - INFO - HTTP Request: POST http://localhost:8002/v1/chat/completions "HTTP/1.1 200 OK"
2026-08-17 21:41:36,328 - INFO - HTTP Request: POST http://localhost:8002/v1/chat/completions "HTTP/1.1 200 OK"

2026-08-17 21:41:38,293 - INFO - HTTP Request: POST http://localhost:8002/v1/chat/completions "HTTP/1.1 200 OK"

2026-08-17 21:41:40,256 - INFO - HTTP Request: POST http://localhost:8002/v1/chat/completions "HTTP/1.1 200 OK"

2026-08-17 21:41:42,866 - INFO - HTTP Request: POST http://localhost:8002/v1/chat/completions "HTTP/1.1 200 OK"

2026-08-17 21:42:00,663 - INFO - HTTP Request: POST http://localhost:8002/v1/chat/completions "HTTP/1.1 200 OK"
2026-08-17 21:42:02,989 - INFO - HTTP Request: POST http://localhost:8002/v1/chat/completions "HTTP/1.1 200 OK"
2026-08-17 21:42:05,318 - INFO - HTTP Request: POST http://localhost:8002/v1/chat/completions "HTTP/1.1 200 OK"
2026-08-17 21:42:08,253 - INFO - HTTP Request: POST http://localhost:8002/v1/chat/completions "HTTP/1.1 200 OK"
2026-08-17 21:42:18,603 - INFO - HTTP Request: POST http://localhost:8002/v1/chat/completions "HTTP/1.1 200 OK"

2026-08-17 21:42:18,604 - INFO - HTTP Request: POST http://localhost:8002/v1/chat/completions "HTTP/1.1 200 OK"

2026-08-17 21:42:18,820 - INFO - HTTP Request: POST http://localhost:8002/v1/chat/completions "HTTP/1.1 200 OK"

2026-08-17 21:42:19,922 - INFO - HTTP Request: POST http://localhost:8002/v1/chat/completions "HTTP/1.1 200 OK"

2026-08-17 21:42:42,712 - INFO - HTTP Request: POST http://localhost:8002/v1/chat/completions "HTTP/1.1 200 OK"
2026-08-17 21:42:42,713 - INFO - HTTP Request: POST http://localhost:8002/v1/chat/completions "HTTP/1.1 200 OK"
2026-08-17 21:42:42,929 - INFO - HTTP Request: POST http://localhost:8002/v1/chat/completions "HTTP/1.1 200 OK"
2026-08-17 21:42:45,101 - INFO - HTTP Request: POST http://localhost:8002/v1/chat/completions "HTTP/1.1 200 OK"
2026-08-17 21:42:56,324 - INFO - HTTP Request: POST http://localhost:8002/v1/chat/completions "HTTP/1.1 200 OK"

2026-08-17 21:42:56,988 - INFO - HTTP Request: POST http://localhost:8002/v1/chat/completions "HTTP/1.1 200 OK"

2026-08-17 21:42:57,206 - INFO - HTTP Request: POST http://localhost:8002/v1/chat/completions "HTTP/1.1 200 OK"

2026-08-17 21:42:57,650 - INFO - HTTP Request: POST http://localhost:8002/v1/chat/completions "HTTP/1.1 200 OK"

2026-08-17 21:43:16,103 - INFO - HTTP Request: POST http://localhost:8002/v1/chat/completions "HTTP/1.1 200 OK"
2026-08-17 21:43:16,834 - INFO - HTTP Request: POST http://localhost:8002/v1/chat/completions "HTTP/1.1 200 OK"
2026-08-17 21:43:17,124 - INFO - HTTP Request: POST http://localhost:8002/v1/chat/completions "HTTP/1.1 200 OK"
2026-08-17 21:43:18,533 - INFO - HTTP Request: POST http://localhost:8002/v1/chat/completions "HTTP/1.1 200 OK"
2026-08-17 21:43:27,792 - INFO - HTTP Request: POST http://localhost:8002/v1/chat/completions "HTTP/1.1 200 OK"

2026-08-17 21:43:29,757 - INFO - HTTP Request: POST http://localhost:8002/v1/chat/completions "HTTP/1.1 200 OK"

2026-08-17 21:43:30,192 - INFO - HTTP Request: POST http://localhost:8002/v1/chat/completions "HTTP/1.1 200 OK"

2026-08-17 21:43:31,285 - INFO - HTTP Request: POST http://localhost:8002/v1/chat/completions "HTTP/1.1 200 OK"

2026-08-17 21:43:56,462 - INFO - HTTP Request: POST http://localhost:8002/v1/chat/completions "HTTP/1.1 200 OK"
2026-08-17 21:43:58,737 - INFO - HTTP Request: POST http://localhost:8002/v1/chat/completions "HTTP/1.1 200 OK"
2026-08-17 21:43:59,456 - INFO - HTTP Request: POST http://localhost:8002/v1/chat/completions "HTTP/1.1 200 OK"
2026-08-17 21:44:00,895 - INFO - HTTP Request: POST http://localhost:8002/v1/chat/completions "HTTP/1.1 200 OK"
2026-08-17 21:44:10,150 - INFO - HTTP Request: POST http://localhost:8002/v1/chat/completions "HTTP/1.1 200 OK"

2026-08-17 21:44:11,679 - INFO - HTTP Request: POST http://localhost:8002/v1/chat/completions "HTTP/1.1 200 OK"

2026-08-17 21:44:14,729 - INFO - HTTP Request: POST http://localhost:8002/v1/chat/completions "HTTP/1.1 200 OK"

2026-08-17 21:44:16,036 - INFO - HTTP Request: POST http://localhost:8002/v1/chat/completions "HTTP/1.1 200 OK"

2026-08-17 21:44:30,143 - INFO - HTTP Request: POST http://localhost:8002/v1/chat/completions "HTTP/1.1 200 OK"
2026-08-17 21:44:32,035 - INFO - HTTP Request: POST http://localhost:8002/v1/chat/completions "HTTP/1.1 200 OK"
2026-08-17 21:44:35,453 - INFO - HTTP Request: POST http://localhost:8002/v1/chat/completions "HTTP/1.1 200 OK"
2026-08-17 21:44:37,081 - INFO - HTTP Request: POST http://localhost:8002/v1/chat/completions "HTTP/1.1 200 OK"
2026-08-17 21:44:44,380 - INFO - HTTP Request: POST http://localhost:8002/v1/chat/completions "HTTP/1.1 200 OK"

2026-08-17 21:44:46,127 - INFO - HTTP Request: POST http://localhost:8002/v1/chat/completions "HTTP/1.1 200 OK"

2026-08-17 21:44:47,001 - INFO - HTTP Request: POST http://localhost:8002/v1/chat/completions "HTTP/1.1 200 OK"

2026-08-17 21:44:50,698 - INFO - HTTP Request: POST http://localhost:8002/v1/chat/completions "HTTP/1.1 200 OK"

2026-08-17 21:45:13,495 - INFO - HTTP Request: POST http://localhost:8002/v1/chat/completions "HTTP/1.1 200 OK"
2026-08-17 21:45:15,606 - INFO - HTTP Request: POST http://localhost:8002/v1/chat/completions "HTTP/1.1 200 OK"
2026-08-17 21:45:16,797 - INFO - HTTP Request: POST http://localhost:8002/v1/chat/completions "HTTP/1.1 200 OK"
2026-08-17 21:45:20,877 - INFO - HTTP Request: POST http://localhost:8002/v1/chat/completions "HTTP/1.1 200 OK"
2026-08-17 21:45:24,906 - INFO - HTTP Request: POST http://localhost:8002/v1/chat/completions "HTTP/1.1 200 OK"

2026-08-17 21:45:31,454 - INFO - HTTP Request: POST http://localhost:8002/v1/chat/completions "HTTP/1.1 200 OK"

2026-08-17 21:45:32,553 - INFO - HTTP Request: POST http://localhost:8002/v1/chat/completions "HTTP/1.1 200 OK"

2026-08-17 21:45:36,040 - INFO - HTTP Request: POST http://localhost:8002/v1/chat/completions "HTTP/1.1 200 OK"

2026-08-17 21:45:57,971 - INFO - HTTP Request: POST http://localhost:8002/v1/chat/completions "HTTP/1.1 200 OK"
2026-08-17 21:46:04,432 - INFO - HTTP Request: POST http://localhost:8002/v1/chat/completions "HTTP/1.1 200 OK"
2026-08-17 21:46:05,894 - INFO - HTTP Request: POST http://localhost:8002/v1/chat/completions "HTTP/1.1 200 OK"
2026-08-17 21:46:08,178 - INFO - HTTP Request: POST http://localhost:8002/v1/chat/completions "HTTP/1.1 200 OK"

r2_cfg2:  10%|█         | 5/50 [11:34<1:55:25, 153.90s/it]2026-08-17 21:46:10,141 - INFO - HTTP Request: POST http://localhost:8002/v1/chat/completions "HTTP/1.1 200 OK"
2026-08-17 21:46:15,692 - INFO - HTTP Request: POST http://localhost:8002/v1/chat/completions "HTTP/1.1 200 OK"

r2_cfg2:  12%|█▏        | 6/50 [11:41<1:16:21, 104.13s/it]2026-08-17 21:46:17,874 - INFO - HTTP Request: POST http://localhost:8002/v1/chat/completions "HTTP/1.1 200 OK"

r2_cfg2:  14%|█▍        | 7/50 [11:43<50:44, 70.80s/it]   2026-08-17 21:46:26,784 - INFO - HTTP Request: POST http://localhost:8002/v1/chat/completions "HTTP/1.1 200 OK"

r2_cfg2:  16%|█▌        | 8/50 [11:52<35:46, 51.10s/it]2026-08-17 21:46:30,256 - INFO - HTTP Request: POST http://localhost:8002/v1/chat/completions "HTTP/1.1 200 OK"
2026-08-17 21:46:37,797 - INFO - HTTP Request: POST http://localhost:8002/v1/chat/completions "HTTP/1.1 200 OK"
2026-08-17 21:46:40,501 - INFO - HTTP Request: POST http://localhost:8002/v1/chat/completions "HTTP/1.1 200 OK"
2026-08-17 21:46:43,486 - INFO - HTTP Request: POST http://localhost:8002/v1/chat/completions "HTTP/1.1 200 OK"

2026-08-17 21:46:49,582 - INFO - HTTP Request: POST http://localhost:8002/v1/chat/completions "HTTP/1.1 200 OK"

2026-08-17 21:46:49,799 - INFO - HTTP Request: POST http://localhost:8002/v1/chat/completions "HTTP/1.1 200 OK"
2026-08-17 21:46:54,249 - INFO - HTTP Request: POST http://localhost:8002/v1/chat/completions "HTTP/1.1 200 OK"

2026-08-17 21:46:58,595 - INFO - HTTP Request: POST http://localhost:8002/v1/chat/completions "HTTP/1.1 200 OK"

2026-08-17 21:47:09,880 - INFO - HTTP Request: POST http://localhost:8002/v1/chat/completions "HTTP/1.1 200 OK"
2026-08-17 21:47:16,339 - INFO - HTTP Request: POST http://localhost:8002/v1/chat/completions "HTTP/1.1 200 OK"
2026-08-17 21:47:20,788 - INFO - HTTP Request: POST http://localhost:8002/v1/chat/completions "HTTP/1.1 200 OK"
2026-08-17 21:47:25,301 - INFO - HTTP Request: POST http://localhost:8002/v1/chat/completions "HTTP/1.1 200 OK"

2026-08-17 21:47:25,737 - INFO - HTTP Request: POST http://localhost:8002/v1/chat/completions "HTTP/1.1 200 OK"
2026-08-17 21:47:28,452 - INFO - HTTP Request: POST http://localhost:8002/v1/chat/completions "HTTP/1.1 200 OK"

2026-08-17 21:47:35,205 - INFO - HTTP Request: POST http://localhost:8002/v1/chat/completions "HTTP/1.1 200 OK"

2026-08-17 21:47:36,294 - INFO - HTTP Request: POST http://localhost:8002/v1/chat/completions "HTTP/1.1 200 OK"

2026-08-17 21:47:49,967 - INFO - HTTP Request: POST http://localhost:8002/v1/chat/completions "HTTP/1.1 200 OK"
2026-08-17 21:47:53,163 - INFO - HTTP Request: POST http://localhost:8002/v1/chat/completions "HTTP/1.1 200 OK"
2026-08-17 21:48:00,222 - INFO - HTTP Request: POST http://localhost:8002/v1/chat/completions "HTTP/1.1 200 OK"
2026-08-17 21:48:00,227 - INFO - HTTP Request: POST http://localhost:8002/v1/chat/completions "HTTP/1.1 200 OK"
2026-08-17 21:48:04,959 - INFO - HTTP Request: POST http://localhost:8002/v1/chat/completions "HTTP/1.1 200 OK"

2026-08-17 21:48:08,020 - INFO - HTTP Request: POST http://localhost:8002/v1/chat/completions "HTTP/1.1 200 OK"

2026-08-17 21:48:14,560 - INFO - HTTP Request: POST http://localhost:8002/v1/chat/completions "HTTP/1.1 200 OK"

2026-08-17 21:48:15,439 - INFO - HTTP Request: POST http://localhost:8002/v1/chat/completions "HTTP/1.1 200 OK"

2026-08-17 21:48:29,115 - INFO - HTTP Request: POST http://localhost:8002/v1/chat/completions "HTTP/1.1 200 OK"
2026-08-17 21:48:32,476 - INFO - HTTP Request: POST http://localhost:8002/v1/chat/completions "HTTP/1.1 200 OK"
2026-08-17 21:48:39,090 - INFO - HTTP Request: POST http://localhost:8002/v1/chat/completions "HTTP/1.1 200 OK"
2026-08-17 21:48:40,611 - INFO - HTTP Request: POST http://localhost:8002/v1/chat/completions "HTTP/1.1 200 OK"
2026-08-17 21:48:42,672 - INFO - HTTP Request: POST http://localhost:8002/v1/chat/completions "HTTP/1.1 200 OK"

2026-08-17 21:48:45,731 - INFO - HTTP Request: POST http://localhost:8002/v1/chat/completions "HTTP/1.1 200 OK"

2026-08-17 21:48:52,270 - INFO - HTTP Request: POST http://localhost:8002/v1/chat/completions "HTTP/1.1 200 OK"

2026-08-17 21:48:53,366 - INFO - HTTP Request: POST http://localhost:8002/v1/chat/completions "HTTP/1.1 200 OK"

2026-08-17 21:49:02,481 - INFO - HTTP Request: POST http://localhost:8002/v1/chat/completions "HTTP/1.1 200 OK"
2026-08-17 21:49:05,892 - INFO - HTTP Request: POST http://localhost:8002/v1/chat/completions "HTTP/1.1 200 OK"
2026-08-17 21:49:12,730 - INFO - HTTP Request: POST http://localhost:8002/v1/chat/completions "HTTP/1.1 200 OK"
2026-08-17 21:49:13,974 - INFO - HTTP Request: POST http://localhost:8002/v1/chat/completions "HTTP/1.1 200 OK"

2026-08-17 21:49:14,192 - INFO - HTTP Request: POST http://localhost:8002/v1/chat/completions "HTTP/1.1 200 OK"
2026-08-17 21:49:20,611 - INFO - HTTP Request: POST http://localhost:8002/v1/chat/completions "HTTP/1.1 200 OK"

2026-08-17 21:49:23,661 - INFO - HTTP Request: POST http://localhost:8002/v1/chat/completions "HTTP/1.1 200 OK"

2026-08-17 21:49:31,271 - INFO - HTTP Request: POST http://localhost:8002/v1/chat/completions "HTTP/1.1 200 OK"

2026-08-17 21:49:42,992 - INFO - HTTP Request: POST http://localhost:8002/v1/chat/completions "HTTP/1.1 200 OK"
2026-08-17 21:49:49,613 - INFO - HTTP Request: POST http://localhost:8002/v1/chat/completions "HTTP/1.1 200 OK"
2026-08-17 21:49:52,962 - INFO - HTTP Request: POST http://localhost:8002/v1/chat/completions "HTTP/1.1 200 OK"
2026-08-17 21:49:59,432 - INFO - HTTP Request: POST http://localhost:8002/v1/chat/completions "HTTP/1.1 200 OK"

2026-08-17 21:50:00,524 - INFO - HTTP Request: POST http://localhost:8002/v1/chat/completions "HTTP/1.1 200 OK"

2026-08-17 21:50:00,959 - INFO - HTTP Request: POST http://localhost:8002/v1/chat/completions "HTTP/1.1 200 OK"
2026-08-17 21:50:05,187 - INFO - HTTP Request: POST http://localhost:8002/v1/chat/completions "HTTP/1.1 200 OK"

2026-08-17 21:50:15,402 - INFO - HTTP Request: POST http://localhost:8002/v1/chat/completions "HTTP/1.1 200 OK"

2026-08-17 21:50:19,744 - INFO - HTTP Request: POST http://localhost:8002/v1/chat/completions "HTTP/1.1 200 OK"
2026-08-17 21:50:21,202 - INFO - HTTP Request: POST http://localhost:8002/v1/chat/completions "HTTP/1.1 200 OK"
2026-08-17 21:50:25,870 - INFO - HTTP Request: POST http://localhost:8002/v1/chat/completions "HTTP/1.1 200 OK"
2026-08-17 21:50:34,525 - INFO - HTTP Request: POST http://localhost:8002/v1/chat/completions "HTTP/1.1 200 OK"

2026-08-17 21:50:36,488 - INFO - HTTP Request: POST http://localhost:8002/v1/chat/completions "HTTP/1.1 200 OK"
2026-08-17 21:50:38,987 - INFO - HTTP Request: POST http://localhost:8002/v1/chat/completions "HTTP/1.1 200 OK"

2026-08-17 21:50:47,044 - INFO - HTTP Request: POST http://localhost:8002/v1/chat/completions "HTTP/1.1 200 OK"

2026-08-17 21:50:49,439 - INFO - HTTP Request: POST http://localhost:8002/v1/chat/completions "HTTP/1.1 200 OK"

2026-08-17 21:51:03,985 - INFO - HTTP Request: POST http://localhost:8002/v1/chat/completions "HTTP/1.1 200 OK"
2026-08-17 21:51:08,429 - INFO - HTTP Request: POST http://localhost:8002/v1/chat/completions "HTTP/1.1 200 OK"
2026-08-17 21:51:16,644 - INFO - HTTP Request: POST http://localhost:8002/v1/chat/completions "HTTP/1.1 200 OK"

2026-08-17 21:51:16,862 - INFO - HTTP Request: POST http://localhost:8002/v1/chat/completions "HTTP/1.1 200 OK"
2026-08-17 21:51:19,634 - INFO - HTTP Request: POST http://localhost:8002/v1/chat/completions "HTTP/1.1 200 OK"
2026-08-17 21:51:27,799 - INFO - HTTP Request: POST http://localhost:8002/v1/chat/completions "HTTP/1.1 200 OK"

2026-08-17 21:51:27,800 - INFO - HTTP Request: POST http://localhost:8002/v1/chat/completions "HTTP/1.1 200 OK"

2026-08-17 21:51:33,237 - INFO - HTTP Request: POST http://localhost:8002/v1/chat/completions "HTTP/1.1 200 OK"

2026-08-17 21:51:49,743 - INFO - HTTP Request: POST http://localhost:8002/v1/chat/completions "HTTP/1.1 200 OK"
2026-08-17 21:52:00,713 - INFO - HTTP Request: POST http://localhost:8002/v1/chat/completions "HTTP/1.1 200 OK"
2026-08-17 21:52:00,714 - INFO - HTTP Request: POST http://localhost:8002/v1/chat/completions "HTTP/1.1 200 OK"
2026-08-17 21:52:04,089 - INFO - HTTP Request: POST http://localhost:8002/v1/chat/completions "HTTP/1.1 200 OK"

r2_cfg2:  18%|█▊        | 9/50 [17:29<1:36:03, 140.57s/it]2026-08-17 21:52:07,359 - INFO - HTTP Request: POST http://localhost:8002/v1/chat/completions "HTTP/1.1 200 OK"
2026-08-17 21:52:13,124 - INFO - HTTP Request: POST http://localhost:8002/v1/chat/completions "HTTP/1.1 200 OK"

r2_cfg2:  20%|██        | 10/50 [17:38<1:06:38, 99.96s/it]2026-08-17 21:52:15,740 - INFO - HTTP Request: POST http://localhost:8002/v1/chat/completions "HTTP/1.1 200 OK"

r2_cfg2:  22%|██▏       | 11/50 [17:41<45:36, 70.17s/it]  2026-08-17 21:52:18,785 - INFO - HTTP Request: POST http://localhost:8002/v1/chat/completions "HTTP/1.1 200 OK"

r2_cfg2:  24%|██▍       | 12/50 [17:44<31:30, 49.75s/it]2026-08-17 21:52:26,166 - INFO - HTTP Request: POST http://localhost:8002/v1/chat/completions "HTTP/1.1 200 OK"
2026-08-17 21:52:35,136 - INFO - HTTP Request: POST http://localhost:8002/v1/chat/completions "HTTP/1.1 200 OK"
2026-08-17 21:52:37,752 - INFO - HTTP Request: POST http://localhost:8002/v1/chat/completions "HTTP/1.1 200 OK"

2026-08-17 21:52:37,969 - INFO - HTTP Request: POST http://localhost:8002/v1/chat/completions "HTTP/1.1 200 OK"
2026-08-17 21:52:41,332 - INFO - HTTP Request: POST http://localhost:8002/v1/chat/completions "HTTP/1.1 200 OK"
2026-08-17 21:52:51,266 - INFO - HTTP Request: POST http://localhost:8002/v1/chat/completions "HTTP/1.1 200 OK"

2026-08-17 21:52:51,701 - INFO - HTTP Request: POST http://localhost:8002/v1/chat/completions "HTTP/1.1 200 OK"

2026-08-17 21:52:52,792 - INFO - HTTP Request: POST http://localhost:8002/v1/chat/completions "HTTP/1.1 200 OK"

2026-08-17 21:53:04,291 - INFO - HTTP Request: POST http://localhost:8002/v1/chat/completions "HTTP/1.1 200 OK"
2026-08-17 21:53:13,271 - INFO - HTTP Request: POST http://localhost:8002/v1/chat/completions "HTTP/1.1 200 OK"

2026-08-17 21:53:17,397 - INFO - HTTP Request: POST http://localhost:8002/v1/chat/completions "HTTP/1.1 200 OK"
2026-08-17 21:53:17,830 - INFO - HTTP Request: POST http://localhost:8002/v1/chat/completions "HTTP/1.1 200 OK"
2026-08-17 21:53:19,244 - INFO - HTTP Request: POST http://localhost:8002/v1/chat/completions "HTTP/1.1 200 OK"
2026-08-17 21:53:28,608 - INFO - HTTP Request: POST http://localhost:8002/v1/chat/completions "HTTP/1.1 200 OK"

2026-08-17 21:53:30,353 - INFO - HTTP Request: POST http://localhost:8002/v1/chat/completions "HTTP/1.1 200 OK"

2026-08-17 21:53:34,916 - INFO - HTTP Request: POST http://localhost:8002/v1/chat/completions "HTTP/1.1 200 OK"

2026-08-17 21:53:37,305 - INFO - HTTP Request: POST http://localhost:8002/v1/chat/completions "HTTP/1.1 200 OK"
2026-08-17 21:53:51,502 - INFO - HTTP Request: POST http://localhost:8002/v1/chat/completions "HTTP/1.1 200 OK"

2026-08-17 21:53:53,029 - INFO - HTTP Request: POST http://localhost:8002/v1/chat/completions "HTTP/1.1 200 OK"
2026-08-17 21:53:54,903 - INFO - HTTP Request: POST http://localhost:8002/v1/chat/completions "HTTP/1.1 200 OK"
2026-08-17 21:53:59,790 - INFO - HTTP Request: POST http://localhost:8002/v1/chat/completions "HTTP/1.1 200 OK"
2026-08-17 21:54:04,155 - INFO - HTTP Request: POST http://localhost:8002/v1/chat/completions "HTTP/1.1 200 OK"

2026-08-17 21:54:06,994 - INFO - HTTP Request: POST http://localhost:8002/v1/chat/completions "HTTP/1.1 200 OK"

2026-08-17 21:54:16,124 - INFO - HTTP Request: POST http://localhost:8002/v1/chat/completions "HTTP/1.1 200 OK"
2026-08-17 21:54:16,125 - INFO - HTTP Request: POST http://localhost:8002/v1/chat/completions "HTTP/1.1 200 OK"

2026-08-17 21:54:27,918 - INFO - HTTP Request: POST http://localhost:8002/v1/chat/completions "HTTP/1.1 200 OK"

2026-08-17 21:54:28,135 - INFO - HTTP Request: POST http://localhost:8002/v1/chat/completions "HTTP/1.1 200 OK"
2026-08-17 21:54:31,259 - INFO - HTTP Request: POST http://localhost:8002/v1/chat/completions "HTTP/1.1 200 OK"
2026-08-17 21:54:40,277 - INFO - HTTP Request: POST http://localhost:8002/v1/chat/completions "HTTP/1.1 200 OK"

2026-08-17 21:54:40,712 - INFO - HTTP Request: POST http://localhost:8002/v1/chat/completions "HTTP/1.1 200 OK"
2026-08-17 21:54:43,560 - INFO - HTTP Request: POST http://localhost:8002/v1/chat/completions "HTTP/1.1 200 OK"

2026-08-17 21:54:48,347 - INFO - HTTP Request: POST http://localhost:8002/v1/chat/completions "HTTP/1.1 200 OK"
2026-08-17 21:54:52,984 - INFO - HTTP Request: POST http://localhost:8002/v1/chat/completions "HTTP/1.1 200 OK"

2026-08-17 21:54:56,684 - INFO - HTTP Request: POST http://localhost:8002/v1/chat/completions "HTTP/1.1 200 OK"

2026-08-17 21:55:00,374 - INFO - HTTP Request: POST http://localhost:8002/v1/chat/completions "HTTP/1.1 200 OK"
2026-08-17 21:55:03,549 - INFO - HTTP Request: POST http://localhost:8002/v1/chat/completions "HTTP/1.1 200 OK"
2026-08-17 21:55:09,741 - INFO - HTTP Request: POST http://localhost:8002/v1/chat/completions "HTTP/1.1 200 OK"

2026-08-17 21:55:13,222 - INFO - HTTP Request: POST http://localhost:8002/v1/chat/completions "HTTP/1.1 200 OK"
2026-08-17 21:55:16,060 - INFO - HTTP Request: POST http://localhost:8002/v1/chat/completions "HTTP/1.1 200 OK"

2026-08-17 21:55:24,100 - INFO - HTTP Request: POST http://localhost:8002/v1/chat/completions "HTTP/1.1 200 OK"

2026-08-17 21:55:26,055 - INFO - HTTP Request: POST http://localhost:8002/v1/chat/completions "HTTP/1.1 200 OK"
2026-08-17 21:55:38,295 - INFO - HTTP Request: POST http://localhost:8002/v1/chat/completions "HTTP/1.1 200 OK"

2026-08-17 21:55:38,729 - INFO - HTTP Request: POST http://localhost:8002/v1/chat/completions "HTTP/1.1 200 OK"
2026-08-17 21:55:44,891 - INFO - HTTP Request: POST http://localhost:8002/v1/chat/completions "HTTP/1.1 200 OK"
2026-08-17 21:55:51,298 - INFO - HTTP Request: POST http://localhost:8002/v1/chat/completions "HTTP/1.1 200 OK"

2026-08-17 21:55:53,257 - INFO - HTTP Request: POST http://localhost:8002/v1/chat/completions "HTTP/1.1 200 OK"
2026-08-17 21:55:58,924 - INFO - HTTP Request: POST http://localhost:8002/v1/chat/completions "HTTP/1.1 200 OK"
2026-08-17 21:55:59,142 - INFO - HTTP Request: POST http://localhost:8002/v1/chat/completions "HTTP/1.1 200 OK"

2026-08-17 21:56:04,436 - INFO - HTTP Request: POST http://localhost:8002/v1/chat/completions "HTTP/1.1 200 OK"

2026-08-17 21:56:09,867 - INFO - HTTP Request: POST http://localhost:8002/v1/chat/completions "HTTP/1.1 200 OK"

2026-08-17 21:56:11,605 - INFO - HTTP Request: POST http://localhost:8002/v1/chat/completions "HTTP/1.1 200 OK"
2026-08-17 21:56:19,347 - INFO - HTTP Request: POST http://localhost:8002/v1/chat/completions "HTTP/1.1 200 OK"
2026-08-17 21:56:23,369 - INFO - HTTP Request: POST http://localhost:8002/v1/chat/completions "HTTP/1.1 200 OK"

2026-08-17 21:56:24,894 - INFO - HTTP Request: POST http://localhost:8002/v1/chat/completions "HTTP/1.1 200 OK"
2026-08-17 21:56:33,394 - INFO - HTTP Request: POST http://localhost:8002/v1/chat/completions "HTTP/1.1 200 OK"

2026-08-17 21:56:37,960 - INFO - HTTP Request: POST http://localhost:8002/v1/chat/completions "HTTP/1.1 200 OK"

2026-08-17 21:56:39,699 - INFO - HTTP Request: POST http://localhost:8002/v1/chat/completions "HTTP/1.1 200 OK"
2026-08-17 21:56:52,814 - INFO - HTTP Request: POST http://localhost:8002/v1/chat/completions "HTTP/1.1 200 OK"
2026-08-17 21:56:55,342 - INFO - HTTP Request: POST http://localhost:8002/v1/chat/completions "HTTP/1.1 200 OK"

2026-08-17 21:57:02,740 - INFO - HTTP Request: POST http://localhost:8002/v1/chat/completions "HTTP/1.1 200 OK"
2026-08-17 21:57:07,630 - INFO - HTTP Request: POST http://localhost:8002/v1/chat/completions "HTTP/1.1 200 OK"
2026-08-17 21:57:09,386 - INFO - HTTP Request: POST http://localhost:8002/v1/chat/completions "HTTP/1.1 200 OK"

2026-08-17 21:57:13,966 - INFO - HTTP Request: POST http://localhost:8002/v1/chat/completions "HTTP/1.1 200 OK"

2026-08-17 21:57:24,625 - INFO - HTTP Request: POST http://localhost:8002/v1/chat/completions "HTTP/1.1 200 OK"

2026-08-17 21:57:28,975 - INFO - HTTP Request: POST http://localhost:8002/v1/chat/completions "HTTP/1.1 200 OK"
2026-08-17 21:57:42,090 - INFO - HTTP Request: POST http://localhost:8002/v1/chat/completions "HTTP/1.1 200 OK"
2026-08-17 21:57:43,313 - INFO - HTTP Request: POST http://localhost:8002/v1/chat/completions "HTTP/1.1 200 OK"

r2_cfg2:  26%|██▌       | 13/50 [23:09<1:22:00, 132.99s/it]2026-08-17 21:57:47,228 - INFO - HTTP Request: POST http://localhost:8002/v1/chat/completions "HTTP/1.1 200 OK"
2026-08-17 21:57:56,253 - INFO - HTTP Request: POST http://localhost:8002/v1/chat/completions "HTTP/1.1 200 OK"

r2_cfg2:  28%|██▊       | 14/50 [23:22<58:02, 96.73s/it]   2026-08-17 21:57:56,470 - INFO - HTTP Request: POST http://localhost:8002/v1/chat/completions "HTTP/1.1 200 OK"

r2_cfg2:  30%|███       | 15/50 [23:22<39:27, 67.64s/it]2026-08-17 21:57:57,559 - INFO - HTTP Request: POST http://localhost:8002/v1/chat/completions "HTTP/1.1 200 OK"
2026-08-17 21:58:05,828 - INFO - HTTP Request: POST http://localhost:8002/v1/chat/completions "HTTP/1.1 200 OK"
2026-08-17 21:58:09,191 - INFO - HTTP Request: POST http://localhost:8002/v1/chat/completions "HTTP/1.1 200 OK"

r2_cfg2:  32%|███▏      | 16/50 [23:35<28:57, 51.11s/it]2026-08-17 21:58:18,534 - INFO - HTTP Request: POST http://localhost:8002/v1/chat/completions "HTTP/1.1 200 OK"
2026-08-17 21:58:18,751 - INFO - HTTP Request: POST http://localhost:8002/v1/chat/completions "HTTP/1.1 200 OK"
2026-08-17 21:58:22,866 - INFO - HTTP Request: POST http://localhost:8002/v1/chat/completions "HTTP/1.1 200 OK"

2026-08-17 21:58:28,526 - INFO - HTTP Request: POST http://localhost:8002/v1/chat/completions "HTTP/1.1 200 OK"

2026-08-17 21:58:31,788 - INFO - HTTP Request: POST http://localhost:8002/v1/chat/completions "HTTP/1.1 200 OK"
2026-08-17 21:58:32,006 - INFO - HTTP Request: POST http://localhost:8002/v1/chat/completions "HTTP/1.1 200 OK"

2026-08-17 21:58:41,227 - INFO - HTTP Request: POST http://localhost:8002/v1/chat/completions "HTTP/1.1 200 OK"

2026-08-17 21:58:49,258 - INFO - HTTP Request: POST http://localhost:8002/v1/chat/completions "HTTP/1.1 200 OK"
2026-08-17 21:58:55,228 - INFO - HTTP Request: POST http://localhost:8002/v1/chat/completions "HTTP/1.1 200 OK"
2026-08-17 21:58:58,370 - INFO - HTTP Request: POST http://localhost:8002/v1/chat/completions "HTTP/1.1 200 OK"

2026-08-17 21:58:59,026 - INFO - HTTP Request: POST http://localhost:8002/v1/chat/completions "HTTP/1.1 200 OK"
2026-08-17 21:59:06,090 - INFO - HTTP Request: POST http://localhost:8002/v1/chat/completions "HTTP/1.1 200 OK"

2026-08-17 21:59:08,267 - INFO - HTTP Request: POST http://localhost:8002/v1/chat/completions "HTTP/1.1 200 OK"
2026-08-17 21:59:09,455 - INFO - HTTP Request: POST http://localhost:8002/v1/chat/completions "HTTP/1.1 200 OK"

2026-08-17 21:59:23,369 - INFO - HTTP Request: POST http://localhost:8002/v1/chat/completions "HTTP/1.1 200 OK"
2026-08-17 21:59:23,586 - INFO - HTTP Request: POST http://localhost:8002/v1/chat/completions "HTTP/1.1 200 OK"

2026-08-17 21:59:31,081 - INFO - HTTP Request: POST http://localhost:8002/v1/chat/completions "HTTP/1.1 200 OK"
2026-08-17 21:59:34,442 - INFO - HTTP Request: POST http://localhost:8002/v1/chat/completions "HTTP/1.1 200 OK"
2026-08-17 21:59:35,636 - INFO - HTTP Request: POST http://localhost:8002/v1/chat/completions "HTTP/1.1 200 OK"

2026-08-17 21:59:47,180 - INFO - HTTP Request: POST http://localhost:8002/v1/chat/completions "HTTP/1.1 200 OK"

2026-08-17 21:59:47,181 - INFO - HTTP Request: POST http://localhost:8002/v1/chat/completions "HTTP/1.1 200 OK"

2026-08-17 21:59:48,919 - INFO - HTTP Request: POST http://localhost:8002/v1/chat/completions "HTTP/1.1 200 OK"
2026-08-17 22:00:00,100 - INFO - HTTP Request: POST http://localhost:8002/v1/chat/completions "HTTP/1.1 200 OK"
2026-08-17 22:00:04,114 - INFO - HTTP Request: POST http://localhost:8002/v1/chat/completions "HTTP/1.1 200 OK"

2026-08-17 22:00:11,947 - INFO - HTTP Request: POST http://localhost:8002/v1/chat/completions "HTTP/1.1 200 OK"
2026-08-17 22:00:11,948 - INFO - HTTP Request: POST http://localhost:8002/v1/chat/completions "HTTP/1.1 200 OK"
2026-08-17 22:00:13,276 - INFO - HTTP Request: POST http://localhost:8002/v1/chat/completions "HTTP/1.1 200 OK"

2026-08-17 22:00:24,816 - INFO - HTTP Request: POST http://localhost:8002/v1/chat/completions "HTTP/1.1 200 OK"

2026-08-17 22:00:25,695 - INFO - HTTP Request: POST http://localhost:8002/v1/chat/completions "HTTP/1.1 200 OK"

2026-08-17 22:00:28,740 - INFO - HTTP Request: POST http://localhost:8002/v1/chat/completions "HTTP/1.1 200 OK"
2026-08-17 22:00:33,399 - INFO - HTTP Request: POST http://localhost:8002/v1/chat/completions "HTTP/1.1 200 OK"
2026-08-17 22:00:41,550 - INFO - HTTP Request: POST http://localhost:8002/v1/chat/completions "HTTP/1.1 200 OK"

2026-08-17 22:00:43,516 - INFO - HTTP Request: POST http://localhost:8002/v1/chat/completions "HTTP/1.1 200 OK"

2026-08-17 22:00:45,254 - INFO - HTTP Request: POST http://localhost:8002/v1/chat/completions "HTTP/1.1 200 OK"
2026-08-17 22:00:46,435 - INFO - HTTP Request: POST http://localhost:8002/v1/chat/completions "HTTP/1.1 200 OK"
2026-08-17 22:00:57,204 - INFO - HTTP Request: POST http://localhost:8002/v1/chat/completions "HTTP/1.1 200 OK"

2026-08-17 22:00:58,294 - INFO - HTTP Request: POST http://localhost:8002/v1/chat/completions "HTTP/1.1 200 OK"

2026-08-17 22:01:01,986 - INFO - HTTP Request: POST http://localhost:8002/v1/chat/completions "HTTP/1.1 200 OK"
2026-08-17 22:01:13,165 - INFO - HTTP Request: POST http://localhost:8002/v1/chat/completions "HTTP/1.1 200 OK"
2026-08-17 22:01:18,486 - INFO - HTTP Request: POST http://localhost:8002/v1/chat/completions "HTTP/1.1 200 OK"

2026-08-17 22:01:26,533 - INFO - HTTP Request: POST http://localhost:8002/v1/chat/completions "HTTP/1.1 200 OK"
2026-08-17 22:01:27,932 - INFO - HTTP Request: POST http://localhost:8002/v1/chat/completions "HTTP/1.1 200 OK"
2026-08-17 22:01:29,121 - INFO - HTTP Request: POST http://localhost:8002/v1/chat/completions "HTTP/1.1 200 OK"

2026-08-17 22:01:41,528 - INFO - HTTP Request: POST http://localhost:8002/v1/chat/completions "HTTP/1.1 200 OK"

2026-08-17 22:01:44,575 - INFO - HTTP Request: POST http://localhost:8002/v1/chat/completions "HTTP/1.1 200 OK"

2026-08-17 22:01:47,833 - INFO - HTTP Request: POST http://localhost:8002/v1/chat/completions "HTTP/1.1 200 OK"
2026-08-17 22:01:49,450 - INFO - HTTP Request: POST http://localhost:8002/v1/chat/completions "HTTP/1.1 200 OK"
2026-08-17 22:02:01,088 - INFO - HTTP Request: POST http://localhost:8002/v1/chat/completions "HTTP/1.1 200 OK"

2026-08-17 22:02:02,178 - INFO - HTTP Request: POST http://localhost:8002/v1/chat/completions "HTTP/1.1 200 OK"
2026-08-17 22:02:02,396 - INFO - HTTP Request: POST http://localhost:8002/v1/chat/completions "HTTP/1.1 200 OK"

2026-08-17 22:02:05,548 - INFO - HTTP Request: POST http://localhost:8002/v1/chat/completions "HTTP/1.1 200 OK"
2026-08-17 22:02:13,701 - INFO - HTTP Request: POST http://localhost:8002/v1/chat/completions "HTTP/1.1 200 OK"

2026-08-17 22:02:16,314 - INFO - HTTP Request: POST http://localhost:8002/v1/chat/completions "HTTP/1.1 200 OK"

2026-08-17 22:02:23,048 - INFO - HTTP Request: POST http://localhost:8002/v1/chat/completions "HTTP/1.1 200 OK"
2026-08-17 22:02:31,192 - INFO - HTTP Request: POST http://localhost:8002/v1/chat/completions "HTTP/1.1 200 OK"
2026-08-17 22:02:37,392 - INFO - HTTP Request: POST http://localhost:8002/v1/chat/completions "HTTP/1.1 200 OK"

2026-08-17 22:02:43,488 - INFO - HTTP Request: POST http://localhost:8002/v1/chat/completions "HTTP/1.1 200 OK"
2026-08-17 22:02:43,705 - INFO - HTTP Request: POST http://localhost:8002/v1/chat/completions "HTTP/1.1 200 OK"

2026-08-17 22:02:46,427 - INFO - HTTP Request: POST http://localhost:8002/v1/chat/completions "HTTP/1.1 200 OK"
2026-08-17 22:02:56,545 - INFO - HTTP Request: POST http://localhost:8002/v1/chat/completions "HTTP/1.1 200 OK"

2026-08-17 22:02:59,381 - INFO - HTTP Request: POST http://localhost:8002/v1/chat/completions "HTTP/1.1 200 OK"

2026-08-17 22:03:07,207 - INFO - HTTP Request: POST http://localhost:8002/v1/chat/completions "HTTP/1.1 200 OK"
2026-08-17 22:03:15,787 - INFO - HTTP Request: POST http://localhost:8002/v1/chat/completions "HTTP/1.1 200 OK"
2026-08-17 22:03:25,386 - INFO - HTTP Request: POST http://localhost:8002/v1/chat/completions "HTTP/1.1 200 OK"

2026-08-17 22:03:28,003 - INFO - HTTP Request: POST http://localhost:8002/v1/chat/completions "HTTP/1.1 200 OK"

r2_cfg2:  34%|███▍      | 17/50 [28:53<1:12:23, 131.61s/it]2026-08-17 22:03:29,962 - INFO - HTTP Request: POST http://localhost:8002/v1/chat/completions "HTTP/1.1 200 OK"
2026-08-17 22:03:33,541 - INFO - HTTP Request: POST http://localhost:8002/v1/chat/completions "HTTP/1.1 200 OK"
2026-08-17 22:03:43,216 - INFO - HTTP Request: POST http://localhost:8002/v1/chat/completions "HTTP/1.1 200 OK"

r2_cfg2:  36%|███▌      | 18/50 [29:09<51:32, 96.63s/it]   2026-08-17 22:03:49,744 - INFO - HTTP Request: POST http://localhost:8002/v1/chat/completions "HTTP/1.1 200 OK"

r2_cfg2:  38%|███▊      | 19/50 [29:15<35:56, 69.57s/it]2026-08-17 22:03:50,611 - INFO - HTTP Request: POST http://localhost:8002/v1/chat/completions "HTTP/1.1 200 OK"
2026-08-17 22:03:59,028 - INFO - HTTP Request: POST http://localhost:8002/v1/chat/completions "HTTP/1.1 200 OK"
2026-08-17 22:04:05,874 - INFO - HTTP Request: POST http://localhost:8002/v1/chat/completions "HTTP/1.1 200 OK"
2026-08-17 22:04:07,719 - INFO - HTTP Request: POST http://localhost:8002/v1/chat/completions "HTTP/1.1 200 OK"

2026-08-17 22:04:12,512 - INFO - HTTP Request: POST http://localhost:8002/v1/chat/completions "HTTP/1.1 200 OK"

r2_cfg2:  40%|████      | 20/50 [29:38<27:45, 55.52s/it]2026-08-17 22:04:12,800 - INFO - HTTP Request: POST http://localhost:8002/v1/chat/completions "HTTP/1.1 200 OK"
2026-08-17 22:04:17,395 - INFO - HTTP Request: POST http://localhost:8002/v1/chat/completions "HTTP/1.1 200 OK"

2026-08-17 22:04:24,349 - INFO - HTTP Request: POST http://localhost:8002/v1/chat/completions "HTTP/1.1 200 OK"

2026-08-17 22:04:33,901 - INFO - HTTP Request: POST http://localhost:8002/v1/chat/completions "HTTP/1.1 200 OK"
2026-08-17 22:04:35,143 - INFO - HTTP Request: POST http://localhost:8002/v1/chat/completions "HTTP/1.1 200 OK"
2026-08-17 22:04:44,165 - INFO - HTTP Request: POST http://localhost:8002/v1/chat/completions "HTTP/1.1 200 OK"
2026-08-17 22:04:46,935 - INFO - HTTP Request: POST http://localhost:8002/v1/chat/completions "HTTP/1.1 200 OK"

2026-08-17 22:04:51,293 - INFO - HTTP Request: POST http://localhost:8002/v1/chat/completions "HTTP/1.1 200 OK"

2026-08-17 22:04:51,511 - INFO - HTTP Request: POST http://localhost:8002/v1/chat/completions "HTTP/1.1 200 OK"
2026-08-17 22:04:55,965 - INFO - HTTP Request: POST http://localhost:8002/v1/chat/completions "HTTP/1.1 200 OK"

2026-08-17 22:05:02,487 - INFO - HTTP Request: POST http://localhost:8002/v1/chat/completions "HTTP/1.1 200 OK"

2026-08-17 22:05:13,342 - INFO - HTTP Request: POST http://localhost:8002/v1/chat/completions "HTTP/1.1 200 OK"
2026-08-17 22:05:16,265 - INFO - HTTP Request: POST http://localhost:8002/v1/chat/completions "HTTP/1.1 200 OK"
2026-08-17 22:05:20,993 - INFO - HTTP Request: POST http://localhost:8002/v1/chat/completions "HTTP/1.1 200 OK"
2026-08-17 22:05:25,723 - INFO - HTTP Request: POST http://localhost:8002/v1/chat/completions "HTTP/1.1 200 OK"

2026-08-17 22:05:27,903 - INFO - HTTP Request: POST http://localhost:8002/v1/chat/completions "HTTP/1.1 200 OK"
2026-08-17 22:05:30,832 - INFO - HTTP Request: POST http://localhost:8002/v1/chat/completions "HTTP/1.1 200 OK"

2026-08-17 22:05:34,978 - INFO - HTTP Request: POST http://localhost:8002/v1/chat/completions "HTTP/1.1 200 OK"

2026-08-17 22:05:38,246 - INFO - HTTP Request: POST http://localhost:8002/v1/chat/completions "HTTP/1.1 200 OK"

2026-08-17 22:05:50,408 - INFO - HTTP Request: POST http://localhost:8002/v1/chat/completions "HTTP/1.1 200 OK"
2026-08-17 22:05:55,289 - INFO - HTTP Request: POST http://localhost:8002/v1/chat/completions "HTTP/1.1 200 OK"
2026-08-17 22:05:59,855 - INFO - HTTP Request: POST http://localhost:8002/v1/chat/completions "HTTP/1.1 200 OK"
2026-08-17 22:06:03,225 - INFO - HTTP Request: POST http://localhost:8002/v1/chat/completions "HTTP/1.1 200 OK"

2026-08-17 22:06:03,444 - INFO - HTTP Request: POST http://localhost:8002/v1/chat/completions "HTTP/1.1 200 OK"
2026-08-17 22:06:08,768 - INFO - HTTP Request: POST http://localhost:8002/v1/chat/completions "HTTP/1.1 200 OK"

2026-08-17 22:06:12,913 - INFO - HTTP Request: POST http://localhost:8002/v1/chat/completions "HTTP/1.1 200 OK"

2026-08-17 22:06:15,965 - INFO - HTTP Request: POST http://localhost:8002/v1/chat/completions "HTTP/1.1 200 OK"

2026-08-17 22:06:27,037 - INFO - HTTP Request: POST http://localhost:8002/v1/chat/completions "HTTP/1.1 200 OK"
2026-08-17 22:06:28,987 - INFO - HTTP Request: POST http://localhost:8002/v1/chat/completions "HTTP/1.1 200 OK"
2026-08-17 22:06:33,493 - INFO - HTTP Request: POST http://localhost:8002/v1/chat/completions "HTTP/1.1 200 OK"
2026-08-17 22:06:36,914 - INFO - HTTP Request: POST http://localhost:8002/v1/chat/completions "HTTP/1.1 200 OK"
2026-08-17 22:06:40,937 - INFO - HTTP Request: POST http://localhost:8002/v1/chat/completions "HTTP/1.1 200 OK"

2026-08-17 22:06:43,126 - INFO - HTTP Request: POST http://localhost:8002/v1/chat/completions "HTTP/1.1 200 OK"

2026-08-17 22:06:44,653 - INFO - HTTP Request: POST http://localhost:8002/v1/chat/completions "HTTP/1.1 200 OK"

2026-08-17 22:06:47,480 - INFO - HTTP Request: POST http://localhost:8002/v1/chat/completions "HTTP/1.1 200 OK"

2026-08-17 22:07:00,720 - INFO - HTTP Request: POST http://localhost:8002/v1/chat/completions "HTTP/1.1 200 OK"
2026-08-17 22:07:12,121 - INFO - HTTP Request: POST http://localhost:8002/v1/chat/completions "HTTP/1.1 200 OK"
2026-08-17 22:07:13,147 - INFO - HTTP Request: POST http://localhost:8002/v1/chat/completions "HTTP/1.1 200 OK"

2026-08-17 22:07:14,018 - INFO - HTTP Request: POST http://localhost:8002/v1/chat/completions "HTTP/1.1 200 OK"
2026-08-17 22:07:17,161 - INFO - HTTP Request: POST http://localhost:8002/v1/chat/completions "HTTP/1.1 200 OK"
2026-08-17 22:07:27,060 - INFO - HTTP Request: POST http://localhost:8002/v1/chat/completions "HTTP/1.1 200 OK"

2026-08-17 22:07:28,152 - INFO - HTTP Request: POST http://localhost:8002/v1/chat/completions "HTTP/1.1 200 OK"

2026-08-17 22:07:30,329 - INFO - HTTP Request: POST http://localhost:8002/v1/chat/completions "HTTP/1.1 200 OK"

2026-08-17 22:07:42,488 - INFO - HTTP Request: POST http://localhost:8002/v1/chat/completions "HTTP/1.1 200 OK"
2026-08-17 22:07:47,363 - INFO - HTTP Request: POST http://localhost:8002/v1/chat/completions "HTTP/1.1 200 OK"
2026-08-17 22:07:48,824 - INFO - HTTP Request: POST http://localhost:8002/v1/chat/completions "HTTP/1.1 200 OK"
2026-08-17 22:07:51,378 - INFO - HTTP Request: POST http://localhost:8002/v1/chat/completions "HTTP/1.1 200 OK"
2026-08-17 22:07:54,967 - INFO - HTTP Request: POST http://localhost:8002/v1/chat/completions "HTTP/1.1 200 OK"

2026-08-17 22:08:02,378 - INFO - HTTP Request: POST http://localhost:8002/v1/chat/completions "HTTP/1.1 200 OK"

2026-08-17 22:08:03,036 - INFO - HTTP Request: POST http://localhost:8002/v1/chat/completions "HTTP/1.1 200 OK"

2026-08-17 22:08:04,127 - INFO - HTTP Request: POST http://localhost:8002/v1/chat/completions "HTTP/1.1 200 OK"

2026-08-17 22:08:14,984 - INFO - HTTP Request: POST http://localhost:8002/v1/chat/completions "HTTP/1.1 200 OK"
2026-08-17 22:08:26,394 - INFO - HTTP Request: POST http://localhost:8002/v1/chat/completions "HTTP/1.1 200 OK"

2026-08-17 22:08:31,824 - INFO - HTTP Request: POST http://localhost:8002/v1/chat/completions "HTTP/1.1 200 OK"
2026-08-17 22:08:32,853 - INFO - HTTP Request: POST http://localhost:8002/v1/chat/completions "HTTP/1.1 200 OK"
2026-08-17 22:08:34,309 - INFO - HTTP Request: POST http://localhost:8002/v1/chat/completions "HTTP/1.1 200 OK"
2026-08-17 22:08:45,307 - INFO - HTTP Request: POST http://localhost:8002/v1/chat/completions "HTTP/1.1 200 OK"

2026-08-17 22:08:47,278 - INFO - HTTP Request: POST http://localhost:8002/v1/chat/completions "HTTP/1.1 200 OK"

2026-08-17 22:08:49,462 - INFO - HTTP Request: POST http://localhost:8002/v1/chat/completions "HTTP/1.1 200 OK"

2026-08-17 22:08:56,637 - INFO - HTTP Request: POST http://localhost:8002/v1/chat/completions "HTTP/1.1 200 OK"
2026-08-17 22:09:11,744 - INFO - HTTP Request: POST http://localhost:8002/v1/chat/completions "HTTP/1.1 200 OK"

2026-08-17 22:09:18,266 - INFO - HTTP Request: POST http://localhost:8002/v1/chat/completions "HTTP/1.1 200 OK"
2026-08-17 22:09:20,377 - INFO - HTTP Request: POST http://localhost:8002/v1/chat/completions "HTTP/1.1 200 OK"
2026-08-17 22:09:23,147 - INFO - HTTP Request: POST http://localhost:8002/v1/chat/completions "HTTP/1.1 200 OK"
2026-08-17 22:09:30,657 - INFO - HTTP Request: POST http://localhost:8002/v1/chat/completions "HTTP/1.1 200 OK"

r2_cfg2:  42%|████▏     | 21/50 [34:56<1:04:56, 134.35s/it]2026-08-17 22:09:31,967 - INFO - HTTP Request: POST http://localhost:8002/v1/chat/completions "HTTP/1.1 200 OK"

r2_cfg2:  44%|████▍     | 22/50 [34:57<44:03, 94.42s/it]   2026-08-17 22:09:36,755 - INFO - HTTP Request: POST http://localhost:8002/v1/chat/completions "HTTP/1.1 200 OK"

r2_cfg2:  46%|████▌     | 23/50 [35:02<30:23, 67.52s/it]2026-08-17 22:09:45,873 - INFO - HTTP Request: POST http://localhost:8002/v1/chat/completions "HTTP/1.1 200 OK"
2026-08-17 22:09:52,711 - INFO - HTTP Request: POST http://localhost:8002/v1/chat/completions "HTTP/1.1 200 OK"
2026-08-17 22:09:54,549 - INFO - HTTP Request: POST http://localhost:8002/v1/chat/completions "HTTP/1.1 200 OK"
2026-08-17 22:09:57,911 - INFO - HTTP Request: POST http://localhost:8002/v1/chat/completions "HTTP/1.1 200 OK"

r2_cfg2:  48%|████▊     | 24/50 [35:23<23:13, 53.61s/it]2026-08-17 22:09:59,654 - INFO - HTTP Request: POST http://localhost:8002/v1/chat/completions "HTTP/1.1 200 OK"
2026-08-17 22:10:04,759 - INFO - HTTP Request: POST http://localhost:8002/v1/chat/completions "HTTP/1.1 200 OK"

2026-08-17 22:10:06,068 - INFO - HTTP Request: POST http://localhost:8002/v1/chat/completions "HTTP/1.1 200 OK"

2026-08-17 22:10:14,110 - INFO - HTTP Request: POST http://localhost:8002/v1/chat/completions "HTTP/1.1 200 OK"

2026-08-17 22:10:20,189 - INFO - HTTP Request: POST http://localhost:8002/v1/chat/completions "HTTP/1.1 200 OK"
2026-08-17 22:10:31,157 - INFO - HTTP Request: POST http://localhost:8002/v1/chat/completions "HTTP/1.1 200 OK"
2026-08-17 22:10:32,777 - INFO - HTTP Request: POST http://localhost:8002/v1/chat/completions "HTTP/1.1 200 OK"
2026-08-17 22:10:32,994 - INFO - HTTP Request: POST http://localhost:8002/v1/chat/completions "HTTP/1.1 200 OK"

2026-08-17 22:10:41,145 - INFO - HTTP Request: POST http://localhost:8002/v1/chat/completions "HTTP/1.1 200 OK"
2026-08-17 22:10:42,770 - INFO - HTTP Request: POST http://localhost:8002/v1/chat/completions "HTTP/1.1 200 OK"

2026-08-17 22:10:46,691 - INFO - HTTP Request: POST http://localhost:8002/v1/chat/completions "HTTP/1.1 200 OK"

2026-08-17 22:10:55,822 - INFO - HTTP Request: POST http://localhost:8002/v1/chat/completions "HTTP/1.1 200 OK"

2026-08-17 22:10:59,730 - INFO - HTTP Request: POST http://localhost:8002/v1/chat/completions "HTTP/1.1 200 OK"
2026-08-17 22:11:07,491 - INFO - HTTP Request: POST http://localhost:8002/v1/chat/completions "HTTP/1.1 200 OK"
2026-08-17 22:11:11,724 - INFO - HTTP Request: POST http://localhost:8002/v1/chat/completions "HTTP/1.1 200 OK"
2026-08-17 22:11:17,273 - INFO - HTTP Request: POST http://localhost:8002/v1/chat/completions "HTTP/1.1 200 OK"

2026-08-17 22:11:19,017 - INFO - HTTP Request: POST http://localhost:8002/v1/chat/completions "HTTP/1.1 200 OK"

2026-08-17 22:11:21,200 - INFO - HTTP Request: POST http://localhost:8002/v1/chat/completions "HTTP/1.1 200 OK"
2026-08-17 22:11:22,387 - INFO - HTTP Request: POST http://localhost:8002/v1/chat/completions "HTTP/1.1 200 OK"

2026-08-17 22:11:39,130 - INFO - HTTP Request: POST http://localhost:8002/v1/chat/completions "HTTP/1.1 200 OK"

2026-08-17 22:11:40,874 - INFO - HTTP Request: POST http://localhost:8002/v1/chat/completions "HTTP/1.1 200 OK"
2026-08-17 22:11:43,696 - INFO - HTTP Request: POST http://localhost:8002/v1/chat/completions "HTTP/1.1 200 OK"
2026-08-17 22:11:47,270 - INFO - HTTP Request: POST http://localhost:8002/v1/chat/completions "HTTP/1.1 200 OK"
2026-08-17 22:11:52,157 - INFO - HTTP Request: POST http://localhost:8002/v1/chat/completions "HTTP/1.1 200 OK"

2026-08-17 22:11:56,520 - INFO - HTTP Request: POST http://localhost:8002/v1/chat/completions "HTTP/1.1 200 OK"

2026-08-17 22:12:00,008 - INFO - HTTP Request: POST http://localhost:8002/v1/chat/completions "HTTP/1.1 200 OK"

2026-08-17 22:12:04,353 - INFO - HTTP Request: POST http://localhost:8002/v1/chat/completions "HTTP/1.1 200 OK"
2026-08-17 22:12:16,402 - INFO - HTTP Request: POST http://localhost:8002/v1/chat/completions "HTTP/1.1 200 OK"
2026-08-17 22:12:16,620 - INFO - HTTP Request: POST http://localhost:8002/v1/chat/completions "HTTP/1.1 200 OK"
2026-08-17 22:12:17,136 - INFO - HTTP Request: POST http://localhost:8002/v1/chat/completions "HTTP/1.1 200 OK"

2026-08-17 22:12:20,306 - INFO - HTTP Request: POST http://localhost:8002/v1/chat/completions "HTTP/1.1 200 OK"
2026-08-17 22:12:29,239 - INFO - HTTP Request: POST http://localhost:8002/v1/chat/completions "HTTP/1.1 200 OK"

2026-08-17 22:12:31,854 - INFO - HTTP Request: POST http://localhost:8002/v1/chat/completions "HTTP/1.1 200 OK"

2026-08-17 22:12:36,863 - INFO - HTTP Request: POST http://localhost:8002/v1/chat/completions "HTTP/1.1 200 OK"

2026-08-17 22:12:37,732 - INFO - HTTP Request: POST http://localhost:8002/v1/chat/completions "HTTP/1.1 200 OK"
2026-08-17 22:12:47,610 - INFO - HTTP Request: POST http://localhost:8002/v1/chat/completions "HTTP/1.1 200 OK"

2026-08-17 22:12:51,952 - INFO - HTTP Request: POST http://localhost:8002/v1/chat/completions "HTTP/1.1 200 OK"
2026-08-17 22:12:58,575 - INFO - HTTP Request: POST http://localhost:8002/v1/chat/completions "HTTP/1.1 200 OK"
2026-08-17 22:13:05,196 - INFO - HTTP Request: POST http://localhost:8002/v1/chat/completions "HTTP/1.1 200 OK"

2026-08-17 22:13:06,505 - INFO - HTTP Request: POST http://localhost:8002/v1/chat/completions "HTTP/1.1 200 OK"
2026-08-17 22:13:13,125 - INFO - HTTP Request: POST http://localhost:8002/v1/chat/completions "HTTP/1.1 200 OK"

2026-08-17 22:13:17,258 - INFO - HTTP Request: POST http://localhost:8002/v1/chat/completions "HTTP/1.1 200 OK"
2026-08-17 22:13:17,975 - INFO - HTTP Request: POST http://localhost:8002/v1/chat/completions "HTTP/1.1 200 OK"

2026-08-17 22:13:27,357 - INFO - HTTP Request: POST http://localhost:8002/v1/chat/completions "HTTP/1.1 200 OK"

2026-08-17 22:13:33,438 - INFO - HTTP Request: POST http://localhost:8002/v1/chat/completions "HTTP/1.1 200 OK"
2026-08-17 22:13:34,840 - INFO - HTTP Request: POST http://localhost:8002/v1/chat/completions "HTTP/1.1 200 OK"
2026-08-17 22:13:38,642 - INFO - HTTP Request: POST http://localhost:8002/v1/chat/completions "HTTP/1.1 200 OK"
2026-08-17 22:13:47,463 - INFO - HTTP Request: POST http://localhost:8002/v1/chat/completions "HTTP/1.1 200 OK"

2026-08-17 22:13:48,338 - INFO - HTTP Request: POST http://localhost:8002/v1/chat/completions "HTTP/1.1 200 OK"
2026-08-17 22:13:50,182 - INFO - HTTP Request: POST http://localhost:8002/v1/chat/completions "HTTP/1.1 200 OK"

2026-08-17 22:13:52,362 - INFO - HTTP Request: POST http://localhost:8002/v1/chat/completions "HTTP/1.1 200 OK"

2026-08-17 22:14:06,067 - INFO - HTTP Request: POST http://localhost:8002/v1/chat/completions "HTTP/1.1 200 OK"

2026-08-17 22:14:10,196 - INFO - HTTP Request: POST http://localhost:8002/v1/chat/completions "HTTP/1.1 200 OK"
2026-08-17 22:14:17,260 - INFO - HTTP Request: POST http://localhost:8002/v1/chat/completions "HTTP/1.1 200 OK"
2026-08-17 22:14:22,150 - INFO - HTTP Request: POST http://localhost:8002/v1/chat/completions "HTTP/1.1 200 OK"
2026-08-17 22:14:25,302 - INFO - HTTP Request: POST http://localhost:8002/v1/chat/completions "HTTP/1.1 200 OK"

2026-08-17 22:14:31,184 - INFO - HTTP Request: POST http://localhost:8002/v1/chat/completions "HTTP/1.1 200 OK"

2026-08-17 22:14:35,326 - INFO - HTTP Request: POST http://localhost:8002/v1/chat/completions "HTTP/1.1 200 OK"

2026-08-17 22:14:36,202 - INFO - HTTP Request: POST http://localhost:8002/v1/chat/completions "HTTP/1.1 200 OK"
2026-08-17 22:14:49,351 - INFO - HTTP Request: POST http://localhost:8002/v1/chat/completions "HTTP/1.1 200 OK"

2026-08-17 22:14:54,788 - INFO - HTTP Request: POST http://localhost:8002/v1/chat/completions "HTTP/1.1 200 OK"
2026-08-17 22:15:04,893 - INFO - HTTP Request: POST http://localhost:8002/v1/chat/completions "HTTP/1.1 200 OK"
2026-08-17 22:15:06,734 - INFO - HTTP Request: POST http://localhost:8002/v1/chat/completions "HTTP/1.1 200 OK"

2026-08-17 22:15:08,700 - INFO - HTTP Request: POST http://localhost:8002/v1/chat/completions "HTTP/1.1 200 OK"
2026-08-17 22:15:18,162 - INFO - HTTP Request: POST http://localhost:8002/v1/chat/completions "HTTP/1.1 200 OK"

r2_cfg2:  50%|█████     | 25/50 [40:43<55:40, 133.61s/it]2026-08-17 22:15:19,905 - INFO - HTTP Request: POST http://localhost:8002/v1/chat/completions "HTTP/1.1 200 OK"

r2_cfg2:  52%|█████▏    | 26/50 [40:45<37:37, 94.05s/it] 2026-08-17 22:15:23,380 - INFO - HTTP Request: POST http://localhost:8002/v1/chat/completions "HTTP/1.1 200 OK"
2026-08-17 22:15:36,527 - INFO - HTTP Request: POST http://localhost:8002/v1/chat/completions "HTTP/1.1 200 OK"

r2_cfg2:  54%|█████▍    | 27/50 [41:02<27:08, 70.82s/it]2026-08-17 22:15:40,002 - INFO - HTTP Request: POST http://localhost:8002/v1/chat/completions "HTTP/1.1 200 OK"
2026-08-17 22:15:40,220 - INFO - HTTP Request: POST http://localhost:8002/v1/chat/completions "HTTP/1.1 200 OK"
2026-08-17 22:15:42,636 - INFO - HTTP Request: POST http://localhost:8002/v1/chat/completions "HTTP/1.1 200 OK"
2026-08-17 22:15:51,012 - INFO - HTTP Request: POST http://localhost:8002/v1/chat/completions "HTTP/1.1 200 OK"

2026-08-17 22:15:51,886 - INFO - HTTP Request: POST http://localhost:8002/v1/chat/completions "HTTP/1.1 200 OK"

r2_cfg2:  56%|█████▌    | 28/50 [41:17<19:51, 54.18s/it]2026-08-17 22:15:53,845 - INFO - HTTP Request: POST http://localhost:8002/v1/chat/completions "HTTP/1.1 200 OK"

2026-08-17 22:15:59,268 - INFO - HTTP Request: POST http://localhost:8002/v1/chat/completions "HTTP/1.1 200 OK"
2026-08-17 22:16:12,844 - INFO - HTTP Request: POST http://localhost:8002/v1/chat/completions "HTTP/1.1 200 OK"

2026-08-17 22:16:14,147 - INFO - HTTP Request: POST http://localhost:8002/v1/chat/completions "HTTP/1.1 200 OK"
2026-08-17 22:16:17,774 - INFO - HTTP Request: POST http://localhost:8002/v1/chat/completions "HTTP/1.1 200 OK"
2026-08-17 22:16:20,746 - INFO - HTTP Request: POST http://localhost:8002/v1/chat/completions "HTTP/1.1 200 OK"
2026-08-17 22:16:28,036 - INFO - HTTP Request: POST http://localhost:8002/v1/chat/completions "HTTP/1.1 200 OK"

2026-08-17 22:16:31,959 - INFO - HTTP Request: POST http://localhost:8002/v1/chat/completions "HTTP/1.1 200 OK"

2026-08-17 22:16:34,135 - INFO - HTTP Request: POST http://localhost:8002/v1/chat/completions "HTTP/1.1 200 OK"

2026-08-17 22:16:39,779 - INFO - HTTP Request: POST http://localhost:8002/v1/chat/completions "HTTP/1.1 200 OK"
2026-08-17 22:16:52,709 - INFO - HTTP Request: POST http://localhost:8002/v1/chat/completions "HTTP/1.1 200 OK"
2026-08-17 22:16:53,505 - INFO - HTTP Request: POST http://localhost:8002/v1/chat/completions "HTTP/1.1 200 OK"

2026-08-17 22:16:58,502 - INFO - HTTP Request: POST http://localhost:8002/v1/chat/completions "HTTP/1.1 200 OK"
2026-08-17 22:16:59,251 - INFO - HTTP Request: POST http://localhost:8002/v1/chat/completions "HTTP/1.1 200 OK"
2026-08-17 22:17:05,286 - INFO - HTTP Request: POST http://localhost:8002/v1/chat/completions "HTTP/1.1 200 OK"

2026-08-17 22:17:10,958 - INFO - HTTP Request: POST http://localhost:8002/v1/chat/completions "HTTP/1.1 200 OK"

2026-08-17 22:17:13,793 - INFO - HTTP Request: POST http://localhost:8002/v1/chat/completions "HTTP/1.1 200 OK"

2026-08-17 22:17:18,568 - INFO - HTTP Request: POST http://localhost:8002/v1/chat/completions "HTTP/1.1 200 OK"
2026-08-17 22:17:29,757 - INFO - HTTP Request: POST http://localhost:8002/v1/chat/completions "HTTP/1.1 200 OK"
2026-08-17 22:17:31,866 - INFO - HTTP Request: POST http://localhost:8002/v1/chat/completions "HTTP/1.1 200 OK"

2026-08-17 22:17:35,350 - INFO - HTTP Request: POST http://localhost:8002/v1/chat/completions "HTTP/1.1 200 OK"
2026-08-17 22:17:38,925 - INFO - HTTP Request: POST http://localhost:8002/v1/chat/completions "HTTP/1.1 200 OK"
2026-08-17 22:17:42,347 - INFO - HTTP Request: POST http://localhost:8002/v1/chat/completions "HTTP/1.1 200 OK"

2026-08-17 22:17:48,453 - INFO - HTTP Request: POST http://localhost:8002/v1/chat/completions "HTTP/1.1 200 OK"

2026-08-17 22:17:54,332 - INFO - HTTP Request: POST http://localhost:8002/v1/chat/completions "HTTP/1.1 200 OK"

2026-08-17 22:17:56,509 - INFO - HTTP Request: POST http://localhost:8002/v1/chat/completions "HTTP/1.1 200 OK"
2026-08-17 22:18:02,475 - INFO - HTTP Request: POST http://localhost:8002/v1/chat/completions "HTTP/1.1 200 OK"
2026-08-17 22:18:08,708 - INFO - HTTP Request: POST http://localhost:8002/v1/chat/completions "HTTP/1.1 200 OK"
2026-08-17 22:18:09,443 - INFO - HTTP Request: POST http://localhost:8002/v1/chat/completions "HTTP/1.1 200 OK"

2026-08-17 22:18:15,557 - INFO - HTTP Request: POST http://localhost:8002/v1/chat/completions "HTTP/1.1 200 OK"

2026-08-17 22:18:19,038 - INFO - HTTP Request: POST http://localhost:8002/v1/chat/completions "HTTP/1.1 200 OK"
2026-08-17 22:18:23,057 - INFO - HTTP Request: POST http://localhost:8002/v1/chat/completions "HTTP/1.1 200 OK"

2026-08-17 22:18:29,146 - INFO - HTTP Request: POST http://localhost:8002/v1/chat/completions "HTTP/1.1 200 OK"
2026-08-17 22:18:31,861 - INFO - HTTP Request: POST http://localhost:8002/v1/chat/completions "HTTP/1.1 200 OK"

2026-08-17 22:18:42,302 - INFO - HTTP Request: POST http://localhost:8002/v1/chat/completions "HTTP/1.1 200 OK"

2026-08-17 22:18:44,910 - INFO - HTTP Request: POST http://localhost:8002/v1/chat/completions "HTTP/1.1 200 OK"
2026-08-17 22:18:51,796 - INFO - HTTP Request: POST http://localhost:8002/v1/chat/completions "HTTP/1.1 200 OK"
2026-08-17 22:18:52,543 - INFO - HTTP Request: POST http://localhost:8002/v1/chat/completions "HTTP/1.1 200 OK"
2026-08-17 22:18:56,833 - INFO - HTTP Request: POST http://localhost:8002/v1/chat/completions "HTTP/1.1 200 OK"

2026-08-17 22:19:02,280 - INFO - HTTP Request: POST http://localhost:8002/v1/chat/completions "HTTP/1.1 200 OK"

2026-08-17 22:19:04,023 - INFO - HTTP Request: POST http://localhost:8002/v1/chat/completions "HTTP/1.1 200 OK"

2026-08-17 22:19:11,840 - INFO - HTTP Request: POST http://localhost:8002/v1/chat/completions "HTTP/1.1 200 OK"
2026-08-17 22:19:17,155 - INFO - HTTP Request: POST http://localhost:8002/v1/chat/completions "HTTP/1.1 200 OK"
2026-08-17 22:19:22,739 - INFO - HTTP Request: POST http://localhost:8002/v1/chat/completions "HTTP/1.1 200 OK"
2026-08-17 22:19:25,888 - INFO - HTTP Request: POST http://localhost:8002/v1/chat/completions "HTTP/1.1 200 OK"

2026-08-17 22:19:31,765 - INFO - HTTP Request: POST http://localhost:8002/v1/chat/completions "HTTP/1.1 200 OK"

2026-08-17 22:19:33,508 - INFO - HTTP Request: POST http://localhost:8002/v1/chat/completions "HTTP/1.1 200 OK"
2026-08-17 22:19:40,798 - INFO - HTTP Request: POST http://localhost:8002/v1/chat/completions "HTTP/1.1 200 OK"

2026-08-17 22:19:46,236 - INFO - HTTP Request: POST http://localhost:8002/v1/chat/completions "HTTP/1.1 200 OK"
2026-08-17 22:19:47,861 - INFO - HTTP Request: POST http://localhost:8002/v1/chat/completions "HTTP/1.1 200 OK"

2026-08-17 22:20:00,258 - INFO - HTTP Request: POST http://localhost:8002/v1/chat/completions "HTTP/1.1 200 OK"

2026-08-17 22:20:01,563 - INFO - HTTP Request: POST http://localhost:8002/v1/chat/completions "HTTP/1.1 200 OK"
2026-08-17 22:20:08,010 - INFO - HTTP Request: POST http://localhost:8002/v1/chat/completions "HTTP/1.1 200 OK"
2026-08-17 22:20:10,776 - INFO - HTTP Request: POST http://localhost:8002/v1/chat/completions "HTTP/1.1 200 OK"
2026-08-17 22:20:13,487 - INFO - HTTP Request: POST http://localhost:8002/v1/chat/completions "HTTP/1.1 200 OK"

2026-08-17 22:20:22,862 - INFO - HTTP Request: POST http://localhost:8002/v1/chat/completions "HTTP/1.1 200 OK"

2026-08-17 22:20:28,964 - INFO - HTTP Request: POST http://localhost:8002/v1/chat/completions "HTTP/1.1 200 OK"

2026-08-17 22:20:30,268 - INFO - HTTP Request: POST http://localhost:8002/v1/chat/completions "HTTP/1.1 200 OK"
2026-08-17 22:20:46,902 - INFO - HTTP Request: POST http://localhost:8002/v1/chat/completions "HTTP/1.1 200 OK"
2026-08-17 22:20:48,133 - INFO - HTTP Request: POST http://localhost:8002/v1/chat/completions "HTTP/1.1 200 OK"

2026-08-17 22:20:56,404 - INFO - HTTP Request: POST http://localhost:8002/v1/chat/completions "HTTP/1.1 200 OK"
2026-08-17 22:20:58,897 - INFO - HTTP Request: POST http://localhost:8002/v1/chat/completions "HTTP/1.1 200 OK"
2026-08-17 22:21:01,232 - INFO - HTTP Request: POST http://localhost:8002/v1/chat/completions "HTTP/1.1 200 OK"

r2_cfg2:  58%|█████▊    | 29/50 [46:27<45:45, 130.73s/it]2026-08-17 22:21:10,601 - INFO - HTTP Request: POST http://localhost:8002/v1/chat/completions "HTTP/1.1 200 OK"

2026-08-17 22:21:10,819 - INFO - HTTP Request: POST http://localhost:8002/v1/chat/completions "HTTP/1.1 200 OK"

r2_cfg2:  60%|██████    | 30/50 [46:36<31:27, 94.39s/it] 2026-08-17 22:21:21,895 - INFO - HTTP Request: POST http://localhost:8002/v1/chat/completions "HTTP/1.1 200 OK"
2026-08-17 22:21:23,518 - INFO - HTTP Request: POST http://localhost:8002/v1/chat/completions "HTTP/1.1 200 OK"
2026-08-17 22:21:33,199 - INFO - HTTP Request: POST http://localhost:8002/v1/chat/completions "HTTP/1.1 200 OK"
2026-08-17 22:21:34,657 - INFO - HTTP Request: POST http://localhost:8002/v1/chat/completions "HTTP/1.1 200 OK"

2026-08-17 22:21:35,092 - INFO - HTTP Request: POST http://localhost:8002/v1/chat/completions "HTTP/1.1 200 OK"

r2_cfg2:  62%|██████▏   | 31/50 [47:00<23:13, 73.35s/it]2026-08-17 22:21:43,787 - INFO - HTTP Request: POST http://localhost:8002/v1/chat/completions "HTTP/1.1 200 OK"
2026-08-17 22:21:46,988 - INFO - HTTP Request: POST http://localhost:8002/v1/chat/completions "HTTP/1.1 200 OK"

2026-08-17 22:21:55,906 - INFO - HTTP Request: POST http://localhost:8002/v1/chat/completions "HTTP/1.1 200 OK"

r2_cfg2:  64%|██████▍   | 32/50 [47:21<17:16, 57.59s/it]2026-08-17 22:21:57,426 - INFO - HTTP Request: POST http://localhost:8002/v1/chat/completions "HTTP/1.1 200 OK"
2026-08-17 22:22:01,346 - INFO - HTTP Request: POST http://localhost:8002/v1/chat/completions "HTTP/1.1 200 OK"
2026-08-17 22:22:12,380 - INFO - HTTP Request: POST http://localhost:8002/v1/chat/completions "HTTP/1.1 200 OK"

2026-08-17 22:22:13,688 - INFO - HTTP Request: POST http://localhost:8002/v1/chat/completions "HTTP/1.1 200 OK"
2026-08-17 22:22:15,351 - INFO - HTTP Request: POST http://localhost:8002/v1/chat/completions "HTTP/1.1 200 OK"

2026-08-17 22:22:18,612 - INFO - HTTP Request: POST http://localhost:8002/v1/chat/completions "HTTP/1.1 200 OK"
2026-08-17 22:22:26,324 - INFO - HTTP Request: POST http://localhost:8002/v1/chat/completions "HTTP/1.1 200 OK"

2026-08-17 22:22:33,282 - INFO - HTTP Request: POST http://localhost:8002/v1/chat/completions "HTTP/1.1 200 OK"

2026-08-17 22:22:38,927 - INFO - HTTP Request: POST http://localhost:8002/v1/chat/completions "HTTP/1.1 200 OK"
2026-08-17 22:22:40,242 - INFO - HTTP Request: POST http://localhost:8002/v1/chat/completions "HTTP/1.1 200 OK"
2026-08-17 22:22:51,228 - INFO - HTTP Request: POST http://localhost:8002/v1/chat/completions "HTTP/1.1 200 OK"
2026-08-17 22:22:51,446 - INFO - HTTP Request: POST http://localhost:8002/v1/chat/completions "HTTP/1.1 200 OK"

2026-08-17 22:22:52,249 - INFO - HTTP Request: POST http://localhost:8002/v1/chat/completions "HTTP/1.1 200 OK"

2026-08-17 22:23:00,071 - INFO - HTTP Request: POST http://localhost:8002/v1/chat/completions "HTTP/1.1 200 OK"
2026-08-17 22:23:04,741 - INFO - HTTP Request: POST http://localhost:8002/v1/chat/completions "HTTP/1.1 200 OK"

2026-08-17 22:23:13,229 - INFO - HTTP Request: POST http://localhost:8002/v1/chat/completions "HTTP/1.1 200 OK"

2026-08-17 22:23:15,836 - INFO - HTTP Request: POST http://localhost:8002/v1/chat/completions "HTTP/1.1 200 OK"
2026-08-17 22:23:17,237 - INFO - HTTP Request: POST http://localhost:8002/v1/chat/completions "HTTP/1.1 200 OK"
2026-08-17 22:23:28,351 - INFO - HTTP Request: POST http://localhost:8002/v1/chat/completions "HTTP/1.1 200 OK"

2026-08-17 22:23:29,448 - INFO - HTTP Request: POST http://localhost:8002/v1/chat/completions "HTTP/1.1 200 OK"
2026-08-17 22:23:31,840 - INFO - HTTP Request: POST http://localhost:8002/v1/chat/completions "HTTP/1.1 200 OK"

2026-08-17 22:23:38,365 - INFO - HTTP Request: POST http://localhost:8002/v1/chat/completions "HTTP/1.1 200 OK"
2026-08-17 22:23:41,292 - INFO - HTTP Request: POST http://localhost:8002/v1/chat/completions "HTTP/1.1 200 OK"

2026-08-17 22:23:48,693 - INFO - HTTP Request: POST http://localhost:8002/v1/chat/completions "HTTP/1.1 200 OK"
2026-08-17 22:23:50,972 - INFO - HTTP Request: POST http://localhost:8002/v1/chat/completions "HTTP/1.1 200 OK"

2026-08-17 22:23:56,413 - INFO - HTTP Request: POST http://localhost:8002/v1/chat/completions "HTTP/1.1 200 OK"
2026-08-17 22:24:00,340 - INFO - HTTP Request: POST http://localhost:8002/v1/chat/completions "HTTP/1.1 200 OK"

2026-08-17 22:24:01,646 - INFO - HTTP Request: POST http://localhost:8002/v1/chat/completions "HTTP/1.1 200 OK"
2026-08-17 22:24:09,626 - INFO - HTTP Request: POST http://localhost:8002/v1/chat/completions "HTTP/1.1 200 OK"

2026-08-17 22:24:12,025 - INFO - HTTP Request: POST http://localhost:8002/v1/chat/completions "HTTP/1.1 200 OK"

2026-08-17 22:24:15,282 - INFO - HTTP Request: POST http://localhost:8002/v1/chat/completions "HTTP/1.1 200 OK"
2026-08-17 22:24:27,553 - INFO - HTTP Request: POST http://localhost:8002/v1/chat/completions "HTTP/1.1 200 OK"

2026-08-17 22:24:29,298 - INFO - HTTP Request: POST http://localhost:8002/v1/chat/completions "HTTP/1.1 200 OK"
2026-08-17 22:24:29,515 - INFO - HTTP Request: POST http://localhost:8002/v1/chat/completions "HTTP/1.1 200 OK"
2026-08-17 22:24:41,592 - INFO - HTTP Request: POST http://localhost:8002/v1/chat/completions "HTTP/1.1 200 OK"
2026-08-17 22:24:41,809 - INFO - HTTP Request: POST http://localhost:8002/v1/chat/completions "HTTP/1.1 200 OK"

2026-08-17 22:24:44,123 - INFO - HTTP Request: POST http://localhost:8002/v1/chat/completions "HTTP/1.1 200 OK"

2026-08-17 22:24:47,602 - INFO - HTTP Request: POST http://localhost:8002/v1/chat/completions "HTTP/1.1 200 OK"
2026-08-17 22:24:52,819 - INFO - HTTP Request: POST http://localhost:8002/v1/chat/completions "HTTP/1.1 200 OK"

2026-08-17 22:25:00,213 - INFO - HTTP Request: POST http://localhost:8002/v1/chat/completions "HTTP/1.1 200 OK"

2026-08-17 22:25:04,556 - INFO - HTTP Request: POST http://localhost:8002/v1/chat/completions "HTTP/1.1 200 OK"
2026-08-17 22:25:11,399 - INFO - HTTP Request: POST http://localhost:8002/v1/chat/completions "HTTP/1.1 200 OK"
2026-08-17 22:25:13,367 - INFO - HTTP Request: POST http://localhost:8002/v1/chat/completions "HTTP/1.1 200 OK"
2026-08-17 22:25:19,609 - INFO - HTTP Request: POST http://localhost:8002/v1/chat/completions "HTTP/1.1 200 OK"

2026-08-17 22:25:25,704 - INFO - HTTP Request: POST http://localhost:8002/v1/chat/completions "HTTP/1.1 200 OK"

2026-08-17 22:25:26,793 - INFO - HTTP Request: POST http://localhost:8002/v1/chat/completions "HTTP/1.1 200 OK"

2026-08-17 22:25:29,617 - INFO - HTTP Request: POST http://localhost:8002/v1/chat/completions "HTTP/1.1 200 OK"
2026-08-17 22:25:39,937 - INFO - HTTP Request: POST http://localhost:8002/v1/chat/completions "HTTP/1.1 200 OK"
2026-08-17 22:25:41,036 - INFO - HTTP Request: POST http://localhost:8002/v1/chat/completions "HTTP/1.1 200 OK"

2026-08-17 22:25:51,475 - INFO - HTTP Request: POST http://localhost:8002/v1/chat/completions "HTTP/1.1 200 OK"

2026-08-17 22:25:55,386 - INFO - HTTP Request: POST http://localhost:8002/v1/chat/completions "HTTP/1.1 200 OK"
2026-08-17 22:25:56,794 - INFO - HTTP Request: POST http://localhost:8002/v1/chat/completions "HTTP/1.1 200 OK"
2026-08-17 22:26:01,509 - INFO - HTTP Request: POST http://localhost:8002/v1/chat/completions "HTTP/1.1 200 OK"
2026-08-17 22:26:08,148 - INFO - HTTP Request: POST http://localhost:8002/v1/chat/completions "HTTP/1.1 200 OK"

2026-08-17 22:26:09,682 - INFO - HTTP Request: POST http://localhost:8002/v1/chat/completions "HTTP/1.1 200 OK"

2026-08-17 22:26:13,173 - INFO - HTTP Request: POST http://localhost:8002/v1/chat/completions "HTTP/1.1 200 OK"

2026-08-17 22:26:21,428 - INFO - HTTP Request: POST http://localhost:8002/v1/chat/completions "HTTP/1.1 200 OK"
2026-08-17 22:26:36,881 - INFO - HTTP Request: POST http://localhost:8002/v1/chat/completions "HTTP/1.1 200 OK"

2026-08-17 22:26:41,018 - INFO - HTTP Request: POST http://localhost:8002/v1/chat/completions "HTTP/1.1 200 OK"
2026-08-17 22:26:41,235 - INFO - HTTP Request: POST http://localhost:8002/v1/chat/completions "HTTP/1.1 200 OK"
2026-08-17 22:26:43,137 - INFO - HTTP Request: POST http://localhost:8002/v1/chat/completions "HTTP/1.1 200 OK"
2026-08-17 22:26:55,879 - INFO - HTTP Request: POST http://localhost:8002/v1/chat/completions "HTTP/1.1 200 OK"

2026-08-17 22:26:56,545 - INFO - HTTP Request: POST http://localhost:8002/v1/chat/completions "HTTP/1.1 200 OK"

2026-08-17 22:26:56,546 - INFO - HTTP Request: POST http://localhost:8002/v1/chat/completions "HTTP/1.1 200 OK"
r2_cfg2:  66%|██████▌   | 33/50 [52:22<36:58, 130.51s/it]
2026-08-17 22:27:10,227 - INFO - HTTP Request: POST http://localhost:8002/v1/chat/completions "HTTP/1.1 200 OK"
2026-08-17 22:27:18,719 - INFO - HTTP Request: POST http://localhost:8002/v1/chat/completions "HTTP/1.1 200 OK"
2026-08-17 22:27:18,720 - INFO - HTTP Request: POST http://localhost:8002/v1/chat/completions "HTTP/1.1 200 OK"
2026-08-17 22:27:21,705 - INFO - HTTP Request: POST http://localhost:8002/v1/chat/completions "HTTP/1.1 200 OK"

r2_cfg2:  70%|███████   | 35/50 [52:47<19:01, 76.08s/it] 2026-08-17 22:27:27,797 - INFO - HTTP Request: POST http://localhost:8002/v1/chat/completions "HTTP/1.1 200 OK"
2026-08-17 22:27:30,729 - INFO - HTTP Request: POST http://localhost:8002/v1/chat/completions "HTTP/1.1 200 OK"

2026-08-17 22:27:32,472 - INFO - HTTP Request: POST http://localhost:8002/v1/chat/completions "HTTP/1.1 200 OK"

2026-08-17 22:27:38,778 - INFO - HTTP Request: POST http://localhost:8002/v1/chat/completions "HTTP/1.1 200 OK"

r2_cfg2:  72%|███████▏  | 36/50 [53:04<14:20, 61.45s/it]2026-08-17 22:27:43,988 - INFO - HTTP Request: POST http://localhost:8002/v1/chat/completions "HTTP/1.1 200 OK"
2026-08-17 22:27:55,825 - INFO - HTTP Request: POST http://localhost:8002/v1/chat/completions "HTTP/1.1 200 OK"

2026-08-17 22:27:57,129 - INFO - HTTP Request: POST http://localhost:8002/v1/chat/completions "HTTP/1.1 200 OK"
2026-08-17 22:27:59,086 - INFO - HTTP Request: POST http://localhost:8002/v1/chat/completions "HTTP/1.1 200 OK"
2026-08-17 22:28:01,404 - INFO - HTTP Request: POST http://localhost:8002/v1/chat/completions "HTTP/1.1 200 OK"
2026-08-17 22:28:12,820 - INFO - HTTP Request: POST http://localhost:8002/v1/chat/completions "HTTP/1.1 200 OK"

2026-08-17 22:28:13,910 - INFO - HTTP Request: POST http://localhost:8002/v1/chat/completions "HTTP/1.1 200 OK"

2026-08-17 22:28:21,303 - INFO - HTTP Request: POST http://localhost:8002/v1/chat/completions "HTTP/1.1 200 OK"

2026-08-17 22:28:22,606 - INFO - HTTP Request: POST http://localhost:8002/v1/chat/completions "HTTP/1.1 200 OK"
2026-08-17 22:28:36,833 - INFO - HTTP Request: POST http://localhost:8002/v1/chat/completions "HTTP/1.1 200 OK"

2026-08-17 22:28:37,486 - INFO - HTTP Request: POST http://localhost:8002/v1/chat/completions "HTTP/1.1 200 OK"
2026-08-17 22:28:38,716 - INFO - HTTP Request: POST http://localhost:8002/v1/chat/completions "HTTP/1.1 200 OK"
2026-08-17 22:28:48,071 - INFO - HTTP Request: POST http://localhost:8002/v1/chat/completions "HTTP/1.1 200 OK"
2026-08-17 22:28:50,350 - INFO - HTTP Request: POST http://localhost:8002/v1/chat/completions "HTTP/1.1 200 OK"

2026-08-17 22:28:50,351 - INFO - HTTP Request: POST http://localhost:8002/v1/chat/completions "HTTP/1.1 200 OK"

2026-08-17 22:29:01,873 - INFO - HTTP Request: POST http://localhost:8002/v1/chat/completions "HTTP/1.1 200 OK"
2026-08-17 22:29:05,235 - INFO - HTTP Request: POST http://localhost:8002/v1/chat/completions "HTTP/1.1 200 OK"

2026-08-17 22:29:14,800 - INFO - HTTP Request: POST http://localhost:8002/v1/chat/completions "HTTP/1.1 200 OK"
2026-08-17 22:29:14,803 - INFO - HTTP Request: POST http://localhost:8002/v1/chat/completions "HTTP/1.1 200 OK"
2026-08-17 22:29:15,828 - INFO - HTTP Request: POST http://localhost:8002/v1/chat/completions "HTTP/1.1 200 OK"

2026-08-17 22:29:27,354 - INFO - HTTP Request: POST http://localhost:8002/v1/chat/completions "HTTP/1.1 200 OK"

2026-08-17 22:29:27,355 - INFO - HTTP Request: POST http://localhost:8002/v1/chat/completions "HTTP/1.1 200 OK"

2026-08-17 22:29:29,968 - INFO - HTTP Request: POST http://localhost:8002/v1/chat/completions "HTTP/1.1 200 OK"
2026-08-17 22:29:40,064 - INFO - HTTP Request: POST http://localhost:8002/v1/chat/completions "HTTP/1.1 200 OK"
2026-08-17 22:29:43,203 - INFO - HTTP Request: POST http://localhost:8002/v1/chat/completions "HTTP/1.1 200 OK"

2026-08-17 22:29:47,777 - INFO - HTTP Request: POST http://localhost:8002/v1/chat/completions "HTTP/1.1 200 OK"
2026-08-17 22:29:47,778 - INFO - HTTP Request: POST http://localhost:8002/v1/chat/completions "HTTP/1.1 200 OK"
2026-08-17 22:29:52,071 - INFO - HTTP Request: POST http://localhost:8002/v1/chat/completions "HTTP/1.1 200 OK"

2026-08-17 22:29:58,381 - INFO - HTTP Request: POST http://localhost:8002/v1/chat/completions "HTTP/1.1 200 OK"

2026-08-17 22:29:59,904 - INFO - HTTP Request: POST http://localhost:8002/v1/chat/completions "HTTP/1.1 200 OK"

2026-08-17 22:30:07,069 - INFO - HTTP Request: POST http://localhost:8002/v1/chat/completions "HTTP/1.1 200 OK"
2026-08-17 22:30:11,846 - INFO - HTTP Request: POST http://localhost:8002/v1/chat/completions "HTTP/1.1 200 OK"
2026-08-17 22:30:19,992 - INFO - HTTP Request: POST http://localhost:8002/v1/chat/completions "HTTP/1.1 200 OK"

2026-08-17 22:30:25,219 - INFO - HTTP Request: POST http://localhost:8002/v1/chat/completions "HTTP/1.1 200 OK"

2026-08-17 22:30:27,825 - INFO - HTTP Request: POST http://localhost:8002/v1/chat/completions "HTTP/1.1 200 OK"
2026-08-17 22:30:29,560 - INFO - HTTP Request: POST http://localhost:8002/v1/chat/completions "HTTP/1.1 200 OK"
2026-08-17 22:30:40,148 - INFO - HTTP Request: POST http://localhost:8002/v1/chat/completions "HTTP/1.1 200 OK"
2026-08-17 22:30:41,986 - INFO - HTTP Request: POST http://localhost:8002/v1/chat/completions "HTTP/1.1 200 OK"

2026-08-17 22:30:43,729 - INFO - HTTP Request: POST http://localhost:8002/v1/chat/completions "HTTP/1.1 200 OK"

2026-08-17 22:30:48,731 - INFO - HTTP Request: POST http://localhost:8002/v1/chat/completions "HTTP/1.1 200 OK"

2026-08-17 22:30:54,593 - INFO - HTTP Request: POST http://localhost:8002/v1/chat/completions "HTTP/1.1 200 OK"
2026-08-17 22:31:02,295 - INFO - HTTP Request: POST http://localhost:8002/v1/chat/completions "HTTP/1.1 200 OK"
2026-08-17 22:31:04,255 - INFO - HTTP Request: POST http://localhost:8002/v1/chat/completions "HTTP/1.1 200 OK"
2026-08-17 22:31:05,054 - INFO - HTTP Request: POST http://localhost:8002/v1/chat/completions "HTTP/1.1 200 OK"

2026-08-17 22:31:15,492 - INFO - HTTP Request: POST http://localhost:8002/v1/chat/completions "HTTP/1.1 200 OK"

2026-08-17 22:31:18,103 - INFO - HTTP Request: POST http://localhost:8002/v1/chat/completions "HTTP/1.1 200 OK"
2026-08-17 22:31:19,284 - INFO - HTTP Request: POST http://localhost:8002/v1/chat/completions "HTTP/1.1 200 OK"

2026-08-17 22:31:25,374 - INFO - HTTP Request: POST http://localhost:8002/v1/chat/completions "HTTP/1.1 200 OK"
2026-08-17 22:31:29,824 - INFO - HTTP Request: POST http://localhost:8002/v1/chat/completions "HTTP/1.1 200 OK"

2026-08-17 22:31:45,267 - INFO - HTTP Request: POST http://localhost:8002/v1/chat/completions "HTTP/1.1 200 OK"
2026-08-17 22:31:46,140 - INFO - HTTP Request: POST http://localhost:8002/v1/chat/completions "HTTP/1.1 200 OK"

2026-08-17 22:31:48,969 - INFO - HTTP Request: POST http://localhost:8002/v1/chat/completions "HTTP/1.1 200 OK"
2026-08-17 22:31:50,200 - INFO - HTTP Request: POST http://localhost:8002/v1/chat/completions "HTTP/1.1 200 OK"
2026-08-17 22:31:58,139 - INFO - HTTP Request: POST http://localhost:8002/v1/chat/completions "HTTP/1.1 200 OK"

2026-08-17 22:32:01,196 - INFO - HTTP Request: POST http://localhost:8002/v1/chat/completions "HTTP/1.1 200 OK"

2026-08-17 22:32:02,512 - INFO - HTTP Request: POST http://localhost:8002/v1/chat/completions "HTTP/1.1 200 OK"

2026-08-17 22:32:15,759 - INFO - HTTP Request: POST http://localhost:8002/v1/chat/completions "HTTP/1.1 200 OK"
2026-08-17 22:32:31,520 - INFO - HTTP Request: POST http://localhost:8002/v1/chat/completions "HTTP/1.1 200 OK"
2026-08-17 22:32:31,955 - INFO - HTTP Request: POST http://localhost:8002/v1/chat/completions "HTTP/1.1 200 OK"
2026-08-17 22:32:33,143 - INFO - HTTP Request: POST http://localhost:8002/v1/chat/completions "HTTP/1.1 200 OK"

2026-08-17 22:32:34,676 - INFO - HTTP Request: POST http://localhost:8002/v1/chat/completions "HTTP/1.1 200 OK"
2026-08-17 22:32:43,104 - INFO - HTTP Request: POST http://localhost:8002/v1/chat/completions "HTTP/1.1 200 OK"

r2_cfg2:  74%|███████▍  | 37/50 [58:08<27:04, 124.97s/it]2026-08-17 22:32:45,065 - INFO - HTTP Request: POST http://localhost:8002/v1/chat/completions "HTTP/1.1 200 OK"

2026-08-17 22:32:49,856 - INFO - HTTP Request: POST http://localhost:8002/v1/chat/completions "HTTP/1.1 200 OK"

r2_cfg2:  76%|███████▌  | 38/50 [58:15<18:33, 92.82s/it] 2026-08-17 22:33:05,056 - INFO - HTTP Request: POST http://localhost:8002/v1/chat/completions "HTTP/1.1 200 OK"
2026-08-17 22:33:06,677 - INFO - HTTP Request: POST http://localhost:8002/v1/chat/completions "HTTP/1.1 200 OK"
2026-08-17 22:33:12,434 - INFO - HTTP Request: POST http://localhost:8002/v1/chat/completions "HTTP/1.1 200 OK"
2026-08-17 22:33:18,851 - INFO - HTTP Request: POST http://localhost:8002/v1/chat/completions "HTTP/1.1 200 OK"

2026-08-17 22:33:19,069 - INFO - HTTP Request: POST http://localhost:8002/v1/chat/completions "HTTP/1.1 200 OK"
2026-08-17 22:33:21,129 - INFO - HTTP Request: POST http://localhost:8002/v1/chat/completions "HTTP/1.1 200 OK"

r2_cfg2:  78%|███████▊  | 39/50 [58:46<13:51, 75.59s/it]2026-08-17 22:33:24,834 - INFO - HTTP Request: POST http://localhost:8002/v1/chat/completions "HTTP/1.1 200 OK"

2026-08-17 22:33:32,227 - INFO - HTTP Request: POST http://localhost:8002/v1/chat/completions "HTTP/1.1 200 OK"

r2_cfg2:  80%|████████  | 40/50 [58:58<09:31, 57.17s/it]2026-08-17 22:33:43,081 - INFO - HTTP Request: POST http://localhost:8002/v1/chat/completions "HTTP/1.1 200 OK"
2026-08-17 22:33:45,569 - INFO - HTTP Request: POST http://localhost:8002/v1/chat/completions "HTTP/1.1 200 OK"
2026-08-17 22:33:51,599 - INFO - HTTP Request: POST http://localhost:8002/v1/chat/completions "HTTP/1.1 200 OK"
2026-08-17 22:33:55,187 - INFO - HTTP Request: POST http://localhost:8002/v1/chat/completions "HTTP/1.1 200 OK"
2026-08-17 22:33:55,907 - INFO - HTTP Request: POST http://localhost:8002/v1/chat/completions "HTTP/1.1 200 OK"

2026-08-17 22:33:59,430 - INFO - HTTP Request: POST http://localhost:8002/v1/chat/completions "HTTP/1.1 200 OK"

2026-08-17 22:34:05,745 - INFO - HTTP Request: POST http://localhost:8002/v1/chat/completions "HTTP/1.1 200 OK"

2026-08-17 22:34:09,223 - INFO - HTTP Request: POST http://localhost:8002/v1/chat/completions "HTTP/1.1 200 OK"

2026-08-17 22:34:22,033 - INFO - HTTP Request: POST http://localhost:8002/v1/chat/completions "HTTP/1.1 200 OK"
2026-08-17 22:34:24,140 - INFO - HTTP Request: POST http://localhost:8002/v1/chat/completions "HTTP/1.1 200 OK"
2026-08-17 22:34:30,774 - INFO - HTTP Request: POST http://localhost:8002/v1/chat/completions "HTTP/1.1 200 OK"
2026-08-17 22:34:34,795 - INFO - HTTP Request: POST http://localhost:8002/v1/chat/completions "HTTP/1.1 200 OK"

2026-08-17 22:34:36,322 - INFO - HTTP Request: POST http://localhost:8002/v1/chat/completions "HTTP/1.1 200 OK"
2026-08-17 22:34:38,821 - INFO - HTTP Request: POST http://localhost:8002/v1/chat/completions "HTTP/1.1 200 OK"

2026-08-17 22:34:45,145 - INFO - HTTP Request: POST http://localhost:8002/v1/chat/completions "HTTP/1.1 200 OK"

2026-08-17 22:34:47,328 - INFO - HTTP Request: POST http://localhost:8002/v1/chat/completions "HTTP/1.1 200 OK"

2026-08-17 22:34:59,484 - INFO - HTTP Request: POST http://localhost:8002/v1/chat/completions "HTTP/1.1 200 OK"
2026-08-17 22:35:03,061 - INFO - HTTP Request: POST http://localhost:8002/v1/chat/completions "HTTP/1.1 200 OK"
2026-08-17 22:35:09,690 - INFO - HTTP Request: POST http://localhost:8002/v1/chat/completions "HTTP/1.1 200 OK"
2026-08-17 22:35:12,617 - INFO - HTTP Request: POST http://localhost:8002/v1/chat/completions "HTTP/1.1 200 OK"
2026-08-17 22:35:15,552 - INFO - HTTP Request: POST http://localhost:8002/v1/chat/completions "HTTP/1.1 200 OK"

2026-08-17 22:35:15,770 - INFO - HTTP Request: POST http://localhost:8002/v1/chat/completions "HTTP/1.1 200 OK"

2026-08-17 22:35:23,184 - INFO - HTTP Request: POST http://localhost:8002/v1/chat/completions "HTTP/1.1 200 OK"

2026-08-17 22:35:24,933 - INFO - HTTP Request: POST http://localhost:8002/v1/chat/completions "HTTP/1.1 200 OK"

2026-08-17 22:35:35,571 - INFO - HTTP Request: POST http://localhost:8002/v1/chat/completions "HTTP/1.1 200 OK"
2026-08-17 22:35:40,021 - INFO - HTTP Request: POST http://localhost:8002/v1/chat/completions "HTTP/1.1 200 OK"
2026-08-17 22:35:43,168 - INFO - HTTP Request: POST http://localhost:8002/v1/chat/completions "HTTP/1.1 200 OK"
2026-08-17 22:35:48,713 - INFO - HTTP Request: POST http://localhost:8002/v1/chat/completions "HTTP/1.1 200 OK"

2026-08-17 22:35:49,806 - INFO - HTTP Request: POST http://localhost:8002/v1/chat/completions "HTTP/1.1 200 OK"
2026-08-17 22:35:53,389 - INFO - HTTP Request: POST http://localhost:8002/v1/chat/completions "HTTP/1.1 200 OK"

2026-08-17 22:35:56,447 - INFO - HTTP Request: POST http://localhost:8002/v1/chat/completions "HTTP/1.1 200 OK"

2026-08-17 22:36:04,273 - INFO - HTTP Request: POST http://localhost:8002/v1/chat/completions "HTTP/1.1 200 OK"

2026-08-17 22:36:13,180 - INFO - HTTP Request: POST http://localhost:8002/v1/chat/completions "HTTP/1.1 200 OK"
2026-08-17 22:36:18,062 - INFO - HTTP Request: POST http://localhost:8002/v1/chat/completions "HTTP/1.1 200 OK"
2026-08-17 22:36:24,038 - INFO - HTTP Request: POST http://localhost:8002/v1/chat/completions "HTTP/1.1 200 OK"

2026-08-17 22:36:24,694 - INFO - HTTP Request: POST http://localhost:8002/v1/chat/completions "HTTP/1.1 200 OK"
2026-08-17 22:36:26,098 - INFO - HTTP Request: POST http://localhost:8002/v1/chat/completions "HTTP/1.1 200 OK"
2026-08-17 22:36:31,641 - INFO - HTTP Request: POST http://localhost:8002/v1/chat/completions "HTTP/1.1 200 OK"

2026-08-17 22:36:36,652 - INFO - HTTP Request: POST http://localhost:8002/v1/chat/completions "HTTP/1.1 200 OK"

2026-08-17 22:36:38,829 - INFO - HTTP Request: POST http://localhost:8002/v1/chat/completions "HTTP/1.1 200 OK"

2026-08-17 22:36:51,638 - INFO - HTTP Request: POST http://localhost:8002/v1/chat/completions "HTTP/1.1 200 OK"
2026-08-17 22:36:53,699 - INFO - HTTP Request: POST http://localhost:8002/v1/chat/completions "HTTP/1.1 200 OK"
2026-08-17 22:36:59,457 - INFO - HTTP Request: POST http://localhost:8002/v1/chat/completions "HTTP/1.1 200 OK"
2026-08-17 22:37:05,439 - INFO - HTTP Request: POST http://localhost:8002/v1/chat/completions "HTTP/1.1 200 OK"

2026-08-17 22:37:06,315 - INFO - HTTP Request: POST http://localhost:8002/v1/chat/completions "HTTP/1.1 200 OK"
2026-08-17 22:37:07,502 - INFO - HTTP Request: POST http://localhost:8002/v1/chat/completions "HTTP/1.1 200 OK"

2026-08-17 22:37:14,690 - INFO - HTTP Request: POST http://localhost:8002/v1/chat/completions "HTTP/1.1 200 OK"

2026-08-17 22:37:23,172 - INFO - HTTP Request: POST http://localhost:8002/v1/chat/completions "HTTP/1.1 200 OK"

2026-08-17 22:37:25,779 - INFO - HTTP Request: POST http://localhost:8002/v1/chat/completions "HTTP/1.1 200 OK"
2026-08-17 22:37:36,972 - INFO - HTTP Request: POST http://localhost:8002/v1/chat/completions "HTTP/1.1 200 OK"
2026-08-17 22:37:40,995 - INFO - HTTP Request: POST http://localhost:8002/v1/chat/completions "HTTP/1.1 200 OK"

2026-08-17 22:37:43,826 - INFO - HTTP Request: POST http://localhost:8002/v1/chat/completions "HTTP/1.1 200 OK"
2026-08-17 22:37:44,801 - INFO - HTTP Request: POST http://localhost:8002/v1/chat/completions "HTTP/1.1 200 OK"
2026-08-17 22:37:53,834 - INFO - HTTP Request: POST http://localhost:8002/v1/chat/completions "HTTP/1.1 200 OK"

2026-08-17 22:37:57,547 - INFO - HTTP Request: POST http://localhost:8002/v1/chat/completions "HTTP/1.1 200 OK"

2026-08-17 22:37:58,862 - INFO - HTTP Request: POST http://localhost:8002/v1/chat/completions "HTTP/1.1 200 OK"

2026-08-17 22:38:10,808 - INFO - HTTP Request: POST http://localhost:8002/v1/chat/completions "HTTP/1.1 200 OK"
2026-08-17 22:38:24,616 - INFO - HTTP Request: POST http://localhost:8002/v1/chat/completions "HTTP/1.1 200 OK"

2026-08-17 22:38:26,797 - INFO - HTTP Request: POST http://localhost:8002/v1/chat/completions "HTTP/1.1 200 OK"
2026-08-17 22:38:28,641 - INFO - HTTP Request: POST http://localhost:8002/v1/chat/completions "HTTP/1.1 200 OK"
2026-08-17 22:38:31,136 - INFO - HTTP Request: POST http://localhost:8002/v1/chat/completions "HTTP/1.1 200 OK"
2026-08-17 22:38:43,667 - INFO - HTTP Request: POST http://localhost:8002/v1/chat/completions "HTTP/1.1 200 OK"

2026-08-17 22:38:44,549 - INFO - HTTP Request: POST http://localhost:8002/v1/chat/completions "HTTP/1.1 200 OK"
2026-08-17 22:38:44,550 - INFO - HTTP Request: POST http://localhost:8002/v1/chat/completions "HTTP/1.1 200 OK"


r2_cfg2:  82%|████████▏ | 41/50 [1:04:10<19:39, 131.11s/it]r2_cfg2:  84%|████████▍ | 42/50 [1:04:10<12:22, 92.82s/it] 2026-08-17 22:38:58,009 - INFO - HTTP Request: POST http://localhost:8002/v1/chat/completions "HTTP/1.1 200 OK"
2026-08-17 22:39:07,024 - INFO - HTTP Request: POST http://localhost:8002/v1/chat/completions "HTTP/1.1 200 OK"
2026-08-17 22:39:07,241 - INFO - HTTP Request: POST http://localhost:8002/v1/chat/completions "HTTP/1.1 200 OK"
2026-08-17 22:39:11,470 - INFO - HTTP Request: POST http://localhost:8002/v1/chat/completions "HTTP/1.1 200 OK"

r2_cfg2:  86%|████████▌ | 43/50 [1:04:37<08:33, 73.29s/it]2026-08-17 22:39:17,352 - INFO - HTTP Request: POST http://localhost:8002/v1/chat/completions "HTTP/1.1 200 OK"
2026-08-17 22:39:20,722 - INFO - HTTP Request: POST http://localhost:8002/v1/chat/completions "HTTP/1.1 200 OK"

2026-08-17 22:39:20,723 - INFO - HTTP Request: POST http://localhost:8002/v1/chat/completions "HTTP/1.1 200 OK"

2026-08-17 22:39:32,032 - INFO - HTTP Request: POST http://localhost:8002/v1/chat/completions "HTTP/1.1 200 OK"

r2_cfg2:  88%|████████▊ | 44/50 [1:04:57<05:45, 57.66s/it]2026-08-17 22:39:33,771 - INFO - HTTP Request: POST http://localhost:8002/v1/chat/completions "HTTP/1.1 200 OK"
2026-08-17 22:39:45,384 - INFO - HTTP Request: POST http://localhost:8002/v1/chat/completions "HTTP/1.1 200 OK"

2026-08-17 22:39:47,122 - INFO - HTTP Request: POST http://localhost:8002/v1/chat/completions "HTTP/1.1 200 OK"
2026-08-17 22:39:47,123 - INFO - HTTP Request: POST http://localhost:8002/v1/chat/completions "HTTP/1.1 200 OK"
2026-08-17 22:39:54,850 - INFO - HTTP Request: POST http://localhost:8002/v1/chat/completions "HTTP/1.1 200 OK"
2026-08-17 22:39:58,699 - INFO - HTTP Request: POST http://localhost:8002/v1/chat/completions "HTTP/1.1 200 OK"

2026-08-17 22:39:59,356 - INFO - HTTP Request: POST http://localhost:8002/v1/chat/completions "HTTP/1.1 200 OK"

2026-08-17 22:40:03,700 - INFO - HTTP Request: POST http://localhost:8002/v1/chat/completions "HTTP/1.1 200 OK"

2026-08-17 22:40:12,383 - INFO - HTTP Request: POST http://localhost:8002/v1/chat/completions "HTTP/1.1 200 OK"
2026-08-17 22:40:22,265 - INFO - HTTP Request: POST http://localhost:8002/v1/chat/completions "HTTP/1.1 200 OK"
2026-08-17 22:40:24,444 - INFO - HTTP Request: POST http://localhost:8002/v1/chat/completions "HTTP/1.1 200 OK"
2026-08-17 22:40:28,086 - INFO - HTTP Request: POST http://localhost:8002/v1/chat/completions "HTTP/1.1 200 OK"

2026-08-17 22:40:30,919 - INFO - HTTP Request: POST http://localhost:8002/v1/chat/completions "HTTP/1.1 200 OK"
2026-08-17 22:40:34,983 - INFO - HTTP Request: POST http://localhost:8002/v1/chat/completions "HTTP/1.1 200 OK"

2026-08-17 22:40:36,516 - INFO - HTTP Request: POST http://localhost:8002/v1/chat/completions "HTTP/1.1 200 OK"

2026-08-17 22:40:41,955 - INFO - HTTP Request: POST http://localhost:8002/v1/chat/completions "HTTP/1.1 200 OK"

2026-08-17 22:40:52,592 - INFO - HTTP Request: POST http://localhost:8002/v1/chat/completions "HTTP/1.1 200 OK"
2026-08-17 22:40:59,428 - INFO - HTTP Request: POST http://localhost:8002/v1/chat/completions "HTTP/1.1 200 OK"
2026-08-17 22:41:01,106 - INFO - HTTP Request: POST http://localhost:8002/v1/chat/completions "HTTP/1.1 200 OK"
2026-08-17 22:41:06,438 - INFO - HTTP Request: POST http://localhost:8002/v1/chat/completions "HTTP/1.1 200 OK"

2026-08-17 22:41:07,319 - INFO - HTTP Request: POST http://localhost:8002/v1/chat/completions "HTTP/1.1 200 OK"
2026-08-17 22:41:12,471 - INFO - HTTP Request: POST http://localhost:8002/v1/chat/completions "HTTP/1.1 200 OK"

2026-08-17 22:41:14,004 - INFO - HTTP Request: POST http://localhost:8002/v1/chat/completions "HTTP/1.1 200 OK"

2026-08-17 22:41:16,837 - INFO - HTTP Request: POST http://localhost:8002/v1/chat/completions "HTTP/1.1 200 OK"

2026-08-17 22:41:30,079 - INFO - HTTP Request: POST http://localhost:8002/v1/chat/completions "HTTP/1.1 200 OK"
2026-08-17 22:41:32,563 - INFO - HTTP Request: POST http://localhost:8002/v1/chat/completions "HTTP/1.1 200 OK"
2026-08-17 22:41:34,459 - INFO - HTTP Request: POST http://localhost:8002/v1/chat/completions "HTTP/1.1 200 OK"
2026-08-17 22:41:42,022 - INFO - HTTP Request: POST http://localhost:8002/v1/chat/completions "HTTP/1.1 200 OK"
2026-08-17 22:41:44,566 - INFO - HTTP Request: POST http://localhost:8002/v1/chat/completions "HTTP/1.1 200 OK"

2026-08-17 22:41:45,884 - INFO - HTTP Request: POST http://localhost:8002/v1/chat/completions "HTTP/1.1 200 OK"

2026-08-17 22:41:46,319 - INFO - HTTP Request: POST http://localhost:8002/v1/chat/completions "HTTP/1.1 200 OK"

2026-08-17 22:41:53,490 - INFO - HTTP Request: POST http://localhost:8002/v1/chat/completions "HTTP/1.1 200 OK"

2026-08-17 22:42:04,352 - INFO - HTTP Request: POST http://localhost:8002/v1/chat/completions "HTTP/1.1 200 OK"
2026-08-17 22:42:13,579 - INFO - HTTP Request: POST http://localhost:8002/v1/chat/completions "HTTP/1.1 200 OK"
2026-08-17 22:42:14,590 - INFO - HTTP Request: POST http://localhost:8002/v1/chat/completions "HTTP/1.1 200 OK"

2026-08-17 22:42:15,024 - INFO - HTTP Request: POST http://localhost:8002/v1/chat/completions "HTTP/1.1 200 OK"
2026-08-17 22:42:15,762 - INFO - HTTP Request: POST http://localhost:8002/v1/chat/completions "HTTP/1.1 200 OK"
2026-08-17 22:42:23,118 - INFO - HTTP Request: POST http://localhost:8002/v1/chat/completions "HTTP/1.1 200 OK"

2026-08-17 22:42:28,345 - INFO - HTTP Request: POST http://localhost:8002/v1/chat/completions "HTTP/1.1 200 OK"

2026-08-17 22:42:29,435 - INFO - HTTP Request: POST http://localhost:8002/v1/chat/completions "HTTP/1.1 200 OK"

2026-08-17 22:42:43,981 - INFO - HTTP Request: POST http://localhost:8002/v1/chat/completions "HTTP/1.1 200 OK"
2026-08-17 22:42:48,640 - INFO - HTTP Request: POST http://localhost:8002/v1/chat/completions "HTTP/1.1 200 OK"
2026-08-17 22:42:50,102 - INFO - HTTP Request: POST http://localhost:8002/v1/chat/completions "HTTP/1.1 200 OK"
2026-08-17 22:42:52,876 - INFO - HTTP Request: POST http://localhost:8002/v1/chat/completions "HTTP/1.1 200 OK"
2026-08-17 22:42:59,128 - INFO - HTTP Request: POST http://localhost:8002/v1/chat/completions "HTTP/1.1 200 OK"

2026-08-17 22:43:02,182 - INFO - HTTP Request: POST http://localhost:8002/v1/chat/completions "HTTP/1.1 200 OK"

2026-08-17 22:43:05,233 - INFO - HTTP Request: POST http://localhost:8002/v1/chat/completions "HTTP/1.1 200 OK"

2026-08-17 22:43:06,759 - INFO - HTTP Request: POST http://localhost:8002/v1/chat/completions "HTTP/1.1 200 OK"

2026-08-17 22:43:19,139 - INFO - HTTP Request: POST http://localhost:8002/v1/chat/completions "HTTP/1.1 200 OK"
2026-08-17 22:43:25,545 - INFO - HTTP Request: POST http://localhost:8002/v1/chat/completions "HTTP/1.1 200 OK"
2026-08-17 22:43:31,780 - INFO - HTTP Request: POST http://localhost:8002/v1/chat/completions "HTTP/1.1 200 OK"
2026-08-17 22:43:33,901 - INFO - HTTP Request: POST http://localhost:8002/v1/chat/completions "HTTP/1.1 200 OK"

2026-08-17 22:43:36,736 - INFO - HTTP Request: POST http://localhost:8002/v1/chat/completions "HTTP/1.1 200 OK"
2026-08-17 22:43:37,767 - INFO - HTTP Request: POST http://localhost:8002/v1/chat/completions "HTTP/1.1 200 OK"

2026-08-17 22:43:44,520 - INFO - HTTP Request: POST http://localhost:8002/v1/chat/completions "HTTP/1.1 200 OK"

2026-08-17 22:43:46,925 - INFO - HTTP Request: POST http://localhost:8002/v1/chat/completions "HTTP/1.1 200 OK"

2026-08-17 22:44:03,451 - INFO - HTTP Request: POST http://localhost:8002/v1/chat/completions "HTTP/1.1 200 OK"
2026-08-17 22:44:07,251 - INFO - HTTP Request: POST http://localhost:8002/v1/chat/completions "HTTP/1.1 200 OK"
2026-08-17 22:44:17,194 - INFO - HTTP Request: POST http://localhost:8002/v1/chat/completions "HTTP/1.1 200 OK"

2026-08-17 22:44:17,629 - INFO - HTTP Request: POST http://localhost:8002/v1/chat/completions "HTTP/1.1 200 OK"
2026-08-17 22:44:18,889 - INFO - HTTP Request: POST http://localhost:8002/v1/chat/completions "HTTP/1.1 200 OK"

2026-08-17 22:44:20,858 - INFO - HTTP Request: POST http://localhost:8002/v1/chat/completions "HTTP/1.1 200 OK"
2026-08-17 22:44:30,605 - INFO - HTTP Request: POST http://localhost:8002/v1/chat/completions "HTTP/1.1 200 OK"

r2_cfg2:  90%|█████████ | 45/50 [1:09:56<10:46, 129.33s/it]2026-08-17 22:44:34,091 - INFO - HTTP Request: POST http://localhost:8002/v1/chat/completions "HTTP/1.1 200 OK"

r2_cfg2:  92%|█████████▏| 46/50 [1:09:59<06:07, 91.80s/it] 2026-08-17 22:44:50,612 - INFO - HTTP Request: POST http://localhost:8002/v1/chat/completions "HTTP/1.1 200 OK"
2026-08-17 22:44:52,237 - INFO - HTTP Request: POST http://localhost:8002/v1/chat/completions "HTTP/1.1 200 OK"
2026-08-17 22:44:52,672 - INFO - HTTP Request: POST http://localhost:8002/v1/chat/completions "HTTP/1.1 200 OK"
2026-08-17 22:44:56,841 - INFO - HTTP Request: POST http://localhost:8002/v1/chat/completions "HTTP/1.1 200 OK"
2026-08-17 22:45:02,164 - INFO - HTTP Request: POST http://localhost:8002/v1/chat/completions "HTTP/1.1 200 OK"

r2_cfg2:  94%|█████████▍| 47/50 [1:10:27<03:38, 72.76s/it]2026-08-17 22:45:06,525 - INFO - HTTP Request: POST http://localhost:8002/v1/chat/completions "HTTP/1.1 200 OK"

r2_cfg2:  96%|█████████▌| 48/50 [1:10:32<01:44, 52.30s/it]2026-08-17 22:45:07,395 - INFO - HTTP Request: POST http://localhost:8002/v1/chat/completions "HTTP/1.1 200 OK"

2026-08-17 22:45:11,128 - INFO - HTTP Request: POST http://localhost:8002/v1/chat/completions "HTTP/1.1 200 OK"

2026-08-17 22:45:33,060 - INFO - HTTP Request: POST http://localhost:8002/v1/chat/completions "HTTP/1.1 200 OK"
2026-08-17 22:45:37,173 - INFO - HTTP Request: POST http://localhost:8002/v1/chat/completions "HTTP/1.1 200 OK"
2026-08-17 22:45:44,691 - INFO - HTTP Request: POST http://localhost:8002/v1/chat/completions "HTTP/1.1 200 OK"

2026-08-17 22:45:50,163 - INFO - HTTP Request: POST http://localhost:8002/v1/chat/completions "HTTP/1.1 200 OK"

2026-08-17 22:46:08,628 - INFO - HTTP Request: POST http://localhost:8002/v1/chat/completions "HTTP/1.1 200 OK"
2026-08-17 22:46:14,479 - INFO - HTTP Request: POST http://localhost:8002/v1/chat/completions "HTTP/1.1 200 OK"
2026-08-17 22:46:19,823 - INFO - HTTP Request: POST http://localhost:8002/v1/chat/completions "HTTP/1.1 200 OK"

2026-08-17 22:46:26,378 - INFO - HTTP Request: POST http://localhost:8002/v1/chat/completions "HTTP/1.1 200 OK"

2026-08-17 22:46:42,894 - INFO - HTTP Request: POST http://localhost:8002/v1/chat/completions "HTTP/1.1 200 OK"
2026-08-17 22:46:50,209 - INFO - HTTP Request: POST http://localhost:8002/v1/chat/completions "HTTP/1.1 200 OK"
2026-08-17 22:46:55,336 - INFO - HTTP Request: POST http://localhost:8002/v1/chat/completions "HTTP/1.1 200 OK"

2026-08-17 22:47:02,547 - INFO - HTTP Request: POST http://localhost:8002/v1/chat/completions "HTTP/1.1 200 OK"

2026-08-17 22:47:14,734 - INFO - HTTP Request: POST http://localhost:8002/v1/chat/completions "HTTP/1.1 200 OK"
2026-08-17 22:47:22,325 - INFO - HTTP Request: POST http://localhost:8002/v1/chat/completions "HTTP/1.1 200 OK"
2026-08-17 22:47:26,147 - INFO - HTTP Request: POST http://localhost:8002/v1/chat/completions "HTTP/1.1 200 OK"

2026-08-17 22:47:30,098 - INFO - HTTP Request: POST http://localhost:8002/v1/chat/completions "HTTP/1.1 200 OK"

2026-08-17 22:47:54,419 - INFO - HTTP Request: POST http://localhost:8002/v1/chat/completions "HTTP/1.1 200 OK"
2026-08-17 22:47:58,692 - INFO - HTTP Request: POST http://localhost:8002/v1/chat/completions "HTTP/1.1 200 OK"
2026-08-17 22:48:03,383 - INFO - HTTP Request: POST http://localhost:8002/v1/chat/completions "HTTP/1.1 200 OK"

2026-08-17 22:48:12,984 - INFO - HTTP Request: POST http://localhost:8002/v1/chat/completions "HTTP/1.1 200 OK"

2026-08-17 22:48:22,994 - INFO - HTTP Request: POST http://localhost:8002/v1/chat/completions "HTTP/1.1 200 OK"
2026-08-17 22:48:32,973 - INFO - HTTP Request: POST http://localhost:8002/v1/chat/completions "HTTP/1.1 200 OK"
2026-08-17 22:48:35,928 - INFO - HTTP Request: POST http://localhost:8002/v1/chat/completions "HTTP/1.1 200 OK"

2026-08-17 22:48:50,312 - INFO - HTTP Request: POST http://localhost:8002/v1/chat/completions "HTTP/1.1 200 OK"

2026-08-17 22:49:04,661 - INFO - HTTP Request: POST http://localhost:8002/v1/chat/completions "HTTP/1.1 200 OK"
2026-08-17 22:49:16,162 - INFO - HTTP Request: POST http://localhost:8002/v1/chat/completions "HTTP/1.1 200 OK"

2026-08-17 22:49:19,238 - INFO - HTTP Request: POST http://localhost:8002/v1/chat/completions "HTTP/1.1 200 OK"
2026-08-17 22:49:34,141 - INFO - HTTP Request: POST http://localhost:8002/v1/chat/completions "HTTP/1.1 200 OK"

2026-08-17 22:49:48,489 - INFO - HTTP Request: POST http://localhost:8002/v1/chat/completions "HTTP/1.1 200 OK"
2026-08-17 22:50:06,513 - INFO - HTTP Request: POST http://localhost:8002/v1/chat/completions "HTTP/1.1 200 OK"
2026-08-17 22:50:06,514 - INFO - HTTP Request: POST http://localhost:8002/v1/chat/completions "HTTP/1.1 200 OK"

r2_cfg2:  98%|█████████▊| 49/50 [1:15:32<02:06, 126.46s/it]2026-08-17 22:50:09,847 - INFO - HTTP Request: POST http://localhost:8002/v1/chat/completions "HTTP/1.1 200 OK"

r2_cfg2: 100%|██████████| 50/50 [1:15:35<00:00, 89.57s/it] r2_cfg2: 100%|██████████| 50/50 [1:15:35<00:00, 90.72s/it]
  done in 4536.0s (valid 50/50, invalid {})

Scored 1 model/s.
Report:  /LAB/Swiss-Knife/tribunal/bayes_search_honesty/eval_results/round2/r2_cfg2/report/index.html
Tables:  /LAB/Swiss-Knife/tribunal/bayes_search_honesty/eval_results/round2/r2_cfg2/model_summary.csv, /LAB/Swiss-Knife/tribunal/bayes_search_honesty/eval_results/round2/r2_cfg2/summary.csv
