2026-08-17 16:48:14,813 - INFO - Judge client pointed at http://localhost:8005/v1
2026-08-17 16:48:17,976 - INFO - Loading Detoxify model (CPU)
2026-08-17 16:48:21,619 - INFO - HTTP Request: HEAD https://huggingface.co/bert-base-uncased/resolve/main/config.json "HTTP/1.1 200 OK"
Warning: You are sending unauthenticated requests to the HF Hub. Please set a HF_TOKEN to enable higher rate limits and faster downloads.
2026-08-17 16:48:21,620 - WARNING - Warning: You are sending unauthenticated requests to the HF Hub. Please set a HF_TOKEN to enable higher rate limits and faster downloads.
input:  /LAB/Swiss-Knife/tribunal/bayes_search_honesty/eval_results/round0/r0_cfg47/_tribunal_input_tmp (1 model file/s)
output: /LAB/Swiss-Knife/tribunal/bayes_search_honesty/eval_results/round0/r0_cfg47
judge:  Qwen/Qwen2.5-32B-Instruct @ http://localhost:8005/v1
detoxify cross-check: True
Loading weights:   0%|          | 0/201 [00:00<?, ?it/s]Loading weights: 100%|██████████| 201/201 [00:00<00:00, 32246.60it/s]
2026-08-17 16:48:21,950 - INFO - HTTP Request: HEAD https://huggingface.co/bert-base-uncased/resolve/main/tokenizer_config.json "HTTP/1.1 200 OK"
2026-08-17 16:48:22,166 - INFO - HTTP Request: GET https://huggingface.co/api/models/bert-base-uncased/tree/main/additional_chat_templates?recursive=false&expand=false "HTTP/1.1 307 Temporary Redirect"
2026-08-17 16:48:22,377 - INFO - HTTP Request: GET https://huggingface.co/api/models/google-bert/bert-base-uncased/tree/main/additional_chat_templates?recursive=false&expand=false "HTTP/1.1 404 Not Found"
2026-08-17 16:48:22,590 - INFO - HTTP Request: GET https://huggingface.co/api/models/bert-base-uncased/tree/main?recursive=true&expand=false "HTTP/1.1 307 Temporary Redirect"
2026-08-17 16:48:22,816 - INFO - HTTP Request: GET https://huggingface.co/api/models/google-bert/bert-base-uncased/tree/main?recursive=true&expand=false "HTTP/1.1 200 OK"

[1/1] r0_cfg47
  scoring 50 records (0 skipped or cached) [workers=4]
r0_cfg47:   0%|          | 0/50 [00:00<?, ?it/s]2026-08-17 16:48:44,834 - INFO - HTTP Request: POST http://localhost:8005/v1/chat/completions "HTTP/1.1 200 OK"
2026-08-17 16:48:45,051 - INFO - HTTP Request: POST http://localhost:8005/v1/chat/completions "HTTP/1.1 200 OK"
2026-08-17 16:48:45,055 - INFO - HTTP Request: POST http://localhost:8005/v1/chat/completions "HTTP/1.1 200 OK"
2026-08-17 16:48:45,636 - INFO - HTTP Request: POST http://localhost:8005/v1/chat/completions "HTTP/1.1 200 OK"
2026-08-17 16:48:55,659 - INFO - HTTP Request: POST http://localhost:8005/v1/chat/completions "HTTP/1.1 200 OK"

2026-08-17 16:48:58,120 - INFO - HTTP Request: POST http://localhost:8005/v1/chat/completions "HTTP/1.1 200 OK"

2026-08-17 16:49:00,947 - INFO - HTTP Request: POST http://localhost:8005/v1/chat/completions "HTTP/1.1 200 OK"

2026-08-17 16:49:03,118 - INFO - HTTP Request: POST http://localhost:8005/v1/chat/completions "HTTP/1.1 200 OK"

2026-08-17 16:49:21,756 - INFO - HTTP Request: POST http://localhost:8005/v1/chat/completions "HTTP/1.1 200 OK"
2026-08-17 16:49:24,586 - INFO - HTTP Request: POST http://localhost:8005/v1/chat/completions "HTTP/1.1 200 OK"
2026-08-17 16:49:27,512 - INFO - HTTP Request: POST http://localhost:8005/v1/chat/completions "HTTP/1.1 200 OK"
2026-08-17 16:49:30,335 - INFO - HTTP Request: POST http://localhost:8005/v1/chat/completions "HTTP/1.1 200 OK"
2026-08-17 16:49:39,855 - INFO - HTTP Request: POST http://localhost:8005/v1/chat/completions "HTTP/1.1 200 OK"

2026-08-17 16:49:41,650 - INFO - HTTP Request: POST http://localhost:8005/v1/chat/completions "HTTP/1.1 200 OK"

2026-08-17 16:49:41,654 - INFO - HTTP Request: POST http://localhost:8005/v1/chat/completions "HTTP/1.1 200 OK"

2026-08-17 16:49:44,263 - INFO - HTTP Request: POST http://localhost:8005/v1/chat/completions "HTTP/1.1 200 OK"

2026-08-17 16:50:04,219 - INFO - HTTP Request: POST http://localhost:8005/v1/chat/completions "HTTP/1.1 200 OK"
2026-08-17 16:50:06,399 - INFO - HTTP Request: POST http://localhost:8005/v1/chat/completions "HTTP/1.1 200 OK"
2026-08-17 16:50:06,407 - INFO - HTTP Request: POST http://localhost:8005/v1/chat/completions "HTTP/1.1 200 OK"
2026-08-17 16:50:09,686 - INFO - HTTP Request: POST http://localhost:8005/v1/chat/completions "HTTP/1.1 200 OK"
2026-08-17 16:50:20,247 - INFO - HTTP Request: POST http://localhost:8005/v1/chat/completions "HTTP/1.1 200 OK"

2026-08-17 16:50:20,466 - INFO - HTTP Request: POST http://localhost:8005/v1/chat/completions "HTTP/1.1 200 OK"

2026-08-17 16:50:21,616 - INFO - HTTP Request: POST http://localhost:8005/v1/chat/completions "HTTP/1.1 200 OK"

2026-08-17 16:50:24,665 - INFO - HTTP Request: POST http://localhost:8005/v1/chat/completions "HTTP/1.1 200 OK"

2026-08-17 16:50:44,425 - INFO - HTTP Request: POST http://localhost:8005/v1/chat/completions "HTTP/1.1 200 OK"
2026-08-17 16:50:44,426 - INFO - HTTP Request: POST http://localhost:8005/v1/chat/completions "HTTP/1.1 200 OK"
2026-08-17 16:50:46,433 - INFO - HTTP Request: POST http://localhost:8005/v1/chat/completions "HTTP/1.1 200 OK"
2026-08-17 16:50:50,018 - INFO - HTTP Request: POST http://localhost:8005/v1/chat/completions "HTTP/1.1 200 OK"
2026-08-17 16:50:58,298 - INFO - HTTP Request: POST http://localhost:8005/v1/chat/completions "HTTP/1.1 200 OK"

2026-08-17 16:50:58,517 - INFO - HTTP Request: POST http://localhost:8005/v1/chat/completions "HTTP/1.1 200 OK"

2026-08-17 16:50:59,452 - INFO - HTTP Request: POST http://localhost:8005/v1/chat/completions "HTTP/1.1 200 OK"

2026-08-17 16:51:02,717 - INFO - HTTP Request: POST http://localhost:8005/v1/chat/completions "HTTP/1.1 200 OK"

2026-08-17 16:51:18,127 - INFO - HTTP Request: POST http://localhost:8005/v1/chat/completions "HTTP/1.1 200 OK"
2026-08-17 16:51:18,343 - INFO - HTTP Request: POST http://localhost:8005/v1/chat/completions "HTTP/1.1 200 OK"
2026-08-17 16:51:19,970 - INFO - HTTP Request: POST http://localhost:8005/v1/chat/completions "HTTP/1.1 200 OK"
2026-08-17 16:51:23,554 - INFO - HTTP Request: POST http://localhost:8005/v1/chat/completions "HTTP/1.1 200 OK"
2026-08-17 16:51:32,817 - INFO - HTTP Request: POST http://localhost:8005/v1/chat/completions "HTTP/1.1 200 OK"

2026-08-17 16:51:32,818 - INFO - HTTP Request: POST http://localhost:8005/v1/chat/completions "HTTP/1.1 200 OK"

2026-08-17 16:51:35,497 - INFO - HTTP Request: POST http://localhost:8005/v1/chat/completions "HTTP/1.1 200 OK"

2026-08-17 16:51:38,759 - INFO - HTTP Request: POST http://localhost:8005/v1/chat/completions "HTTP/1.1 200 OK"

2026-08-17 16:52:01,548 - INFO - HTTP Request: POST http://localhost:8005/v1/chat/completions "HTTP/1.1 200 OK"
2026-08-17 16:52:01,549 - INFO - HTTP Request: POST http://localhost:8005/v1/chat/completions "HTTP/1.1 200 OK"
2026-08-17 16:52:04,974 - INFO - HTTP Request: POST http://localhost:8005/v1/chat/completions "HTTP/1.1 200 OK"
2026-08-17 16:52:08,560 - INFO - HTTP Request: POST http://localhost:8005/v1/chat/completions "HTTP/1.1 200 OK"
2026-08-17 16:52:13,461 - INFO - HTTP Request: POST http://localhost:8005/v1/chat/completions "HTTP/1.1 200 OK"

2026-08-17 16:52:17,890 - INFO - HTTP Request: POST http://localhost:8005/v1/chat/completions "HTTP/1.1 200 OK"

2026-08-17 16:52:18,764 - INFO - HTTP Request: POST http://localhost:8005/v1/chat/completions "HTTP/1.1 200 OK"

2026-08-17 16:52:21,809 - INFO - HTTP Request: POST http://localhost:8005/v1/chat/completions "HTTP/1.1 200 OK"

2026-08-17 16:52:33,529 - INFO - HTTP Request: POST http://localhost:8005/v1/chat/completions "HTTP/1.1 200 OK"
2026-08-17 16:52:38,325 - INFO - HTTP Request: POST http://localhost:8005/v1/chat/completions "HTTP/1.1 200 OK"
2026-08-17 16:52:39,518 - INFO - HTTP Request: POST http://localhost:8005/v1/chat/completions "HTTP/1.1 200 OK"
2026-08-17 16:52:42,894 - INFO - HTTP Request: POST http://localhost:8005/v1/chat/completions "HTTP/1.1 200 OK"
2026-08-17 16:52:46,489 - INFO - HTTP Request: POST http://localhost:8005/v1/chat/completions "HTTP/1.1 200 OK"

2026-08-17 16:52:51,426 - INFO - HTTP Request: POST http://localhost:8005/v1/chat/completions "HTTP/1.1 200 OK"

2026-08-17 16:52:56,000 - INFO - HTTP Request: POST http://localhost:8005/v1/chat/completions "HTTP/1.1 200 OK"

2026-08-17 16:52:59,265 - INFO - HTTP Request: POST http://localhost:8005/v1/chat/completions "HTTP/1.1 200 OK"

2026-08-17 16:53:15,767 - INFO - HTTP Request: POST http://localhost:8005/v1/chat/completions "HTTP/1.1 200 OK"
2026-08-17 16:53:21,077 - INFO - HTTP Request: POST http://localhost:8005/v1/chat/completions "HTTP/1.1 200 OK"
2026-08-17 16:53:25,965 - INFO - HTTP Request: POST http://localhost:8005/v1/chat/completions "HTTP/1.1 200 OK"
2026-08-17 16:53:29,557 - INFO - HTTP Request: POST http://localhost:8005/v1/chat/completions "HTTP/1.1 200 OK"
2026-08-17 16:53:34,680 - INFO - HTTP Request: POST http://localhost:8005/v1/chat/completions "HTTP/1.1 200 OK"

2026-08-17 16:53:35,472 - INFO - HTTP Request: POST http://localhost:8005/v1/chat/completions "HTTP/1.1 200 OK"

2026-08-17 16:53:41,795 - INFO - HTTP Request: POST http://localhost:8005/v1/chat/completions "HTTP/1.1 200 OK"

2026-08-17 16:53:43,545 - INFO - HTTP Request: POST http://localhost:8005/v1/chat/completions "HTTP/1.1 200 OK"

2026-08-17 16:54:07,215 - INFO - HTTP Request: POST http://localhost:8005/v1/chat/completions "HTTP/1.1 200 OK"
2026-08-17 16:54:08,610 - INFO - HTTP Request: POST http://localhost:8005/v1/chat/completions "HTTP/1.1 200 OK"
2026-08-17 16:54:15,375 - INFO - HTTP Request: POST http://localhost:8005/v1/chat/completions "HTTP/1.1 200 OK"
2026-08-17 16:54:17,881 - INFO - HTTP Request: POST http://localhost:8005/v1/chat/completions "HTTP/1.1 200 OK"
2026-08-17 16:54:19,280 - INFO - HTTP Request: POST http://localhost:8005/v1/chat/completions "HTTP/1.1 200 OK"

r0_cfg47:   2%|▏         | 1/50 [05:56<4:51:03, 356.39s/it]2026-08-17 16:54:22,552 - INFO - HTTP Request: POST http://localhost:8005/v1/chat/completions "HTTP/1.1 200 OK"

r0_cfg47:   4%|▍         | 2/50 [05:59<1:58:56, 148.67s/it]2026-08-17 16:54:32,788 - INFO - HTTP Request: POST http://localhost:8005/v1/chat/completions "HTTP/1.1 200 OK"

r0_cfg47:   6%|▌         | 3/50 [06:09<1:06:56, 85.46s/it] 2026-08-17 16:54:33,096 - INFO - HTTP Request: POST http://localhost:8005/v1/chat/completions "HTTP/1.1 200 OK"

r0_cfg47:   8%|▊         | 4/50 [06:10<39:44, 51.84s/it]  2026-08-17 16:54:41,032 - INFO - HTTP Request: POST http://localhost:8005/v1/chat/completions "HTTP/1.1 200 OK"
2026-08-17 16:54:44,608 - INFO - HTTP Request: POST http://localhost:8005/v1/chat/completions "HTTP/1.1 200 OK"
2026-08-17 16:54:53,687 - INFO - HTTP Request: POST http://localhost:8005/v1/chat/completions "HTTP/1.1 200 OK"

2026-08-17 16:54:55,646 - INFO - HTTP Request: POST http://localhost:8005/v1/chat/completions "HTTP/1.1 200 OK"
2026-08-17 16:54:56,366 - INFO - HTTP Request: POST http://localhost:8005/v1/chat/completions "HTTP/1.1 200 OK"
2026-08-17 16:54:58,949 - INFO - HTTP Request: POST http://localhost:8005/v1/chat/completions "HTTP/1.1 200 OK"

2026-08-17 16:55:09,613 - INFO - HTTP Request: POST http://localhost:8005/v1/chat/completions "HTTP/1.1 200 OK"

2026-08-17 16:55:10,269 - INFO - HTTP Request: POST http://localhost:8005/v1/chat/completions "HTTP/1.1 200 OK"

2026-08-17 16:55:20,464 - INFO - HTTP Request: POST http://localhost:8005/v1/chat/completions "HTTP/1.1 200 OK"
2026-08-17 16:55:25,346 - INFO - HTTP Request: POST http://localhost:8005/v1/chat/completions "HTTP/1.1 200 OK"
2026-08-17 16:55:34,425 - INFO - HTTP Request: POST http://localhost:8005/v1/chat/completions "HTTP/1.1 200 OK"

2026-08-17 16:55:35,081 - INFO - HTTP Request: POST http://localhost:8005/v1/chat/completions "HTTP/1.1 200 OK"

2026-08-17 16:55:36,383 - INFO - HTTP Request: POST http://localhost:8005/v1/chat/completions "HTTP/1.1 200 OK"
2026-08-17 16:55:37,410 - INFO - HTTP Request: POST http://localhost:8005/v1/chat/completions "HTTP/1.1 200 OK"
2026-08-17 16:55:47,136 - INFO - HTTP Request: POST http://localhost:8005/v1/chat/completions "HTTP/1.1 200 OK"

2026-08-17 16:55:51,052 - INFO - HTTP Request: POST http://localhost:8005/v1/chat/completions "HTTP/1.1 200 OK"

2026-08-17 16:55:59,517 - INFO - HTTP Request: POST http://localhost:8005/v1/chat/completions "HTTP/1.1 200 OK"
2026-08-17 16:56:00,490 - INFO - HTTP Request: POST http://localhost:8005/v1/chat/completions "HTTP/1.1 200 OK"
2026-08-17 16:56:12,177 - INFO - HTTP Request: POST http://localhost:8005/v1/chat/completions "HTTP/1.1 200 OK"
2026-08-17 16:56:13,208 - INFO - HTTP Request: POST http://localhost:8005/v1/chat/completions "HTTP/1.1 200 OK"

2026-08-17 16:56:14,305 - INFO - HTTP Request: POST http://localhost:8005/v1/chat/completions "HTTP/1.1 200 OK"

2026-08-17 16:56:16,488 - INFO - HTTP Request: POST http://localhost:8005/v1/chat/completions "HTTP/1.1 200 OK"
2026-08-17 16:56:25,080 - INFO - HTTP Request: POST http://localhost:8005/v1/chat/completions "HTTP/1.1 200 OK"

2026-08-17 16:56:30,956 - INFO - HTTP Request: POST http://localhost:8005/v1/chat/completions "HTTP/1.1 200 OK"

2026-08-17 16:56:37,692 - INFO - HTTP Request: POST http://localhost:8005/v1/chat/completions "HTTP/1.1 200 OK"
2026-08-17 16:56:38,455 - INFO - HTTP Request: POST http://localhost:8005/v1/chat/completions "HTTP/1.1 200 OK"
2026-08-17 16:56:49,876 - INFO - HTTP Request: POST http://localhost:8005/v1/chat/completions "HTTP/1.1 200 OK"
2026-08-17 16:56:51,777 - INFO - HTTP Request: POST http://localhost:8005/v1/chat/completions "HTTP/1.1 200 OK"

2026-08-17 16:56:51,778 - INFO - HTTP Request: POST http://localhost:8005/v1/chat/completions "HTTP/1.1 200 OK"

2026-08-17 16:56:56,352 - INFO - HTTP Request: POST http://localhost:8005/v1/chat/completions "HTTP/1.1 200 OK"
2026-08-17 16:57:02,984 - INFO - HTTP Request: POST http://localhost:8005/v1/chat/completions "HTTP/1.1 200 OK"

2026-08-17 16:57:08,858 - INFO - HTTP Request: POST http://localhost:8005/v1/chat/completions "HTTP/1.1 200 OK"

2026-08-17 16:57:11,904 - INFO - HTTP Request: POST http://localhost:8005/v1/chat/completions "HTTP/1.1 200 OK"
2026-08-17 16:57:11,905 - INFO - HTTP Request: POST http://localhost:8005/v1/chat/completions "HTTP/1.1 200 OK"
2026-08-17 16:57:23,463 - INFO - HTTP Request: POST http://localhost:8005/v1/chat/completions "HTTP/1.1 200 OK"
2026-08-17 16:57:24,211 - INFO - HTTP Request: POST http://localhost:8005/v1/chat/completions "HTTP/1.1 200 OK"

2026-08-17 16:57:24,492 - INFO - HTTP Request: POST http://localhost:8005/v1/chat/completions "HTTP/1.1 200 OK"

2026-08-17 16:57:29,711 - INFO - HTTP Request: POST http://localhost:8005/v1/chat/completions "HTTP/1.1 200 OK"
2026-08-17 16:57:34,819 - INFO - HTTP Request: POST http://localhost:8005/v1/chat/completions "HTTP/1.1 200 OK"

2026-08-17 16:57:43,729 - INFO - HTTP Request: POST http://localhost:8005/v1/chat/completions "HTTP/1.1 200 OK"

2026-08-17 16:57:53,279 - INFO - HTTP Request: POST http://localhost:8005/v1/chat/completions "HTTP/1.1 200 OK"
2026-08-17 16:57:53,499 - INFO - HTTP Request: POST http://localhost:8005/v1/chat/completions "HTTP/1.1 200 OK"
2026-08-17 16:58:04,191 - INFO - HTTP Request: POST http://localhost:8005/v1/chat/completions "HTTP/1.1 200 OK"
2026-08-17 16:58:06,527 - INFO - HTTP Request: POST http://localhost:8005/v1/chat/completions "HTTP/1.1 200 OK"

2026-08-17 16:58:08,054 - INFO - HTTP Request: POST http://localhost:8005/v1/chat/completions "HTTP/1.1 200 OK"

2026-08-17 16:58:13,491 - INFO - HTTP Request: POST http://localhost:8005/v1/chat/completions "HTTP/1.1 200 OK"
2026-08-17 16:58:18,163 - INFO - HTTP Request: POST http://localhost:8005/v1/chat/completions "HTTP/1.1 200 OK"

2026-08-17 16:58:23,381 - INFO - HTTP Request: POST http://localhost:8005/v1/chat/completions "HTTP/1.1 200 OK"

2026-08-17 16:58:26,853 - INFO - HTTP Request: POST http://localhost:8005/v1/chat/completions "HTTP/1.1 200 OK"
2026-08-17 16:58:28,750 - INFO - HTTP Request: POST http://localhost:8005/v1/chat/completions "HTTP/1.1 200 OK"
2026-08-17 16:58:38,860 - INFO - HTTP Request: POST http://localhost:8005/v1/chat/completions "HTTP/1.1 200 OK"
2026-08-17 16:58:42,070 - INFO - HTTP Request: POST http://localhost:8005/v1/chat/completions "HTTP/1.1 200 OK"

2026-08-17 16:58:42,288 - INFO - HTTP Request: POST http://localhost:8005/v1/chat/completions "HTTP/1.1 200 OK"

2026-08-17 16:58:44,468 - INFO - HTTP Request: POST http://localhost:8005/v1/chat/completions "HTTP/1.1 200 OK"
2026-08-17 16:58:52,240 - INFO - HTTP Request: POST http://localhost:8005/v1/chat/completions "HTTP/1.1 200 OK"

2026-08-17 16:59:02,243 - INFO - HTTP Request: POST http://localhost:8005/v1/chat/completions "HTTP/1.1 200 OK"

2026-08-17 16:59:11,580 - INFO - HTTP Request: POST http://localhost:8005/v1/chat/completions "HTTP/1.1 200 OK"
2026-08-17 16:59:11,798 - INFO - HTTP Request: POST http://localhost:8005/v1/chat/completions "HTTP/1.1 200 OK"
2026-08-17 16:59:22,076 - INFO - HTTP Request: POST http://localhost:8005/v1/chat/completions "HTTP/1.1 200 OK"
2026-08-17 16:59:22,810 - INFO - HTTP Request: POST http://localhost:8005/v1/chat/completions "HTTP/1.1 200 OK"

2026-08-17 16:59:27,252 - INFO - HTTP Request: POST http://localhost:8005/v1/chat/completions "HTTP/1.1 200 OK"

2026-08-17 16:59:32,481 - INFO - HTTP Request: POST http://localhost:8005/v1/chat/completions "HTTP/1.1 200 OK"
2026-08-17 16:59:34,984 - INFO - HTTP Request: POST http://localhost:8005/v1/chat/completions "HTTP/1.1 200 OK"

2026-08-17 16:59:46,514 - INFO - HTTP Request: POST http://localhost:8005/v1/chat/completions "HTTP/1.1 200 OK"

2026-08-17 16:59:55,857 - INFO - HTTP Request: POST http://localhost:8005/v1/chat/completions "HTTP/1.1 200 OK"
2026-08-17 17:00:01,017 - INFO - HTTP Request: POST http://localhost:8005/v1/chat/completions "HTTP/1.1 200 OK"
2026-08-17 17:00:07,434 - INFO - HTTP Request: POST http://localhost:8005/v1/chat/completions "HTTP/1.1 200 OK"

r0_cfg47:  10%|█         | 5/50 [11:44<1:55:17, 153.71s/it]2026-08-17 17:00:08,741 - INFO - HTTP Request: POST http://localhost:8005/v1/chat/completions "HTTP/1.1 200 OK"
2026-08-17 17:00:13,688 - INFO - HTTP Request: POST http://localhost:8005/v1/chat/completions "HTTP/1.1 200 OK"

r0_cfg47:  12%|█▏        | 6/50 [11:50<1:15:57, 103.58s/it]2026-08-17 17:00:20,648 - INFO - HTTP Request: POST http://localhost:8005/v1/chat/completions "HTTP/1.1 200 OK"
2026-08-17 17:00:23,800 - INFO - HTTP Request: POST http://localhost:8005/v1/chat/completions "HTTP/1.1 200 OK"

r0_cfg47:  14%|█▍        | 7/50 [12:00<52:19, 73.02s/it]   2026-08-17 17:00:29,886 - INFO - HTTP Request: POST http://localhost:8005/v1/chat/completions "HTTP/1.1 200 OK"
2026-08-17 17:00:33,948 - INFO - HTTP Request: POST http://localhost:8005/v1/chat/completions "HTTP/1.1 200 OK"

r0_cfg47:  16%|█▌        | 8/50 [12:11<37:06, 53.00s/it]2026-08-17 17:00:36,122 - INFO - HTTP Request: POST http://localhost:8005/v1/chat/completions "HTTP/1.1 200 OK"
2026-08-17 17:00:42,570 - INFO - HTTP Request: POST http://localhost:8005/v1/chat/completions "HTTP/1.1 200 OK"

2026-08-17 17:00:45,829 - INFO - HTTP Request: POST http://localhost:8005/v1/chat/completions "HTTP/1.1 200 OK"
2026-08-17 17:00:48,539 - INFO - HTTP Request: POST http://localhost:8005/v1/chat/completions "HTTP/1.1 200 OK"

2026-08-17 17:00:56,363 - INFO - HTTP Request: POST http://localhost:8005/v1/chat/completions "HTTP/1.1 200 OK"
2026-08-17 17:00:57,769 - INFO - HTTP Request: POST http://localhost:8005/v1/chat/completions "HTTP/1.1 200 OK"

2026-08-17 17:01:09,285 - INFO - HTTP Request: POST http://localhost:8005/v1/chat/completions "HTTP/1.1 200 OK"
2026-08-17 17:01:09,719 - INFO - HTTP Request: POST http://localhost:8005/v1/chat/completions "HTTP/1.1 200 OK"

2026-08-17 17:01:15,082 - INFO - HTTP Request: POST http://localhost:8005/v1/chat/completions "HTTP/1.1 200 OK"
2026-08-17 17:01:23,491 - INFO - HTTP Request: POST http://localhost:8005/v1/chat/completions "HTTP/1.1 200 OK"

2026-08-17 17:01:24,146 - INFO - HTTP Request: POST http://localhost:8005/v1/chat/completions "HTTP/1.1 200 OK"
2026-08-17 17:01:26,690 - INFO - HTTP Request: POST http://localhost:8005/v1/chat/completions "HTTP/1.1 200 OK"

2026-08-17 17:01:36,472 - INFO - HTTP Request: POST http://localhost:8005/v1/chat/completions "HTTP/1.1 200 OK"
2026-08-17 17:01:38,315 - INFO - HTTP Request: POST http://localhost:8005/v1/chat/completions "HTTP/1.1 200 OK"

2026-08-17 17:01:48,529 - INFO - HTTP Request: POST http://localhost:8005/v1/chat/completions "HTTP/1.1 200 OK"
2026-08-17 17:01:51,068 - INFO - HTTP Request: POST http://localhost:8005/v1/chat/completions "HTTP/1.1 200 OK"

2026-08-17 17:01:51,503 - INFO - HTTP Request: POST http://localhost:8005/v1/chat/completions "HTTP/1.1 200 OK"
2026-08-17 17:01:58,604 - INFO - HTTP Request: POST http://localhost:8005/v1/chat/completions "HTTP/1.1 200 OK"

2026-08-17 17:02:02,090 - INFO - HTTP Request: POST http://localhost:8005/v1/chat/completions "HTTP/1.1 200 OK"

2026-08-17 17:02:02,966 - INFO - HTTP Request: POST http://localhost:8005/v1/chat/completions "HTTP/1.1 200 OK"
2026-08-17 17:02:13,503 - INFO - HTTP Request: POST http://localhost:8005/v1/chat/completions "HTTP/1.1 200 OK"

2026-08-17 17:02:14,814 - INFO - HTTP Request: POST http://localhost:8005/v1/chat/completions "HTTP/1.1 200 OK"
2026-08-17 17:02:23,289 - INFO - HTTP Request: POST http://localhost:8005/v1/chat/completions "HTTP/1.1 200 OK"
2026-08-17 17:02:27,134 - INFO - HTTP Request: POST http://localhost:8005/v1/chat/completions "HTTP/1.1 200 OK"
2026-08-17 17:02:31,197 - INFO - HTTP Request: POST http://localhost:8005/v1/chat/completions "HTTP/1.1 200 OK"

2026-08-17 17:02:35,336 - INFO - HTTP Request: POST http://localhost:8005/v1/chat/completions "HTTP/1.1 200 OK"

2026-08-17 17:02:38,385 - INFO - HTTP Request: POST http://localhost:8005/v1/chat/completions "HTTP/1.1 200 OK"
2026-08-17 17:02:40,010 - INFO - HTTP Request: POST http://localhost:8005/v1/chat/completions "HTTP/1.1 200 OK"

2026-08-17 17:02:51,101 - INFO - HTTP Request: POST http://localhost:8005/v1/chat/completions "HTTP/1.1 200 OK"

2026-08-17 17:02:55,451 - INFO - HTTP Request: POST http://localhost:8005/v1/chat/completions "HTTP/1.1 200 OK"
2026-08-17 17:02:55,452 - INFO - HTTP Request: POST http://localhost:8005/v1/chat/completions "HTTP/1.1 200 OK"
2026-08-17 17:03:00,325 - INFO - HTTP Request: POST http://localhost:8005/v1/chat/completions "HTTP/1.1 200 OK"
2026-08-17 17:03:08,308 - INFO - HTTP Request: POST http://localhost:8005/v1/chat/completions "HTTP/1.1 200 OK"

2026-08-17 17:03:08,971 - INFO - HTTP Request: POST http://localhost:8005/v1/chat/completions "HTTP/1.1 200 OK"

2026-08-17 17:03:10,709 - INFO - HTTP Request: POST http://localhost:8005/v1/chat/completions "HTTP/1.1 200 OK"

2026-08-17 17:03:11,578 - INFO - HTTP Request: POST http://localhost:8005/v1/chat/completions "HTTP/1.1 200 OK"
2026-08-17 17:03:22,547 - INFO - HTTP Request: POST http://localhost:8005/v1/chat/completions "HTTP/1.1 200 OK"

2026-08-17 17:03:28,409 - INFO - HTTP Request: POST http://localhost:8005/v1/chat/completions "HTTP/1.1 200 OK"
2026-08-17 17:03:38,291 - INFO - HTTP Request: POST http://localhost:8005/v1/chat/completions "HTTP/1.1 200 OK"
2026-08-17 17:03:40,175 - INFO - HTTP Request: POST http://localhost:8005/v1/chat/completions "HTTP/1.1 200 OK"
2026-08-17 17:03:40,393 - INFO - HTTP Request: POST http://localhost:8005/v1/chat/completions "HTTP/1.1 200 OK"

2026-08-17 17:03:51,838 - INFO - HTTP Request: POST http://localhost:8005/v1/chat/completions "HTTP/1.1 200 OK"
2026-08-17 17:03:51,839 - INFO - HTTP Request: POST http://localhost:8005/v1/chat/completions "HTTP/1.1 200 OK"

2026-08-17 17:03:51,840 - INFO - HTTP Request: POST http://localhost:8005/v1/chat/completions "HTTP/1.1 200 OK"

2026-08-17 17:04:04,587 - INFO - HTTP Request: POST http://localhost:8005/v1/chat/completions "HTTP/1.1 200 OK"

2026-08-17 17:04:09,365 - INFO - HTTP Request: POST http://localhost:8005/v1/chat/completions "HTTP/1.1 200 OK"
2026-08-17 17:04:12,288 - INFO - HTTP Request: POST http://localhost:8005/v1/chat/completions "HTTP/1.1 200 OK"
2026-08-17 17:04:12,289 - INFO - HTTP Request: POST http://localhost:8005/v1/chat/completions "HTTP/1.1 200 OK"
2026-08-17 17:04:24,644 - INFO - HTTP Request: POST http://localhost:8005/v1/chat/completions "HTTP/1.1 200 OK"

2026-08-17 17:04:25,300 - INFO - HTTP Request: POST http://localhost:8005/v1/chat/completions "HTTP/1.1 200 OK"
2026-08-17 17:04:26,274 - INFO - HTTP Request: POST http://localhost:8005/v1/chat/completions "HTTP/1.1 200 OK"

2026-08-17 17:04:27,147 - INFO - HTTP Request: POST http://localhost:8005/v1/chat/completions "HTTP/1.1 200 OK"

2026-08-17 17:04:41,936 - INFO - HTTP Request: POST http://localhost:8005/v1/chat/completions "HTTP/1.1 200 OK"

2026-08-17 17:04:44,979 - INFO - HTTP Request: POST http://localhost:8005/v1/chat/completions "HTTP/1.1 200 OK"
2026-08-17 17:04:55,736 - INFO - HTTP Request: POST http://localhost:8005/v1/chat/completions "HTTP/1.1 200 OK"
2026-08-17 17:04:56,753 - INFO - HTTP Request: POST http://localhost:8005/v1/chat/completions "HTTP/1.1 200 OK"
2026-08-17 17:04:57,553 - INFO - HTTP Request: POST http://localhost:8005/v1/chat/completions "HTTP/1.1 200 OK"

2026-08-17 17:05:08,865 - INFO - HTTP Request: POST http://localhost:8005/v1/chat/completions "HTTP/1.1 200 OK"

2026-08-17 17:05:10,179 - INFO - HTTP Request: POST http://localhost:8005/v1/chat/completions "HTTP/1.1 200 OK"

2026-08-17 17:05:11,708 - INFO - HTTP Request: POST http://localhost:8005/v1/chat/completions "HTTP/1.1 200 OK"
2026-08-17 17:05:27,031 - INFO - HTTP Request: POST http://localhost:8005/v1/chat/completions "HTTP/1.1 200 OK"
2026-08-17 17:05:31,922 - INFO - HTTP Request: POST http://localhost:8005/v1/chat/completions "HTTP/1.1 200 OK"

2026-08-17 17:05:42,369 - INFO - HTTP Request: POST http://localhost:8005/v1/chat/completions "HTTP/1.1 200 OK"

2026-08-17 17:05:42,586 - INFO - HTTP Request: POST http://localhost:8005/v1/chat/completions "HTTP/1.1 200 OK"
2026-08-17 17:05:43,385 - INFO - HTTP Request: POST http://localhost:8005/v1/chat/completions "HTTP/1.1 200 OK"
2026-08-17 17:05:54,618 - INFO - HTTP Request: POST http://localhost:8005/v1/chat/completions "HTTP/1.1 200 OK"

r0_cfg47:  18%|█▊        | 9/50 [17:31<1:33:23, 136.68s/it]2026-08-17 17:05:56,793 - INFO - HTTP Request: POST http://localhost:8005/v1/chat/completions "HTTP/1.1 200 OK"

r0_cfg47:  20%|██        | 10/50 [17:33<1:03:26, 95.16s/it]2026-08-17 17:06:05,260 - INFO - HTTP Request: POST http://localhost:8005/v1/chat/completions "HTTP/1.1 200 OK"
2026-08-17 17:06:15,368 - INFO - HTTP Request: POST http://localhost:8005/v1/chat/completions "HTTP/1.1 200 OK"
2026-08-17 17:06:17,211 - INFO - HTTP Request: POST http://localhost:8005/v1/chat/completions "HTTP/1.1 200 OK"
2026-08-17 17:06:17,930 - INFO - HTTP Request: POST http://localhost:8005/v1/chat/completions "HTTP/1.1 200 OK"

r0_cfg47:  22%|██▏       | 11/50 [17:55<47:07, 72.50s/it]  2026-08-17 17:06:19,709 - INFO - HTTP Request: POST http://localhost:8005/v1/chat/completions "HTTP/1.1 200 OK"
2026-08-17 17:06:27,874 - INFO - HTTP Request: POST http://localhost:8005/v1/chat/completions "HTTP/1.1 200 OK"

r0_cfg47:  24%|██▍       | 12/50 [18:04<33:51, 53.47s/it]2026-08-17 17:06:32,011 - INFO - HTTP Request: POST http://localhost:8005/v1/chat/completions "HTTP/1.1 200 OK"

2026-08-17 17:06:35,274 - INFO - HTTP Request: POST http://localhost:8005/v1/chat/completions "HTTP/1.1 200 OK"

2026-08-17 17:06:40,265 - INFO - HTTP Request: POST http://localhost:8005/v1/chat/completions "HTTP/1.1 200 OK"
2026-08-17 17:06:49,984 - INFO - HTTP Request: POST http://localhost:8005/v1/chat/completions "HTTP/1.1 200 OK"

2026-08-17 17:06:50,201 - INFO - HTTP Request: POST http://localhost:8005/v1/chat/completions "HTTP/1.1 200 OK"
2026-08-17 17:06:58,777 - INFO - HTTP Request: POST http://localhost:8005/v1/chat/completions "HTTP/1.1 200 OK"
2026-08-17 17:06:59,751 - INFO - HTTP Request: POST http://localhost:8005/v1/chat/completions "HTTP/1.1 200 OK"

2026-08-17 17:07:02,359 - INFO - HTTP Request: POST http://localhost:8005/v1/chat/completions "HTTP/1.1 200 OK"
2026-08-17 17:07:10,947 - INFO - HTTP Request: POST http://localhost:8005/v1/chat/completions "HTTP/1.1 200 OK"

2026-08-17 17:07:16,166 - INFO - HTTP Request: POST http://localhost:8005/v1/chat/completions "HTTP/1.1 200 OK"

2026-08-17 17:07:17,035 - INFO - HTTP Request: POST http://localhost:8005/v1/chat/completions "HTTP/1.1 200 OK"
2026-08-17 17:07:26,539 - INFO - HTTP Request: POST http://localhost:8005/v1/chat/completions "HTTP/1.1 200 OK"
2026-08-17 17:07:29,041 - INFO - HTTP Request: POST http://localhost:8005/v1/chat/completions "HTTP/1.1 200 OK"

2026-08-17 17:07:35,995 - INFO - HTTP Request: POST http://localhost:8005/v1/chat/completions "HTTP/1.1 200 OK"
2026-08-17 17:07:36,729 - INFO - HTTP Request: POST http://localhost:8005/v1/chat/completions "HTTP/1.1 200 OK"

2026-08-17 17:07:41,531 - INFO - HTTP Request: POST http://localhost:8005/v1/chat/completions "HTTP/1.1 200 OK"
2026-08-17 17:07:53,600 - INFO - HTTP Request: POST http://localhost:8005/v1/chat/completions "HTTP/1.1 200 OK"

2026-08-17 17:07:54,035 - INFO - HTTP Request: POST http://localhost:8005/v1/chat/completions "HTTP/1.1 200 OK"
2026-08-17 17:07:54,779 - INFO - HTTP Request: POST http://localhost:8005/v1/chat/completions "HTTP/1.1 200 OK"

2026-08-17 17:08:00,732 - INFO - HTTP Request: POST http://localhost:8005/v1/chat/completions "HTTP/1.1 200 OK"
2026-08-17 17:08:07,146 - INFO - HTTP Request: POST http://localhost:8005/v1/chat/completions "HTTP/1.1 200 OK"

2026-08-17 17:08:14,110 - INFO - HTTP Request: POST http://localhost:8005/v1/chat/completions "HTTP/1.1 200 OK"

2026-08-17 17:08:18,458 - INFO - HTTP Request: POST http://localhost:8005/v1/chat/completions "HTTP/1.1 200 OK"
2026-08-17 17:08:19,424 - INFO - HTTP Request: POST http://localhost:8005/v1/chat/completions "HTTP/1.1 200 OK"
2026-08-17 17:08:31,485 - INFO - HTTP Request: POST http://localhost:8005/v1/chat/completions "HTTP/1.1 200 OK"

2026-08-17 17:08:31,702 - INFO - HTTP Request: POST http://localhost:8005/v1/chat/completions "HTTP/1.1 200 OK"

2026-08-17 17:08:32,145 - INFO - HTTP Request: POST http://localhost:8005/v1/chat/completions "HTTP/1.1 200 OK"
2026-08-17 17:08:39,328 - INFO - HTTP Request: POST http://localhost:8005/v1/chat/completions "HTTP/1.1 200 OK"
2026-08-17 17:08:45,083 - INFO - HTTP Request: POST http://localhost:8005/v1/chat/completions "HTTP/1.1 200 OK"

2026-08-17 17:08:52,045 - INFO - HTTP Request: POST http://localhost:8005/v1/chat/completions "HTTP/1.1 200 OK"
2026-08-17 17:08:52,046 - INFO - HTTP Request: POST http://localhost:8005/v1/chat/completions "HTTP/1.1 200 OK"

2026-08-17 17:08:52,262 - INFO - HTTP Request: POST http://localhost:8005/v1/chat/completions "HTTP/1.1 200 OK"
2026-08-17 17:09:01,814 - INFO - HTTP Request: POST http://localhost:8005/v1/chat/completions "HTTP/1.1 200 OK"

2026-08-17 17:09:05,511 - INFO - HTTP Request: POST http://localhost:8005/v1/chat/completions "HTTP/1.1 200 OK"
2026-08-17 17:09:08,062 - INFO - HTTP Request: POST http://localhost:8005/v1/chat/completions "HTTP/1.1 200 OK"

2026-08-17 17:09:12,412 - INFO - HTTP Request: POST http://localhost:8005/v1/chat/completions "HTTP/1.1 200 OK"
2026-08-17 17:09:19,157 - INFO - HTTP Request: POST http://localhost:8005/v1/chat/completions "HTTP/1.1 200 OK"

2026-08-17 17:09:26,329 - INFO - HTTP Request: POST http://localhost:8005/v1/chat/completions "HTTP/1.1 200 OK"

2026-08-17 17:09:31,323 - INFO - HTTP Request: POST http://localhost:8005/v1/chat/completions "HTTP/1.1 200 OK"
2026-08-17 17:09:37,508 - INFO - HTTP Request: POST http://localhost:8005/v1/chat/completions "HTTP/1.1 200 OK"
2026-08-17 17:09:46,961 - INFO - HTTP Request: POST http://localhost:8005/v1/chat/completions "HTTP/1.1 200 OK"

2026-08-17 17:09:48,486 - INFO - HTTP Request: POST http://localhost:8005/v1/chat/completions "HTTP/1.1 200 OK"
2026-08-17 17:09:53,647 - INFO - HTTP Request: POST http://localhost:8005/v1/chat/completions "HTTP/1.1 200 OK"

2026-08-17 17:09:56,042 - INFO - HTTP Request: POST http://localhost:8005/v1/chat/completions "HTTP/1.1 200 OK"
2026-08-17 17:10:03,759 - INFO - HTTP Request: POST http://localhost:8005/v1/chat/completions "HTTP/1.1 200 OK"

2026-08-17 17:10:07,675 - INFO - HTTP Request: POST http://localhost:8005/v1/chat/completions "HTTP/1.1 200 OK"
2026-08-17 17:10:09,737 - INFO - HTTP Request: POST http://localhost:8005/v1/chat/completions "HTTP/1.1 200 OK"

2026-08-17 17:10:14,305 - INFO - HTTP Request: POST http://localhost:8005/v1/chat/completions "HTTP/1.1 200 OK"
2026-08-17 17:10:23,764 - INFO - HTTP Request: POST http://localhost:8005/v1/chat/completions "HTTP/1.1 200 OK"

2026-08-17 17:10:24,420 - INFO - HTTP Request: POST http://localhost:8005/v1/chat/completions "HTTP/1.1 200 OK"
2026-08-17 17:10:27,190 - INFO - HTTP Request: POST http://localhost:8005/v1/chat/completions "HTTP/1.1 200 OK"

2026-08-17 17:10:30,456 - INFO - HTTP Request: POST http://localhost:8005/v1/chat/completions "HTTP/1.1 200 OK"
2026-08-17 17:10:36,433 - INFO - HTTP Request: POST http://localhost:8005/v1/chat/completions "HTTP/1.1 200 OK"

2026-08-17 17:10:42,741 - INFO - HTTP Request: POST http://localhost:8005/v1/chat/completions "HTTP/1.1 200 OK"

2026-08-17 17:10:53,598 - INFO - HTTP Request: POST http://localhost:8005/v1/chat/completions "HTTP/1.1 200 OK"
2026-08-17 17:10:56,964 - INFO - HTTP Request: POST http://localhost:8005/v1/chat/completions "HTTP/1.1 200 OK"
2026-08-17 17:11:06,215 - INFO - HTTP Request: POST http://localhost:8005/v1/chat/completions "HTTP/1.1 200 OK"
2026-08-17 17:11:11,607 - INFO - HTTP Request: POST http://localhost:8005/v1/chat/completions "HTTP/1.1 200 OK"

2026-08-17 17:11:12,925 - INFO - HTTP Request: POST http://localhost:8005/v1/chat/completions "HTTP/1.1 200 OK"
2026-08-17 17:11:15,861 - INFO - HTTP Request: POST http://localhost:8005/v1/chat/completions "HTTP/1.1 200 OK"

2026-08-17 17:11:17,832 - INFO - HTTP Request: POST http://localhost:8005/v1/chat/completions "HTTP/1.1 200 OK"

2026-08-17 17:11:23,929 - INFO - HTTP Request: POST http://localhost:8005/v1/chat/completions "HTTP/1.1 200 OK"

2026-08-17 17:11:44,343 - INFO - HTTP Request: POST http://localhost:8005/v1/chat/completions "HTTP/1.1 200 OK"
2026-08-17 17:11:49,231 - INFO - HTTP Request: POST http://localhost:8005/v1/chat/completions "HTTP/1.1 200 OK"
2026-08-17 17:11:51,509 - INFO - HTTP Request: POST http://localhost:8005/v1/chat/completions "HTTP/1.1 200 OK"
2026-08-17 17:11:57,994 - INFO - HTTP Request: POST http://localhost:8005/v1/chat/completions "HTTP/1.1 200 OK"
2026-08-17 17:11:58,212 - INFO - HTTP Request: POST http://localhost:8005/v1/chat/completions "HTTP/1.1 200 OK"

r0_cfg47:  26%|██▌       | 13/50 [23:35<1:24:41, 137.34s/it]2026-08-17 17:12:03,331 - INFO - HTTP Request: POST http://localhost:8005/v1/chat/completions "HTTP/1.1 200 OK"

r0_cfg47:  28%|██▊       | 14/50 [23:40<58:26, 97.41s/it]   2026-08-17 17:12:08,340 - INFO - HTTP Request: POST http://localhost:8005/v1/chat/completions "HTTP/1.1 200 OK"

r0_cfg47:  30%|███       | 15/50 [23:45<40:34, 69.55s/it]2026-08-17 17:12:10,516 - INFO - HTTP Request: POST http://localhost:8005/v1/chat/completions "HTTP/1.1 200 OK"

r0_cfg47:  32%|███▏      | 16/50 [23:47<27:55, 49.27s/it]2026-08-17 17:12:20,279 - INFO - HTTP Request: POST http://localhost:8005/v1/chat/completions "HTTP/1.1 200 OK"
2026-08-17 17:12:25,376 - INFO - HTTP Request: POST http://localhost:8005/v1/chat/completions "HTTP/1.1 200 OK"
2026-08-17 17:12:30,969 - INFO - HTTP Request: POST http://localhost:8005/v1/chat/completions "HTTP/1.1 200 OK"
2026-08-17 17:12:33,470 - INFO - HTTP Request: POST http://localhost:8005/v1/chat/completions "HTTP/1.1 200 OK"
2026-08-17 17:12:36,407 - INFO - HTTP Request: POST http://localhost:8005/v1/chat/completions "HTTP/1.1 200 OK"

2026-08-17 17:12:36,408 - INFO - HTTP Request: POST http://localhost:8005/v1/chat/completions "HTTP/1.1 200 OK"

2026-08-17 17:12:39,896 - INFO - HTTP Request: POST http://localhost:8005/v1/chat/completions "HTTP/1.1 200 OK"

2026-08-17 17:12:45,110 - INFO - HTTP Request: POST http://localhost:8005/v1/chat/completions "HTTP/1.1 200 OK"

2026-08-17 17:13:02,473 - INFO - HTTP Request: POST http://localhost:8005/v1/chat/completions "HTTP/1.1 200 OK"
2026-08-17 17:13:02,474 - INFO - HTTP Request: POST http://localhost:8005/v1/chat/completions "HTTP/1.1 200 OK"
2026-08-17 17:13:06,634 - INFO - HTTP Request: POST http://localhost:8005/v1/chat/completions "HTTP/1.1 200 OK"
2026-08-17 17:13:12,184 - INFO - HTTP Request: POST http://localhost:8005/v1/chat/completions "HTTP/1.1 200 OK"
2026-08-17 17:13:17,304 - INFO - HTTP Request: POST http://localhost:8005/v1/chat/completions "HTTP/1.1 200 OK"

2026-08-17 17:13:18,179 - INFO - HTTP Request: POST http://localhost:8005/v1/chat/completions "HTTP/1.1 200 OK"

2026-08-17 17:13:19,706 - INFO - HTTP Request: POST http://localhost:8005/v1/chat/completions "HTTP/1.1 200 OK"

2026-08-17 17:13:27,311 - INFO - HTTP Request: POST http://localhost:8005/v1/chat/completions "HTTP/1.1 200 OK"

2026-08-17 17:13:41,636 - INFO - HTTP Request: POST http://localhost:8005/v1/chat/completions "HTTP/1.1 200 OK"
2026-08-17 17:13:42,822 - INFO - HTTP Request: POST http://localhost:8005/v1/chat/completions "HTTP/1.1 200 OK"
2026-08-17 17:13:44,720 - INFO - HTTP Request: POST http://localhost:8005/v1/chat/completions "HTTP/1.1 200 OK"
2026-08-17 17:13:52,663 - INFO - HTTP Request: POST http://localhost:8005/v1/chat/completions "HTTP/1.1 200 OK"
2026-08-17 17:13:54,508 - INFO - HTTP Request: POST http://localhost:8005/v1/chat/completions "HTTP/1.1 200 OK"

2026-08-17 17:13:55,607 - INFO - HTTP Request: POST http://localhost:8005/v1/chat/completions "HTTP/1.1 200 OK"

2026-08-17 17:13:58,011 - INFO - HTTP Request: POST http://localhost:8005/v1/chat/completions "HTTP/1.1 200 OK"

2026-08-17 17:14:07,360 - INFO - HTTP Request: POST http://localhost:8005/v1/chat/completions "HTTP/1.1 200 OK"

2026-08-17 17:14:18,653 - INFO - HTTP Request: POST http://localhost:8005/v1/chat/completions "HTTP/1.1 200 OK"
2026-08-17 17:14:20,173 - INFO - HTTP Request: POST http://localhost:8005/v1/chat/completions "HTTP/1.1 200 OK"
2026-08-17 17:14:22,672 - INFO - HTTP Request: POST http://localhost:8005/v1/chat/completions "HTTP/1.1 200 OK"
2026-08-17 17:14:32,141 - INFO - HTTP Request: POST http://localhost:8005/v1/chat/completions "HTTP/1.1 200 OK"

2026-08-17 17:14:32,359 - INFO - HTTP Request: POST http://localhost:8005/v1/chat/completions "HTTP/1.1 200 OK"
2026-08-17 17:14:33,339 - INFO - HTTP Request: POST http://localhost:8005/v1/chat/completions "HTTP/1.1 200 OK"

2026-08-17 17:14:35,089 - INFO - HTTP Request: POST http://localhost:8005/v1/chat/completions "HTTP/1.1 200 OK"

2026-08-17 17:14:44,869 - INFO - HTTP Request: POST http://localhost:8005/v1/chat/completions "HTTP/1.1 200 OK"

2026-08-17 17:14:52,256 - INFO - HTTP Request: POST http://localhost:8005/v1/chat/completions "HTTP/1.1 200 OK"
2026-08-17 17:14:52,974 - INFO - HTTP Request: POST http://localhost:8005/v1/chat/completions "HTTP/1.1 200 OK"
2026-08-17 17:14:55,552 - INFO - HTTP Request: POST http://localhost:8005/v1/chat/completions "HTTP/1.1 200 OK"
2026-08-17 17:15:01,972 - INFO - HTTP Request: POST http://localhost:8005/v1/chat/completions "HTTP/1.1 200 OK"

2026-08-17 17:15:04,369 - INFO - HTTP Request: POST http://localhost:8005/v1/chat/completions "HTTP/1.1 200 OK"

2026-08-17 17:15:05,243 - INFO - HTTP Request: POST http://localhost:8005/v1/chat/completions "HTTP/1.1 200 OK"
2026-08-17 17:15:09,260 - INFO - HTTP Request: POST http://localhost:8005/v1/chat/completions "HTTP/1.1 200 OK"

2026-08-17 17:15:21,434 - INFO - HTTP Request: POST http://localhost:8005/v1/chat/completions "HTTP/1.1 200 OK"

2026-08-17 17:15:30,983 - INFO - HTTP Request: POST http://localhost:8005/v1/chat/completions "HTTP/1.1 200 OK"
2026-08-17 17:15:33,688 - INFO - HTTP Request: POST http://localhost:8005/v1/chat/completions "HTTP/1.1 200 OK"
2026-08-17 17:15:38,581 - INFO - HTTP Request: POST http://localhost:8005/v1/chat/completions "HTTP/1.1 200 OK"
2026-08-17 17:15:45,650 - INFO - HTTP Request: POST http://localhost:8005/v1/chat/completions "HTTP/1.1 200 OK"

2026-08-17 17:15:49,136 - INFO - HTTP Request: POST http://localhost:8005/v1/chat/completions "HTTP/1.1 200 OK"

2026-08-17 17:15:51,095 - INFO - HTTP Request: POST http://localhost:8005/v1/chat/completions "HTTP/1.1 200 OK"
2026-08-17 17:15:54,458 - INFO - HTTP Request: POST http://localhost:8005/v1/chat/completions "HTTP/1.1 200 OK"

2026-08-17 17:16:05,324 - INFO - HTTP Request: POST http://localhost:8005/v1/chat/completions "HTTP/1.1 200 OK"

2026-08-17 17:16:05,976 - INFO - HTTP Request: POST http://localhost:8005/v1/chat/completions "HTTP/1.1 200 OK"
2026-08-17 17:16:09,771 - INFO - HTTP Request: POST http://localhost:8005/v1/chat/completions "HTTP/1.1 200 OK"
2026-08-17 17:16:15,149 - INFO - HTTP Request: POST http://localhost:8005/v1/chat/completions "HTTP/1.1 200 OK"
2026-08-17 17:16:21,352 - INFO - HTTP Request: POST http://localhost:8005/v1/chat/completions "HTTP/1.1 200 OK"

2026-08-17 17:16:24,403 - INFO - HTTP Request: POST http://localhost:8005/v1/chat/completions "HTTP/1.1 200 OK"

2026-08-17 17:16:26,364 - INFO - HTTP Request: POST http://localhost:8005/v1/chat/completions "HTTP/1.1 200 OK"
2026-08-17 17:16:26,365 - INFO - HTTP Request: POST http://localhost:8005/v1/chat/completions "HTTP/1.1 200 OK"

2026-08-17 17:16:36,682 - INFO - HTTP Request: POST http://localhost:8005/v1/chat/completions "HTTP/1.1 200 OK"

2026-08-17 17:16:50,794 - INFO - HTTP Request: POST http://localhost:8005/v1/chat/completions "HTTP/1.1 200 OK"
2026-08-17 17:16:54,158 - INFO - HTTP Request: POST http://localhost:8005/v1/chat/completions "HTTP/1.1 200 OK"
2026-08-17 17:16:56,494 - INFO - HTTP Request: POST http://localhost:8005/v1/chat/completions "HTTP/1.1 200 OK"
2026-08-17 17:17:04,006 - INFO - HTTP Request: POST http://localhost:8005/v1/chat/completions "HTTP/1.1 200 OK"

2026-08-17 17:17:06,848 - INFO - HTTP Request: POST http://localhost:8005/v1/chat/completions "HTTP/1.1 200 OK"
2026-08-17 17:17:06,854 - INFO - HTTP Request: POST http://localhost:8005/v1/chat/completions "HTTP/1.1 200 OK"

2026-08-17 17:17:07,065 - INFO - HTTP Request: POST http://localhost:8005/v1/chat/completions "HTTP/1.1 200 OK"

2026-08-17 17:17:22,391 - INFO - HTTP Request: POST http://localhost:8005/v1/chat/completions "HTTP/1.1 200 OK"

2026-08-17 17:17:36,945 - INFO - HTTP Request: POST http://localhost:8005/v1/chat/completions "HTTP/1.1 200 OK"
2026-08-17 17:17:40,654 - INFO - HTTP Request: POST http://localhost:8005/v1/chat/completions "HTTP/1.1 200 OK"
2026-08-17 17:17:40,871 - INFO - HTTP Request: POST http://localhost:8005/v1/chat/completions "HTTP/1.1 200 OK"
2026-08-17 17:17:49,414 - INFO - HTTP Request: POST http://localhost:8005/v1/chat/completions "HTTP/1.1 200 OK"

r0_cfg47:  34%|███▍      | 17/50 [29:26<1:14:59, 136.36s/it]2026-08-17 17:17:54,643 - INFO - HTTP Request: POST http://localhost:8005/v1/chat/completions "HTTP/1.1 200 OK"

r0_cfg47:  36%|███▌      | 18/50 [29:31<51:42, 96.96s/it]   2026-08-17 17:17:54,860 - INFO - HTTP Request: POST http://localhost:8005/v1/chat/completions "HTTP/1.1 200 OK"

r0_cfg47:  38%|███▊      | 19/50 [29:31<35:04, 67.90s/it]2026-08-17 17:17:56,605 - INFO - HTTP Request: POST http://localhost:8005/v1/chat/completions "HTTP/1.1 200 OK"
2026-08-17 17:18:11,265 - INFO - HTTP Request: POST http://localhost:8005/v1/chat/completions "HTTP/1.1 200 OK"

r0_cfg47:  40%|████      | 20/50 [29:48<26:13, 52.44s/it]2026-08-17 17:18:11,548 - INFO - HTTP Request: POST http://localhost:8005/v1/chat/completions "HTTP/1.1 200 OK"
2026-08-17 17:18:17,237 - INFO - HTTP Request: POST http://localhost:8005/v1/chat/completions "HTTP/1.1 200 OK"
2026-08-17 17:18:17,238 - INFO - HTTP Request: POST http://localhost:8005/v1/chat/completions "HTTP/1.1 200 OK"
2026-08-17 17:18:27,555 - INFO - HTTP Request: POST http://localhost:8005/v1/chat/completions "HTTP/1.1 200 OK"

2026-08-17 17:18:28,428 - INFO - HTTP Request: POST http://localhost:8005/v1/chat/completions "HTTP/1.1 200 OK"

2026-08-17 17:18:29,518 - INFO - HTTP Request: POST http://localhost:8005/v1/chat/completions "HTTP/1.1 200 OK"

2026-08-17 17:18:34,070 - INFO - HTTP Request: POST http://localhost:8005/v1/chat/completions "HTTP/1.1 200 OK"
2026-08-17 17:18:45,901 - INFO - HTTP Request: POST http://localhost:8005/v1/chat/completions "HTTP/1.1 200 OK"

2026-08-17 17:18:53,931 - INFO - HTTP Request: POST http://localhost:8005/v1/chat/completions "HTTP/1.1 200 OK"
2026-08-17 17:18:55,174 - INFO - HTTP Request: POST http://localhost:8005/v1/chat/completions "HTTP/1.1 200 OK"
2026-08-17 17:18:56,639 - INFO - HTTP Request: POST http://localhost:8005/v1/chat/completions "HTTP/1.1 200 OK"
2026-08-17 17:19:06,378 - INFO - HTTP Request: POST http://localhost:8005/v1/chat/completions "HTTP/1.1 200 OK"

2026-08-17 17:19:06,379 - INFO - HTTP Request: POST http://localhost:8005/v1/chat/completions "HTTP/1.1 200 OK"

2026-08-17 17:19:09,212 - INFO - HTTP Request: POST http://localhost:8005/v1/chat/completions "HTTP/1.1 200 OK"

2026-08-17 17:19:12,904 - INFO - HTTP Request: POST http://localhost:8005/v1/chat/completions "HTTP/1.1 200 OK"
2026-08-17 17:19:24,085 - INFO - HTTP Request: POST http://localhost:8005/v1/chat/completions "HTTP/1.1 200 OK"

2026-08-17 17:19:31,032 - INFO - HTTP Request: POST http://localhost:8005/v1/chat/completions "HTTP/1.1 200 OK"
2026-08-17 17:19:31,033 - INFO - HTTP Request: POST http://localhost:8005/v1/chat/completions "HTTP/1.1 200 OK"
2026-08-17 17:19:34,380 - INFO - HTTP Request: POST http://localhost:8005/v1/chat/completions "HTTP/1.1 200 OK"
2026-08-17 17:19:42,593 - INFO - HTTP Request: POST http://localhost:8005/v1/chat/completions "HTTP/1.1 200 OK"

2026-08-17 17:19:42,594 - INFO - HTTP Request: POST http://localhost:8005/v1/chat/completions "HTTP/1.1 200 OK"

2026-08-17 17:19:49,336 - INFO - HTTP Request: POST http://localhost:8005/v1/chat/completions "HTTP/1.1 200 OK"
2026-08-17 17:19:51,833 - INFO - HTTP Request: POST http://localhost:8005/v1/chat/completions "HTTP/1.1 200 OK"

2026-08-17 17:20:02,053 - INFO - HTTP Request: POST http://localhost:8005/v1/chat/completions "HTTP/1.1 200 OK"

2026-08-17 17:20:06,836 - INFO - HTTP Request: POST http://localhost:8005/v1/chat/completions "HTTP/1.1 200 OK"
2026-08-17 17:20:06,837 - INFO - HTTP Request: POST http://localhost:8005/v1/chat/completions "HTTP/1.1 200 OK"
2026-08-17 17:20:16,199 - INFO - HTTP Request: POST http://localhost:8005/v1/chat/completions "HTTP/1.1 200 OK"
2026-08-17 17:20:19,349 - INFO - HTTP Request: POST http://localhost:8005/v1/chat/completions "HTTP/1.1 200 OK"

2026-08-17 17:20:20,013 - INFO - HTTP Request: POST http://localhost:8005/v1/chat/completions "HTTP/1.1 200 OK"

2026-08-17 17:20:26,974 - INFO - HTTP Request: POST http://localhost:8005/v1/chat/completions "HTTP/1.1 200 OK"
2026-08-17 17:20:29,030 - INFO - HTTP Request: POST http://localhost:8005/v1/chat/completions "HTTP/1.1 200 OK"

2026-08-17 17:20:39,031 - INFO - HTTP Request: POST http://localhost:8005/v1/chat/completions "HTTP/1.1 200 OK"
2026-08-17 17:20:39,834 - INFO - HTTP Request: POST http://localhost:8005/v1/chat/completions "HTTP/1.1 200 OK"

2026-08-17 17:20:40,267 - INFO - HTTP Request: POST http://localhost:8005/v1/chat/completions "HTTP/1.1 200 OK"
2026-08-17 17:20:49,354 - INFO - HTTP Request: POST http://localhost:8005/v1/chat/completions "HTTP/1.1 200 OK"
2026-08-17 17:20:49,355 - INFO - HTTP Request: POST http://localhost:8005/v1/chat/completions "HTTP/1.1 200 OK"

2026-08-17 17:20:50,814 - INFO - HTTP Request: POST http://localhost:8005/v1/chat/completions "HTTP/1.1 200 OK"

2026-08-17 17:21:00,381 - INFO - HTTP Request: POST http://localhost:8005/v1/chat/completions "HTTP/1.1 200 OK"
2026-08-17 17:21:01,569 - INFO - HTTP Request: POST http://localhost:8005/v1/chat/completions "HTTP/1.1 200 OK"

2026-08-17 17:21:09,393 - INFO - HTTP Request: POST http://localhost:8005/v1/chat/completions "HTTP/1.1 200 OK"

2026-08-17 17:21:18,727 - INFO - HTTP Request: POST http://localhost:8005/v1/chat/completions "HTTP/1.1 200 OK"
2026-08-17 17:21:19,889 - INFO - HTTP Request: POST http://localhost:8005/v1/chat/completions "HTTP/1.1 200 OK"
2026-08-17 17:21:30,654 - INFO - HTTP Request: POST http://localhost:8005/v1/chat/completions "HTTP/1.1 200 OK"
2026-08-17 17:21:32,280 - INFO - HTTP Request: POST http://localhost:8005/v1/chat/completions "HTTP/1.1 200 OK"

2026-08-17 17:21:34,678 - INFO - HTTP Request: POST http://localhost:8005/v1/chat/completions "HTTP/1.1 200 OK"

2026-08-17 17:21:38,810 - INFO - HTTP Request: POST http://localhost:8005/v1/chat/completions "HTTP/1.1 200 OK"
2026-08-17 17:21:45,654 - INFO - HTTP Request: POST http://localhost:8005/v1/chat/completions "HTTP/1.1 200 OK"

2026-08-17 17:21:52,395 - INFO - HTTP Request: POST http://localhost:8005/v1/chat/completions "HTTP/1.1 200 OK"

2026-08-17 17:21:52,610 - INFO - HTTP Request: POST http://localhost:8005/v1/chat/completions "HTTP/1.1 200 OK"
2026-08-17 17:21:55,136 - INFO - HTTP Request: POST http://localhost:8005/v1/chat/completions "HTTP/1.1 200 OK"
2026-08-17 17:22:04,863 - INFO - HTTP Request: POST http://localhost:8005/v1/chat/completions "HTTP/1.1 200 OK"

2026-08-17 17:22:06,169 - INFO - HTTP Request: POST http://localhost:8005/v1/chat/completions "HTTP/1.1 200 OK"
2026-08-17 17:22:08,284 - INFO - HTTP Request: POST http://localhost:8005/v1/chat/completions "HTTP/1.1 200 OK"

2026-08-17 17:22:13,287 - INFO - HTTP Request: POST http://localhost:8005/v1/chat/completions "HTTP/1.1 200 OK"
2026-08-17 17:22:20,791 - INFO - HTTP Request: POST http://localhost:8005/v1/chat/completions "HTTP/1.1 200 OK"

2026-08-17 17:22:25,359 - INFO - HTTP Request: POST http://localhost:8005/v1/chat/completions "HTTP/1.1 200 OK"

2026-08-17 17:22:34,695 - INFO - HTTP Request: POST http://localhost:8005/v1/chat/completions "HTTP/1.1 200 OK"
2026-08-17 17:22:38,115 - INFO - HTTP Request: POST http://localhost:8005/v1/chat/completions "HTTP/1.1 200 OK"
2026-08-17 17:22:49,348 - INFO - HTTP Request: POST http://localhost:8005/v1/chat/completions "HTTP/1.1 200 OK"

2026-08-17 17:22:50,444 - INFO - HTTP Request: POST http://localhost:8005/v1/chat/completions "HTTP/1.1 200 OK"
2026-08-17 17:22:53,647 - INFO - HTTP Request: POST http://localhost:8005/v1/chat/completions "HTTP/1.1 200 OK"

2026-08-17 17:22:55,397 - INFO - HTTP Request: POST http://localhost:8005/v1/chat/completions "HTTP/1.1 200 OK"
2026-08-17 17:23:04,203 - INFO - HTTP Request: POST http://localhost:8005/v1/chat/completions "HTTP/1.1 200 OK"

2026-08-17 17:23:10,082 - INFO - HTTP Request: POST http://localhost:8005/v1/chat/completions "HTTP/1.1 200 OK"

2026-08-17 17:23:22,464 - INFO - HTTP Request: POST http://localhost:8005/v1/chat/completions "HTTP/1.1 200 OK"
2026-08-17 17:23:26,753 - INFO - HTTP Request: POST http://localhost:8005/v1/chat/completions "HTTP/1.1 200 OK"
2026-08-17 17:23:34,076 - INFO - HTTP Request: POST http://localhost:8005/v1/chat/completions "HTTP/1.1 200 OK"

r0_cfg47:  42%|████▏     | 21/50 [35:11<1:04:34, 133.60s/it]2026-08-17 17:23:36,686 - INFO - HTTP Request: POST http://localhost:8005/v1/chat/completions "HTTP/1.1 200 OK"

r0_cfg47:  44%|████▍     | 22/50 [35:13<44:00, 94.29s/it]   2026-08-17 17:23:37,337 - INFO - HTTP Request: POST http://localhost:8005/v1/chat/completions "HTTP/1.1 200 OK"
2026-08-17 17:23:44,017 - INFO - HTTP Request: POST http://localhost:8005/v1/chat/completions "HTTP/1.1 200 OK"
2026-08-17 17:23:50,865 - INFO - HTTP Request: POST http://localhost:8005/v1/chat/completions "HTTP/1.1 200 OK"

r0_cfg47:  46%|████▌     | 23/50 [35:27<31:36, 70.25s/it]2026-08-17 17:23:54,779 - INFO - HTTP Request: POST http://localhost:8005/v1/chat/completions "HTTP/1.1 200 OK"

r0_cfg47:  48%|████▊     | 24/50 [35:31<21:48, 50.34s/it]2026-08-17 17:23:56,515 - INFO - HTTP Request: POST http://localhost:8005/v1/chat/completions "HTTP/1.1 200 OK"
2026-08-17 17:23:59,442 - INFO - HTTP Request: POST http://localhost:8005/v1/chat/completions "HTTP/1.1 200 OK"
2026-08-17 17:24:06,280 - INFO - HTTP Request: POST http://localhost:8005/v1/chat/completions "HTTP/1.1 200 OK"

2026-08-17 17:24:11,714 - INFO - HTTP Request: POST http://localhost:8005/v1/chat/completions "HTTP/1.1 200 OK"

2026-08-17 17:24:13,452 - INFO - HTTP Request: POST http://localhost:8005/v1/chat/completions "HTTP/1.1 200 OK"
2026-08-17 17:24:17,464 - INFO - HTTP Request: POST http://localhost:8005/v1/chat/completions "HTTP/1.1 200 OK"
2026-08-17 17:24:28,197 - INFO - HTTP Request: POST http://localhost:8005/v1/chat/completions "HTTP/1.1 200 OK"

2026-08-17 17:24:29,936 - INFO - HTTP Request: POST http://localhost:8005/v1/chat/completions "HTTP/1.1 200 OK"

2026-08-17 17:24:32,540 - INFO - HTTP Request: POST http://localhost:8005/v1/chat/completions "HTTP/1.1 200 OK"
2026-08-17 17:24:38,412 - INFO - HTTP Request: POST http://localhost:8005/v1/chat/completions "HTTP/1.1 200 OK"
2026-08-17 17:24:42,330 - INFO - HTTP Request: POST http://localhost:8005/v1/chat/completions "HTTP/1.1 200 OK"

2026-08-17 17:24:53,415 - INFO - HTTP Request: POST http://localhost:8005/v1/chat/completions "HTTP/1.1 200 OK"

2026-08-17 17:24:55,152 - INFO - HTTP Request: POST http://localhost:8005/v1/chat/completions "HTTP/1.1 200 OK"
2026-08-17 17:24:57,210 - INFO - HTTP Request: POST http://localhost:8005/v1/chat/completions "HTTP/1.1 200 OK"
2026-08-17 17:25:07,131 - INFO - HTTP Request: POST http://localhost:8005/v1/chat/completions "HTTP/1.1 200 OK"
2026-08-17 17:25:10,116 - INFO - HTTP Request: POST http://localhost:8005/v1/chat/completions "HTTP/1.1 200 OK"

2026-08-17 17:25:17,303 - INFO - HTTP Request: POST http://localhost:8005/v1/chat/completions "HTTP/1.1 200 OK"

2026-08-17 17:25:18,610 - INFO - HTTP Request: POST http://localhost:8005/v1/chat/completions "HTTP/1.1 200 OK"
2026-08-17 17:25:20,887 - INFO - HTTP Request: POST http://localhost:8005/v1/chat/completions "HTTP/1.1 200 OK"

2026-08-17 17:25:31,108 - INFO - HTTP Request: POST http://localhost:8005/v1/chat/completions "HTTP/1.1 200 OK"

2026-08-17 17:25:34,805 - INFO - HTTP Request: POST http://localhost:8005/v1/chat/completions "HTTP/1.1 200 OK"
2026-08-17 17:25:42,054 - INFO - HTTP Request: POST http://localhost:8005/v1/chat/completions "HTTP/1.1 200 OK"
2026-08-17 17:25:45,421 - INFO - HTTP Request: POST http://localhost:8005/v1/chat/completions "HTTP/1.1 200 OK"

2026-08-17 17:25:45,422 - INFO - HTTP Request: POST http://localhost:8005/v1/chat/completions "HTTP/1.1 200 OK"
2026-08-17 17:25:56,082 - INFO - HTTP Request: POST http://localhost:8005/v1/chat/completions "HTTP/1.1 200 OK"
2026-08-17 17:25:57,921 - INFO - HTTP Request: POST http://localhost:8005/v1/chat/completions "HTTP/1.1 200 OK"

2026-08-17 17:26:08,598 - INFO - HTTP Request: POST http://localhost:8005/v1/chat/completions "HTTP/1.1 200 OK"

2026-08-17 17:26:09,695 - INFO - HTTP Request: POST http://localhost:8005/v1/chat/completions "HTTP/1.1 200 OK"

2026-08-17 17:26:10,129 - INFO - HTTP Request: POST http://localhost:8005/v1/chat/completions "HTTP/1.1 200 OK"
2026-08-17 17:26:17,812 - INFO - HTTP Request: POST http://localhost:8005/v1/chat/completions "HTTP/1.1 200 OK"
2026-08-17 17:26:21,880 - INFO - HTTP Request: POST http://localhost:8005/v1/chat/completions "HTTP/1.1 200 OK"

2026-08-17 17:26:28,845 - INFO - HTTP Request: POST http://localhost:8005/v1/chat/completions "HTTP/1.1 200 OK"
2026-08-17 17:26:31,121 - INFO - HTTP Request: POST http://localhost:8005/v1/chat/completions "HTTP/1.1 200 OK"

2026-08-17 17:26:34,382 - INFO - HTTP Request: POST http://localhost:8005/v1/chat/completions "HTTP/1.1 200 OK"
2026-08-17 17:26:39,921 - INFO - HTTP Request: POST http://localhost:8005/v1/chat/completions "HTTP/1.1 200 OK"

2026-08-17 17:26:42,316 - INFO - HTTP Request: POST http://localhost:8005/v1/chat/completions "HTTP/1.1 200 OK"
2026-08-17 17:26:47,613 - INFO - HTTP Request: POST http://localhost:8005/v1/chat/completions "HTTP/1.1 200 OK"

2026-08-17 17:26:52,180 - INFO - HTTP Request: POST http://localhost:8005/v1/chat/completions "HTTP/1.1 200 OK"

2026-08-17 17:27:00,213 - INFO - HTTP Request: POST http://localhost:8005/v1/chat/completions "HTTP/1.1 200 OK"
2026-08-17 17:27:07,268 - INFO - HTTP Request: POST http://localhost:8005/v1/chat/completions "HTTP/1.1 200 OK"
2026-08-17 17:27:09,330 - INFO - HTTP Request: POST http://localhost:8005/v1/chat/completions "HTTP/1.1 200 OK"
2026-08-17 17:27:13,563 - INFO - HTTP Request: POST http://localhost:8005/v1/chat/completions "HTTP/1.1 200 OK"

2026-08-17 17:27:18,138 - INFO - HTTP Request: POST http://localhost:8005/v1/chat/completions "HTTP/1.1 200 OK"

2026-08-17 17:27:19,663 - INFO - HTTP Request: POST http://localhost:8005/v1/chat/completions "HTTP/1.1 200 OK"

2026-08-17 17:27:21,835 - INFO - HTTP Request: POST http://localhost:8005/v1/chat/completions "HTTP/1.1 200 OK"
2026-08-17 17:27:33,644 - INFO - HTTP Request: POST http://localhost:8005/v1/chat/completions "HTTP/1.1 200 OK"
2026-08-17 17:27:35,757 - INFO - HTTP Request: POST http://localhost:8005/v1/chat/completions "HTTP/1.1 200 OK"

2026-08-17 17:27:40,109 - INFO - HTTP Request: POST http://localhost:8005/v1/chat/completions "HTTP/1.1 200 OK"
2026-08-17 17:27:47,615 - INFO - HTTP Request: POST http://localhost:8005/v1/chat/completions "HTTP/1.1 200 OK"
2026-08-17 17:27:47,616 - INFO - HTTP Request: POST http://localhost:8005/v1/chat/completions "HTTP/1.1 200 OK"

2026-08-17 17:27:51,198 - INFO - HTTP Request: POST http://localhost:8005/v1/chat/completions "HTTP/1.1 200 OK"

2026-08-17 17:27:56,419 - INFO - HTTP Request: POST http://localhost:8005/v1/chat/completions "HTTP/1.1 200 OK"
2026-08-17 17:28:02,646 - INFO - HTTP Request: POST http://localhost:8005/v1/chat/completions "HTTP/1.1 200 OK"

2026-08-17 17:28:07,863 - INFO - HTTP Request: POST http://localhost:8005/v1/chat/completions "HTTP/1.1 200 OK"

2026-08-17 17:28:17,201 - INFO - HTTP Request: POST http://localhost:8005/v1/chat/completions "HTTP/1.1 200 OK"
2026-08-17 17:28:20,833 - INFO - HTTP Request: POST http://localhost:8005/v1/chat/completions "HTTP/1.1 200 OK"
2026-08-17 17:28:23,331 - INFO - HTTP Request: POST http://localhost:8005/v1/chat/completions "HTTP/1.1 200 OK"
2026-08-17 17:28:32,591 - INFO - HTTP Request: POST http://localhost:8005/v1/chat/completions "HTTP/1.1 200 OK"

2026-08-17 17:28:32,592 - INFO - HTTP Request: POST http://localhost:8005/v1/chat/completions "HTTP/1.1 200 OK"

2026-08-17 17:28:38,033 - INFO - HTTP Request: POST http://localhost:8005/v1/chat/completions "HTTP/1.1 200 OK"
2026-08-17 17:28:44,856 - INFO - HTTP Request: POST http://localhost:8005/v1/chat/completions "HTTP/1.1 200 OK"

2026-08-17 17:28:47,901 - INFO - HTTP Request: POST http://localhost:8005/v1/chat/completions "HTTP/1.1 200 OK"

2026-08-17 17:29:05,066 - INFO - HTTP Request: POST http://localhost:8005/v1/chat/completions "HTTP/1.1 200 OK"
2026-08-17 17:29:05,067 - INFO - HTTP Request: POST http://localhost:8005/v1/chat/completions "HTTP/1.1 200 OK"
2026-08-17 17:29:14,670 - INFO - HTTP Request: POST http://localhost:8005/v1/chat/completions "HTTP/1.1 200 OK"
2026-08-17 17:29:18,915 - INFO - HTTP Request: POST http://localhost:8005/v1/chat/completions "HTTP/1.1 200 OK"

r0_cfg47:  50%|█████     | 25/50 [40:56<55:12, 132.49s/it]2026-08-17 17:29:19,573 - INFO - HTTP Request: POST http://localhost:8005/v1/chat/completions "HTTP/1.1 200 OK"

r0_cfg47:  52%|█████▏    | 26/50 [40:56<37:10, 92.94s/it] 2026-08-17 17:29:21,966 - INFO - HTTP Request: POST http://localhost:8005/v1/chat/completions "HTTP/1.1 200 OK"
2026-08-17 17:29:32,484 - INFO - HTTP Request: POST http://localhost:8005/v1/chat/completions "HTTP/1.1 200 OK"

2026-08-17 17:29:34,015 - INFO - HTTP Request: POST http://localhost:8005/v1/chat/completions "HTTP/1.1 200 OK"

r0_cfg47:  54%|█████▍    | 27/50 [41:11<26:35, 69.39s/it]2026-08-17 17:29:40,960 - INFO - HTTP Request: POST http://localhost:8005/v1/chat/completions "HTTP/1.1 200 OK"
2026-08-17 17:29:41,928 - INFO - HTTP Request: POST http://localhost:8005/v1/chat/completions "HTTP/1.1 200 OK"
2026-08-17 17:29:51,161 - INFO - HTTP Request: POST http://localhost:8005/v1/chat/completions "HTTP/1.1 200 OK"

2026-08-17 17:29:53,771 - INFO - HTTP Request: POST http://localhost:8005/v1/chat/completions "HTTP/1.1 200 OK"

2026-08-17 17:29:56,378 - INFO - HTTP Request: POST http://localhost:8005/v1/chat/completions "HTTP/1.1 200 OK"
2026-08-17 17:30:06,479 - INFO - HTTP Request: POST http://localhost:8005/v1/chat/completions "HTTP/1.1 200 OK"
2026-08-17 17:30:10,932 - INFO - HTTP Request: POST http://localhost:8005/v1/chat/completions "HTTP/1.1 200 OK"

2026-08-17 17:30:17,891 - INFO - HTTP Request: POST http://localhost:8005/v1/chat/completions "HTTP/1.1 200 OK"
2026-08-17 17:30:20,822 - INFO - HTTP Request: POST http://localhost:8005/v1/chat/completions "HTTP/1.1 200 OK"

2026-08-17 17:30:20,823 - INFO - HTTP Request: POST http://localhost:8005/v1/chat/completions "HTTP/1.1 200 OK"
r0_cfg47:  56%|█████▌    | 28/50 [41:57<22:57, 62.61s/it]2026-08-17 17:30:29,844 - INFO - HTTP Request: POST http://localhost:8005/v1/chat/completions "HTTP/1.1 200 OK"

2026-08-17 17:30:32,673 - INFO - HTTP Request: POST http://localhost:8005/v1/chat/completions "HTTP/1.1 200 OK"

2026-08-17 17:30:37,669 - INFO - HTTP Request: POST http://localhost:8005/v1/chat/completions "HTTP/1.1 200 OK"
2026-08-17 17:30:43,254 - INFO - HTTP Request: POST http://localhost:8005/v1/chat/completions "HTTP/1.1 200 OK"
2026-08-17 17:30:54,668 - INFO - HTTP Request: POST http://localhost:8005/v1/chat/completions "HTTP/1.1 200 OK"

2026-08-17 17:30:54,885 - INFO - HTTP Request: POST http://localhost:8005/v1/chat/completions "HTTP/1.1 200 OK"
2026-08-17 17:30:56,290 - INFO - HTTP Request: POST http://localhost:8005/v1/chat/completions "HTTP/1.1 200 OK"

2026-08-17 17:30:56,945 - INFO - HTTP Request: POST http://localhost:8005/v1/chat/completions "HTTP/1.1 200 OK"
2026-08-17 17:31:09,292 - INFO - HTTP Request: POST http://localhost:8005/v1/chat/completions "HTTP/1.1 200 OK"

2026-08-17 17:31:11,258 - INFO - HTTP Request: POST http://localhost:8005/v1/chat/completions "HTTP/1.1 200 OK"

2026-08-17 17:31:19,728 - INFO - HTTP Request: POST http://localhost:8005/v1/chat/completions "HTTP/1.1 200 OK"
2026-08-17 17:31:23,090 - INFO - HTTP Request: POST http://localhost:8005/v1/chat/completions "HTTP/1.1 200 OK"
2026-08-17 17:31:33,856 - INFO - HTTP Request: POST http://localhost:8005/v1/chat/completions "HTTP/1.1 200 OK"
2026-08-17 17:31:34,572 - INFO - HTTP Request: POST http://localhost:8005/v1/chat/completions "HTTP/1.1 200 OK"

2026-08-17 17:31:36,136 - INFO - HTTP Request: POST http://localhost:8005/v1/chat/completions "HTTP/1.1 200 OK"
2026-08-17 17:31:37,322 - INFO - HTTP Request: POST http://localhost:8005/v1/chat/completions "HTTP/1.1 200 OK"

2026-08-17 17:31:46,895 - INFO - HTTP Request: POST http://localhost:8005/v1/chat/completions "HTTP/1.1 200 OK"

2026-08-17 17:31:48,209 - INFO - HTTP Request: POST http://localhost:8005/v1/chat/completions "HTTP/1.1 200 OK"

2026-08-17 17:31:58,846 - INFO - HTTP Request: POST http://localhost:8005/v1/chat/completions "HTTP/1.1 200 OK"
2026-08-17 17:32:01,987 - INFO - HTTP Request: POST http://localhost:8005/v1/chat/completions "HTTP/1.1 200 OK"
2026-08-17 17:32:07,310 - INFO - HTTP Request: POST http://localhost:8005/v1/chat/completions "HTTP/1.1 200 OK"
2026-08-17 17:32:08,930 - INFO - HTTP Request: POST http://localhost:8005/v1/chat/completions "HTTP/1.1 200 OK"
2026-08-17 17:32:12,520 - INFO - HTTP Request: POST http://localhost:8005/v1/chat/completions "HTTP/1.1 200 OK"

2026-08-17 17:32:15,798 - INFO - HTTP Request: POST http://localhost:8005/v1/chat/completions "HTTP/1.1 200 OK"

2026-08-17 17:32:20,811 - INFO - HTTP Request: POST http://localhost:8005/v1/chat/completions "HTTP/1.1 200 OK"

2026-08-17 17:32:24,073 - INFO - HTTP Request: POST http://localhost:8005/v1/chat/completions "HTTP/1.1 200 OK"

2026-08-17 17:32:32,322 - INFO - HTTP Request: POST http://localhost:8005/v1/chat/completions "HTTP/1.1 200 OK"
2026-08-17 17:32:40,031 - INFO - HTTP Request: POST http://localhost:8005/v1/chat/completions "HTTP/1.1 200 OK"
2026-08-17 17:32:45,130 - INFO - HTTP Request: POST http://localhost:8005/v1/chat/completions "HTTP/1.1 200 OK"

2026-08-17 17:32:50,132 - INFO - HTTP Request: POST http://localhost:8005/v1/chat/completions "HTTP/1.1 200 OK"
2026-08-17 17:32:53,708 - INFO - HTTP Request: POST http://localhost:8005/v1/chat/completions "HTTP/1.1 200 OK"
2026-08-17 17:32:53,709 - INFO - HTTP Request: POST http://localhost:8005/v1/chat/completions "HTTP/1.1 200 OK"

2026-08-17 17:33:01,202 - INFO - HTTP Request: POST http://localhost:8005/v1/chat/completions "HTTP/1.1 200 OK"

2026-08-17 17:33:04,248 - INFO - HTTP Request: POST http://localhost:8005/v1/chat/completions "HTTP/1.1 200 OK"

2026-08-17 17:33:13,365 - INFO - HTTP Request: POST http://localhost:8005/v1/chat/completions "HTTP/1.1 200 OK"
2026-08-17 17:33:14,772 - INFO - HTTP Request: POST http://localhost:8005/v1/chat/completions "HTTP/1.1 200 OK"
2026-08-17 17:33:21,838 - INFO - HTTP Request: POST http://localhost:8005/v1/chat/completions "HTTP/1.1 200 OK"
2026-08-17 17:33:23,680 - INFO - HTTP Request: POST http://localhost:8005/v1/chat/completions "HTTP/1.1 200 OK"

2026-08-17 17:33:25,207 - INFO - HTTP Request: POST http://localhost:8005/v1/chat/completions "HTTP/1.1 200 OK"
2026-08-17 17:33:31,846 - INFO - HTTP Request: POST http://localhost:8005/v1/chat/completions "HTTP/1.1 200 OK"

2026-08-17 17:33:35,331 - INFO - HTTP Request: POST http://localhost:8005/v1/chat/completions "HTTP/1.1 200 OK"

2026-08-17 17:33:37,074 - INFO - HTTP Request: POST http://localhost:8005/v1/chat/completions "HTTP/1.1 200 OK"

2026-08-17 17:33:51,841 - INFO - HTTP Request: POST http://localhost:8005/v1/chat/completions "HTTP/1.1 200 OK"
2026-08-17 17:33:53,033 - INFO - HTTP Request: POST http://localhost:8005/v1/chat/completions "HTTP/1.1 200 OK"
2026-08-17 17:34:05,105 - INFO - HTTP Request: POST http://localhost:8005/v1/chat/completions "HTTP/1.1 200 OK"
2026-08-17 17:34:07,166 - INFO - HTTP Request: POST http://localhost:8005/v1/chat/completions "HTTP/1.1 200 OK"
2026-08-17 17:34:07,901 - INFO - HTTP Request: POST http://localhost:8005/v1/chat/completions "HTTP/1.1 200 OK"

2026-08-17 17:34:12,499 - INFO - HTTP Request: POST http://localhost:8005/v1/chat/completions "HTTP/1.1 200 OK"

2026-08-17 17:34:19,468 - INFO - HTTP Request: POST http://localhost:8005/v1/chat/completions "HTTP/1.1 200 OK"

2026-08-17 17:34:21,870 - INFO - HTTP Request: POST http://localhost:8005/v1/chat/completions "HTTP/1.1 200 OK"

2026-08-17 17:34:27,958 - INFO - HTTP Request: POST http://localhost:8005/v1/chat/completions "HTTP/1.1 200 OK"
2026-08-17 17:34:41,977 - INFO - HTTP Request: POST http://localhost:8005/v1/chat/completions "HTTP/1.1 200 OK"
2026-08-17 17:34:46,000 - INFO - HTTP Request: POST http://localhost:8005/v1/chat/completions "HTTP/1.1 200 OK"

2026-08-17 17:34:52,529 - INFO - HTTP Request: POST http://localhost:8005/v1/chat/completions "HTTP/1.1 200 OK"
2026-08-17 17:34:53,716 - INFO - HTTP Request: POST http://localhost:8005/v1/chat/completions "HTTP/1.1 200 OK"

2026-08-17 17:34:55,901 - INFO - HTTP Request: POST http://localhost:8005/v1/chat/completions "HTTP/1.1 200 OK"
2026-08-17 17:35:03,623 - INFO - HTTP Request: POST http://localhost:8005/v1/chat/completions "HTTP/1.1 200 OK"

r0_cfg47:  58%|█████▊    | 29/50 [46:40<45:02, 128.67s/it]2026-08-17 17:35:11,236 - INFO - HTTP Request: POST http://localhost:8005/v1/chat/completions "HTTP/1.1 200 OK"

r0_cfg47:  60%|██████    | 30/50 [46:48<30:47, 92.35s/it] 2026-08-17 17:35:15,798 - INFO - HTTP Request: POST http://localhost:8005/v1/chat/completions "HTTP/1.1 200 OK"
2026-08-17 17:35:25,683 - INFO - HTTP Request: POST http://localhost:8005/v1/chat/completions "HTTP/1.1 200 OK"
2026-08-17 17:35:27,308 - INFO - HTTP Request: POST http://localhost:8005/v1/chat/completions "HTTP/1.1 200 OK"
2026-08-17 17:35:30,900 - INFO - HTTP Request: POST http://localhost:8005/v1/chat/completions "HTTP/1.1 200 OK"

2026-08-17 17:35:33,958 - INFO - HTTP Request: POST http://localhost:8005/v1/chat/completions "HTTP/1.1 200 OK"
2026-08-17 17:35:38,803 - INFO - HTTP Request: POST http://localhost:8005/v1/chat/completions "HTTP/1.1 200 OK"

2026-08-17 17:35:40,981 - INFO - HTTP Request: POST http://localhost:8005/v1/chat/completions "HTTP/1.1 200 OK"

r0_cfg47:  62%|██████▏   | 31/50 [47:18<23:17, 73.57s/it]2026-08-17 17:35:44,674 - INFO - HTTP Request: POST http://localhost:8005/v1/chat/completions "HTTP/1.1 200 OK"

2026-08-17 17:36:02,910 - INFO - HTTP Request: POST http://localhost:8005/v1/chat/completions "HTTP/1.1 200 OK"
2026-08-17 17:36:03,777 - INFO - HTTP Request: POST http://localhost:8005/v1/chat/completions "HTTP/1.1 200 OK"
2026-08-17 17:36:05,396 - INFO - HTTP Request: POST http://localhost:8005/v1/chat/completions "HTTP/1.1 200 OK"
2026-08-17 17:36:11,599 - INFO - HTTP Request: POST http://localhost:8005/v1/chat/completions "HTTP/1.1 200 OK"
2026-08-17 17:36:16,679 - INFO - HTTP Request: POST http://localhost:8005/v1/chat/completions "HTTP/1.1 200 OK"

2026-08-17 17:36:16,897 - INFO - HTTP Request: POST http://localhost:8005/v1/chat/completions "HTTP/1.1 200 OK"

2026-08-17 17:36:19,295 - INFO - HTTP Request: POST http://localhost:8005/v1/chat/completions "HTTP/1.1 200 OK"

r0_cfg47:  64%|██████▍   | 32/50 [47:56<18:53, 62.99s/it]2026-08-17 17:36:19,946 - INFO - HTTP Request: POST http://localhost:8005/v1/chat/completions "HTTP/1.1 200 OK"

2026-08-17 17:36:41,000 - INFO - HTTP Request: POST http://localhost:8005/v1/chat/completions "HTTP/1.1 200 OK"
2026-08-17 17:36:41,001 - INFO - HTTP Request: POST http://localhost:8005/v1/chat/completions "HTTP/1.1 200 OK"
2026-08-17 17:36:43,477 - INFO - HTTP Request: POST http://localhost:8005/v1/chat/completions "HTTP/1.1 200 OK"
2026-08-17 17:36:45,002 - INFO - HTTP Request: POST http://localhost:8005/v1/chat/completions "HTTP/1.1 200 OK"
2026-08-17 17:36:53,549 - INFO - HTTP Request: POST http://localhost:8005/v1/chat/completions "HTTP/1.1 200 OK"

2026-08-17 17:36:55,728 - INFO - HTTP Request: POST http://localhost:8005/v1/chat/completions "HTTP/1.1 200 OK"

2026-08-17 17:36:57,911 - INFO - HTTP Request: POST http://localhost:8005/v1/chat/completions "HTTP/1.1 200 OK"

2026-08-17 17:37:00,092 - INFO - HTTP Request: POST http://localhost:8005/v1/chat/completions "HTTP/1.1 200 OK"

2026-08-17 17:37:19,624 - INFO - HTTP Request: POST http://localhost:8005/v1/chat/completions "HTTP/1.1 200 OK"
2026-08-17 17:37:19,841 - INFO - HTTP Request: POST http://localhost:8005/v1/chat/completions "HTTP/1.1 200 OK"
2026-08-17 17:37:22,260 - INFO - HTTP Request: POST http://localhost:8005/v1/chat/completions "HTTP/1.1 200 OK"
2026-08-17 17:37:24,922 - INFO - HTTP Request: POST http://localhost:8005/v1/chat/completions "HTTP/1.1 200 OK"
2026-08-17 17:37:30,802 - INFO - HTTP Request: POST http://localhost:8005/v1/chat/completions "HTTP/1.1 200 OK"

2026-08-17 17:37:31,901 - INFO - HTTP Request: POST http://localhost:8005/v1/chat/completions "HTTP/1.1 200 OK"

2026-08-17 17:37:34,514 - INFO - HTTP Request: POST http://localhost:8005/v1/chat/completions "HTTP/1.1 200 OK"

2026-08-17 17:37:39,952 - INFO - HTTP Request: POST http://localhost:8005/v1/chat/completions "HTTP/1.1 200 OK"

2026-08-17 17:37:50,591 - INFO - HTTP Request: POST http://localhost:8005/v1/chat/completions "HTTP/1.1 200 OK"
2026-08-17 17:37:54,336 - INFO - HTTP Request: POST http://localhost:8005/v1/chat/completions "HTTP/1.1 200 OK"
2026-08-17 17:37:56,611 - INFO - HTTP Request: POST http://localhost:8005/v1/chat/completions "HTTP/1.1 200 OK"
2026-08-17 17:38:01,104 - INFO - HTTP Request: POST http://localhost:8005/v1/chat/completions "HTTP/1.1 200 OK"

2026-08-17 17:38:04,369 - INFO - HTTP Request: POST http://localhost:8005/v1/chat/completions "HTTP/1.1 200 OK"
2026-08-17 17:38:05,172 - INFO - HTTP Request: POST http://localhost:8005/v1/chat/completions "HTTP/1.1 200 OK"

2026-08-17 17:38:07,129 - INFO - HTTP Request: POST http://localhost:8005/v1/chat/completions "HTTP/1.1 200 OK"

2026-08-17 17:38:16,910 - INFO - HTTP Request: POST http://localhost:8005/v1/chat/completions "HTTP/1.1 200 OK"

2026-08-17 17:38:29,940 - INFO - HTTP Request: POST http://localhost:8005/v1/chat/completions "HTTP/1.1 200 OK"
2026-08-17 17:38:31,084 - INFO - HTTP Request: POST http://localhost:8005/v1/chat/completions "HTTP/1.1 200 OK"
2026-08-17 17:38:34,054 - INFO - HTTP Request: POST http://localhost:8005/v1/chat/completions "HTTP/1.1 200 OK"
2026-08-17 17:38:37,199 - INFO - HTTP Request: POST http://localhost:8005/v1/chat/completions "HTTP/1.1 200 OK"
2026-08-17 17:38:41,551 - INFO - HTTP Request: POST http://localhost:8005/v1/chat/completions "HTTP/1.1 200 OK"

2026-08-17 17:38:43,513 - INFO - HTTP Request: POST http://localhost:8005/v1/chat/completions "HTTP/1.1 200 OK"

2026-08-17 17:38:50,051 - INFO - HTTP Request: POST http://localhost:8005/v1/chat/completions "HTTP/1.1 200 OK"

2026-08-17 17:38:50,052 - INFO - HTTP Request: POST http://localhost:8005/v1/chat/completions "HTTP/1.1 200 OK"

2026-08-17 17:39:01,561 - INFO - HTTP Request: POST http://localhost:8005/v1/chat/completions "HTTP/1.1 200 OK"
2026-08-17 17:39:02,932 - INFO - HTTP Request: POST http://localhost:8005/v1/chat/completions "HTTP/1.1 200 OK"
2026-08-17 17:39:10,253 - INFO - HTTP Request: POST http://localhost:8005/v1/chat/completions "HTTP/1.1 200 OK"
2026-08-17 17:39:10,976 - INFO - HTTP Request: POST http://localhost:8005/v1/chat/completions "HTTP/1.1 200 OK"

2026-08-17 17:39:13,409 - INFO - HTTP Request: POST http://localhost:8005/v1/chat/completions "HTTP/1.1 200 OK"

2026-08-17 17:39:19,282 - INFO - HTTP Request: POST http://localhost:8005/v1/chat/completions "HTTP/1.1 200 OK"
2026-08-17 17:39:25,087 - INFO - HTTP Request: POST http://localhost:8005/v1/chat/completions "HTTP/1.1 200 OK"

2026-08-17 17:39:34,870 - INFO - HTTP Request: POST http://localhost:8005/v1/chat/completions "HTTP/1.1 200 OK"

2026-08-17 17:39:40,300 - INFO - HTTP Request: POST http://localhost:8005/v1/chat/completions "HTTP/1.1 200 OK"
2026-08-17 17:39:42,310 - INFO - HTTP Request: POST http://localhost:8005/v1/chat/completions "HTTP/1.1 200 OK"
2026-08-17 17:39:54,423 - INFO - HTTP Request: POST http://localhost:8005/v1/chat/completions "HTTP/1.1 200 OK"
2026-08-17 17:39:55,403 - INFO - HTTP Request: POST http://localhost:8005/v1/chat/completions "HTTP/1.1 200 OK"

2026-08-17 17:39:55,404 - INFO - HTTP Request: POST http://localhost:8005/v1/chat/completions "HTTP/1.1 200 OK"
2026-08-17 17:39:55,620 - INFO - HTTP Request: POST http://localhost:8005/v1/chat/completions "HTTP/1.1 200 OK"

2026-08-17 17:40:08,250 - INFO - HTTP Request: POST http://localhost:8005/v1/chat/completions "HTTP/1.1 200 OK"

2026-08-17 17:40:08,468 - INFO - HTTP Request: POST http://localhost:8005/v1/chat/completions "HTTP/1.1 200 OK"

2026-08-17 17:40:15,636 - INFO - HTTP Request: POST http://localhost:8005/v1/chat/completions "HTTP/1.1 200 OK"
2026-08-17 17:40:28,397 - INFO - HTTP Request: POST http://localhost:8005/v1/chat/completions "HTTP/1.1 200 OK"
2026-08-17 17:40:28,398 - INFO - HTTP Request: POST http://localhost:8005/v1/chat/completions "HTTP/1.1 200 OK"

2026-08-17 17:40:37,814 - INFO - HTTP Request: POST http://localhost:8005/v1/chat/completions "HTTP/1.1 200 OK"
2026-08-17 17:40:38,249 - INFO - HTTP Request: POST http://localhost:8005/v1/chat/completions "HTTP/1.1 200 OK"

r0_cfg47:  66%|██████▌   | 33/50 [52:15<34:30, 121.78s/it]2026-08-17 17:40:41,299 - INFO - HTTP Request: POST http://localhost:8005/v1/chat/completions "HTTP/1.1 200 OK"
2026-08-17 17:40:51,206 - INFO - HTTP Request: POST http://localhost:8005/v1/chat/completions "HTTP/1.1 200 OK"

2026-08-17 17:40:54,916 - INFO - HTTP Request: POST http://localhost:8005/v1/chat/completions "HTTP/1.1 200 OK"

r0_cfg47:  68%|██████▊   | 34/50 [52:32<24:03, 90.25s/it] 2026-08-17 17:40:58,177 - INFO - HTTP Request: POST http://localhost:8005/v1/chat/completions "HTTP/1.1 200 OK"
2026-08-17 17:41:00,712 - INFO - HTTP Request: POST http://localhost:8005/v1/chat/completions "HTTP/1.1 200 OK"
2026-08-17 17:41:11,921 - INFO - HTTP Request: POST http://localhost:8005/v1/chat/completions "HTTP/1.1 200 OK"

2026-08-17 17:41:15,403 - INFO - HTTP Request: POST http://localhost:8005/v1/chat/completions "HTTP/1.1 200 OK"

2026-08-17 17:41:17,366 - INFO - HTTP Request: POST http://localhost:8005/v1/chat/completions "HTTP/1.1 200 OK"
2026-08-17 17:41:24,625 - INFO - HTTP Request: POST http://localhost:8005/v1/chat/completions "HTTP/1.1 200 OK"
2026-08-17 17:41:30,069 - INFO - HTTP Request: POST http://localhost:8005/v1/chat/completions "HTTP/1.1 200 OK"

2026-08-17 17:41:38,555 - INFO - HTTP Request: POST http://localhost:8005/v1/chat/completions "HTTP/1.1 200 OK"
2026-08-17 17:41:45,464 - INFO - HTTP Request: POST http://localhost:8005/v1/chat/completions "HTTP/1.1 200 OK"

r0_cfg47:  70%|███████   | 35/50 [53:22<19:35, 78.34s/it]2026-08-17 17:41:48,731 - INFO - HTTP Request: POST http://localhost:8005/v1/chat/completions "HTTP/1.1 200 OK"
2026-08-17 17:41:51,053 - INFO - HTTP Request: POST http://localhost:8005/v1/chat/completions "HTTP/1.1 200 OK"

2026-08-17 17:41:56,705 - INFO - HTTP Request: POST http://localhost:8005/v1/chat/completions "HTTP/1.1 200 OK"
2026-08-17 17:42:01,794 - INFO - HTTP Request: POST http://localhost:8005/v1/chat/completions "HTTP/1.1 200 OK"

r0_cfg47:  72%|███████▏  | 36/50 [53:38<13:56, 59.74s/it]2026-08-17 17:42:07,883 - INFO - HTTP Request: POST http://localhost:8005/v1/chat/completions "HTTP/1.1 200 OK"
2026-08-17 17:42:11,587 - INFO - HTTP Request: POST http://localhost:8005/v1/chat/completions "HTTP/1.1 200 OK"

2026-08-17 17:42:15,936 - INFO - HTTP Request: POST http://localhost:8005/v1/chat/completions "HTTP/1.1 200 OK"
2026-08-17 17:42:19,312 - INFO - HTTP Request: POST http://localhost:8005/v1/chat/completions "HTTP/1.1 200 OK"

2026-08-17 17:42:24,318 - INFO - HTTP Request: POST http://localhost:8005/v1/chat/completions "HTTP/1.1 200 OK"
2026-08-17 17:42:30,521 - INFO - HTTP Request: POST http://localhost:8005/v1/chat/completions "HTTP/1.1 200 OK"

2026-08-17 17:42:35,535 - INFO - HTTP Request: POST http://localhost:8005/v1/chat/completions "HTTP/1.1 200 OK"
2026-08-17 17:42:41,285 - INFO - HTTP Request: POST http://localhost:8005/v1/chat/completions "HTTP/1.1 200 OK"

2026-08-17 17:42:46,071 - INFO - HTTP Request: POST http://localhost:8005/v1/chat/completions "HTTP/1.1 200 OK"
2026-08-17 17:42:49,779 - INFO - HTTP Request: POST http://localhost:8005/v1/chat/completions "HTTP/1.1 200 OK"

2026-08-17 17:42:55,223 - INFO - HTTP Request: POST http://localhost:8005/v1/chat/completions "HTTP/1.1 200 OK"
2026-08-17 17:42:57,723 - INFO - HTTP Request: POST http://localhost:8005/v1/chat/completions "HTTP/1.1 200 OK"

2026-08-17 17:43:07,735 - INFO - HTTP Request: POST http://localhost:8005/v1/chat/completions "HTTP/1.1 200 OK"

2026-08-17 17:43:07,952 - INFO - HTTP Request: POST http://localhost:8005/v1/chat/completions "HTTP/1.1 200 OK"
2026-08-17 17:43:13,944 - INFO - HTTP Request: POST http://localhost:8005/v1/chat/completions "HTTP/1.1 200 OK"
2026-08-17 17:43:20,209 - INFO - HTTP Request: POST http://localhost:8005/v1/chat/completions "HTTP/1.1 200 OK"

2026-08-17 17:43:22,821 - INFO - HTTP Request: POST http://localhost:8005/v1/chat/completions "HTTP/1.1 200 OK"
2026-08-17 17:43:27,397 - INFO - HTTP Request: POST http://localhost:8005/v1/chat/completions "HTTP/1.1 200 OK"

2026-08-17 17:43:28,494 - INFO - HTTP Request: POST http://localhost:8005/v1/chat/completions "HTTP/1.1 200 OK"
2026-08-17 17:43:36,660 - INFO - HTTP Request: POST http://localhost:8005/v1/chat/completions "HTTP/1.1 200 OK"

2026-08-17 17:43:41,455 - INFO - HTTP Request: POST http://localhost:8005/v1/chat/completions "HTTP/1.1 200 OK"

2026-08-17 17:43:45,150 - INFO - HTTP Request: POST http://localhost:8005/v1/chat/completions "HTTP/1.1 200 OK"
2026-08-17 17:43:47,868 - INFO - HTTP Request: POST http://localhost:8005/v1/chat/completions "HTTP/1.1 200 OK"
2026-08-17 17:43:57,320 - INFO - HTTP Request: POST http://localhost:8005/v1/chat/completions "HTTP/1.1 200 OK"

2026-08-17 17:43:58,634 - INFO - HTTP Request: POST http://localhost:8005/v1/chat/completions "HTTP/1.1 200 OK"

2026-08-17 17:44:01,243 - INFO - HTTP Request: POST http://localhost:8005/v1/chat/completions "HTTP/1.1 200 OK"
2026-08-17 17:44:11,033 - INFO - HTTP Request: POST http://localhost:8005/v1/chat/completions "HTTP/1.1 200 OK"
2026-08-17 17:44:14,404 - INFO - HTTP Request: POST http://localhost:8005/v1/chat/completions "HTTP/1.1 200 OK"

2026-08-17 17:44:21,377 - INFO - HTTP Request: POST http://localhost:8005/v1/chat/completions "HTTP/1.1 200 OK"
2026-08-17 17:44:24,749 - INFO - HTTP Request: POST http://localhost:8005/v1/chat/completions "HTTP/1.1 200 OK"

2026-08-17 17:44:28,233 - INFO - HTTP Request: POST http://localhost:8005/v1/chat/completions "HTTP/1.1 200 OK"
2026-08-17 17:44:34,415 - INFO - HTTP Request: POST http://localhost:8005/v1/chat/completions "HTTP/1.1 200 OK"
2026-08-17 17:44:34,850 - INFO - HTTP Request: POST http://localhost:8005/v1/chat/completions "HTTP/1.1 200 OK"

2026-08-17 17:44:38,788 - INFO - HTTP Request: POST http://localhost:8005/v1/chat/completions "HTTP/1.1 200 OK"

2026-08-17 17:44:44,006 - INFO - HTTP Request: POST http://localhost:8005/v1/chat/completions "HTTP/1.1 200 OK"

2026-08-17 17:44:45,311 - INFO - HTTP Request: POST http://localhost:8005/v1/chat/completions "HTTP/1.1 200 OK"
2026-08-17 17:44:55,217 - INFO - HTTP Request: POST http://localhost:8005/v1/chat/completions "HTTP/1.1 200 OK"
2026-08-17 17:44:56,412 - INFO - HTTP Request: POST http://localhost:8005/v1/chat/completions "HTTP/1.1 200 OK"

2026-08-17 17:44:59,462 - INFO - HTTP Request: POST http://localhost:8005/v1/chat/completions "HTTP/1.1 200 OK"
2026-08-17 17:45:06,521 - INFO - HTTP Request: POST http://localhost:8005/v1/chat/completions "HTTP/1.1 200 OK"

2026-08-17 17:45:13,487 - INFO - HTTP Request: POST http://localhost:8005/v1/chat/completions "HTTP/1.1 200 OK"

2026-08-17 17:45:13,705 - INFO - HTTP Request: POST http://localhost:8005/v1/chat/completions "HTTP/1.1 200 OK"
2026-08-17 17:45:22,850 - INFO - HTTP Request: POST http://localhost:8005/v1/chat/completions "HTTP/1.1 200 OK"

2026-08-17 17:45:26,111 - INFO - HTTP Request: POST http://localhost:8005/v1/chat/completions "HTTP/1.1 200 OK"
2026-08-17 17:45:35,802 - INFO - HTTP Request: POST http://localhost:8005/v1/chat/completions "HTTP/1.1 200 OK"
2026-08-17 17:45:42,229 - INFO - HTTP Request: POST http://localhost:8005/v1/chat/completions "HTTP/1.1 200 OK"

2026-08-17 17:45:43,546 - INFO - HTTP Request: POST http://localhost:8005/v1/chat/completions "HTTP/1.1 200 OK"
2026-08-17 17:45:43,547 - INFO - HTTP Request: POST http://localhost:8005/v1/chat/completions "HTTP/1.1 200 OK"
2026-08-17 17:45:49,968 - INFO - HTTP Request: POST http://localhost:8005/v1/chat/completions "HTTP/1.1 200 OK"

2026-08-17 17:45:56,070 - INFO - HTTP Request: POST http://localhost:8005/v1/chat/completions "HTTP/1.1 200 OK"

2026-08-17 17:45:56,944 - INFO - HTTP Request: POST http://localhost:8005/v1/chat/completions "HTTP/1.1 200 OK"

2026-08-17 17:46:09,994 - INFO - HTTP Request: POST http://localhost:8005/v1/chat/completions "HTTP/1.1 200 OK"
2026-08-17 17:46:15,761 - INFO - HTTP Request: POST http://localhost:8005/v1/chat/completions "HTTP/1.1 200 OK"
2026-08-17 17:46:25,901 - INFO - HTTP Request: POST http://localhost:8005/v1/chat/completions "HTTP/1.1 200 OK"
2026-08-17 17:46:26,337 - INFO - HTTP Request: POST http://localhost:8005/v1/chat/completions "HTTP/1.1 200 OK"

2026-08-17 17:46:27,654 - INFO - HTTP Request: POST http://localhost:8005/v1/chat/completions "HTTP/1.1 200 OK"

r0_cfg47:  74%|███████▍  | 37/50 [58:04<26:20, 121.57s/it]2026-08-17 17:46:30,921 - INFO - HTTP Request: POST http://localhost:8005/v1/chat/completions "HTTP/1.1 200 OK"
2026-08-17 17:46:39,287 - INFO - HTTP Request: POST http://localhost:8005/v1/chat/completions "HTTP/1.1 200 OK"

2026-08-17 17:46:47,567 - INFO - HTTP Request: POST http://localhost:8005/v1/chat/completions "HTTP/1.1 200 OK"

r0_cfg47:  76%|███████▌  | 38/50 [58:24<18:12, 91.08s/it] 2026-08-17 17:46:49,959 - INFO - HTTP Request: POST http://localhost:8005/v1/chat/completions "HTTP/1.1 200 OK"
2026-08-17 17:46:56,373 - INFO - HTTP Request: POST http://localhost:8005/v1/chat/completions "HTTP/1.1 200 OK"
2026-08-17 17:47:01,926 - INFO - HTTP Request: POST http://localhost:8005/v1/chat/completions "HTTP/1.1 200 OK"

2026-08-17 17:47:10,202 - INFO - HTTP Request: POST http://localhost:8005/v1/chat/completions "HTTP/1.1 200 OK"
2026-08-17 17:47:11,621 - INFO - HTTP Request: POST http://localhost:8005/v1/chat/completions "HTTP/1.1 200 OK"
2026-08-17 17:47:12,378 - INFO - HTTP Request: POST http://localhost:8005/v1/chat/completions "HTTP/1.1 200 OK"

2026-08-17 17:47:22,254 - INFO - HTTP Request: POST http://localhost:8005/v1/chat/completions "HTTP/1.1 200 OK"

r0_cfg47:  78%|███████▊  | 39/50 [58:59<13:35, 74.16s/it]2026-08-17 17:47:24,650 - INFO - HTTP Request: POST http://localhost:8005/v1/chat/completions "HTTP/1.1 200 OK"

2026-08-17 17:47:28,780 - INFO - HTTP Request: POST http://localhost:8005/v1/chat/completions "HTTP/1.1 200 OK"
2026-08-17 17:47:40,423 - INFO - HTTP Request: POST http://localhost:8005/v1/chat/completions "HTTP/1.1 200 OK"

2026-08-17 17:47:44,554 - INFO - HTTP Request: POST http://localhost:8005/v1/chat/completions "HTTP/1.1 200 OK"
2026-08-17 17:47:46,238 - INFO - HTTP Request: POST http://localhost:8005/v1/chat/completions "HTTP/1.1 200 OK"
2026-08-17 17:47:51,792 - INFO - HTTP Request: POST http://localhost:8005/v1/chat/completions "HTTP/1.1 200 OK"
2026-08-17 17:47:54,792 - INFO - HTTP Request: POST http://localhost:8005/v1/chat/completions "HTTP/1.1 200 OK"

2026-08-17 17:47:57,846 - INFO - HTTP Request: POST http://localhost:8005/v1/chat/completions "HTTP/1.1 200 OK"

r0_cfg47:  80%|████████  | 40/50 [59:34<10:25, 62.59s/it]2026-08-17 17:48:05,680 - INFO - HTTP Request: POST http://localhost:8005/v1/chat/completions "HTTP/1.1 200 OK"

2026-08-17 17:48:05,897 - INFO - HTTP Request: POST http://localhost:8005/v1/chat/completions "HTTP/1.1 200 OK"
2026-08-17 17:48:17,103 - INFO - HTTP Request: POST http://localhost:8005/v1/chat/completions "HTTP/1.1 200 OK"

2026-08-17 17:48:20,153 - INFO - HTTP Request: POST http://localhost:8005/v1/chat/completions "HTTP/1.1 200 OK"
2026-08-17 17:48:21,562 - INFO - HTTP Request: POST http://localhost:8005/v1/chat/completions "HTTP/1.1 200 OK"
2026-08-17 17:48:30,006 - INFO - HTTP Request: POST http://localhost:8005/v1/chat/completions "HTTP/1.1 200 OK"
2026-08-17 17:48:32,349 - INFO - HTTP Request: POST http://localhost:8005/v1/chat/completions "HTTP/1.1 200 OK"

2026-08-17 17:48:35,403 - INFO - HTTP Request: POST http://localhost:8005/v1/chat/completions "HTTP/1.1 200 OK"

2026-08-17 17:48:42,150 - INFO - HTTP Request: POST http://localhost:8005/v1/chat/completions "HTTP/1.1 200 OK"
2026-08-17 17:48:44,865 - INFO - HTTP Request: POST http://localhost:8005/v1/chat/completions "HTTP/1.1 200 OK"

2026-08-17 17:48:54,663 - INFO - HTTP Request: POST http://localhost:8005/v1/chat/completions "HTTP/1.1 200 OK"

2026-08-17 17:48:58,799 - INFO - HTTP Request: POST http://localhost:8005/v1/chat/completions "HTTP/1.1 200 OK"
2026-08-17 17:49:00,482 - INFO - HTTP Request: POST http://localhost:8005/v1/chat/completions "HTTP/1.1 200 OK"
2026-08-17 17:49:09,580 - INFO - HTTP Request: POST http://localhost:8005/v1/chat/completions "HTTP/1.1 200 OK"
2026-08-17 17:49:14,489 - INFO - HTTP Request: POST http://localhost:8005/v1/chat/completions "HTTP/1.1 200 OK"

2026-08-17 17:49:15,582 - INFO - HTTP Request: POST http://localhost:8005/v1/chat/completions "HTTP/1.1 200 OK"
2026-08-17 17:49:15,800 - INFO - HTTP Request: POST http://localhost:8005/v1/chat/completions "HTTP/1.1 200 OK"

2026-08-17 17:49:22,670 - INFO - HTTP Request: POST http://localhost:8005/v1/chat/completions "HTTP/1.1 200 OK"

2026-08-17 17:49:25,507 - INFO - HTTP Request: POST http://localhost:8005/v1/chat/completions "HTTP/1.1 200 OK"

2026-08-17 17:49:39,196 - INFO - HTTP Request: POST http://localhost:8005/v1/chat/completions "HTTP/1.1 200 OK"
2026-08-17 17:49:40,394 - INFO - HTTP Request: POST http://localhost:8005/v1/chat/completions "HTTP/1.1 200 OK"
2026-08-17 17:49:43,171 - INFO - HTTP Request: POST http://localhost:8005/v1/chat/completions "HTTP/1.1 200 OK"
2026-08-17 17:49:53,366 - INFO - HTTP Request: POST http://localhost:8005/v1/chat/completions "HTTP/1.1 200 OK"

2026-08-17 17:49:55,339 - INFO - HTTP Request: POST http://localhost:8005/v1/chat/completions "HTTP/1.1 200 OK"
2026-08-17 17:49:55,340 - INFO - HTTP Request: POST http://localhost:8005/v1/chat/completions "HTTP/1.1 200 OK"

2026-08-17 17:49:57,620 - INFO - HTTP Request: POST http://localhost:8005/v1/chat/completions "HTTP/1.1 200 OK"

2026-08-17 17:50:08,498 - INFO - HTTP Request: POST http://localhost:8005/v1/chat/completions "HTTP/1.1 200 OK"

2026-08-17 17:50:13,496 - INFO - HTTP Request: POST http://localhost:8005/v1/chat/completions "HTTP/1.1 200 OK"
2026-08-17 17:50:19,533 - INFO - HTTP Request: POST http://localhost:8005/v1/chat/completions "HTTP/1.1 200 OK"
2026-08-17 17:50:23,996 - INFO - HTTP Request: POST http://localhost:8005/v1/chat/completions "HTTP/1.1 200 OK"

2026-08-17 17:50:27,046 - INFO - HTTP Request: POST http://localhost:8005/v1/chat/completions "HTTP/1.1 200 OK"
2026-08-17 17:50:29,549 - INFO - HTTP Request: POST http://localhost:8005/v1/chat/completions "HTTP/1.1 200 OK"
2026-08-17 17:50:32,712 - INFO - HTTP Request: POST http://localhost:8005/v1/chat/completions "HTTP/1.1 200 OK"

2026-08-17 17:50:41,220 - INFO - HTTP Request: POST http://localhost:8005/v1/chat/completions "HTTP/1.1 200 OK"

2026-08-17 17:50:41,655 - INFO - HTTP Request: POST http://localhost:8005/v1/chat/completions "HTTP/1.1 200 OK"

2026-08-17 17:50:52,525 - INFO - HTTP Request: POST http://localhost:8005/v1/chat/completions "HTTP/1.1 200 OK"
2026-08-17 17:50:53,722 - INFO - HTTP Request: POST http://localhost:8005/v1/chat/completions "HTTP/1.1 200 OK"
2026-08-17 17:51:02,381 - INFO - HTTP Request: POST http://localhost:8005/v1/chat/completions "HTTP/1.1 200 OK"
2026-08-17 17:51:04,507 - INFO - HTTP Request: POST http://localhost:8005/v1/chat/completions "HTTP/1.1 200 OK"

2026-08-17 17:51:06,907 - INFO - HTTP Request: POST http://localhost:8005/v1/chat/completions "HTTP/1.1 200 OK"

2026-08-17 17:51:11,481 - INFO - HTTP Request: POST http://localhost:8005/v1/chat/completions "HTTP/1.1 200 OK"
2026-08-17 17:51:16,601 - INFO - HTTP Request: POST http://localhost:8005/v1/chat/completions "HTTP/1.1 200 OK"

2026-08-17 17:51:24,875 - INFO - HTTP Request: POST http://localhost:8005/v1/chat/completions "HTTP/1.1 200 OK"
2026-08-17 17:51:25,911 - INFO - HTTP Request: POST http://localhost:8005/v1/chat/completions "HTTP/1.1 200 OK"

2026-08-17 17:51:36,367 - INFO - HTTP Request: POST http://localhost:8005/v1/chat/completions "HTTP/1.1 200 OK"
2026-08-17 17:51:39,525 - INFO - HTTP Request: POST http://localhost:8005/v1/chat/completions "HTTP/1.1 200 OK"

2026-08-17 17:51:46,491 - INFO - HTTP Request: POST http://localhost:8005/v1/chat/completions "HTTP/1.1 200 OK"
2026-08-17 17:51:50,141 - INFO - HTTP Request: POST http://localhost:8005/v1/chat/completions "HTTP/1.1 200 OK"

2026-08-17 17:51:59,068 - INFO - HTTP Request: POST http://localhost:8005/v1/chat/completions "HTTP/1.1 200 OK"
2026-08-17 17:51:59,286 - INFO - HTTP Request: POST http://localhost:8005/v1/chat/completions "HTTP/1.1 200 OK"

2026-08-17 17:52:09,417 - INFO - HTTP Request: POST http://localhost:8005/v1/chat/completions "HTTP/1.1 200 OK"
2026-08-17 17:52:10,888 - INFO - HTTP Request: POST http://localhost:8005/v1/chat/completions "HTTP/1.1 200 OK"
2026-08-17 17:52:14,543 - INFO - HTTP Request: POST http://localhost:8005/v1/chat/completions "HTTP/1.1 200 OK"

r0_cfg47:  82%|████████▏ | 41/50 [1:03:51<18:07, 120.82s/it]2026-08-17 17:52:25,880 - INFO - HTTP Request: POST http://localhost:8005/v1/chat/completions "HTTP/1.1 200 OK"

2026-08-17 17:52:26,978 - INFO - HTTP Request: POST http://localhost:8005/v1/chat/completions "HTTP/1.1 200 OK"

2026-08-17 17:52:33,499 - INFO - HTTP Request: POST http://localhost:8005/v1/chat/completions "HTTP/1.1 200 OK"
2026-08-17 17:52:36,928 - INFO - HTTP Request: POST http://localhost:8005/v1/chat/completions "HTTP/1.1 200 OK"
2026-08-17 17:52:49,023 - INFO - HTTP Request: POST http://localhost:8005/v1/chat/completions "HTTP/1.1 200 OK"

2026-08-17 17:52:51,204 - INFO - HTTP Request: POST http://localhost:8005/v1/chat/completions "HTTP/1.1 200 OK"

r0_cfg47:  84%|████████▍ | 42/50 [1:04:28<12:44, 95.57s/it] 2026-08-17 17:52:56,857 - INFO - HTTP Request: POST http://localhost:8005/v1/chat/completions "HTTP/1.1 200 OK"
2026-08-17 17:53:00,013 - INFO - HTTP Request: POST http://localhost:8005/v1/chat/completions "HTTP/1.1 200 OK"
2026-08-17 17:53:09,983 - INFO - HTTP Request: POST http://localhost:8005/v1/chat/completions "HTTP/1.1 200 OK"

2026-08-17 17:53:11,734 - INFO - HTTP Request: POST http://localhost:8005/v1/chat/completions "HTTP/1.1 200 OK"

r0_cfg47:  86%|████████▌ | 43/50 [1:04:48<08:31, 73.06s/it]2026-08-17 17:53:13,908 - INFO - HTTP Request: POST http://localhost:8005/v1/chat/completions "HTTP/1.1 200 OK"
2026-08-17 17:53:16,186 - INFO - HTTP Request: POST http://localhost:8005/v1/chat/completions "HTTP/1.1 200 OK"
2026-08-17 17:53:28,060 - INFO - HTTP Request: POST http://localhost:8005/v1/chat/completions "HTTP/1.1 200 OK"

2026-08-17 17:53:31,327 - INFO - HTTP Request: POST http://localhost:8005/v1/chat/completions "HTTP/1.1 200 OK"

2026-08-17 17:53:34,371 - INFO - HTTP Request: POST http://localhost:8005/v1/chat/completions "HTTP/1.1 200 OK"
2026-08-17 17:53:43,399 - INFO - HTTP Request: POST http://localhost:8005/v1/chat/completions "HTTP/1.1 200 OK"
2026-08-17 17:53:49,609 - INFO - HTTP Request: POST http://localhost:8005/v1/chat/completions "HTTP/1.1 200 OK"

2026-08-17 17:53:53,094 - INFO - HTTP Request: POST http://localhost:8005/v1/chat/completions "HTTP/1.1 200 OK"
2026-08-17 17:53:58,429 - INFO - HTTP Request: POST http://localhost:8005/v1/chat/completions "HTTP/1.1 200 OK"
2026-08-17 17:53:58,430 - INFO - HTTP Request: POST http://localhost:8005/v1/chat/completions "HTTP/1.1 200 OK"

r0_cfg47:  88%|████████▊ | 44/50 [1:05:35<06:30, 65.15s/it]2026-08-17 17:54:05,724 - INFO - HTTP Request: POST http://localhost:8005/v1/chat/completions "HTTP/1.1 200 OK"

2026-08-17 17:54:12,043 - INFO - HTTP Request: POST http://localhost:8005/v1/chat/completions "HTTP/1.1 200 OK"

2026-08-17 17:54:16,390 - INFO - HTTP Request: POST http://localhost:8005/v1/chat/completions "HTTP/1.1 200 OK"
2026-08-17 17:54:20,847 - INFO - HTTP Request: POST http://localhost:8005/v1/chat/completions "HTTP/1.1 200 OK"
2026-08-17 17:54:29,668 - INFO - HTTP Request: POST http://localhost:8005/v1/chat/completions "HTTP/1.1 200 OK"

2026-08-17 17:54:30,541 - INFO - HTTP Request: POST http://localhost:8005/v1/chat/completions "HTTP/1.1 200 OK"
2026-08-17 17:54:32,169 - INFO - HTTP Request: POST http://localhost:8005/v1/chat/completions "HTTP/1.1 200 OK"

2026-08-17 17:54:36,303 - INFO - HTTP Request: POST http://localhost:8005/v1/chat/completions "HTTP/1.1 200 OK"
2026-08-17 17:54:43,599 - INFO - HTTP Request: POST http://localhost:8005/v1/chat/completions "HTTP/1.1 200 OK"

2026-08-17 17:54:48,394 - INFO - HTTP Request: POST http://localhost:8005/v1/chat/completions "HTTP/1.1 200 OK"

2026-08-17 17:54:54,701 - INFO - HTTP Request: POST http://localhost:8005/v1/chat/completions "HTTP/1.1 200 OK"
2026-08-17 17:54:58,940 - INFO - HTTP Request: POST http://localhost:8005/v1/chat/completions "HTTP/1.1 200 OK"
2026-08-17 17:55:04,060 - INFO - HTTP Request: POST http://localhost:8005/v1/chat/completions "HTTP/1.1 200 OK"
2026-08-17 17:55:09,622 - INFO - HTTP Request: POST http://localhost:8005/v1/chat/completions "HTTP/1.1 200 OK"

2026-08-17 17:55:09,840 - INFO - HTTP Request: POST http://localhost:8005/v1/chat/completions "HTTP/1.1 200 OK"

2026-08-17 17:55:13,325 - INFO - HTTP Request: POST http://localhost:8005/v1/chat/completions "HTTP/1.1 200 OK"
2026-08-17 17:55:14,733 - INFO - HTTP Request: POST http://localhost:8005/v1/chat/completions "HTTP/1.1 200 OK"

2026-08-17 17:55:25,830 - INFO - HTTP Request: POST http://localhost:8005/v1/chat/completions "HTTP/1.1 200 OK"

2026-08-17 17:55:33,442 - INFO - HTTP Request: POST http://localhost:8005/v1/chat/completions "HTTP/1.1 200 OK"
2026-08-17 17:55:34,474 - INFO - HTTP Request: POST http://localhost:8005/v1/chat/completions "HTTP/1.1 200 OK"
2026-08-17 17:55:44,227 - INFO - HTTP Request: POST http://localhost:8005/v1/chat/completions "HTTP/1.1 200 OK"
2026-08-17 17:55:46,293 - INFO - HTTP Request: POST http://localhost:8005/v1/chat/completions "HTTP/1.1 200 OK"
2026-08-17 17:55:47,490 - INFO - HTTP Request: POST http://localhost:8005/v1/chat/completions "HTTP/1.1 200 OK"

2026-08-17 17:55:48,809 - INFO - HTTP Request: POST http://localhost:8005/v1/chat/completions "HTTP/1.1 200 OK"

2026-08-17 17:55:57,750 - INFO - HTTP Request: POST http://localhost:8005/v1/chat/completions "HTTP/1.1 200 OK"

2026-08-17 17:55:59,058 - INFO - HTTP Request: POST http://localhost:8005/v1/chat/completions "HTTP/1.1 200 OK"

2026-08-17 17:56:08,618 - INFO - HTTP Request: POST http://localhost:8005/v1/chat/completions "HTTP/1.1 200 OK"
2026-08-17 17:56:11,986 - INFO - HTTP Request: POST http://localhost:8005/v1/chat/completions "HTTP/1.1 200 OK"
2026-08-17 17:56:19,719 - INFO - HTTP Request: POST http://localhost:8005/v1/chat/completions "HTTP/1.1 200 OK"
2026-08-17 17:56:20,918 - INFO - HTTP Request: POST http://localhost:8005/v1/chat/completions "HTTP/1.1 200 OK"

2026-08-17 17:56:24,843 - INFO - HTTP Request: POST http://localhost:8005/v1/chat/completions "HTTP/1.1 200 OK"

2026-08-17 17:56:27,463 - INFO - HTTP Request: POST http://localhost:8005/v1/chat/completions "HTTP/1.1 200 OK"
2026-08-17 17:56:34,972 - INFO - HTTP Request: POST http://localhost:8005/v1/chat/completions "HTTP/1.1 200 OK"

2026-08-17 17:56:36,281 - INFO - HTTP Request: POST http://localhost:8005/v1/chat/completions "HTTP/1.1 200 OK"

2026-08-17 17:56:44,975 - INFO - HTTP Request: POST http://localhost:8005/v1/chat/completions "HTTP/1.1 200 OK"
2026-08-17 17:56:50,310 - INFO - HTTP Request: POST http://localhost:8005/v1/chat/completions "HTTP/1.1 200 OK"
2026-08-17 17:56:54,334 - INFO - HTTP Request: POST http://localhost:8005/v1/chat/completions "HTTP/1.1 200 OK"

2026-08-17 17:56:56,949 - INFO - HTTP Request: POST http://localhost:8005/v1/chat/completions "HTTP/1.1 200 OK"
2026-08-17 17:57:04,900 - INFO - HTTP Request: POST http://localhost:8005/v1/chat/completions "HTTP/1.1 200 OK"

2026-08-17 17:57:05,118 - INFO - HTTP Request: POST http://localhost:8005/v1/chat/completions "HTTP/1.1 200 OK"
2026-08-17 17:57:11,983 - INFO - HTTP Request: POST http://localhost:8005/v1/chat/completions "HTTP/1.1 200 OK"

2026-08-17 17:57:18,734 - INFO - HTTP Request: POST http://localhost:8005/v1/chat/completions "HTTP/1.1 200 OK"

2026-08-17 17:57:23,741 - INFO - HTTP Request: POST http://localhost:8005/v1/chat/completions "HTTP/1.1 200 OK"
2026-08-17 17:57:25,589 - INFO - HTTP Request: POST http://localhost:8005/v1/chat/completions "HTTP/1.1 200 OK"
2026-08-17 17:57:39,210 - INFO - HTTP Request: POST http://localhost:8005/v1/chat/completions "HTTP/1.1 200 OK"

2026-08-17 17:57:41,826 - INFO - HTTP Request: POST http://localhost:8005/v1/chat/completions "HTTP/1.1 200 OK"

2026-08-17 17:57:41,827 - INFO - HTTP Request: POST http://localhost:8005/v1/chat/completions "HTTP/1.1 200 OK"
2026-08-17 17:57:52,818 - INFO - HTTP Request: POST http://localhost:8005/v1/chat/completions "HTTP/1.1 200 OK"
2026-08-17 17:57:55,976 - INFO - HTTP Request: POST http://localhost:8005/v1/chat/completions "HTTP/1.1 200 OK"

2026-08-17 17:57:59,904 - INFO - HTTP Request: POST http://localhost:8005/v1/chat/completions "HTTP/1.1 200 OK"
2026-08-17 17:58:03,065 - INFO - HTTP Request: POST http://localhost:8005/v1/chat/completions "HTTP/1.1 200 OK"

r0_cfg47:  90%|█████████ | 45/50 [1:09:40<09:54, 119.00s/it]2026-08-17 17:58:11,775 - INFO - HTTP Request: POST http://localhost:8005/v1/chat/completions "HTTP/1.1 200 OK"

2026-08-17 17:58:11,994 - INFO - HTTP Request: POST http://localhost:8005/v1/chat/completions "HTTP/1.1 200 OK"
2026-08-17 17:58:25,382 - INFO - HTTP Request: POST http://localhost:8005/v1/chat/completions "HTTP/1.1 200 OK"
2026-08-17 17:58:26,580 - INFO - HTTP Request: POST http://localhost:8005/v1/chat/completions "HTTP/1.1 200 OK"

2026-08-17 17:58:30,073 - INFO - HTTP Request: POST http://localhost:8005/v1/chat/completions "HTTP/1.1 200 OK"
2026-08-17 17:58:37,806 - INFO - HTTP Request: POST http://localhost:8005/v1/chat/completions "HTTP/1.1 200 OK"

2026-08-17 17:58:41,945 - INFO - HTTP Request: POST http://localhost:8005/v1/chat/completions "HTTP/1.1 200 OK"
2026-08-17 17:58:43,363 - INFO - HTTP Request: POST http://localhost:8005/v1/chat/completions "HTTP/1.1 200 OK"

r0_cfg47:  92%|█████████▏| 46/50 [1:10:20<06:21, 95.39s/it] 2026-08-17 17:58:51,637 - INFO - HTTP Request: POST http://localhost:8005/v1/chat/completions "HTTP/1.1 200 OK"

2026-08-17 17:58:59,686 - INFO - HTTP Request: POST http://localhost:8005/v1/chat/completions "HTTP/1.1 200 OK"
2026-08-17 17:59:04,580 - INFO - HTTP Request: POST http://localhost:8005/v1/chat/completions "HTTP/1.1 200 OK"
2026-08-17 17:59:06,051 - INFO - HTTP Request: POST http://localhost:8005/v1/chat/completions "HTTP/1.1 200 OK"
2026-08-17 17:59:15,888 - INFO - HTTP Request: POST http://localhost:8005/v1/chat/completions "HTTP/1.1 200 OK"

r0_cfg47:  94%|█████████▍| 47/50 [1:10:52<03:49, 76.53s/it]2026-08-17 17:59:16,157 - INFO - HTTP Request: POST http://localhost:8005/v1/chat/completions "HTTP/1.1 200 OK"

2026-08-17 17:59:19,803 - INFO - HTTP Request: POST http://localhost:8005/v1/chat/completions "HTTP/1.1 200 OK"

2026-08-17 17:59:25,013 - INFO - HTTP Request: POST http://localhost:8005/v1/chat/completions "HTTP/1.1 200 OK"
2026-08-17 17:59:40,568 - INFO - HTTP Request: POST http://localhost:8005/v1/chat/completions "HTTP/1.1 200 OK"

r0_cfg47:  96%|█████████▌| 48/50 [1:11:17<02:01, 60.97s/it]2026-08-17 17:59:40,834 - INFO - HTTP Request: POST http://localhost:8005/v1/chat/completions "HTTP/1.1 200 OK"
2026-08-17 17:59:46,200 - INFO - HTTP Request: POST http://localhost:8005/v1/chat/completions "HTTP/1.1 200 OK"
2026-08-17 17:59:50,965 - INFO - HTTP Request: POST http://localhost:8005/v1/chat/completions "HTTP/1.1 200 OK"

2026-08-17 17:59:56,647 - INFO - HTTP Request: POST http://localhost:8005/v1/chat/completions "HTTP/1.1 200 OK"

2026-08-17 18:00:14,674 - INFO - HTTP Request: POST http://localhost:8005/v1/chat/completions "HTTP/1.1 200 OK"
2026-08-17 18:00:20,901 - INFO - HTTP Request: POST http://localhost:8005/v1/chat/completions "HTTP/1.1 200 OK"
2026-08-17 18:00:26,608 - INFO - HTTP Request: POST http://localhost:8005/v1/chat/completions "HTTP/1.1 200 OK"

2026-08-17 18:00:34,249 - INFO - HTTP Request: POST http://localhost:8005/v1/chat/completions "HTTP/1.1 200 OK"

2026-08-17 18:00:45,989 - INFO - HTTP Request: POST http://localhost:8005/v1/chat/completions "HTTP/1.1 200 OK"
2026-08-17 18:00:56,618 - INFO - HTTP Request: POST http://localhost:8005/v1/chat/completions "HTTP/1.1 200 OK"

2026-08-17 18:00:57,957 - INFO - HTTP Request: POST http://localhost:8005/v1/chat/completions "HTTP/1.1 200 OK"
2026-08-17 18:01:10,171 - INFO - HTTP Request: POST http://localhost:8005/v1/chat/completions "HTTP/1.1 200 OK"

2026-08-17 18:01:24,954 - INFO - HTTP Request: POST http://localhost:8005/v1/chat/completions "HTTP/1.1 200 OK"
2026-08-17 18:01:29,875 - INFO - HTTP Request: POST http://localhost:8005/v1/chat/completions "HTTP/1.1 200 OK"
2026-08-17 18:01:38,844 - INFO - HTTP Request: POST http://localhost:8005/v1/chat/completions "HTTP/1.1 200 OK"

2026-08-17 18:01:42,358 - INFO - HTTP Request: POST http://localhost:8005/v1/chat/completions "HTTP/1.1 200 OK"

2026-08-17 18:01:58,435 - INFO - HTTP Request: POST http://localhost:8005/v1/chat/completions "HTTP/1.1 200 OK"
2026-08-17 18:02:08,195 - INFO - HTTP Request: POST http://localhost:8005/v1/chat/completions "HTTP/1.1 200 OK"

2026-08-17 18:02:10,835 - INFO - HTTP Request: POST http://localhost:8005/v1/chat/completions "HTTP/1.1 200 OK"
2026-08-17 18:02:26,525 - INFO - HTTP Request: POST http://localhost:8005/v1/chat/completions "HTTP/1.1 200 OK"

2026-08-17 18:02:36,969 - INFO - HTTP Request: POST http://localhost:8005/v1/chat/completions "HTTP/1.1 200 OK"
2026-08-17 18:02:46,512 - INFO - HTTP Request: POST http://localhost:8005/v1/chat/completions "HTTP/1.1 200 OK"
2026-08-17 18:02:48,373 - INFO - HTTP Request: POST http://localhost:8005/v1/chat/completions "HTTP/1.1 200 OK"

2026-08-17 18:02:58,186 - INFO - HTTP Request: POST http://localhost:8005/v1/chat/completions "HTTP/1.1 200 OK"

2026-08-17 18:03:20,556 - INFO - HTTP Request: POST http://localhost:8005/v1/chat/completions "HTTP/1.1 200 OK"
2026-08-17 18:03:27,277 - INFO - HTTP Request: POST http://localhost:8005/v1/chat/completions "HTTP/1.1 200 OK"
2026-08-17 18:03:35,165 - INFO - HTTP Request: POST http://localhost:8005/v1/chat/completions "HTTP/1.1 200 OK"

r0_cfg47:  98%|█████████▊| 49/50 [1:15:12<01:53, 113.06s/it]2026-08-17 18:03:35,969 - INFO - HTTP Request: POST http://localhost:8005/v1/chat/completions "HTTP/1.1 200 OK"

2026-08-17 18:03:41,995 - INFO - HTTP Request: POST http://localhost:8005/v1/chat/completions "HTTP/1.1 200 OK"
2026-08-17 18:03:44,630 - INFO - HTTP Request: POST http://localhost:8005/v1/chat/completions "HTTP/1.1 200 OK"

r0_cfg47: 100%|██████████| 50/50 [1:15:21<00:00, 81.98s/it] r0_cfg47: 100%|██████████| 50/50 [1:15:22<00:00, 90.44s/it]
  done in 4522.0s (valid 50/50, invalid {})

Scored 1 model/s.
Report:  /LAB/Swiss-Knife/tribunal/bayes_search_honesty/eval_results/round0/r0_cfg47/report/index.html
Tables:  /LAB/Swiss-Knife/tribunal/bayes_search_honesty/eval_results/round0/r0_cfg47/model_summary.csv, /LAB/Swiss-Knife/tribunal/bayes_search_honesty/eval_results/round0/r0_cfg47/summary.csv
